target_definition,best_model_pr_auc,naive_persistence_pr_auc,canopy_only_pr_auc,OISST_only_pr_auc,CRW_only_pr_auc,habitat_only_pr_auc,trajectory_pr_auc,best_environment_only_pr_auc,best_model_minus_naive_pr_auc,best_model_minus_canopy_only_pr_auc,best_environment_minus_OISST_pr_auc,CRW_minus_OISST_pr_auc,habitat_minus_CRW_pr_auc,trajectory_minus_canopy_pr_auc,actionable_false_negative_reduction
original_decline,0.9705985744231876,0.8933121498059012,0.8973625711126626,0.8459373329066522,0.8518731025337603,0.8891192822731233,0.8409223374847148,0.9705985744231876,0.07728642461728641,0.07323600331052504,0.12466124151653546,0.005935769627108067,0.03724617973936306,-0.05644023362794781,18.0
at_risk_original,0.8967448506910691,0.8066000896632758,0.8967448506910691,0.8423464080027931,0.5485558939134398,0.7640798578978016,0.6711600834818264,0.8423464080027931,0.09014476102779334,0.0,0.0,-0.2937905140893533,0.2155239639843618,-0.2255847672092427,3.0
new_transition,0.6097958287399281,0.2912463215578931,0.5817344684301206,0.5165830174649281,0.2117091284480015,0.1410490679857781,0.6097958287399281,0.5165830174649281,0.318549507182035,0.028061360309807548,0.0,-0.3048738890169266,-0.0706600604622234,0.028061360309807548,6.0
actionable_drop,0.8027681635684336,0.3964770602034312,0.6502550953086077,0.6907245355302908,0.1839271673328418,0.1709003561834761,0.5722230832954233,0.8027681635684336,0.4062911033650024,0.1525130682598259,0.11204362803814283,-0.5067973681974489,-0.013026811149365713,-0.07803201201318444,8.0
high_canopy_subgroup,0.6572234156820622,0.4438325563325563,0.639655514789734,0.6394859109144824,0.217617501546073,0.6563420239890827,0.6572234156820622,0.6563420239890827,0.2133908593495059,0.01756790089232818,0.016856113074600332,-0.42186840936840936,0.4387245224430097,0.01756790089232818,0.0
