label_target,feature_set,model,split,evaluation_type,year,budget_type,budget_value,k_selected,n_candidates,n_positive,base_prevalence,hits,false_alerts,missed_declines,precision_at_k,recall_at_k,false_discovery_rate_at_k,lift_at_k,expected_random_hits,enrichment_over_random
decline_event_next,canopy_noaa,LightGBM,test,annual_topk,2021.0,fixed_k,1.0,1,50,24,0.48,1,0,23,1.0,0.041666666666666664,0.0,2.0833333333333335,0.48,2.0833333333333335
decline_event_next,canopy_noaa,LightGBM,test,annual_topk,2021.0,fixed_k,3.0,3,50,24,0.48,3,0,21,1.0,0.125,0.0,2.0833333333333335,1.44,2.0833333333333335
decline_event_next,canopy_noaa,LightGBM,test,annual_topk,2021.0,fixed_k,5.0,5,50,24,0.48,5,0,19,1.0,0.20833333333333334,0.0,2.0833333333333335,2.4,2.0833333333333335
decline_event_next,canopy_noaa,LightGBM,test,annual_topk,2021.0,fixed_k,10.0,10,50,24,0.48,10,0,14,1.0,0.4166666666666667,0.0,2.0833333333333335,4.8,2.0833333333333335
decline_event_next,canopy_noaa,LightGBM,test,annual_topk,2021.0,fixed_k,15.0,15,50,24,0.48,12,3,12,0.8,0.5,0.2,1.6666666666666667,7.199999999999999,1.6666666666666667
decline_event_next,canopy_noaa,LightGBM,test,annual_topk,2021.0,fixed_k,20.0,20,50,24,0.48,14,6,10,0.7,0.5833333333333334,0.3,1.4583333333333333,9.6,1.4583333333333335
decline_event_next,canopy_noaa,LightGBM,test,annual_topk,2021.0,percent,0.1,5,50,24,0.48,5,0,19,1.0,0.20833333333333334,0.0,2.0833333333333335,2.4,2.0833333333333335
decline_event_next,canopy_noaa,LightGBM,test,annual_topk,2021.0,percent,0.2,10,50,24,0.48,10,0,14,1.0,0.4166666666666667,0.0,2.0833333333333335,4.8,2.0833333333333335
decline_event_next,canopy_noaa,LightGBM,test,annual_topk,2021.0,percent,0.3,15,50,24,0.48,12,3,12,0.8,0.5,0.2,1.6666666666666667,7.199999999999999,1.6666666666666667
decline_event_next,canopy_noaa,LightGBM,test,annual_topk,2021.0,percent,0.4,20,50,24,0.48,14,6,10,0.7,0.5833333333333334,0.3,1.4583333333333333,9.6,1.4583333333333335
decline_event_next,canopy_noaa,LightGBM,test,annual_topk,2021.0,percent,0.5,25,50,24,0.48,17,8,7,0.68,0.7083333333333334,0.32,1.4166666666666667,12.0,1.4166666666666667
decline_event_next,canopy_noaa,LightGBM,test,annual_topk,2022.0,fixed_k,1.0,1,50,42,0.84,1,0,41,1.0,0.023809523809523808,0.0,1.1904761904761905,0.84,1.1904761904761905
decline_event_next,canopy_noaa,LightGBM,test,annual_topk,2022.0,fixed_k,3.0,3,50,42,0.84,3,0,39,1.0,0.07142857142857142,0.0,1.1904761904761905,2.52,1.1904761904761905
decline_event_next,canopy_noaa,LightGBM,test,annual_topk,2022.0,fixed_k,5.0,5,50,42,0.84,5,0,37,1.0,0.11904761904761904,0.0,1.1904761904761905,4.2,1.1904761904761905
decline_event_next,canopy_noaa,LightGBM,test,annual_topk,2022.0,fixed_k,10.0,10,50,42,0.84,10,0,32,1.0,0.23809523809523808,0.0,1.1904761904761905,8.4,1.1904761904761905
decline_event_next,canopy_noaa,LightGBM,test,annual_topk,2022.0,fixed_k,15.0,15,50,42,0.84,15,0,27,1.0,0.35714285714285715,0.0,1.1904761904761905,12.6,1.1904761904761905
decline_event_next,canopy_noaa,LightGBM,test,annual_topk,2022.0,fixed_k,20.0,20,50,42,0.84,20,0,22,1.0,0.47619047619047616,0.0,1.1904761904761905,16.8,1.1904761904761905
decline_event_next,canopy_noaa,LightGBM,test,annual_topk,2022.0,percent,0.1,5,50,42,0.84,5,0,37,1.0,0.11904761904761904,0.0,1.1904761904761905,4.2,1.1904761904761905
decline_event_next,canopy_noaa,LightGBM,test,annual_topk,2022.0,percent,0.2,10,50,42,0.84,10,0,32,1.0,0.23809523809523808,0.0,1.1904761904761905,8.4,1.1904761904761905
decline_event_next,canopy_noaa,LightGBM,test,annual_topk,2022.0,percent,0.3,15,50,42,0.84,15,0,27,1.0,0.35714285714285715,0.0,1.1904761904761905,12.6,1.1904761904761905
decline_event_next,canopy_noaa,LightGBM,test,annual_topk,2022.0,percent,0.4,20,50,42,0.84,20,0,22,1.0,0.47619047619047616,0.0,1.1904761904761905,16.8,1.1904761904761905
decline_event_next,canopy_noaa,LightGBM,test,annual_topk,2022.0,percent,0.5,25,50,42,0.84,23,2,19,0.92,0.5476190476190477,0.08,1.0952380952380953,21.0,1.0952380952380953
decline_event_next,canopy_noaa,LightGBM,test,annual_topk,2023.0,fixed_k,1.0,1,50,37,0.74,1,0,36,1.0,0.02702702702702703,0.0,1.3513513513513513,0.74,1.3513513513513513
decline_event_next,canopy_noaa,LightGBM,test,annual_topk,2023.0,fixed_k,3.0,3,50,37,0.74,3,0,34,1.0,0.08108108108108109,0.0,1.3513513513513513,2.2199999999999998,1.3513513513513515
decline_event_next,canopy_noaa,LightGBM,test,annual_topk,2023.0,fixed_k,5.0,5,50,37,0.74,5,0,32,1.0,0.13513513513513514,0.0,1.3513513513513513,3.7,1.3513513513513513
decline_event_next,canopy_noaa,LightGBM,test,annual_topk,2023.0,fixed_k,10.0,10,50,37,0.74,8,2,29,0.8,0.21621621621621623,0.2,1.0810810810810811,7.4,1.081081081081081
decline_event_next,canopy_noaa,LightGBM,test,annual_topk,2023.0,fixed_k,15.0,15,50,37,0.74,13,2,24,0.8666666666666667,0.35135135135135137,0.13333333333333333,1.1711711711711712,11.1,1.1711711711711712
decline_event_next,canopy_noaa,LightGBM,test,annual_topk,2023.0,fixed_k,20.0,20,50,37,0.74,17,3,20,0.85,0.4594594594594595,0.15,1.1486486486486487,14.8,1.1486486486486487
decline_event_next,canopy_noaa,LightGBM,test,annual_topk,2023.0,percent,0.1,5,50,37,0.74,5,0,32,1.0,0.13513513513513514,0.0,1.3513513513513513,3.7,1.3513513513513513
decline_event_next,canopy_noaa,LightGBM,test,annual_topk,2023.0,percent,0.2,10,50,37,0.74,8,2,29,0.8,0.21621621621621623,0.2,1.0810810810810811,7.4,1.081081081081081
decline_event_next,canopy_noaa,LightGBM,test,annual_topk,2023.0,percent,0.3,15,50,37,0.74,13,2,24,0.8666666666666667,0.35135135135135137,0.13333333333333333,1.1711711711711712,11.1,1.1711711711711712
decline_event_next,canopy_noaa,LightGBM,test,annual_topk,2023.0,percent,0.4,20,50,37,0.74,17,3,20,0.85,0.4594594594594595,0.15,1.1486486486486487,14.8,1.1486486486486487
decline_event_next,canopy_noaa,LightGBM,test,annual_topk,2023.0,percent,0.5,25,50,37,0.74,21,4,16,0.84,0.5675675675675675,0.16,1.135135135135135,18.5,1.135135135135135
decline_event_next,canopy_noaa,LightGBM,test,annual_topk,2024.0,fixed_k,1.0,1,50,31,0.62,1,0,30,1.0,0.03225806451612903,0.0,1.6129032258064517,0.62,1.6129032258064517
decline_event_next,canopy_noaa,LightGBM,test,annual_topk,2024.0,fixed_k,3.0,3,50,31,0.62,3,0,28,1.0,0.0967741935483871,0.0,1.6129032258064517,1.8599999999999999,1.6129032258064517
decline_event_next,canopy_noaa,LightGBM,test,annual_topk,2024.0,fixed_k,5.0,5,50,31,0.62,5,0,26,1.0,0.16129032258064516,0.0,1.6129032258064517,3.1,1.6129032258064515
decline_event_next,canopy_noaa,LightGBM,test,annual_topk,2024.0,fixed_k,10.0,10,50,31,0.62,9,1,22,0.9,0.2903225806451613,0.1,1.4516129032258065,6.2,1.4516129032258065
decline_event_next,canopy_noaa,LightGBM,test,annual_topk,2024.0,fixed_k,15.0,15,50,31,0.62,13,2,18,0.8666666666666667,0.41935483870967744,0.13333333333333333,1.3978494623655915,9.3,1.3978494623655913
decline_event_next,canopy_noaa,LightGBM,test,annual_topk,2024.0,fixed_k,20.0,20,50,31,0.62,16,4,15,0.8,0.5161290322580645,0.2,1.2903225806451615,12.4,1.2903225806451613
decline_event_next,canopy_noaa,LightGBM,test,annual_topk,2024.0,percent,0.1,5,50,31,0.62,5,0,26,1.0,0.16129032258064516,0.0,1.6129032258064517,3.1,1.6129032258064515
decline_event_next,canopy_noaa,LightGBM,test,annual_topk,2024.0,percent,0.2,10,50,31,0.62,9,1,22,0.9,0.2903225806451613,0.1,1.4516129032258065,6.2,1.4516129032258065
decline_event_next,canopy_noaa,LightGBM,test,annual_topk,2024.0,percent,0.3,15,50,31,0.62,13,2,18,0.8666666666666667,0.41935483870967744,0.13333333333333333,1.3978494623655915,9.3,1.3978494623655913
decline_event_next,canopy_noaa,LightGBM,test,annual_topk,2024.0,percent,0.4,20,50,31,0.62,16,4,15,0.8,0.5161290322580645,0.2,1.2903225806451615,12.4,1.2903225806451613
decline_event_next,canopy_noaa,LightGBM,test,annual_topk,2024.0,percent,0.5,25,50,31,0.62,21,4,10,0.84,0.6774193548387096,0.16,1.3548387096774193,15.5,1.3548387096774193
decline_event_next,canopy_noaa,Logistic Regression,test,annual_topk,2021.0,fixed_k,1.0,1,50,24,0.48,1,0,23,1.0,0.041666666666666664,0.0,2.0833333333333335,0.48,2.0833333333333335
decline_event_next,canopy_noaa,Logistic Regression,test,annual_topk,2021.0,fixed_k,3.0,3,50,24,0.48,3,0,21,1.0,0.125,0.0,2.0833333333333335,1.44,2.0833333333333335
decline_event_next,canopy_noaa,Logistic Regression,test,annual_topk,2021.0,fixed_k,5.0,5,50,24,0.48,5,0,19,1.0,0.20833333333333334,0.0,2.0833333333333335,2.4,2.0833333333333335
decline_event_next,canopy_noaa,Logistic Regression,test,annual_topk,2021.0,fixed_k,10.0,10,50,24,0.48,9,1,15,0.9,0.375,0.1,1.8750000000000002,4.8,1.875
decline_event_next,canopy_noaa,Logistic Regression,test,annual_topk,2021.0,fixed_k,15.0,15,50,24,0.48,13,2,11,0.8666666666666667,0.5416666666666666,0.13333333333333333,1.8055555555555556,7.199999999999999,1.8055555555555558
decline_event_next,canopy_noaa,Logistic Regression,test,annual_topk,2021.0,fixed_k,20.0,20,50,24,0.48,16,4,8,0.8,0.6666666666666666,0.2,1.6666666666666667,9.6,1.6666666666666667
decline_event_next,canopy_noaa,Logistic Regression,test,annual_topk,2021.0,percent,0.1,5,50,24,0.48,5,0,19,1.0,0.20833333333333334,0.0,2.0833333333333335,2.4,2.0833333333333335
decline_event_next,canopy_noaa,Logistic Regression,test,annual_topk,2021.0,percent,0.2,10,50,24,0.48,9,1,15,0.9,0.375,0.1,1.8750000000000002,4.8,1.875
decline_event_next,canopy_noaa,Logistic Regression,test,annual_topk,2021.0,percent,0.3,15,50,24,0.48,13,2,11,0.8666666666666667,0.5416666666666666,0.13333333333333333,1.8055555555555556,7.199999999999999,1.8055555555555558
decline_event_next,canopy_noaa,Logistic Regression,test,annual_topk,2021.0,percent,0.4,20,50,24,0.48,16,4,8,0.8,0.6666666666666666,0.2,1.6666666666666667,9.6,1.6666666666666667
decline_event_next,canopy_noaa,Logistic Regression,test,annual_topk,2021.0,percent,0.5,25,50,24,0.48,19,6,5,0.76,0.7916666666666666,0.24,1.5833333333333335,12.0,1.5833333333333333
decline_event_next,canopy_noaa,Logistic Regression,test,annual_topk,2022.0,fixed_k,1.0,1,50,42,0.84,1,0,41,1.0,0.023809523809523808,0.0,1.1904761904761905,0.84,1.1904761904761905
decline_event_next,canopy_noaa,Logistic Regression,test,annual_topk,2022.0,fixed_k,3.0,3,50,42,0.84,3,0,39,1.0,0.07142857142857142,0.0,1.1904761904761905,2.52,1.1904761904761905
decline_event_next,canopy_noaa,Logistic Regression,test,annual_topk,2022.0,fixed_k,5.0,5,50,42,0.84,5,0,37,1.0,0.11904761904761904,0.0,1.1904761904761905,4.2,1.1904761904761905
decline_event_next,canopy_noaa,Logistic Regression,test,annual_topk,2022.0,fixed_k,10.0,10,50,42,0.84,10,0,32,1.0,0.23809523809523808,0.0,1.1904761904761905,8.4,1.1904761904761905
decline_event_next,canopy_noaa,Logistic Regression,test,annual_topk,2022.0,fixed_k,15.0,15,50,42,0.84,15,0,27,1.0,0.35714285714285715,0.0,1.1904761904761905,12.6,1.1904761904761905
decline_event_next,canopy_noaa,Logistic Regression,test,annual_topk,2022.0,fixed_k,20.0,20,50,42,0.84,20,0,22,1.0,0.47619047619047616,0.0,1.1904761904761905,16.8,1.1904761904761905
decline_event_next,canopy_noaa,Logistic Regression,test,annual_topk,2022.0,percent,0.1,5,50,42,0.84,5,0,37,1.0,0.11904761904761904,0.0,1.1904761904761905,4.2,1.1904761904761905
decline_event_next,canopy_noaa,Logistic Regression,test,annual_topk,2022.0,percent,0.2,10,50,42,0.84,10,0,32,1.0,0.23809523809523808,0.0,1.1904761904761905,8.4,1.1904761904761905
decline_event_next,canopy_noaa,Logistic Regression,test,annual_topk,2022.0,percent,0.3,15,50,42,0.84,15,0,27,1.0,0.35714285714285715,0.0,1.1904761904761905,12.6,1.1904761904761905
decline_event_next,canopy_noaa,Logistic Regression,test,annual_topk,2022.0,percent,0.4,20,50,42,0.84,20,0,22,1.0,0.47619047619047616,0.0,1.1904761904761905,16.8,1.1904761904761905
decline_event_next,canopy_noaa,Logistic Regression,test,annual_topk,2022.0,percent,0.5,25,50,42,0.84,24,1,18,0.96,0.5714285714285714,0.04,1.1428571428571428,21.0,1.1428571428571428
decline_event_next,canopy_noaa,Logistic Regression,test,annual_topk,2023.0,fixed_k,1.0,1,50,37,0.74,1,0,36,1.0,0.02702702702702703,0.0,1.3513513513513513,0.74,1.3513513513513513
decline_event_next,canopy_noaa,Logistic Regression,test,annual_topk,2023.0,fixed_k,3.0,3,50,37,0.74,3,0,34,1.0,0.08108108108108109,0.0,1.3513513513513513,2.2199999999999998,1.3513513513513515
decline_event_next,canopy_noaa,Logistic Regression,test,annual_topk,2023.0,fixed_k,5.0,5,50,37,0.74,5,0,32,1.0,0.13513513513513514,0.0,1.3513513513513513,3.7,1.3513513513513513
decline_event_next,canopy_noaa,Logistic Regression,test,annual_topk,2023.0,fixed_k,10.0,10,50,37,0.74,9,1,28,0.9,0.24324324324324326,0.1,1.2162162162162162,7.4,1.2162162162162162
decline_event_next,canopy_noaa,Logistic Regression,test,annual_topk,2023.0,fixed_k,15.0,15,50,37,0.74,14,1,23,0.9333333333333333,0.3783783783783784,0.06666666666666667,1.2612612612612613,11.1,1.2612612612612613
decline_event_next,canopy_noaa,Logistic Regression,test,annual_topk,2023.0,fixed_k,20.0,20,50,37,0.74,19,1,18,0.95,0.5135135135135135,0.05,1.2837837837837838,14.8,1.2837837837837838
decline_event_next,canopy_noaa,Logistic Regression,test,annual_topk,2023.0,percent,0.1,5,50,37,0.74,5,0,32,1.0,0.13513513513513514,0.0,1.3513513513513513,3.7,1.3513513513513513
decline_event_next,canopy_noaa,Logistic Regression,test,annual_topk,2023.0,percent,0.2,10,50,37,0.74,9,1,28,0.9,0.24324324324324326,0.1,1.2162162162162162,7.4,1.2162162162162162
decline_event_next,canopy_noaa,Logistic Regression,test,annual_topk,2023.0,percent,0.3,15,50,37,0.74,14,1,23,0.9333333333333333,0.3783783783783784,0.06666666666666667,1.2612612612612613,11.1,1.2612612612612613
decline_event_next,canopy_noaa,Logistic Regression,test,annual_topk,2023.0,percent,0.4,20,50,37,0.74,19,1,18,0.95,0.5135135135135135,0.05,1.2837837837837838,14.8,1.2837837837837838
decline_event_next,canopy_noaa,Logistic Regression,test,annual_topk,2023.0,percent,0.5,25,50,37,0.74,23,2,14,0.92,0.6216216216216216,0.08,1.2432432432432432,18.5,1.2432432432432432
decline_event_next,canopy_noaa,Logistic Regression,test,annual_topk,2024.0,fixed_k,1.0,1,50,31,0.62,1,0,30,1.0,0.03225806451612903,0.0,1.6129032258064517,0.62,1.6129032258064517
decline_event_next,canopy_noaa,Logistic Regression,test,annual_topk,2024.0,fixed_k,3.0,3,50,31,0.62,3,0,28,1.0,0.0967741935483871,0.0,1.6129032258064517,1.8599999999999999,1.6129032258064517
decline_event_next,canopy_noaa,Logistic Regression,test,annual_topk,2024.0,fixed_k,5.0,5,50,31,0.62,5,0,26,1.0,0.16129032258064516,0.0,1.6129032258064517,3.1,1.6129032258064515
decline_event_next,canopy_noaa,Logistic Regression,test,annual_topk,2024.0,fixed_k,10.0,10,50,31,0.62,10,0,21,1.0,0.3225806451612903,0.0,1.6129032258064517,6.2,1.6129032258064515
decline_event_next,canopy_noaa,Logistic Regression,test,annual_topk,2024.0,fixed_k,15.0,15,50,31,0.62,15,0,16,1.0,0.4838709677419355,0.0,1.6129032258064517,9.3,1.6129032258064515
decline_event_next,canopy_noaa,Logistic Regression,test,annual_topk,2024.0,fixed_k,20.0,20,50,31,0.62,19,1,12,0.95,0.6129032258064516,0.05,1.532258064516129,12.4,1.532258064516129
decline_event_next,canopy_noaa,Logistic Regression,test,annual_topk,2024.0,percent,0.1,5,50,31,0.62,5,0,26,1.0,0.16129032258064516,0.0,1.6129032258064517,3.1,1.6129032258064515
decline_event_next,canopy_noaa,Logistic Regression,test,annual_topk,2024.0,percent,0.2,10,50,31,0.62,10,0,21,1.0,0.3225806451612903,0.0,1.6129032258064517,6.2,1.6129032258064515
decline_event_next,canopy_noaa,Logistic Regression,test,annual_topk,2024.0,percent,0.3,15,50,31,0.62,15,0,16,1.0,0.4838709677419355,0.0,1.6129032258064517,9.3,1.6129032258064515
decline_event_next,canopy_noaa,Logistic Regression,test,annual_topk,2024.0,percent,0.4,20,50,31,0.62,19,1,12,0.95,0.6129032258064516,0.05,1.532258064516129,12.4,1.532258064516129
decline_event_next,canopy_noaa,Logistic Regression,test,annual_topk,2024.0,percent,0.5,25,50,31,0.62,22,3,9,0.88,0.7096774193548387,0.12,1.4193548387096775,15.5,1.4193548387096775
decline_event_next,canopy_noaa,Random Forest,test,annual_topk,2021.0,fixed_k,1.0,1,50,24,0.48,1,0,23,1.0,0.041666666666666664,0.0,2.0833333333333335,0.48,2.0833333333333335
decline_event_next,canopy_noaa,Random Forest,test,annual_topk,2021.0,fixed_k,3.0,3,50,24,0.48,3,0,21,1.0,0.125,0.0,2.0833333333333335,1.44,2.0833333333333335
decline_event_next,canopy_noaa,Random Forest,test,annual_topk,2021.0,fixed_k,5.0,5,50,24,0.48,5,0,19,1.0,0.20833333333333334,0.0,2.0833333333333335,2.4,2.0833333333333335
decline_event_next,canopy_noaa,Random Forest,test,annual_topk,2021.0,fixed_k,10.0,10,50,24,0.48,10,0,14,1.0,0.4166666666666667,0.0,2.0833333333333335,4.8,2.0833333333333335
decline_event_next,canopy_noaa,Random Forest,test,annual_topk,2021.0,fixed_k,15.0,15,50,24,0.48,14,1,10,0.9333333333333333,0.5833333333333334,0.06666666666666667,1.9444444444444446,7.199999999999999,1.9444444444444446
decline_event_next,canopy_noaa,Random Forest,test,annual_topk,2021.0,fixed_k,20.0,20,50,24,0.48,16,4,8,0.8,0.6666666666666666,0.2,1.6666666666666667,9.6,1.6666666666666667
decline_event_next,canopy_noaa,Random Forest,test,annual_topk,2021.0,percent,0.1,5,50,24,0.48,5,0,19,1.0,0.20833333333333334,0.0,2.0833333333333335,2.4,2.0833333333333335
decline_event_next,canopy_noaa,Random Forest,test,annual_topk,2021.0,percent,0.2,10,50,24,0.48,10,0,14,1.0,0.4166666666666667,0.0,2.0833333333333335,4.8,2.0833333333333335
decline_event_next,canopy_noaa,Random Forest,test,annual_topk,2021.0,percent,0.3,15,50,24,0.48,14,1,10,0.9333333333333333,0.5833333333333334,0.06666666666666667,1.9444444444444446,7.199999999999999,1.9444444444444446
decline_event_next,canopy_noaa,Random Forest,test,annual_topk,2021.0,percent,0.4,20,50,24,0.48,16,4,8,0.8,0.6666666666666666,0.2,1.6666666666666667,9.6,1.6666666666666667
decline_event_next,canopy_noaa,Random Forest,test,annual_topk,2021.0,percent,0.5,25,50,24,0.48,17,8,7,0.68,0.7083333333333334,0.32,1.4166666666666667,12.0,1.4166666666666667
decline_event_next,canopy_noaa,Random Forest,test,annual_topk,2022.0,fixed_k,1.0,1,50,42,0.84,1,0,41,1.0,0.023809523809523808,0.0,1.1904761904761905,0.84,1.1904761904761905
decline_event_next,canopy_noaa,Random Forest,test,annual_topk,2022.0,fixed_k,3.0,3,50,42,0.84,3,0,39,1.0,0.07142857142857142,0.0,1.1904761904761905,2.52,1.1904761904761905
decline_event_next,canopy_noaa,Random Forest,test,annual_topk,2022.0,fixed_k,5.0,5,50,42,0.84,5,0,37,1.0,0.11904761904761904,0.0,1.1904761904761905,4.2,1.1904761904761905
decline_event_next,canopy_noaa,Random Forest,test,annual_topk,2022.0,fixed_k,10.0,10,50,42,0.84,10,0,32,1.0,0.23809523809523808,0.0,1.1904761904761905,8.4,1.1904761904761905
decline_event_next,canopy_noaa,Random Forest,test,annual_topk,2022.0,fixed_k,15.0,15,50,42,0.84,15,0,27,1.0,0.35714285714285715,0.0,1.1904761904761905,12.6,1.1904761904761905
decline_event_next,canopy_noaa,Random Forest,test,annual_topk,2022.0,fixed_k,20.0,20,50,42,0.84,19,1,23,0.95,0.4523809523809524,0.05,1.130952380952381,16.8,1.130952380952381
decline_event_next,canopy_noaa,Random Forest,test,annual_topk,2022.0,percent,0.1,5,50,42,0.84,5,0,37,1.0,0.11904761904761904,0.0,1.1904761904761905,4.2,1.1904761904761905
decline_event_next,canopy_noaa,Random Forest,test,annual_topk,2022.0,percent,0.2,10,50,42,0.84,10,0,32,1.0,0.23809523809523808,0.0,1.1904761904761905,8.4,1.1904761904761905
decline_event_next,canopy_noaa,Random Forest,test,annual_topk,2022.0,percent,0.3,15,50,42,0.84,15,0,27,1.0,0.35714285714285715,0.0,1.1904761904761905,12.6,1.1904761904761905
decline_event_next,canopy_noaa,Random Forest,test,annual_topk,2022.0,percent,0.4,20,50,42,0.84,19,1,23,0.95,0.4523809523809524,0.05,1.130952380952381,16.8,1.130952380952381
decline_event_next,canopy_noaa,Random Forest,test,annual_topk,2022.0,percent,0.5,25,50,42,0.84,21,4,21,0.84,0.5,0.16,1.0,21.0,1.0
decline_event_next,canopy_noaa,Random Forest,test,annual_topk,2023.0,fixed_k,1.0,1,50,37,0.74,1,0,36,1.0,0.02702702702702703,0.0,1.3513513513513513,0.74,1.3513513513513513
decline_event_next,canopy_noaa,Random Forest,test,annual_topk,2023.0,fixed_k,3.0,3,50,37,0.74,3,0,34,1.0,0.08108108108108109,0.0,1.3513513513513513,2.2199999999999998,1.3513513513513515
decline_event_next,canopy_noaa,Random Forest,test,annual_topk,2023.0,fixed_k,5.0,5,50,37,0.74,5,0,32,1.0,0.13513513513513514,0.0,1.3513513513513513,3.7,1.3513513513513513
decline_event_next,canopy_noaa,Random Forest,test,annual_topk,2023.0,fixed_k,10.0,10,50,37,0.74,8,2,29,0.8,0.21621621621621623,0.2,1.0810810810810811,7.4,1.081081081081081
decline_event_next,canopy_noaa,Random Forest,test,annual_topk,2023.0,fixed_k,15.0,15,50,37,0.74,12,3,25,0.8,0.32432432432432434,0.2,1.0810810810810811,11.1,1.0810810810810811
decline_event_next,canopy_noaa,Random Forest,test,annual_topk,2023.0,fixed_k,20.0,20,50,37,0.74,17,3,20,0.85,0.4594594594594595,0.15,1.1486486486486487,14.8,1.1486486486486487
decline_event_next,canopy_noaa,Random Forest,test,annual_topk,2023.0,percent,0.1,5,50,37,0.74,5,0,32,1.0,0.13513513513513514,0.0,1.3513513513513513,3.7,1.3513513513513513
decline_event_next,canopy_noaa,Random Forest,test,annual_topk,2023.0,percent,0.2,10,50,37,0.74,8,2,29,0.8,0.21621621621621623,0.2,1.0810810810810811,7.4,1.081081081081081
decline_event_next,canopy_noaa,Random Forest,test,annual_topk,2023.0,percent,0.3,15,50,37,0.74,12,3,25,0.8,0.32432432432432434,0.2,1.0810810810810811,11.1,1.0810810810810811
decline_event_next,canopy_noaa,Random Forest,test,annual_topk,2023.0,percent,0.4,20,50,37,0.74,17,3,20,0.85,0.4594594594594595,0.15,1.1486486486486487,14.8,1.1486486486486487
decline_event_next,canopy_noaa,Random Forest,test,annual_topk,2023.0,percent,0.5,25,50,37,0.74,21,4,16,0.84,0.5675675675675675,0.16,1.135135135135135,18.5,1.135135135135135
decline_event_next,canopy_noaa,Random Forest,test,annual_topk,2024.0,fixed_k,1.0,1,50,31,0.62,1,0,30,1.0,0.03225806451612903,0.0,1.6129032258064517,0.62,1.6129032258064517
decline_event_next,canopy_noaa,Random Forest,test,annual_topk,2024.0,fixed_k,3.0,3,50,31,0.62,3,0,28,1.0,0.0967741935483871,0.0,1.6129032258064517,1.8599999999999999,1.6129032258064517
decline_event_next,canopy_noaa,Random Forest,test,annual_topk,2024.0,fixed_k,5.0,5,50,31,0.62,5,0,26,1.0,0.16129032258064516,0.0,1.6129032258064517,3.1,1.6129032258064515
decline_event_next,canopy_noaa,Random Forest,test,annual_topk,2024.0,fixed_k,10.0,10,50,31,0.62,10,0,21,1.0,0.3225806451612903,0.0,1.6129032258064517,6.2,1.6129032258064515
decline_event_next,canopy_noaa,Random Forest,test,annual_topk,2024.0,fixed_k,15.0,15,50,31,0.62,15,0,16,1.0,0.4838709677419355,0.0,1.6129032258064517,9.3,1.6129032258064515
decline_event_next,canopy_noaa,Random Forest,test,annual_topk,2024.0,fixed_k,20.0,20,50,31,0.62,17,3,14,0.85,0.5483870967741935,0.15,1.3709677419354838,12.4,1.3709677419354838
decline_event_next,canopy_noaa,Random Forest,test,annual_topk,2024.0,percent,0.1,5,50,31,0.62,5,0,26,1.0,0.16129032258064516,0.0,1.6129032258064517,3.1,1.6129032258064515
decline_event_next,canopy_noaa,Random Forest,test,annual_topk,2024.0,percent,0.2,10,50,31,0.62,10,0,21,1.0,0.3225806451612903,0.0,1.6129032258064517,6.2,1.6129032258064515
decline_event_next,canopy_noaa,Random Forest,test,annual_topk,2024.0,percent,0.3,15,50,31,0.62,15,0,16,1.0,0.4838709677419355,0.0,1.6129032258064517,9.3,1.6129032258064515
decline_event_next,canopy_noaa,Random Forest,test,annual_topk,2024.0,percent,0.4,20,50,31,0.62,17,3,14,0.85,0.5483870967741935,0.15,1.3709677419354838,12.4,1.3709677419354838
decline_event_next,canopy_noaa,Random Forest,test,annual_topk,2024.0,percent,0.5,25,50,31,0.62,20,5,11,0.8,0.6451612903225806,0.2,1.2903225806451615,15.5,1.2903225806451613
decline_event_next,canopy_noaa,SVM,test,annual_topk,2021.0,fixed_k,1.0,1,50,24,0.48,1,0,23,1.0,0.041666666666666664,0.0,2.0833333333333335,0.48,2.0833333333333335
decline_event_next,canopy_noaa,SVM,test,annual_topk,2021.0,fixed_k,3.0,3,50,24,0.48,3,0,21,1.0,0.125,0.0,2.0833333333333335,1.44,2.0833333333333335
decline_event_next,canopy_noaa,SVM,test,annual_topk,2021.0,fixed_k,5.0,5,50,24,0.48,5,0,19,1.0,0.20833333333333334,0.0,2.0833333333333335,2.4,2.0833333333333335
decline_event_next,canopy_noaa,SVM,test,annual_topk,2021.0,fixed_k,10.0,10,50,24,0.48,10,0,14,1.0,0.4166666666666667,0.0,2.0833333333333335,4.8,2.0833333333333335
decline_event_next,canopy_noaa,SVM,test,annual_topk,2021.0,fixed_k,15.0,15,50,24,0.48,15,0,9,1.0,0.625,0.0,2.0833333333333335,7.199999999999999,2.0833333333333335
decline_event_next,canopy_noaa,SVM,test,annual_topk,2021.0,fixed_k,20.0,20,50,24,0.48,15,5,9,0.75,0.625,0.25,1.5625,9.6,1.5625
decline_event_next,canopy_noaa,SVM,test,annual_topk,2021.0,percent,0.1,5,50,24,0.48,5,0,19,1.0,0.20833333333333334,0.0,2.0833333333333335,2.4,2.0833333333333335
decline_event_next,canopy_noaa,SVM,test,annual_topk,2021.0,percent,0.2,10,50,24,0.48,10,0,14,1.0,0.4166666666666667,0.0,2.0833333333333335,4.8,2.0833333333333335
decline_event_next,canopy_noaa,SVM,test,annual_topk,2021.0,percent,0.3,15,50,24,0.48,15,0,9,1.0,0.625,0.0,2.0833333333333335,7.199999999999999,2.0833333333333335
decline_event_next,canopy_noaa,SVM,test,annual_topk,2021.0,percent,0.4,20,50,24,0.48,15,5,9,0.75,0.625,0.25,1.5625,9.6,1.5625
decline_event_next,canopy_noaa,SVM,test,annual_topk,2021.0,percent,0.5,25,50,24,0.48,16,9,8,0.64,0.6666666666666666,0.36,1.3333333333333335,12.0,1.3333333333333333
decline_event_next,canopy_noaa,SVM,test,annual_topk,2022.0,fixed_k,1.0,1,50,42,0.84,1,0,41,1.0,0.023809523809523808,0.0,1.1904761904761905,0.84,1.1904761904761905
decline_event_next,canopy_noaa,SVM,test,annual_topk,2022.0,fixed_k,3.0,3,50,42,0.84,3,0,39,1.0,0.07142857142857142,0.0,1.1904761904761905,2.52,1.1904761904761905
decline_event_next,canopy_noaa,SVM,test,annual_topk,2022.0,fixed_k,5.0,5,50,42,0.84,5,0,37,1.0,0.11904761904761904,0.0,1.1904761904761905,4.2,1.1904761904761905
decline_event_next,canopy_noaa,SVM,test,annual_topk,2022.0,fixed_k,10.0,10,50,42,0.84,10,0,32,1.0,0.23809523809523808,0.0,1.1904761904761905,8.4,1.1904761904761905
decline_event_next,canopy_noaa,SVM,test,annual_topk,2022.0,fixed_k,15.0,15,50,42,0.84,15,0,27,1.0,0.35714285714285715,0.0,1.1904761904761905,12.6,1.1904761904761905
decline_event_next,canopy_noaa,SVM,test,annual_topk,2022.0,fixed_k,20.0,20,50,42,0.84,20,0,22,1.0,0.47619047619047616,0.0,1.1904761904761905,16.8,1.1904761904761905
decline_event_next,canopy_noaa,SVM,test,annual_topk,2022.0,percent,0.1,5,50,42,0.84,5,0,37,1.0,0.11904761904761904,0.0,1.1904761904761905,4.2,1.1904761904761905
decline_event_next,canopy_noaa,SVM,test,annual_topk,2022.0,percent,0.2,10,50,42,0.84,10,0,32,1.0,0.23809523809523808,0.0,1.1904761904761905,8.4,1.1904761904761905
decline_event_next,canopy_noaa,SVM,test,annual_topk,2022.0,percent,0.3,15,50,42,0.84,15,0,27,1.0,0.35714285714285715,0.0,1.1904761904761905,12.6,1.1904761904761905
decline_event_next,canopy_noaa,SVM,test,annual_topk,2022.0,percent,0.4,20,50,42,0.84,20,0,22,1.0,0.47619047619047616,0.0,1.1904761904761905,16.8,1.1904761904761905
decline_event_next,canopy_noaa,SVM,test,annual_topk,2022.0,percent,0.5,25,50,42,0.84,24,1,18,0.96,0.5714285714285714,0.04,1.1428571428571428,21.0,1.1428571428571428
decline_event_next,canopy_noaa,SVM,test,annual_topk,2023.0,fixed_k,1.0,1,50,37,0.74,1,0,36,1.0,0.02702702702702703,0.0,1.3513513513513513,0.74,1.3513513513513513
decline_event_next,canopy_noaa,SVM,test,annual_topk,2023.0,fixed_k,3.0,3,50,37,0.74,3,0,34,1.0,0.08108108108108109,0.0,1.3513513513513513,2.2199999999999998,1.3513513513513515
decline_event_next,canopy_noaa,SVM,test,annual_topk,2023.0,fixed_k,5.0,5,50,37,0.74,5,0,32,1.0,0.13513513513513514,0.0,1.3513513513513513,3.7,1.3513513513513513
decline_event_next,canopy_noaa,SVM,test,annual_topk,2023.0,fixed_k,10.0,10,50,37,0.74,10,0,27,1.0,0.2702702702702703,0.0,1.3513513513513513,7.4,1.3513513513513513
decline_event_next,canopy_noaa,SVM,test,annual_topk,2023.0,fixed_k,15.0,15,50,37,0.74,14,1,23,0.9333333333333333,0.3783783783783784,0.06666666666666667,1.2612612612612613,11.1,1.2612612612612613
decline_event_next,canopy_noaa,SVM,test,annual_topk,2023.0,fixed_k,20.0,20,50,37,0.74,19,1,18,0.95,0.5135135135135135,0.05,1.2837837837837838,14.8,1.2837837837837838
decline_event_next,canopy_noaa,SVM,test,annual_topk,2023.0,percent,0.1,5,50,37,0.74,5,0,32,1.0,0.13513513513513514,0.0,1.3513513513513513,3.7,1.3513513513513513
decline_event_next,canopy_noaa,SVM,test,annual_topk,2023.0,percent,0.2,10,50,37,0.74,10,0,27,1.0,0.2702702702702703,0.0,1.3513513513513513,7.4,1.3513513513513513
decline_event_next,canopy_noaa,SVM,test,annual_topk,2023.0,percent,0.3,15,50,37,0.74,14,1,23,0.9333333333333333,0.3783783783783784,0.06666666666666667,1.2612612612612613,11.1,1.2612612612612613
decline_event_next,canopy_noaa,SVM,test,annual_topk,2023.0,percent,0.4,20,50,37,0.74,19,1,18,0.95,0.5135135135135135,0.05,1.2837837837837838,14.8,1.2837837837837838
decline_event_next,canopy_noaa,SVM,test,annual_topk,2023.0,percent,0.5,25,50,37,0.74,23,2,14,0.92,0.6216216216216216,0.08,1.2432432432432432,18.5,1.2432432432432432
decline_event_next,canopy_noaa,SVM,test,annual_topk,2024.0,fixed_k,1.0,1,50,31,0.62,1,0,30,1.0,0.03225806451612903,0.0,1.6129032258064517,0.62,1.6129032258064517
decline_event_next,canopy_noaa,SVM,test,annual_topk,2024.0,fixed_k,3.0,3,50,31,0.62,3,0,28,1.0,0.0967741935483871,0.0,1.6129032258064517,1.8599999999999999,1.6129032258064517
decline_event_next,canopy_noaa,SVM,test,annual_topk,2024.0,fixed_k,5.0,5,50,31,0.62,5,0,26,1.0,0.16129032258064516,0.0,1.6129032258064517,3.1,1.6129032258064515
decline_event_next,canopy_noaa,SVM,test,annual_topk,2024.0,fixed_k,10.0,10,50,31,0.62,9,1,22,0.9,0.2903225806451613,0.1,1.4516129032258065,6.2,1.4516129032258065
decline_event_next,canopy_noaa,SVM,test,annual_topk,2024.0,fixed_k,15.0,15,50,31,0.62,12,3,19,0.8,0.3870967741935484,0.2,1.2903225806451615,9.3,1.2903225806451613
decline_event_next,canopy_noaa,SVM,test,annual_topk,2024.0,fixed_k,20.0,20,50,31,0.62,16,4,15,0.8,0.5161290322580645,0.2,1.2903225806451615,12.4,1.2903225806451613
decline_event_next,canopy_noaa,SVM,test,annual_topk,2024.0,percent,0.1,5,50,31,0.62,5,0,26,1.0,0.16129032258064516,0.0,1.6129032258064517,3.1,1.6129032258064515
decline_event_next,canopy_noaa,SVM,test,annual_topk,2024.0,percent,0.2,10,50,31,0.62,9,1,22,0.9,0.2903225806451613,0.1,1.4516129032258065,6.2,1.4516129032258065
decline_event_next,canopy_noaa,SVM,test,annual_topk,2024.0,percent,0.3,15,50,31,0.62,12,3,19,0.8,0.3870967741935484,0.2,1.2903225806451615,9.3,1.2903225806451613
decline_event_next,canopy_noaa,SVM,test,annual_topk,2024.0,percent,0.4,20,50,31,0.62,16,4,15,0.8,0.5161290322580645,0.2,1.2903225806451615,12.4,1.2903225806451613
decline_event_next,canopy_noaa,SVM,test,annual_topk,2024.0,percent,0.5,25,50,31,0.62,21,4,10,0.84,0.6774193548387096,0.16,1.3548387096774193,15.5,1.3548387096774193
decline_event_next,canopy_noaa,XGBoost,test,annual_topk,2021.0,fixed_k,1.0,1,50,24,0.48,1,0,23,1.0,0.041666666666666664,0.0,2.0833333333333335,0.48,2.0833333333333335
decline_event_next,canopy_noaa,XGBoost,test,annual_topk,2021.0,fixed_k,3.0,3,50,24,0.48,3,0,21,1.0,0.125,0.0,2.0833333333333335,1.44,2.0833333333333335
decline_event_next,canopy_noaa,XGBoost,test,annual_topk,2021.0,fixed_k,5.0,5,50,24,0.48,5,0,19,1.0,0.20833333333333334,0.0,2.0833333333333335,2.4,2.0833333333333335
decline_event_next,canopy_noaa,XGBoost,test,annual_topk,2021.0,fixed_k,10.0,10,50,24,0.48,10,0,14,1.0,0.4166666666666667,0.0,2.0833333333333335,4.8,2.0833333333333335
decline_event_next,canopy_noaa,XGBoost,test,annual_topk,2021.0,fixed_k,15.0,15,50,24,0.48,11,4,13,0.7333333333333333,0.4583333333333333,0.26666666666666666,1.5277777777777777,7.199999999999999,1.527777777777778
decline_event_next,canopy_noaa,XGBoost,test,annual_topk,2021.0,fixed_k,20.0,20,50,24,0.48,13,7,11,0.65,0.5416666666666666,0.35,1.3541666666666667,9.6,1.3541666666666667
decline_event_next,canopy_noaa,XGBoost,test,annual_topk,2021.0,percent,0.1,5,50,24,0.48,5,0,19,1.0,0.20833333333333334,0.0,2.0833333333333335,2.4,2.0833333333333335
decline_event_next,canopy_noaa,XGBoost,test,annual_topk,2021.0,percent,0.2,10,50,24,0.48,10,0,14,1.0,0.4166666666666667,0.0,2.0833333333333335,4.8,2.0833333333333335
decline_event_next,canopy_noaa,XGBoost,test,annual_topk,2021.0,percent,0.3,15,50,24,0.48,11,4,13,0.7333333333333333,0.4583333333333333,0.26666666666666666,1.5277777777777777,7.199999999999999,1.527777777777778
decline_event_next,canopy_noaa,XGBoost,test,annual_topk,2021.0,percent,0.4,20,50,24,0.48,13,7,11,0.65,0.5416666666666666,0.35,1.3541666666666667,9.6,1.3541666666666667
decline_event_next,canopy_noaa,XGBoost,test,annual_topk,2021.0,percent,0.5,25,50,24,0.48,16,9,8,0.64,0.6666666666666666,0.36,1.3333333333333335,12.0,1.3333333333333333
decline_event_next,canopy_noaa,XGBoost,test,annual_topk,2022.0,fixed_k,1.0,1,50,42,0.84,1,0,41,1.0,0.023809523809523808,0.0,1.1904761904761905,0.84,1.1904761904761905
decline_event_next,canopy_noaa,XGBoost,test,annual_topk,2022.0,fixed_k,3.0,3,50,42,0.84,3,0,39,1.0,0.07142857142857142,0.0,1.1904761904761905,2.52,1.1904761904761905
decline_event_next,canopy_noaa,XGBoost,test,annual_topk,2022.0,fixed_k,5.0,5,50,42,0.84,5,0,37,1.0,0.11904761904761904,0.0,1.1904761904761905,4.2,1.1904761904761905
decline_event_next,canopy_noaa,XGBoost,test,annual_topk,2022.0,fixed_k,10.0,10,50,42,0.84,10,0,32,1.0,0.23809523809523808,0.0,1.1904761904761905,8.4,1.1904761904761905
decline_event_next,canopy_noaa,XGBoost,test,annual_topk,2022.0,fixed_k,15.0,15,50,42,0.84,15,0,27,1.0,0.35714285714285715,0.0,1.1904761904761905,12.6,1.1904761904761905
decline_event_next,canopy_noaa,XGBoost,test,annual_topk,2022.0,fixed_k,20.0,20,50,42,0.84,20,0,22,1.0,0.47619047619047616,0.0,1.1904761904761905,16.8,1.1904761904761905
decline_event_next,canopy_noaa,XGBoost,test,annual_topk,2022.0,percent,0.1,5,50,42,0.84,5,0,37,1.0,0.11904761904761904,0.0,1.1904761904761905,4.2,1.1904761904761905
decline_event_next,canopy_noaa,XGBoost,test,annual_topk,2022.0,percent,0.2,10,50,42,0.84,10,0,32,1.0,0.23809523809523808,0.0,1.1904761904761905,8.4,1.1904761904761905
decline_event_next,canopy_noaa,XGBoost,test,annual_topk,2022.0,percent,0.3,15,50,42,0.84,15,0,27,1.0,0.35714285714285715,0.0,1.1904761904761905,12.6,1.1904761904761905
decline_event_next,canopy_noaa,XGBoost,test,annual_topk,2022.0,percent,0.4,20,50,42,0.84,20,0,22,1.0,0.47619047619047616,0.0,1.1904761904761905,16.8,1.1904761904761905
decline_event_next,canopy_noaa,XGBoost,test,annual_topk,2022.0,percent,0.5,25,50,42,0.84,24,1,18,0.96,0.5714285714285714,0.04,1.1428571428571428,21.0,1.1428571428571428
decline_event_next,canopy_noaa,XGBoost,test,annual_topk,2023.0,fixed_k,1.0,1,50,37,0.74,1,0,36,1.0,0.02702702702702703,0.0,1.3513513513513513,0.74,1.3513513513513513
decline_event_next,canopy_noaa,XGBoost,test,annual_topk,2023.0,fixed_k,3.0,3,50,37,0.74,3,0,34,1.0,0.08108108108108109,0.0,1.3513513513513513,2.2199999999999998,1.3513513513513515
decline_event_next,canopy_noaa,XGBoost,test,annual_topk,2023.0,fixed_k,5.0,5,50,37,0.74,5,0,32,1.0,0.13513513513513514,0.0,1.3513513513513513,3.7,1.3513513513513513
decline_event_next,canopy_noaa,XGBoost,test,annual_topk,2023.0,fixed_k,10.0,10,50,37,0.74,10,0,27,1.0,0.2702702702702703,0.0,1.3513513513513513,7.4,1.3513513513513513
decline_event_next,canopy_noaa,XGBoost,test,annual_topk,2023.0,fixed_k,15.0,15,50,37,0.74,15,0,22,1.0,0.40540540540540543,0.0,1.3513513513513513,11.1,1.3513513513513513
decline_event_next,canopy_noaa,XGBoost,test,annual_topk,2023.0,fixed_k,20.0,20,50,37,0.74,18,2,19,0.9,0.4864864864864865,0.1,1.2162162162162162,14.8,1.2162162162162162
decline_event_next,canopy_noaa,XGBoost,test,annual_topk,2023.0,percent,0.1,5,50,37,0.74,5,0,32,1.0,0.13513513513513514,0.0,1.3513513513513513,3.7,1.3513513513513513
decline_event_next,canopy_noaa,XGBoost,test,annual_topk,2023.0,percent,0.2,10,50,37,0.74,10,0,27,1.0,0.2702702702702703,0.0,1.3513513513513513,7.4,1.3513513513513513
decline_event_next,canopy_noaa,XGBoost,test,annual_topk,2023.0,percent,0.3,15,50,37,0.74,15,0,22,1.0,0.40540540540540543,0.0,1.3513513513513513,11.1,1.3513513513513513
decline_event_next,canopy_noaa,XGBoost,test,annual_topk,2023.0,percent,0.4,20,50,37,0.74,18,2,19,0.9,0.4864864864864865,0.1,1.2162162162162162,14.8,1.2162162162162162
decline_event_next,canopy_noaa,XGBoost,test,annual_topk,2023.0,percent,0.5,25,50,37,0.74,22,3,15,0.88,0.5945945945945946,0.12,1.1891891891891893,18.5,1.1891891891891893
decline_event_next,canopy_noaa,XGBoost,test,annual_topk,2024.0,fixed_k,1.0,1,50,31,0.62,1,0,30,1.0,0.03225806451612903,0.0,1.6129032258064517,0.62,1.6129032258064517
decline_event_next,canopy_noaa,XGBoost,test,annual_topk,2024.0,fixed_k,3.0,3,50,31,0.62,3,0,28,1.0,0.0967741935483871,0.0,1.6129032258064517,1.8599999999999999,1.6129032258064517
decline_event_next,canopy_noaa,XGBoost,test,annual_topk,2024.0,fixed_k,5.0,5,50,31,0.62,5,0,26,1.0,0.16129032258064516,0.0,1.6129032258064517,3.1,1.6129032258064515
decline_event_next,canopy_noaa,XGBoost,test,annual_topk,2024.0,fixed_k,10.0,10,50,31,0.62,9,1,22,0.9,0.2903225806451613,0.1,1.4516129032258065,6.2,1.4516129032258065
decline_event_next,canopy_noaa,XGBoost,test,annual_topk,2024.0,fixed_k,15.0,15,50,31,0.62,13,2,18,0.8666666666666667,0.41935483870967744,0.13333333333333333,1.3978494623655915,9.3,1.3978494623655913
decline_event_next,canopy_noaa,XGBoost,test,annual_topk,2024.0,fixed_k,20.0,20,50,31,0.62,16,4,15,0.8,0.5161290322580645,0.2,1.2903225806451615,12.4,1.2903225806451613
decline_event_next,canopy_noaa,XGBoost,test,annual_topk,2024.0,percent,0.1,5,50,31,0.62,5,0,26,1.0,0.16129032258064516,0.0,1.6129032258064517,3.1,1.6129032258064515
decline_event_next,canopy_noaa,XGBoost,test,annual_topk,2024.0,percent,0.2,10,50,31,0.62,9,1,22,0.9,0.2903225806451613,0.1,1.4516129032258065,6.2,1.4516129032258065
decline_event_next,canopy_noaa,XGBoost,test,annual_topk,2024.0,percent,0.3,15,50,31,0.62,13,2,18,0.8666666666666667,0.41935483870967744,0.13333333333333333,1.3978494623655915,9.3,1.3978494623655913
decline_event_next,canopy_noaa,XGBoost,test,annual_topk,2024.0,percent,0.4,20,50,31,0.62,16,4,15,0.8,0.5161290322580645,0.2,1.2903225806451615,12.4,1.2903225806451613
decline_event_next,canopy_noaa,XGBoost,test,annual_topk,2024.0,percent,0.5,25,50,31,0.62,18,7,13,0.72,0.5806451612903226,0.28,1.161290322580645,15.5,1.1612903225806452
decline_event_next,canopy_only,LightGBM,test,annual_topk,2021.0,fixed_k,1.0,1,50,24,0.48,1,0,23,1.0,0.041666666666666664,0.0,2.0833333333333335,0.48,2.0833333333333335
decline_event_next,canopy_only,LightGBM,test,annual_topk,2021.0,fixed_k,3.0,3,50,24,0.48,3,0,21,1.0,0.125,0.0,2.0833333333333335,1.44,2.0833333333333335
decline_event_next,canopy_only,LightGBM,test,annual_topk,2021.0,fixed_k,5.0,5,50,24,0.48,5,0,19,1.0,0.20833333333333334,0.0,2.0833333333333335,2.4,2.0833333333333335
decline_event_next,canopy_only,LightGBM,test,annual_topk,2021.0,fixed_k,10.0,10,50,24,0.48,9,1,15,0.9,0.375,0.1,1.8750000000000002,4.8,1.875
decline_event_next,canopy_only,LightGBM,test,annual_topk,2021.0,fixed_k,15.0,15,50,24,0.48,10,5,14,0.6666666666666666,0.4166666666666667,0.3333333333333333,1.3888888888888888,7.199999999999999,1.388888888888889
decline_event_next,canopy_only,LightGBM,test,annual_topk,2021.0,fixed_k,20.0,20,50,24,0.48,14,6,10,0.7,0.5833333333333334,0.3,1.4583333333333333,9.6,1.4583333333333335
decline_event_next,canopy_only,LightGBM,test,annual_topk,2021.0,percent,0.1,5,50,24,0.48,5,0,19,1.0,0.20833333333333334,0.0,2.0833333333333335,2.4,2.0833333333333335
decline_event_next,canopy_only,LightGBM,test,annual_topk,2021.0,percent,0.2,10,50,24,0.48,9,1,15,0.9,0.375,0.1,1.8750000000000002,4.8,1.875
decline_event_next,canopy_only,LightGBM,test,annual_topk,2021.0,percent,0.3,15,50,24,0.48,10,5,14,0.6666666666666666,0.4166666666666667,0.3333333333333333,1.3888888888888888,7.199999999999999,1.388888888888889
decline_event_next,canopy_only,LightGBM,test,annual_topk,2021.0,percent,0.4,20,50,24,0.48,14,6,10,0.7,0.5833333333333334,0.3,1.4583333333333333,9.6,1.4583333333333335
decline_event_next,canopy_only,LightGBM,test,annual_topk,2021.0,percent,0.5,25,50,24,0.48,16,9,8,0.64,0.6666666666666666,0.36,1.3333333333333335,12.0,1.3333333333333333
decline_event_next,canopy_only,LightGBM,test,annual_topk,2022.0,fixed_k,1.0,1,50,42,0.84,1,0,41,1.0,0.023809523809523808,0.0,1.1904761904761905,0.84,1.1904761904761905
decline_event_next,canopy_only,LightGBM,test,annual_topk,2022.0,fixed_k,3.0,3,50,42,0.84,3,0,39,1.0,0.07142857142857142,0.0,1.1904761904761905,2.52,1.1904761904761905
decline_event_next,canopy_only,LightGBM,test,annual_topk,2022.0,fixed_k,5.0,5,50,42,0.84,5,0,37,1.0,0.11904761904761904,0.0,1.1904761904761905,4.2,1.1904761904761905
decline_event_next,canopy_only,LightGBM,test,annual_topk,2022.0,fixed_k,10.0,10,50,42,0.84,10,0,32,1.0,0.23809523809523808,0.0,1.1904761904761905,8.4,1.1904761904761905
decline_event_next,canopy_only,LightGBM,test,annual_topk,2022.0,fixed_k,15.0,15,50,42,0.84,15,0,27,1.0,0.35714285714285715,0.0,1.1904761904761905,12.6,1.1904761904761905
decline_event_next,canopy_only,LightGBM,test,annual_topk,2022.0,fixed_k,20.0,20,50,42,0.84,19,1,23,0.95,0.4523809523809524,0.05,1.130952380952381,16.8,1.130952380952381
decline_event_next,canopy_only,LightGBM,test,annual_topk,2022.0,percent,0.1,5,50,42,0.84,5,0,37,1.0,0.11904761904761904,0.0,1.1904761904761905,4.2,1.1904761904761905
decline_event_next,canopy_only,LightGBM,test,annual_topk,2022.0,percent,0.2,10,50,42,0.84,10,0,32,1.0,0.23809523809523808,0.0,1.1904761904761905,8.4,1.1904761904761905
decline_event_next,canopy_only,LightGBM,test,annual_topk,2022.0,percent,0.3,15,50,42,0.84,15,0,27,1.0,0.35714285714285715,0.0,1.1904761904761905,12.6,1.1904761904761905
decline_event_next,canopy_only,LightGBM,test,annual_topk,2022.0,percent,0.4,20,50,42,0.84,19,1,23,0.95,0.4523809523809524,0.05,1.130952380952381,16.8,1.130952380952381
decline_event_next,canopy_only,LightGBM,test,annual_topk,2022.0,percent,0.5,25,50,42,0.84,23,2,19,0.92,0.5476190476190477,0.08,1.0952380952380953,21.0,1.0952380952380953
decline_event_next,canopy_only,LightGBM,test,annual_topk,2023.0,fixed_k,1.0,1,50,37,0.74,1,0,36,1.0,0.02702702702702703,0.0,1.3513513513513513,0.74,1.3513513513513513
decline_event_next,canopy_only,LightGBM,test,annual_topk,2023.0,fixed_k,3.0,3,50,37,0.74,3,0,34,1.0,0.08108108108108109,0.0,1.3513513513513513,2.2199999999999998,1.3513513513513515
decline_event_next,canopy_only,LightGBM,test,annual_topk,2023.0,fixed_k,5.0,5,50,37,0.74,5,0,32,1.0,0.13513513513513514,0.0,1.3513513513513513,3.7,1.3513513513513513
decline_event_next,canopy_only,LightGBM,test,annual_topk,2023.0,fixed_k,10.0,10,50,37,0.74,10,0,27,1.0,0.2702702702702703,0.0,1.3513513513513513,7.4,1.3513513513513513
decline_event_next,canopy_only,LightGBM,test,annual_topk,2023.0,fixed_k,15.0,15,50,37,0.74,15,0,22,1.0,0.40540540540540543,0.0,1.3513513513513513,11.1,1.3513513513513513
decline_event_next,canopy_only,LightGBM,test,annual_topk,2023.0,fixed_k,20.0,20,50,37,0.74,18,2,19,0.9,0.4864864864864865,0.1,1.2162162162162162,14.8,1.2162162162162162
decline_event_next,canopy_only,LightGBM,test,annual_topk,2023.0,percent,0.1,5,50,37,0.74,5,0,32,1.0,0.13513513513513514,0.0,1.3513513513513513,3.7,1.3513513513513513
decline_event_next,canopy_only,LightGBM,test,annual_topk,2023.0,percent,0.2,10,50,37,0.74,10,0,27,1.0,0.2702702702702703,0.0,1.3513513513513513,7.4,1.3513513513513513
decline_event_next,canopy_only,LightGBM,test,annual_topk,2023.0,percent,0.3,15,50,37,0.74,15,0,22,1.0,0.40540540540540543,0.0,1.3513513513513513,11.1,1.3513513513513513
decline_event_next,canopy_only,LightGBM,test,annual_topk,2023.0,percent,0.4,20,50,37,0.74,18,2,19,0.9,0.4864864864864865,0.1,1.2162162162162162,14.8,1.2162162162162162
decline_event_next,canopy_only,LightGBM,test,annual_topk,2023.0,percent,0.5,25,50,37,0.74,22,3,15,0.88,0.5945945945945946,0.12,1.1891891891891893,18.5,1.1891891891891893
decline_event_next,canopy_only,LightGBM,test,annual_topk,2024.0,fixed_k,1.0,1,50,31,0.62,1,0,30,1.0,0.03225806451612903,0.0,1.6129032258064517,0.62,1.6129032258064517
decline_event_next,canopy_only,LightGBM,test,annual_topk,2024.0,fixed_k,3.0,3,50,31,0.62,3,0,28,1.0,0.0967741935483871,0.0,1.6129032258064517,1.8599999999999999,1.6129032258064517
decline_event_next,canopy_only,LightGBM,test,annual_topk,2024.0,fixed_k,5.0,5,50,31,0.62,5,0,26,1.0,0.16129032258064516,0.0,1.6129032258064517,3.1,1.6129032258064515
decline_event_next,canopy_only,LightGBM,test,annual_topk,2024.0,fixed_k,10.0,10,50,31,0.62,10,0,21,1.0,0.3225806451612903,0.0,1.6129032258064517,6.2,1.6129032258064515
decline_event_next,canopy_only,LightGBM,test,annual_topk,2024.0,fixed_k,15.0,15,50,31,0.62,15,0,16,1.0,0.4838709677419355,0.0,1.6129032258064517,9.3,1.6129032258064515
decline_event_next,canopy_only,LightGBM,test,annual_topk,2024.0,fixed_k,20.0,20,50,31,0.62,19,1,12,0.95,0.6129032258064516,0.05,1.532258064516129,12.4,1.532258064516129
decline_event_next,canopy_only,LightGBM,test,annual_topk,2024.0,percent,0.1,5,50,31,0.62,5,0,26,1.0,0.16129032258064516,0.0,1.6129032258064517,3.1,1.6129032258064515
decline_event_next,canopy_only,LightGBM,test,annual_topk,2024.0,percent,0.2,10,50,31,0.62,10,0,21,1.0,0.3225806451612903,0.0,1.6129032258064517,6.2,1.6129032258064515
decline_event_next,canopy_only,LightGBM,test,annual_topk,2024.0,percent,0.3,15,50,31,0.62,15,0,16,1.0,0.4838709677419355,0.0,1.6129032258064517,9.3,1.6129032258064515
decline_event_next,canopy_only,LightGBM,test,annual_topk,2024.0,percent,0.4,20,50,31,0.62,19,1,12,0.95,0.6129032258064516,0.05,1.532258064516129,12.4,1.532258064516129
decline_event_next,canopy_only,LightGBM,test,annual_topk,2024.0,percent,0.5,25,50,31,0.62,22,3,9,0.88,0.7096774193548387,0.12,1.4193548387096775,15.5,1.4193548387096775
decline_event_next,canopy_only,Logistic Regression,test,annual_topk,2021.0,fixed_k,1.0,1,50,24,0.48,1,0,23,1.0,0.041666666666666664,0.0,2.0833333333333335,0.48,2.0833333333333335
decline_event_next,canopy_only,Logistic Regression,test,annual_topk,2021.0,fixed_k,3.0,3,50,24,0.48,3,0,21,1.0,0.125,0.0,2.0833333333333335,1.44,2.0833333333333335
decline_event_next,canopy_only,Logistic Regression,test,annual_topk,2021.0,fixed_k,5.0,5,50,24,0.48,3,2,21,0.6,0.125,0.4,1.25,2.4,1.25
decline_event_next,canopy_only,Logistic Regression,test,annual_topk,2021.0,fixed_k,10.0,10,50,24,0.48,7,3,17,0.7,0.2916666666666667,0.3,1.4583333333333333,4.8,1.4583333333333335
decline_event_next,canopy_only,Logistic Regression,test,annual_topk,2021.0,fixed_k,15.0,15,50,24,0.48,12,3,12,0.8,0.5,0.2,1.6666666666666667,7.199999999999999,1.6666666666666667
decline_event_next,canopy_only,Logistic Regression,test,annual_topk,2021.0,fixed_k,20.0,20,50,24,0.48,15,5,9,0.75,0.625,0.25,1.5625,9.6,1.5625
decline_event_next,canopy_only,Logistic Regression,test,annual_topk,2021.0,percent,0.1,5,50,24,0.48,3,2,21,0.6,0.125,0.4,1.25,2.4,1.25
decline_event_next,canopy_only,Logistic Regression,test,annual_topk,2021.0,percent,0.2,10,50,24,0.48,7,3,17,0.7,0.2916666666666667,0.3,1.4583333333333333,4.8,1.4583333333333335
decline_event_next,canopy_only,Logistic Regression,test,annual_topk,2021.0,percent,0.3,15,50,24,0.48,12,3,12,0.8,0.5,0.2,1.6666666666666667,7.199999999999999,1.6666666666666667
decline_event_next,canopy_only,Logistic Regression,test,annual_topk,2021.0,percent,0.4,20,50,24,0.48,15,5,9,0.75,0.625,0.25,1.5625,9.6,1.5625
decline_event_next,canopy_only,Logistic Regression,test,annual_topk,2021.0,percent,0.5,25,50,24,0.48,19,6,5,0.76,0.7916666666666666,0.24,1.5833333333333335,12.0,1.5833333333333333
decline_event_next,canopy_only,Logistic Regression,test,annual_topk,2022.0,fixed_k,1.0,1,50,42,0.84,1,0,41,1.0,0.023809523809523808,0.0,1.1904761904761905,0.84,1.1904761904761905
decline_event_next,canopy_only,Logistic Regression,test,annual_topk,2022.0,fixed_k,3.0,3,50,42,0.84,3,0,39,1.0,0.07142857142857142,0.0,1.1904761904761905,2.52,1.1904761904761905
decline_event_next,canopy_only,Logistic Regression,test,annual_topk,2022.0,fixed_k,5.0,5,50,42,0.84,4,1,38,0.8,0.09523809523809523,0.2,0.9523809523809524,4.2,0.9523809523809523
decline_event_next,canopy_only,Logistic Regression,test,annual_topk,2022.0,fixed_k,10.0,10,50,42,0.84,9,1,33,0.9,0.21428571428571427,0.1,1.0714285714285714,8.4,1.0714285714285714
decline_event_next,canopy_only,Logistic Regression,test,annual_topk,2022.0,fixed_k,15.0,15,50,42,0.84,14,1,28,0.9333333333333333,0.3333333333333333,0.06666666666666667,1.1111111111111112,12.6,1.1111111111111112
decline_event_next,canopy_only,Logistic Regression,test,annual_topk,2022.0,fixed_k,20.0,20,50,42,0.84,19,1,23,0.95,0.4523809523809524,0.05,1.130952380952381,16.8,1.130952380952381
decline_event_next,canopy_only,Logistic Regression,test,annual_topk,2022.0,percent,0.1,5,50,42,0.84,4,1,38,0.8,0.09523809523809523,0.2,0.9523809523809524,4.2,0.9523809523809523
decline_event_next,canopy_only,Logistic Regression,test,annual_topk,2022.0,percent,0.2,10,50,42,0.84,9,1,33,0.9,0.21428571428571427,0.1,1.0714285714285714,8.4,1.0714285714285714
decline_event_next,canopy_only,Logistic Regression,test,annual_topk,2022.0,percent,0.3,15,50,42,0.84,14,1,28,0.9333333333333333,0.3333333333333333,0.06666666666666667,1.1111111111111112,12.6,1.1111111111111112
decline_event_next,canopy_only,Logistic Regression,test,annual_topk,2022.0,percent,0.4,20,50,42,0.84,19,1,23,0.95,0.4523809523809524,0.05,1.130952380952381,16.8,1.130952380952381
decline_event_next,canopy_only,Logistic Regression,test,annual_topk,2022.0,percent,0.5,25,50,42,0.84,22,3,20,0.88,0.5238095238095238,0.12,1.0476190476190477,21.0,1.0476190476190477
decline_event_next,canopy_only,Logistic Regression,test,annual_topk,2023.0,fixed_k,1.0,1,50,37,0.74,1,0,36,1.0,0.02702702702702703,0.0,1.3513513513513513,0.74,1.3513513513513513
decline_event_next,canopy_only,Logistic Regression,test,annual_topk,2023.0,fixed_k,3.0,3,50,37,0.74,3,0,34,1.0,0.08108108108108109,0.0,1.3513513513513513,2.2199999999999998,1.3513513513513515
decline_event_next,canopy_only,Logistic Regression,test,annual_topk,2023.0,fixed_k,5.0,5,50,37,0.74,5,0,32,1.0,0.13513513513513514,0.0,1.3513513513513513,3.7,1.3513513513513513
decline_event_next,canopy_only,Logistic Regression,test,annual_topk,2023.0,fixed_k,10.0,10,50,37,0.74,10,0,27,1.0,0.2702702702702703,0.0,1.3513513513513513,7.4,1.3513513513513513
decline_event_next,canopy_only,Logistic Regression,test,annual_topk,2023.0,fixed_k,15.0,15,50,37,0.74,14,1,23,0.9333333333333333,0.3783783783783784,0.06666666666666667,1.2612612612612613,11.1,1.2612612612612613
decline_event_next,canopy_only,Logistic Regression,test,annual_topk,2023.0,fixed_k,20.0,20,50,37,0.74,17,3,20,0.85,0.4594594594594595,0.15,1.1486486486486487,14.8,1.1486486486486487
decline_event_next,canopy_only,Logistic Regression,test,annual_topk,2023.0,percent,0.1,5,50,37,0.74,5,0,32,1.0,0.13513513513513514,0.0,1.3513513513513513,3.7,1.3513513513513513
decline_event_next,canopy_only,Logistic Regression,test,annual_topk,2023.0,percent,0.2,10,50,37,0.74,10,0,27,1.0,0.2702702702702703,0.0,1.3513513513513513,7.4,1.3513513513513513
decline_event_next,canopy_only,Logistic Regression,test,annual_topk,2023.0,percent,0.3,15,50,37,0.74,14,1,23,0.9333333333333333,0.3783783783783784,0.06666666666666667,1.2612612612612613,11.1,1.2612612612612613
decline_event_next,canopy_only,Logistic Regression,test,annual_topk,2023.0,percent,0.4,20,50,37,0.74,17,3,20,0.85,0.4594594594594595,0.15,1.1486486486486487,14.8,1.1486486486486487
decline_event_next,canopy_only,Logistic Regression,test,annual_topk,2023.0,percent,0.5,25,50,37,0.74,20,5,17,0.8,0.5405405405405406,0.2,1.0810810810810811,18.5,1.0810810810810811
decline_event_next,canopy_only,Logistic Regression,test,annual_topk,2024.0,fixed_k,1.0,1,50,31,0.62,1,0,30,1.0,0.03225806451612903,0.0,1.6129032258064517,0.62,1.6129032258064517
decline_event_next,canopy_only,Logistic Regression,test,annual_topk,2024.0,fixed_k,3.0,3,50,31,0.62,2,1,29,0.6666666666666666,0.06451612903225806,0.3333333333333333,1.075268817204301,1.8599999999999999,1.0752688172043012
decline_event_next,canopy_only,Logistic Regression,test,annual_topk,2024.0,fixed_k,5.0,5,50,31,0.62,4,1,27,0.8,0.12903225806451613,0.2,1.2903225806451615,3.1,1.2903225806451613
decline_event_next,canopy_only,Logistic Regression,test,annual_topk,2024.0,fixed_k,10.0,10,50,31,0.62,8,2,23,0.8,0.25806451612903225,0.2,1.2903225806451615,6.2,1.2903225806451613
decline_event_next,canopy_only,Logistic Regression,test,annual_topk,2024.0,fixed_k,15.0,15,50,31,0.62,13,2,18,0.8666666666666667,0.41935483870967744,0.13333333333333333,1.3978494623655915,9.3,1.3978494623655913
decline_event_next,canopy_only,Logistic Regression,test,annual_topk,2024.0,fixed_k,20.0,20,50,31,0.62,17,3,14,0.85,0.5483870967741935,0.15,1.3709677419354838,12.4,1.3709677419354838
decline_event_next,canopy_only,Logistic Regression,test,annual_topk,2024.0,percent,0.1,5,50,31,0.62,4,1,27,0.8,0.12903225806451613,0.2,1.2903225806451615,3.1,1.2903225806451613
decline_event_next,canopy_only,Logistic Regression,test,annual_topk,2024.0,percent,0.2,10,50,31,0.62,8,2,23,0.8,0.25806451612903225,0.2,1.2903225806451615,6.2,1.2903225806451613
decline_event_next,canopy_only,Logistic Regression,test,annual_topk,2024.0,percent,0.3,15,50,31,0.62,13,2,18,0.8666666666666667,0.41935483870967744,0.13333333333333333,1.3978494623655915,9.3,1.3978494623655913
decline_event_next,canopy_only,Logistic Regression,test,annual_topk,2024.0,percent,0.4,20,50,31,0.62,17,3,14,0.85,0.5483870967741935,0.15,1.3709677419354838,12.4,1.3709677419354838
decline_event_next,canopy_only,Logistic Regression,test,annual_topk,2024.0,percent,0.5,25,50,31,0.62,21,4,10,0.84,0.6774193548387096,0.16,1.3548387096774193,15.5,1.3548387096774193
decline_event_next,canopy_only,Random Forest,test,annual_topk,2021.0,fixed_k,1.0,1,50,24,0.48,1,0,23,1.0,0.041666666666666664,0.0,2.0833333333333335,0.48,2.0833333333333335
decline_event_next,canopy_only,Random Forest,test,annual_topk,2021.0,fixed_k,3.0,3,50,24,0.48,3,0,21,1.0,0.125,0.0,2.0833333333333335,1.44,2.0833333333333335
decline_event_next,canopy_only,Random Forest,test,annual_topk,2021.0,fixed_k,5.0,5,50,24,0.48,5,0,19,1.0,0.20833333333333334,0.0,2.0833333333333335,2.4,2.0833333333333335
decline_event_next,canopy_only,Random Forest,test,annual_topk,2021.0,fixed_k,10.0,10,50,24,0.48,9,1,15,0.9,0.375,0.1,1.8750000000000002,4.8,1.875
decline_event_next,canopy_only,Random Forest,test,annual_topk,2021.0,fixed_k,15.0,15,50,24,0.48,12,3,12,0.8,0.5,0.2,1.6666666666666667,7.199999999999999,1.6666666666666667
decline_event_next,canopy_only,Random Forest,test,annual_topk,2021.0,fixed_k,20.0,20,50,24,0.48,15,5,9,0.75,0.625,0.25,1.5625,9.6,1.5625
decline_event_next,canopy_only,Random Forest,test,annual_topk,2021.0,percent,0.1,5,50,24,0.48,5,0,19,1.0,0.20833333333333334,0.0,2.0833333333333335,2.4,2.0833333333333335
decline_event_next,canopy_only,Random Forest,test,annual_topk,2021.0,percent,0.2,10,50,24,0.48,9,1,15,0.9,0.375,0.1,1.8750000000000002,4.8,1.875
decline_event_next,canopy_only,Random Forest,test,annual_topk,2021.0,percent,0.3,15,50,24,0.48,12,3,12,0.8,0.5,0.2,1.6666666666666667,7.199999999999999,1.6666666666666667
decline_event_next,canopy_only,Random Forest,test,annual_topk,2021.0,percent,0.4,20,50,24,0.48,15,5,9,0.75,0.625,0.25,1.5625,9.6,1.5625
decline_event_next,canopy_only,Random Forest,test,annual_topk,2021.0,percent,0.5,25,50,24,0.48,17,8,7,0.68,0.7083333333333334,0.32,1.4166666666666667,12.0,1.4166666666666667
decline_event_next,canopy_only,Random Forest,test,annual_topk,2022.0,fixed_k,1.0,1,50,42,0.84,1,0,41,1.0,0.023809523809523808,0.0,1.1904761904761905,0.84,1.1904761904761905
decline_event_next,canopy_only,Random Forest,test,annual_topk,2022.0,fixed_k,3.0,3,50,42,0.84,3,0,39,1.0,0.07142857142857142,0.0,1.1904761904761905,2.52,1.1904761904761905
decline_event_next,canopy_only,Random Forest,test,annual_topk,2022.0,fixed_k,5.0,5,50,42,0.84,5,0,37,1.0,0.11904761904761904,0.0,1.1904761904761905,4.2,1.1904761904761905
decline_event_next,canopy_only,Random Forest,test,annual_topk,2022.0,fixed_k,10.0,10,50,42,0.84,10,0,32,1.0,0.23809523809523808,0.0,1.1904761904761905,8.4,1.1904761904761905
decline_event_next,canopy_only,Random Forest,test,annual_topk,2022.0,fixed_k,15.0,15,50,42,0.84,15,0,27,1.0,0.35714285714285715,0.0,1.1904761904761905,12.6,1.1904761904761905
decline_event_next,canopy_only,Random Forest,test,annual_topk,2022.0,fixed_k,20.0,20,50,42,0.84,19,1,23,0.95,0.4523809523809524,0.05,1.130952380952381,16.8,1.130952380952381
decline_event_next,canopy_only,Random Forest,test,annual_topk,2022.0,percent,0.1,5,50,42,0.84,5,0,37,1.0,0.11904761904761904,0.0,1.1904761904761905,4.2,1.1904761904761905
decline_event_next,canopy_only,Random Forest,test,annual_topk,2022.0,percent,0.2,10,50,42,0.84,10,0,32,1.0,0.23809523809523808,0.0,1.1904761904761905,8.4,1.1904761904761905
decline_event_next,canopy_only,Random Forest,test,annual_topk,2022.0,percent,0.3,15,50,42,0.84,15,0,27,1.0,0.35714285714285715,0.0,1.1904761904761905,12.6,1.1904761904761905
decline_event_next,canopy_only,Random Forest,test,annual_topk,2022.0,percent,0.4,20,50,42,0.84,19,1,23,0.95,0.4523809523809524,0.05,1.130952380952381,16.8,1.130952380952381
decline_event_next,canopy_only,Random Forest,test,annual_topk,2022.0,percent,0.5,25,50,42,0.84,23,2,19,0.92,0.5476190476190477,0.08,1.0952380952380953,21.0,1.0952380952380953
decline_event_next,canopy_only,Random Forest,test,annual_topk,2023.0,fixed_k,1.0,1,50,37,0.74,1,0,36,1.0,0.02702702702702703,0.0,1.3513513513513513,0.74,1.3513513513513513
decline_event_next,canopy_only,Random Forest,test,annual_topk,2023.0,fixed_k,3.0,3,50,37,0.74,3,0,34,1.0,0.08108108108108109,0.0,1.3513513513513513,2.2199999999999998,1.3513513513513515
decline_event_next,canopy_only,Random Forest,test,annual_topk,2023.0,fixed_k,5.0,5,50,37,0.74,5,0,32,1.0,0.13513513513513514,0.0,1.3513513513513513,3.7,1.3513513513513513
decline_event_next,canopy_only,Random Forest,test,annual_topk,2023.0,fixed_k,10.0,10,50,37,0.74,10,0,27,1.0,0.2702702702702703,0.0,1.3513513513513513,7.4,1.3513513513513513
decline_event_next,canopy_only,Random Forest,test,annual_topk,2023.0,fixed_k,15.0,15,50,37,0.74,15,0,22,1.0,0.40540540540540543,0.0,1.3513513513513513,11.1,1.3513513513513513
decline_event_next,canopy_only,Random Forest,test,annual_topk,2023.0,fixed_k,20.0,20,50,37,0.74,19,1,18,0.95,0.5135135135135135,0.05,1.2837837837837838,14.8,1.2837837837837838
decline_event_next,canopy_only,Random Forest,test,annual_topk,2023.0,percent,0.1,5,50,37,0.74,5,0,32,1.0,0.13513513513513514,0.0,1.3513513513513513,3.7,1.3513513513513513
decline_event_next,canopy_only,Random Forest,test,annual_topk,2023.0,percent,0.2,10,50,37,0.74,10,0,27,1.0,0.2702702702702703,0.0,1.3513513513513513,7.4,1.3513513513513513
decline_event_next,canopy_only,Random Forest,test,annual_topk,2023.0,percent,0.3,15,50,37,0.74,15,0,22,1.0,0.40540540540540543,0.0,1.3513513513513513,11.1,1.3513513513513513
decline_event_next,canopy_only,Random Forest,test,annual_topk,2023.0,percent,0.4,20,50,37,0.74,19,1,18,0.95,0.5135135135135135,0.05,1.2837837837837838,14.8,1.2837837837837838
decline_event_next,canopy_only,Random Forest,test,annual_topk,2023.0,percent,0.5,25,50,37,0.74,23,2,14,0.92,0.6216216216216216,0.08,1.2432432432432432,18.5,1.2432432432432432
decline_event_next,canopy_only,Random Forest,test,annual_topk,2024.0,fixed_k,1.0,1,50,31,0.62,1,0,30,1.0,0.03225806451612903,0.0,1.6129032258064517,0.62,1.6129032258064517
decline_event_next,canopy_only,Random Forest,test,annual_topk,2024.0,fixed_k,3.0,3,50,31,0.62,3,0,28,1.0,0.0967741935483871,0.0,1.6129032258064517,1.8599999999999999,1.6129032258064517
decline_event_next,canopy_only,Random Forest,test,annual_topk,2024.0,fixed_k,5.0,5,50,31,0.62,5,0,26,1.0,0.16129032258064516,0.0,1.6129032258064517,3.1,1.6129032258064515
decline_event_next,canopy_only,Random Forest,test,annual_topk,2024.0,fixed_k,10.0,10,50,31,0.62,10,0,21,1.0,0.3225806451612903,0.0,1.6129032258064517,6.2,1.6129032258064515
decline_event_next,canopy_only,Random Forest,test,annual_topk,2024.0,fixed_k,15.0,15,50,31,0.62,15,0,16,1.0,0.4838709677419355,0.0,1.6129032258064517,9.3,1.6129032258064515
decline_event_next,canopy_only,Random Forest,test,annual_topk,2024.0,fixed_k,20.0,20,50,31,0.62,19,1,12,0.95,0.6129032258064516,0.05,1.532258064516129,12.4,1.532258064516129
decline_event_next,canopy_only,Random Forest,test,annual_topk,2024.0,percent,0.1,5,50,31,0.62,5,0,26,1.0,0.16129032258064516,0.0,1.6129032258064517,3.1,1.6129032258064515
decline_event_next,canopy_only,Random Forest,test,annual_topk,2024.0,percent,0.2,10,50,31,0.62,10,0,21,1.0,0.3225806451612903,0.0,1.6129032258064517,6.2,1.6129032258064515
decline_event_next,canopy_only,Random Forest,test,annual_topk,2024.0,percent,0.3,15,50,31,0.62,15,0,16,1.0,0.4838709677419355,0.0,1.6129032258064517,9.3,1.6129032258064515
decline_event_next,canopy_only,Random Forest,test,annual_topk,2024.0,percent,0.4,20,50,31,0.62,19,1,12,0.95,0.6129032258064516,0.05,1.532258064516129,12.4,1.532258064516129
decline_event_next,canopy_only,Random Forest,test,annual_topk,2024.0,percent,0.5,25,50,31,0.62,24,1,7,0.96,0.7741935483870968,0.04,1.5483870967741935,15.5,1.5483870967741935
decline_event_next,canopy_only,SVM,test,annual_topk,2021.0,fixed_k,1.0,1,50,24,0.48,1,0,23,1.0,0.041666666666666664,0.0,2.0833333333333335,0.48,2.0833333333333335
decline_event_next,canopy_only,SVM,test,annual_topk,2021.0,fixed_k,3.0,3,50,24,0.48,3,0,21,1.0,0.125,0.0,2.0833333333333335,1.44,2.0833333333333335
decline_event_next,canopy_only,SVM,test,annual_topk,2021.0,fixed_k,5.0,5,50,24,0.48,4,1,20,0.8,0.16666666666666666,0.2,1.6666666666666667,2.4,1.6666666666666667
decline_event_next,canopy_only,SVM,test,annual_topk,2021.0,fixed_k,10.0,10,50,24,0.48,9,1,15,0.9,0.375,0.1,1.8750000000000002,4.8,1.875
decline_event_next,canopy_only,SVM,test,annual_topk,2021.0,fixed_k,15.0,15,50,24,0.48,12,3,12,0.8,0.5,0.2,1.6666666666666667,7.199999999999999,1.6666666666666667
decline_event_next,canopy_only,SVM,test,annual_topk,2021.0,fixed_k,20.0,20,50,24,0.48,16,4,8,0.8,0.6666666666666666,0.2,1.6666666666666667,9.6,1.6666666666666667
decline_event_next,canopy_only,SVM,test,annual_topk,2021.0,percent,0.1,5,50,24,0.48,4,1,20,0.8,0.16666666666666666,0.2,1.6666666666666667,2.4,1.6666666666666667
decline_event_next,canopy_only,SVM,test,annual_topk,2021.0,percent,0.2,10,50,24,0.48,9,1,15,0.9,0.375,0.1,1.8750000000000002,4.8,1.875
decline_event_next,canopy_only,SVM,test,annual_topk,2021.0,percent,0.3,15,50,24,0.48,12,3,12,0.8,0.5,0.2,1.6666666666666667,7.199999999999999,1.6666666666666667
decline_event_next,canopy_only,SVM,test,annual_topk,2021.0,percent,0.4,20,50,24,0.48,16,4,8,0.8,0.6666666666666666,0.2,1.6666666666666667,9.6,1.6666666666666667
decline_event_next,canopy_only,SVM,test,annual_topk,2021.0,percent,0.5,25,50,24,0.48,19,6,5,0.76,0.7916666666666666,0.24,1.5833333333333335,12.0,1.5833333333333333
decline_event_next,canopy_only,SVM,test,annual_topk,2022.0,fixed_k,1.0,1,50,42,0.84,1,0,41,1.0,0.023809523809523808,0.0,1.1904761904761905,0.84,1.1904761904761905
decline_event_next,canopy_only,SVM,test,annual_topk,2022.0,fixed_k,3.0,3,50,42,0.84,3,0,39,1.0,0.07142857142857142,0.0,1.1904761904761905,2.52,1.1904761904761905
decline_event_next,canopy_only,SVM,test,annual_topk,2022.0,fixed_k,5.0,5,50,42,0.84,5,0,37,1.0,0.11904761904761904,0.0,1.1904761904761905,4.2,1.1904761904761905
decline_event_next,canopy_only,SVM,test,annual_topk,2022.0,fixed_k,10.0,10,50,42,0.84,10,0,32,1.0,0.23809523809523808,0.0,1.1904761904761905,8.4,1.1904761904761905
decline_event_next,canopy_only,SVM,test,annual_topk,2022.0,fixed_k,15.0,15,50,42,0.84,15,0,27,1.0,0.35714285714285715,0.0,1.1904761904761905,12.6,1.1904761904761905
decline_event_next,canopy_only,SVM,test,annual_topk,2022.0,fixed_k,20.0,20,50,42,0.84,20,0,22,1.0,0.47619047619047616,0.0,1.1904761904761905,16.8,1.1904761904761905
decline_event_next,canopy_only,SVM,test,annual_topk,2022.0,percent,0.1,5,50,42,0.84,5,0,37,1.0,0.11904761904761904,0.0,1.1904761904761905,4.2,1.1904761904761905
decline_event_next,canopy_only,SVM,test,annual_topk,2022.0,percent,0.2,10,50,42,0.84,10,0,32,1.0,0.23809523809523808,0.0,1.1904761904761905,8.4,1.1904761904761905
decline_event_next,canopy_only,SVM,test,annual_topk,2022.0,percent,0.3,15,50,42,0.84,15,0,27,1.0,0.35714285714285715,0.0,1.1904761904761905,12.6,1.1904761904761905
decline_event_next,canopy_only,SVM,test,annual_topk,2022.0,percent,0.4,20,50,42,0.84,20,0,22,1.0,0.47619047619047616,0.0,1.1904761904761905,16.8,1.1904761904761905
decline_event_next,canopy_only,SVM,test,annual_topk,2022.0,percent,0.5,25,50,42,0.84,25,0,17,1.0,0.5952380952380952,0.0,1.1904761904761905,21.0,1.1904761904761905
decline_event_next,canopy_only,SVM,test,annual_topk,2023.0,fixed_k,1.0,1,50,37,0.74,1,0,36,1.0,0.02702702702702703,0.0,1.3513513513513513,0.74,1.3513513513513513
decline_event_next,canopy_only,SVM,test,annual_topk,2023.0,fixed_k,3.0,3,50,37,0.74,3,0,34,1.0,0.08108108108108109,0.0,1.3513513513513513,2.2199999999999998,1.3513513513513515
decline_event_next,canopy_only,SVM,test,annual_topk,2023.0,fixed_k,5.0,5,50,37,0.74,5,0,32,1.0,0.13513513513513514,0.0,1.3513513513513513,3.7,1.3513513513513513
decline_event_next,canopy_only,SVM,test,annual_topk,2023.0,fixed_k,10.0,10,50,37,0.74,10,0,27,1.0,0.2702702702702703,0.0,1.3513513513513513,7.4,1.3513513513513513
decline_event_next,canopy_only,SVM,test,annual_topk,2023.0,fixed_k,15.0,15,50,37,0.74,14,1,23,0.9333333333333333,0.3783783783783784,0.06666666666666667,1.2612612612612613,11.1,1.2612612612612613
decline_event_next,canopy_only,SVM,test,annual_topk,2023.0,fixed_k,20.0,20,50,37,0.74,19,1,18,0.95,0.5135135135135135,0.05,1.2837837837837838,14.8,1.2837837837837838
decline_event_next,canopy_only,SVM,test,annual_topk,2023.0,percent,0.1,5,50,37,0.74,5,0,32,1.0,0.13513513513513514,0.0,1.3513513513513513,3.7,1.3513513513513513
decline_event_next,canopy_only,SVM,test,annual_topk,2023.0,percent,0.2,10,50,37,0.74,10,0,27,1.0,0.2702702702702703,0.0,1.3513513513513513,7.4,1.3513513513513513
decline_event_next,canopy_only,SVM,test,annual_topk,2023.0,percent,0.3,15,50,37,0.74,14,1,23,0.9333333333333333,0.3783783783783784,0.06666666666666667,1.2612612612612613,11.1,1.2612612612612613
decline_event_next,canopy_only,SVM,test,annual_topk,2023.0,percent,0.4,20,50,37,0.74,19,1,18,0.95,0.5135135135135135,0.05,1.2837837837837838,14.8,1.2837837837837838
decline_event_next,canopy_only,SVM,test,annual_topk,2023.0,percent,0.5,25,50,37,0.74,21,4,16,0.84,0.5675675675675675,0.16,1.135135135135135,18.5,1.135135135135135
decline_event_next,canopy_only,SVM,test,annual_topk,2024.0,fixed_k,1.0,1,50,31,0.62,1,0,30,1.0,0.03225806451612903,0.0,1.6129032258064517,0.62,1.6129032258064517
decline_event_next,canopy_only,SVM,test,annual_topk,2024.0,fixed_k,3.0,3,50,31,0.62,3,0,28,1.0,0.0967741935483871,0.0,1.6129032258064517,1.8599999999999999,1.6129032258064517
decline_event_next,canopy_only,SVM,test,annual_topk,2024.0,fixed_k,5.0,5,50,31,0.62,5,0,26,1.0,0.16129032258064516,0.0,1.6129032258064517,3.1,1.6129032258064515
decline_event_next,canopy_only,SVM,test,annual_topk,2024.0,fixed_k,10.0,10,50,31,0.62,10,0,21,1.0,0.3225806451612903,0.0,1.6129032258064517,6.2,1.6129032258064515
decline_event_next,canopy_only,SVM,test,annual_topk,2024.0,fixed_k,15.0,15,50,31,0.62,15,0,16,1.0,0.4838709677419355,0.0,1.6129032258064517,9.3,1.6129032258064515
decline_event_next,canopy_only,SVM,test,annual_topk,2024.0,fixed_k,20.0,20,50,31,0.62,20,0,11,1.0,0.6451612903225806,0.0,1.6129032258064517,12.4,1.6129032258064515
decline_event_next,canopy_only,SVM,test,annual_topk,2024.0,percent,0.1,5,50,31,0.62,5,0,26,1.0,0.16129032258064516,0.0,1.6129032258064517,3.1,1.6129032258064515
decline_event_next,canopy_only,SVM,test,annual_topk,2024.0,percent,0.2,10,50,31,0.62,10,0,21,1.0,0.3225806451612903,0.0,1.6129032258064517,6.2,1.6129032258064515
decline_event_next,canopy_only,SVM,test,annual_topk,2024.0,percent,0.3,15,50,31,0.62,15,0,16,1.0,0.4838709677419355,0.0,1.6129032258064517,9.3,1.6129032258064515
decline_event_next,canopy_only,SVM,test,annual_topk,2024.0,percent,0.4,20,50,31,0.62,20,0,11,1.0,0.6451612903225806,0.0,1.6129032258064517,12.4,1.6129032258064515
decline_event_next,canopy_only,SVM,test,annual_topk,2024.0,percent,0.5,25,50,31,0.62,23,2,8,0.92,0.7419354838709677,0.08,1.4838709677419355,15.5,1.4838709677419355
decline_event_next,canopy_only,XGBoost,test,annual_topk,2021.0,fixed_k,1.0,1,50,24,0.48,1,0,23,1.0,0.041666666666666664,0.0,2.0833333333333335,0.48,2.0833333333333335
decline_event_next,canopy_only,XGBoost,test,annual_topk,2021.0,fixed_k,3.0,3,50,24,0.48,3,0,21,1.0,0.125,0.0,2.0833333333333335,1.44,2.0833333333333335
decline_event_next,canopy_only,XGBoost,test,annual_topk,2021.0,fixed_k,5.0,5,50,24,0.48,5,0,19,1.0,0.20833333333333334,0.0,2.0833333333333335,2.4,2.0833333333333335
decline_event_next,canopy_only,XGBoost,test,annual_topk,2021.0,fixed_k,10.0,10,50,24,0.48,9,1,15,0.9,0.375,0.1,1.8750000000000002,4.8,1.875
decline_event_next,canopy_only,XGBoost,test,annual_topk,2021.0,fixed_k,15.0,15,50,24,0.48,11,4,13,0.7333333333333333,0.4583333333333333,0.26666666666666666,1.5277777777777777,7.199999999999999,1.527777777777778
decline_event_next,canopy_only,XGBoost,test,annual_topk,2021.0,fixed_k,20.0,20,50,24,0.48,14,6,10,0.7,0.5833333333333334,0.3,1.4583333333333333,9.6,1.4583333333333335
decline_event_next,canopy_only,XGBoost,test,annual_topk,2021.0,percent,0.1,5,50,24,0.48,5,0,19,1.0,0.20833333333333334,0.0,2.0833333333333335,2.4,2.0833333333333335
decline_event_next,canopy_only,XGBoost,test,annual_topk,2021.0,percent,0.2,10,50,24,0.48,9,1,15,0.9,0.375,0.1,1.8750000000000002,4.8,1.875
decline_event_next,canopy_only,XGBoost,test,annual_topk,2021.0,percent,0.3,15,50,24,0.48,11,4,13,0.7333333333333333,0.4583333333333333,0.26666666666666666,1.5277777777777777,7.199999999999999,1.527777777777778
decline_event_next,canopy_only,XGBoost,test,annual_topk,2021.0,percent,0.4,20,50,24,0.48,14,6,10,0.7,0.5833333333333334,0.3,1.4583333333333333,9.6,1.4583333333333335
decline_event_next,canopy_only,XGBoost,test,annual_topk,2021.0,percent,0.5,25,50,24,0.48,16,9,8,0.64,0.6666666666666666,0.36,1.3333333333333335,12.0,1.3333333333333333
decline_event_next,canopy_only,XGBoost,test,annual_topk,2022.0,fixed_k,1.0,1,50,42,0.84,1,0,41,1.0,0.023809523809523808,0.0,1.1904761904761905,0.84,1.1904761904761905
decline_event_next,canopy_only,XGBoost,test,annual_topk,2022.0,fixed_k,3.0,3,50,42,0.84,3,0,39,1.0,0.07142857142857142,0.0,1.1904761904761905,2.52,1.1904761904761905
decline_event_next,canopy_only,XGBoost,test,annual_topk,2022.0,fixed_k,5.0,5,50,42,0.84,5,0,37,1.0,0.11904761904761904,0.0,1.1904761904761905,4.2,1.1904761904761905
decline_event_next,canopy_only,XGBoost,test,annual_topk,2022.0,fixed_k,10.0,10,50,42,0.84,10,0,32,1.0,0.23809523809523808,0.0,1.1904761904761905,8.4,1.1904761904761905
decline_event_next,canopy_only,XGBoost,test,annual_topk,2022.0,fixed_k,15.0,15,50,42,0.84,15,0,27,1.0,0.35714285714285715,0.0,1.1904761904761905,12.6,1.1904761904761905
decline_event_next,canopy_only,XGBoost,test,annual_topk,2022.0,fixed_k,20.0,20,50,42,0.84,20,0,22,1.0,0.47619047619047616,0.0,1.1904761904761905,16.8,1.1904761904761905
decline_event_next,canopy_only,XGBoost,test,annual_topk,2022.0,percent,0.1,5,50,42,0.84,5,0,37,1.0,0.11904761904761904,0.0,1.1904761904761905,4.2,1.1904761904761905
decline_event_next,canopy_only,XGBoost,test,annual_topk,2022.0,percent,0.2,10,50,42,0.84,10,0,32,1.0,0.23809523809523808,0.0,1.1904761904761905,8.4,1.1904761904761905
decline_event_next,canopy_only,XGBoost,test,annual_topk,2022.0,percent,0.3,15,50,42,0.84,15,0,27,1.0,0.35714285714285715,0.0,1.1904761904761905,12.6,1.1904761904761905
decline_event_next,canopy_only,XGBoost,test,annual_topk,2022.0,percent,0.4,20,50,42,0.84,20,0,22,1.0,0.47619047619047616,0.0,1.1904761904761905,16.8,1.1904761904761905
decline_event_next,canopy_only,XGBoost,test,annual_topk,2022.0,percent,0.5,25,50,42,0.84,22,3,20,0.88,0.5238095238095238,0.12,1.0476190476190477,21.0,1.0476190476190477
decline_event_next,canopy_only,XGBoost,test,annual_topk,2023.0,fixed_k,1.0,1,50,37,0.74,1,0,36,1.0,0.02702702702702703,0.0,1.3513513513513513,0.74,1.3513513513513513
decline_event_next,canopy_only,XGBoost,test,annual_topk,2023.0,fixed_k,3.0,3,50,37,0.74,3,0,34,1.0,0.08108108108108109,0.0,1.3513513513513513,2.2199999999999998,1.3513513513513515
decline_event_next,canopy_only,XGBoost,test,annual_topk,2023.0,fixed_k,5.0,5,50,37,0.74,5,0,32,1.0,0.13513513513513514,0.0,1.3513513513513513,3.7,1.3513513513513513
decline_event_next,canopy_only,XGBoost,test,annual_topk,2023.0,fixed_k,10.0,10,50,37,0.74,10,0,27,1.0,0.2702702702702703,0.0,1.3513513513513513,7.4,1.3513513513513513
decline_event_next,canopy_only,XGBoost,test,annual_topk,2023.0,fixed_k,15.0,15,50,37,0.74,13,2,24,0.8666666666666667,0.35135135135135137,0.13333333333333333,1.1711711711711712,11.1,1.1711711711711712
decline_event_next,canopy_only,XGBoost,test,annual_topk,2023.0,fixed_k,20.0,20,50,37,0.74,17,3,20,0.85,0.4594594594594595,0.15,1.1486486486486487,14.8,1.1486486486486487
decline_event_next,canopy_only,XGBoost,test,annual_topk,2023.0,percent,0.1,5,50,37,0.74,5,0,32,1.0,0.13513513513513514,0.0,1.3513513513513513,3.7,1.3513513513513513
decline_event_next,canopy_only,XGBoost,test,annual_topk,2023.0,percent,0.2,10,50,37,0.74,10,0,27,1.0,0.2702702702702703,0.0,1.3513513513513513,7.4,1.3513513513513513
decline_event_next,canopy_only,XGBoost,test,annual_topk,2023.0,percent,0.3,15,50,37,0.74,13,2,24,0.8666666666666667,0.35135135135135137,0.13333333333333333,1.1711711711711712,11.1,1.1711711711711712
decline_event_next,canopy_only,XGBoost,test,annual_topk,2023.0,percent,0.4,20,50,37,0.74,17,3,20,0.85,0.4594594594594595,0.15,1.1486486486486487,14.8,1.1486486486486487
decline_event_next,canopy_only,XGBoost,test,annual_topk,2023.0,percent,0.5,25,50,37,0.74,22,3,15,0.88,0.5945945945945946,0.12,1.1891891891891893,18.5,1.1891891891891893
decline_event_next,canopy_only,XGBoost,test,annual_topk,2024.0,fixed_k,1.0,1,50,31,0.62,1,0,30,1.0,0.03225806451612903,0.0,1.6129032258064517,0.62,1.6129032258064517
decline_event_next,canopy_only,XGBoost,test,annual_topk,2024.0,fixed_k,3.0,3,50,31,0.62,3,0,28,1.0,0.0967741935483871,0.0,1.6129032258064517,1.8599999999999999,1.6129032258064517
decline_event_next,canopy_only,XGBoost,test,annual_topk,2024.0,fixed_k,5.0,5,50,31,0.62,5,0,26,1.0,0.16129032258064516,0.0,1.6129032258064517,3.1,1.6129032258064515
decline_event_next,canopy_only,XGBoost,test,annual_topk,2024.0,fixed_k,10.0,10,50,31,0.62,10,0,21,1.0,0.3225806451612903,0.0,1.6129032258064517,6.2,1.6129032258064515
decline_event_next,canopy_only,XGBoost,test,annual_topk,2024.0,fixed_k,15.0,15,50,31,0.62,15,0,16,1.0,0.4838709677419355,0.0,1.6129032258064517,9.3,1.6129032258064515
decline_event_next,canopy_only,XGBoost,test,annual_topk,2024.0,fixed_k,20.0,20,50,31,0.62,19,1,12,0.95,0.6129032258064516,0.05,1.532258064516129,12.4,1.532258064516129
decline_event_next,canopy_only,XGBoost,test,annual_topk,2024.0,percent,0.1,5,50,31,0.62,5,0,26,1.0,0.16129032258064516,0.0,1.6129032258064517,3.1,1.6129032258064515
decline_event_next,canopy_only,XGBoost,test,annual_topk,2024.0,percent,0.2,10,50,31,0.62,10,0,21,1.0,0.3225806451612903,0.0,1.6129032258064517,6.2,1.6129032258064515
decline_event_next,canopy_only,XGBoost,test,annual_topk,2024.0,percent,0.3,15,50,31,0.62,15,0,16,1.0,0.4838709677419355,0.0,1.6129032258064517,9.3,1.6129032258064515
decline_event_next,canopy_only,XGBoost,test,annual_topk,2024.0,percent,0.4,20,50,31,0.62,19,1,12,0.95,0.6129032258064516,0.05,1.532258064516129,12.4,1.532258064516129
decline_event_next,canopy_only,XGBoost,test,annual_topk,2024.0,percent,0.5,25,50,31,0.62,23,2,8,0.92,0.7419354838709677,0.08,1.4838709677419355,15.5,1.4838709677419355
decline_event_next,oisst_only,LightGBM,test,annual_topk,2021.0,fixed_k,1.0,1,50,24,0.48,0,1,24,0.0,0.0,1.0,0.0,0.48,0.0
decline_event_next,oisst_only,LightGBM,test,annual_topk,2021.0,fixed_k,3.0,3,50,24,0.48,1,2,23,0.3333333333333333,0.041666666666666664,0.6666666666666666,0.6944444444444444,1.44,0.6944444444444444
decline_event_next,oisst_only,LightGBM,test,annual_topk,2021.0,fixed_k,5.0,5,50,24,0.48,3,2,21,0.6,0.125,0.4,1.25,2.4,1.25
decline_event_next,oisst_only,LightGBM,test,annual_topk,2021.0,fixed_k,10.0,10,50,24,0.48,6,4,18,0.6,0.25,0.4,1.25,4.8,1.25
decline_event_next,oisst_only,LightGBM,test,annual_topk,2021.0,fixed_k,15.0,15,50,24,0.48,8,7,16,0.5333333333333333,0.3333333333333333,0.4666666666666667,1.1111111111111112,7.199999999999999,1.1111111111111112
decline_event_next,oisst_only,LightGBM,test,annual_topk,2021.0,fixed_k,20.0,20,50,24,0.48,10,10,14,0.5,0.4166666666666667,0.5,1.0416666666666667,9.6,1.0416666666666667
decline_event_next,oisst_only,LightGBM,test,annual_topk,2021.0,percent,0.1,5,50,24,0.48,3,2,21,0.6,0.125,0.4,1.25,2.4,1.25
decline_event_next,oisst_only,LightGBM,test,annual_topk,2021.0,percent,0.2,10,50,24,0.48,6,4,18,0.6,0.25,0.4,1.25,4.8,1.25
decline_event_next,oisst_only,LightGBM,test,annual_topk,2021.0,percent,0.3,15,50,24,0.48,8,7,16,0.5333333333333333,0.3333333333333333,0.4666666666666667,1.1111111111111112,7.199999999999999,1.1111111111111112
decline_event_next,oisst_only,LightGBM,test,annual_topk,2021.0,percent,0.4,20,50,24,0.48,10,10,14,0.5,0.4166666666666667,0.5,1.0416666666666667,9.6,1.0416666666666667
decline_event_next,oisst_only,LightGBM,test,annual_topk,2021.0,percent,0.5,25,50,24,0.48,11,14,13,0.44,0.4583333333333333,0.56,0.9166666666666667,12.0,0.9166666666666666
decline_event_next,oisst_only,LightGBM,test,annual_topk,2022.0,fixed_k,1.0,1,50,42,0.84,1,0,41,1.0,0.023809523809523808,0.0,1.1904761904761905,0.84,1.1904761904761905
decline_event_next,oisst_only,LightGBM,test,annual_topk,2022.0,fixed_k,3.0,3,50,42,0.84,3,0,39,1.0,0.07142857142857142,0.0,1.1904761904761905,2.52,1.1904761904761905
decline_event_next,oisst_only,LightGBM,test,annual_topk,2022.0,fixed_k,5.0,5,50,42,0.84,5,0,37,1.0,0.11904761904761904,0.0,1.1904761904761905,4.2,1.1904761904761905
decline_event_next,oisst_only,LightGBM,test,annual_topk,2022.0,fixed_k,10.0,10,50,42,0.84,8,2,34,0.8,0.19047619047619047,0.2,0.9523809523809524,8.4,0.9523809523809523
decline_event_next,oisst_only,LightGBM,test,annual_topk,2022.0,fixed_k,15.0,15,50,42,0.84,12,3,30,0.8,0.2857142857142857,0.2,0.9523809523809524,12.6,0.9523809523809524
decline_event_next,oisst_only,LightGBM,test,annual_topk,2022.0,fixed_k,20.0,20,50,42,0.84,16,4,26,0.8,0.38095238095238093,0.2,0.9523809523809524,16.8,0.9523809523809523
decline_event_next,oisst_only,LightGBM,test,annual_topk,2022.0,percent,0.1,5,50,42,0.84,5,0,37,1.0,0.11904761904761904,0.0,1.1904761904761905,4.2,1.1904761904761905
decline_event_next,oisst_only,LightGBM,test,annual_topk,2022.0,percent,0.2,10,50,42,0.84,8,2,34,0.8,0.19047619047619047,0.2,0.9523809523809524,8.4,0.9523809523809523
decline_event_next,oisst_only,LightGBM,test,annual_topk,2022.0,percent,0.3,15,50,42,0.84,12,3,30,0.8,0.2857142857142857,0.2,0.9523809523809524,12.6,0.9523809523809524
decline_event_next,oisst_only,LightGBM,test,annual_topk,2022.0,percent,0.4,20,50,42,0.84,16,4,26,0.8,0.38095238095238093,0.2,0.9523809523809524,16.8,0.9523809523809523
decline_event_next,oisst_only,LightGBM,test,annual_topk,2022.0,percent,0.5,25,50,42,0.84,20,5,22,0.8,0.47619047619047616,0.2,0.9523809523809524,21.0,0.9523809523809523
decline_event_next,oisst_only,LightGBM,test,annual_topk,2023.0,fixed_k,1.0,1,50,37,0.74,1,0,36,1.0,0.02702702702702703,0.0,1.3513513513513513,0.74,1.3513513513513513
decline_event_next,oisst_only,LightGBM,test,annual_topk,2023.0,fixed_k,3.0,3,50,37,0.74,2,1,35,0.6666666666666666,0.05405405405405406,0.3333333333333333,0.9009009009009009,2.2199999999999998,0.900900900900901
decline_event_next,oisst_only,LightGBM,test,annual_topk,2023.0,fixed_k,5.0,5,50,37,0.74,3,2,34,0.6,0.08108108108108109,0.4,0.8108108108108107,3.7,0.8108108108108107
decline_event_next,oisst_only,LightGBM,test,annual_topk,2023.0,fixed_k,10.0,10,50,37,0.74,5,5,32,0.5,0.13513513513513514,0.5,0.6756756756756757,7.4,0.6756756756756757
decline_event_next,oisst_only,LightGBM,test,annual_topk,2023.0,fixed_k,15.0,15,50,37,0.74,9,6,28,0.6,0.24324324324324326,0.4,0.8108108108108107,11.1,0.8108108108108109
decline_event_next,oisst_only,LightGBM,test,annual_topk,2023.0,fixed_k,20.0,20,50,37,0.74,13,7,24,0.65,0.35135135135135137,0.35,0.8783783783783784,14.8,0.8783783783783783
decline_event_next,oisst_only,LightGBM,test,annual_topk,2023.0,percent,0.1,5,50,37,0.74,3,2,34,0.6,0.08108108108108109,0.4,0.8108108108108107,3.7,0.8108108108108107
decline_event_next,oisst_only,LightGBM,test,annual_topk,2023.0,percent,0.2,10,50,37,0.74,5,5,32,0.5,0.13513513513513514,0.5,0.6756756756756757,7.4,0.6756756756756757
decline_event_next,oisst_only,LightGBM,test,annual_topk,2023.0,percent,0.3,15,50,37,0.74,9,6,28,0.6,0.24324324324324326,0.4,0.8108108108108107,11.1,0.8108108108108109
decline_event_next,oisst_only,LightGBM,test,annual_topk,2023.0,percent,0.4,20,50,37,0.74,13,7,24,0.65,0.35135135135135137,0.35,0.8783783783783784,14.8,0.8783783783783783
decline_event_next,oisst_only,LightGBM,test,annual_topk,2023.0,percent,0.5,25,50,37,0.74,18,7,19,0.72,0.4864864864864865,0.28,0.9729729729729729,18.5,0.972972972972973
decline_event_next,oisst_only,LightGBM,test,annual_topk,2024.0,fixed_k,1.0,1,50,31,0.62,1,0,30,1.0,0.03225806451612903,0.0,1.6129032258064517,0.62,1.6129032258064517
decline_event_next,oisst_only,LightGBM,test,annual_topk,2024.0,fixed_k,3.0,3,50,31,0.62,3,0,28,1.0,0.0967741935483871,0.0,1.6129032258064517,1.8599999999999999,1.6129032258064517
decline_event_next,oisst_only,LightGBM,test,annual_topk,2024.0,fixed_k,5.0,5,50,31,0.62,4,1,27,0.8,0.12903225806451613,0.2,1.2903225806451615,3.1,1.2903225806451613
decline_event_next,oisst_only,LightGBM,test,annual_topk,2024.0,fixed_k,10.0,10,50,31,0.62,7,3,24,0.7,0.22580645161290322,0.3,1.129032258064516,6.2,1.129032258064516
decline_event_next,oisst_only,LightGBM,test,annual_topk,2024.0,fixed_k,15.0,15,50,31,0.62,12,3,19,0.8,0.3870967741935484,0.2,1.2903225806451615,9.3,1.2903225806451613
decline_event_next,oisst_only,LightGBM,test,annual_topk,2024.0,fixed_k,20.0,20,50,31,0.62,15,5,16,0.75,0.4838709677419355,0.25,1.2096774193548387,12.4,1.2096774193548387
decline_event_next,oisst_only,LightGBM,test,annual_topk,2024.0,percent,0.1,5,50,31,0.62,4,1,27,0.8,0.12903225806451613,0.2,1.2903225806451615,3.1,1.2903225806451613
decline_event_next,oisst_only,LightGBM,test,annual_topk,2024.0,percent,0.2,10,50,31,0.62,7,3,24,0.7,0.22580645161290322,0.3,1.129032258064516,6.2,1.129032258064516
decline_event_next,oisst_only,LightGBM,test,annual_topk,2024.0,percent,0.3,15,50,31,0.62,12,3,19,0.8,0.3870967741935484,0.2,1.2903225806451615,9.3,1.2903225806451613
decline_event_next,oisst_only,LightGBM,test,annual_topk,2024.0,percent,0.4,20,50,31,0.62,15,5,16,0.75,0.4838709677419355,0.25,1.2096774193548387,12.4,1.2096774193548387
decline_event_next,oisst_only,LightGBM,test,annual_topk,2024.0,percent,0.5,25,50,31,0.62,18,7,13,0.72,0.5806451612903226,0.28,1.161290322580645,15.5,1.1612903225806452
decline_event_next,oisst_only,Logistic Regression,test,annual_topk,2021.0,fixed_k,1.0,1,50,24,0.48,0,1,24,0.0,0.0,1.0,0.0,0.48,0.0
decline_event_next,oisst_only,Logistic Regression,test,annual_topk,2021.0,fixed_k,3.0,3,50,24,0.48,0,3,24,0.0,0.0,1.0,0.0,1.44,0.0
decline_event_next,oisst_only,Logistic Regression,test,annual_topk,2021.0,fixed_k,5.0,5,50,24,0.48,2,3,22,0.4,0.08333333333333333,0.6,0.8333333333333334,2.4,0.8333333333333334
decline_event_next,oisst_only,Logistic Regression,test,annual_topk,2021.0,fixed_k,10.0,10,50,24,0.48,3,7,21,0.3,0.125,0.7,0.625,4.8,0.625
decline_event_next,oisst_only,Logistic Regression,test,annual_topk,2021.0,fixed_k,15.0,15,50,24,0.48,5,10,19,0.3333333333333333,0.20833333333333334,0.6666666666666666,0.6944444444444444,7.199999999999999,0.6944444444444445
decline_event_next,oisst_only,Logistic Regression,test,annual_topk,2021.0,fixed_k,20.0,20,50,24,0.48,7,13,17,0.35,0.2916666666666667,0.65,0.7291666666666666,9.6,0.7291666666666667
decline_event_next,oisst_only,Logistic Regression,test,annual_topk,2021.0,percent,0.1,5,50,24,0.48,2,3,22,0.4,0.08333333333333333,0.6,0.8333333333333334,2.4,0.8333333333333334
decline_event_next,oisst_only,Logistic Regression,test,annual_topk,2021.0,percent,0.2,10,50,24,0.48,3,7,21,0.3,0.125,0.7,0.625,4.8,0.625
decline_event_next,oisst_only,Logistic Regression,test,annual_topk,2021.0,percent,0.3,15,50,24,0.48,5,10,19,0.3333333333333333,0.20833333333333334,0.6666666666666666,0.6944444444444444,7.199999999999999,0.6944444444444445
decline_event_next,oisst_only,Logistic Regression,test,annual_topk,2021.0,percent,0.4,20,50,24,0.48,7,13,17,0.35,0.2916666666666667,0.65,0.7291666666666666,9.6,0.7291666666666667
decline_event_next,oisst_only,Logistic Regression,test,annual_topk,2021.0,percent,0.5,25,50,24,0.48,8,17,16,0.32,0.3333333333333333,0.68,0.6666666666666667,12.0,0.6666666666666666
decline_event_next,oisst_only,Logistic Regression,test,annual_topk,2022.0,fixed_k,1.0,1,50,42,0.84,1,0,41,1.0,0.023809523809523808,0.0,1.1904761904761905,0.84,1.1904761904761905
decline_event_next,oisst_only,Logistic Regression,test,annual_topk,2022.0,fixed_k,3.0,3,50,42,0.84,3,0,39,1.0,0.07142857142857142,0.0,1.1904761904761905,2.52,1.1904761904761905
decline_event_next,oisst_only,Logistic Regression,test,annual_topk,2022.0,fixed_k,5.0,5,50,42,0.84,5,0,37,1.0,0.11904761904761904,0.0,1.1904761904761905,4.2,1.1904761904761905
decline_event_next,oisst_only,Logistic Regression,test,annual_topk,2022.0,fixed_k,10.0,10,50,42,0.84,10,0,32,1.0,0.23809523809523808,0.0,1.1904761904761905,8.4,1.1904761904761905
decline_event_next,oisst_only,Logistic Regression,test,annual_topk,2022.0,fixed_k,15.0,15,50,42,0.84,15,0,27,1.0,0.35714285714285715,0.0,1.1904761904761905,12.6,1.1904761904761905
decline_event_next,oisst_only,Logistic Regression,test,annual_topk,2022.0,fixed_k,20.0,20,50,42,0.84,20,0,22,1.0,0.47619047619047616,0.0,1.1904761904761905,16.8,1.1904761904761905
decline_event_next,oisst_only,Logistic Regression,test,annual_topk,2022.0,percent,0.1,5,50,42,0.84,5,0,37,1.0,0.11904761904761904,0.0,1.1904761904761905,4.2,1.1904761904761905
decline_event_next,oisst_only,Logistic Regression,test,annual_topk,2022.0,percent,0.2,10,50,42,0.84,10,0,32,1.0,0.23809523809523808,0.0,1.1904761904761905,8.4,1.1904761904761905
decline_event_next,oisst_only,Logistic Regression,test,annual_topk,2022.0,percent,0.3,15,50,42,0.84,15,0,27,1.0,0.35714285714285715,0.0,1.1904761904761905,12.6,1.1904761904761905
decline_event_next,oisst_only,Logistic Regression,test,annual_topk,2022.0,percent,0.4,20,50,42,0.84,20,0,22,1.0,0.47619047619047616,0.0,1.1904761904761905,16.8,1.1904761904761905
decline_event_next,oisst_only,Logistic Regression,test,annual_topk,2022.0,percent,0.5,25,50,42,0.84,25,0,17,1.0,0.5952380952380952,0.0,1.1904761904761905,21.0,1.1904761904761905
decline_event_next,oisst_only,Logistic Regression,test,annual_topk,2023.0,fixed_k,1.0,1,50,37,0.74,1,0,36,1.0,0.02702702702702703,0.0,1.3513513513513513,0.74,1.3513513513513513
decline_event_next,oisst_only,Logistic Regression,test,annual_topk,2023.0,fixed_k,3.0,3,50,37,0.74,2,1,35,0.6666666666666666,0.05405405405405406,0.3333333333333333,0.9009009009009009,2.2199999999999998,0.900900900900901
decline_event_next,oisst_only,Logistic Regression,test,annual_topk,2023.0,fixed_k,5.0,5,50,37,0.74,3,2,34,0.6,0.08108108108108109,0.4,0.8108108108108107,3.7,0.8108108108108107
decline_event_next,oisst_only,Logistic Regression,test,annual_topk,2023.0,fixed_k,10.0,10,50,37,0.74,7,3,30,0.7,0.1891891891891892,0.3,0.9459459459459459,7.4,0.9459459459459459
decline_event_next,oisst_only,Logistic Regression,test,annual_topk,2023.0,fixed_k,15.0,15,50,37,0.74,11,4,26,0.7333333333333333,0.2972972972972973,0.26666666666666666,0.990990990990991,11.1,0.990990990990991
decline_event_next,oisst_only,Logistic Regression,test,annual_topk,2023.0,fixed_k,20.0,20,50,37,0.74,16,4,21,0.8,0.43243243243243246,0.2,1.0810810810810811,14.8,1.081081081081081
decline_event_next,oisst_only,Logistic Regression,test,annual_topk,2023.0,percent,0.1,5,50,37,0.74,3,2,34,0.6,0.08108108108108109,0.4,0.8108108108108107,3.7,0.8108108108108107
decline_event_next,oisst_only,Logistic Regression,test,annual_topk,2023.0,percent,0.2,10,50,37,0.74,7,3,30,0.7,0.1891891891891892,0.3,0.9459459459459459,7.4,0.9459459459459459
decline_event_next,oisst_only,Logistic Regression,test,annual_topk,2023.0,percent,0.3,15,50,37,0.74,11,4,26,0.7333333333333333,0.2972972972972973,0.26666666666666666,0.990990990990991,11.1,0.990990990990991
decline_event_next,oisst_only,Logistic Regression,test,annual_topk,2023.0,percent,0.4,20,50,37,0.74,16,4,21,0.8,0.43243243243243246,0.2,1.0810810810810811,14.8,1.081081081081081
decline_event_next,oisst_only,Logistic Regression,test,annual_topk,2023.0,percent,0.5,25,50,37,0.74,21,4,16,0.84,0.5675675675675675,0.16,1.135135135135135,18.5,1.135135135135135
decline_event_next,oisst_only,Logistic Regression,test,annual_topk,2024.0,fixed_k,1.0,1,50,31,0.62,1,0,30,1.0,0.03225806451612903,0.0,1.6129032258064517,0.62,1.6129032258064517
decline_event_next,oisst_only,Logistic Regression,test,annual_topk,2024.0,fixed_k,3.0,3,50,31,0.62,3,0,28,1.0,0.0967741935483871,0.0,1.6129032258064517,1.8599999999999999,1.6129032258064517
decline_event_next,oisst_only,Logistic Regression,test,annual_topk,2024.0,fixed_k,5.0,5,50,31,0.62,5,0,26,1.0,0.16129032258064516,0.0,1.6129032258064517,3.1,1.6129032258064515
decline_event_next,oisst_only,Logistic Regression,test,annual_topk,2024.0,fixed_k,10.0,10,50,31,0.62,9,1,22,0.9,0.2903225806451613,0.1,1.4516129032258065,6.2,1.4516129032258065
decline_event_next,oisst_only,Logistic Regression,test,annual_topk,2024.0,fixed_k,15.0,15,50,31,0.62,10,5,21,0.6666666666666666,0.3225806451612903,0.3333333333333333,1.075268817204301,9.3,1.075268817204301
decline_event_next,oisst_only,Logistic Regression,test,annual_topk,2024.0,fixed_k,20.0,20,50,31,0.62,15,5,16,0.75,0.4838709677419355,0.25,1.2096774193548387,12.4,1.2096774193548387
decline_event_next,oisst_only,Logistic Regression,test,annual_topk,2024.0,percent,0.1,5,50,31,0.62,5,0,26,1.0,0.16129032258064516,0.0,1.6129032258064517,3.1,1.6129032258064515
decline_event_next,oisst_only,Logistic Regression,test,annual_topk,2024.0,percent,0.2,10,50,31,0.62,9,1,22,0.9,0.2903225806451613,0.1,1.4516129032258065,6.2,1.4516129032258065
decline_event_next,oisst_only,Logistic Regression,test,annual_topk,2024.0,percent,0.3,15,50,31,0.62,10,5,21,0.6666666666666666,0.3225806451612903,0.3333333333333333,1.075268817204301,9.3,1.075268817204301
decline_event_next,oisst_only,Logistic Regression,test,annual_topk,2024.0,percent,0.4,20,50,31,0.62,15,5,16,0.75,0.4838709677419355,0.25,1.2096774193548387,12.4,1.2096774193548387
decline_event_next,oisst_only,Logistic Regression,test,annual_topk,2024.0,percent,0.5,25,50,31,0.62,20,5,11,0.8,0.6451612903225806,0.2,1.2903225806451615,15.5,1.2903225806451613
decline_event_next,oisst_only,Random Forest,test,annual_topk,2021.0,fixed_k,1.0,1,50,24,0.48,0,1,24,0.0,0.0,1.0,0.0,0.48,0.0
decline_event_next,oisst_only,Random Forest,test,annual_topk,2021.0,fixed_k,3.0,3,50,24,0.48,1,2,23,0.3333333333333333,0.041666666666666664,0.6666666666666666,0.6944444444444444,1.44,0.6944444444444444
decline_event_next,oisst_only,Random Forest,test,annual_topk,2021.0,fixed_k,5.0,5,50,24,0.48,2,3,22,0.4,0.08333333333333333,0.6,0.8333333333333334,2.4,0.8333333333333334
decline_event_next,oisst_only,Random Forest,test,annual_topk,2021.0,fixed_k,10.0,10,50,24,0.48,4,6,20,0.4,0.16666666666666666,0.6,0.8333333333333334,4.8,0.8333333333333334
decline_event_next,oisst_only,Random Forest,test,annual_topk,2021.0,fixed_k,15.0,15,50,24,0.48,7,8,17,0.4666666666666667,0.2916666666666667,0.5333333333333333,0.9722222222222223,7.199999999999999,0.9722222222222223
decline_event_next,oisst_only,Random Forest,test,annual_topk,2021.0,fixed_k,20.0,20,50,24,0.48,11,9,13,0.55,0.4583333333333333,0.45,1.1458333333333335,9.6,1.1458333333333335
decline_event_next,oisst_only,Random Forest,test,annual_topk,2021.0,percent,0.1,5,50,24,0.48,2,3,22,0.4,0.08333333333333333,0.6,0.8333333333333334,2.4,0.8333333333333334
decline_event_next,oisst_only,Random Forest,test,annual_topk,2021.0,percent,0.2,10,50,24,0.48,4,6,20,0.4,0.16666666666666666,0.6,0.8333333333333334,4.8,0.8333333333333334
decline_event_next,oisst_only,Random Forest,test,annual_topk,2021.0,percent,0.3,15,50,24,0.48,7,8,17,0.4666666666666667,0.2916666666666667,0.5333333333333333,0.9722222222222223,7.199999999999999,0.9722222222222223
decline_event_next,oisst_only,Random Forest,test,annual_topk,2021.0,percent,0.4,20,50,24,0.48,11,9,13,0.55,0.4583333333333333,0.45,1.1458333333333335,9.6,1.1458333333333335
decline_event_next,oisst_only,Random Forest,test,annual_topk,2021.0,percent,0.5,25,50,24,0.48,14,11,10,0.56,0.5833333333333334,0.44,1.1666666666666667,12.0,1.1666666666666667
decline_event_next,oisst_only,Random Forest,test,annual_topk,2022.0,fixed_k,1.0,1,50,42,0.84,1,0,41,1.0,0.023809523809523808,0.0,1.1904761904761905,0.84,1.1904761904761905
decline_event_next,oisst_only,Random Forest,test,annual_topk,2022.0,fixed_k,3.0,3,50,42,0.84,3,0,39,1.0,0.07142857142857142,0.0,1.1904761904761905,2.52,1.1904761904761905
decline_event_next,oisst_only,Random Forest,test,annual_topk,2022.0,fixed_k,5.0,5,50,42,0.84,5,0,37,1.0,0.11904761904761904,0.0,1.1904761904761905,4.2,1.1904761904761905
decline_event_next,oisst_only,Random Forest,test,annual_topk,2022.0,fixed_k,10.0,10,50,42,0.84,10,0,32,1.0,0.23809523809523808,0.0,1.1904761904761905,8.4,1.1904761904761905
decline_event_next,oisst_only,Random Forest,test,annual_topk,2022.0,fixed_k,15.0,15,50,42,0.84,13,2,29,0.8666666666666667,0.30952380952380953,0.13333333333333333,1.0317460317460319,12.6,1.0317460317460319
decline_event_next,oisst_only,Random Forest,test,annual_topk,2022.0,fixed_k,20.0,20,50,42,0.84,17,3,25,0.85,0.40476190476190477,0.15,1.0119047619047619,16.8,1.0119047619047619
decline_event_next,oisst_only,Random Forest,test,annual_topk,2022.0,percent,0.1,5,50,42,0.84,5,0,37,1.0,0.11904761904761904,0.0,1.1904761904761905,4.2,1.1904761904761905
decline_event_next,oisst_only,Random Forest,test,annual_topk,2022.0,percent,0.2,10,50,42,0.84,10,0,32,1.0,0.23809523809523808,0.0,1.1904761904761905,8.4,1.1904761904761905
decline_event_next,oisst_only,Random Forest,test,annual_topk,2022.0,percent,0.3,15,50,42,0.84,13,2,29,0.8666666666666667,0.30952380952380953,0.13333333333333333,1.0317460317460319,12.6,1.0317460317460319
decline_event_next,oisst_only,Random Forest,test,annual_topk,2022.0,percent,0.4,20,50,42,0.84,17,3,25,0.85,0.40476190476190477,0.15,1.0119047619047619,16.8,1.0119047619047619
decline_event_next,oisst_only,Random Forest,test,annual_topk,2022.0,percent,0.5,25,50,42,0.84,21,4,21,0.84,0.5,0.16,1.0,21.0,1.0
decline_event_next,oisst_only,Random Forest,test,annual_topk,2023.0,fixed_k,1.0,1,50,37,0.74,1,0,36,1.0,0.02702702702702703,0.0,1.3513513513513513,0.74,1.3513513513513513
decline_event_next,oisst_only,Random Forest,test,annual_topk,2023.0,fixed_k,3.0,3,50,37,0.74,2,1,35,0.6666666666666666,0.05405405405405406,0.3333333333333333,0.9009009009009009,2.2199999999999998,0.900900900900901
decline_event_next,oisst_only,Random Forest,test,annual_topk,2023.0,fixed_k,5.0,5,50,37,0.74,3,2,34,0.6,0.08108108108108109,0.4,0.8108108108108107,3.7,0.8108108108108107
decline_event_next,oisst_only,Random Forest,test,annual_topk,2023.0,fixed_k,10.0,10,50,37,0.74,7,3,30,0.7,0.1891891891891892,0.3,0.9459459459459459,7.4,0.9459459459459459
decline_event_next,oisst_only,Random Forest,test,annual_topk,2023.0,fixed_k,15.0,15,50,37,0.74,12,3,25,0.8,0.32432432432432434,0.2,1.0810810810810811,11.1,1.0810810810810811
decline_event_next,oisst_only,Random Forest,test,annual_topk,2023.0,fixed_k,20.0,20,50,37,0.74,16,4,21,0.8,0.43243243243243246,0.2,1.0810810810810811,14.8,1.081081081081081
decline_event_next,oisst_only,Random Forest,test,annual_topk,2023.0,percent,0.1,5,50,37,0.74,3,2,34,0.6,0.08108108108108109,0.4,0.8108108108108107,3.7,0.8108108108108107
decline_event_next,oisst_only,Random Forest,test,annual_topk,2023.0,percent,0.2,10,50,37,0.74,7,3,30,0.7,0.1891891891891892,0.3,0.9459459459459459,7.4,0.9459459459459459
decline_event_next,oisst_only,Random Forest,test,annual_topk,2023.0,percent,0.3,15,50,37,0.74,12,3,25,0.8,0.32432432432432434,0.2,1.0810810810810811,11.1,1.0810810810810811
decline_event_next,oisst_only,Random Forest,test,annual_topk,2023.0,percent,0.4,20,50,37,0.74,16,4,21,0.8,0.43243243243243246,0.2,1.0810810810810811,14.8,1.081081081081081
decline_event_next,oisst_only,Random Forest,test,annual_topk,2023.0,percent,0.5,25,50,37,0.74,18,7,19,0.72,0.4864864864864865,0.28,0.9729729729729729,18.5,0.972972972972973
decline_event_next,oisst_only,Random Forest,test,annual_topk,2024.0,fixed_k,1.0,1,50,31,0.62,0,1,31,0.0,0.0,1.0,0.0,0.62,0.0
decline_event_next,oisst_only,Random Forest,test,annual_topk,2024.0,fixed_k,3.0,3,50,31,0.62,2,1,29,0.6666666666666666,0.06451612903225806,0.3333333333333333,1.075268817204301,1.8599999999999999,1.0752688172043012
decline_event_next,oisst_only,Random Forest,test,annual_topk,2024.0,fixed_k,5.0,5,50,31,0.62,4,1,27,0.8,0.12903225806451613,0.2,1.2903225806451615,3.1,1.2903225806451613
decline_event_next,oisst_only,Random Forest,test,annual_topk,2024.0,fixed_k,10.0,10,50,31,0.62,7,3,24,0.7,0.22580645161290322,0.3,1.129032258064516,6.2,1.129032258064516
decline_event_next,oisst_only,Random Forest,test,annual_topk,2024.0,fixed_k,15.0,15,50,31,0.62,12,3,19,0.8,0.3870967741935484,0.2,1.2903225806451615,9.3,1.2903225806451613
decline_event_next,oisst_only,Random Forest,test,annual_topk,2024.0,fixed_k,20.0,20,50,31,0.62,16,4,15,0.8,0.5161290322580645,0.2,1.2903225806451615,12.4,1.2903225806451613
decline_event_next,oisst_only,Random Forest,test,annual_topk,2024.0,percent,0.1,5,50,31,0.62,4,1,27,0.8,0.12903225806451613,0.2,1.2903225806451615,3.1,1.2903225806451613
decline_event_next,oisst_only,Random Forest,test,annual_topk,2024.0,percent,0.2,10,50,31,0.62,7,3,24,0.7,0.22580645161290322,0.3,1.129032258064516,6.2,1.129032258064516
decline_event_next,oisst_only,Random Forest,test,annual_topk,2024.0,percent,0.3,15,50,31,0.62,12,3,19,0.8,0.3870967741935484,0.2,1.2903225806451615,9.3,1.2903225806451613
decline_event_next,oisst_only,Random Forest,test,annual_topk,2024.0,percent,0.4,20,50,31,0.62,16,4,15,0.8,0.5161290322580645,0.2,1.2903225806451615,12.4,1.2903225806451613
decline_event_next,oisst_only,Random Forest,test,annual_topk,2024.0,percent,0.5,25,50,31,0.62,18,7,13,0.72,0.5806451612903226,0.28,1.161290322580645,15.5,1.1612903225806452
decline_event_next,oisst_only,SVM,test,annual_topk,2021.0,fixed_k,1.0,1,50,24,0.48,0,1,24,0.0,0.0,1.0,0.0,0.48,0.0
decline_event_next,oisst_only,SVM,test,annual_topk,2021.0,fixed_k,3.0,3,50,24,0.48,1,2,23,0.3333333333333333,0.041666666666666664,0.6666666666666666,0.6944444444444444,1.44,0.6944444444444444
decline_event_next,oisst_only,SVM,test,annual_topk,2021.0,fixed_k,5.0,5,50,24,0.48,3,2,21,0.6,0.125,0.4,1.25,2.4,1.25
decline_event_next,oisst_only,SVM,test,annual_topk,2021.0,fixed_k,10.0,10,50,24,0.48,4,6,20,0.4,0.16666666666666666,0.6,0.8333333333333334,4.8,0.8333333333333334
decline_event_next,oisst_only,SVM,test,annual_topk,2021.0,fixed_k,15.0,15,50,24,0.48,4,11,20,0.26666666666666666,0.16666666666666666,0.7333333333333333,0.5555555555555556,7.199999999999999,0.5555555555555556
decline_event_next,oisst_only,SVM,test,annual_topk,2021.0,fixed_k,20.0,20,50,24,0.48,5,15,19,0.25,0.20833333333333334,0.75,0.5208333333333334,9.6,0.5208333333333334
decline_event_next,oisst_only,SVM,test,annual_topk,2021.0,percent,0.1,5,50,24,0.48,3,2,21,0.6,0.125,0.4,1.25,2.4,1.25
decline_event_next,oisst_only,SVM,test,annual_topk,2021.0,percent,0.2,10,50,24,0.48,4,6,20,0.4,0.16666666666666666,0.6,0.8333333333333334,4.8,0.8333333333333334
decline_event_next,oisst_only,SVM,test,annual_topk,2021.0,percent,0.3,15,50,24,0.48,4,11,20,0.26666666666666666,0.16666666666666666,0.7333333333333333,0.5555555555555556,7.199999999999999,0.5555555555555556
decline_event_next,oisst_only,SVM,test,annual_topk,2021.0,percent,0.4,20,50,24,0.48,5,15,19,0.25,0.20833333333333334,0.75,0.5208333333333334,9.6,0.5208333333333334
decline_event_next,oisst_only,SVM,test,annual_topk,2021.0,percent,0.5,25,50,24,0.48,6,19,18,0.24,0.25,0.76,0.5,12.0,0.5
decline_event_next,oisst_only,SVM,test,annual_topk,2022.0,fixed_k,1.0,1,50,42,0.84,1,0,41,1.0,0.023809523809523808,0.0,1.1904761904761905,0.84,1.1904761904761905
decline_event_next,oisst_only,SVM,test,annual_topk,2022.0,fixed_k,3.0,3,50,42,0.84,3,0,39,1.0,0.07142857142857142,0.0,1.1904761904761905,2.52,1.1904761904761905
decline_event_next,oisst_only,SVM,test,annual_topk,2022.0,fixed_k,5.0,5,50,42,0.84,5,0,37,1.0,0.11904761904761904,0.0,1.1904761904761905,4.2,1.1904761904761905
decline_event_next,oisst_only,SVM,test,annual_topk,2022.0,fixed_k,10.0,10,50,42,0.84,10,0,32,1.0,0.23809523809523808,0.0,1.1904761904761905,8.4,1.1904761904761905
decline_event_next,oisst_only,SVM,test,annual_topk,2022.0,fixed_k,15.0,15,50,42,0.84,14,1,28,0.9333333333333333,0.3333333333333333,0.06666666666666667,1.1111111111111112,12.6,1.1111111111111112
decline_event_next,oisst_only,SVM,test,annual_topk,2022.0,fixed_k,20.0,20,50,42,0.84,19,1,23,0.95,0.4523809523809524,0.05,1.130952380952381,16.8,1.130952380952381
decline_event_next,oisst_only,SVM,test,annual_topk,2022.0,percent,0.1,5,50,42,0.84,5,0,37,1.0,0.11904761904761904,0.0,1.1904761904761905,4.2,1.1904761904761905
decline_event_next,oisst_only,SVM,test,annual_topk,2022.0,percent,0.2,10,50,42,0.84,10,0,32,1.0,0.23809523809523808,0.0,1.1904761904761905,8.4,1.1904761904761905
decline_event_next,oisst_only,SVM,test,annual_topk,2022.0,percent,0.3,15,50,42,0.84,14,1,28,0.9333333333333333,0.3333333333333333,0.06666666666666667,1.1111111111111112,12.6,1.1111111111111112
decline_event_next,oisst_only,SVM,test,annual_topk,2022.0,percent,0.4,20,50,42,0.84,19,1,23,0.95,0.4523809523809524,0.05,1.130952380952381,16.8,1.130952380952381
decline_event_next,oisst_only,SVM,test,annual_topk,2022.0,percent,0.5,25,50,42,0.84,22,3,20,0.88,0.5238095238095238,0.12,1.0476190476190477,21.0,1.0476190476190477
decline_event_next,oisst_only,SVM,test,annual_topk,2023.0,fixed_k,1.0,1,50,37,0.74,1,0,36,1.0,0.02702702702702703,0.0,1.3513513513513513,0.74,1.3513513513513513
decline_event_next,oisst_only,SVM,test,annual_topk,2023.0,fixed_k,3.0,3,50,37,0.74,2,1,35,0.6666666666666666,0.05405405405405406,0.3333333333333333,0.9009009009009009,2.2199999999999998,0.900900900900901
decline_event_next,oisst_only,SVM,test,annual_topk,2023.0,fixed_k,5.0,5,50,37,0.74,4,1,33,0.8,0.10810810810810811,0.2,1.0810810810810811,3.7,1.081081081081081
decline_event_next,oisst_only,SVM,test,annual_topk,2023.0,fixed_k,10.0,10,50,37,0.74,9,1,28,0.9,0.24324324324324326,0.1,1.2162162162162162,7.4,1.2162162162162162
decline_event_next,oisst_only,SVM,test,annual_topk,2023.0,fixed_k,15.0,15,50,37,0.74,13,2,24,0.8666666666666667,0.35135135135135137,0.13333333333333333,1.1711711711711712,11.1,1.1711711711711712
decline_event_next,oisst_only,SVM,test,annual_topk,2023.0,fixed_k,20.0,20,50,37,0.74,17,3,20,0.85,0.4594594594594595,0.15,1.1486486486486487,14.8,1.1486486486486487
decline_event_next,oisst_only,SVM,test,annual_topk,2023.0,percent,0.1,5,50,37,0.74,4,1,33,0.8,0.10810810810810811,0.2,1.0810810810810811,3.7,1.081081081081081
decline_event_next,oisst_only,SVM,test,annual_topk,2023.0,percent,0.2,10,50,37,0.74,9,1,28,0.9,0.24324324324324326,0.1,1.2162162162162162,7.4,1.2162162162162162
decline_event_next,oisst_only,SVM,test,annual_topk,2023.0,percent,0.3,15,50,37,0.74,13,2,24,0.8666666666666667,0.35135135135135137,0.13333333333333333,1.1711711711711712,11.1,1.1711711711711712
decline_event_next,oisst_only,SVM,test,annual_topk,2023.0,percent,0.4,20,50,37,0.74,17,3,20,0.85,0.4594594594594595,0.15,1.1486486486486487,14.8,1.1486486486486487
decline_event_next,oisst_only,SVM,test,annual_topk,2023.0,percent,0.5,25,50,37,0.74,19,6,18,0.76,0.5135135135135135,0.24,1.027027027027027,18.5,1.027027027027027
decline_event_next,oisst_only,SVM,test,annual_topk,2024.0,fixed_k,1.0,1,50,31,0.62,1,0,30,1.0,0.03225806451612903,0.0,1.6129032258064517,0.62,1.6129032258064517
decline_event_next,oisst_only,SVM,test,annual_topk,2024.0,fixed_k,3.0,3,50,31,0.62,3,0,28,1.0,0.0967741935483871,0.0,1.6129032258064517,1.8599999999999999,1.6129032258064517
decline_event_next,oisst_only,SVM,test,annual_topk,2024.0,fixed_k,5.0,5,50,31,0.62,5,0,26,1.0,0.16129032258064516,0.0,1.6129032258064517,3.1,1.6129032258064515
decline_event_next,oisst_only,SVM,test,annual_topk,2024.0,fixed_k,10.0,10,50,31,0.62,10,0,21,1.0,0.3225806451612903,0.0,1.6129032258064517,6.2,1.6129032258064515
decline_event_next,oisst_only,SVM,test,annual_topk,2024.0,fixed_k,15.0,15,50,31,0.62,13,2,18,0.8666666666666667,0.41935483870967744,0.13333333333333333,1.3978494623655915,9.3,1.3978494623655913
decline_event_next,oisst_only,SVM,test,annual_topk,2024.0,fixed_k,20.0,20,50,31,0.62,16,4,15,0.8,0.5161290322580645,0.2,1.2903225806451615,12.4,1.2903225806451613
decline_event_next,oisst_only,SVM,test,annual_topk,2024.0,percent,0.1,5,50,31,0.62,5,0,26,1.0,0.16129032258064516,0.0,1.6129032258064517,3.1,1.6129032258064515
decline_event_next,oisst_only,SVM,test,annual_topk,2024.0,percent,0.2,10,50,31,0.62,10,0,21,1.0,0.3225806451612903,0.0,1.6129032258064517,6.2,1.6129032258064515
decline_event_next,oisst_only,SVM,test,annual_topk,2024.0,percent,0.3,15,50,31,0.62,13,2,18,0.8666666666666667,0.41935483870967744,0.13333333333333333,1.3978494623655915,9.3,1.3978494623655913
decline_event_next,oisst_only,SVM,test,annual_topk,2024.0,percent,0.4,20,50,31,0.62,16,4,15,0.8,0.5161290322580645,0.2,1.2903225806451615,12.4,1.2903225806451613
decline_event_next,oisst_only,SVM,test,annual_topk,2024.0,percent,0.5,25,50,31,0.62,19,6,12,0.76,0.6129032258064516,0.24,1.2258064516129032,15.5,1.2258064516129032
decline_event_next,oisst_only,XGBoost,test,annual_topk,2021.0,fixed_k,1.0,1,50,24,0.48,0,1,24,0.0,0.0,1.0,0.0,0.48,0.0
decline_event_next,oisst_only,XGBoost,test,annual_topk,2021.0,fixed_k,3.0,3,50,24,0.48,0,3,24,0.0,0.0,1.0,0.0,1.44,0.0
decline_event_next,oisst_only,XGBoost,test,annual_topk,2021.0,fixed_k,5.0,5,50,24,0.48,1,4,23,0.2,0.041666666666666664,0.8,0.4166666666666667,2.4,0.4166666666666667
decline_event_next,oisst_only,XGBoost,test,annual_topk,2021.0,fixed_k,10.0,10,50,24,0.48,5,5,19,0.5,0.20833333333333334,0.5,1.0416666666666667,4.8,1.0416666666666667
decline_event_next,oisst_only,XGBoost,test,annual_topk,2021.0,fixed_k,15.0,15,50,24,0.48,8,7,16,0.5333333333333333,0.3333333333333333,0.4666666666666667,1.1111111111111112,7.199999999999999,1.1111111111111112
decline_event_next,oisst_only,XGBoost,test,annual_topk,2021.0,fixed_k,20.0,20,50,24,0.48,9,11,15,0.45,0.375,0.55,0.9375000000000001,9.6,0.9375
decline_event_next,oisst_only,XGBoost,test,annual_topk,2021.0,percent,0.1,5,50,24,0.48,1,4,23,0.2,0.041666666666666664,0.8,0.4166666666666667,2.4,0.4166666666666667
decline_event_next,oisst_only,XGBoost,test,annual_topk,2021.0,percent,0.2,10,50,24,0.48,5,5,19,0.5,0.20833333333333334,0.5,1.0416666666666667,4.8,1.0416666666666667
decline_event_next,oisst_only,XGBoost,test,annual_topk,2021.0,percent,0.3,15,50,24,0.48,8,7,16,0.5333333333333333,0.3333333333333333,0.4666666666666667,1.1111111111111112,7.199999999999999,1.1111111111111112
decline_event_next,oisst_only,XGBoost,test,annual_topk,2021.0,percent,0.4,20,50,24,0.48,9,11,15,0.45,0.375,0.55,0.9375000000000001,9.6,0.9375
decline_event_next,oisst_only,XGBoost,test,annual_topk,2021.0,percent,0.5,25,50,24,0.48,10,15,14,0.4,0.4166666666666667,0.6,0.8333333333333334,12.0,0.8333333333333334
decline_event_next,oisst_only,XGBoost,test,annual_topk,2022.0,fixed_k,1.0,1,50,42,0.84,1,0,41,1.0,0.023809523809523808,0.0,1.1904761904761905,0.84,1.1904761904761905
decline_event_next,oisst_only,XGBoost,test,annual_topk,2022.0,fixed_k,3.0,3,50,42,0.84,3,0,39,1.0,0.07142857142857142,0.0,1.1904761904761905,2.52,1.1904761904761905
decline_event_next,oisst_only,XGBoost,test,annual_topk,2022.0,fixed_k,5.0,5,50,42,0.84,5,0,37,1.0,0.11904761904761904,0.0,1.1904761904761905,4.2,1.1904761904761905
decline_event_next,oisst_only,XGBoost,test,annual_topk,2022.0,fixed_k,10.0,10,50,42,0.84,9,1,33,0.9,0.21428571428571427,0.1,1.0714285714285714,8.4,1.0714285714285714
decline_event_next,oisst_only,XGBoost,test,annual_topk,2022.0,fixed_k,15.0,15,50,42,0.84,13,2,29,0.8666666666666667,0.30952380952380953,0.13333333333333333,1.0317460317460319,12.6,1.0317460317460319
decline_event_next,oisst_only,XGBoost,test,annual_topk,2022.0,fixed_k,20.0,20,50,42,0.84,17,3,25,0.85,0.40476190476190477,0.15,1.0119047619047619,16.8,1.0119047619047619
decline_event_next,oisst_only,XGBoost,test,annual_topk,2022.0,percent,0.1,5,50,42,0.84,5,0,37,1.0,0.11904761904761904,0.0,1.1904761904761905,4.2,1.1904761904761905
decline_event_next,oisst_only,XGBoost,test,annual_topk,2022.0,percent,0.2,10,50,42,0.84,9,1,33,0.9,0.21428571428571427,0.1,1.0714285714285714,8.4,1.0714285714285714
decline_event_next,oisst_only,XGBoost,test,annual_topk,2022.0,percent,0.3,15,50,42,0.84,13,2,29,0.8666666666666667,0.30952380952380953,0.13333333333333333,1.0317460317460319,12.6,1.0317460317460319
decline_event_next,oisst_only,XGBoost,test,annual_topk,2022.0,percent,0.4,20,50,42,0.84,17,3,25,0.85,0.40476190476190477,0.15,1.0119047619047619,16.8,1.0119047619047619
decline_event_next,oisst_only,XGBoost,test,annual_topk,2022.0,percent,0.5,25,50,42,0.84,22,3,20,0.88,0.5238095238095238,0.12,1.0476190476190477,21.0,1.0476190476190477
decline_event_next,oisst_only,XGBoost,test,annual_topk,2023.0,fixed_k,1.0,1,50,37,0.74,1,0,36,1.0,0.02702702702702703,0.0,1.3513513513513513,0.74,1.3513513513513513
decline_event_next,oisst_only,XGBoost,test,annual_topk,2023.0,fixed_k,3.0,3,50,37,0.74,2,1,35,0.6666666666666666,0.05405405405405406,0.3333333333333333,0.9009009009009009,2.2199999999999998,0.900900900900901
decline_event_next,oisst_only,XGBoost,test,annual_topk,2023.0,fixed_k,5.0,5,50,37,0.74,4,1,33,0.8,0.10810810810810811,0.2,1.0810810810810811,3.7,1.081081081081081
decline_event_next,oisst_only,XGBoost,test,annual_topk,2023.0,fixed_k,10.0,10,50,37,0.74,8,2,29,0.8,0.21621621621621623,0.2,1.0810810810810811,7.4,1.081081081081081
decline_event_next,oisst_only,XGBoost,test,annual_topk,2023.0,fixed_k,15.0,15,50,37,0.74,12,3,25,0.8,0.32432432432432434,0.2,1.0810810810810811,11.1,1.0810810810810811
decline_event_next,oisst_only,XGBoost,test,annual_topk,2023.0,fixed_k,20.0,20,50,37,0.74,14,6,23,0.7,0.3783783783783784,0.3,0.9459459459459459,14.8,0.9459459459459459
decline_event_next,oisst_only,XGBoost,test,annual_topk,2023.0,percent,0.1,5,50,37,0.74,4,1,33,0.8,0.10810810810810811,0.2,1.0810810810810811,3.7,1.081081081081081
decline_event_next,oisst_only,XGBoost,test,annual_topk,2023.0,percent,0.2,10,50,37,0.74,8,2,29,0.8,0.21621621621621623,0.2,1.0810810810810811,7.4,1.081081081081081
decline_event_next,oisst_only,XGBoost,test,annual_topk,2023.0,percent,0.3,15,50,37,0.74,12,3,25,0.8,0.32432432432432434,0.2,1.0810810810810811,11.1,1.0810810810810811
decline_event_next,oisst_only,XGBoost,test,annual_topk,2023.0,percent,0.4,20,50,37,0.74,14,6,23,0.7,0.3783783783783784,0.3,0.9459459459459459,14.8,0.9459459459459459
decline_event_next,oisst_only,XGBoost,test,annual_topk,2023.0,percent,0.5,25,50,37,0.74,17,8,20,0.68,0.4594594594594595,0.32,0.918918918918919,18.5,0.918918918918919
decline_event_next,oisst_only,XGBoost,test,annual_topk,2024.0,fixed_k,1.0,1,50,31,0.62,1,0,30,1.0,0.03225806451612903,0.0,1.6129032258064517,0.62,1.6129032258064517
decline_event_next,oisst_only,XGBoost,test,annual_topk,2024.0,fixed_k,3.0,3,50,31,0.62,3,0,28,1.0,0.0967741935483871,0.0,1.6129032258064517,1.8599999999999999,1.6129032258064517
decline_event_next,oisst_only,XGBoost,test,annual_topk,2024.0,fixed_k,5.0,5,50,31,0.62,5,0,26,1.0,0.16129032258064516,0.0,1.6129032258064517,3.1,1.6129032258064515
decline_event_next,oisst_only,XGBoost,test,annual_topk,2024.0,fixed_k,10.0,10,50,31,0.62,9,1,22,0.9,0.2903225806451613,0.1,1.4516129032258065,6.2,1.4516129032258065
decline_event_next,oisst_only,XGBoost,test,annual_topk,2024.0,fixed_k,15.0,15,50,31,0.62,13,2,18,0.8666666666666667,0.41935483870967744,0.13333333333333333,1.3978494623655915,9.3,1.3978494623655913
decline_event_next,oisst_only,XGBoost,test,annual_topk,2024.0,fixed_k,20.0,20,50,31,0.62,17,3,14,0.85,0.5483870967741935,0.15,1.3709677419354838,12.4,1.3709677419354838
decline_event_next,oisst_only,XGBoost,test,annual_topk,2024.0,percent,0.1,5,50,31,0.62,5,0,26,1.0,0.16129032258064516,0.0,1.6129032258064517,3.1,1.6129032258064515
decline_event_next,oisst_only,XGBoost,test,annual_topk,2024.0,percent,0.2,10,50,31,0.62,9,1,22,0.9,0.2903225806451613,0.1,1.4516129032258065,6.2,1.4516129032258065
decline_event_next,oisst_only,XGBoost,test,annual_topk,2024.0,percent,0.3,15,50,31,0.62,13,2,18,0.8666666666666667,0.41935483870967744,0.13333333333333333,1.3978494623655915,9.3,1.3978494623655913
decline_event_next,oisst_only,XGBoost,test,annual_topk,2024.0,percent,0.4,20,50,31,0.62,17,3,14,0.85,0.5483870967741935,0.15,1.3709677419354838,12.4,1.3709677419354838
decline_event_next,oisst_only,XGBoost,test,annual_topk,2024.0,percent,0.5,25,50,31,0.62,20,5,11,0.8,0.6451612903225806,0.2,1.2903225806451615,15.5,1.2903225806451613
decline_event_next,canopy_noaa,LightGBM,test,pooled_topk,,fixed_k,5.0,5,200,134,0.67,5,0,129,1.0,0.03731343283582089,0.0,1.4925373134328357,3.35,1.4925373134328357
decline_event_next,canopy_noaa,LightGBM,test,pooled_topk,,fixed_k,10.0,10,200,134,0.67,10,0,124,1.0,0.07462686567164178,0.0,1.4925373134328357,6.7,1.4925373134328357
decline_event_next,canopy_noaa,LightGBM,test,pooled_topk,,fixed_k,20.0,20,200,134,0.67,19,1,115,0.95,0.1417910447761194,0.05,1.417910447761194,13.4,1.417910447761194
decline_event_next,canopy_noaa,LightGBM,test,pooled_topk,,fixed_k,50.0,50,200,134,0.67,44,6,90,0.88,0.3283582089552239,0.12,1.3134328358208955,33.5,1.3134328358208955
decline_event_next,canopy_noaa,LightGBM,test,pooled_topk,,fixed_k,100.0,100,200,134,0.67,80,20,54,0.8,0.5970149253731343,0.2,1.1940298507462686,67.0,1.1940298507462686
decline_event_next,canopy_noaa,LightGBM,test,pooled_topk,,percent,0.1,20,200,134,0.67,19,1,115,0.95,0.1417910447761194,0.05,1.417910447761194,13.4,1.417910447761194
decline_event_next,canopy_noaa,LightGBM,test,pooled_topk,,percent,0.2,40,200,134,0.67,36,4,98,0.9,0.26865671641791045,0.1,1.3432835820895521,26.8,1.3432835820895521
decline_event_next,canopy_noaa,LightGBM,test,pooled_topk,,percent,0.3,60,200,134,0.67,53,7,81,0.8833333333333333,0.39552238805970147,0.11666666666666667,1.3184079601990049,40.2,1.3184079601990049
decline_event_next,canopy_noaa,LightGBM,test,pooled_topk,,percent,0.4,80,200,134,0.67,64,16,70,0.8,0.47761194029850745,0.2,1.1940298507462686,53.6,1.1940298507462686
decline_event_next,canopy_noaa,LightGBM,test,pooled_topk,,percent,0.5,100,200,134,0.67,80,20,54,0.8,0.5970149253731343,0.2,1.1940298507462686,67.0,1.1940298507462686
decline_event_next,canopy_noaa,Logistic Regression,test,pooled_topk,,fixed_k,5.0,5,200,134,0.67,5,0,129,1.0,0.03731343283582089,0.0,1.4925373134328357,3.35,1.4925373134328357
decline_event_next,canopy_noaa,Logistic Regression,test,pooled_topk,,fixed_k,10.0,10,200,134,0.67,10,0,124,1.0,0.07462686567164178,0.0,1.4925373134328357,6.7,1.4925373134328357
decline_event_next,canopy_noaa,Logistic Regression,test,pooled_topk,,fixed_k,20.0,20,200,134,0.67,19,1,115,0.95,0.1417910447761194,0.05,1.417910447761194,13.4,1.417910447761194
decline_event_next,canopy_noaa,Logistic Regression,test,pooled_topk,,fixed_k,50.0,50,200,134,0.67,38,12,96,0.76,0.2835820895522388,0.24,1.1343283582089552,33.5,1.1343283582089552
decline_event_next,canopy_noaa,Logistic Regression,test,pooled_topk,,fixed_k,100.0,100,200,134,0.67,76,24,58,0.76,0.5671641791044776,0.24,1.1343283582089552,67.0,1.1343283582089552
decline_event_next,canopy_noaa,Logistic Regression,test,pooled_topk,,percent,0.1,20,200,134,0.67,19,1,115,0.95,0.1417910447761194,0.05,1.417910447761194,13.4,1.417910447761194
decline_event_next,canopy_noaa,Logistic Regression,test,pooled_topk,,percent,0.2,40,200,134,0.67,29,11,105,0.725,0.21641791044776118,0.275,1.0820895522388059,26.8,1.0820895522388059
decline_event_next,canopy_noaa,Logistic Regression,test,pooled_topk,,percent,0.3,60,200,134,0.67,44,16,90,0.7333333333333333,0.3283582089552239,0.26666666666666666,1.0945273631840795,40.2,1.0945273631840795
decline_event_next,canopy_noaa,Logistic Regression,test,pooled_topk,,percent,0.4,80,200,134,0.67,61,19,73,0.7625,0.4552238805970149,0.2375,1.138059701492537,53.6,1.1380597014925373
decline_event_next,canopy_noaa,Logistic Regression,test,pooled_topk,,percent,0.5,100,200,134,0.67,76,24,58,0.76,0.5671641791044776,0.24,1.1343283582089552,67.0,1.1343283582089552
decline_event_next,canopy_noaa,Random Forest,test,pooled_topk,,fixed_k,5.0,5,200,134,0.67,5,0,129,1.0,0.03731343283582089,0.0,1.4925373134328357,3.35,1.4925373134328357
decline_event_next,canopy_noaa,Random Forest,test,pooled_topk,,fixed_k,10.0,10,200,134,0.67,9,1,125,0.9,0.06716417910447761,0.1,1.3432835820895521,6.7,1.3432835820895521
decline_event_next,canopy_noaa,Random Forest,test,pooled_topk,,fixed_k,20.0,20,200,134,0.67,18,2,116,0.9,0.13432835820895522,0.1,1.3432835820895521,13.4,1.3432835820895521
decline_event_next,canopy_noaa,Random Forest,test,pooled_topk,,fixed_k,50.0,50,200,134,0.67,47,3,87,0.94,0.35074626865671643,0.06,1.4029850746268655,33.5,1.4029850746268657
decline_event_next,canopy_noaa,Random Forest,test,pooled_topk,,fixed_k,100.0,100,200,134,0.67,81,19,53,0.81,0.6044776119402985,0.19,1.208955223880597,67.0,1.208955223880597
decline_event_next,canopy_noaa,Random Forest,test,pooled_topk,,percent,0.1,20,200,134,0.67,18,2,116,0.9,0.13432835820895522,0.1,1.3432835820895521,13.4,1.3432835820895521
decline_event_next,canopy_noaa,Random Forest,test,pooled_topk,,percent,0.2,40,200,134,0.67,37,3,97,0.925,0.27611940298507465,0.075,1.380597014925373,26.8,1.380597014925373
decline_event_next,canopy_noaa,Random Forest,test,pooled_topk,,percent,0.3,60,200,134,0.67,56,4,78,0.9333333333333333,0.417910447761194,0.06666666666666667,1.3930348258706466,40.2,1.3930348258706466
decline_event_next,canopy_noaa,Random Forest,test,pooled_topk,,percent,0.4,80,200,134,0.67,70,10,64,0.875,0.5223880597014925,0.125,1.3059701492537312,53.6,1.3059701492537312
decline_event_next,canopy_noaa,Random Forest,test,pooled_topk,,percent,0.5,100,200,134,0.67,81,19,53,0.81,0.6044776119402985,0.19,1.208955223880597,67.0,1.208955223880597
decline_event_next,canopy_noaa,SVM,test,pooled_topk,,fixed_k,5.0,5,200,134,0.67,5,0,129,1.0,0.03731343283582089,0.0,1.4925373134328357,3.35,1.4925373134328357
decline_event_next,canopy_noaa,SVM,test,pooled_topk,,fixed_k,10.0,10,200,134,0.67,10,0,124,1.0,0.07462686567164178,0.0,1.4925373134328357,6.7,1.4925373134328357
decline_event_next,canopy_noaa,SVM,test,pooled_topk,,fixed_k,20.0,20,200,134,0.67,20,0,114,1.0,0.14925373134328357,0.0,1.4925373134328357,13.4,1.4925373134328357
decline_event_next,canopy_noaa,SVM,test,pooled_topk,,fixed_k,50.0,50,200,134,0.67,45,5,89,0.9,0.3358208955223881,0.1,1.3432835820895521,33.5,1.3432835820895523
decline_event_next,canopy_noaa,SVM,test,pooled_topk,,fixed_k,100.0,100,200,134,0.67,84,16,50,0.84,0.6268656716417911,0.16,1.253731343283582,67.0,1.2537313432835822
decline_event_next,canopy_noaa,SVM,test,pooled_topk,,percent,0.1,20,200,134,0.67,20,0,114,1.0,0.14925373134328357,0.0,1.4925373134328357,13.4,1.4925373134328357
decline_event_next,canopy_noaa,SVM,test,pooled_topk,,percent,0.2,40,200,134,0.67,35,5,99,0.875,0.26119402985074625,0.125,1.3059701492537312,26.8,1.3059701492537312
decline_event_next,canopy_noaa,SVM,test,pooled_topk,,percent,0.3,60,200,134,0.67,55,5,79,0.9166666666666666,0.41044776119402987,0.08333333333333333,1.3681592039800994,40.2,1.3681592039800994
decline_event_next,canopy_noaa,SVM,test,pooled_topk,,percent,0.4,80,200,134,0.67,71,9,63,0.8875,0.5298507462686567,0.1125,1.3246268656716416,53.6,1.3246268656716418
decline_event_next,canopy_noaa,SVM,test,pooled_topk,,percent,0.5,100,200,134,0.67,84,16,50,0.84,0.6268656716417911,0.16,1.253731343283582,67.0,1.2537313432835822
decline_event_next,canopy_noaa,XGBoost,test,pooled_topk,,fixed_k,5.0,5,200,134,0.67,5,0,129,1.0,0.03731343283582089,0.0,1.4925373134328357,3.35,1.4925373134328357
decline_event_next,canopy_noaa,XGBoost,test,pooled_topk,,fixed_k,10.0,10,200,134,0.67,10,0,124,1.0,0.07462686567164178,0.0,1.4925373134328357,6.7,1.4925373134328357
decline_event_next,canopy_noaa,XGBoost,test,pooled_topk,,fixed_k,20.0,20,200,134,0.67,20,0,114,1.0,0.14925373134328357,0.0,1.4925373134328357,13.4,1.4925373134328357
decline_event_next,canopy_noaa,XGBoost,test,pooled_topk,,fixed_k,50.0,50,200,134,0.67,41,9,93,0.82,0.30597014925373134,0.18,1.2238805970149251,33.5,1.2238805970149254
decline_event_next,canopy_noaa,XGBoost,test,pooled_topk,,fixed_k,100.0,100,200,134,0.67,79,21,55,0.79,0.5895522388059702,0.21,1.1791044776119404,67.0,1.1791044776119404
decline_event_next,canopy_noaa,XGBoost,test,pooled_topk,,percent,0.1,20,200,134,0.67,20,0,114,1.0,0.14925373134328357,0.0,1.4925373134328357,13.4,1.4925373134328357
decline_event_next,canopy_noaa,XGBoost,test,pooled_topk,,percent,0.2,40,200,134,0.67,35,5,99,0.875,0.26119402985074625,0.125,1.3059701492537312,26.8,1.3059701492537312
decline_event_next,canopy_noaa,XGBoost,test,pooled_topk,,percent,0.3,60,200,134,0.67,50,10,84,0.8333333333333334,0.373134328358209,0.16666666666666666,1.243781094527363,40.2,1.243781094527363
decline_event_next,canopy_noaa,XGBoost,test,pooled_topk,,percent,0.4,80,200,134,0.67,70,10,64,0.875,0.5223880597014925,0.125,1.3059701492537312,53.6,1.3059701492537312
decline_event_next,canopy_noaa,XGBoost,test,pooled_topk,,percent,0.5,100,200,134,0.67,79,21,55,0.79,0.5895522388059702,0.21,1.1791044776119404,67.0,1.1791044776119404
decline_event_next,canopy_only,LightGBM,test,pooled_topk,,fixed_k,5.0,5,200,134,0.67,5,0,129,1.0,0.03731343283582089,0.0,1.4925373134328357,3.35,1.4925373134328357
decline_event_next,canopy_only,LightGBM,test,pooled_topk,,fixed_k,10.0,10,200,134,0.67,10,0,124,1.0,0.07462686567164178,0.0,1.4925373134328357,6.7,1.4925373134328357
decline_event_next,canopy_only,LightGBM,test,pooled_topk,,fixed_k,20.0,20,200,134,0.67,20,0,114,1.0,0.14925373134328357,0.0,1.4925373134328357,13.4,1.4925373134328357
decline_event_next,canopy_only,LightGBM,test,pooled_topk,,fixed_k,50.0,50,200,134,0.67,48,2,86,0.96,0.3582089552238806,0.04,1.4328358208955223,33.5,1.4328358208955223
decline_event_next,canopy_only,LightGBM,test,pooled_topk,,fixed_k,100.0,100,200,134,0.67,86,14,48,0.86,0.6417910447761194,0.14,1.2835820895522387,67.0,1.2835820895522387
decline_event_next,canopy_only,LightGBM,test,pooled_topk,,percent,0.1,20,200,134,0.67,20,0,114,1.0,0.14925373134328357,0.0,1.4925373134328357,13.4,1.4925373134328357
decline_event_next,canopy_only,LightGBM,test,pooled_topk,,percent,0.2,40,200,134,0.67,39,1,95,0.975,0.291044776119403,0.025,1.4552238805970148,26.8,1.4552238805970148
decline_event_next,canopy_only,LightGBM,test,pooled_topk,,percent,0.3,60,200,134,0.67,56,4,78,0.9333333333333333,0.417910447761194,0.06666666666666667,1.3930348258706466,40.2,1.3930348258706466
decline_event_next,canopy_only,LightGBM,test,pooled_topk,,percent,0.4,80,200,134,0.67,71,9,63,0.8875,0.5298507462686567,0.1125,1.3246268656716416,53.6,1.3246268656716418
decline_event_next,canopy_only,LightGBM,test,pooled_topk,,percent,0.5,100,200,134,0.67,86,14,48,0.86,0.6417910447761194,0.14,1.2835820895522387,67.0,1.2835820895522387
decline_event_next,canopy_only,Logistic Regression,test,pooled_topk,,fixed_k,5.0,5,200,134,0.67,5,0,129,1.0,0.03731343283582089,0.0,1.4925373134328357,3.35,1.4925373134328357
decline_event_next,canopy_only,Logistic Regression,test,pooled_topk,,fixed_k,10.0,10,200,134,0.67,10,0,124,1.0,0.07462686567164178,0.0,1.4925373134328357,6.7,1.4925373134328357
decline_event_next,canopy_only,Logistic Regression,test,pooled_topk,,fixed_k,20.0,20,200,134,0.67,18,2,116,0.9,0.13432835820895522,0.1,1.3432835820895521,13.4,1.3432835820895521
decline_event_next,canopy_only,Logistic Regression,test,pooled_topk,,fixed_k,50.0,50,200,134,0.67,39,11,95,0.78,0.291044776119403,0.22,1.164179104477612,33.5,1.164179104477612
decline_event_next,canopy_only,Logistic Regression,test,pooled_topk,,fixed_k,100.0,100,200,134,0.67,83,17,51,0.83,0.6194029850746269,0.17,1.2388059701492535,67.0,1.2388059701492538
decline_event_next,canopy_only,Logistic Regression,test,pooled_topk,,percent,0.1,20,200,134,0.67,18,2,116,0.9,0.13432835820895522,0.1,1.3432835820895521,13.4,1.3432835820895521
decline_event_next,canopy_only,Logistic Regression,test,pooled_topk,,percent,0.2,40,200,134,0.67,33,7,101,0.825,0.2462686567164179,0.175,1.2313432835820894,26.8,1.2313432835820894
decline_event_next,canopy_only,Logistic Regression,test,pooled_topk,,percent,0.3,60,200,134,0.67,48,12,86,0.8,0.3582089552238806,0.2,1.1940298507462686,40.2,1.1940298507462686
decline_event_next,canopy_only,Logistic Regression,test,pooled_topk,,percent,0.4,80,200,134,0.67,67,13,67,0.8375,0.5,0.1625,1.25,53.6,1.25
decline_event_next,canopy_only,Logistic Regression,test,pooled_topk,,percent,0.5,100,200,134,0.67,83,17,51,0.83,0.6194029850746269,0.17,1.2388059701492535,67.0,1.2388059701492538
decline_event_next,canopy_only,Random Forest,test,pooled_topk,,fixed_k,5.0,5,200,134,0.67,5,0,129,1.0,0.03731343283582089,0.0,1.4925373134328357,3.35,1.4925373134328357
decline_event_next,canopy_only,Random Forest,test,pooled_topk,,fixed_k,10.0,10,200,134,0.67,10,0,124,1.0,0.07462686567164178,0.0,1.4925373134328357,6.7,1.4925373134328357
decline_event_next,canopy_only,Random Forest,test,pooled_topk,,fixed_k,20.0,20,200,134,0.67,20,0,114,1.0,0.14925373134328357,0.0,1.4925373134328357,13.4,1.4925373134328357
decline_event_next,canopy_only,Random Forest,test,pooled_topk,,fixed_k,50.0,50,200,134,0.67,49,1,85,0.98,0.3656716417910448,0.02,1.4626865671641789,33.5,1.462686567164179
decline_event_next,canopy_only,Random Forest,test,pooled_topk,,fixed_k,100.0,100,200,134,0.67,86,14,48,0.86,0.6417910447761194,0.14,1.2835820895522387,67.0,1.2835820895522387
decline_event_next,canopy_only,Random Forest,test,pooled_topk,,percent,0.1,20,200,134,0.67,20,0,114,1.0,0.14925373134328357,0.0,1.4925373134328357,13.4,1.4925373134328357
decline_event_next,canopy_only,Random Forest,test,pooled_topk,,percent,0.2,40,200,134,0.67,40,0,94,1.0,0.29850746268656714,0.0,1.4925373134328357,26.8,1.4925373134328357
decline_event_next,canopy_only,Random Forest,test,pooled_topk,,percent,0.3,60,200,134,0.67,56,4,78,0.9333333333333333,0.417910447761194,0.06666666666666667,1.3930348258706466,40.2,1.3930348258706466
decline_event_next,canopy_only,Random Forest,test,pooled_topk,,percent,0.4,80,200,134,0.67,73,7,61,0.9125,0.5447761194029851,0.0875,1.3619402985074627,53.6,1.3619402985074627
decline_event_next,canopy_only,Random Forest,test,pooled_topk,,percent,0.5,100,200,134,0.67,86,14,48,0.86,0.6417910447761194,0.14,1.2835820895522387,67.0,1.2835820895522387
decline_event_next,canopy_only,SVM,test,pooled_topk,,fixed_k,5.0,5,200,134,0.67,5,0,129,1.0,0.03731343283582089,0.0,1.4925373134328357,3.35,1.4925373134328357
decline_event_next,canopy_only,SVM,test,pooled_topk,,fixed_k,10.0,10,200,134,0.67,10,0,124,1.0,0.07462686567164178,0.0,1.4925373134328357,6.7,1.4925373134328357
decline_event_next,canopy_only,SVM,test,pooled_topk,,fixed_k,20.0,20,200,134,0.67,20,0,114,1.0,0.14925373134328357,0.0,1.4925373134328357,13.4,1.4925373134328357
decline_event_next,canopy_only,SVM,test,pooled_topk,,fixed_k,50.0,50,200,134,0.67,48,2,86,0.96,0.3582089552238806,0.04,1.4328358208955223,33.5,1.4328358208955223
decline_event_next,canopy_only,SVM,test,pooled_topk,,fixed_k,100.0,100,200,134,0.67,84,16,50,0.84,0.6268656716417911,0.16,1.253731343283582,67.0,1.2537313432835822
decline_event_next,canopy_only,SVM,test,pooled_topk,,percent,0.1,20,200,134,0.67,20,0,114,1.0,0.14925373134328357,0.0,1.4925373134328357,13.4,1.4925373134328357
decline_event_next,canopy_only,SVM,test,pooled_topk,,percent,0.2,40,200,134,0.67,38,2,96,0.95,0.2835820895522388,0.05,1.417910447761194,26.8,1.417910447761194
decline_event_next,canopy_only,SVM,test,pooled_topk,,percent,0.3,60,200,134,0.67,58,2,76,0.9666666666666667,0.43283582089552236,0.03333333333333333,1.4427860696517412,40.2,1.4427860696517412
decline_event_next,canopy_only,SVM,test,pooled_topk,,percent,0.4,80,200,134,0.67,72,8,62,0.9,0.5373134328358209,0.1,1.3432835820895521,53.6,1.3432835820895521
decline_event_next,canopy_only,SVM,test,pooled_topk,,percent,0.5,100,200,134,0.67,84,16,50,0.84,0.6268656716417911,0.16,1.253731343283582,67.0,1.2537313432835822
decline_event_next,canopy_only,XGBoost,test,pooled_topk,,fixed_k,5.0,5,200,134,0.67,5,0,129,1.0,0.03731343283582089,0.0,1.4925373134328357,3.35,1.4925373134328357
decline_event_next,canopy_only,XGBoost,test,pooled_topk,,fixed_k,10.0,10,200,134,0.67,10,0,124,1.0,0.07462686567164178,0.0,1.4925373134328357,6.7,1.4925373134328357
decline_event_next,canopy_only,XGBoost,test,pooled_topk,,fixed_k,20.0,20,200,134,0.67,20,0,114,1.0,0.14925373134328357,0.0,1.4925373134328357,13.4,1.4925373134328357
decline_event_next,canopy_only,XGBoost,test,pooled_topk,,fixed_k,50.0,50,200,134,0.67,47,3,87,0.94,0.35074626865671643,0.06,1.4029850746268655,33.5,1.4029850746268657
decline_event_next,canopy_only,XGBoost,test,pooled_topk,,fixed_k,100.0,100,200,134,0.67,85,15,49,0.85,0.6343283582089553,0.15,1.2686567164179103,67.0,1.2686567164179106
decline_event_next,canopy_only,XGBoost,test,pooled_topk,,percent,0.1,20,200,134,0.67,20,0,114,1.0,0.14925373134328357,0.0,1.4925373134328357,13.4,1.4925373134328357
decline_event_next,canopy_only,XGBoost,test,pooled_topk,,percent,0.2,40,200,134,0.67,39,1,95,0.975,0.291044776119403,0.025,1.4552238805970148,26.8,1.4552238805970148
decline_event_next,canopy_only,XGBoost,test,pooled_topk,,percent,0.3,60,200,134,0.67,54,6,80,0.9,0.40298507462686567,0.1,1.3432835820895521,40.2,1.3432835820895521
decline_event_next,canopy_only,XGBoost,test,pooled_topk,,percent,0.4,80,200,134,0.67,70,10,64,0.875,0.5223880597014925,0.125,1.3059701492537312,53.6,1.3059701492537312
decline_event_next,canopy_only,XGBoost,test,pooled_topk,,percent,0.5,100,200,134,0.67,85,15,49,0.85,0.6343283582089553,0.15,1.2686567164179103,67.0,1.2686567164179106
decline_event_next,oisst_only,LightGBM,test,pooled_topk,,fixed_k,5.0,5,200,134,0.67,5,0,129,1.0,0.03731343283582089,0.0,1.4925373134328357,3.35,1.4925373134328357
decline_event_next,oisst_only,LightGBM,test,pooled_topk,,fixed_k,10.0,10,200,134,0.67,7,3,127,0.7,0.05223880597014925,0.3,1.044776119402985,6.7,1.044776119402985
decline_event_next,oisst_only,LightGBM,test,pooled_topk,,fixed_k,20.0,20,200,134,0.67,11,9,123,0.55,0.08208955223880597,0.45,0.8208955223880597,13.4,0.8208955223880596
decline_event_next,oisst_only,LightGBM,test,pooled_topk,,fixed_k,50.0,50,200,134,0.67,34,16,100,0.68,0.2537313432835821,0.32,1.0149253731343284,33.5,1.0149253731343284
decline_event_next,oisst_only,LightGBM,test,pooled_topk,,fixed_k,100.0,100,200,134,0.67,66,34,68,0.66,0.4925373134328358,0.34,0.9850746268656716,67.0,0.9850746268656716
decline_event_next,oisst_only,LightGBM,test,pooled_topk,,percent,0.1,20,200,134,0.67,11,9,123,0.55,0.08208955223880597,0.45,0.8208955223880597,13.4,0.8208955223880596
decline_event_next,oisst_only,LightGBM,test,pooled_topk,,percent,0.2,40,200,134,0.67,28,12,106,0.7,0.208955223880597,0.3,1.044776119402985,26.8,1.044776119402985
decline_event_next,oisst_only,LightGBM,test,pooled_topk,,percent,0.3,60,200,134,0.67,42,18,92,0.7,0.31343283582089554,0.3,1.044776119402985,40.2,1.044776119402985
decline_event_next,oisst_only,LightGBM,test,pooled_topk,,percent,0.4,80,200,134,0.67,55,25,79,0.6875,0.41044776119402987,0.3125,1.0261194029850746,53.6,1.0261194029850746
decline_event_next,oisst_only,LightGBM,test,pooled_topk,,percent,0.5,100,200,134,0.67,66,34,68,0.66,0.4925373134328358,0.34,0.9850746268656716,67.0,0.9850746268656716
decline_event_next,oisst_only,Logistic Regression,test,pooled_topk,,fixed_k,5.0,5,200,134,0.67,5,0,129,1.0,0.03731343283582089,0.0,1.4925373134328357,3.35,1.4925373134328357
decline_event_next,oisst_only,Logistic Regression,test,pooled_topk,,fixed_k,10.0,10,200,134,0.67,9,1,125,0.9,0.06716417910447761,0.1,1.3432835820895521,6.7,1.3432835820895521
decline_event_next,oisst_only,Logistic Regression,test,pooled_topk,,fixed_k,20.0,20,200,134,0.67,15,5,119,0.75,0.11194029850746269,0.25,1.1194029850746268,13.4,1.1194029850746268
decline_event_next,oisst_only,Logistic Regression,test,pooled_topk,,fixed_k,50.0,50,200,134,0.67,35,15,99,0.7,0.26119402985074625,0.3,1.044776119402985,33.5,1.044776119402985
decline_event_next,oisst_only,Logistic Regression,test,pooled_topk,,fixed_k,100.0,100,200,134,0.67,64,36,70,0.64,0.47761194029850745,0.36,0.9552238805970149,67.0,0.9552238805970149
decline_event_next,oisst_only,Logistic Regression,test,pooled_topk,,percent,0.1,20,200,134,0.67,15,5,119,0.75,0.11194029850746269,0.25,1.1194029850746268,13.4,1.1194029850746268
decline_event_next,oisst_only,Logistic Regression,test,pooled_topk,,percent,0.2,40,200,134,0.67,29,11,105,0.725,0.21641791044776118,0.275,1.0820895522388059,26.8,1.0820895522388059
decline_event_next,oisst_only,Logistic Regression,test,pooled_topk,,percent,0.3,60,200,134,0.67,41,19,93,0.6833333333333333,0.30597014925373134,0.31666666666666665,1.0199004975124377,40.2,1.0199004975124377
decline_event_next,oisst_only,Logistic Regression,test,pooled_topk,,percent,0.4,80,200,134,0.67,55,25,79,0.6875,0.41044776119402987,0.3125,1.0261194029850746,53.6,1.0261194029850746
decline_event_next,oisst_only,Logistic Regression,test,pooled_topk,,percent,0.5,100,200,134,0.67,64,36,70,0.64,0.47761194029850745,0.36,0.9552238805970149,67.0,0.9552238805970149
decline_event_next,oisst_only,Random Forest,test,pooled_topk,,fixed_k,5.0,5,200,134,0.67,4,1,130,0.8,0.029850746268656716,0.2,1.1940298507462686,3.35,1.1940298507462686
decline_event_next,oisst_only,Random Forest,test,pooled_topk,,fixed_k,10.0,10,200,134,0.67,8,2,126,0.8,0.05970149253731343,0.2,1.1940298507462686,6.7,1.1940298507462686
decline_event_next,oisst_only,Random Forest,test,pooled_topk,,fixed_k,20.0,20,200,134,0.67,15,5,119,0.75,0.11194029850746269,0.25,1.1194029850746268,13.4,1.1194029850746268
decline_event_next,oisst_only,Random Forest,test,pooled_topk,,fixed_k,50.0,50,200,134,0.67,39,11,95,0.78,0.291044776119403,0.22,1.164179104477612,33.5,1.164179104477612
decline_event_next,oisst_only,Random Forest,test,pooled_topk,,fixed_k,100.0,100,200,134,0.67,70,30,64,0.7,0.5223880597014925,0.3,1.044776119402985,67.0,1.044776119402985
decline_event_next,oisst_only,Random Forest,test,pooled_topk,,percent,0.1,20,200,134,0.67,15,5,119,0.75,0.11194029850746269,0.25,1.1194029850746268,13.4,1.1194029850746268
decline_event_next,oisst_only,Random Forest,test,pooled_topk,,percent,0.2,40,200,134,0.67,32,8,102,0.8,0.23880597014925373,0.2,1.1940298507462686,26.8,1.1940298507462686
decline_event_next,oisst_only,Random Forest,test,pooled_topk,,percent,0.3,60,200,134,0.67,43,17,91,0.7166666666666667,0.3208955223880597,0.2833333333333333,1.0696517412935322,40.2,1.0696517412935322
decline_event_next,oisst_only,Random Forest,test,pooled_topk,,percent,0.4,80,200,134,0.67,57,23,77,0.7125,0.4253731343283582,0.2875,1.0634328358208955,53.6,1.0634328358208955
decline_event_next,oisst_only,Random Forest,test,pooled_topk,,percent,0.5,100,200,134,0.67,70,30,64,0.7,0.5223880597014925,0.3,1.044776119402985,67.0,1.044776119402985
decline_event_next,oisst_only,SVM,test,pooled_topk,,fixed_k,5.0,5,200,134,0.67,5,0,129,1.0,0.03731343283582089,0.0,1.4925373134328357,3.35,1.4925373134328357
decline_event_next,oisst_only,SVM,test,pooled_topk,,fixed_k,10.0,10,200,134,0.67,10,0,124,1.0,0.07462686567164178,0.0,1.4925373134328357,6.7,1.4925373134328357
decline_event_next,oisst_only,SVM,test,pooled_topk,,fixed_k,20.0,20,200,134,0.67,17,3,117,0.85,0.12686567164179105,0.15,1.2686567164179103,13.4,1.2686567164179103
decline_event_next,oisst_only,SVM,test,pooled_topk,,fixed_k,50.0,50,200,134,0.67,39,11,95,0.78,0.291044776119403,0.22,1.164179104477612,33.5,1.164179104477612
decline_event_next,oisst_only,SVM,test,pooled_topk,,fixed_k,100.0,100,200,134,0.67,69,31,65,0.69,0.5149253731343284,0.31,1.0298507462686566,67.0,1.0298507462686568
decline_event_next,oisst_only,SVM,test,pooled_topk,,percent,0.1,20,200,134,0.67,17,3,117,0.85,0.12686567164179105,0.15,1.2686567164179103,13.4,1.2686567164179103
decline_event_next,oisst_only,SVM,test,pooled_topk,,percent,0.2,40,200,134,0.67,32,8,102,0.8,0.23880597014925373,0.2,1.1940298507462686,26.8,1.1940298507462686
decline_event_next,oisst_only,SVM,test,pooled_topk,,percent,0.3,60,200,134,0.67,47,13,87,0.7833333333333333,0.35074626865671643,0.21666666666666667,1.1691542288557213,40.2,1.1691542288557213
decline_event_next,oisst_only,SVM,test,pooled_topk,,percent,0.4,80,200,134,0.67,58,22,76,0.725,0.43283582089552236,0.275,1.0820895522388059,53.6,1.0820895522388059
decline_event_next,oisst_only,SVM,test,pooled_topk,,percent,0.5,100,200,134,0.67,69,31,65,0.69,0.5149253731343284,0.31,1.0298507462686566,67.0,1.0298507462686568
decline_event_next,oisst_only,XGBoost,test,pooled_topk,,fixed_k,5.0,5,200,134,0.67,5,0,129,1.0,0.03731343283582089,0.0,1.4925373134328357,3.35,1.4925373134328357
decline_event_next,oisst_only,XGBoost,test,pooled_topk,,fixed_k,10.0,10,200,134,0.67,9,1,125,0.9,0.06716417910447761,0.1,1.3432835820895521,6.7,1.3432835820895521
decline_event_next,oisst_only,XGBoost,test,pooled_topk,,fixed_k,20.0,20,200,134,0.67,17,3,117,0.85,0.12686567164179105,0.15,1.2686567164179103,13.4,1.2686567164179103
decline_event_next,oisst_only,XGBoost,test,pooled_topk,,fixed_k,50.0,50,200,134,0.67,36,14,98,0.72,0.26865671641791045,0.28,1.0746268656716418,33.5,1.0746268656716418
decline_event_next,oisst_only,XGBoost,test,pooled_topk,,fixed_k,100.0,100,200,134,0.67,69,31,65,0.69,0.5149253731343284,0.31,1.0298507462686566,67.0,1.0298507462686568
decline_event_next,oisst_only,XGBoost,test,pooled_topk,,percent,0.1,20,200,134,0.67,17,3,117,0.85,0.12686567164179105,0.15,1.2686567164179103,13.4,1.2686567164179103
decline_event_next,oisst_only,XGBoost,test,pooled_topk,,percent,0.2,40,200,134,0.67,30,10,104,0.75,0.22388059701492538,0.25,1.1194029850746268,26.8,1.1194029850746268
decline_event_next,oisst_only,XGBoost,test,pooled_topk,,percent,0.3,60,200,134,0.67,42,18,92,0.7,0.31343283582089554,0.3,1.044776119402985,40.2,1.044776119402985
decline_event_next,oisst_only,XGBoost,test,pooled_topk,,percent,0.4,80,200,134,0.67,59,21,75,0.7375,0.44029850746268656,0.2625,1.1007462686567164,53.6,1.1007462686567164
decline_event_next,oisst_only,XGBoost,test,pooled_topk,,percent,0.5,100,200,134,0.67,69,31,65,0.69,0.5149253731343284,0.31,1.0298507462686566,67.0,1.0298507462686568
