site_id,year,latitude,longitude,region_group,grazing_log1p,rock_probability,depth_m,kelp_species_contrast,n_transects
3_PALMS_EAST VRG,2008,33.7181,-118.3326,Southern California,3.8648676656925254,0.673324275,8.711276934,-2.6735537653587342,4
ABALONE_COVE_KELP_W VRG,2010,33.73922,-118.3879,Southern California,5.108418685868243,0.516933226,10.28960629,-2.5619819897016294,4
ABALONE_COVE_KELP_W VRG,2011,33.73922,-118.3879,Southern California,6.383333976789548,0.516933226,10.28960629,-2.6441335153472676,4
ABALONE_COVE_KELP_W VRG,2012,33.73922,-118.3879,Southern California,5.915180247785679,0.516933226,10.28960629,-0.8047189562170501,4
ABALONE_COVE_KELP_W VRG,2013,33.73922,-118.3879,Southern California,5.832900523245385,0.516933226,10.28960629,0.0,4
ABALONE_COVE_KELP_W VRG,2014,33.73922,-118.3879,Southern California,5.597433327929865,0.516933226,10.28960629,0.0,4
ABALONE_COVE_KELP_W VRG,2015,33.73922,-118.3879,Southern California,2.1383330595080277,0.516933226,10.28960629,-3.020127355638707,6
ABALONE_COVE_KELP_W VRG,2016,33.73922,-118.3879,Southern California,2.0871936349478184,0.516933226,10.28960629,-3.5964671106078994,6
ABALONE_COVE_KELP_W VRG,2017,33.73922,-118.3879,Southern California,0.6931471805599453,0.516933226,10.28960629,-3.784705896225356,6
ABALONE_COVE_KELP_W VRG,2018,33.73922,-118.3879,Southern California,2.418140953475739,0.516933226,10.28960629,-3.7373860911989354,8
ABALONE_COVE_KELP_W VRG,2019,33.73922,-118.3879,Southern California,1.3862943611198906,0.516933226,10.28960629,-3.5400132499612953,8
ABALONE_COVE_KELP_W VRG,2020,33.73922,-118.3879,Southern California,1.0986122886681098,0.516933226,10.28960629,-2.772588722239781,5
ANACAPA_MIDDLE_ISLE_CEN UCSB,2000,34.01006,-119.3878,Southern California,3.4339872044851463,0.510427351,11.97827061,0.0,3
ANACAPA_MIDDLE_ISLE_CEN UCSB,2001,34.01006,-119.3878,Southern California,5.5134287461649825,0.510427351,11.97827061,0.0,1
ANACAPA_MIDDLE_ISLE_CEN UCSB,2002,34.01006,-119.3878,Southern California,6.801091213706588,0.510427351,11.97827061,0.0,4
ANACAPA_MIDDLE_ISLE_CEN UCSB,2003,34.01006,-119.3878,Southern California,5.3700210981954015,0.510427351,11.97827061,0.0,4
ANACAPA_MIDDLE_ISLE_CEN UCSB,2004,34.01006,-119.3878,Southern California,4.249921776540562,0.510427351,11.97827061,0.0,4
ANACAPA_MIDDLE_ISLE_CEN UCSB,2005,34.01006,-119.3878,Southern California,6.907265038725156,0.510427351,11.97827061,-0.5493061443340549,4
ANACAPA_MIDDLE_ISLE_CEN UCSB,2006,34.01006,-119.3878,Southern California,6.514672085657262,0.510427351,11.97827061,0.0,4
ANACAPA_MIDDLE_ISLE_CEN UCSB,2007,34.01006,-119.3878,Southern California,6.504955553966373,0.510427351,11.97827061,-2.7992109794991875,4
ANACAPA_MIDDLE_ISLE_CEN UCSB,2008,34.01006,-119.3878,Southern California,6.988242948369315,0.510427351,11.97827061,-1.7005986908310777,4
ANACAPA_MIDDLE_ISLE_CEN UCSB,2009,34.01006,-119.3878,Southern California,7.53701162539155,0.510427351,11.97827061,0.0,4
ANACAPA_MIDDLE_ISLE_CEN UCSB,2010,34.01006,-119.3878,Southern California,6.260833874604648,0.510427351,11.97827061,-3.5979686132377844,4
ANACAPA_MIDDLE_ISLE_CEN UCSB,2011,34.01006,-119.3878,Southern California,6.689339307053305,0.510427351,11.97827061,0.0,4
ANACAPA_MIDDLE_ISLE_CEN UCSB,2012,34.01006,-119.3878,Southern California,6.91902970546424,0.510427351,11.97827061,-0.34657359027997264,4
ANACAPA_MIDDLE_ISLE_CEN UCSB,2013,34.01006,-119.3878,Southern California,4.7984811961414335,0.510427351,11.97827061,-4.029163653290479,4
ANACAPA_MIDDLE_ISLE_CEN UCSB,2014,34.01006,-119.3878,Southern California,4.353493381524446,0.510427351,11.97827061,-3.1354942159291497,4
ANACAPA_MIDDLE_ISLE_CEN UCSB,2015,34.01006,-119.3878,Southern California,4.166635176627654,0.510427351,11.97827061,-1.4978661367769954,4
ANACAPA_MIDDLE_ISLE_CEN UCSB,2016,34.01006,-119.3878,Southern California,2.282174095733918,0.510427351,11.97827061,-1.2424533248940002,4
ANACAPA_MIDDLE_ISLE_CEN UCSB,2017,34.01006,-119.3878,Southern California,0.8958797346140275,0.510427351,11.97827061,-3.716833270083084,4
ANACAPA_MIDDLE_ISLE_CEN UCSB,2018,34.01006,-119.3878,Southern California,1.9356005054539454,0.510427351,11.97827061,-3.923881268736804,4
ANACAPA_MIDDLE_ISLE_CEN UCSB,2019,34.01006,-119.3878,Southern California,2.5529727369502906,0.510427351,11.97827061,-4.425043803344783,4
ANACAPA_MIDDLE_ISLE_CEN UCSB,2020,34.01006,-119.3878,Southern California,3.1892130918257933,0.510427351,11.97827061,-3.020127355638707,4
ANACAPA_MIDDLE_ISLE_W UCSB,2001,34.00783,-119.3945,Southern California,5.2566401488504315,0.615711848,6.718981993,0.0,2
ANACAPA_MIDDLE_ISLE_W UCSB,2002,34.00783,-119.3945,Southern California,7.60123997060273,0.615711848,6.718981993,0.0,4
ANACAPA_MIDDLE_ISLE_W UCSB,2003,34.00783,-119.3945,Southern California,7.6857654079458495,0.615711848,6.718981993,0.0,4
ANACAPA_MIDDLE_ISLE_W UCSB,2004,34.00783,-119.3945,Southern California,8.62663369520062,0.615711848,6.718981993,0.0,8
ANACAPA_MIDDLE_ISLE_W UCSB,2005,34.00783,-119.3945,Southern California,7.502398420687291,0.615711848,6.718981993,0.0,8
ANACAPA_MIDDLE_ISLE_W UCSB,2006,34.00783,-119.3945,Southern California,7.290612905677811,0.615711848,6.718981993,0.0,8
ANACAPA_MIDDLE_ISLE_W UCSB,2007,34.00783,-119.3945,Southern California,7.756576734036326,0.615711848,6.718981993,0.0,8
ANACAPA_MIDDLE_ISLE_W UCSB,2008,34.00783,-119.3945,Southern California,7.759560274132428,0.615711848,6.718981993,0.0,8
ANACAPA_MIDDLE_ISLE_W UCSB,2009,34.00783,-119.3945,Southern California,7.1789267266338666,0.615711848,6.718981993,0.0,8
ANACAPA_MIDDLE_ISLE_W UCSB,2010,34.00783,-119.3945,Southern California,6.906208890127013,0.615711848,6.718981993,0.0,8
ANACAPA_MIDDLE_ISLE_W UCSB,2011,34.00783,-119.3945,Southern California,7.120360714503386,0.615711848,6.718981993,0.0,8
ANACAPA_MIDDLE_ISLE_W UCSB,2012,34.00783,-119.3945,Southern California,6.714427468546548,0.615711848,6.718981993,0.0,8
ANACAPA_MIDDLE_ISLE_W UCSB,2013,34.00783,-119.3945,Southern California,5.491628376701379,0.615711848,6.718981993,-4.83229782212689,8
ANACAPA_MIDDLE_ISLE_W UCSB,2014,34.00783,-119.3945,Southern California,4.743569213912942,0.615711848,6.718981993,-3.91021975763109,8
ANACAPA_MIDDLE_ISLE_W UCSB,2015,34.00783,-119.3945,Southern California,4.102199209074691,0.615711848,6.718981993,-2.0871936349478184,8
ANACAPA_MIDDLE_ISLE_W UCSB,2016,34.00783,-119.3945,Southern California,3.4782727215757845,0.615711848,6.718981993,0.0,8
ANACAPA_MIDDLE_ISLE_W UCSB,2017,34.00783,-119.3945,Southern California,3.834747625503847,0.615711848,6.718981993,-4.997828220003752,8
ANACAPA_MIDDLE_ISLE_W UCSB,2018,34.00783,-119.3945,Southern California,4.1187396443068165,0.615711848,6.718981993,-4.090440470998194,8
ANACAPA_MIDDLE_ISLE_W UCSB,2019,34.00783,-119.3945,Southern California,3.6039299357162378,0.615711848,6.718981993,-3.984505890553239,8
ANACAPA_MIDDLE_ISLE_W UCSB,2020,34.00783,-119.3945,Southern California,4.116353004930488,0.615711848,6.718981993,-3.202614229015421,8
ANACAPA_WEST_ISLE_CEN UCSB,2003,34.01698,-119.4329,Southern California,6.3778580083271255,0.514028821,11.44154915,0.0,4
ANACAPA_WEST_ISLE_CEN UCSB,2004,34.01698,-119.4329,Southern California,5.6011852283225245,0.514028821,11.44154915,0.0,4
ANACAPA_WEST_ISLE_CEN UCSB,2005,34.01698,-119.4329,Southern California,5.934106223067056,0.514028821,11.44154915,-0.5493061443340549,4
ANACAPA_WEST_ISLE_CEN UCSB,2006,34.01698,-119.4329,Southern California,6.373261544387999,0.514028821,11.44154915,0.0,4
ANACAPA_WEST_ISLE_CEN UCSB,2007,34.01698,-119.4329,Southern California,5.7396481449948755,0.514028821,11.44154915,0.0,4
ANACAPA_WEST_ISLE_CEN UCSB,2008,34.01698,-119.4329,Southern California,5.759060969938523,0.514028821,11.44154915,-1.2424533248940002,4
ANACAPA_WEST_ISLE_CEN UCSB,2009,34.01698,-119.4329,Southern California,6.502289670873722,0.514028821,11.44154915,-0.8958797346140275,4
ANACAPA_WEST_ISLE_CEN UCSB,2010,34.01698,-119.4329,Southern California,6.4145488729291555,0.514028821,11.44154915,-2.4849066497880004,4
ANACAPA_WEST_ISLE_CEN UCSB,2011,34.01698,-119.4329,Southern California,7.349780557965397,0.514028821,11.44154915,0.0,4
ANACAPA_WEST_ISLE_CEN UCSB,2012,34.01698,-119.4329,Southern California,6.606421865266352,0.514028821,11.44154915,0.0,4
ANACAPA_WEST_ISLE_CEN UCSB,2014,34.01698,-119.4329,Southern California,6.231240372838413,0.514028821,11.44154915,-0.34657359027997264,4
ANACAPA_WEST_ISLE_CEN UCSB,2015,34.01698,-119.4329,Southern California,4.273181784358009,0.514028821,11.44154915,-0.34657359027997264,4
ANACAPA_WEST_ISLE_CEN UCSB,2016,34.01698,-119.4329,Southern California,4.013085097473214,0.514028821,11.44154915,-3.337280695907213,4
ANACAPA_WEST_ISLE_CEN UCSB,2017,34.01698,-119.4329,Southern California,4.922690815564549,0.514028821,11.44154915,-4.876361400323196,4
ANACAPA_WEST_ISLE_CEN UCSB,2018,34.01698,-119.4329,Southern California,4.867386499574195,0.514028821,11.44154915,-4.321295800405285,4
ANACAPA_WEST_ISLE_CEN UCSB,2019,34.01698,-119.4329,Southern California,4.8788261021562915,0.514028821,11.44154915,-4.614286570118621,4
ANACAPA_WEST_ISLE_CEN UCSB,2020,34.01698,-119.4329,Southern California,4.521729499835053,0.514028821,11.44154915,-4.004515342534865,4
ANACAPA_WEST_ISLE_W UCSB,2003,34.01742,-119.4381,Southern California,6.150873197799228,0.231816059,15.13977638,0.0,4
ANACAPA_WEST_ISLE_W UCSB,2004,34.01742,-119.4381,Southern California,5.857553418483793,0.231816059,15.13977638,0.0,4
ANACAPA_WEST_ISLE_W UCSB,2005,34.01742,-119.4381,Southern California,6.030491643821676,0.231816059,15.13977638,0.0,6
ANACAPA_WEST_ISLE_W UCSB,2006,34.01742,-119.4381,Southern California,5.087081667147827,0.231816059,15.13977638,0.0,4
ANACAPA_WEST_ISLE_W UCSB,2007,34.01742,-119.4381,Southern California,5.15071219711175,0.231816059,15.13977638,0.0,4
ANACAPA_WEST_ISLE_W UCSB,2008,34.01742,-119.4381,Southern California,5.268097234642328,0.231816059,15.13977638,0.0,4
ANACAPA_WEST_ISLE_W UCSB,2009,34.01742,-119.4381,Southern California,5.12113926368815,0.231816059,15.13977638,0.0,4
ANACAPA_WEST_ISLE_W UCSB,2010,34.01742,-119.4381,Southern California,4.630231490689696,0.231816059,15.13977638,0.0,4
ANACAPA_WEST_ISLE_W UCSB,2011,34.01742,-119.4381,Southern California,5.4701122187430755,0.231816059,15.13977638,0.0,4
ANACAPA_WEST_ISLE_W UCSB,2012,34.01742,-119.4381,Southern California,5.748398041520172,0.231816059,15.13977638,0.0,4
ANACAPA_WEST_ISLE_W UCSB,2014,34.01742,-119.4381,Southern California,6.506149240070957,0.231816059,15.13977638,-1.844439727056968,2
ANACAPA_WEST_ISLE_W UCSB,2015,34.01742,-119.4381,Southern California,3.1269144057877365,0.231816059,15.13977638,-2.021525633917275,4
ANACAPA_WEST_ISLE_W UCSB,2016,34.01742,-119.4381,Southern California,2.7340300705675658,0.231816059,15.13977638,-1.545521226679158,4
ANACAPA_WEST_ISLE_W UCSB,2017,34.01742,-119.4381,Southern California,4.624972813284271,0.231816059,15.13977638,-4.90527477843843,4
ANACAPA_WEST_ISLE_W UCSB,2018,34.01742,-119.4381,Southern California,3.749988270476061,0.231816059,15.13977638,-2.659059996922108,4
ANACAPA_WEST_ISLE_W UCSB,2019,34.01742,-119.4381,Southern California,2.780340815507764,0.231816059,15.13977638,-2.5619819897016294,4
ANACAPA_WEST_ISLE_W UCSB,2020,34.01742,-119.4381,Southern California,3.6057783666569008,0.231816059,15.13977638,-1.7776740307447068,4
ANDREW_MOLERA_OLD_DC UCSC,2003,36.273592,-121.869709,Central California,0.0,0.511136206,13.4252874,3.6622449896742664,6
ANDREW_MOLERA_UC UCSC,2004,36.277685,-121.875988,Central California,0.0,0.573216472,11.05510111,3.825916594105313,6
ANDREW_MOLERA_UC UCSC,2005,36.277685,-121.875988,Central California,0.0,0.573216472,11.05510111,2.4773263296726595,6
ANDREW_MOLERA_UC UCSC,2006,36.277685,-121.875988,Central California,0.0,0.573216472,11.05510111,-0.8958797346140275,6
ANDREW_MOLERA_UC UCSC,2007,36.27768,-121.876,Central California,0.0,0.573216472,11.05510111,-0.39205947938283603,6
ANDREW_MOLERA_UC UCSC,2008,36.27768,-121.876,Central California,0.0,0.573216472,11.05510111,-1.0215369487544805,6
ANDREW_MOLERA_UC UCSC,2009,36.27768,-121.876,Central California,0.0,0.573216472,11.05510111,-2.567899218525131,6
ANDREW_MOLERA_UC UCSC,2010,36.27768,-121.876,Central California,0.0,0.573216472,11.05510111,1.6762036087463619,6
ANDREW_MOLERA_UC UCSC,2011,36.27768,-121.876,Central California,0.0,0.573216472,11.05510111,0.4054651081081645,6
ANDREW_MOLERA_UC UCSC,2019,36.27768,-121.876,Central California,3.06561324474157,0.573216472,11.05510111,0.9095792217080847,6
ANDREW_MOLERA_UC UCSC,2020,36.27768,-121.876,Central California,4.676180315998305,0.573216472,11.05510111,-1.5020155381843432,6
ASILOMAR_DC UCSC,2007,36.63224,-121.9467,Central California,0.0,0.627971435,11.78712919,0.0,6
ASILOMAR_DC UCSC,2008,36.63224,-121.9467,Central California,0.0,0.627971435,11.78712919,2.8650498914867875,6
ASILOMAR_DC UCSC,2011,36.63224,-121.9467,Central California,0.0,0.627971435,11.78712919,0.0,4
ASILOMAR_UC UCSC,2007,36.63651,-121.9456,Central California,0.0,0.88545433,11.48751706,0.7085330098933224,6
ASILOMAR_UC UCSC,2008,36.63651,-121.9456,Central California,0.34657359027997264,0.88545433,11.48751706,1.5222612188617115,6
ASILOMAR_UC UCSC,2011,36.63651,-121.9456,Central California,0.5493061443340549,0.88545433,11.48751706,-1.0397207708399179,4
BIG_CREEK_DC UCSC,2001,36.069079,-121.605115,Central California,0.0,0.155297948,13.4799334,-3.214859739019569,6
BIG_CREEK_DC UCSC,2002,36.069079,-121.605115,Central California,0.0,0.155297948,13.4799334,-1.9033312448851598,6
BIG_CREEK_DC UCSC,2003,36.069079,-121.605115,Central California,0.0,0.155297948,13.4799334,-0.6507765663324001,6
BIG_CREEK_DC UCSC,2004,36.069079,-121.605115,Central California,0.0,0.155297948,13.4799334,-2.6979488474434503,6
BIG_CREEK_DC UCSC,2005,36.069079,-121.605115,Central California,0.0,0.155297948,13.4799334,-1.3862943611198906,6
BIG_CREEK_DC UCSC,2006,36.069079,-121.605115,Central California,0.0,0.155297948,13.4799334,0.7803238741323344,6
BIG_CREEK_DC UCSC,2007,36.06908,-121.6051,Central California,0.0,0.155297948,13.4799334,-2.0126758453675744,6
BIG_CREEK_DC UCSC,2008,36.06908,-121.6051,Central California,0.0,0.155297948,13.4799334,-2.70805020110221,6
BIG_CREEK_DC UCSC,2009,36.06908,-121.6051,Central California,0.0,0.155297948,13.4799334,-2.5053176470481278,6
BIG_CREEK_DC UCSC,2010,36.06908,-121.6051,Central California,0.0,0.155297948,13.4799334,-0.34657359027997264,6
BIG_CREEK_DC UCSC,2011,36.06908,-121.6051,Central California,0.0,0.155297948,13.4799334,-1.0397207708399179,6
BIG_CREEK_UC UCSC,2001,36.069152,-121.60804,Central California,0.0,0.372473673,13.98823689,-1.6160605258091105,6
BIG_CREEK_UC UCSC,2002,36.069152,-121.60804,Central California,0.0,0.372473673,13.98823689,-0.8369882167858356,6
BIG_CREEK_UC UCSC,2003,36.069152,-121.60804,Central California,0.0,0.372473673,13.98823689,0.5322104619599153,6
BIG_CREEK_UC UCSC,2004,36.069152,-121.60804,Central California,0.0,0.372473673,13.98823689,-2.4563274428680257,6
BIG_CREEK_UC UCSC,2005,36.069152,-121.60804,Central California,0.34657359027997264,0.372473673,13.98823689,-1.8317808230648231,6
BIG_CREEK_UC UCSC,2006,36.069152,-121.60804,Central California,0.0,0.372473673,13.98823689,1.3195286648076294,6
BIG_CREEK_UC UCSC,2007,36.06915,-121.608,Central California,0.0,0.372473673,13.98823689,-1.2424533248940002,6
BIG_CREEK_UC UCSC,2008,36.06915,-121.608,Central California,0.0,0.372473673,13.98823689,-1.0742172065833937,6
BIG_CREEK_UC UCSC,2009,36.06915,-121.608,Central California,0.34657359027997264,0.372473673,13.98823689,-0.9883409038610333,6
BIG_CREEK_UC UCSC,2010,36.06915,-121.608,Central California,0.34657359027997264,0.372473673,13.98823689,0.45814536593707755,6
BIG_CREEK_UC UCSC,2011,36.06915,-121.608,Central California,0.0,0.372473673,13.98823689,-1.9033312448851598,6
BIG_CREEK_UC UCSC,2015,36.06915,-121.608,Central California,4.760747400306553,0.372473673,13.98823689,-1.0986122886681098,6
BIRD_ROCK UCSC,2007,36.59343,-121.9714,Central California,0.0,0.851651655,15.76102076,0.06676569631226126,4
BIRD_ROCK UCSC,2008,36.59343,-121.9714,Central California,1.0986122886681098,0.851651655,15.76102076,0.0,5
BIRD_ROCK UCSC,2011,36.59343,-121.9714,Central California,2.5249280036247685,0.851651655,15.76102076,0.0,4
BUCHON UCSC,2007,35.24408,-120.9011,Central California,0.0,0.890145431,12.35490786,1.0986122886681098,5
BUCHON UCSC,2008,35.24408,-120.9011,Central California,0.0,0.890145431,12.35490786,-0.6931471805599453,5
BUCHON UCSC,2009,35.24408,-120.9011,Central California,0.34657359027997264,0.890145431,12.35490786,0.0,6
BUCHON UCSC,2010,35.24408,-120.9011,Central California,0.0,0.890145431,12.35490786,2.995732273553991,5
BUCHON UCSC,2011,35.24408,-120.9011,Central California,0.0,0.890145431,12.35490786,0.0,6
BUCHON UCSC,2016,35.24408,-120.9011,Central California,2.6441335153472676,0.890145431,12.35490786,0.626381484247684,6
BUCHON UCSC,2017,35.24408,-120.9011,Central California,2.6020033435383976,0.890145431,12.35490786,0.4581453659370775,6
BUCHON UCSC,2018,35.24408,-120.9011,Central California,2.7403194616709956,0.890145431,12.35490786,0.8958797346140275,6
BUCHON UCSC,2019,35.24408,-120.9011,Central California,4.918700583704134,0.890145431,12.35490786,0.0,6
BUCHON UCSC,2020,35.24408,-120.9011,Central California,4.226167309533871,0.890145431,12.35490786,0.0,6
BULLITO UCSB,2010,34.45543,-120.332,Southern California,1.791759469228055,0.445838441,8.191474537,-1.9459101490553132,5
BULLITO UCSB,2011,34.45543,-120.332,Southern California,0.0,0.445838441,8.191474537,-1.6094379124341003,6
BULLITO UCSB,2012,34.45543,-120.332,Southern California,0.0,0.445838441,8.191474537,-1.5890269151739727,6
BULLITO UCSB,2013,34.45543,-120.332,Southern California,0.0,0.445838441,8.191474537,-1.868834809141684,6
BULLITO UCSB,2014,34.45543,-120.332,Southern California,0.0,0.445838441,8.191474537,-2.3502401828962083,6
BUNKER_POINT VRG,2007,33.72465,-118.3532,Southern California,4.119136312316515,0.450542816,11.08725907,-2.770631772579213,6
BUNKER_POINT VRG,2011,33.72465,-118.3532,Southern California,3.583132987066819,0.450542816,11.08725907,-2.452637389219215,6
BUNKER_POINT VRG,2012,33.72465,-118.3532,Southern California,3.8501476017100584,0.450542816,11.08725907,-1.3862943611198906,6
BUNKER_POINT VRG,2013,33.72465,-118.3532,Southern California,3.174569495689899,0.450542816,11.08725907,-2.3937458713910233,6
BUNKER_POINT VRG,2014,33.72465,-118.3532,Southern California,1.791759469228055,0.450542816,11.08725907,-1.7482537807332403,6
BUNKER_POINT VRG,2015,33.72465,-118.3532,Southern California,2.0126758453675744,0.450542816,11.08725907,-2.381086967398878,6
BUNKER_POINT VRG,2016,33.72465,-118.3532,Southern California,0.6931471805599453,0.450542816,11.08725907,-2.302585092994046,7
BUNKER_POINT VRG,2017,33.72465,-118.3532,Southern California,0.0,0.450542816,11.08725907,-3.170179651863876,8
BUNKER_POINT VRG,2018,33.72465,-118.3532,Southern California,0.0,0.450542816,11.08725907,-0.6931471805599453,8
BUNKER_POINT VRG,2019,33.72465,-118.3532,Southern California,2.0715673631957663,0.450542816,11.08725907,-1.4978661367769956,8
BUNKER_POINT VRG,2020,33.72465,-118.3532,Southern California,0.6931471805599453,0.450542816,11.08725907,-2.6390573296152584,7
BUTTERFLY_DC UCSC,2006,36.537439,-121.93567,Central California,0.0,0.900866118,12.42691761,-1.9459101490553132,6
BUTTERFLY_DC UCSC,2007,36.53744,-121.9357,Central California,0.34657359027997264,0.900866118,12.42691761,-1.791759469228055,6
BUTTERFLY_DC UCSC,2008,36.53744,-121.9357,Central California,0.5493061443340549,0.900866118,12.42691761,-1.681488084420979,6
BUTTERFLY_DC UCSC,2010,36.53744,-121.9357,Central California,1.9033312448851598,0.900866118,12.42691761,-1.354025100551105,6
BUTTERFLY_DC UCSC,2011,36.53744,-121.9357,Central California,2.178354413344796,0.900866118,12.42691761,-1.4451858789480823,6
BUTTERFLY_DC UCSC,2013,36.53744,-121.9357,Central California,0.34657359027997264,0.900866118,12.42691761,-0.6931471805599453,6
BUTTERFLY_DC UCSC,2014,36.53744,-121.9357,Central California,3.990353910434835,0.900866118,12.42691761,-2.2386684072391034,6
BUTTERFLY_DC UCSC,2015,36.53744,-121.9357,Central California,5.516936509192938,0.900866118,12.42691761,-1.9459101490553132,6
BUTTERFLY_DC UCSC,2017,36.53744,-121.9357,Central California,5.020318695341681,0.900866118,12.42691761,-2.035935853185021,6
BUTTERFLY_DC UCSC,2018,36.53744,-121.9357,Central California,4.597308705755474,0.900866118,12.42691761,0.0,6
BUTTERFLY_DC UCSC,2019,36.53744,-121.9357,Central California,7.212767395890696,0.900866118,12.42691761,0.0,6
BUTTERFLY_DC UCSC,2020,36.53744,-121.9357,Central California,4.756775623022795,0.900866118,12.42691761,0.8243293127936908,6
BUTTERFLY_DC UCSC,2021,36.53744,-121.9357,Central California,5.357974963865267,0.900866118,12.42691761,0.24915763103581323,6
BUTTERFLY_UC UCSC,2006,36.53966,-121.9363,Central California,0.0,0.791856432,12.95365625,-1.466337068793427,7
BUTTERFLY_UC UCSC,2007,36.53966,-121.9363,Central California,0.8958797346140275,0.791856432,12.95365625,-2.0715673631957663,6
BUTTERFLY_UC UCSC,2008,36.53966,-121.9363,Central California,0.0,0.791856432,12.95365625,-2.445174564110877,6
BUTTERFLY_UC UCSC,2010,36.53966,-121.9363,Central California,0.34657359027997264,0.791856432,12.95365625,-1.4451858789480823,6
BUTTERFLY_UC UCSC,2011,36.53966,-121.9363,Central California,1.0986122886681098,0.791856432,12.95365625,-0.20273255405408225,6
BUTTERFLY_UC UCSC,2013,36.53966,-121.9363,Central California,0.6931471805599453,0.791856432,12.95365625,-1.4978661367769954,6
BUTTERFLY_UC UCSC,2014,36.53966,-121.9363,Central California,3.113268334643733,0.791856432,12.95365625,-1.518277134037123,6
BUTTERFLY_UC UCSC,2015,36.53966,-121.9363,Central California,5.120479644745212,0.791856432,12.95365625,-0.34657359027997264,6
BUTTERFLY_UC UCSC,2017,36.53966,-121.9363,Central California,6.143614289745589,0.791856432,12.95365625,0.0,6
BUTTERFLY_UC UCSC,2018,36.53966,-121.9363,Central California,6.08330715207277,0.791856432,12.95365625,0.0,6
BUTTERFLY_UC UCSC,2019,36.53966,-121.9363,Central California,6.046656299258883,0.791856432,12.95365625,0.0,6
BUTTERFLY_UC UCSC,2020,36.53966,-121.9363,Central California,6.043222079037321,0.791856432,12.95365625,0.0,6
BUTTERFLY_UC UCSC,2021,36.53966,-121.9363,Central California,6.196101801999038,0.791856432,12.95365625,0.34657359027997264,6
CABRILLO_NATIONAL_MONUMENT VRG,2011,32.65805,-117.2472,Southern California,1.9033312448851598,0.601736292,11.24760734,-2.2499048351651325,4
CABRILLO_NATIONAL_MONUMENT VRG,2012,32.65805,-117.2472,Southern California,1.3862943611198906,0.601736292,11.24760734,-2.1972245773362196,6
CAMBRIA_DC UCSC,2002,35.567893,-121.124319,Central California,0.0,0.746440641,10.8118428,-1.2424533248940002,6
CAMBRIA_DC UCSC,2003,35.567893,-121.124319,Central California,0.0,0.746440641,10.8118428,-0.8958797346140275,4
CAMBRIA_DC UCSC,2004,35.567893,-121.124319,Central California,0.0,0.746440641,10.8118428,-1.6094379124341005,6
CAMBRIA_DC UCSC,2005,35.567893,-121.124319,Central California,0.0,0.746440641,10.8118428,-1.1512925464970227,6
CAMBRIA_DC UCSC,2006,35.567893,-121.124319,Central California,0.0,0.746440641,10.8118428,-0.6931471805599453,5
CAMBRIA_DC UCSC,2007,35.56789,-121.1243,Central California,0.0,0.746440641,10.8118428,0.4236489301936017,6
CAMBRIA_DC UCSC,2008,35.56789,-121.1243,Central California,0.0,0.746440641,10.8118428,0.0,5
CAMBRIA_DC UCSC,2009,35.56789,-121.1243,Central California,0.0,0.746440641,10.8118428,0.0,5
CAMBRIA_DC UCSC,2010,35.56789,-121.1243,Central California,0.34657359027997264,0.746440641,10.8118428,-0.34657359027997264,6
CAMBRIA_DC UCSC,2011,35.56789,-121.1243,Central California,0.0,0.746440641,10.8118428,0.0,6
CAMBRIA_UC UCSC,2002,35.570495,-121.127145,Central California,0.0,0.747292744,11.67139446,-1.2424533248940002,6
CAMBRIA_UC UCSC,2003,35.570495,-121.127145,Central California,0.0,0.747292744,11.67139446,-0.4581453659370775,6
CAMBRIA_UC UCSC,2004,35.570495,-121.127145,Central California,0.0,0.747292744,11.67139446,-2.1972245773362196,2
CAMBRIA_UC UCSC,2005,35.570495,-121.127145,Central California,0.0,0.747292744,11.67139446,-1.3862943611198906,5
CAMBRIA_UC UCSC,2006,35.570495,-121.127145,Central California,0.0,0.747292744,11.67139446,-0.34657359027997264,6
CAMBRIA_UC UCSC,2007,35.5705,-121.1271,Central California,0.0,0.747292744,11.67139446,0.0,6
CAMBRIA_UC UCSC,2008,35.5705,-121.1271,Central California,0.0,0.747292744,11.67139446,-0.1438410362258904,6
CAMBRIA_UC UCSC,2009,35.5705,-121.1271,Central California,0.0,0.747292744,11.67139446,-1.0986122886681096,5
CAMBRIA_UC UCSC,2010,35.5705,-121.1271,Central California,0.0,0.747292744,11.67139446,0.0,6
CAMBRIA_UC UCSC,2011,35.5705,-121.1271,Central California,0.0,0.747292744,11.67139446,0.0,4
CANNERY_DC UCSC,2007,36.61495,-121.896,Central California,2.0126758453675744,0.351965811,7.403664603,-2.6287476860138907,6
CANNERY_DC UCSC,2008,36.61495,-121.896,Central California,1.9033312448851598,0.351965811,7.403664603,-1.868834809141684,6
CANNERY_DC UCSC,2011,36.61495,-121.896,Central California,1.0986122886681098,0.351965811,7.403664603,-2.0794415416798357,6
CANNERY_DC UCSC,2012,36.61495,-121.896,Central California,1.6094379124341003,0.351965811,7.403664603,-2.5649493574615367,6
CANNERY_DC UCSC,2013,36.61495,-121.896,Central California,2.34106561356211,0.351965811,7.403664603,-2.585241997519076,6
CANNERY_DC UCSC,2014,36.61495,-121.896,Central California,2.623512036080243,0.351965811,7.403664603,-2.799210979499187,6
CANNERY_DC UCSC,2015,36.61495,-121.896,Central California,3.911222364744659,0.351965811,7.403664603,-2.5184763012068148,6
CANNERY_DC UCSC,2017,36.61495,-121.896,Central California,6.7782312942533895,0.351965811,7.403664603,-1.0397207708399179,6
CANNERY_DC UCSC,2018,36.61495,-121.896,Central California,6.087507660532415,0.351965811,7.403664603,-1.868834809141684,6
CANNERY_DC UCSC,2020,36.61495,-121.896,Central California,6.83813573943614,0.351965811,7.403664603,0.0,6
CANNERY_DC UCSC,2021,36.61495,-121.896,Central California,6.905919914537406,0.351965811,7.403664603,0.0,6
CANNERY_UC UCSC,2007,36.61264,-121.8946,Central California,1.7776740307447068,0.432941177,6.989468837,-2.171902710926842,6
CANNERY_UC UCSC,2008,36.61264,-121.8946,Central California,2.1383330595080277,0.432941177,6.989468837,-2.4414009612931853,6
CANNERY_UC UCSC,2011,36.61264,-121.8946,Central California,0.6931471805599453,0.432941177,6.989468837,-2.0794415416798357,6
CANNERY_UC UCSC,2012,36.61264,-121.8946,Central California,1.2424533248940002,0.432941177,6.989468837,-2.543798167616192,6
CANNERY_UC UCSC,2013,36.61264,-121.8946,Central California,0.6931471805599453,0.432941177,6.989468837,-2.6287476860138907,6
CANNERY_UC UCSC,2014,36.61264,-121.8946,Central California,2.3502401828962083,0.432941177,6.989468837,-2.908555579981602,6
CANNERY_UC UCSC,2015,36.61264,-121.8946,Central California,4.25909634587466,0.432941177,6.989468837,-3.1639683918645973,6
CANNERY_UC UCSC,2017,36.61264,-121.8946,Central California,5.417766758177395,0.432941177,6.989468837,-2.787974551573158,6
CANNERY_UC UCSC,2018,36.61264,-121.8946,Central California,5.4866786861692916,0.432941177,6.989468837,-2.8518912373281005,6
CANNERY_UC UCSC,2020,36.61264,-121.8946,Central California,6.102596129051433,0.432941177,6.989468837,-2.3978952727983707,6
CANNERY_UC UCSC,2021,36.61264,-121.8946,Central California,6.690600716047631,0.432941177,6.989468837,-2.418140953475739,6
CAYUCOS_DC UCSC,2003,35.434393,-120.947256,Central California,0.0,0.515090515,10.61590888,-1.6094379124341003,5
CAYUCOS_DC UCSC,2004,35.434393,-120.947256,Central California,0.0,0.515090515,10.61590888,-2.7546941683139883,6
CAYUCOS_DC UCSC,2005,35.434393,-120.947256,Central California,0.0,0.515090515,10.61590888,-1.7005986908310775,6
CAYUCOS_DC UCSC,2006,35.434393,-120.947256,Central California,0.0,0.515090515,10.61590888,-1.868834809141684,6
CAYUCOS_DC UCSC,2007,35.43439,-120.9473,Central California,0.0,0.515090515,10.61590888,-1.518277134037123,6
CAYUCOS_DC UCSC,2008,35.43439,-120.9473,Central California,0.34657359027997264,0.515090515,10.61590888,-0.9729550745276567,6
CAYUCOS_DC UCSC,2009,35.43439,-120.9473,Central California,0.34657359027997264,0.515090515,10.61590888,-1.666102255087602,6
CAYUCOS_UC UCSC,2003,35.43415,-120.950473,Central California,0.0,0.513859707,11.27403806,-0.684297392010245,6
CAYUCOS_UC UCSC,2004,35.43415,-120.950473,Central California,0.0,0.513859707,11.27403806,-1.732867951399863,6
CAYUCOS_UC UCSC,2005,35.43415,-120.950473,Central California,0.0,0.513859707,11.27403806,-1.9459101490553132,5
CAYUCOS_UC UCSC,2006,35.43415,-120.950473,Central California,0.0,0.513859707,11.27403806,-0.5465437063680696,5
CAYUCOS_UC UCSC,2007,35.43415,-120.9505,Central California,0.0,0.513859707,11.27403806,-1.354025100551105,6
CAYUCOS_UC UCSC,2008,35.43415,-120.9505,Central California,0.0,0.513859707,11.27403806,-1.138633642504878,6
CAYUCOS_UC UCSC,2009,35.43415,-120.9505,Central California,0.0,0.513859707,11.27403806,-0.8958797346140275,6
CHILDRENS_POOL VRG,2011,32.85167,-117.2783,Southern California,0.0,0.880762623,10.2036102,-1.0986122886681098,6
CHILDRENS_POOL VRG,2012,32.85167,-117.2783,Southern California,0.0,0.880762623,10.2036102,0.0,5
CHILDRENS_POOL VRG,2019,32.85167,-117.2783,Southern California,0.6931471805599453,0.880762623,10.2036102,0.0,5
CHILDRENS_POOL VRG,2020,32.85167,-117.2783,Southern California,0.0,0.880762623,10.2036102,0.0,5
CHINA_ROCK UCSC,2007,36.59844,-121.9724,Central California,0.0,0.851272596,14.44188739,0.8958797346140275,6
CHINA_ROCK UCSC,2008,36.59844,-121.9724,Central California,0.34657359027997264,0.851272596,14.44188739,3.533659924326738,6
CHINA_ROCK UCSC,2011,36.59844,-121.9724,Central California,2.666359396632685,0.851272596,14.44188739,0.0,4
COJO_E UCSB,1999,34.44129,-120.4168,Southern California,0.0,0.720057072,11.3822339,-1.5890269151739727,6
COJO_E UCSB,2000,34.44129,-120.4168,Southern California,6.473446349828066,0.720057072,11.3822339,-0.34657359027997264,6
COJO_E UCSB,2001,34.44129,-120.4168,Southern California,0.0,0.720057072,11.3822339,-2.668769039850659,8
COJO_E UCSB,2002,34.44129,-120.4168,Southern California,0.0,0.720057072,11.3822339,-2.908555579981602,6
COJO_E UCSB,2003,34.44129,-120.4168,Southern California,0.0,0.720057072,11.3822339,-2.0471722811110507,6
COJO_E UCSB,2004,34.44129,-120.4168,Southern California,0.0,0.720057072,11.3822339,-2.5053176470481278,6
COJO_E UCSB,2005,34.44129,-120.4168,Southern California,0.0,0.720057072,11.3822339,-2.5184763012068148,6
COJO_E UCSB,2006,34.44129,-120.4168,Southern California,0.0,0.720057072,11.3822339,-2.1972245773362196,7
COJO_E UCSB,2007,34.44129,-120.4168,Southern California,0.0,0.720057072,11.3822339,-1.9356005054539454,6
COJO_E UCSB,2008,34.44129,-120.4168,Southern California,0.0,0.720057072,11.3822339,-2.3680992241972474,6
COJO_E UCSB,2009,34.44129,-120.4168,Southern California,0.0,0.720057072,11.3822339,-2.0948273710132126,6
COJO_E UCSB,2010,34.44129,-120.4168,Southern California,0.0,0.720057072,11.3822339,-2.1972245773362196,6
COJO_E UCSB,2011,34.44129,-120.4168,Southern California,0.0,0.720057072,11.3822339,-2.772588722239781,5
COJO_E UCSB,2012,34.44129,-120.4168,Southern California,0.0,0.720057072,11.3822339,-2.833213344056216,4
COJO_W UCSB,1999,34.4432,-120.4233,Southern California,0.6931471805599453,0.533010659,11.72960997,-1.9459101490553132,5
COJO_W UCSB,2000,34.4432,-120.4233,Southern California,3.5537127370553523,0.533010659,11.72960997,-0.6931471805599453,6
COJO_W UCSB,2001,34.4432,-120.4233,Southern California,0.0,0.533010659,11.72960997,-1.9459101490553132,5
COJO_W UCSB,2002,34.4432,-120.4233,Southern California,0.0,0.533010659,11.72960997,-2.359249435647547,6
COJO_W UCSB,2003,34.4432,-120.4233,Southern California,0.0,0.533010659,11.72960997,-2.1972245773362196,5
COJO_W UCSB,2004,34.4432,-120.4233,Southern California,0.0,0.533010659,11.72960997,-2.34106561356211,6
COJO_W UCSB,2005,34.4432,-120.4233,Southern California,0.0,0.533010659,11.72960997,-2.967447097809794,6
COJO_W UCSB,2006,34.4432,-120.4233,Southern California,0.0,0.533010659,11.72960997,-2.282174095733918,6
COJO_W UCSB,2007,34.4432,-120.4233,Southern California,0.0,0.533010659,11.72960997,-2.8518912373281005,6
COJO_W UCSB,2008,34.4432,-120.4233,Southern California,0.0,0.533010659,11.72960997,-1.9356005054539454,4
COJO_W UCSB,2009,34.4432,-120.4233,Southern California,0.0,0.533010659,11.72960997,-2.7212088552608966,5
COJO_W UCSB,2010,34.4432,-120.4233,Southern California,0.0,0.533010659,11.72960997,-2.1383330595080277,6
COJO_W UCSB,2011,34.4432,-120.4233,Southern California,0.0,0.533010659,11.72960997,-2.888826161611328,5
COJO_W UCSB,2012,34.4432,-120.4233,Southern California,0.34657359027997264,0.533010659,11.72960997,-3.3667009459186796,4
COJO_W UCSB,2014,34.4432,-120.4233,Southern California,2.4849066497880004,0.533010659,11.72960997,-2.995732273553991,5
COOPER UCSC,2007,36.26315,-121.8566,Central California,0.0,0.747305582,11.1307176,-0.7631326558758182,6
COOPER UCSC,2008,36.26315,-121.8566,Central California,0.0,0.747305582,11.1307176,0.32529378307057466,4
COOPER UCSC,2017,36.26315,-121.8566,Central California,1.5222612188617115,0.747305582,11.1307176,-0.4581453659370775,4
COOPER UCSC,2019,36.26315,-121.8566,Central California,3.1513094878724526,0.747305582,11.1307176,1.3862943611198906,6
COOPER UCSC,2020,36.26315,-121.8566,Central California,3.911222364744659,0.747305582,11.1307176,0.34657359027997264,6
COOPER UCSC,2021,36.26315,-121.8566,Central California,3.6361991962850233,0.747305582,11.1307176,2.2695151917417733,6
COUNTY_LINE UCSB,2010,34.04302,-118.9522,Southern California,6.7616370650813895,0.281284763,8.885421793,-2.1910133173369406,6
COUNTY_LINE UCSB,2011,34.04302,-118.9522,Southern California,6.964784666916573,0.281284763,8.885421793,0.0,6
COUNTY_LINE UCSB,2012,34.04302,-118.9522,Southern California,6.674673772052237,0.281284763,8.885421793,-0.6931471805599453,6
COUNTY_LINE UCSB,2013,34.04302,-118.9522,Southern California,6.8740872637218455,0.281284763,8.885421793,0.0,6
CROWBAR UCSC,2007,35.22616,-120.8814,Central California,0.0,0.774739591,11.57577689,0.8906440846803798,6
CROWBAR UCSC,2008,35.22616,-120.8814,Central California,0.0,0.774739591,11.57577689,-1.1512925464970227,5
CROWBAR UCSC,2011,35.22616,-120.8814,Central California,0.0,0.774739591,11.57577689,0.0,6
CROWBAR UCSC,2016,35.22616,-120.8814,Central California,3.2668944189666718,0.774739591,11.57577689,-0.8047189562170501,6
CROWBAR UCSC,2017,35.22616,-120.8814,Central California,4.18026969068543,0.774739591,11.57577689,0.0,6
CROWBAR UCSC,2018,35.22616,-120.8814,Central California,3.3649120352447377,0.774739591,11.57577689,0.5148097085905791,6
CROWBAR UCSC,2019,35.22616,-120.8814,Central California,4.159858693425303,0.774739591,11.57577689,0.25541281188299525,6
CROWBAR UCSC,2020,35.22616,-120.8814,Central California,5.564769901002471,0.774739591,11.57577689,0.34657359027997264,6
CROWBAR UCSC,2021,35.22616,-120.8814,Central California,5.014619378920845,0.774739591,11.57577689,0.5493061443340549,6
CRYSTAL_COVE VRG,2011,33.56275,-117.8377,Southern California,2.9540414690844656,0.708867961,11.63576613,-2.0715673631957663,6
CRYSTAL_COVE VRG,2012,33.56275,-117.8377,Southern California,3.1567740231385475,0.708867961,11.63576613,-2.5249280036247685,6
CRYSTAL_COVE VRG,2019,33.56275,-117.8377,Southern California,2.1242476210246792,0.708867961,11.63576613,-0.8958797346140275,6
CRYSTAL_COVE VRG,2020,33.56275,-117.8377,Southern California,1.6094379124341003,0.708867961,11.63576613,0.0,6
CYPRESS_PT_UC UCSC,2007,36.58577,-121.9803,Central California,0.5493061443340549,0.822836902,13.71414497,-0.6931471805599453,6
CYPRESS_PT_UC UCSC,2008,36.58577,-121.9803,Central California,0.0,0.822836902,13.71414497,-1.6094379124341003,6
CYPRESS_PT_UC UCSC,2011,36.58577,-121.9803,Central California,1.6094379124341003,0.822836902,13.71414497,-0.34657359027997264,6
Caspar,2008,39.36173,-123.822,Northern California,1.1512925464970227,0.999746315,0.569570163,4.246859917615298,6
Caspar,2010,39.36173,-123.822,Northern California,0.0,0.999746315,0.569570163,4.433784166603221,6
Caspar,2014,39.36173,-123.822,Northern California,4.9182669047671315,0.999746315,0.569570163,0.0,6
Caspar,2015,39.36173,-123.822,Northern California,6.821834216510822,0.999746315,0.569570163,0.0,6
Caspar,2016,39.36173,-123.822,Northern California,6.217603110388296,0.999746315,0.569570163,0.0,6
Caspar,2017,39.36173,-123.822,Northern California,6.588496486163141,0.999746315,0.569570163,0.0,6
Caspar,2018,39.36173,-123.822,Northern California,5.547501904708499,0.999746315,0.569570163,0.0,6
Caspar,2019,39.36173,-123.822,Northern California,5.562653642499533,0.999746315,0.569570163,0.0,6
Caspar,2020,39.361729,-123.822449,Northern California,6.45934208043886,0.999746315,0.569570163,0.0,6
Caspar,2021,,,Northern California,5.97772335694774,0.999746315,0.569570163,0.0,6
Caspar North,2014,39.364429,-123.821327,Northern California,5.8989461733363004,0.999746315,0.569570163,0.0,6
Caspar North,2015,39.364429,-123.821327,Northern California,6.698385871350263,0.999746315,0.569570163,0.0,6
Caspar North,2016,39.364429,-123.821327,Northern California,6.23734328544457,0.999746315,0.569570163,0.0,6
Caspar North,2017,39.364429,-123.821327,Northern California,6.796370655794615,0.999746315,0.569570163,0.0,6
Caspar North,2018,39.364429,-123.821327,Northern California,7.085092250618476,0.999746315,0.569570163,0.0,6
Caspar North,2019,39.364429,-123.821327,Northern California,6.859317526839285,0.999746315,0.569570163,0.0,6
Caspar North,2020,39.364429,-123.821327,Northern California,7.466891163214273,0.999746315,0.569570163,0.0,6
Caspar North,2021,,,Northern California,7.038051021271734,0.999746315,0.569570163,0.0,6
DEEP_HOLE_EAST VRG,2008,34.04518,-118.9604,Southern California,6.286356880890378,0.906851322,7.672200271,-0.9729550745276566,4
DOLAN_DC UCSC,2007,36.10018,-121.6284,Central California,0.0,0.667095789,14.01710298,-0.08246490704104281,6
DOLAN_DC UCSC,2008,36.10018,-121.6284,Central California,0.0,0.667095789,14.01710298,-2.0280616747009517,6
DOLAN_UC UCSC,2007,36.1092,-121.6336,Central California,0.0,0.704271515,13.6032383,0.41463967744226266,6
DOLAN_UC UCSC,2008,36.1092,-121.6336,Central California,0.0,0.704271515,13.6032383,-1.4633697010335196,6
DOLAN_UC UCSC,2015,36.1092,-121.6336,Central California,2.9540414690844656,0.704271515,13.6032383,0.1438410362258904,6
DUNES UCSB,2009,34.7731,-120.6502,Central California,1.0397207708399179,0.730121442,13.52422893,0.0,4
ESTERO UCSC,2007,35.47239,-121.0296,Central California,0.0,0.804666667,10.81238619,-0.25541281188299525,6
ESTERO UCSC,2008,35.47239,-121.0296,Central California,0.0,0.804666667,10.81238619,-1.7776740307447068,6
ESTERO UCSC,2009,35.47239,-121.0296,Central California,0.0,0.804666667,10.81238619,-1.2424533248940002,6
ESTERO UCSC,2010,35.47239,-121.0296,Central California,0.0,0.804666667,10.81238619,1.0845268501847616,6
ESTERO UCSC,2011,35.47239,-121.0296,Central California,0.0,0.804666667,10.81238619,-0.4581453659370775,6
FALSE_SUR UCSC,2007,36.27756,-121.8868,Central California,0.0,0.722532337,10.9619316,2.5619819897016294,6
FALSE_SUR UCSC,2008,36.27756,-121.8868,Central California,0.0,0.722532337,10.9619316,1.8402556022217098,6
FALSE_SUR UCSC,2019,36.27756,-121.8868,Central California,4.316152999258371,0.722532337,10.9619316,0.8673005276940533,6
FALSE_SUR UCSC,2020,36.27756,-121.8868,Central California,5.421669274409648,0.722532337,10.9619316,0.626381484247684,6
FALSE_SUR UCSC,2021,36.27756,-121.8868,Central California,1.3862943611198906,0.722532337,10.9619316,1.4978661367769954,6
FLAT_ROCK_N VRG,2008,33.80132,-118.4074,Southern California,1.732867951399863,0.403809526,11.25392459,-2.9944807084449314,6
FULLERS UCSC,2007,36.20811,-121.7522,Central California,0.0,0.481453647,8.178716695,-1.8200446449722523,6
FULLERS UCSC,2008,36.20811,-121.7522,Central California,0.0,0.481453647,8.178716695,0.616071840646316,6
Flat Iron Rock,2017,41.059425,-124.157829,Northern California,,0.449673146,8.79774038,2.452637389219215,2
Flat Iron Rock,2019,41.059425,-124.157829,Northern California,5.9777610744849845,0.449673146,8.79774038,0.0,6
Flat Iron Rock,2021,,,Northern California,6.813444599510896,0.449673146,8.79774038,0.0,6
Fort Ross,2007,38.5106,-123.245,Northern California,3.2307340881768587,0.632373437,9.040727499,4.479398673070138,6
Fort Ross,2008,38.5106,-123.245,Northern California,2.4814223151299535,0.632373437,9.040727499,4.778381469725282,6
Fort Ross,2009,38.5106,-123.245,Northern California,1.791759469228055,0.632373437,9.040727499,4.725701211896369,6
Fort Ross,2010,38.5106,-123.245,Northern California,2.596478425445105,0.632373437,9.040727499,4.944694314078314,6
Fort Ross,2011,38.5106,-123.245,Northern California,1.666102255087602,0.632373437,9.040727499,4.409684855009235,6
Fort Ross,2012,38.5106,-123.245,Northern California,0.0,0.632373437,9.040727499,3.4339872044851463,6
Fort Ross,2013,38.5106,-123.245,Northern California,0.6931471805599453,0.632373437,9.040727499,0.34657359027997264,6
Fort Ross,2014,38.5106,-123.245,Northern California,2.71467281447722,0.632373437,9.040727499,0.6931471805599453,6
Fort Ross,2015,38.5106,-123.245,Northern California,4.585210373996823,0.632373437,9.040727499,0.0,6
Fort Ross,2016,38.5106,-123.245,Northern California,6.706469771818119,0.632373437,9.040727499,0.0,6
Fort Ross,2017,38.5106,-123.245,Northern California,5.418376694308122,0.632373437,9.040727499,0.0,6
Fort Ross,2018,38.5106,-123.245,Northern California,6.284527329015517,0.632373437,9.040727499,0.0,6
Fort Ross,2019,38.5106,-123.245,Northern California,5.808505070537676,0.632373437,9.040727499,0.0,6
Fort Ross,2020,38.5106,-123.245,Northern California,7.059026828161201,0.632373437,9.040727499,0.0,6
Fort Ross,2021,,,Northern California,6.975864684888839,0.632373437,9.040727499,0.0,6
Frolic Cove,2014,39.355026,-123.823868,Northern California,4.845827396183893,0.931982547,5.316967093,0.0,6
Frolic Cove,2015,39.355026,-123.823868,Northern California,4.627292303342183,0.931982547,5.316967093,0.0,6
Frolic Cove,2016,39.355026,-123.823868,Northern California,6.867107407785264,0.931982547,5.316967093,0.0,6
Frolic Cove,2017,39.355026,-123.823868,Northern California,6.749045920345747,0.931982547,5.316967093,0.0,6
Frolic Cove,2018,39.355026,-123.823868,Northern California,6.6813778547438485,0.931982547,5.316967093,0.0,6
Frolic Cove,2019,39.355026,-123.823868,Northern California,6.63407345257208,0.931982547,5.316967093,0.0,6
Frolic Cove,2020,39.355026,-123.823868,Northern California,7.63146301650336,0.931982547,5.316967093,0.0,6
Frolic Cove,2021,,,Northern California,7.318315506100641,0.931982547,5.316967093,0.0,6
GREEN_PEAK UCSC,2007,35.1901,-120.8307,Central California,0.0,0.776955903,10.14417136,1.844439727056968,6
GREEN_PEAK UCSC,2008,35.1901,-120.8307,Central California,0.0,0.776955903,10.14417136,1.6094379124341003,5
GREEN_PEAK UCSC,2011,35.1901,-120.8307,Central California,0.0,0.776955903,10.14417136,0.5493061443340549,6
GREEN_PEAK UCSC,2016,35.1901,-120.8307,Central California,2.0126758453675744,0.776955903,10.14417136,1.0986122886681098,6
GREEN_PEAK UCSC,2017,35.1901,-120.8307,Central California,3.310036603265178,0.776955903,10.14417136,3.3006150593644383,6
GREEN_PEAK UCSC,2018,35.1901,-120.8307,Central California,4.859541914768924,0.776955903,10.14417136,1.3195286648076292,6
GREEN_PEAK UCSC,2019,35.1901,-120.8307,Central California,5.928937972606201,0.776955903,10.14417136,0.5493061443340549,6
GREEN_PEAK UCSC,2020,35.1901,-120.8307,Central California,5.655123043394187,0.776955903,10.14417136,0.0,6
Gerstle Cove,2006,38.56646,-123.33,Northern California,1.354025100551105,0.941602978,0.655205152,0.0,6
Gerstle Cove,2007,38.56646,-123.33,Northern California,1.4722194895832201,0.941602978,0.655205152,0.0,6
Gerstle Cove,2008,38.56646,-123.33,Northern California,0.0,0.941602978,0.655205152,1.0986122886681098,6
Gerstle Cove,2009,38.56646,-123.33,Northern California,1.4978661367769954,0.941602978,0.655205152,2.5619819897016294,6
Gerstle Cove,2010,38.56646,-123.33,Northern California,0.0,0.941602978,0.655205152,2.543798167616192,6
Gerstle Cove,2011,38.56646,-123.33,Northern California,0.34657359027997264,0.941602978,0.655205152,0.6931471805599453,6
Gerstle Cove,2012,38.56646,-123.33,Northern California,0.5493061443340549,0.941602978,0.655205152,1.9459101490553132,6
Gerstle Cove,2013,38.56646,-123.33,Northern California,0.0,0.941602978,0.655205152,1.4978661367769954,6
Gerstle Cove,2014,38.56646,-123.33,Northern California,1.2424533248940002,0.941602978,0.655205152,0.0,6
Gerstle Cove,2015,38.56646,-123.33,Northern California,2.9540414690844656,0.941602978,0.655205152,0.0,6
Gerstle Cove,2016,38.56646,-123.33,Northern California,4.426528354236648,0.941602978,0.655205152,0.0,6
Gerstle Cove,2017,38.56646,-123.33,Northern California,6.023364530668945,0.941602978,0.655205152,0.0,6
Gerstle Cove,2018,38.56646,-123.33,Northern California,7.27622342340279,0.941602978,0.655205152,,6
Gerstle Cove,2019,38.56646,-123.33,Northern California,6.707620962381464,0.941602978,0.655205152,,6
Gerstle Cove,2020,38.56646,-123.33,Northern California,6.917631592130212,0.941602978,0.655205152,0.0,6
Gerstle Cove,2021,,,Northern California,6.644968355952342,0.941602978,0.655205152,0.0,6
Glass Beach,2015,39.451645,-123.814728,Northern California,4.678016568582657,0.760498599,7.445716915,0.0,6
Glass Beach,2019,39.451645,-123.814728,Northern California,7.117368224061675,0.760498599,7.445716915,0.0,6
Glass Beach,2020,39.451645,-123.814728,Northern California,7.735951809311038,0.760498599,7.445716915,0.0,6
Glass Beach,2021,,,Northern California,7.8169760953829694,0.760498599,7.445716915,0.0,6
HARMONY UCSC,2007,35.49641,-121.0578,Central California,0.0,0.869824617,11.54324968,1.9459101490553132,5
HARMONY UCSC,2008,35.49641,-121.0578,Central California,0.0,0.869824617,11.54324968,0.05889151782819185,6
HARMONY UCSC,2009,35.49641,-121.0578,Central California,0.0,0.869824617,11.54324968,-0.5493061443340549,6
HARMONY UCSC,2010,35.49641,-121.0578,Central California,0.0,0.869824617,11.54324968,0.1438410362258904,6
HARMONY UCSC,2011,35.49641,-121.0578,Central California,0.0,0.869824617,11.54324968,0.6931471805599453,6
HAWTHORNE_REEF VRG,2011,33.74703,-118.4178,Southern California,4.929767832503472,0.574373383,14.4810994,0.0,8
HAWTHORNE_REEF VRG,2012,33.74703,-118.4178,Southern California,6.058792817436986,0.574373383,14.4810994,-1.4451858789480823,6
HEISLER_PARK VRG,2012,33.54039,-117.7919,Southern California,4.161075535106452,0.711433315,8.89943106,-2.3680992241972474,6
HEISLER_PARK VRG,2019,33.54039,-117.7919,Southern California,0.0,0.711433315,8.89943106,-2.6390573296152584,5
HEISLER_PARK VRG,2020,33.54039,-117.7919,Southern California,0.0,0.711433315,8.89943106,-1.5890269151739727,6
HOPKINS_DC UCSC,1999,36.623586,-121.904196,Central California,0.0,0.770138894,8.570357275,-2.1383330595080277,6
HOPKINS_DC UCSC,2000,36.623586,-121.904196,Central California,0.0,0.770138894,8.570357275,-3.020127355638707,6
HOPKINS_DC UCSC,2001,36.623586,-121.904196,Central California,0.34657359027997264,0.770138894,8.570357275,-2.5249280036247685,6
HOPKINS_DC UCSC,2002,36.623586,-121.904196,Central California,0.0,0.770138894,8.570357275,-2.1972245773362196,6
HOPKINS_DC UCSC,2003,36.623586,-121.904196,Central California,0.8958797346140275,0.770138894,8.570357275,-2.0871936349478184,6
HOPKINS_DC UCSC,2004,36.623586,-121.904196,Central California,0.6931471805599453,0.770138894,8.570357275,-2.0126758453675744,6
HOPKINS_DC UCSC,2005,36.623586,-121.904196,Central California,0.0,0.770138894,8.570357275,-1.791759469228055,6
HOPKINS_DC UCSC,2006,36.623586,-121.904196,Central California,0.8958797346140275,0.770138894,8.570357275,-1.9459101490553132,6
HOPKINS_DC UCSC,2007,36.62359,-121.9042,Central California,0.8958797346140275,0.770138894,8.570357275,-1.9944920232821373,6
HOPKINS_DC UCSC,2008,36.62359,-121.9042,Central California,0.34657359027997264,0.770138894,8.570357275,-2.2499048351651325,6
HOPKINS_DC UCSC,2009,36.62359,-121.9042,Central California,0.0,0.770138894,8.570357275,-1.9944920232821373,6
HOPKINS_DC UCSC,2010,36.62359,-121.9042,Central California,1.2424533248940002,0.770138894,8.570357275,-2.2154083994216567,6
HOPKINS_DC UCSC,2011,36.62359,-121.9042,Central California,0.6931471805599453,0.770138894,8.570357275,-1.2424533248940002,6
HOPKINS_DC UCSC,2012,36.62359,-121.9042,Central California,1.2424533248940002,0.770138894,8.570357275,-2.1383330595080277,6
HOPKINS_DC UCSC,2013,36.62359,-121.9042,Central California,1.0986122886681098,0.770138894,8.570357275,-1.9459101490553132,6
HOPKINS_DC UCSC,2014,36.62359,-121.9042,Central California,1.1512925464970227,0.770138894,8.570357275,-1.791759469228055,6
HOPKINS_DC UCSC,2015,36.62359,-121.9042,Central California,4.220695738999978,0.770138894,8.570357275,-0.8958797346140275,6
HOPKINS_DC UCSC,2016,36.62359,-121.9042,Central California,4.646328707232698,0.770138894,8.570357275,-0.5493061443340549,6
HOPKINS_DC UCSC,2017,36.62359,-121.9042,Central California,6.626850182040158,0.770138894,8.570357275,0.0,6
HOPKINS_DC UCSC,2018,36.62359,-121.9042,Central California,6.79362069655376,0.770138894,8.570357275,0.0,6
HOPKINS_DC UCSC,2019,36.62359,-121.9042,Central California,6.984163030562726,0.770138894,8.570357275,0.0,6
HOPKINS_DC UCSC,2020,36.62359,-121.9042,Central California,6.758854056768243,0.770138894,8.570357275,0.0,6
HOPKINS_DC UCSC,2021,36.62359,-121.9042,Central California,7.159595961086966,0.770138894,8.570357275,0.0,6
HOPKINS_UC UCSC,1999,36.621649,-121.900789,Central California,0.0,0.664691359,6.844911169,-2.5649493574615367,6
HOPKINS_UC UCSC,2000,36.621649,-121.900789,Central California,1.0397207708399179,0.664691359,6.844911169,-2.93886789088982,6
HOPKINS_UC UCSC,2001,36.621649,-121.900789,Central California,0.0,0.664691359,6.844911169,-2.470821211304652,6
HOPKINS_UC UCSC,2002,36.621649,-121.900789,Central California,0.0,0.664691359,6.844911169,-2.5184763012068148,6
HOPKINS_UC UCSC,2003,36.621649,-121.900789,Central California,1.2424533248940002,0.664691359,6.844911169,-2.312486406642136,6
HOPKINS_UC UCSC,2004,36.621649,-121.900789,Central California,2.4814223151299535,0.664691359,6.844911169,-1.4978661367769954,6
HOPKINS_UC UCSC,2005,36.621649,-121.900789,Central California,0.6931471805599453,0.664691359,6.844911169,-2.3978952727983707,6
HOPKINS_UC UCSC,2006,36.621649,-121.900789,Central California,0.8958797346140275,0.664691359,6.844911169,-2.5249280036247685,6
HOPKINS_UC UCSC,2007,36.62165,-121.9008,Central California,0.6931471805599453,0.664691359,6.844911169,-2.418140953475739,6
HOPKINS_UC UCSC,2008,36.62165,-121.9008,Central California,1.791759469228055,0.664691359,6.844911169,-2.770631772579213,6
HOPKINS_UC UCSC,2009,36.62165,-121.9008,Central California,1.9944920232821373,0.664691359,6.844911169,-3.113268334643733,6
HOPKINS_UC UCSC,2010,36.62165,-121.9008,Central California,0.0,0.664691359,6.844911169,-2.727660557678851,6
HOPKINS_UC UCSC,2011,36.62165,-121.9008,Central California,1.0986122886681098,0.664691359,6.844911169,-2.4849066497880004,6
HOPKINS_UC UCSC,2012,36.62165,-121.9008,Central California,0.5493061443340549,0.664691359,6.844911169,-2.6155543084272934,6
HOPKINS_UC UCSC,2013,36.62165,-121.9008,Central California,1.0986122886681098,0.664691359,6.844911169,-2.6990813507588767,6
HOPKINS_UC UCSC,2014,36.62165,-121.9008,Central California,3.295150524098343,0.664691359,6.844911169,-2.3502401828962083,6
HOPKINS_UC UCSC,2015,36.62165,-121.9008,Central California,3.7939086099967136,0.664691359,6.844911169,-2.9944807084449314,6
HOPKINS_UC UCSC,2016,36.62165,-121.9008,Central California,5.631956335804313,0.664691359,6.844911169,-2.7917481543908496,6
HOPKINS_UC UCSC,2017,36.62165,-121.9008,Central California,5.34536982069894,0.664691359,6.844911169,-1.5890269151739727,6
HOPKINS_UC UCSC,2018,36.62165,-121.9008,Central California,5.857524824530181,0.664691359,6.844911169,-2.2975599250672953,6
HOPKINS_UC UCSC,2019,36.62165,-121.9008,Central California,5.504736297766826,0.664691359,6.844911169,-2.7546941683139883,6
HOPKINS_UC UCSC,2020,36.62165,-121.9008,Central California,8.178462566146074,0.664691359,6.844911169,-2.3269801750787615,6
HOPKINS_UC UCSC,2021,36.62165,-121.9008,Central California,5.2944650643552595,0.664691359,6.844911169,-2.0715673631957663,6
HORSESHOE_REEF_W UCSB,2010,34.39173,-119.5577,Southern California,5.872625367499639,0.597875783,11.75464413,0.0,6
HORSESHOE_REEF_W UCSB,2011,34.39173,-119.5577,Southern California,5.82600010738045,0.597875783,11.75464413,0.0,5
HORSESHOE_REEF_W UCSB,2012,34.39173,-119.5577,Southern California,5.361919953665681,0.597875783,11.75464413,0.0,6
HORSESHOE_REEF_W UCSB,2013,34.39173,-119.5577,Southern California,4.73712095788128,0.597875783,11.75464413,-0.8958797346140275,6
HORSESHOE_REEF_W UCSB,2014,34.39173,-119.5577,Southern California,3.564648774464686,0.597875783,11.75464413,-2.9634630129852053,6
HORSESHOE_REEF_W UCSB,2015,34.39173,-119.5577,Southern California,4.9410042604295015,0.597875783,11.75464413,-3.7365345440160986,6
HORSESHOE_REEF_W UCSB,2016,34.39173,-119.5577,Southern California,4.4734477619442234,0.597875783,11.75464413,-2.5053176470481278,6
HORSESHOE_REEF_W UCSB,2017,34.39173,-119.5577,Southern California,4.973847903600224,0.597875783,11.75464413,-1.8920948169591307,6
HORSESHOE_REEF_W UCSB,2018,34.39173,-119.5577,Southern California,4.476755381503583,0.597875783,11.75464413,-0.34657359027997264,6
HORSESHOE_REEF_W UCSB,2019,34.39173,-119.5577,Southern California,5.544826369106049,0.597875783,11.75464413,0.0,6
HORSESHOE_REEF_W UCSB,2020,34.39173,-119.5577,Southern California,4.361127117589841,0.597875783,11.75464413,0.0,6
JALAMA_N UCSB,1999,34.48696,-120.5005,Central California,4.976709960642168,0.515774521,11.90594072,-2.0794415416798357,6
JALAMA_N UCSB,2000,34.48696,-120.5005,Central California,1.9250738008550292,0.515774521,11.90594072,-1.2424533248940002,6
JALAMA_N UCSB,2001,34.48696,-120.5005,Central California,0.0,0.515774521,11.90594072,-1.6094379124341003,5
JALAMA_N UCSB,2002,34.48696,-120.5005,Central California,0.0,0.515774521,11.90594072,-0.6931471805599453,6
JALAMA_N UCSB,2003,34.48696,-120.5005,Central California,0.0,0.515774521,11.90594072,-2.255429753258425,6
JALAMA_N UCSB,2004,34.48696,-120.5005,Central California,0.0,0.515774521,11.90594072,-1.4451858789480823,6
JALAMA_N UCSB,2005,34.48696,-120.5005,Central California,0.0,0.515774521,11.90594072,-1.9459101490553132,5
JALAMA_N UCSB,2006,34.48696,-120.5005,Central California,0.0,0.515774521,11.90594072,-3.258096538021482,7
JALAMA_N UCSB,2007,34.48696,-120.5005,Central California,1.0986122886681098,0.515774521,11.90594072,-1.5890269151739727,6
JALAMA_N UCSB,2008,34.48696,-120.5005,Central California,2.0794415416798357,0.515774521,11.90594072,0.0,3
JALAMA_N UCSB,2009,34.48696,-120.5005,Central California,2.5499332139120994,0.515774521,11.90594072,-1.0986122886681098,4
JALAMA_N UCSB,2010,34.48696,-120.5005,Central California,0.34657359027997264,0.515774521,11.90594072,-1.0397207708399179,6
JALAMA_N UCSB,2011,34.48696,-120.5005,Central California,0.0,0.515774521,11.90594072,-1.791759469228055,5
JALAMA_N UCSB,2012,34.48696,-120.5005,Central California,0.0,0.515774521,11.90594072,-2.418140953475739,4
JALAMA_S UCSB,1999,34.48084,-120.4945,Central California,0.0,0.60255892,11.95527526,-1.0986122886681098,3
JALAMA_S UCSB,2000,34.48084,-120.4945,Central California,0.0,0.60255892,11.95527526,-2.0794415416798357,5
JALAMA_S UCSB,2001,34.48084,-120.4945,Central California,0.0,0.60255892,11.95527526,-1.9459101490553132,6
JALAMA_S UCSB,2002,34.48084,-120.4945,Central California,0.0,0.60255892,11.95527526,-2.0948273710132126,6
JALAMA_S UCSB,2003,34.48084,-120.4945,Central California,0.0,0.60255892,11.95527526,-3.2188758248682006,3
JALAMA_S UCSB,2004,34.48084,-120.4945,Central California,0.0,0.60255892,11.95527526,-2.6390573296152584,5
JALAMA_S UCSB,2005,34.48084,-120.4945,Central California,0.0,0.60255892,11.95527526,-2.3978952727983707,3
JALAMA_S UCSB,2006,34.48084,-120.4945,Central California,0.0,0.60255892,11.95527526,-2.3978952727983707,5
JALAMA_S UCSB,2007,34.48084,-120.4945,Central California,0.34657359027997264,0.60255892,11.95527526,-2.359249435647547,4
JALAMA_S UCSB,2008,34.48084,-120.4945,Central California,0.6931471805599453,0.60255892,11.95527526,-0.6931471805599453,6
JALAMA_S UCSB,2009,34.48084,-120.4945,Central California,0.0,0.60255892,11.95527526,-0.6931471805599453,5
JALAMA_S UCSB,2010,34.48084,-120.4945,Central California,2.266299746576628,0.60255892,11.95527526,0.0,4
JALAMA_S UCSB,2011,34.48084,-120.4945,Central California,1.354025100551105,0.60255892,11.95527526,-0.34657359027997264,6
JALAMA_S UCSB,2012,34.48084,-120.4945,Central California,0.6931471805599453,0.60255892,11.95527526,0.0,5
LAGUNA_BEACH VRG,2011,33.53026,-117.781,Southern California,1.0397207708399179,0.747405012,9.733196945,-2.4814223151299535,6
LAGUNA_BEACH VRG,2019,33.53026,-117.781,Southern California,0.8958797346140275,0.747405012,9.733196945,-2.6968137731761805,6
LAGUNA_BEACH VRG,2020,33.53026,-117.781,Southern California,0.0,0.747405012,9.733196945,-1.9459101490553132,6
LA_CRUZ_DC UCSC,2003,35.710426,-121.324076,Central California,0.0,0.789937974,12.15701359,3.594961085372904,6
LA_CRUZ_DC UCSC,2004,35.710426,-121.324076,Central California,0.0,0.789937974,12.15701359,4.459592805022715,6
LA_CRUZ_DC UCSC,2005,35.710426,-121.324076,Central California,0.0,0.789937974,12.15701359,3.6768611651998158,6
LA_CRUZ_DC UCSC,2006,35.710426,-121.324076,Central California,0.0,0.789937974,12.15701359,2.2975599250672953,6
LA_CRUZ_DC UCSC,2007,35.71043,-121.3241,Central California,0.0,0.789937974,12.15701359,2.7827389016395103,6
LA_CRUZ_DC UCSC,2008,35.71043,-121.3241,Central California,0.0,0.789937974,12.15701359,3.3698162207939975,6
LA_CRUZ_UC UCSC,2003,35.713009,-121.325389,Central California,0.0,0.76238684,11.26184248,3.894105778923538,6
LA_CRUZ_UC UCSC,2004,35.713009,-121.325389,Central California,0.0,0.76238684,11.26184248,2.6441335153472676,6
LA_CRUZ_UC UCSC,2005,35.713009,-121.325389,Central California,0.0,0.76238684,11.26184248,4.812580787504186,6
LA_CRUZ_UC UCSC,2006,35.713009,-121.325389,Central California,0.0,0.76238684,11.26184248,3.076366347352052,6
LA_CRUZ_UC UCSC,2007,35.71301,-121.3254,Central California,0.0,0.76238684,11.26184248,3.044522437723423,6
LA_CRUZ_UC UCSC,2008,35.71301,-121.3254,Central California,0.6931471805599453,0.76238684,11.26184248,4.9344739331306915,5
LECHUZA UCSB,2010,34.03505,-118.871,Southern California,6.18622767551131,0.475588611,7.984237017,-2.0794415416798357,6
LECHUZA UCSB,2011,34.03505,-118.871,Southern California,5.512150774593962,0.475588611,7.984237017,-3.113268334643733,6
LECHUZA UCSB,2012,34.03505,-118.871,Southern California,6.362897289759081,0.475588611,7.984237017,-2.5619819897016294,6
LECHUZA UCSB,2013,34.03505,-118.871,Southern California,5.842278375277996,0.475588611,7.984237017,-2.302585092994046,6
LECHUZA VRG,2019,34.03186,-118.8631,Southern California,2.3502401828962083,0.612238494,9.1165971,-1.868834809141684,4
LECHUZA VRG,2020,34.03186,-118.8631,Southern California,1.7776740307447068,0.612238494,9.1165971,-1.1512925464970227,4
LITTLE_DUME_W VRG,2008,34.00654,-118.791,Southern California,3.7800402325109133,0.411026232,7.312666197,-2.6491586832740186,6
LITTLE_DUME_W VRG,2010,34.00654,-118.791,Southern California,3.3485171238332425,0.416503228,8.932681915,-2.70805020110221,6
LITTLE_DUME_W VRG,2011,34.00654,-118.791,Southern California,3.174569495689899,0.416503228,8.932681915,-2.2386684072391034,6
LITTLE_DUME_W VRG,2012,34.00654,-118.791,Southern California,3.40064151723581,0.416503228,8.932681915,-2.302585092994046,6
LITTLE_DUME_W VRG,2013,34.00654,-118.791,Southern California,3.174569495689899,0.416503228,8.932681915,-2.6287476860138907,6
LITTLE_DUME_W VRG,2019,34.00654,-118.791,Southern California,1.0986122886681098,0.411026232,7.312666197,-1.0986122886681098,5
LITTLE_DUME_W VRG,2020,34.00654,-118.791,Southern California,2.0715673631957663,0.411026232,7.312666197,-0.6931471805599453,6
LITTLE_IRISH_CEN UCSC,2007,35.17806,-120.8177,Central California,0.0,0.651515438,10.35990571,1.4816045409242158,5
LITTLE_IRISH_CEN UCSC,2008,35.17806,-120.8177,Central California,0.0,0.651515438,10.35990571,4.127134385045092,5
LITTLE_IRISH_CEN UCSC,2016,35.17806,-120.8177,Central California,2.34106561356211,0.651515438,10.35990571,2.158744056768155,6
LITTLE_IRISH_CEN UCSC,2017,35.17806,-120.8177,Central California,3.3485171238332425,0.651515438,10.35990571,3.6361991962850233,6
LITTLE_IRISH_CEN UCSC,2018,35.17806,-120.8177,Central California,3.0456549410388494,0.651515438,10.35990571,1.5890269151739727,6
LITTLE_IRISH_CEN UCSC,2019,35.17806,-120.8177,Central California,3.8198211439290066,0.651515438,10.35990571,0.34657359027997264,6
LITTLE_IRISH_CEN UCSC,2020,35.17806,-120.8177,Central California,3.9966411640507955,0.651515438,10.35990571,0.34657359027997264,6
LITTLE_IRISH_DC UCSC,2007,35.17593,-120.8125,Central California,0.0,0.620483951,11.53418207,1.5890269151739727,6
LITTLE_IRISH_DC UCSC,2008,35.17593,-120.8125,Central California,0.0,0.620483951,11.53418207,1.0986122886681098,5
LITTLE_IRISH_DC UCSC,2009,35.17593,-120.8125,Central California,0.0,0.620483951,11.53418207,0.0,5
LITTLE_IRISH_DC UCSC,2010,35.17593,-120.8125,Central California,0.0,0.620483951,11.53418207,1.7005986908310775,6
LITTLE_IRISH_DC UCSC,2011,35.17593,-120.8125,Central California,0.0,0.620483951,11.53418207,0.0,6
LITTLE_IRISH_DC UCSC,2017,35.17593,-120.8125,Central California,2.8314802400679726,0.620483951,11.53418207,0.0,6
LITTLE_IRISH_DC UCSC,2018,35.17593,-120.8125,Central California,3.1513094878724526,0.620483951,11.53418207,0.34657359027997264,6
LITTLE_IRISH_DC UCSC,2019,35.17593,-120.8125,Central California,3.9318256327243257,0.620483951,11.53418207,0.0,5
LITTLE_IRISH_DC UCSC,2020,35.17593,-120.8125,Central California,4.692314878536436,0.620483951,11.53418207,0.0,6
LITTLE_IRISH_DC UCSC,2021,35.17593,-120.8125,Central California,3.473487996067709,0.620483951,11.53418207,3.730820196104287,2
LITTLE_IRISH_UC UCSC,2007,35.18421,-120.8251,Central California,0.0,0.670388889,11.01978578,2.5375869076169133,6
LITTLE_IRISH_UC UCSC,2008,35.18421,-120.8251,Central California,0.0,0.670388889,11.01978578,2.4849066497880004,6
LITTLE_IRISH_UC UCSC,2009,35.18421,-120.8251,Central California,0.0,0.670388889,11.01978578,0.0,4
LITTLE_IRISH_UC UCSC,2010,35.18421,-120.8251,Central California,0.0,0.670388889,11.01978578,0.8958797346140275,6
LITTLE_IRISH_UC UCSC,2011,35.18421,-120.8251,Central California,0.0,0.670388889,11.01978578,0.6931471805599453,5
LITTLE_IRISH_UC UCSC,2016,35.18421,-120.8251,Central California,2.772588722239781,0.670388889,11.01978578,3.564648774464686,6
LITTLE_IRISH_UC UCSC,2017,35.18421,-120.8251,Central California,3.4652473829758135,0.670388889,11.01978578,0.34657359027997264,6
LITTLE_IRISH_UC UCSC,2018,35.18421,-120.8251,Central California,3.688566856416977,0.670388889,11.01978578,0.0,6
LITTLE_IRISH_UC UCSC,2019,35.18421,-120.8251,Central California,4.4597265842877265,0.670388889,11.01978578,0.0,6
LITTLE_IRISH_UC UCSC,2020,35.18421,-120.8251,Central California,4.917229483062846,0.670388889,11.01978578,0.5493061443340549,6
LITTLE_IRISH_UC UCSC,2021,35.18421,-120.8251,Central California,4.071613375183722,0.670388889,11.01978578,1.545521226679158,4
LONE_TREE UCSC,2007,36.56642,-121.9707,Central California,0.6931471805599453,0.756487987,18.85519248,-1.2901084147961628,6
LONE_TREE UCSC,2008,36.56642,-121.9707,Central California,0.0,0.756487987,18.85519248,-2.470821211304652,6
LONE_TREE UCSC,2010,36.56642,-121.9707,Central California,0.0,0.756487987,18.85519248,-2.0715673631957663,6
LONE_TREE UCSC,2011,36.56642,-121.9707,Central California,2.1242476210246797,0.756487987,18.85519248,-1.0397207708399179,6
LONE_TREE UCSC,2016,36.56642,-121.9707,Central California,7.617773595704449,0.756487987,18.85519248,0.0,6
LONE_TREE UCSC,2017,36.56642,-121.9707,Central California,6.933042421963604,0.756487987,18.85519248,0.0,6
LONE_TREE UCSC,2018,36.56642,-121.9707,Central California,6.214918002361895,0.756487987,18.85519248,0.0,6
LONE_TREE UCSC,2019,36.56642,-121.9707,Central California,6.780921682049885,0.756487987,18.85519248,0.0,6
LONE_TREE UCSC,2020,36.56642,-121.9707,Central California,7.2482055265329315,0.756487987,18.85519248,0.0,6
LONE_TREE UCSC,2021,36.56642,-121.9707,Central California,5.680655782397469,0.756487987,18.85519248,2.9303931117329327,2
LONG_POINT_E VRG,2007,33.73595,-118.4012,Southern California,4.866794257870366,0.793974993,13.76885449,0.0,6
LONG_POINT_E VRG,2009,33.73595,-118.4012,Southern California,4.6533250260567955,0.793974993,13.76885449,-3.6838542861871857,6
LONG_POINT_E VRG,2010,33.73595,-118.4012,Southern California,2.1383330595080277,0.793974993,13.76885449,-2.6990813507588767,8
LONG_POINT_E VRG,2011,33.73595,-118.4012,Southern California,2.70805020110221,0.793974993,13.76885449,-3.349750170080839,8
LONG_POINT_E VRG,2012,33.73595,-118.4012,Southern California,3.51054198214457,0.793974993,13.76885449,-2.6155543084272934,8
LONG_POINT_E VRG,2013,33.73595,-118.4012,Southern California,3.5553480614894135,0.793974993,13.76885449,-2.3978952727983707,7
LONG_POINT_E VRG,2014,33.73595,-118.4012,Southern California,4.23410650459726,0.793974993,13.76885449,-3.1780538303479458,7
LONG_POINT_E VRG,2015,33.73595,-118.4012,Southern California,2.9444389791664403,0.793974993,13.76885449,-2.772588722239781,8
LONG_POINT_E VRG,2016,33.73595,-118.4012,Southern California,2.3502401828962083,0.793974993,13.76885449,-2.56198198970163,8
LONG_POINT_E VRG,2017,33.73595,-118.4012,Southern California,2.4849066497880004,0.793974993,13.76885449,-3.367295829986474,8
LONG_POINT_E VRG,2018,33.73595,-118.4012,Southern California,1.5222612188617115,0.793974993,13.76885449,-2.1242476210246797,8
LONG_POINT_E VRG,2019,33.73595,-118.4012,Southern California,2.610177912539162,0.793974993,13.76885449,-1.8444397270569681,8
LONG_POINT_E VRG,2020,33.73595,-118.4012,Southern California,1.5890269151739727,0.793974993,13.76885449,-1.3195286648076292,8
LOPEZ_DC UCSC,2002,36.022241,-121.581233,Central California,0.0,0.672248357,12.28307708,1.9437675668908392,6
LOPEZ_DC UCSC,2003,36.022241,-121.581233,Central California,0.0,0.672248357,12.28307708,3.1453986183898692,6
LOPEZ_DC UCSC,2004,36.022241,-121.581233,Central California,0.0,0.672248357,12.28307708,1.2424533248940002,6
LOPEZ_DC UCSC,2005,36.022241,-121.581233,Central California,0.0,0.672248357,12.28307708,0.0,5
LOPEZ_DC UCSC,2006,36.022241,-121.581233,Central California,0.0,0.672248357,12.28307708,0.9547712524422194,5
LOPEZ_DC UCSC,2007,36.02224,-121.5812,Central California,0.0,0.672248357,12.28307708,2.224258187971357,6
LOPEZ_DC UCSC,2008,36.02224,-121.5812,Central California,0.0,0.672248357,12.28307708,2.1972245773362196,6
LOPEZ_DC UCSC,2009,36.02224,-121.5812,Central California,0.0,0.672248357,12.28307708,2.04717228111105,6
LOPEZ_DC UCSC,2010,36.02224,-121.5812,Central California,0.0,0.672248357,12.28307708,2.2386684072391034,6
LOPEZ_DC UCSC,2011,36.02224,-121.5812,Central California,0.0,0.672248357,12.28307708,0.0,6
LOPEZ_OLD_UC UCSC,2001,36.030994,-121.582622,Central California,0.0,0.484354677,12.54480344,-1.3195286648076292,4
LOVERS_DC UCSC,2007,36.62577,-121.9107,Central California,1.9033312448851598,0.579875664,10.05613986,-2.1910133173369406,6
LOVERS_DC UCSC,2011,36.62577,-121.9107,Central California,1.868834809141684,0.579875664,10.05613986,-2.34106561356211,6
LOVERS_DC UCSC,2012,36.62577,-121.9107,Central California,0.0,0.579875664,10.05613986,-2.2154083994216567,6
LOVERS_DC UCSC,2013,36.62577,-121.9107,Central California,0.6931471805599453,0.579875664,10.05613986,-2.171902710926842,6
LOVERS_DC UCSC,2014,36.62577,-121.9107,Central California,2.810200432858575,0.579875664,10.05613986,-1.791759469228055,6
LOVERS_DC UCSC,2015,36.62577,-121.9107,Central California,5.58672235364228,0.579875664,10.05613986,-2.8314802400679726,6
LOVERS_DC UCSC,2016,36.62577,-121.9107,Central California,4.4810676950333015,0.579875664,10.05613986,-1.7005986908310775,6
LOVERS_DC UCSC,2017,36.62577,-121.9107,Central California,6.465176315828346,0.579875664,10.05613986,0.0,6
LOVERS_DC UCSC,2018,36.62577,-121.9107,Central California,6.54072068894187,0.579875664,10.05613986,0.0,6
LOVERS_DC UCSC,2019,36.62577,-121.9107,Central California,6.719629766247252,0.579875664,10.05613986,0.0,6
LOVERS_DC UCSC,2020,36.62577,-121.9107,Central California,6.522723887617918,0.579875664,10.05613986,0.0,6
LOVERS_DC UCSC,2021,36.62577,-121.9107,Central California,6.051380015744824,0.579875664,10.05613986,0.0,6
LOVERS_UC UCSC,2007,36.62422,-121.9091,Central California,1.2424533248940002,0.706666668,8.901181724,-1.9756218592907135,6
LOVERS_UC UCSC,2011,36.62422,-121.9091,Central California,0.8958797346140275,0.706666668,8.901181724,-1.9459101490553132,6
LOVERS_UC UCSC,2012,36.62422,-121.9091,Central California,1.2424533248940002,0.706666668,8.901181724,-2.6990813507588767,6
LOVERS_UC UCSC,2013,36.62422,-121.9091,Central California,1.0986122886681098,0.706666668,8.901181724,-2.0715673631957663,6
LOVERS_UC UCSC,2014,36.62422,-121.9091,Central California,2.8903717578961645,0.706666668,8.901181724,-1.3195286648076292,6
LOVERS_UC UCSC,2015,36.62422,-121.9091,Central California,4.417677985560802,0.706666668,8.901181724,-2.282174095733918,6
LOVERS_UC UCSC,2016,36.62422,-121.9091,Central California,5.042279163714215,0.706666668,8.901181724,-1.666102255087602,6
LOVERS_UC UCSC,2017,36.62422,-121.9091,Central California,6.405931467435934,0.706666668,8.901181724,0.0,6
LOVERS_UC UCSC,2018,36.62422,-121.9091,Central California,6.840369197951809,0.706666668,8.901181724,0.0,6
LOVERS_UC UCSC,2019,36.62422,-121.9091,Central California,7.0637718606399424,0.706666668,8.901181724,0.0,6
LOVERS_UC UCSC,2020,36.62422,-121.9091,Central California,7.515778243962165,0.706666668,8.901181724,0.0,6
LOVERS_UC UCSC,2021,36.62422,-121.9091,Central California,6.186386410710586,0.706666668,8.901181724,0.0,6
LUNADA_BAY VRG,2011,33.77106,-118.431,Southern California,4.02535169073515,0.774447075,10.97039409,-3.7376696182833684,7
LUNADA_BAY VRG,2012,33.77106,-118.431,Southern California,3.912023005428146,0.774447075,10.97039409,-2.6390573296152584,7
MACABEE_DC UCSC,1999,36.618184,-121.896835,Central California,0.0,0.494865903,9.801830634,-2.158744056768155,6
MACABEE_DC UCSC,2000,36.618184,-121.896835,Central California,0.0,0.494865903,9.801830634,-2.943052015725078,6
MACABEE_DC UCSC,2001,36.618184,-121.896835,Central California,0.0,0.494865903,9.801830634,-3.039966597547795,6
MACABEE_DC UCSC,2002,36.618184,-121.896835,Central California,1.3195286648076292,0.494865903,9.801830634,-2.5249280036247685,6
MACABEE_DC UCSC,2003,36.618184,-121.896835,Central California,0.8958797346140275,0.494865903,9.801830634,-1.7005986908310775,6
MACABEE_DC UCSC,2004,36.618184,-121.896835,Central California,0.34657359027997264,0.494865903,9.801830634,-2.0126758453675744,6
MACABEE_DC UCSC,2005,36.618184,-121.896835,Central California,0.0,0.494865903,9.801830634,-1.9033312448851598,6
MACABEE_DC UCSC,2006,36.618184,-121.896835,Central California,1.7776740307447068,0.494865903,9.801830634,-2.1383330595080277,6
MACABEE_DC UCSC,2007,36.61818,-121.8968,Central California,0.6931471805599453,0.494865903,9.801830634,-2.302585092994046,5
MACABEE_DC UCSC,2008,36.61818,-121.8968,Central California,1.6094379124341003,0.494865903,9.801830634,-2.6020033435383976,6
MACABEE_DC UCSC,2009,36.61818,-121.8968,Central California,0.8958797346140275,0.494865903,9.801830634,-2.6155543084272934,6
MACABEE_DC UCSC,2010,36.61818,-121.8968,Central California,0.34657359027997264,0.494865903,9.801830634,-2.7647145437557112,6
MACABEE_DC UCSC,2011,36.61818,-121.8968,Central California,0.34657359027997264,0.494865903,9.801830634,-1.9033312448851598,6
MACABEE_DC UCSC,2012,36.61818,-121.8968,Central California,0.0,0.494865903,9.801830634,-2.3978952727983707,5
MACABEE_DC UCSC,2013,36.61818,-121.8968,Central California,0.0,0.494865903,9.801830634,-2.0715673631957663,6
MACABEE_DC UCSC,2014,36.61818,-121.8968,Central California,1.0986122886681098,0.494865903,9.801830634,-1.791759469228055,6
MACABEE_DC UCSC,2015,36.61818,-121.8968,Central California,3.9792884519069496,0.494865903,9.801830634,-2.6735537653587342,6
MACABEE_DC UCSC,2016,36.61818,-121.8968,Central California,3.5975936600893546,0.494865903,9.801830634,-2.282174095733918,6
MACABEE_DC UCSC,2017,36.61818,-121.8968,Central California,5.051988206642766,0.494865903,9.801830634,-0.34657359027997264,4
MACABEE_DC UCSC,2018,36.61818,-121.8968,Central California,4.474227996172771,0.494865903,9.801830634,-1.0397207708399179,6
MACABEE_DC UCSC,2020,36.61818,-121.8968,Central California,5.402494733468422,0.494865903,9.801830634,-1.2424533248940002,6
MACABEE_DC UCSC,2021,36.61818,-121.8968,Central California,6.580638175451464,0.494865903,9.801830634,-1.3862943611198906,6
MACABEE_UC UCSC,1999,36.617148,-121.895695,Central California,1.666102255087602,0.410546138,9.347211694,-2.4260151319598084,6
MACABEE_UC UCSC,2000,36.617148,-121.895695,Central California,0.6931471805599453,0.410546138,9.347211694,-3.367295829986474,6
MACABEE_UC UCSC,2001,36.617148,-121.895695,Central California,0.0,0.410546138,9.347211694,-2.908555579981602,6
MACABEE_UC UCSC,2002,36.617148,-121.895695,Central California,0.6931471805599453,0.410546138,9.347211694,-2.5529727369502906,6
MACABEE_UC UCSC,2003,36.617148,-121.895695,Central California,1.5222612188617115,0.410546138,9.347211694,-2.6876392038420827,6
MACABEE_UC UCSC,2004,36.617148,-121.895695,Central California,0.0,0.410546138,9.347211694,-2.3978952727983707,6
MACABEE_UC UCSC,2005,36.617148,-121.895695,Central California,0.0,0.410546138,9.347211694,-2.4337672252277915,6
MACABEE_UC UCSC,2006,36.617148,-121.895695,Central California,0.8047189562170501,0.410546138,9.347211694,-2.445174564110877,6
MACABEE_UC UCSC,2007,36.61715,-121.8957,Central California,0.8958797346140275,0.410546138,9.347211694,-1.9356005054539454,6
MACABEE_UC UCSC,2008,36.61715,-121.8957,Central California,1.9459101490553132,0.410546138,9.347211694,-2.1972245773362196,6
MACABEE_UC UCSC,2009,36.61715,-121.8957,Central California,0.34657359027997264,0.410546138,9.347211694,-2.302585092994046,6
MACABEE_UC UCSC,2010,36.61715,-121.8957,Central California,0.0,0.410546138,9.347211694,-2.4849066497880004,6
MACABEE_UC UCSC,2011,36.61715,-121.8957,Central California,0.0,0.410546138,9.347211694,-2.282174095733918,6
MACABEE_UC UCSC,2012,36.61715,-121.8957,Central California,1.2424533248940002,0.410546138,9.347211694,-2.0948273710132126,6
MACABEE_UC UCSC,2013,36.61715,-121.8957,Central California,2.452637389219215,0.410546138,9.347211694,-1.4978661367769954,6
MACABEE_UC UCSC,2014,36.61715,-121.8957,Central California,2.0471722811110507,0.410546138,9.347211694,-1.0397207708399179,6
MACABEE_UC UCSC,2015,36.61715,-121.8957,Central California,3.6810052756298663,0.410546138,9.347211694,-2.2499048351651325,6
MACABEE_UC UCSC,2016,36.61715,-121.8957,Central California,3.5400132499612953,0.410546138,9.347211694,-2.6990813507588767,6
MACABEE_UC UCSC,2017,36.61715,-121.8957,Central California,5.954520164401959,0.410546138,9.347211694,-0.6931471805599453,6
MACABEE_UC UCSC,2018,36.61715,-121.8957,Central California,5.440643610493745,0.410546138,9.347211694,0.0,6
MACABEE_UC UCSC,2020,36.61715,-121.8957,Central California,6.028278520230698,0.410546138,9.347211694,0.0,5
MACABEE_UC UCSC,2021,36.61715,-121.8957,Central California,5.071645772371722,0.410546138,9.347211694,0.0,6
MALPASO UCSC,2006,36.46575,-121.934,Central California,0.34657359027997264,0.762431235,13.77913796,-0.8958797346140275,6
MALPASO UCSC,2007,36.46575,-121.934,Central California,0.5493061443340549,0.762431235,13.77913796,-1.0099452810266518,6
MALPASO UCSC,2008,36.46575,-121.934,Central California,0.0,0.762431235,13.77913796,-1.2242695028085628,6
MALPASO UCSC,2009,36.46575,-121.934,Central California,0.6931471805599453,0.762431235,13.77913796,-2.452637389219215,6
MALPASO UCSC,2010,36.46575,-121.934,Central California,0.0,0.762431235,13.77913796,1.6113094055735178,6
MALPASO UCSC,2011,36.46575,-121.934,Central California,0.34657359027997264,0.762431235,13.77913796,-0.490414626505863,6
MALPASO UCSC,2012,36.46575,-121.934,Central California,0.34657359027997264,0.762431235,13.77913796,-0.8047189562170501,6
MALPASO UCSC,2013,36.46575,-121.934,Central California,1.3862943611198906,0.762431235,13.77913796,-0.9729550745276566,6
MALPASO UCSC,2014,36.46575,-121.934,Central California,2.780340815507764,0.762431235,13.77913796,-1.5222612188617115,6
MALPASO UCSC,2015,36.46575,-121.934,Central California,5.083425658668352,0.762431235,13.77913796,-0.34657359027997264,6
MALPASO UCSC,2017,36.46575,-121.934,Central California,5.345062538091707,0.762431235,13.77913796,0.0,6
MALPASO UCSC,2018,36.46575,-121.934,Central California,5.875730967545959,0.762431235,13.77913796,0.5493061443340549,6
MALPASO UCSC,2019,36.46575,-121.934,Central California,6.8110939552311605,0.762431235,13.77913796,0.0,6
MALPASO UCSC,2020,36.46575,-121.934,Central California,6.087682992375505,0.762431235,13.77913796,0.0,6
MALPASO UCSC,2021,36.46575,-121.934,Central California,6.917190689357263,0.762431235,13.77913796,0.0,6
MATLAHUAYL VRG,2011,32.85116,-117.2702,Southern California,0.9729550745276566,0.144888889,7.976902262,-1.7005986908310775,4
MATLAHUAYL VRG,2012,32.85116,-117.2702,Southern California,1.2424533248940002,0.144888889,7.976902262,-1.354025100551105,4
MATLAHUAYL VRG,2019,32.85116,-117.2702,Southern California,0.6931471805599453,0.144888889,7.976902262,-1.6094379124341003,3
MATLAHUAYL VRG,2020,32.85116,-117.2702,Southern California,0.0,0.144888889,7.976902262,-0.34657359027997264,4
MONASTERY_DC UCSC,1999,36.525415,-121.933322,Central California,0.0,0.725630627,12.44250186,-2.2499048351651325,6
MONASTERY_DC UCSC,2000,36.525415,-121.933322,Central California,0.5493061443340549,0.725630627,12.44250186,-1.1208381699535266,6
MONASTERY_DC UCSC,2001,36.525415,-121.933322,Central California,0.6931471805599453,0.725630627,12.44250186,-1.3862943611198906,6
MONASTERY_DC UCSC,2002,36.525415,-121.933322,Central California,0.0,0.725630627,12.44250186,-1.5890269151739727,6
MONASTERY_DC UCSC,2003,36.525415,-121.933322,Central California,0.6931471805599453,0.725630627,12.44250186,-0.6931471805599453,6
MONASTERY_DC UCSC,2004,36.525415,-121.933322,Central California,0.0,0.725630627,12.44250186,-1.791759469228055,6
MONASTERY_DC UCSC,2005,36.525415,-121.933322,Central California,0.0,0.725630627,12.44250186,-0.8958797346140275,6
MONASTERY_DC UCSC,2006,36.525415,-121.933322,Central California,0.34657359027997264,0.725630627,12.44250186,-1.2424533248940002,6
MONASTERY_DC UCSC,2007,36.52542,-121.9333,Central California,1.2424533248940002,0.725630627,12.44250186,-0.7790723090232748,6
MONASTERY_DC UCSC,2008,36.52542,-121.9333,Central California,0.0,0.725630627,12.44250186,-2.7403194616709956,6
MONASTERY_DC UCSC,2009,36.52542,-121.9333,Central California,0.8958797346140275,0.725630627,12.44250186,-1.5890269151739727,6
MONASTERY_DC UCSC,2010,36.52542,-121.9333,Central California,0.0,0.725630627,12.44250186,-1.844439727056968,6
MONASTERY_DC UCSC,2011,36.52542,-121.9333,Central California,0.8047189562170501,0.725630627,12.44250186,-1.5890269151739727,6
MONASTERY_DC UCSC,2012,36.52542,-121.9333,Central California,0.34657359027997264,0.725630627,12.44250186,-1.868834809141684,6
MONASTERY_DC UCSC,2013,36.52542,-121.9333,Central California,0.6931471805599453,0.725630627,12.44250186,-1.2628643221541276,6
MONASTERY_DC UCSC,2014,36.52542,-121.9333,Central California,4.542388574500418,0.725630627,12.44250186,-1.0986122886681096,6
MONASTERY_DC UCSC,2015,36.52542,-121.9333,Central California,6.417140612465603,0.725630627,12.44250186,-0.34657359027997264,6
MONASTERY_DC UCSC,2016,36.52542,-121.9333,Central California,5.6559856980141365,0.725630627,12.44250186,-0.8047189562170501,6
MONASTERY_DC UCSC,2017,36.52542,-121.9333,Central California,4.936204798482633,0.725630627,12.44250186,0.5725661521515014,6
MONASTERY_DC UCSC,2018,36.52542,-121.9333,Central California,6.7555567831677354,0.725630627,12.44250186,-0.4054651081081645,6
MONASTERY_DC UCSC,2019,36.52542,-121.9333,Central California,6.794602882593698,0.725630627,12.44250186,0.34657359027997264,6
MONASTERY_DC UCSC,2020,36.52542,-121.9333,Central California,7.585006948646656,0.725630627,12.44250186,0.0,6
MONASTERY_DC UCSC,2021,36.52542,-121.9333,Central California,6.805937736519054,0.725630627,12.44250186,0.0,6
MONTANA_DE_ORO UCSC,2007,35.23323,-120.8908,Central California,0.0,0.862707006,12.73344719,1.3013448427221919,6
MONTANA_DE_ORO UCSC,2008,35.23323,-120.8908,Central California,0.0,0.862707006,12.73344719,0.8472978603872034,5
MONTANA_DE_ORO UCSC,2009,35.23323,-120.8908,Central California,1.0986122886681098,0.862707006,12.73344719,0.0,6
MONTANA_DE_ORO UCSC,2010,35.23323,-120.8908,Central California,0.0,0.862707006,12.73344719,0.25541281188299525,6
MONTANA_DE_ORO UCSC,2011,35.23323,-120.8908,Central California,0.0,0.862707006,12.73344719,0.0,5
MONTANA_DE_ORO UCSC,2016,35.23323,-120.8908,Central California,2.3978952727983707,0.862707006,12.73344719,2.04717228111105,6
MONTANA_DE_ORO UCSC,2017,35.23323,-120.8908,Central California,3.7336855334587797,0.862707006,12.73344719,1.545521226679158,6
MONTANA_DE_ORO UCSC,2018,35.23323,-120.8908,Central California,4.61404102672617,0.862707006,12.73344719,1.3862943611198906,6
MONTANA_DE_ORO UCSC,2019,35.23323,-120.8908,Central California,4.498264074045428,0.862707006,12.73344719,0.8958797346140275,6
MONTANA_DE_ORO UCSC,2020,35.23323,-120.8908,Central California,4.871189696070685,0.862707006,12.73344719,0.0,6
MONTANA_DE_ORO UCSC,2021,35.23323,-120.8908,Central California,5.120479644745212,0.862707006,12.73344719,0.8958797346140275,4
MacKerricher North,2018,39.4928,-123.802,Northern California,0.0,0.318007393,4.265601448,0.0,6
MacKerricher North,2019,39.4928,-123.802,Northern California,7.454129259178072,0.318007393,4.265601448,0.0,6
MacKerricher North,2020,39.4928,-123.802,Northern California,7.578877264514371,0.318007393,4.265601448,0.0,6
MacKerricher North,2021,,,Northern California,7.418831047437431,0.318007393,4.265601448,0.0,6
Mendocino Headlands,2007,39.30528,-123.811,Northern California,2.0794415416798357,0.857005374,12.87762723,1.0986122886681098,6
Mendocino Headlands,2008,39.30528,-123.811,Northern California,2.858513850703111,0.857005374,12.87762723,4.04305126783455,6
Mendocino Headlands,2009,39.30528,-123.811,Northern California,3.172818180414298,0.857005374,12.87762723,2.452637389219215,6
Mendocino Headlands,2010,39.30528,-123.811,Northern California,3.295836866004329,0.857005374,12.87762723,0.0,6
Mendocino Headlands,2011,39.30528,-123.811,Northern California,2.7917481543908496,0.857005374,12.87762723,2.610177912539162,6
Mendocino Headlands,2012,39.30528,-123.811,Northern California,3.1883634739493134,0.857005374,12.87762723,2.9944807084449314,6
Mendocino Headlands,2014,39.30528,-123.811,Northern California,5.2305387401291,0.857005374,12.87762723,0.0,6
Mendocino Headlands,2015,39.30528,-123.811,Northern California,7.352503108660091,0.857005374,12.87762723,0.0,6
Mendocino Headlands,2016,39.30528,-123.811,Northern California,7.256683317125977,0.857005374,12.87762723,0.0,6
Mendocino Headlands,2017,39.30528,-123.811,Northern California,7.276912977264114,0.857005374,12.87762723,0.0,6
Mendocino Headlands,2018,39.30528,-123.811,Northern California,7.626075150922706,0.857005374,12.87762723,0.0,6
Mendocino Headlands,2019,39.30528,-123.811,Northern California,7.868744778107284,0.857005374,12.87762723,0.0,6
Mendocino Headlands,2021,,,Northern California,8.081454721816147,0.857005374,12.87762723,0.0,6
Monument,2018,38.9277,-123.735,Northern California,7.254629029148122,0.863863007,11.0775129,2.799210979499187,6
Monument,2020,38.9277,-123.735,Northern California,6.710896093004318,0.863863007,11.0775129,3.179786934336189,6
Monument,2021,,,Northern California,7.009362122275473,0.863863007,11.0775129,3.7273599746820008,6
NAPLES_CEN UCSB,1999,34.42185,-119.9515,Southern California,7.513107079783497,0.707460313,14.24892613,-2.34106561356211,6
NAPLES_CEN UCSB,2000,34.42185,-119.9515,Southern California,7.13966033596492,0.707460313,14.24892613,0.0,11
NAPLES_CEN UCSB,2001,34.42185,-119.9515,Southern California,6.607909555756956,0.707460313,14.24892613,0.0,12
NAPLES_CEN UCSB,2002,34.42185,-119.9515,Southern California,5.707110264748875,0.707460313,14.24892613,0.0,5
NAPLES_CEN UCSB,2003,,,Southern California,,0.707460313,14.24892613,,1
NAPLES_CEN UCSB,2004,,,Southern California,,0.707460313,14.24892613,,1
NAPLES_CEN UCSB,2005,,,Southern California,,0.707460313,14.24892613,,1
NAPLES_CEN UCSB,2006,,,Southern California,,0.707460313,14.24892613,,1
NAPLES_CEN UCSB,2007,34.42185,-119.9515,Southern California,4.5217885770490405,0.707460313,14.24892613,-2.0794415416798357,3
NAPLES_CEN UCSB,2008,34.42185,-119.9515,Southern California,5.327322086799486,0.707460313,14.24892613,-1.9756218592907135,4
NAPLES_CEN UCSB,2009,34.42185,-119.9515,Southern California,6.530503493955612,0.707460313,14.24892613,-1.5890269151739727,4
NAPLES_CEN UCSB,2010,34.42185,-119.9515,Southern California,6.1627715727531704,0.707460313,14.24892613,-0.34657359027997264,4
NAPLES_CEN UCSB,2011,34.42185,-119.9515,Southern California,5.938541174628358,0.707460313,14.24892613,-0.34657359027997264,4
NAPLES_CEN UCSB,2012,34.42185,-119.9515,Southern California,5.474261620150423,0.707460313,14.24892613,0.0,4
NAPLES_CEN UCSB,2013,34.42185,-119.9515,Southern California,6.072715261780306,0.707460313,14.24892613,-1.4451858789480825,4
NAPLES_CEN UCSB,2014,34.42185,-119.9515,Southern California,4.619463914414048,0.707460313,14.24892613,-3.1364385032730837,4
NAPLES_CEN UCSB,2015,34.42185,-119.9515,Southern California,4.848047155656575,0.707460313,14.24892613,-2.995732273553991,4
NAPLES_CEN UCSB,2016,34.42185,-119.9515,Southern California,4.351088932814838,0.707460313,14.24892613,-3.4782727215757845,4
NAPLES_CEN UCSB,2017,34.42185,-119.9515,Southern California,4.691305796458318,0.707460313,14.24892613,-3.312696184003978,4
NAPLES_CEN UCSB,2018,34.42185,-119.9515,Southern California,5.5564030215934075,0.707460313,14.24892613,-2.6590599969221085,4
NAPLES_CEN UCSB,2019,34.42185,-119.9515,Southern California,5.7533732069467565,0.707460313,14.24892613,-2.9346484565668876,4
NAPLES_CEN UCSB,2020,34.42185,-119.9515,Southern California,5.42020205110197,0.707460313,14.24892613,-2.3221954495706862,4
NAPLES_E UCSB,1999,34.42333,-119.951,Southern California,7.16277593712077,0.417448562,12.68913837,-0.34657359027997264,4
NAPLES_E UCSB,2002,34.42333,-119.951,Southern California,1.5222612188617115,0.417448562,12.68913837,-1.9459101490553132,6
NAPLES_E UCSB,2004,,,Southern California,,0.417448562,12.68913837,,1
NAPLES_E UCSB,2005,,,Southern California,,0.417448562,12.68913837,,1
NAPLES_E UCSB,2006,,,Southern California,,0.417448562,12.68913837,,1
NAPLES_E UCSB,2007,34.42333,-119.951,Southern California,3.784705896225356,0.417448562,12.68913837,-2.5184763012068148,4
NAPLES_E UCSB,2008,34.42333,-119.951,Southern California,4.60014501806134,0.417448562,12.68913837,-0.34657359027997264,4
NAPLES_E UCSB,2009,34.42333,-119.951,Southern California,4.584238083938742,0.417448562,12.68913837,-2.178354413344796,4
NAPLES_E UCSB,2010,34.42333,-119.951,Southern California,5.433826872325657,0.417448562,12.68913837,-0.8958797346140275,4
NAPLES_E UCSB,2011,34.42333,-119.951,Southern California,5.367817758148927,0.417448562,12.68913837,0.0,4
NAPLES_E UCSB,2012,34.42333,-119.951,Southern California,4.937286771185743,0.417448562,12.68913837,-0.34657359027997264,4
NAPLES_E UCSB,2013,34.42333,-119.951,Southern California,4.5005498629154825,0.417448562,12.68913837,0.0,4
NAPLES_E UCSB,2014,34.42333,-119.951,Southern California,4.399227348032548,0.417448562,12.68913837,-1.0397207708399179,4
NAPLES_E UCSB,2015,34.42333,-119.951,Southern California,3.6605942783697394,0.417448562,12.68913837,-3.449861553642436,4
NAPLES_E UCSB,2016,34.42333,-119.951,Southern California,4.589424852442406,0.417448562,12.68913837,-2.5375869076169133,4
NAPLES_E UCSB,2017,34.42333,-119.951,Southern California,4.343721083487962,0.417448562,12.68913837,-1.4978661367769954,4
NAPLES_E UCSB,2018,34.42333,-119.951,Southern California,4.871365886828366,0.417448562,12.68913837,-1.0986122886681098,4
NAPLES_E UCSB,2019,34.42333,-119.951,Southern California,5.372915149728963,0.417448562,12.68913837,-0.5493061443340549,4
NAPLES_E UCSB,2020,34.42333,-119.951,Southern California,5.102684172193861,0.417448562,12.68913837,-1.0986122886681098,4
NAPLES_W UCSB,2003,,,Southern California,,0.382413275,14.1831542,,1
NAPLES_W UCSB,2004,,,Southern California,,0.382413275,14.1831542,,1
NAPLES_W UCSB,2005,,,Southern California,,0.382413275,14.1831542,,1
NAPLES_W UCSB,2006,,,Southern California,,0.382413275,14.1831542,,1
NAPLES_W UCSB,2007,34.42463,-119.9553,Southern California,6.094666660762938,0.382413275,14.1831542,0.0,4
NAPLES_W UCSB,2008,34.42463,-119.9553,Southern California,6.147234032145983,0.382413275,14.1831542,0.0,4
NAPLES_W UCSB,2009,34.42463,-119.9553,Southern California,5.080032939968287,0.382413275,14.1831542,-2.7058230259275198,4
NAPLES_W UCSB,2010,34.42463,-119.9553,Southern California,5.368698087902158,0.382413275,14.1831542,-2.5053176470481278,4
NAPLES_W UCSB,2011,34.42463,-119.9553,Southern California,6.069725979094139,0.382413275,14.1831542,-0.8958797346140275,4
NAPLES_W UCSB,2012,34.42463,-119.9553,Southern California,5.111152426959309,0.382413275,14.1831542,-0.6931471805599453,4
NAPLES_W UCSB,2013,34.42463,-119.9553,Southern California,4.642399141447097,0.382413275,14.1831542,-0.8958797346140275,4
NAPLES_W UCSB,2014,34.42463,-119.9553,Southern California,4.752623144758642,0.382413275,14.1831542,-2.4849066497880004,4
NAPLES_W UCSB,2015,34.42463,-119.9553,Southern California,5.330742852707845,0.382413275,14.1831542,-2.983073369561846,4
NAPLES_W UCSB,2016,34.42463,-119.9553,Southern California,4.244808211823001,0.382413275,14.1831542,-2.6020033435383976,4
NAPLES_W UCSB,2017,34.42463,-119.9553,Southern California,3.6665115071932406,0.382413275,14.1831542,-1.868834809141684,4
NAPLES_W UCSB,2018,34.42463,-119.9553,Southern California,5.164671675146013,0.382413275,14.1831542,-2.470821211304652,4
NAPLES_W UCSB,2019,34.42463,-119.9553,Southern California,4.388006359591459,0.382413275,14.1831542,-2.1653666701431655,4
NAPLES_W UCSB,2020,34.42463,-119.9553,Southern California,4.8219696596640595,0.382413275,14.1831542,-1.4978661367769954,4
NICHOLAS_CANYON_W VRG,2008,34.03996,-118.9243,Southern California,5.482121099323999,0.352312271,9.695077822,-2.8995463272302633,2
NICHOLAS_CANYON_W VRG,2010,34.03996,-118.9243,Southern California,5.555753578753839,0.505649497,10.97786005,-1.4978661367769954,6
NICHOLAS_CANYON_W VRG,2011,34.03996,-118.9243,Southern California,4.8241040655959235,0.505649497,10.97786005,-2.0948273710132126,6
NICHOLAS_CANYON_W VRG,2012,34.03996,-118.9243,Southern California,5.013294874835056,0.505649497,10.97786005,-2.7058230259275198,6
NICHOLAS_CANYON_W VRG,2013,34.03996,-118.9243,Southern California,5.340120158475435,0.505649497,10.97786005,-2.585241997519076,6
NICHOLAS_CANYON_W VRG,2019,34.03996,-118.9243,Southern California,4.229464141642131,0.352312271,9.695077822,-0.5493061443340549,6
NICHOLAS_CANYON_W VRG,2020,34.03996,-118.9243,Southern California,3.990524879832978,0.352312271,9.695077822,-2.6020033435383976,6
NORTH_SAN_SIMEON UCSC,2007,35.63504,-121.2116,Central California,0.0,0.857726655,7.46813819,0.07707533991362914,6
NORTH_SAN_SIMEON UCSC,2008,35.63504,-121.2116,Central California,0.0,0.857726655,7.46813819,-1.791759469228055,6
OTTER_PT_DC UCSC,2006,36.63648,-121.9212,Central California,0.0,0.881054616,9.469035437,-2.3221954495706862,6
OTTER_PT_DC UCSC,2007,36.63648,-121.9212,Central California,0.34657359027997264,0.881054616,9.469035437,-2.9174053685313024,6
OTTER_PT_DC UCSC,2008,36.63648,-121.9212,Central California,1.6094379124341003,0.881054616,9.469035437,-2.596478425445105,6
OTTER_PT_DC UCSC,2011,36.63648,-121.9212,Central California,1.6479184330021646,0.881054616,9.469035437,-2.1383330595080277,6
OTTER_PT_DC UCSC,2012,36.63648,-121.9212,Central California,0.8958797346140275,0.881054616,9.469035437,-2.2975599250672953,6
OTTER_PT_DC UCSC,2013,36.63648,-121.9212,Central California,0.34657359027997264,0.881054616,9.469035437,-1.791759469228055,6
OTTER_PT_DC UCSC,2014,36.63648,-121.9212,Central California,3.7800402325109137,0.881054616,9.469035437,-2.6590599969221085,6
OTTER_PT_DC UCSC,2015,36.63648,-121.9212,Central California,5.287450120475034,0.881054616,9.469035437,-1.0986122886681098,6
OTTER_PT_DC UCSC,2016,36.63648,-121.9212,Central California,5.3734639912980136,0.881054616,9.469035437,-1.354025100551105,6
OTTER_PT_DC UCSC,2017,36.63648,-121.9212,Central California,6.378420418617098,0.881054616,9.469035437,0.0,6
OTTER_PT_DC UCSC,2018,36.63648,-121.9212,Central California,6.800150226737094,0.881054616,9.469035437,0.0,6
OTTER_PT_DC UCSC,2019,36.63648,-121.9212,Central California,6.465999582493593,0.881054616,9.469035437,0.0,6
OTTER_PT_DC UCSC,2020,36.63648,-121.9212,Central California,7.472917334633532,0.881054616,9.469035437,0.0,6
OTTER_PT_DC UCSC,2021,36.63648,-121.9212,Central California,7.236600765360425,0.881054616,9.469035437,0.0,6
OTTER_PT_UC UCSC,2006,36.63463,-121.9189,Central California,0.0,0.921975311,9.551814313,-2.3221954495706862,6
OTTER_PT_UC UCSC,2007,36.63463,-121.9189,Central California,0.0,0.921975311,9.551814313,-2.6390573296152584,6
OTTER_PT_UC UCSC,2008,36.63463,-121.9189,Central California,2.0871936349478184,0.921975311,9.551814313,-2.6364997792818734,6
OTTER_PT_UC UCSC,2011,36.63463,-121.9189,Central California,1.9033312448851598,0.921975311,9.551814313,-2.0715673631957663,6
OTTER_PT_UC UCSC,2012,36.63463,-121.9189,Central California,1.5890269151739727,0.921975311,9.551814313,-2.2924837393352857,6
OTTER_PT_UC UCSC,2013,36.63463,-121.9189,Central California,0.8958797346140275,0.921975311,9.551814313,-2.3937458713910233,6
OTTER_PT_UC UCSC,2014,36.63463,-121.9189,Central California,2.888826161611328,0.921975311,9.551814313,-2.2154083994216567,6
OTTER_PT_UC UCSC,2015,36.63463,-121.9189,Central California,5.27748952891362,0.921975311,9.551814313,-2.2154083994216567,6
OTTER_PT_UC UCSC,2016,36.63463,-121.9189,Central California,4.593842840705689,0.921975311,9.551814313,-1.2424533248940002,6
OTTER_PT_UC UCSC,2017,36.63463,-121.9189,Central California,5.944995549278348,0.921975311,9.551814313,0.0,6
OTTER_PT_UC UCSC,2018,36.63463,-121.9189,Central California,7.037348736152241,0.921975311,9.551814313,-0.34657359027997264,6
OTTER_PT_UC UCSC,2019,36.63463,-121.9189,Central California,6.8206250118256975,0.921975311,9.551814313,0.0,6
OTTER_PT_UC UCSC,2020,36.63463,-121.9189,Central California,6.3176662011020275,0.921975311,9.551814313,0.0,6
OTTER_PT_UC UCSC,2021,36.63463,-121.9189,Central California,6.759107209058215,0.921975311,9.551814313,0.0,6
Ocean Cove,2007,38.555119,-123.305664,Northern California,0.0,0.940470811,2.336802356,3.660594278369739,6
Ocean Cove,2008,38.555119,-123.305664,Northern California,0.0,0.940470811,2.336802356,3.0342127941220554,6
Ocean Cove,2009,38.555119,-123.305664,Northern California,0.0,0.940470811,2.336802356,4.025192226533511,6
Ocean Cove,2011,38.555119,-123.305664,Northern California,0.0,0.940470811,2.336802356,4.633549352897395,6
Ocean Cove,2012,38.555119,-123.305664,Northern California,0.0,0.940470811,2.336802356,5.415537122076067,6
Ocean Cove,2013,38.555119,-123.305664,Northern California,2.5053176470481278,0.940470811,2.336802356,4.2734730747827925,6
Ocean Cove,2014,38.555119,-123.305664,Northern California,3.973192849490518,0.940470811,2.336802356,0.0,6
Ocean Cove,2015,38.555119,-123.305664,Northern California,6.239802541188756,0.940470811,2.336802356,0.0,6
Ocean Cove,2016,38.555119,-123.305664,Northern California,5.945337714546817,0.940470811,2.336802356,-0.34657359027997264,6
Ocean Cove,2017,38.555119,-123.305664,Northern California,7.056684834121262,0.940470811,2.336802356,0.0,6
Ocean Cove,2018,38.555119,-123.305664,Northern California,7.158155650049128,0.940470811,2.336802356,0.0,6
Ocean Cove,2019,38.555119,-123.305664,Northern California,7.101872703698671,0.940470811,2.336802356,0.0,6
Ocean Cove,2020,38.555119,-123.305664,Northern California,6.6958004449843935,0.940470811,2.336802356,0.0,6
Ocean Cove,2021,,,Northern California,7.207864809679693,0.940470811,2.336802356,0.0,6
PARANOIDS UCSC,2007,35.53717,-121.1002,Central California,0.6931471805599453,0.420991801,12.93314933,-0.8958797346140275,6
PARANOIDS UCSC,2008,35.53717,-121.1002,Central California,0.34657359027997264,0.420991801,12.93314933,-0.20273255405408225,6
PESCADERO_DC UCSC,2003,36.559412,-121.955191,Central California,0.6931471805599453,0.819424787,13.4567874,-0.1486257617339658,6
PESCADERO_DC UCSC,2004,36.559412,-121.955191,Central California,0.0,0.819424787,13.4567874,-1.666102255087602,6
PESCADERO_DC UCSC,2005,36.559412,-121.955191,Central California,0.0,0.819424787,13.4567874,-1.0986122886681096,6
PESCADERO_DC UCSC,2006,36.559412,-121.955191,Central California,1.0986122886681098,0.819424787,13.4567874,0.7472144018302207,5
PESCADERO_DC UCSC,2007,36.55941,-121.9552,Central California,0.0,0.819424787,13.4567874,-2.158744056768155,6
PESCADERO_DC UCSC,2008,36.55941,-121.9552,Central California,0.0,0.819424787,13.4567874,-1.5890269151739729,6
PESCADERO_DC UCSC,2009,36.55941,-121.9552,Central California,0.0,0.819424787,13.4567874,-2.0126758453675744,6
PESCADERO_DC UCSC,2010,36.55941,-121.9552,Central California,2.255429753258425,0.819424787,13.4567874,-1.6160605258091105,6
PESCADERO_DC UCSC,2011,36.55941,-121.9552,Central California,1.7005986908310775,0.819424787,13.4567874,-1.4451858789480823,6
PESCADERO_DC UCSC,2012,36.55941,-121.9552,Central California,1.4978661367769954,0.819424787,13.4567874,-0.9547712524422192,6
PESCADERO_DC UCSC,2013,36.55941,-121.9552,Central California,0.5493061443340549,0.819424787,13.4567874,-1.3862943611198906,6
PESCADERO_DC UCSC,2014,36.55941,-121.9552,Central California,2.92177220851568,0.819424787,13.4567874,-2.2154083994216567,6
PESCADERO_DC UCSC,2015,36.55941,-121.9552,Central California,5.107320990586525,0.819424787,13.4567874,-0.34657359027997264,6
PESCADERO_DC UCSC,2016,36.55941,-121.9552,Central California,5.6171478152189405,0.819424787,13.4567874,0.0,6
PESCADERO_DC UCSC,2017,36.55941,-121.9552,Central California,6.122665909741145,0.819424787,13.4567874,0.34657359027997264,6
PESCADERO_DC UCSC,2018,36.55941,-121.9552,Central California,5.643326010323545,0.819424787,13.4567874,0.20273255405408225,6
PESCADERO_DC UCSC,2019,36.55941,-121.9552,Central California,5.583043845654844,0.819424787,13.4567874,1.6793188836216797,6
PESCADERO_DC UCSC,2020,36.55941,-121.9552,Central California,6.245625793881918,0.819424787,13.4567874,0.0,6
PESCADERO_DC UCSC,2021,36.55941,-121.9552,Central California,6.881864361603839,0.819424787,13.4567874,2.282174095733918,6
PESCADERO_UC UCSC,2003,36.561121,-121.959761,Central California,0.0,0.68637712,16.67292259,-2.2154083994216567,6
PESCADERO_UC UCSC,2004,36.561121,-121.959761,Central California,0.0,0.68637712,16.67292259,-1.0845268501847614,6
PESCADERO_UC UCSC,2005,36.561121,-121.959761,Central California,0.0,0.68637712,16.67292259,-1.9356005054539454,6
PESCADERO_UC UCSC,2006,36.561121,-121.959761,Central California,0.0,0.68637712,16.67292259,-1.2424533248940002,6
PESCADERO_UC UCSC,2007,36.56112,-121.9598,Central California,0.0,0.68637712,16.67292259,-1.3862943611198906,6
PESCADERO_UC UCSC,2008,36.56112,-121.9598,Central California,1.0986122886681098,0.68637712,16.67292259,-2.2975599250672953,6
PESCADERO_UC UCSC,2009,36.56112,-121.9598,Central California,1.1989476363991853,0.68637712,16.67292259,-1.791759469228055,6
PESCADERO_UC UCSC,2010,36.56112,-121.9598,Central California,0.34657359027997264,0.68637712,16.67292259,-1.4106894432046067,6
PESCADERO_UC UCSC,2011,36.56112,-121.9598,Central California,0.8958797346140275,0.68637712,16.67292259,-1.7776740307447068,6
PESCADERO_UC UCSC,2012,36.56112,-121.9598,Central California,1.868834809141684,0.68637712,16.67292259,-1.2424533248940002,6
PESCADERO_UC UCSC,2013,36.56112,-121.9598,Central California,0.0,0.68637712,16.67292259,-0.5493061443340549,6
PESCADERO_UC UCSC,2014,36.56112,-121.9598,Central California,5.0799168723390284,0.68637712,16.67292259,-1.416606672028108,6
PESCADERO_UC UCSC,2015,36.56112,-121.9598,Central California,5.944981831669052,0.68637712,16.67292259,-1.666102255087602,6
PESCADERO_UC UCSC,2017,36.56112,-121.9598,Central California,7.392951518414238,0.68637712,16.67292259,0.0,6
PESCADERO_UC UCSC,2018,36.56112,-121.9598,Central California,7.127682105129564,0.68637712,16.67292259,0.0,6
PESCADERO_UC UCSC,2019,36.56112,-121.9598,Central California,6.583185346698663,0.68637712,16.67292259,0.0,6
PESCADERO_UC UCSC,2020,36.56112,-121.9598,Central California,7.01314661369013,0.68637712,16.67292259,0.0,6
PESCADERO_UC UCSC,2021,36.56112,-121.9598,Central California,4.936874867136086,0.68637712,16.67292259,3.948834075363453,4
PICO_CREEK_DC UCSC,2007,35.60532,-121.1507,Central California,0.0,0.65037605,9.207088727,-1.1227133395770488,6
PICO_CREEK_DC UCSC,2008,35.60532,-121.1507,Central California,0.0,0.65037605,9.207088727,-1.666102255087602,6
PICO_CREEK_UC UCSC,2007,35.61252,-121.1557,Central California,0.0,0.651933153,9.510988454,-0.7520386983881371,6
PICO_CREEK_UC UCSC,2008,35.61252,-121.1557,Central California,0.0,0.651933153,9.510988454,-2.0715673631957663,6
PINNACLES_IN UCSC,2007,36.55948,-121.9661,Central California,3.0816574020173206,0.919576716,17.36797528,-0.6931471805599453,6
PINNACLES_IN UCSC,2008,36.55948,-121.9661,Central California,1.9944920232821373,0.919576716,17.36797528,-2.0948273710132126,6
PINNACLES_IN UCSC,2010,36.55948,-121.9661,Central California,1.666102255087602,0.919576716,17.36797528,0.20273255405408225,4
PINNACLES_IN UCSC,2011,36.55948,-121.9661,Central California,3.646508839886391,0.919576716,17.36797528,0.0,6
PINNACLES_OUT UCSC,2007,36.55794,-121.9677,Central California,3.3667009459186796,0.962828284,18.20452796,-1.4451858789480823,6
PINNACLES_OUT UCSC,2008,36.55794,-121.9677,Central California,2.4414009612931853,0.962828284,18.20452796,-1.354025100551105,6
PINNACLES_OUT UCSC,2010,36.55794,-121.9677,Central California,3.179786934336189,0.962828284,18.20452796,-0.6931471805599453,6
PINNACLES_OUT UCSC,2011,36.55794,-121.9677,Central California,4.969813299576001,0.962828284,18.20452796,0.0,5
PINOS UCSC,2007,36.64045,-121.9287,Central California,0.0,0.937777781,10.16023632,-1.7115881441904652,6
PINOS UCSC,2008,36.64045,-121.9287,Central California,0.6931471805599453,0.937777781,10.16023632,-0.4713040200957641,6
PINOS UCSC,2011,36.64045,-121.9287,Central California,1.3862943611198906,0.937777781,10.16023632,-0.6931471805599453,6
PINOS UCSC,2012,36.64045,-121.9287,Central California,0.34657359027997264,0.937777781,10.16023632,0.34657359027997264,6
PINOS UCSC,2013,36.64045,-121.9287,Central California,1.666102255087602,0.937777781,10.16023632,-0.34657359027997264,6
PINOS UCSC,2014,36.64045,-121.9287,Central California,3.235399751891301,0.937777781,10.16023632,0.0,6
PINOS UCSC,2015,36.64045,-121.9287,Central California,6.1210238563263815,0.937777781,10.16023632,0.0,6
PINOS UCSC,2016,36.64045,-121.9287,Central California,5.470378105481593,0.937777781,10.16023632,0.0,6
PINOS UCSC,2017,36.64045,-121.9287,Central California,5.354669111504579,0.937777781,10.16023632,0.0,6
PINOS UCSC,2018,36.64045,-121.9287,Central California,5.585675115086556,0.937777781,10.16023632,0.0,6
PINOS UCSC,2019,36.64045,-121.9287,Central California,5.4539769916570044,0.937777781,10.16023632,2.2899261890019007,6
PINOS UCSC,2020,36.64045,-121.9287,Central California,6.716357276558526,0.937777781,10.16023632,0.1438410362258904,6
PINOS UCSC,2021,36.64045,-121.9287,Central California,6.668091800628828,0.937777781,10.16023632,0.0,4
POINT_DUME UCSB,2010,33.99884,-118.8066,Southern California,5.906703881929143,0.262773517,8.8047521,-2.2386684072391034,6
POINT_DUME UCSB,2011,33.99884,-118.8066,Southern California,6.627106177781492,0.262773517,8.8047521,-2.171902710926842,6
POINT_DUME UCSB,2012,33.99884,-118.8066,Southern California,6.459761164213974,0.262773517,8.8047521,-1.0986122886681098,6
POINT_DUME UCSB,2013,33.99884,-118.8066,Southern California,6.702370704132102,0.262773517,8.8047521,-1.8920948169591307,6
POINT_FERMIN VRG,2008,33.70732,-118.3002,Southern California,3.63965941770731,0.495958036,7.370683061,-3.017740716262378,6
POINT_FERMIN VRG,2011,33.70732,-118.3002,Southern California,4.679380188547228,0.495958036,7.370683061,-2.2499048351651325,6
POINT_FERMIN VRG,2012,33.70732,-118.3002,Southern California,4.367440946023741,0.495958036,7.370683061,-2.3937458713910233,6
POINT_LOMA_CEN VRG,2011,32.7121,-117.263,Southern California,0.34657359027997264,0.669013098,13.80325668,-1.0397207708399179,6
POINT_LOMA_CEN VRG,2012,32.7121,-117.263,Southern California,0.8958797346140275,0.669013098,13.80325668,-1.3862943611198906,8
POINT_LOMA_CEN VRG,2019,32.7121,-117.263,Southern California,0.0,0.669013098,13.80325668,-0.6931471805599453,8
POINT_LOMA_CEN VRG,2020,32.7121,-117.263,Southern California,0.34657359027997264,0.669013098,13.80325668,-1.3862943611198906,7
POINT_LOMA_S VRG,2012,32.67412,-117.26,Southern California,2.787974551573158,0.757040532,11.51756327,-0.6931471805599453,8
POINT_VICENTE_W VRG,2004,33.73974,-118.4137,Southern California,4.882801922586371,0.884413625,12.91990067,0.0,9
POINT_VICENTE_W VRG,2007,33.73974,-118.4137,Southern California,4.770540966944205,0.884413625,12.91990067,0.0,8
POINT_VICENTE_W VRG,2008,33.73974,-118.4137,Southern California,5.633563611545606,0.884413625,12.91990067,-3.017740716262378,6
POINT_VICENTE_W VRG,2009,33.73974,-118.4137,Southern California,3.9316333620047867,0.884413625,12.91990067,-3.5549397315361357,8
POINT_VICENTE_W VRG,2010,33.73974,-118.4137,Southern California,3.214859739019569,0.884413625,12.91990067,-3.5285184908489455,8
POINT_VICENTE_W VRG,2011,33.73974,-118.4137,Southern California,3.319937916913268,0.884413625,12.91990067,-3.0677824455408693,8
POINT_VICENTE_W VRG,2012,33.73974,-118.4137,Southern California,3.5749584180660543,0.884413625,12.91990067,-2.8029010331479984,8
POINT_VICENTE_W VRG,2013,33.73974,-118.4137,Southern California,3.30467462158369,0.884413625,12.91990067,-1.732867951399863,8
POINT_VICENTE_W VRG,2014,33.73974,-118.4137,Southern California,4.663439094112067,0.884413625,12.91990067,-2.3978952727983707,7
POINT_VICENTE_W VRG,2015,33.73974,-118.4137,Southern California,3.0868930519509683,0.884413625,12.91990067,-2.5619819897016294,8
POINT_VICENTE_W VRG,2016,33.73974,-118.4137,Southern California,3.255129170261575,0.884413625,12.91990067,-2.9907071056272403,8
POINT_VICENTE_W VRG,2017,33.73974,-118.4137,Southern California,2.4849066497880004,0.884413625,12.91990067,-3.49466763298728,8
POINT_VICENTE_W VRG,2018,33.73974,-118.4137,Southern California,2.3269801750787615,0.884413625,12.91990067,-3.218075184184714,10
POINT_VICENTE_W VRG,2019,33.73974,-118.4137,Southern California,2.8314802400679726,0.884413625,12.91990067,-2.696813773176181,10
POINT_VICENTE_W VRG,2020,33.73974,-118.4137,Southern California,2.8617925509761903,0.884413625,12.91990067,-1.1989476363991853,8
PT_JOE UCSC,2007,36.60509,-121.9715,Central California,0.34657359027997264,0.808113425,13.78633357,0.14680840398579775,4
PT_JOE UCSC,2008,36.60509,-121.9715,Central California,0.6931471805599453,0.808113425,13.78633357,1.5174764933536362,6
PT_JOE UCSC,2011,36.60509,-121.9715,Central California,2.995732273553991,0.808113425,13.78633357,0.0,5
PURISIMA_N UCSC,2008,34.7295,-120.6317,Central California,0.0,0.545871813,11.19807559,-0.4236489301936017,4
PURISIMA_S UCSC,2008,34.72695,-120.6271,Central California,1.8187930798631928,0.466094195,11.00225825,0.0,2
Pebble Beach,2015,38.69121,-123.442,Northern California,6.722340091344394,0.704433709,10.19736201,0.0,6
Pebble Beach,2016,38.69121,-123.442,Northern California,7.35713594458423,0.704433709,10.19736201,0.0,6
Pebble Beach,2017,38.69121,-123.442,Northern California,7.273951966061051,0.704433709,10.19736201,0.0,6
Pebble Beach,2018,38.69121,-123.442,Northern California,6.770386833626756,0.704433709,10.19736201,0.0,6
Pebble Beach,2019,38.69121,-123.442,Northern California,6.9906513207420655,0.704433709,10.19736201,0.0,6
Pebble Beach,2020,38.69121,-123.442,Northern California,6.773950832220787,0.704433709,10.19736201,0.0,6
Point Arena Lighthouse,2018,38.9512,-123.744,Northern California,6.728375292359509,0.902680459,13.09780499,1.2424533248940002,6
Point Arena Lighthouse,2019,38.9512,-123.744,Northern California,6.618484443487596,0.902680459,13.09780499,0.0,6
Point Arena Lighthouse,2020,38.9512,-123.744,Northern California,6.171403879019239,0.902680459,13.09780499,0.0,6
Point Arena Lighthouse,2021,,,Northern California,6.537460353461129,0.902680459,13.09780499,1.2824746787307684,6
Point Arena MPA (M2),2011,38.9448,-123.741,Northern California,4.914727151324221,0.883461279,12.45515415,0.0,6
Point Arena MPA (M2),2012,38.9448,-123.741,Northern California,5.280545874399877,0.883461279,12.45515415,3.9195658241371665,6
Point Arena MPA (M2),2013,38.9448,-123.741,Northern California,5.475903023574885,0.883461279,12.45515415,0.0,6
Point Arena MPA (M2),2016,38.9448,-123.741,Northern California,6.210290654537839,0.883461279,12.45515415,0.0,6
Point Arena MPA (M2),2018,38.9448,-123.741,Northern California,5.9188568182316805,0.883461279,12.45515415,1.3862943611198906,6
Point Arena MPA (M2),2020,38.9448,-123.741,Northern California,6.3724594980670926,0.883461279,12.45515415,0.0,6
Point Arena MPA (M2),2021,,,Northern California,5.914378069491022,0.883461279,12.45515415,2.1972245773362196,6
Point Arena Ref,2011,38.908,-123.719,Northern California,5.834982029353068,0.923128042,11.886624,0.0,6
Point Arena Ref,2012,38.908,-123.719,Northern California,3.8920285013116382,0.923128042,11.886624,4.285840688350153,6
Point Arena Ref,2013,38.908,-123.719,Northern California,4.926780871883201,0.923128042,11.886624,1.0986122886681098,6
Point Arena Ref,2016,38.908,-123.719,Northern California,5.79016119847814,0.923128042,11.886624,0.0,6
Point Arena Ref,2018,38.908,-123.719,Northern California,5.703148739872718,0.923128042,11.886624,0.0,6
Point Arena Ref,2019,38.908,-123.719,Northern California,7.161998323576103,0.923128042,11.886624,0.34657359027997264,6
Point Arena Ref,2020,38.908,-123.719,Northern California,6.883792634858076,0.923128042,11.886624,0.0,6
Point Arena Ref,2021,,,Northern California,7.463459468802084,0.923128042,11.886624,4.066059386477903,6
Portuguese Beach,2007,39.30323,-123.803,Northern California,0.0,0.505622992,7.946712647,1.666102255087602,6
Portuguese Beach,2008,39.30323,-123.803,Northern California,1.791759469228055,0.505622992,7.946712647,3.883208449009828,6
Portuguese Beach,2009,39.30323,-123.803,Northern California,0.34657359027997264,0.505622992,7.946712647,4.799227920874618,6
Portuguese Beach,2010,39.30323,-123.803,Northern California,0.0,0.505622992,7.946712647,0.0,6
Portuguese Beach,2011,39.30323,-123.803,Northern California,0.0,0.505622992,7.946712647,0.0,6
Portuguese Beach,2012,39.30323,-123.803,Northern California,0.0,0.505622992,7.946712647,3.4637789531391583,6
Portuguese Beach,2014,39.30323,-123.803,Northern California,3.255129170261575,0.505622992,7.946712647,2.6876392038420827,6
Portuguese Beach,2017,39.30323,-123.803,Northern California,7.429129561865036,0.505622992,7.946712647,0.0,6
Portuguese Beach,2018,39.30323,-123.803,Northern California,5.900438077575768,0.505622992,7.946712647,4.811886824866762,6
Portuguese Beach,2019,39.30323,-123.803,Northern California,5.540791126045267,0.505622992,7.946712647,0.0,6
Portuguese Beach,2020,39.30323,-123.803,Northern California,5.53488313890486,0.505622992,7.946712647,3.06561324474157,6
Portuguese Beach,2021,,,Northern California,4.033103784003131,0.505622992,7.946712647,4.557465093585762,6
Pyramid Point,2017,41.9948,-124.217,Northern California,5.479269863225929,0.455535381,8.002008279,0.0,6
Pyramid Point,2019,41.9948,-124.217,Northern California,3.5263605246161616,0.455535381,8.002008279,0.0,6
Pyramid Point,2020,41.9948,-124.217,Northern California,1.0986122886681098,0.455535381,8.002008279,0.0,6
RADAR UCSC,2007,35.51222,-121.0734,Central California,0.34657359027997264,0.869344869,13.2192679,0.0,6
RADAR UCSC,2008,35.51222,-121.0734,Central California,0.0,0.869344869,13.2192679,-1.3862943611198906,6
RESORT_POINT VRG,2008,33.76648,-118.4275,Southern California,3.5366348587298555,0.637120194,9.657762333,-3.735112067949983,8
RESORT_POINT VRG,2012,33.76648,-118.4275,Southern California,4.795756393757651,0.637120194,9.657762333,-3.101267758593961,8
RIDGES_N VRG,2007,33.78848,-118.4232,Southern California,2.9144728088051037,0.822677852,14.14166176,-1.8444397270569683,8
RIDGES_N VRG,2009,33.78848,-118.4232,Southern California,2.359249435647547,0.822677852,14.14166176,-2.833213344056216,8
RIDGES_N VRG,2010,33.78848,-118.4232,Southern California,2.5184763012068148,0.822677852,14.14166176,-2.3221954495706862,8
RIDGES_N VRG,2011,33.78848,-118.4232,Southern California,2.770631772579213,0.822677852,14.14166176,-2.6876392038420827,8
RIDGES_N VRG,2012,33.78848,-118.4232,Southern California,3.8772407737351915,0.822677852,14.14166176,-2.760730458931123,8
RIDGES_N VRG,2013,33.78848,-118.4232,Southern California,3.5553480614894135,0.822677852,14.14166176,-1.7005986908310775,8
RIDGES_N VRG,2014,33.78848,-118.4232,Southern California,2.1383330595080277,0.822677852,14.14166176,-3.7435868471068696,8
RIDGES_N VRG,2015,33.78848,-118.4232,Southern California,1.3862943611198906,0.822677852,14.14166176,-3.4339872044851463,8
RIDGES_N VRG,2016,33.78848,-118.4232,Southern California,0.8958797346140275,0.822677852,14.14166176,-2.2975599250672953,8
RIDGES_N VRG,2017,33.78848,-118.4232,Southern California,1.0397207708399179,0.822677852,14.14166176,-2.8715015939047412,8
RIDGES_N VRG,2018,33.78848,-118.4232,Southern California,1.0397207708399179,0.822677852,14.14166176,-3.0342127941220554,10
RIDGES_N VRG,2019,33.78848,-118.4232,Southern California,1.0986122886681098,0.822677852,14.14166176,-3.973839285650784,10
RIDGES_N VRG,2020,33.78848,-118.4232,Southern California,1.354025100551105,0.822677852,14.14166176,-2.833213344056216,8
RIDGES_S VRG,2008,33.78575,-118.4258,Southern California,2.696813773176181,0.696023907,13.85479302,-3.119162312519754,8
RIDGES_S VRG,2012,33.78575,-118.4258,Southern California,3.4011973816621555,0.696023907,13.85479302,-2.1972245773362196,8
ROCKY_POINT_N VRG,2004,33.78093,-118.43,Southern California,3.8490145851364024,0.764249875,13.20346727,-0.34657359027997264,12
ROCKY_POINT_N VRG,2007,33.78093,-118.43,Southern California,3.836611560560854,0.764249875,13.20346727,-3.239254821104285,7
ROCKY_POINT_N VRG,2008,33.78093,-118.43,Southern California,1.5222612188617115,0.764249875,13.20346727,-1.700598690831078,8
ROCKY_POINT_N VRG,2009,33.78093,-118.43,Southern California,2.770631772579213,0.764249875,13.20346727,-2.8650498914867875,8
ROCKY_POINT_N VRG,2011,33.78093,-118.43,Southern California,3.2059091338549486,0.764249875,13.20346727,-1.9944920232821373,8
ROCKY_POINT_N VRG,2012,33.78093,-118.43,Southern California,2.596478425445105,0.764249875,13.20346727,-0.6931471805599453,8
ROCKY_POINT_N VRG,2013,33.78093,-118.43,Southern California,2.596478425445105,0.764249875,13.20346727,-1.354025100551105,8
ROCKY_POINT_N VRG,2014,33.78093,-118.43,Southern California,1.7005986908310775,0.764249875,13.20346727,-1.0986122886681098,8
ROCKY_POINT_N VRG,2015,33.78093,-118.43,Southern California,1.844439727056968,0.764249875,13.20346727,-2.4849066497880004,8
ROCKY_POINT_N VRG,2016,33.78093,-118.43,Southern California,1.9356005054539454,0.764249875,13.20346727,-2.2499048351651325,8
ROCKY_POINT_N VRG,2017,33.78093,-118.43,Southern California,0.8958797346140275,0.764249875,13.20346727,-3.2783891780790215,8
ROCKY_POINT_N VRG,2018,33.78093,-118.43,Southern California,1.354025100551105,0.764249875,13.20346727,-3.2156655409667394,10
ROCKY_POINT_N VRG,2019,33.78093,-118.43,Southern California,0.8958797346140275,0.764249875,13.20346727,-2.1383330595080277,10
ROCKY_POINT_N VRG,2020,33.78093,-118.43,Southern California,2.668769039850659,0.764249875,13.20346727,-1.965912816362163,8
ROCKY_POINT_S VRG,2011,33.77602,-118.4323,Southern California,3.1457845697791598,0.778779665,13.25015863,-1.8444397270569683,8
ROCKY_POINT_S VRG,2012,33.77602,-118.4323,Southern California,3.8226988497143166,0.778779665,13.25015863,-2.2154083994216567,8
Russian Gulch,2014,39.32798,-123.809,Northern California,1.0397207708399179,0.82048673,6.765542477,2.2975599250672953,6
Russian Gulch,2015,39.32798,-123.809,Northern California,1.6094379124341003,0.82048673,6.765542477,0.34657359027997264,6
Russian Gulch,2016,39.32798,-123.809,Northern California,2.6020033435383976,0.82048673,6.765542477,0.0,6
Russian Gulch,2017,39.32798,-123.809,Northern California,5.166360486718479,0.82048673,6.765542477,0.0,6
Russian Gulch,2018,39.32798,-123.809,Northern California,5.810894419278444,0.82048673,6.765542477,0.0,6
Russian Gulch,2019,39.32798,-123.809,Northern California,6.36157832237331,0.82048673,6.765542477,0.0,6
Russian Gulch,2020,39.32798,-123.809,Northern California,6.443380916121924,0.82048673,6.765542477,0.0,6
Russian Gulch,2021,,,Northern California,6.077402023593811,0.82048673,6.765542477,0.0,6
SABER_JETS UCSC,2007,36.94802,-122.034,Central California,0.0,0.556755255,5.956147347,-2.5184763012068148,6
SABER_JETS UCSC,2008,36.94802,-122.034,Central California,0.0,0.556755255,5.956147347,-2.6287476860138907,6
SANDHILL_UC UCSC,1999,36.974306,-122.152109,Central California,3.2228599096927892,0.750327097,7.14818534,-2.585241997519076,6
SANDHILL_UC UCSC,2000,36.974306,-122.152109,Central California,2.3592494356475475,0.750327097,7.14818534,-2.585241997519076,6
SANDHILL_UC UCSC,2001,36.974306,-122.152109,Central California,3.7769054260041157,0.750327097,7.14818534,-2.7058230259275198,6
SANDHILL_UC UCSC,2002,36.974306,-122.152109,Central California,5.100015126710053,0.750327097,7.14818534,-1.700598690831078,6
SANDHILL_UC UCSC,2003,36.974306,-122.152109,Central California,4.045354358041998,0.750327097,7.14818534,3.783802087070284,6
SANDHILL_UC UCSC,2004,36.974306,-122.152109,Central California,7.594329697015215,0.750327097,7.14818534,2.8156058909106827,6
SANDHILL_UC UCSC,2005,36.974306,-122.152109,Central California,3.4339872044851463,0.750327097,7.14818534,1.8377985948204953,4
SANDHILL_UC UCSC,2006,36.974306,-122.152109,Central California,4.29874101132252,0.750327097,7.14818534,0.34657359027997264,6
SANDHILL_UC UCSC,2007,36.97431,-122.1521,Central California,0.6931471805599453,0.750327097,7.14818534,0.0,6
SANDHILL_UC UCSC,2008,36.97431,-122.1521,Central California,2.3978952727983707,0.750327097,7.14818534,0.0,5
SANDHILL_UC UCSC,2009,36.97431,-122.1521,Central California,0.0,0.750327097,7.14818534,0.0,6
SANDHILL_UC UCSC,2010,36.97431,-122.1521,Central California,1.3862943611198906,0.750327097,7.14818534,0.0,5
SANDHILL_UC UCSC,2011,36.97431,-122.1521,Central California,4.889641974538411,0.750327097,7.14818534,0.0,6
SAN_SIMEON_BAY UCSC,2007,35.62405,-121.1647,Central California,0.0,0.563399929,8.348613538,-1.1343417706591823,6
SAN_SIMEON_BAY UCSC,2008,35.62405,-121.1647,Central California,0.0,0.563399929,8.348613538,-1.0986122886681098,5
SAN_SIMEON_DC UCSC,2003,35.631667,-121.190248,Central California,0.0,0.426061818,8.861451909,-2.4141568686511503,6
SAN_SIMEON_DC UCSC,2004,35.631667,-121.190248,Central California,0.0,0.426061818,8.861451909,-2.302585092994046,6
SAN_SIMEON_DC UCSC,2005,35.631667,-121.190248,Central California,0.0,0.426061818,8.861451909,-2.5184763012068148,6
SAN_SIMEON_DC UCSC,2007,35.63167,-121.1902,Central California,0.0,0.426061818,8.861451909,-0.8958797346140275,6
SAN_SIMEON_DC UCSC,2008,35.63167,-121.1902,Central California,0.0,0.426061818,8.861451909,-2.5619819897016294,6
SAN_SIMEON_UC UCSC,2003,35.630567,-121.19494,Central California,0.0,0.598417796,9.79038364,-1.3862943611198906,5
SAN_SIMEON_UC UCSC,2004,35.630567,-121.19494,Central California,0.0,0.598417796,9.79038364,-1.5222612188617113,6
SAN_SIMEON_UC UCSC,2005,35.630567,-121.19494,Central California,0.0,0.598417796,9.79038364,-1.4016801904532676,6
SAN_SIMEON_UC UCSC,2007,35.63057,-121.1949,Central California,0.0,0.598417796,9.79038364,-1.0397207708399179,6
SAN_SIMEON_UC UCSC,2008,35.63057,-121.1949,Central California,0.0,0.598417796,9.79038364,-0.8958797346140275,6
SBI_ARCH_POINT VRG,2004,33.48911,-119.0279,Southern California,6.535827587487493,0.491509439,13.10641682,0.0,12
SBI_ARCH_POINT VRG,2005,,,Southern California,,0.491509439,13.10641682,,1
SBI_ARCH_POINT VRG,2006,,,Southern California,,0.491509439,13.10641682,,1
SBI_ARCH_POINT VRG,2007,,,Southern California,,0.491509439,13.10641682,,1
SBI_ARCH_POINT VRG,2008,33.48911,-119.0279,Southern California,6.072523971846199,0.491509439,13.10641682,0.0,7
SBI_CAT_CANYON VRG,2005,,,Southern California,,0.547948124,13.21726752,,1
SBI_CAT_CANYON VRG,2006,,,Southern California,,0.547948124,13.21726752,,1
SBI_CAT_CANYON VRG,2007,,,Southern California,,0.547948124,13.21726752,,1
SBI_CAT_CANYON VRG,2008,,,Southern California,,0.547948124,13.21726752,,1
SBI_CAT_CANYON VRG,2011,33.46442,-119.0441,Southern California,7.489645740853232,0.547948124,13.21726752,0.0,8
SBI_CAT_CANYON VRG,2019,33.46442,-119.0441,Southern California,4.646788985273119,0.547948124,13.21726752,-3.2972067298748895,8
SBI_GRAVEYARD_CANYON VRG,2005,,,Southern California,,0.196768407,9.656881726,,1
SBI_GRAVEYARD_CANYON VRG,2006,,,Southern California,,0.196768407,9.656881726,,1
SBI_GRAVEYARD_CANYON VRG,2007,,,Southern California,,0.196768407,9.656881726,,1
SBI_GRAVEYARD_CANYON VRG,2011,33.47471,-119.0268,Southern California,6.032522326025215,0.196768407,9.656881726,0.0,6
SBI_SOUTHEAST_REEF VRG,2005,,,Southern California,,0.615446774,13.51427371,,1
SBI_SOUTHEAST_REEF VRG,2006,,,Southern California,,0.615446774,13.51427371,,1
SBI_SOUTHEAST_REEF VRG,2007,,,Southern California,,0.615446774,13.51427371,,1
SBI_SOUTHEAST_REEF VRG,2008,,,Southern California,,0.615446774,13.51427371,,1
SBI_SOUTHEAST_REEF VRG,2012,33.46293,-119.0313,Southern California,5.187931682963459,0.615446774,13.51427371,-2.6590599969221085,8
SBI_SOUTHEAST_REEF VRG,2019,33.46293,-119.0313,Southern California,1.4978661367769954,0.615446774,13.51427371,-3.255129170261575,8
SBI_SOUTHEAST_SEALION VRG,2004,33.46878,-119.0288,Southern California,6.113437386579719,0.252435617,9.266409632,-3.310036603265178,13
SBI_SOUTHEAST_SEALION VRG,2005,,,Southern California,,0.252435617,9.266409632,,1
SBI_SOUTHEAST_SEALION VRG,2008,,,Southern California,,0.252435617,9.266409632,,1
SBI_SOUTHEAST_SEALION VRG,2011,33.46878,-119.0288,Southern California,5.78158110069847,0.252435617,9.266409632,-3.5964671106078994,6
SBI_SOUTHEAST_SEALION VRG,2012,33.46878,-119.0288,Southern California,5.094746610303482,0.252435617,9.266409632,-3.383095857330175,6
SBI_SOUTHEAST_SEALION VRG,2019,33.46878,-119.0288,Southern California,0.34657359027997264,0.252435617,9.266409632,-3.1354942159291497,6
SBI_SUTIL VRG,2008,33.46585,-119.0482,Southern California,5.43147635489704,0.734005773,18.82396479,-1.151292546497023,4
SBI_SUTIL VRG,2011,33.46585,-119.0482,Southern California,5.8733026570196625,0.734005773,18.82396479,-1.2424533248940002,6
SBI_SUTIL VRG,2012,33.46585,-119.0482,Southern California,5.153224765213087,0.734005773,18.82396479,0.0,6
SBI_SUTIL VRG,2019,33.46585,-119.0482,Southern California,3.535786682105766,0.734005773,18.82396479,-2.063567192522546,8
SCAI_BIRD_ROCK VRG,2011,33.45217,-118.4877,Southern California,1.2424533248940002,0.697092891,14.87812651,-1.7776740307447068,8
SCAI_BIRD_ROCK VRG,2012,33.45217,-118.4877,Southern California,1.0986122886681098,0.697092891,14.87812651,-2.0794415416798357,8
SCAI_BIRD_ROCK VRG,2019,33.45217,-118.4877,Southern California,0.0,0.697092891,14.87812651,-2.6208735075298213,8
SCAI_BIRD_ROCK VRG,2020,33.45217,-118.4877,Southern California,0.0,0.697092891,14.87812651,-1.0986122886681098,7
SCAI_INDIAN_HEAD VRG,2008,33.37996,-118.4821,Southern California,2.80473589759248,0.680640207,13.17061197,-2.967447097809794,6
SCI_CAVERN_POINT_W UCSB,2005,,,Southern California,,0.713246069,8.111686349,,1
SCI_CAVERN_POINT_W UCSB,2006,,,Southern California,,0.713246069,8.111686349,,1
SCI_CAVERN_POINT_W UCSB,2007,34.05275,-119.5713,Southern California,5.8888779583328805,0.713246069,8.111686349,0.0,5
SCI_CAVERN_POINT_W UCSB,2008,,,Southern California,,0.713246069,8.111686349,,1
SCI_CAVERN_POINT_W UCSB,2009,34.05275,-119.5713,Southern California,7.03087272025094,0.713246069,8.111686349,-2.8762863194128165,6
SCI_CAVERN_POINT_W UCSB,2010,34.05275,-119.5713,Southern California,6.240273945247337,0.713246069,8.111686349,-4.208796913096741,6
SCI_CAVERN_POINT_W UCSB,2011,34.05275,-119.5713,Southern California,6.344002422820592,0.713246069,8.111686349,-2.868286148739596,6
SCI_CAVERN_POINT_W UCSB,2012,34.05275,-119.5713,Southern California,6.739760102609187,0.713246069,8.111686349,-3.5524827241349213,6
SCI_CAVERN_POINT_W UCSB,2013,34.05275,-119.5713,Southern California,6.937568517370412,0.713246069,8.111686349,-0.34657359027997264,6
SCI_CAVERN_POINT_W UCSB,2014,34.05275,-119.5713,Southern California,6.2883886062235606,0.713246069,8.111686349,-2.799210979499187,6
SCI_CAVERN_POINT_W UCSB,2015,34.05275,-119.5713,Southern California,4.770109746563876,0.713246069,8.111686349,-3.832407892642868,6
SCI_CAVERN_POINT_W UCSB,2016,34.05275,-119.5713,Southern California,3.546702312934383,0.713246069,8.111686349,-2.2499048351651325,6
SCI_CAVERN_POINT_W UCSB,2017,34.05275,-119.5713,Southern California,3.332204510175204,0.713246069,8.111686349,-4.52214289382305,6
SCI_CAVERN_POINT_W UCSB,2018,34.05275,-119.5713,Southern California,4.058954471191577,0.713246069,8.111686349,-3.92427174122834,6
SCI_CAVERN_POINT_W UCSB,2019,34.05275,-119.5713,Southern California,3.2050874409830836,0.713246069,8.111686349,-4.7757223604619785,6
SCI_CAVERN_POINT_W UCSB,2020,34.05275,-119.5713,Southern California,3.846512874208944,0.713246069,8.111686349,-3.5972184255501674,6
SCI_COCHE_POINT_E UCSB,2004,34.04493,-119.6014,Southern California,6.55984289794012,0.9968993,7.294848414,0.0,6
SCI_COCHE_POINT_E UCSB,2005,34.04493,-119.6014,Southern California,6.958193065643467,0.9968993,7.294848414,0.0,6
SCI_COCHE_POINT_E UCSB,2006,34.04493,-119.6014,Southern California,6.5197277846237185,0.9968993,7.294848414,0.0,6
SCI_COCHE_POINT_E UCSB,2007,34.04493,-119.6014,Southern California,6.971289178248969,0.9968993,7.294848414,0.0,6
SCI_COCHE_POINT_E UCSB,2008,34.04493,-119.6014,Southern California,6.058374753784985,0.9968993,7.294848414,0.0,6
SCI_COCHE_POINT_E UCSB,2009,34.04493,-119.6014,Southern California,6.799737715912427,0.9968993,7.294848414,0.0,6
SCI_COCHE_POINT_E UCSB,2010,34.04493,-119.6014,Southern California,6.26251948626086,0.9968993,7.294848414,0.0,6
SCI_COCHE_POINT_E UCSB,2011,34.04493,-119.6014,Southern California,6.480518339047045,0.9968993,7.294848414,0.0,6
SCI_COCHE_POINT_E UCSB,2012,34.04493,-119.6014,Southern California,6.68139358088258,0.9968993,7.294848414,0.0,6
SCI_COCHE_POINT_E UCSB,2013,34.04493,-119.6014,Southern California,6.871867623826804,0.9968993,7.294848414,0.0,6
SCI_COCHE_POINT_E UCSB,2014,34.04493,-119.6014,Southern California,7.061122120237629,0.9968993,7.294848414,0.0,6
SCI_COCHE_POINT_E UCSB,2015,34.04493,-119.6014,Southern California,6.599736277857875,0.9968993,7.294848414,0.0,6
SCI_COCHE_POINT_E UCSB,2016,34.04493,-119.6014,Southern California,4.677480030793063,0.9968993,7.294848414,0.0,6
SCI_COCHE_POINT_E UCSB,2017,34.04493,-119.6014,Southern California,4.989853789223769,0.9968993,7.294848414,0.0,6
SCI_COCHE_POINT_E UCSB,2018,34.04493,-119.6014,Southern California,6.165867831762915,0.9968993,7.294848414,0.0,6
SCI_COCHE_POINT_E UCSB,2019,34.04493,-119.6014,Southern California,5.60018838239416,0.9968993,7.294848414,0.0,6
SCI_COCHE_POINT_E UCSB,2020,34.04493,-119.6014,Southern California,5.420378345397737,0.9968993,7.294848414,0.0,6
SCI_FORNEY_E UCSB,2001,34.05148,-119.9097,Southern California,3.044522437723423,0.376767524,9.70580775,-3.7376696182833684,5
SCI_FORNEY_E UCSB,2002,34.05148,-119.9097,Southern California,0.0,0.376767524,9.70580775,-3.767381328518769,6
SCI_FORNEY_E UCSB,2003,34.05148,-119.9097,Southern California,3.936036989933437,0.376767524,9.70580775,-3.218075184184714,6
SCI_FORNEY_E UCSB,2004,34.05148,-119.9097,Southern California,6.022153186945434,0.376767524,9.70580775,-3.1815140517702325,6
SCI_FORNEY_E UCSB,2005,34.05148,-119.9097,Southern California,5.551665923139142,0.376767524,9.70580775,-3.4345072253328532,6
SCI_FORNEY_E UCSB,2006,34.05148,-119.9097,Southern California,6.102198120574615,0.376767524,9.70580775,-3.425592463746871,6
SCI_FORNEY_E UCSB,2007,34.05148,-119.9097,Southern California,6.579668668864205,0.376767524,9.70580775,-2.0036665926162356,6
SCI_FORNEY_E UCSB,2008,34.05148,-119.9097,Southern California,4.977565392843983,0.376767524,9.70580775,-2.908555579981602,6
SCI_FORNEY_E UCSB,2009,34.05148,-119.9097,Southern California,6.121857595477342,0.376767524,9.70580775,-3.3423058638339636,6
SCI_FORNEY_E UCSB,2010,34.05148,-119.9097,Southern California,5.6258063237692575,0.376767524,9.70580775,-2.799210979499187,6
SCI_FORNEY_E UCSB,2011,34.05148,-119.9097,Southern California,6.172371343825667,0.376767524,9.70580775,0.0,6
SCI_FORNEY_E UCSB,2012,34.05148,-119.9097,Southern California,5.242516278257385,0.376767524,9.70580775,-3.8580076333212934,6
SCI_FORNEY_E UCSB,2014,34.05148,-119.9097,Southern California,7.12178719033531,0.376767524,9.70580775,0.0,6
SCI_FORNEY_E UCSB,2015,34.05148,-119.9097,Southern California,7.02047733048948,0.376767524,9.70580775,0.0,6
SCI_FORNEY_E UCSB,2016,,,Southern California,,0.376767524,9.70580775,,1
SCI_FORNEY_E UCSB,2017,34.05148,-119.9097,Southern California,7.290705664816073,0.376767524,9.70580775,-1.354025100551105,6
SCI_FORNEY_E UCSB,2018,34.05148,-119.9097,Southern California,6.687679640051663,0.376767524,9.70580775,0.0,6
SCI_FORNEY_E UCSB,2019,34.05148,-119.9097,Southern California,7.2157690023985435,0.376767524,9.70580775,0.0,6
SCI_FORNEY_E UCSB,2020,34.05148,-119.9097,Southern California,6.743028019728121,0.376767524,9.70580775,0.0,6
SCI_FORNEY_W UCSB,2001,34.05388,-119.9182,Southern California,4.110873864173311,0.401211767,10.45641318,-2.0794415416798357,3
SCI_FORNEY_W UCSB,2002,34.05388,-119.9182,Southern California,2.3978952727983707,0.401211767,10.45641318,-2.8715015939047412,6
SCI_FORNEY_W UCSB,2003,34.05388,-119.9182,Southern California,2.9944807084449314,0.401211767,10.45641318,-3.172818180414298,6
SCI_FORNEY_W UCSB,2004,34.05388,-119.9182,Southern California,6.569325997327798,0.401211767,10.45641318,-3.398970206487465,6
SCI_FORNEY_W UCSB,2005,34.05388,-119.9182,Southern California,4.450819466150163,0.401211767,10.45641318,-3.4011973816621555,6
SCI_FORNEY_W UCSB,2006,34.05388,-119.9182,Southern California,5.427437560723856,0.401211767,10.45641318,-2.668769039850659,6
SCI_FORNEY_W UCSB,2007,34.05388,-119.9182,Southern California,2.57083177825133,0.401211767,10.45641318,-2.70805020110221,6
SCI_FORNEY_W UCSB,2008,34.05388,-119.9182,Southern California,5.557773783522341,0.401211767,10.45641318,-3.239254821104285,6
SCI_FORNEY_W UCSB,2009,34.05388,-119.9182,Southern California,5.199335740156081,0.401211767,10.45641318,-3.3485171238332425,6
SCI_FORNEY_W UCSB,2010,34.05388,-119.9182,Southern California,6.584461241592141,0.401211767,10.45641318,-2.9174053685313024,6
SCI_FORNEY_W UCSB,2011,34.05388,-119.9182,Southern California,7.0324555780199525,0.401211767,10.45641318,0.0,6
SCI_FORNEY_W UCSB,2012,34.05388,-119.9182,Southern California,6.754885207795395,0.401211767,10.45641318,-0.34657359027997264,6
SCI_FORNEY_W UCSB,2014,34.05388,-119.9182,Southern California,7.364839720153524,0.401211767,10.45641318,0.0,6
SCI_FORNEY_W UCSB,2015,34.05388,-119.9182,Southern California,6.228882390124399,0.401211767,10.45641318,-3.496048213707944,6
SCI_FORNEY_W UCSB,2016,,,Southern California,,0.401211767,10.45641318,,1
SCI_FORNEY_W UCSB,2017,34.05388,-119.9182,Southern California,5.437133234847177,0.401211767,10.45641318,-0.34657359027997264,6
SCI_FORNEY_W UCSB,2018,34.05388,-119.9182,Southern California,6.916126803780816,0.401211767,10.45641318,0.0,6
SCI_FORNEY_W UCSB,2019,34.05388,-119.9182,Southern California,6.058850171450601,0.401211767,10.45641318,0.0,6
SCI_FORNEY_W UCSB,2020,34.05388,-119.9182,Southern California,6.1539421858383765,0.401211767,10.45641318,0.0,6
SCI_GULL_ISLE_E UCSB,2003,,,Southern California,,0.775855672,14.58049542,,1
SCI_GULL_ISLE_E UCSB,2004,33.94647,-119.8232,Southern California,5.006843172417102,0.775855672,14.58049542,-4.18237053411228,6
SCI_GULL_ISLE_E UCSB,2005,33.94647,-119.8232,Southern California,5.66660026701177,0.775855672,14.58049542,-3.6320150714497648,6
SCI_GULL_ISLE_E UCSB,2006,33.94647,-119.8232,Southern California,5.329804766128731,0.775855672,14.58049542,-3.4345072253328532,6
SCI_GULL_ISLE_E UCSB,2007,33.94647,-119.8232,Southern California,6.459373952948832,0.775855672,14.58049542,-3.49466763298728,6
SCI_GULL_ISLE_E UCSB,2008,33.94647,-119.8232,Southern California,6.357292297407193,0.775855672,14.58049542,-3.433466642230941,6
SCI_GULL_ISLE_E UCSB,2009,33.94647,-119.8232,Southern California,6.9827061117510585,0.775855672,14.58049542,-3.0645251050302726,6
SCI_GULL_ISLE_E UCSB,2010,33.94647,-119.8232,Southern California,6.062970591959061,0.775855672,14.58049542,-3.2999352496064183,6
SCI_GULL_ISLE_E UCSB,2011,33.94647,-119.8232,Southern California,6.002971735043127,0.775855672,14.58049542,-1.9756218592907135,6
SCI_GULL_ISLE_E UCSB,2012,33.94647,-119.8232,Southern California,6.069164496721827,0.775855672,14.58049542,-2.70805020110221,6
SCI_GULL_ISLE_E UCSB,2014,33.94647,-119.8232,Southern California,5.424163433907349,0.775855672,14.58049542,-1.9033312448851598,6
SCI_GULL_ISLE_E UCSB,2015,33.94647,-119.8232,Southern California,4.401110873201228,0.775855672,14.58049542,-3.591176055942631,6
SCI_GULL_ISLE_E UCSB,2016,,,Southern California,,0.775855672,14.58049542,,1
SCI_GULL_ISLE_E UCSB,2017,33.94647,-119.8232,Southern California,4.06811277745423,0.775855672,14.58049542,-3.8789531041758734,6
SCI_GULL_ISLE_E UCSB,2018,33.94647,-119.8232,Southern California,4.276280167626765,0.775855672,14.58049542,-3.4437762858323087,6
SCI_GULL_ISLE_E UCSB,2019,33.94647,-119.8232,Southern California,4.343214754330768,0.775855672,14.58049542,-3.326431514676673,6
SCI_GULL_ISLE_E UCSB,2020,33.94647,-119.8232,Southern California,4.161075535106452,0.775855672,14.58049542,-2.0715673631957663,6
SCI_HAZARDS_CEN UCSB,2000,34.05658,-119.8212,Southern California,6.663566376349936,0.494515739,11.73060864,0.0,4
SCI_HAZARDS_CEN UCSB,2001,34.05658,-119.8212,Southern California,5.107888434040375,0.494515739,11.73060864,0.0,4
SCI_HAZARDS_CEN UCSB,2002,34.05658,-119.8212,Southern California,4.814229213103832,0.494515739,11.73060864,0.0,4
SCI_HAZARDS_CEN UCSB,2003,34.05658,-119.8212,Southern California,2.57083177825133,0.494515739,11.73060864,-2.9444389791664403,4
SCI_HAZARDS_CEN UCSB,2004,34.05658,-119.8212,Southern California,0.0,0.494515739,11.73060864,-3.6816397934815193,4
SCI_HAZARDS_CEN UCSB,2005,34.05658,-119.8212,Southern California,2.2271736481267537,0.494515739,11.73060864,-3.612012404142915,4
SCI_HAZARDS_CEN UCSB,2006,34.05658,-119.8212,Southern California,2.5249280036247685,0.494515739,11.73060864,-3.7568546239198524,4
SCI_HAZARDS_CEN UCSB,2007,34.05658,-119.8212,Southern California,2.1910133173369406,0.494515739,11.73060864,-3.433466642230941,4
SCI_HAZARDS_CEN UCSB,2008,34.05658,-119.8212,Southern California,4.328564515856877,0.494515739,11.73060864,-3.1815140517702325,4
SCI_HAZARDS_CEN UCSB,2009,34.05658,-119.8212,Southern California,3.5383269077219754,0.494515739,11.73060864,-3.448347165811356,4
SCI_HAZARDS_CEN UCSB,2010,34.05658,-119.8212,Southern California,4.362591247479385,0.494515739,11.73060864,-2.389561746555765,4
SCI_HAZARDS_CEN UCSB,2011,34.05658,-119.8212,Southern California,5.162659007365278,0.494515739,11.73060864,-3.593828582057478,4
SCI_HAZARDS_CEN UCSB,2012,34.05658,-119.8212,Southern California,4.018933117354809,0.494515739,11.73060864,-3.008078579849177,4
SCI_HAZARDS_CEN UCSB,2013,,,Southern California,,0.494515739,11.73060864,,1
SCI_HAZARDS_CEN UCSB,2014,34.05658,-119.8212,Southern California,5.7577311223111,0.494515739,11.73060864,-2.858513850703111,4
SCI_HAZARDS_CEN UCSB,2015,34.05658,-119.8212,Southern California,5.979535878842698,0.494515739,11.73060864,0.0,4
SCI_HAZARDS_CEN UCSB,2016,34.05658,-119.8212,Southern California,5.108089630245969,0.494515739,11.73060864,0.0,4
SCI_HAZARDS_CEN UCSB,2017,34.05658,-119.8212,Southern California,5.961904599552626,0.494515739,11.73060864,0.0,4
SCI_HAZARDS_CEN UCSB,2018,34.05658,-119.8212,Southern California,6.515334526255159,0.494515739,11.73060864,0.0,4
SCI_HAZARDS_CEN UCSB,2019,34.05658,-119.8212,Southern California,5.442333372156071,0.494515739,11.73060864,0.0,4
SCI_HAZARDS_CEN UCSB,2020,34.05658,-119.8212,Southern California,4.9990350975110385,0.494515739,11.73060864,0.0,4
SCI_HAZARDS_W UCSB,2000,34.0581,-119.8248,Southern California,7.2351639741905736,0.402241784,10.51716576,0.0,4
SCI_HAZARDS_W UCSB,2001,34.0581,-119.8248,Southern California,4.787179145085087,0.402241784,10.51716576,0.0,2
SCI_HAZARDS_W UCSB,2002,34.0581,-119.8248,Southern California,3.1083030505424323,0.402241784,10.51716576,0.0,4
SCI_HAZARDS_W UCSB,2003,34.0581,-119.8248,Southern California,4.278975591944203,0.402241784,10.51716576,-1.5890269151739727,4
SCI_HAZARDS_W UCSB,2004,34.0581,-119.8248,Southern California,2.8120087530936693,0.402241784,10.51716576,-2.884160497896886,4
SCI_HAZARDS_W UCSB,2005,34.0581,-119.8248,Southern California,4.241507869807325,0.402241784,10.51716576,-3.8633268324238212,4
SCI_HAZARDS_W UCSB,2006,34.0581,-119.8248,Southern California,3.4705950275341872,0.402241784,10.51716576,-2.9753212762938634,4
SCI_HAZARDS_W UCSB,2007,34.0581,-119.8248,Southern California,2.4414009612931853,0.402241784,10.51716576,-2.6876392038420827,4
SCI_HAZARDS_W UCSB,2008,34.0581,-119.8248,Southern California,5.316411001928893,0.402241784,10.51716576,-2.6390573296152584,4
SCI_HAZARDS_W UCSB,2009,34.0581,-119.8248,Southern California,3.6576091948764873,0.402241784,10.51716576,-2.7403194616709956,4
SCI_HAZARDS_W UCSB,2010,34.0581,-119.8248,Southern California,4.30661518980659,0.402241784,10.51716576,-2.995732273553991,4
SCI_HAZARDS_W UCSB,2011,34.0581,-119.8248,Southern California,5.6501135857587785,0.402241784,10.51716576,-1.6094379124341003,4
SCI_HAZARDS_W UCSB,2012,34.0581,-119.8248,Southern California,5.570089604712395,0.402241784,10.51716576,-1.732867951399863,4
SCI_HAZARDS_W UCSB,2013,,,Southern California,,0.402241784,10.51716576,,1
SCI_HAZARDS_W UCSB,2014,34.0581,-119.8248,Southern California,6.33836927770983,0.402241784,10.51716576,0.0,4
SCI_HAZARDS_W UCSB,2015,34.0581,-119.8248,Southern California,6.327461430288872,0.402241784,10.51716576,0.0,4
SCI_HAZARDS_W UCSB,2016,34.0581,-119.8248,Southern California,4.721360564321437,0.402241784,10.51716576,0.0,4
SCI_HAZARDS_W UCSB,2017,34.0581,-119.8248,Southern California,6.37612064078408,0.402241784,10.51716576,0.0,4
SCI_HAZARDS_W UCSB,2018,34.0581,-119.8248,Southern California,6.003841340278578,0.402241784,10.51716576,0.0,4
SCI_HAZARDS_W UCSB,2019,34.0581,-119.8248,Southern California,6.039165089489609,0.402241784,10.51716576,0.0,4
SCI_HAZARDS_W UCSB,2020,34.0581,-119.8248,Southern California,6.124307379897921,0.402241784,10.51716576,0.0,4
SCI_POTATO_PASTURE_E UCSB,2005,,,Southern California,,0.184885282,9.890613747,,1
SCI_POTATO_PASTURE_E UCSB,2006,,,Southern California,,0.184885282,9.890613747,,1
SCI_POTATO_PASTURE_E UCSB,2007,34.05098,-119.5759,Southern California,6.841130134341824,0.184885282,9.890613747,0.0,6
SCI_POTATO_PASTURE_E UCSB,2008,,,Southern California,,0.184885282,9.890613747,,1
SCI_POTATO_PASTURE_E UCSB,2009,34.05098,-119.5759,Southern California,6.546431236743322,0.184885282,9.890613747,0.0,6
SCI_POTATO_PASTURE_E UCSB,2013,34.05098,-119.5759,Southern California,6.860732888602385,0.184885282,9.890613747,-1.3862943611198906,6
SCI_SCORPION_E UCSB,2004,34.04847,-119.5464,Southern California,6.814084209556723,0.549821302,13.24379531,0.0,6
SCI_SCORPION_E UCSB,2005,34.04847,-119.5464,Southern California,6.762871155481397,0.549821302,13.24379531,0.0,6
SCI_SCORPION_E UCSB,2006,34.04847,-119.5464,Southern California,6.35314964906067,0.549821302,13.24379531,0.0,6
SCI_SCORPION_E UCSB,2007,34.04847,-119.5464,Southern California,6.725095607892671,0.549821302,13.24379531,0.0,6
SCI_SCORPION_E UCSB,2008,34.04847,-119.5464,Southern California,6.160706349767709,0.549821302,13.24379531,0.0,6
SCI_SCORPION_E UCSB,2009,34.04847,-119.5464,Southern California,6.754305163690465,0.549821302,13.24379531,0.0,6
SCI_SCORPION_E UCSB,2010,34.04847,-119.5464,Southern California,6.628193574395265,0.549821302,13.24379531,0.0,6
SCI_SCORPION_E UCSB,2011,34.04847,-119.5464,Southern California,6.80879803034792,0.549821302,13.24379531,0.0,6
SCI_SCORPION_E UCSB,2012,34.04847,-119.5464,Southern California,6.882106000202489,0.549821302,13.24379531,0.0,6
SCI_SCORPION_E UCSB,2013,34.04847,-119.5464,Southern California,7.284341796439948,0.549821302,13.24379531,0.0,6
SCI_SCORPION_E UCSB,2014,34.04847,-119.5464,Southern California,7.010911427538807,0.549821302,13.24379531,0.0,6
SCI_SCORPION_E UCSB,2015,34.04847,-119.5464,Southern California,5.6359235205098255,0.549821302,13.24379531,0.0,6
SCI_SCORPION_E UCSB,2016,34.04847,-119.5464,Southern California,3.7256208424938384,0.549821302,13.24379531,0.0,6
SCI_SCORPION_E UCSB,2017,34.04847,-119.5464,Southern California,5.197381658528702,0.549821302,13.24379531,0.0,6
SCI_SCORPION_E UCSB,2018,34.04847,-119.5464,Southern California,6.281719675073653,0.549821302,13.24379531,-1.868834809141684,6
SCI_SCORPION_E UCSB,2019,34.04847,-119.5464,Southern California,5.198573335690105,0.549821302,13.24379531,0.0,6
SCI_SCORPION_E UCSB,2020,34.04847,-119.5464,Southern California,5.544688924655649,0.549821302,13.24379531,-1.6479184330021646,6
SCI_SCORPION_W UCSB,2004,34.0525,-119.5553,Southern California,3.263978958811275,0.428585468,9.224540119,-3.4175922930736506,6
SCI_SCORPION_W UCSB,2005,34.0525,-119.5553,Southern California,4.200554356197718,0.428585468,9.224540119,-3.449861553642436,6
SCI_SCORPION_W UCSB,2006,34.0525,-119.5553,Southern California,7.034155385404661,0.428585468,9.224540119,-2.5649493574615367,6
SCI_SCORPION_W UCSB,2007,34.0525,-119.5553,Southern California,6.7205249043594,0.428585468,9.224540119,0.0,6
SCI_SCORPION_W UCSB,2008,34.0525,-119.5553,Southern California,6.959654126526981,0.428585468,9.224540119,0.0,6
SCI_SCORPION_W UCSB,2009,34.0525,-119.5553,Southern California,6.556897385764698,0.428585468,9.224540119,0.0,6
SCI_SCORPION_W UCSB,2010,34.0525,-119.5553,Southern California,5.282055770695257,0.428585468,9.224540119,-4.011776196202174,6
SCI_SCORPION_W UCSB,2011,34.0525,-119.5553,Southern California,6.553180001897613,0.428585468,9.224540119,0.0,6
SCI_SCORPION_W UCSB,2012,34.0525,-119.5553,Southern California,7.31485327342318,0.428585468,9.224540119,0.0,6
SCI_SCORPION_W UCSB,2013,34.0525,-119.5553,Southern California,7.055687531411807,0.428585468,9.224540119,0.0,6
SCI_SCORPION_W UCSB,2014,34.0525,-119.5553,Southern California,5.04676461617261,0.428585468,9.224540119,-2.9144728088051037,6
SCI_SCORPION_W UCSB,2015,34.0525,-119.5553,Southern California,2.582392986961757,0.428585468,9.224540119,-3.4339872044851463,6
SCI_SCORPION_W UCSB,2016,34.0525,-119.5553,Southern California,3.039966597547795,0.428585468,9.224540119,-4.712725875796565,6
SCI_SCORPION_W UCSB,2017,34.0525,-119.5553,Southern California,4.332806598267256,0.428585468,9.224540119,-4.145773254941955,6
SCI_SCORPION_W UCSB,2018,34.0525,-119.5553,Southern California,4.140988529433879,0.428585468,9.224540119,-3.0153426301306316,6
SCI_SCORPION_W UCSB,2019,34.0525,-119.5553,Southern California,3.9708256264652775,0.428585468,9.224540119,-5.010613071380192,6
SCI_SCORPION_W UCSB,2020,34.0525,-119.5553,Southern California,3.569433499972762,0.428585468,9.224540119,-4.1728464366269336,6
SCI_VALLEY_E UCSB,2004,33.98355,-119.6203,Southern California,6.095002118675555,0.023441877,9.610403236,-4.1577832417821385,4
SCI_VALLEY_E UCSB,2005,33.98355,-119.6203,Southern California,6.133070909498041,0.023441877,9.610403236,-3.4208077382387962,4
SCI_VALLEY_E UCSB,2006,33.98355,-119.6203,Southern California,3.50425259104114,0.023441877,9.610403236,-1.0986122886681098,4
SCI_VALLEY_E UCSB,2007,33.98355,-119.6203,Southern California,5.796445623304056,0.023441877,9.610403236,-1.4451858789480823,4
SCI_VALLEY_E UCSB,2008,33.98355,-119.6203,Southern California,4.128563142998715,0.023441877,9.610403236,-2.888826161611328,4
SCI_VALLEY_E UCSB,2009,33.98355,-119.6203,Southern California,2.9647945716949473,0.023441877,9.610403236,-2.312486406642136,4
SCI_VALLEY_E UCSB,2010,33.98355,-119.6203,Southern California,6.37915060751579,0.023441877,9.610403236,-1.6479184330021646,4
SCI_VALLEY_E UCSB,2011,33.98355,-119.6203,Southern California,4.213634241944126,0.023441877,9.610403236,-1.0397207708399179,4
SCI_VALLEY_E UCSB,2012,33.98355,-119.6203,Southern California,3.149474623427971,0.023441877,9.610403236,-0.8958797346140275,4
SCI_VALLEY_E UCSB,2014,33.98355,-119.6203,Southern California,4.865340294055379,0.023441877,9.610403236,-3.4110986953102453,4
SCI_VALLEY_E UCSB,2015,33.98355,-119.6203,Southern California,3.278389178079021,0.023441877,9.610403236,-3.9869221879723433,4
SCI_VALLEY_E UCSB,2017,,,Southern California,,0.023441877,9.610403236,,1
SCI_VALLEY_E UCSB,2018,33.98355,-119.6203,Southern California,7.331714969726466,0.023441877,9.610403236,-1.791759469228055,3
SCI_VALLEY_E UCSB,2019,33.98355,-119.6203,Southern California,2.6853190140638312,0.023441877,9.610403236,-1.9560115027140732,4
SCI_VALLEY_E UCSB,2020,33.98355,-119.6203,Southern California,3.0422497065375858,0.023441877,9.610403236,-2.433767225227791,4
SCI_VALLEY_W UCSB,2004,33.9817,-119.6637,Southern California,6.15485584014483,0.639173469,5.842426843,-3.5047044663543185,4
SCI_VALLEY_W UCSB,2005,33.9817,-119.6637,Southern California,6.640003119088871,0.639173469,5.842426843,-2.452637389219215,4
SCI_VALLEY_W UCSB,2006,33.9817,-119.6637,Southern California,7.677382945745059,0.639173469,5.842426843,0.0,4
SCI_VALLEY_W UCSB,2007,33.9817,-119.6637,Southern California,7.276633874721345,0.639173469,5.842426843,0.0,4
SCI_VALLEY_W UCSB,2008,33.9817,-119.6637,Southern California,7.158650543959935,0.639173469,5.842426843,0.0,4
SCI_VALLEY_W UCSB,2009,33.9817,-119.6637,Southern California,6.9885348635196625,0.639173469,5.842426843,0.0,4
SCI_VALLEY_W UCSB,2010,33.9817,-119.6637,Southern California,5.969929239846817,0.639173469,5.842426843,-0.5493061443340549,4
SCI_VALLEY_W UCSB,2011,33.9817,-119.6637,Southern California,6.565498995798333,0.639173469,5.842426843,0.0,4
SCI_VALLEY_W UCSB,2012,33.9817,-119.6637,Southern California,6.0483018509139015,0.639173469,5.842426843,-0.34657359027997264,4
SCI_VALLEY_W UCSB,2014,33.9817,-119.6637,Southern California,6.251432174505691,0.639173469,5.842426843,0.0,4
SCI_VALLEY_W UCSB,2015,33.9817,-119.6637,Southern California,6.1014989617065485,0.639173469,5.842426843,-1.0986122886681098,4
SCI_VALLEY_W UCSB,2016,,,Southern California,,0.639173469,5.842426843,,1
SCI_VALLEY_W UCSB,2017,,,Southern California,,0.639173469,5.842426843,,1
SCI_VALLEY_W UCSB,2018,33.9817,-119.6637,Southern California,5.929677552277694,0.639173469,5.842426843,-1.791759469228055,4
SCI_VALLEY_W UCSB,2019,33.9817,-119.6637,Southern California,6.046877324652424,0.639173469,5.842426843,-1.9033312448851598,4
SCI_VALLEY_W UCSB,2020,33.9817,-119.6637,Southern California,6.553543644925906,0.639173469,5.842426843,-3.6505739029280164,4
SCI_YELLOWBANKS_CEN UCSB,2001,33.98853,-119.547,Southern California,0.0,0.256888889,13.22331557,-1.3862943611198906,2
SCI_YELLOWBANKS_CEN UCSB,2003,33.98853,-119.547,Southern California,3.9404021723374507,0.256888889,13.22331557,-3.610552549091248,6
SCI_YELLOWBANKS_CEN UCSB,2004,33.98853,-119.547,Southern California,4.111276819198479,0.256888889,13.22331557,-3.1567740231385475,6
SCI_YELLOWBANKS_CEN UCSB,2005,33.98853,-119.547,Southern California,4.545384118417669,0.256888889,13.22331557,-2.9700856263602153,6
SCI_YELLOWBANKS_CEN UCSB,2006,33.98853,-119.547,Southern California,4.411308472672088,0.256888889,13.22331557,-2.282174095733918,6
SCI_YELLOWBANKS_CEN UCSB,2007,33.98853,-119.547,Southern California,5.175606809679401,0.256888889,13.22331557,-3.044522437723423,6
SCI_YELLOWBANKS_CEN UCSB,2008,33.98853,-119.547,Southern California,4.576355629569774,0.256888889,13.22331557,-2.833213344056216,6
SCI_YELLOWBANKS_CEN UCSB,2009,33.98853,-119.547,Southern California,5.807691385194298,0.256888889,13.22331557,-2.359249435647547,6
SCI_YELLOWBANKS_CEN UCSB,2010,33.98853,-119.547,Southern California,5.578125260515748,0.256888889,13.22331557,-1.4451858789480823,6
SCI_YELLOWBANKS_CEN UCSB,2011,33.98853,-119.547,Southern California,5.6897884563861165,0.256888889,13.22331557,-0.34657359027997264,6
SCI_YELLOWBANKS_CEN UCSB,2012,33.98853,-119.547,Southern California,5.110170001143844,0.256888889,13.22331557,0.0,6
SCI_YELLOWBANKS_CEN UCSB,2014,33.98853,-119.547,Southern California,6.353011675571931,0.256888889,13.22331557,0.0,6
SCI_YELLOWBANKS_CEN UCSB,2015,33.98853,-119.547,Southern California,5.657066502259925,0.256888889,13.22331557,0.0,6
SCI_YELLOWBANKS_CEN UCSB,2016,,,Southern California,,0.256888889,13.22331557,,1
SCI_YELLOWBANKS_CEN UCSB,2017,,,Southern California,,0.256888889,13.22331557,,1
SCI_YELLOWBANKS_CEN UCSB,2018,33.98853,-119.547,Southern California,6.1502753304999835,0.256888889,13.22331557,-1.5222612188617115,6
SCI_YELLOWBANKS_CEN UCSB,2019,33.98853,-119.547,Southern California,6.130379837339928,0.256888889,13.22331557,-0.9729550745276566,6
SCI_YELLOWBANKS_W UCSB,2002,33.9893,-119.5649,Southern California,2.1313399385206577,0.211025564,13.50783974,-2.6364997792818734,6
SCI_YELLOWBANKS_W UCSB,2003,33.9893,-119.5649,Southern California,5.7311685925796905,0.211025564,13.50783974,-2.2975599250672953,6
SCI_YELLOWBANKS_W UCSB,2004,33.9893,-119.5649,Southern California,2.787974551573158,0.211025564,13.50783974,-3.275540167521702,6
SCI_YELLOWBANKS_W UCSB,2005,33.9893,-119.5649,Southern California,2.2499048351651325,0.211025564,13.50783974,-3.702747831599736,6
SCI_YELLOWBANKS_W UCSB,2006,33.9893,-119.5649,Southern California,2.0126758453675744,0.211025564,13.50783974,-3.012932986912657,6
SCI_YELLOWBANKS_W UCSB,2007,33.9893,-119.5649,Southern California,0.0,0.211025564,13.50783974,-2.6155543084272934,6
SCI_YELLOWBANKS_W UCSB,2008,33.9893,-119.5649,Southern California,3.039966597547795,0.211025564,13.50783974,-3.4637789531391583,6
SCI_YELLOWBANKS_W UCSB,2009,33.9893,-119.5649,Southern California,4.105334015581488,0.211025564,13.50783974,-2.908555579981602,6
SCI_YELLOWBANKS_W UCSB,2010,33.9893,-119.5649,Southern California,2.282174095733918,0.211025564,13.50783974,-3.093104311950247,6
SCI_YELLOWBANKS_W UCSB,2011,33.9893,-119.5649,Southern California,4.134365916058869,0.211025564,13.50783974,-2.1910133173369406,6
SCI_YELLOWBANKS_W UCSB,2012,33.9893,-119.5649,Southern California,2.719039654461598,0.211025564,13.50783974,-3.017740716262378,6
SCI_YELLOWBANKS_W UCSB,2014,33.9893,-119.5649,Southern California,4.343467983001666,0.211025564,13.50783974,-3.061246404757193,6
SCI_YELLOWBANKS_W UCSB,2015,33.9893,-119.5649,Southern California,4.67487721387943,0.211025564,13.50783974,-2.5249280036247685,6
SCI_YELLOWBANKS_W UCSB,2016,,,Southern California,,0.211025564,13.50783974,,1
SCI_YELLOWBANKS_W UCSB,2017,,,Southern California,,0.211025564,13.50783974,,1
SCI_YELLOWBANKS_W UCSB,2018,33.9893,-119.5649,Southern California,5.008095521224606,0.211025564,13.50783974,-2.6364997792818734,6
SCI_YELLOWBANKS_W UCSB,2019,33.9893,-119.5649,Southern California,4.222311249290701,0.211025564,13.50783974,-2.1972245773362196,6
SIREN UCSC,2007,36.63073,-121.9186,Central California,1.2424533248940002,0.804444448,8.315828126,-3.012932986912657,6
SIREN UCSC,2008,36.63073,-121.9186,Central California,0.0,0.804444448,8.315828126,-2.1910133173369406,6
SIREN UCSC,2011,36.63073,-121.9186,Central California,0.34657359027997264,0.804444448,8.315828126,-2.168645370416245,6
SIREN UCSC,2012,36.63073,-121.9186,Central California,0.34657359027997264,0.804444448,8.315828126,-2.908555579981602,6
SIREN UCSC,2013,36.63073,-121.9186,Central California,0.34657359027997264,0.804444448,8.315828126,-2.6364997792818734,6
SIREN UCSC,2014,36.63073,-121.9186,Central California,0.0,0.804444448,8.315828126,-2.5529727369502906,6
SIREN UCSC,2015,36.63073,-121.9186,Central California,3.3160008886978147,0.804444448,8.315828126,-3.310036603265178,6
SIREN UCSC,2016,36.63073,-121.9186,Central California,3.9668984374077056,0.804444448,8.315828126,-2.6876392038420827,6
SIREN UCSC,2017,36.63073,-121.9186,Central California,5.215290074382995,0.804444448,8.315828126,-2.1242476210246797,6
SIREN UCSC,2018,36.63073,-121.9186,Central California,5.74246871421503,0.804444448,8.315828126,-0.7520386983881371,6
SIREN UCSC,2019,36.63073,-121.9186,Central California,5.618309225269977,0.804444448,8.315828126,-0.6931471805599453,6
SIREN UCSC,2020,36.63073,-121.9186,Central California,6.70667100511263,0.804444448,8.315828126,-1.868834809141684,6
SIREN UCSC,2021,36.63073,-121.9186,Central California,6.66636644347172,0.804444448,8.315828126,-0.8958797346140275,6
SMI_CROOK_POINT_E UCSB,2003,,,Southern California,,0.648813443,10.1088576,,1
SMI_CROOK_POINT_E UCSB,2004,34.01587,-120.3305,Southern California,0.0,0.648813443,10.1088576,-2.9700856263602153,6
SMI_CROOK_POINT_E UCSB,2005,34.01587,-120.3305,Southern California,0.0,0.648813443,10.1088576,-3.3619162204106043,6
SMI_CROOK_POINT_E UCSB,2006,34.01587,-120.3305,Southern California,0.0,0.648813443,10.1088576,-3.1771850203986753,6
SMI_CROOK_POINT_E UCSB,2007,34.01587,-120.3305,Southern California,0.0,0.648813443,10.1088576,-3.3667009459186796,6
SMI_CROOK_POINT_E UCSB,2008,34.01587,-120.3305,Southern California,0.34657359027997264,0.648813443,10.1088576,-3.49466763298728,6
SMI_CROOK_POINT_E UCSB,2009,34.01587,-120.3305,Southern California,2.6590599969221085,0.648813443,10.1088576,-3.2705149995949516,6
SMI_CROOK_POINT_E UCSB,2010,34.01587,-120.3305,Southern California,0.8958797346140275,0.648813443,10.1088576,-2.6711671259824055,6
SMI_CROOK_POINT_E UCSB,2011,34.01587,-120.3305,Southern California,0.0,0.648813443,10.1088576,-2.3937458713910233,6
SMI_CROOK_POINT_E UCSB,2012,34.01587,-120.3305,Southern California,0.0,0.648813443,10.1088576,-2.9944807084449314,6
SMI_CROOK_POINT_W UCSB,2003,34.01385,-120.3373,Southern California,4.439248701869316,0.770993119,12.31472928,-3.5964671106078994,6
SMI_CROOK_POINT_W UCSB,2004,34.01385,-120.3373,Southern California,2.1313399385206577,0.770993119,12.31472928,-2.9907071056272403,6
SMI_CROOK_POINT_W UCSB,2005,34.01385,-120.3373,Southern California,4.0598481264786255,0.770993119,12.31472928,-2.772588722239781,6
SMI_CROOK_POINT_W UCSB,2006,34.01385,-120.3373,Southern California,1.2824746787307684,0.770993119,12.31472928,-3.384246605824315,6
SMI_CROOK_POINT_W UCSB,2007,34.01385,-120.3373,Southern California,0.0,0.770993119,12.31472928,-3.2156655409667394,6
SMI_CROOK_POINT_W UCSB,2008,34.01385,-120.3373,Southern California,0.0,0.770993119,12.31472928,-3.9614929793555977,6
SMI_CROOK_POINT_W UCSB,2009,34.01385,-120.3373,Southern California,1.0986122886681098,0.770993119,12.31472928,-3.27267483016721,6
SMI_CROOK_POINT_W UCSB,2010,34.01385,-120.3373,Southern California,0.9729550745276566,0.770993119,12.31472928,-3.111288134035684,6
SMI_CROOK_POINT_W UCSB,2011,34.01385,-120.3373,Southern California,0.8047189562170501,0.770993119,12.31472928,-2.4260151319598084,6
SMI_CROOK_POINT_W UCSB,2012,34.01385,-120.3373,Southern California,0.0,0.770993119,12.31472928,-2.70805020110221,6
SMI_CUYLER_E UCSB,2003,34.05172,-120.3462,Southern California,4.544368775108467,0.718126362,10.06209881,-2.884160497896886,6
SMI_CUYLER_E UCSB,2004,34.05172,-120.3462,Southern California,5.029668394499484,0.718126362,10.06209881,-3.3576916931673404,6
SMI_CUYLER_E UCSB,2005,34.05172,-120.3462,Southern California,0.0,0.718126362,10.06209881,-2.8314802400679726,6
SMI_CUYLER_E UCSB,2006,34.05172,-120.3462,Southern California,4.782256092848398,0.718126362,10.06209881,-4.330733340286331,6
SMI_CUYLER_E UCSB,2007,34.05172,-120.3462,Southern California,5.215599895729271,0.718126362,10.06209881,-3.5926935077902082,6
SMI_CUYLER_E UCSB,2008,34.05172,-120.3462,Southern California,5.189985073939786,0.718126362,10.06209881,-2.1383330595080277,6
SMI_CUYLER_E UCSB,2009,34.05172,-120.3462,Southern California,4.892352008273081,0.718126362,10.06209881,-3.3460418712533144,6
SMI_CUYLER_E UCSB,2010,34.05172,-120.3462,Southern California,5.435881669738118,0.718126362,10.06209881,-1.3862943611198906,6
SMI_CUYLER_E UCSB,2011,34.05172,-120.3462,Southern California,5.035770568766189,0.718126362,10.06209881,-1.2424533248940002,6
SMI_CUYLER_E UCSB,2012,34.05172,-120.3462,Southern California,3.6320150714497648,0.718126362,10.06209881,-3.384246605824315,6
SMI_CUYLER_E UCSB,2014,34.05172,-120.3462,Southern California,6.051172065383736,0.718126362,10.06209881,0.0,6
SMI_CUYLER_E UCSB,2016,34.05172,-120.3462,Southern California,6.815868974451503,0.718126362,10.06209881,0.0,6
SMI_CUYLER_E UCSB,2018,34.05172,-120.3462,Southern California,6.499487329613556,0.718126362,10.06209881,0.0,6
SMI_CUYLER_E UCSB,2019,34.05172,-120.3462,Southern California,6.746957949646586,0.718126362,10.06209881,0.0,6
SMI_CUYLER_E UCSB,2020,34.05172,-120.3462,Southern California,6.61226499900257,0.718126362,10.06209881,0.0,6
SMI_CUYLER_W UCSB,2003,34.05705,-120.3526,Southern California,0.0,0.765112151,8.801254153,-3.2896256060050506,4
SMI_CUYLER_W UCSB,2004,34.05705,-120.3526,Southern California,3.982772786564996,0.765112151,8.801254153,-3.767381328518769,6
SMI_CUYLER_W UCSB,2005,34.05705,-120.3526,Southern California,3.436581917106259,0.765112151,8.801254153,-3.268345798795653,6
SMI_CUYLER_W UCSB,2006,34.05705,-120.3526,Southern California,4.212429290106721,0.765112151,8.801254153,-4.47416302313649,6
SMI_CUYLER_W UCSB,2007,34.05705,-120.3526,Southern California,4.9789878689100995,0.765112151,8.801254153,-3.6838542861871852,6
SMI_CUYLER_W UCSB,2008,34.05705,-120.3526,Southern California,4.726643275293286,0.765112151,8.801254153,-3.1967953769753157,6
SMI_CUYLER_W UCSB,2009,34.05705,-120.3526,Southern California,5.86665661128532,0.765112151,8.801254153,-3.5400132499612953,6
SMI_CUYLER_W UCSB,2010,34.05705,-120.3526,Southern California,6.059576086749736,0.765112151,8.801254153,-2.9444389791664403,6
SMI_CUYLER_W UCSB,2011,34.05705,-120.3526,Southern California,4.214508750256256,0.765112151,8.801254153,-2.5649493574615367,6
SMI_CUYLER_W UCSB,2012,34.05705,-120.3526,Southern California,5.5187013164533125,0.765112151,8.801254153,-3.2896256060050506,6
SMI_CUYLER_W UCSB,2014,34.05705,-120.3526,Southern California,5.402312018319303,0.765112151,8.801254153,-2.1383330595080277,6
SMI_CUYLER_W UCSB,2016,34.05705,-120.3526,Southern California,6.547858754225077,0.765112151,8.801254153,-1.5222612188617115,6
SMI_CUYLER_W UCSB,2018,34.05705,-120.3526,Southern California,7.4727235399372045,0.765112151,8.801254153,0.0,6
SMI_CUYLER_W UCSB,2019,34.05705,-120.3526,Southern California,6.97201784507628,0.765112151,8.801254153,0.0,6
SMI_CUYLER_W UCSB,2020,34.05705,-120.3526,Southern California,7.004629950745264,0.765112151,8.801254153,0.0,6
SMI_HARRIS_PT_RESERVE_E UCSB,2004,34.05278,-120.3374,Southern California,4.799838049077231,0.948333335,10.4610564,-3.218075184184714,6
SMI_HARRIS_PT_RESERVE_E UCSB,2005,34.05278,-120.3374,Southern California,5.8092909684143486,0.948333335,10.4610564,-2.772588722239781,6
SMI_HARRIS_PT_RESERVE_E UCSB,2006,34.05278,-120.3374,Southern California,5.385755991500396,0.948333335,10.4610564,-3.828405045740189,6
SMI_HARRIS_PT_RESERVE_E UCSB,2007,34.05278,-120.3374,Southern California,5.870727244280388,0.948333335,10.4610564,-2.2975599250672953,6
SMI_HARRIS_PT_RESERVE_E UCSB,2008,34.05278,-120.3374,Southern California,6.782224834484069,0.948333335,10.4610564,0.0,6
SMI_HARRIS_PT_RESERVE_E UCSB,2009,34.05278,-120.3374,Southern California,6.759898156907614,0.948333335,10.4610564,0.0,6
SMI_HARRIS_PT_RESERVE_E UCSB,2010,34.05278,-120.3374,Southern California,6.090787506964887,0.948333335,10.4610564,0.0,6
SMI_HARRIS_PT_RESERVE_E UCSB,2011,34.05278,-120.3374,Southern California,6.114711447069194,0.948333335,10.4610564,0.0,6
SMI_HARRIS_PT_RESERVE_E UCSB,2012,34.05278,-120.3374,Southern California,6.05270055967924,0.948333335,10.4610564,-2.0126758453675744,6
SMI_HARRIS_PT_RESERVE_E UCSB,2014,34.05278,-120.3374,Southern California,6.138188661445055,0.948333335,10.4610564,-3.1967953769753157,6
SMI_HARRIS_PT_RESERVE_E UCSB,2016,34.05278,-120.3374,Southern California,7.145635977204567,0.948333335,10.4610564,0.0,6
SMI_HARRIS_PT_RESERVE_E UCSB,2018,34.05278,-120.3374,Southern California,7.268718798345443,0.948333335,10.4610564,0.0,6
SMI_HARRIS_PT_RESERVE_E UCSB,2019,34.05278,-120.3374,Southern California,7.424327057602781,0.948333335,10.4610564,0.0,6
SMI_HARRIS_PT_RESERVE_E UCSB,2020,34.05278,-120.3374,Southern California,6.803630272620028,0.948333335,10.4610564,0.0,6
SMI_HARRIS_PT_RESERVE_W UCSB,2004,34.06368,-120.356,Southern California,4.7880123050362515,0.855938699,9.370093014,-3.7132745361986523,13
SMI_HARRIS_PT_RESERVE_W UCSB,2005,34.06368,-120.356,Southern California,2.3269801750787615,0.855938699,9.370093014,-3.3140206880897667,6
SMI_HARRIS_PT_RESERVE_W UCSB,2006,34.06368,-120.356,Southern California,3.9882977046582884,0.855938699,9.370093014,-4.232423355522014,6
SMI_HARRIS_PT_RESERVE_W UCSB,2007,34.06368,-120.356,Southern California,4.489582324482354,0.855938699,9.370093014,-3.448852471564318,6
SMI_HARRIS_PT_RESERVE_W UCSB,2008,34.06368,-120.356,Southern California,2.11705325229863,0.855938699,9.370093014,-3.6622449896742664,6
SMI_HARRIS_PT_RESERVE_W UCSB,2009,34.06368,-120.356,Southern California,6.395260204583389,0.855938699,9.370093014,-3.1345481418531307,6
SMI_HARRIS_PT_RESERVE_W UCSB,2010,34.06368,-120.356,Southern California,6.617402084325018,0.855938699,9.370093014,0.0,6
SMI_HARRIS_PT_RESERVE_W UCSB,2011,34.06368,-120.356,Southern California,6.108966022021311,0.855938699,9.370093014,0.0,6
SMI_HARRIS_PT_RESERVE_W UCSB,2012,34.06368,-120.356,Southern California,5.980606881934498,0.855938699,9.370093014,-1.0397207708399179,6
SMI_HARRIS_PT_RESERVE_W UCSB,2014,34.06368,-120.356,Southern California,6.791391866711502,0.855938699,9.370093014,0.0,6
SMI_HARRIS_PT_RESERVE_W UCSB,2016,34.06368,-120.356,Southern California,6.82988722767578,0.855938699,9.370093014,0.0,6
SMI_HARRIS_PT_RESERVE_W UCSB,2018,34.06368,-120.356,Southern California,6.923141108315514,0.855938699,9.370093014,0.0,6
SMI_HARRIS_PT_RESERVE_W UCSB,2019,34.06368,-120.356,Southern California,6.832329299019857,0.855938699,9.370093014,0.0,6
SMI_HARRIS_PT_RESERVE_W UCSB,2020,34.06368,-120.356,Southern California,6.616945220382352,0.855938699,9.370093014,0.0,6
SMI_TYLER_BIGHT_E UCSB,2004,34.02547,-120.4067,Southern California,5.599750781512906,0.659017192,11.3081172,-2.8518912373281005,6
SMI_TYLER_BIGHT_E UCSB,2005,34.02547,-120.4067,Southern California,2.7917481543908496,0.659017192,11.3081172,-2.668769039850659,6
SMI_TYLER_BIGHT_E UCSB,2006,34.02547,-120.4067,Southern California,5.039308319374289,0.659017192,11.3081172,-3.0677824455408693,6
SMI_TYLER_BIGHT_E UCSB,2007,34.02547,-120.4067,Southern California,4.353741458929685,0.659017192,11.3081172,-3.6372397793869355,6
SMI_TYLER_BIGHT_E UCSB,2008,34.02547,-120.4067,Southern California,4.31526093836162,0.659017192,11.3081172,-2.967447097809794,6
SMI_TYLER_BIGHT_E UCSB,2009,34.02547,-120.4067,Southern California,5.568337219750229,0.659017192,11.3081172,-2.833213344056216,6
SMI_TYLER_BIGHT_E UCSB,2010,34.02547,-120.4067,Southern California,4.670596590197473,0.659017192,11.3081172,-2.799210979499187,6
SMI_TYLER_BIGHT_E UCSB,2011,34.02547,-120.4067,Southern California,4.8174771494615545,0.659017192,11.3081172,-2.6287476860138907,6
SMI_TYLER_BIGHT_E UCSB,2012,34.02547,-120.4067,Southern California,3.1383217446708223,0.659017192,11.3081172,-2.7403194616709956,6
SMI_TYLER_BIGHT_W UCSB,2003,34.02729,-120.4117,Southern California,5.64652578126182,0.75714286,10.23117975,-2.770631772579213,6
SMI_TYLER_BIGHT_W UCSB,2004,34.02729,-120.4117,Southern California,2.7058230259275198,0.75714286,10.23117975,-2.5249280036247685,6
SMI_TYLER_BIGHT_W UCSB,2005,34.02729,-120.4117,Southern California,1.666102255087602,0.75714286,10.23117975,-3.1073040492110957,6
SMI_TYLER_BIGHT_W UCSB,2006,34.02729,-120.4117,Southern California,3.492358160059133,0.75714286,10.23117975,-3.1201379225853847,6
SMI_TYLER_BIGHT_W UCSB,2007,34.02729,-120.4117,Southern California,2.2386684072391034,0.75714286,10.23117975,-3.349750170080839,6
SMI_TYLER_BIGHT_W UCSB,2008,34.02729,-120.4117,Southern California,4.310866685345081,0.75714286,10.23117975,-3.6838542861871852,6
SMI_TYLER_BIGHT_W UCSB,2009,34.02729,-120.4117,Southern California,2.9444389791664403,0.75714286,10.23117975,-3.1112881340356844,6
SMI_TYLER_BIGHT_W UCSB,2010,34.02729,-120.4117,Southern California,2.7403194616709956,0.75714286,10.23117975,-2.6020033435383976,6
SMI_TYLER_BIGHT_W UCSB,2011,34.02729,-120.4117,Southern California,3.295836866004329,0.75714286,10.23117975,-2.6390573296152584,6
SMI_TYLER_BIGHT_W UCSB,2012,34.02729,-120.4117,Southern California,2.463626842578602,0.75714286,10.23117975,-2.808385548833286,6
SNI_BOILERS VRG,2012,33.276,-119.6069,Southern California,3.743866880718222,0.790390545,14.88632218,-0.6931471805599453,8
SOUTH_LA_JOLLA VRG,2011,32.81593,-117.2837,Southern California,0.0,0.789181115,14.09555536,-1.791759469228055,7
SOUTH_LA_JOLLA VRG,2012,32.81593,-117.2837,Southern California,0.6931471805599453,0.789181115,14.09555536,-0.34657359027997264,8
SOUTH_LA_JOLLA VRG,2019,32.81593,-117.2837,Southern California,1.3862943611198906,0.789181115,14.09555536,-1.0986122886681098,7
SOUTH_LA_JOLLA VRG,2020,32.81593,-117.2837,Southern California,0.0,0.789181115,14.09555536,-0.6931471805599453,8
SOUTH_WRECK_DC UCSC,2005,36.223864,-121.787408,Central California,0.0,0.430203955,10.95906226,-2.0715673631957663,6
SOUTH_WRECK_DC UCSC,2006,36.223864,-121.787408,Central California,0.34657359027997264,0.430203955,10.95906226,-1.3862943611198906,6
SOUTH_WRECK_DC UCSC,2007,36.22386,-121.7874,Central California,0.0,0.430203955,10.95906226,-3.699393137709974,6
SOUTH_WRECK_DC UCSC,2008,36.22386,-121.7874,Central California,0.0,0.430203955,10.95906226,-2.4814223151299535,6
SOUTH_WRECK_DC UCSC,2010,36.22386,-121.7874,Central California,0.0,0.430203955,10.95906226,-2.2742999172498486,6
SOUTH_WRECK_DC UCSC,2011,36.22386,-121.7874,Central California,0.0,0.430203955,10.95906226,-2.8903717578961645,6
SOUTH_WRECK_DC UCSC,2018,36.22386,-121.7874,Central California,4.786935878355701,0.430203955,10.95906226,-2.1097538525880535,4
SOUTH_WRECK_DC UCSC,2019,36.22386,-121.7874,Central California,5.550972588086976,0.430203955,10.95906226,0.5493061443340548,4
SOUTH_WRECK_DC UCSC,2020,36.22386,-121.7874,Central California,5.913692889227307,0.430203955,10.95906226,0.0,6
SOUTH_WRECK_DC UCSC,2021,36.22386,-121.7874,Central California,4.755222482213261,0.430203955,10.95906226,0.9068691879734151,6
SOUTH_WRECK_UC UCSC,2005,36.225295,-121.790545,Central California,0.0,0.415278998,12.08097186,-1.9459101490553132,6
SOUTH_WRECK_UC UCSC,2006,36.225295,-121.790545,Central California,0.34657359027997264,0.415278998,12.08097186,0.0,6
SOUTH_WRECK_UC UCSC,2007,36.2253,-121.7905,Central California,0.0,0.415278998,12.08097186,-2.161593067325474,6
SOUTH_WRECK_UC UCSC,2008,36.2253,-121.7905,Central California,0.0,0.415278998,12.08097186,-2.302585092994046,6
SOUTH_WRECK_UC UCSC,2010,36.2253,-121.7905,Central California,0.0,0.415278998,12.08097186,-1.440361582390166,5
SOUTH_WRECK_UC UCSC,2011,36.2253,-121.7905,Central California,0.0,0.415278998,12.08097186,-1.545521226679158,6
SOUTH_WRECK_UC UCSC,2019,36.2253,-121.7905,Central California,4.262580680532707,0.415278998,12.08097186,-1.0397207708399179,6
SOUTH_WRECK_UC UCSC,2020,36.2253,-121.7905,Central California,5.116683336843849,0.415278998,12.08097186,-1.151292546497023,6
SOUTH_WRECK_UC UCSC,2021,36.2253,-121.7905,Central California,6.274164063453557,0.415278998,12.08097186,-0.6931471805599453,6
SPANISH_BAY_DC UCSC,2007,36.61666,-121.9546,Central California,0.0,0.382775342,9.880537407,-0.17833747196936633,6
SPANISH_BAY_DC UCSC,2008,36.61666,-121.9546,Central California,0.0,0.382775342,9.880537407,-0.34657359027997264,6
SPANISH_BAY_DC UCSC,2011,36.61666,-121.9546,Central California,0.0,0.382775342,9.880537407,0.0,5
SPANISH_BAY_UC UCSC,2007,36.61881,-121.9538,Central California,0.0,0.565640094,9.449116082,-0.4951993520139384,6
SPANISH_BAY_UC UCSC,2008,36.61881,-121.9538,Central California,0.0,0.565640094,9.449116082,0.20273255405408214,6
SPANISH_BAY_UC UCSC,2011,36.61881,-121.9538,Central California,0.0,0.565640094,9.449116082,0.7085330098933222,6
SRI_CLUSTER_POINT_N UCSB,2005,,,Southern California,,0.929836748,13.46042634,,1
SRI_CLUSTER_POINT_N UCSB,2006,,,Southern California,,0.929836748,13.46042634,,1
SRI_CLUSTER_POINT_N UCSB,2007,33.93167,-120.1974,Southern California,2.4337672252277915,0.929836748,13.46042634,-1.9944920232821373,6
SRI_CLUSTER_POINT_N UCSB,2008,33.93167,-120.1974,Southern California,3.295150524098343,0.929836748,13.46042634,-4.016017657199413,6
SRI_CLUSTER_POINT_N UCSB,2009,33.93167,-120.1974,Southern California,3.691994728989254,0.929836748,13.46042634,-2.543798167616192,6
SRI_CLUSTER_POINT_N UCSB,2010,33.93167,-120.1974,Southern California,3.0742341479588235,0.929836748,13.46042634,-2.3978952727983707,6
SRI_CLUSTER_POINT_N UCSB,2011,33.93167,-120.1974,Southern California,4.328564515856877,0.929836748,13.46042634,-2.2499048351651325,6
SRI_CLUSTER_POINT_N UCSB,2012,33.93167,-120.1974,Southern California,3.262514828921731,0.929836748,13.46042634,-2.827995905409926,6
SRI_CLUSTER_POINT_N UCSB,2013,,,Southern California,,0.929836748,13.46042634,,1
SRI_CLUSTER_POINT_N UCSB,2014,33.93167,-120.1974,Southern California,3.7393674127839374,0.929836748,13.46042634,-2.2924837393352857,6
SRI_CLUSTER_POINT_N UCSB,2015,33.93167,-120.1974,Southern California,4.233686248216141,0.929836748,13.46042634,-2.5249280036247685,6
SRI_CLUSTER_POINT_N UCSB,2016,33.93167,-120.1974,Southern California,4.880961994107171,0.929836748,13.46042634,-2.6735537653587342,6
SRI_CLUSTER_POINT_N UCSB,2017,33.93167,-120.1974,Southern California,5.947543913754279,0.929836748,13.46042634,-1.7776740307447068,6
SRI_CLUSTER_POINT_N UCSB,2018,33.93167,-120.1974,Southern California,6.187118057299418,0.929836748,13.46042634,-2.0126758453675744,6
SRI_CLUSTER_POINT_N UCSB,2019,33.93167,-120.1974,Southern California,5.280439006691977,0.929836748,13.46042634,-3.890360443058959,6
SRI_CLUSTER_POINT_N UCSB,2020,33.93167,-120.1974,Southern California,5.561450270674971,0.929836748,13.46042634,0.0,6
SRI_CLUSTER_POINT_S UCSB,2003,33.92383,-120.192,Southern California,2.858513850703111,0.885863001,13.54382134,-3.50244099485643,6
SRI_CLUSTER_POINT_S UCSB,2004,,,Southern California,,0.885863001,13.54382134,,1
SRI_CLUSTER_POINT_S UCSB,2005,,,Southern California,,0.885863001,13.54382134,,1
SRI_CLUSTER_POINT_S UCSB,2006,,,Southern California,,0.885863001,13.54382134,,1
SRI_CLUSTER_POINT_S UCSB,2007,33.92383,-120.192,Southern California,3.436581917106259,0.885863001,13.54382134,-1.9356005054539454,4
SRI_CLUSTER_POINT_S UCSB,2008,33.92383,-120.192,Southern California,1.8444397270569683,0.885863001,13.54382134,-3.7087902012072718,6
SRI_CLUSTER_POINT_S UCSB,2009,33.92383,-120.192,Southern California,4.1577832417821385,0.885863001,13.54382134,-3.039966597547795,6
SRI_CLUSTER_POINT_S UCSB,2010,33.92383,-120.192,Southern California,3.4339872044851463,0.885863001,13.54382134,-2.0794415416798357,5
SRI_CLUSTER_POINT_S UCSB,2011,33.92383,-120.192,Southern California,3.471561211409714,0.885863001,13.54382134,-1.9356005054539454,6
SRI_CLUSTER_POINT_S UCSB,2012,33.92383,-120.192,Southern California,1.0397207708399179,0.885863001,13.54382134,-1.9560115027140732,6
SRI_CLUSTER_POINT_S UCSB,2013,,,Southern California,,0.885863001,13.54382134,,1
SRI_CLUSTER_POINT_S UCSB,2014,33.92383,-120.192,Southern California,4.796131935750656,0.885863001,13.54382134,-1.354025100551105,6
SRI_CLUSTER_POINT_S UCSB,2015,33.92383,-120.192,Southern California,6.803497250655839,0.885863001,13.54382134,-1.4978661367769954,6
SRI_CLUSTER_POINT_S UCSB,2016,33.92383,-120.192,Southern California,6.294076559302791,0.885863001,13.54382134,-1.354025100551105,6
SRI_CLUSTER_POINT_S UCSB,2017,33.92383,-120.192,Southern California,7.35677588791858,0.885863001,13.54382134,0.0,6
SRI_CLUSTER_POINT_S UCSB,2018,33.92383,-120.192,Southern California,6.33842860987949,0.885863001,13.54382134,-1.4978661367769956,6
SRI_CLUSTER_POINT_S UCSB,2019,33.92383,-120.192,Southern California,6.215603107721623,0.885863001,13.54382134,-2.6491586832740186,6
SRI_CLUSTER_POINT_S UCSB,2020,33.92383,-120.192,Southern California,6.608036137920839,0.885863001,13.54382134,-2.585241997519076,6
SRI_JOHNSONS_LEE_NORTH_E UCSB,2005,33.90295,-120.0992,Southern California,1.416606672028108,0.830647241,9.063941714,-3.480173864550654,6
SRI_JOHNSONS_LEE_NORTH_E UCSB,2006,,,Southern California,,0.830647241,9.063941714,,1
SRI_JOHNSONS_LEE_NORTH_E UCSB,2007,33.90295,-120.0992,Southern California,0.0,0.830647241,9.063941714,-3.4339872044851463,6
SRI_JOHNSONS_LEE_NORTH_E UCSB,2008,33.90295,-120.0992,Southern California,1.7482537807332401,0.830647241,9.063941714,-3.6622449896742664,6
SRI_JOHNSONS_LEE_NORTH_E UCSB,2009,33.90295,-120.0992,Southern California,0.0,0.830647241,9.063941714,-3.496048213707944,6
SRI_JOHNSONS_LEE_NORTH_E UCSB,2013,,,Southern California,,0.830647241,9.063941714,,1
SRI_JOHNSONS_LEE_NORTH_W UCSB,2005,33.9009,-120.0991,Southern California,0.0,0.65465887,13.29369877,-2.9907071056272403,6
SRI_JOHNSONS_LEE_NORTH_W UCSB,2006,,,Southern California,,0.65465887,13.29369877,,1
SRI_JOHNSONS_LEE_NORTH_W UCSB,2007,33.9009,-120.0991,Southern California,1.0397207708399179,0.65465887,13.29369877,-3.6941639297885533,6
SRI_JOHNSONS_LEE_NORTH_W UCSB,2008,33.9009,-120.0991,Southern California,3.5224525585646855,0.65465887,13.29369877,-3.6665115071932406,6
SRI_JOHNSONS_LEE_NORTH_W UCSB,2009,33.9009,-120.0991,Southern California,4.005677554580643,0.65465887,13.29369877,-3.448852471564318,6
SRI_JOHNSONS_LEE_NORTH_W UCSB,2013,,,Southern California,,0.65465887,13.29369877,,1
SRI_JOHNSONS_LEE_SOUTH_E UCSB,2005,,,Southern California,,0.732919898,14.92622942,,1
SRI_JOHNSONS_LEE_SOUTH_E UCSB,2006,,,Southern California,,0.732919898,14.92622942,,1
SRI_JOHNSONS_LEE_SOUTH_E UCSB,2007,33.89743,-120.1004,Southern California,3.7742779895849363,0.732919898,14.92622942,-3.414356035820842,6
SRI_JOHNSONS_LEE_SOUTH_E UCSB,2008,33.89743,-120.1004,Southern California,3.546702312934383,0.732919898,14.92622942,-2.962127898707266,6
SRI_JOHNSONS_LEE_SOUTH_E UCSB,2009,33.89743,-120.1004,Southern California,4.992856246395899,0.732919898,14.92622942,-2.8417898836693407,6
SRI_JOHNSONS_LEE_SOUTH_E UCSB,2010,33.89743,-120.1004,Southern California,0.0,0.732919898,14.92622942,-3.4811217321331034,6
SRI_JOHNSONS_LEE_SOUTH_E UCSB,2011,33.89743,-120.1004,Southern California,4.057461487102296,0.732919898,14.92622942,-2.5619819897016294,6
SRI_JOHNSONS_LEE_SOUTH_E UCSB,2012,33.89743,-120.1004,Southern California,4.07739378638426,0.732919898,14.92622942,-2.3502401828962083,6
SRI_JOHNSONS_LEE_SOUTH_E UCSB,2013,,,Southern California,,0.732919898,14.92622942,,1
SRI_JOHNSONS_LEE_SOUTH_E UCSB,2014,33.89743,-120.1004,Southern California,5.874867603524127,0.732919898,14.92622942,-2.302585092994046,6
SRI_JOHNSONS_LEE_SOUTH_E UCSB,2015,33.89743,-120.1004,Southern California,6.923221101916196,0.732919898,14.92622942,-2.359249435647547,6
SRI_JOHNSONS_LEE_SOUTH_E UCSB,2016,33.89743,-120.1004,Southern California,7.239502710955172,0.732919898,14.92622942,-0.6931471805599453,6
SRI_JOHNSONS_LEE_SOUTH_E UCSB,2017,33.89743,-120.1004,Southern California,7.225460019641909,0.732919898,14.92622942,0.0,6
SRI_JOHNSONS_LEE_SOUTH_E UCSB,2018,33.89743,-120.1004,Southern California,5.9608924030732044,0.732919898,14.92622942,0.0,6
SRI_JOHNSONS_LEE_SOUTH_E UCSB,2019,33.89743,-120.1004,Southern California,6.389310790724458,0.732919898,14.92622942,-0.8958797346140275,6
SRI_JOHNSONS_LEE_SOUTH_E UCSB,2020,33.89743,-120.1004,Southern California,7.371743571751615,0.732919898,14.92622942,-1.0397207708399179,6
SRI_JOHNSONS_LEE_SOUTH_W UCSB,2004,,,Southern California,,0.911111114,14.50428041,,1
SRI_JOHNSONS_LEE_SOUTH_W UCSB,2005,,,Southern California,,0.911111114,14.50428041,,1
SRI_JOHNSONS_LEE_SOUTH_W UCSB,2006,,,Southern California,,0.911111114,14.50428041,,1
SRI_JOHNSONS_LEE_SOUTH_W UCSB,2007,33.89513,-120.1043,Southern California,1.4978661367769954,0.911111114,14.50428041,-3.607619989365049,6
SRI_JOHNSONS_LEE_SOUTH_W UCSB,2008,33.89513,-120.1043,Southern California,0.5493061443340549,0.911111114,14.50428041,-3.21162348176676,6
SRI_JOHNSONS_LEE_SOUTH_W UCSB,2009,33.89513,-120.1043,Southern California,3.6919947289892545,0.911111114,14.50428041,-3.349750170080839,6
SRI_JOHNSONS_LEE_SOUTH_W UCSB,2010,33.89513,-120.1043,Southern California,1.4451858789480825,0.911111114,14.50428041,-2.7403194616709956,6
SRI_JOHNSONS_LEE_SOUTH_W UCSB,2011,33.89513,-120.1043,Southern California,4.386692298388324,0.911111114,14.50428041,-2.9700856263602153,6
SRI_JOHNSONS_LEE_SOUTH_W UCSB,2012,33.89513,-120.1043,Southern California,2.8617925509761903,0.911111114,14.50428041,-3.2384861814448413,6
SRI_JOHNSONS_LEE_SOUTH_W UCSB,2013,,,Southern California,,0.911111114,14.50428041,,1
SRI_JOHNSONS_LEE_SOUTH_W UCSB,2014,33.89513,-120.1043,Southern California,7.133104518076002,0.911111114,14.50428041,-2.5619819897016294,6
SRI_JOHNSONS_LEE_SOUTH_W UCSB,2015,33.89513,-120.1043,Southern California,7.248114915505575,0.911111114,14.50428041,-0.8958797346140275,6
SRI_JOHNSONS_LEE_SOUTH_W UCSB,2016,33.89513,-120.1043,Southern California,7.071697296378039,0.911111114,14.50428041,-1.3195286648076292,6
SRI_JOHNSONS_LEE_SOUTH_W UCSB,2017,33.89513,-120.1043,Southern California,6.470315223667834,0.911111114,14.50428041,0.0,6
SRI_JOHNSONS_LEE_SOUTH_W UCSB,2018,33.89513,-120.1043,Southern California,6.000780346494274,0.911111114,14.50428041,0.0,6
SRI_JOHNSONS_LEE_SOUTH_W UCSB,2019,33.89513,-120.1043,Southern California,6.064541802001019,0.911111114,14.50428041,-0.6931471805599453,6
SRI_JOHNSONS_LEE_SOUTH_W UCSB,2020,33.89513,-120.1043,Southern California,5.979846226217749,0.911111114,14.50428041,-2.3221954495706862,6
SRI_SOUTH_POINT_E UCSB,2003,33.89157,-120.1192,Southern California,3.332204510175204,0.933615931,11.73543295,-2.8903717578961645,7
SRI_SOUTH_POINT_E UCSB,2005,,,Southern California,,0.933615931,11.73543295,,1
SRI_SOUTH_POINT_E UCSB,2006,,,Southern California,,0.933615931,11.73543295,,1
SRI_SOUTH_POINT_E UCSB,2007,33.89157,-120.1192,Southern California,2.5619819897016294,0.933615931,11.73543295,-3.218075184184714,6
SRI_SOUTH_POINT_E UCSB,2008,33.89157,-120.1192,Southern California,2.0794415416798357,0.933615931,11.73543295,-3.4652473829758135,6
SRI_SOUTH_POINT_E UCSB,2009,33.89157,-120.1192,Southern California,4.661834528641593,0.933615931,11.73543295,-3.020127355638707,6
SRI_SOUTH_POINT_E UCSB,2010,33.89157,-120.1192,Southern California,3.5945838692101613,0.933615931,11.73543295,-2.7058230259275198,6
SRI_SOUTH_POINT_E UCSB,2011,33.89157,-120.1192,Southern California,4.902523739861438,0.933615931,11.73543295,-2.1910133173369406,6
SRI_SOUTH_POINT_E UCSB,2012,33.89157,-120.1192,Southern California,3.647188649644411,0.933615931,11.73543295,-2.7403194616709956,6
SRI_SOUTH_POINT_E UCSB,2013,,,Southern California,,0.933615931,11.73543295,,1
SRI_SOUTH_POINT_E UCSB,2014,33.89157,-120.1192,Southern California,4.694661513752312,0.933615931,11.73543295,-2.9174053685313024,6
SRI_SOUTH_POINT_E UCSB,2015,33.89157,-120.1192,Southern California,4.814459559614865,0.933615931,11.73543295,-3.2769667020129054,6
SRI_SOUTH_POINT_E UCSB,2016,33.89157,-120.1192,Southern California,5.509257191236166,0.933615931,11.73543295,-2.770631772579213,6
SRI_SOUTH_POINT_E UCSB,2017,33.89157,-120.1192,Southern California,4.765486772283825,0.933615931,11.73543295,-3.2705149995949516,6
SRI_SOUTH_POINT_E UCSB,2018,33.89157,-120.1192,Southern California,4.7607840290014884,0.933615931,11.73543295,-2.780340815507764,6
SRI_SOUTH_POINT_E UCSB,2019,33.89157,-120.1192,Southern California,4.884520727991603,0.933615931,11.73543295,-3.3485171238332425,6
SRI_SOUTH_POINT_E UCSB,2020,33.89157,-120.1192,Southern California,5.117975883879901,0.933615931,11.73543295,-2.4849066497880004,6
SRI_SOUTH_POINT_W UCSB,2003,33.89417,-120.1249,Southern California,3.6838542861871852,0.959418712,9.895922165,-2.171902710926842,6
SRI_SOUTH_POINT_W UCSB,2005,,,Southern California,,0.959418712,9.895922165,,1
SRI_SOUTH_POINT_W UCSB,2006,,,Southern California,,0.959418712,9.895922165,,1
SRI_SOUTH_POINT_W UCSB,2007,33.89417,-120.1249,Southern California,3.675579113215347,0.959418712,9.895922165,-3.7800402325109137,6
SRI_SOUTH_POINT_W UCSB,2008,33.89417,-120.1249,Southern California,2.2608942885245202,0.959418712,9.895922165,-3.4965075614664802,6
SRI_SOUTH_POINT_W UCSB,2009,33.89417,-120.1249,Southern California,2.772588722239781,0.959418712,9.895922165,-3.449861553642436,6
SRI_SOUTH_POINT_W UCSB,2010,33.89417,-120.1249,Southern California,4.714938713848141,0.959418712,9.895922165,-2.833213344056216,6
SRI_SOUTH_POINT_W UCSB,2011,33.89417,-120.1249,Southern California,6.178877283096009,0.959418712,9.895922165,-2.1383330595080277,6
SRI_SOUTH_POINT_W UCSB,2012,33.89417,-120.1249,Southern California,4.3281296197696175,0.959418712,9.895922165,-2.827995905409926,6
SRI_SOUTH_POINT_W UCSB,2013,,,Southern California,,0.959418712,9.895922165,,1
SRI_SOUTH_POINT_W UCSB,2014,33.89417,-120.1249,Southern California,7.159912515057304,0.959418712,9.895922165,-3.5549397315361357,6
SRI_SOUTH_POINT_W UCSB,2015,33.89417,-120.1249,Southern California,6.993448774852725,0.959418712,9.895922165,-2.2154083994216567,6
SRI_SOUTH_POINT_W UCSB,2016,33.89417,-120.1249,Southern California,6.588334863987825,0.959418712,9.895922165,-2.4849066497880004,6
SRI_SOUTH_POINT_W UCSB,2017,33.89417,-120.1249,Southern California,7.164344306296902,0.959418712,9.895922165,-1.0986122886681098,6
SRI_SOUTH_POINT_W UCSB,2018,33.89417,-120.1249,Southern California,6.798460809319873,0.959418712,9.895922165,-0.34657359027997264,6
SRI_SOUTH_POINT_W UCSB,2019,33.89417,-120.1249,Southern California,5.938846785373144,0.959418712,9.895922165,-1.868834809141684,6
SRI_SOUTH_POINT_W UCSB,2020,33.89417,-120.1249,Southern California,6.531472264175825,0.959418712,9.895922165,-1.3195286648076292,6
STILLWATER_DC UCSC,1999,36.559729,-121.944014,Central California,0.0,0.741728711,11.67843376,-3.414356035820842,6
STILLWATER_DC UCSC,2000,36.559729,-121.944014,Central California,0.0,0.741728711,11.67843376,-3.012932986912657,6
STILLWATER_DC UCSC,2001,36.559729,-121.944014,Central California,0.0,0.741728711,11.67843376,-1.9459101490553132,5
STILLWATER_DC UCSC,2002,36.559729,-121.944014,Central California,0.0,0.741728711,11.67843376,-2.0794415416798357,6
STILLWATER_DC UCSC,2003,36.559729,-121.944014,Central California,0.0,0.741728711,11.67843376,-1.791759469228055,6
STILLWATER_DC UCSC,2004,36.559729,-121.944014,Central California,0.0,0.741728711,11.67843376,-2.2975599250672953,6
STILLWATER_DC UCSC,2005,36.559729,-121.944014,Central California,0.0,0.741728711,11.67843376,-2.3502401828962083,6
STILLWATER_DC UCSC,2006,36.559729,-121.944014,Central California,0.0,0.741728711,11.67843376,-2.0794415416798357,7
STILLWATER_DC UCSC,2007,36.55973,-121.944,Central California,0.0,0.741728711,11.67843376,-2.2386684072391034,6
STILLWATER_DC UCSC,2008,36.55973,-121.944,Central California,0.34657359027997264,0.741728711,11.67843376,-3.090008326826286,6
STILLWATER_DC UCSC,2009,36.55973,-121.944,Central California,0.0,0.741728711,11.67843376,-2.9174053685313024,6
STILLWATER_DC UCSC,2010,36.55973,-121.944,Central California,0.0,0.741728711,11.67843376,-1.7005986908310775,6
STILLWATER_DC UCSC,2011,36.55973,-121.944,Central California,0.0,0.741728711,11.67843376,-2.302585092994046,6
STILLWATER_DC UCSC,2013,36.55973,-121.944,Central California,0.0,0.741728711,11.67843376,-2.5249280036247685,6
STILLWATER_DC UCSC,2014,36.55973,-121.944,Central California,3.3865401878277677,0.741728711,11.67843376,-2.04717228111105,6
STILLWATER_DC UCSC,2015,36.55973,-121.944,Central California,5.331959739950834,0.741728711,11.67843376,-0.8958797346140275,6
STILLWATER_DC UCSC,2016,36.55973,-121.944,Central California,4.065765355302126,0.741728711,11.67843376,-3.341054298724904,6
STILLWATER_DC UCSC,2017,36.55973,-121.944,Central California,5.282572033002351,0.741728711,11.67843376,-0.6931471805599453,6
STILLWATER_DC UCSC,2018,36.55973,-121.944,Central California,5.435520789173912,0.741728711,11.67843376,-1.4451858789480823,6
STILLWATER_DC UCSC,2019,36.55973,-121.944,Central California,5.906611315734794,0.741728711,11.67843376,0.0,6
STILLWATER_DC UCSC,2020,36.55973,-121.944,Central California,7.060755534306498,0.741728711,11.67843376,0.0,6
STILLWATER_DC UCSC,2021,36.55973,-121.944,Central California,5.7540569539865025,0.741728711,11.67843376,0.0,6
STILLWATER_UC UCSC,1999,36.560116,-121.94732,Central California,0.0,0.915931147,11.88437105,-3.4652473829758135,6
STILLWATER_UC UCSC,2000,36.560116,-121.94732,Central California,0.0,0.915931147,11.88437105,-2.5184763012068148,6
STILLWATER_UC UCSC,2001,36.560116,-121.94732,Central California,0.0,0.915931147,11.88437105,-2.302585092994046,5
STILLWATER_UC UCSC,2002,36.560116,-121.94732,Central California,0.0,0.915931147,11.88437105,-1.3862943611198906,6
STILLWATER_UC UCSC,2003,36.560116,-121.94732,Central California,0.0,0.915931147,11.88437105,-0.8958797346140275,6
STILLWATER_UC UCSC,2004,36.560116,-121.94732,Central California,0.6931471805599453,0.915931147,11.88437105,-0.6931471805599453,5
STILLWATER_UC UCSC,2005,36.560116,-121.94732,Central California,0.0,0.915931147,11.88437105,-1.700598690831078,4
STILLWATER_UC UCSC,2006,36.560116,-121.94732,Central California,0.0,0.915931147,11.88437105,-1.0986122886681098,5
STILLWATER_UC UCSC,2007,36.56012,-121.9473,Central California,0.0,0.915931147,11.88437105,-1.4978661367769954,4
STILLWATER_UC UCSC,2008,36.56012,-121.9473,Central California,0.0,0.915931147,11.88437105,-2.1972245773362196,6
STILLWATER_UC UCSC,2009,36.56012,-121.9473,Central California,0.34657359027997264,0.915931147,11.88437105,-2.1972245773362196,6
STILLWATER_UC UCSC,2010,36.56012,-121.9473,Central California,0.0,0.915931147,11.88437105,-1.9459101490553132,6
STILLWATER_UC UCSC,2011,36.56012,-121.9473,Central California,0.34657359027997264,0.915931147,11.88437105,-1.700598690831078,6
STILLWATER_UC UCSC,2013,36.56012,-121.9473,Central California,0.0,0.915931147,11.88437105,-2.6020033435383976,6
STILLWATER_UC UCSC,2014,36.56012,-121.9473,Central California,2.6735537653587347,0.915931147,11.88437105,-1.9459101490553132,6
STILLWATER_UC UCSC,2015,36.56012,-121.9473,Central California,4.985900096359108,0.915931147,11.88437105,0.0,6
STILLWATER_UC UCSC,2016,36.56012,-121.9473,Central California,5.1516349387543965,0.915931147,11.88437105,0.0,6
STILLWATER_UC UCSC,2017,36.56012,-121.9473,Central California,4.5830897380952065,0.915931147,11.88437105,0.0,6
STILLWATER_UC UCSC,2018,36.56012,-121.9473,Central California,4.809533411393359,0.915931147,11.88437105,0.0,6
STILLWATER_UC UCSC,2019,36.56012,-121.9473,Central California,6.3138630069174315,0.915931147,11.88437105,0.0,6
STILLWATER_UC UCSC,2020,36.56012,-121.9473,Central California,7.59801715052436,0.915931147,11.88437105,0.0,6
STILLWATER_UC UCSC,2021,36.56012,-121.9473,Central California,6.463887849190524,0.915931147,11.88437105,0.0,6
STOCKTON UCSC,2007,36.94623,-122.05,Central California,1.0397207708399179,0.510479918,5.613565207,-2.9144728088051037,6
STOCKTON UCSC,2008,36.94623,-122.05,Central California,0.0,0.510479918,5.613565207,-2.8903717578961645,6
SURF UCSC,2008,34.63022,-120.6425,Central California,0.0,0.590796151,15.27888214,0.0,2
Salt Point,2017,38.5649,-123.329,Northern California,6.115234872099377,0.766622022,8.023958774,0.0,6
Salt Point,2018,38.5649,-123.329,Northern California,6.2580417817325085,0.766622022,8.023958774,0.0,6
Salt Point,2019,38.5649,-123.329,Northern California,6.172859319580464,0.766622022,8.023958774,0.0,6
Salt Point,2020,38.5649,-123.329,Northern California,6.329170114688809,0.766622022,8.023958774,0.0,6
Salt Point,2021,,,Northern California,6.32910160662469,0.766622022,8.023958774,0.0,6
Stillwater Sonoma,2007,38.540298,-123.288803,Northern California,0.5493061443340549,0.818400184,6.940662036,2.4414009612931853,6
Stillwater Sonoma,2008,38.540298,-123.288803,Northern California,3.8709839499103422,0.818400184,6.940662036,4.136157573978011,6
Stillwater Sonoma,2009,38.540298,-123.288803,Northern California,1.2424533248940002,0.818400184,6.940662036,3.4598419249237056,6
Stillwater Sonoma,2010,38.540298,-123.288803,Northern California,2.5053176470481278,0.818400184,6.940662036,4.380775069564822,6
Stillwater Sonoma,2011,38.540298,-123.288803,Northern California,0.0,0.818400184,6.940662036,1.0986122886681098,6
Stillwater Sonoma,2012,38.540298,-123.288803,Northern California,0.0,0.818400184,6.940662036,4.436734027666815,6
Stillwater Sonoma,2013,38.540298,-123.288803,Northern California,0.0,0.818400184,6.940662036,1.0397207708399179,6
Stillwater Sonoma,2014,38.540298,-123.288803,Northern California,2.2975599250672953,0.818400184,6.940662036,0.0,6
Stillwater Sonoma,2015,38.540298,-123.288803,Northern California,5.316021489481589,0.818400184,6.940662036,0.0,6
Stillwater Sonoma,2016,38.540298,-123.288803,Northern California,6.235351784975601,0.818400184,6.940662036,0.0,6
Stillwater Sonoma,2017,38.540298,-123.288803,Northern California,6.606746471224477,0.818400184,6.940662036,0.0,6
Stillwater Sonoma,2018,38.540298,-123.288803,Northern California,6.755198721891407,0.818400184,6.940662036,0.0,6
Stillwater Sonoma,2019,38.540298,-123.288803,Northern California,6.589310887620121,0.818400184,6.940662036,0.0,6
Stillwater Sonoma,2020,38.540298,-123.288803,Northern California,7.1252537439388135,0.818400184,6.940662036,0.0,6
Stillwater Sonoma,2021,,,Northern California,6.51471269087253,0.818400184,6.940662036,0.0,6
Stornetta,2007,38.93724,-123.732,Northern California,2.7686671335092683,0.915942858,4.78455179,4.060740187375376,6
Stornetta,2010,38.93724,-123.732,Northern California,0.0,0.915942858,4.78455179,1.6479184330021646,6
Stornetta,2013,38.93724,-123.732,Northern California,2.4414009612931853,0.915942858,4.78455179,3.3454211387092814,6
TENERA UCSC,2007,35.23863,-120.8955,Central California,0.6931471805599453,0.837383544,12.63448954,0.4054651081081645,6
TENERA UCSC,2008,35.23863,-120.8955,Central California,0.0,0.837383544,12.63448954,-1.3862943611198906,5
TENERA UCSC,2016,35.23863,-120.8955,Central California,2.6287476860138907,0.837383544,12.63448954,-0.34657359027997264,6
TENERA UCSC,2017,35.23863,-120.8955,Central California,4.072194432773811,0.837383544,12.63448954,0.9861717030617346,6
TENERA UCSC,2018,35.23863,-120.8955,Central California,4.394449154672439,0.837383544,12.63448954,0.6931471805599453,5
TENERA UCSC,2019,35.23863,-120.8955,Central California,5.762179921297946,0.837383544,12.63448954,0.0,6
TENERA UCSC,2020,35.23863,-120.8955,Central California,4.965794491323502,0.837383544,12.63448954,0.0,6
TENERA UCSC,2021,35.23863,-120.8955,Central California,4.725701211896369,0.837383544,12.63448954,0.8958797346140275,6
TERRACE_DC UCSC,2000,36.944871,-122.064289,Central California,0.0,0.720525687,6.798623712,-2.596478425445105,6
TERRACE_DC UCSC,2001,36.944871,-122.064289,Central California,0.6931471805599453,0.720525687,6.798623712,-2.2386684072391034,6
TERRACE_DC UCSC,2002,36.944871,-122.064289,Central California,0.5493061443340549,0.720525687,6.798623712,-1.6479184330021646,4
TERRACE_DC UCSC,2003,36.944871,-122.064289,Central California,2.7212088552608966,0.720525687,6.798623712,-2.3221954495706862,6
TERRACE_DC UCSC,2004,36.944871,-122.064289,Central California,0.0,0.720525687,6.798623712,-2.3937458713910233,6
TERRACE_DC UCSC,2005,36.944871,-122.064289,Central California,0.0,0.720525687,6.798623712,-1.1512925464970227,6
TERRACE_DC UCSC,2006,36.944871,-122.064289,Central California,0.0,0.720525687,6.798623712,-1.844439727056968,6
TERRACE_DC UCSC,2007,36.94487,-122.0643,Central California,0.0,0.720525687,6.798623712,-1.791759469228055,6
TERRACE_DC UCSC,2008,36.94487,-122.0643,Central California,1.2424533248940002,0.720525687,6.798623712,-1.5222612188617115,6
TERRACE_DC UCSC,2009,36.94487,-122.0643,Central California,1.3862943611198906,0.720525687,6.798623712,-2.5649493574615367,5
TERRACE_DC UCSC,2010,36.94487,-122.0643,Central California,0.0,0.720525687,6.798623712,-2.4814223151299535,6
TERRACE_DC UCSC,2011,36.94487,-122.0643,Central California,0.8047189562170501,0.720525687,6.798623712,-1.1512925464970227,6
TERRACE_DC UCSC,2015,36.94487,-122.0643,Central California,1.2424533248940002,0.720525687,6.798623712,-2.736135336835737,6
Timber Cove,2018,38.5306,-123.277,Northern California,6.200281658584656,0.780309742,13.29089042,0.0,6
Trinidad,2008,41.055,-124.14,Northern California,1.6094379124341003,0.534604037,4.666578879,3.0456549410388494,6
Trinidad,2013,41.055,-124.14,Northern California,0.0,0.534604037,4.666578879,2.2499048351651325,6
Trinidad,2017,41.055,-124.14,Northern California,4.3694478524670215,0.534604037,4.666578879,1.2424533248940002,6
Trinidad,2018,41.055,-124.14,Northern California,4.718498871295094,0.534604037,4.666578879,1.3862943611198906,6
Trinidad,2019,41.055,-124.14,Northern California,4.618004059362381,0.534604037,4.666578879,0.0,6
Trinidad,2020,41.055,-124.14,Northern California,4.321472198360899,0.534604037,4.666578879,0.0,6
Trinidad,2021,,,Northern California,5.093881915926538,0.534604037,4.666578879,0.0,6
UNDERWATER_ARCH VRG,2012,33.75146,-118.4171,Southern California,5.089934253616377,0.510168351,11.53685343,-2.5649493574615367,6
VANDENBERG_N UCSC,2008,34.74065,-120.6422,Central California,0.6931471805599453,0.644005428,12.65564095,0.0,5
VANDENBERG_N UCSC,2009,34.74065,-120.6422,Central California,1.0397207708399179,0.644005428,12.65564095,0.0,4
VANDENBERG_S UCSC,2008,34.74969,-120.6484,Central California,1.0986122886681098,0.781001884,12.64963505,0.0,3
Van Damme,2007,39.271915,-123.795914,Northern California,2.9144728088051037,0.417657219,9.289683092,1.8444397270569681,6
Van Damme,2008,39.271915,-123.795914,Northern California,2.0948273710132126,0.417657219,9.289683092,4.393762812766453,6
Van Damme,2009,39.271915,-123.795914,Northern California,0.0,0.417657219,9.289683092,4.472926928563796,6
Van Damme,2010,39.271915,-123.795914,Northern California,0.0,0.417657219,9.289683092,0.0,6
Van Damme,2011,39.271915,-123.795914,Northern California,1.5890269151739729,0.417657219,9.289683092,1.6094379124341003,6
Van Damme,2012,39.271915,-123.795914,Northern California,0.8958797346140275,0.417657219,9.289683092,1.2180582428092843,6
Van Damme,2013,39.271915,-123.795914,Northern California,1.2424533248940002,0.417657219,9.289683092,3.7668468549243164,6
Van Damme,2014,39.271915,-123.795914,Northern California,4.0844557484177635,0.417657219,9.289683092,0.0,6
Van Damme,2015,39.271915,-123.795914,Northern California,5.897637707928748,0.417657219,9.289683092,0.0,6
Van Damme,2016,39.271915,-123.795914,Northern California,6.7083970631127645,0.417657219,9.289683092,0.0,6
Van Damme,2017,39.271915,-123.795914,Northern California,5.674344911190152,0.417657219,9.289683092,0.0,6
Van Damme,2018,39.271915,-123.795914,Northern California,5.769948659340704,0.417657219,9.289683092,0.0,6
Van Damme,2019,39.271915,-123.795914,Northern California,5.776916427922056,0.417657219,9.289683092,0.0,6
Van Damme,2020,39.271915,-123.795914,Northern California,4.731856643075524,0.417657219,9.289683092,0.0,6
Van Damme,2021,,,Northern California,5.229480720570939,0.417657219,9.289683092,1.0397207708399179,6
WESTON_DC UCSC,2001,36.510347,-121.945786,Central California,0.34657359027997264,0.775424622,11.91315868,-1.9459101490553132,4
WESTON_DC UCSC,2002,36.510347,-121.945786,Central California,0.0,0.775424622,11.91315868,-1.3862943611198906,6
WESTON_DC UCSC,2003,36.510347,-121.945786,Central California,0.0,0.775424622,11.91315868,-1.6094379124341003,6
WESTON_DC UCSC,2004,36.510347,-121.945786,Central California,0.0,0.775424622,11.91315868,-1.844439727056968,6
WESTON_DC UCSC,2005,36.510347,-121.945786,Central California,0.0,0.775424622,11.91315868,-2.0794415416798357,6
WESTON_DC UCSC,2006,36.510347,-121.945786,Central California,0.0,0.775424622,11.91315868,-0.6931471805599453,6
WESTON_DC UCSC,2007,36.51035,-121.9458,Central California,0.34657359027997264,0.775424622,11.91315868,-1.8187930798631928,6
WESTON_DC UCSC,2008,36.51035,-121.9458,Central California,0.0,0.775424622,11.91315868,-2.859335543574976,6
WESTON_DC UCSC,2009,36.51035,-121.9458,Central California,0.6931471805599453,0.775424622,11.91315868,-1.9560115027140732,6
WESTON_DC UCSC,2010,36.51035,-121.9458,Central California,1.2424533248940002,0.775424622,11.91315868,0.5493061443340549,6
WESTON_DC UCSC,2011,36.51035,-121.9458,Central California,0.0,0.775424622,11.91315868,-1.9459101490553132,6
WESTON_DC UCSC,2012,,,Central California,,0.775424622,11.91315868,,2
WESTON_DC UCSC,2013,36.51035,-121.9458,Central California,0.0,0.775424622,11.91315868,-2.0794415416798357,6
WESTON_DC UCSC,2014,36.51035,-121.9458,Central California,3.0456549410388494,0.775424622,11.91315868,-0.6931471805599453,6
WESTON_DC UCSC,2016,36.51035,-121.9458,Central California,4.940083873607255,0.775424622,11.91315868,-1.0986122886681098,4
WESTON_DC UCSC,2017,36.51035,-121.9458,Central California,5.872970068039851,0.775424622,11.91315868,0.0,6
WESTON_DC UCSC,2018,36.51035,-121.9458,Central California,6.813427693054319,0.775424622,11.91315868,0.0,6
WESTON_DC UCSC,2019,36.51035,-121.9458,Central California,6.340006134289762,0.775424622,11.91315868,0.0,6
WESTON_DC UCSC,2020,36.51035,-121.9458,Central California,7.550582040768079,0.775424622,11.91315868,0.0,6
WESTON_DC UCSC,2021,36.51035,-121.9458,Central California,7.07277104887775,0.775424622,11.91315868,0.0,6
WESTON_UC UCSC,2001,36.512613,-121.948765,Central California,0.0,0.782067579,13.03191885,-1.5890269151739727,4
WESTON_UC UCSC,2002,36.512613,-121.948765,Central California,0.0,0.782067579,13.03191885,-1.9459101490553132,6
WESTON_UC UCSC,2003,36.512613,-121.948765,Central California,0.0,0.782067579,13.03191885,-1.3862943611198906,6
WESTON_UC UCSC,2004,36.512613,-121.948765,Central California,0.6931471805599453,0.782067579,13.03191885,-1.4451858789480823,6
WESTON_UC UCSC,2005,36.512613,-121.948765,Central California,0.0,0.782067579,13.03191885,-1.4978661367769954,6
WESTON_UC UCSC,2006,36.512613,-121.948765,Central California,0.0,0.782067579,13.03191885,-1.2424533248940002,6
WESTON_UC UCSC,2007,36.51261,-121.9488,Central California,1.0397207708399179,0.782067579,13.03191885,-1.6338329945188164,6
WESTON_UC UCSC,2008,36.51261,-121.9488,Central California,0.0,0.782067579,13.03191885,-2.106063798939242,6
WESTON_UC UCSC,2009,36.51261,-121.9488,Central California,1.1989476363991853,0.782067579,13.03191885,-2.2975599250672953,6
WESTON_UC UCSC,2010,36.51261,-121.9488,Central California,1.8444397270569683,0.782067579,13.03191885,0.38659494411674084,6
WESTON_UC UCSC,2011,36.51261,-121.9488,Central California,2.0715673631957663,0.782067579,13.03191885,-1.2424533248940002,6
WESTON_UC UCSC,2012,36.51261,-121.9488,Central California,0.34657359027997264,0.782067579,13.03191885,-1.2424533248940002,6
WESTON_UC UCSC,2013,36.51261,-121.9488,Central California,0.0,0.782067579,13.03191885,-1.5890269151739727,6
WESTON_UC UCSC,2014,36.51261,-121.9488,Central California,4.706232278033158,0.782067579,13.03191885,-1.4016801904532676,6
WESTON_UC UCSC,2015,36.51261,-121.9488,Central California,6.958853035139471,0.782067579,13.03191885,-0.34657359027997264,6
WESTON_UC UCSC,2016,36.51261,-121.9488,Central California,7.39549828060414,0.782067579,13.03191885,0.0,6
WESTON_UC UCSC,2017,36.51261,-121.9488,Central California,5.979055580636663,0.782067579,13.03191885,0.0,6
WESTON_UC UCSC,2018,36.51261,-121.9488,Central California,7.662486160936469,0.782067579,13.03191885,0.0,6
WESTON_UC UCSC,2019,36.51261,-121.9488,Central California,7.074995405952347,0.782067579,13.03191885,0.0,6
WESTON_UC UCSC,2020,36.51261,-121.9488,Central California,7.197744520209291,0.782067579,13.03191885,0.0,6
WESTON_UC UCSC,2021,36.51261,-121.9488,Central California,7.210430208198487,0.782067579,13.03191885,0.0,6
WHITES_POINT VRG,2008,33.71588,-118.3253,Southern California,3.0677824455408693,0.533746293,7.851388498,-3.012932986912657,6
WHITES_POINT VRG,2011,33.71588,-118.3253,Southern California,4.15397627263551,0.533746293,7.851388498,-1.732867951399863,6
WHITES_POINT VRG,2012,33.71588,-118.3253,Southern California,2.3269801750787615,0.533746293,7.851388498,-1.9459101490553132,6
WHITE_ROCK_UC UCSC,2002,35.5271,-121.089899,Central California,0.0,0.537362897,11.95570651,-1.0986122886681098,6
WHITE_ROCK_UC UCSC,2003,35.5271,-121.089899,Central California,0.0,0.537362897,11.95570651,1.419947561707585,6
WHITE_ROCK_UC UCSC,2004,35.5271,-121.089899,Central California,0.0,0.537362897,11.95570651,-1.0986122886681096,6
WHITE_ROCK_UC UCSC,2005,35.5271,-121.089899,Central California,0.0,0.537362897,11.95570651,-0.8958797346140275,6
WHITE_ROCK_UC UCSC,2006,35.5271,-121.089899,Central California,0.0,0.537362897,11.95570651,-0.2876820724517808,5
WHITE_ROCK_UC UCSC,2007,35.5271,-121.0899,Central California,0.0,0.537362897,11.95570651,-1.1989476363991853,4
WHITE_ROCK_UC UCSC,2008,35.5271,-121.0899,Central California,0.0,0.537362897,11.95570651,-1.4451858789480823,6
WHITE_ROCK_UC UCSC,2009,35.5271,-121.0899,Central California,0.0,0.537362897,11.95570651,-1.732867951399863,6
WHITE_ROCK_UC UCSC,2010,35.5271,-121.0899,Central California,0.0,0.537362897,11.95570651,1.039720770839918,6
WHITE_ROCK_UC UCSC,2011,35.5271,-121.0899,Central California,0.0,0.537362897,11.95570651,-0.5493061443340549,6
