outcome,axis,left_out_overlap_cluster,reference_estimate_per_sd,estimate_per_sd,absolute_change,same_direction_as_reference,n,remaining_overlap_clusters,years
trajectory_rank_quality_pp,grazing_log1p,s300_c000,-0.34739686501069955,-0.3876328912443609,0.04023602623366135,True,733,119,14
trajectory_rank_quality_pp,grazing_log1p,s300_c001,-0.34739686501069955,-1.1574005494749,0.8100036844642005,True,723,119,14
trajectory_rank_quality_pp,grazing_log1p,s300_c002,-0.34739686501069955,0.2355911349338557,0.5829879999445553,False,723,119,14
trajectory_rank_quality_pp,grazing_log1p,s300_c003,-0.34739686501069955,-0.4600590384292842,0.11266217341858464,True,722,119,14
trajectory_rank_quality_pp,grazing_log1p,s300_c004,-0.34739686501069955,-0.24948948369441085,0.0979073813162887,True,728,119,14
trajectory_rank_quality_pp,grazing_log1p,s300_c006,-0.34739686501069955,-0.2495951981500942,0.09780166686060535,True,728,119,14
trajectory_rank_quality_pp,grazing_log1p,s300_c007,-0.34739686501069955,-0.35582741432369075,0.008430549312991198,True,733,119,14
trajectory_rank_quality_pp,grazing_log1p,s300_c008,-0.34739686501069955,-0.2882939496687733,0.05910291534192624,True,725,119,14
trajectory_rank_quality_pp,grazing_log1p,s300_c009,-0.34739686501069955,-0.3474506727541314,5.380774343183292e-05,True,733,119,14
trajectory_rank_quality_pp,grazing_log1p,s300_c010,-0.34739686501069955,-0.26605449913511914,0.08134236587558041,True,726,119,14
trajectory_rank_quality_pp,grazing_log1p,s300_c011,-0.34739686501069955,-0.3250192958748476,0.022377569135851927,True,729,119,14
trajectory_rank_quality_pp,grazing_log1p,s300_c012,-0.34739686501069955,-0.046146968433855295,0.30124989657684426,True,725,119,14
trajectory_rank_quality_pp,grazing_log1p,s300_c013,-0.34739686501069955,-0.5818304379403149,0.2344335729296153,True,712,119,14
trajectory_rank_quality_pp,grazing_log1p,s300_c014,-0.34739686501069955,-0.3790901732476169,0.03169330823691735,True,732,119,14
trajectory_rank_quality_pp,grazing_log1p,s300_c015,-0.34739686501069955,-0.3207472286076998,0.026649636402999777,True,728,119,14
trajectory_rank_quality_pp,grazing_log1p,s300_c016,-0.34739686501069955,-0.41107681163884174,0.06367994662814219,True,660,119,14
trajectory_rank_quality_pp,grazing_log1p,s300_c019,-0.34739686501069955,-0.08110777551528531,0.26628908949541424,True,729,119,14
trajectory_rank_quality_pp,grazing_log1p,s300_c020,-0.34739686501069955,-0.29441382468704835,0.0529830403236512,True,730,119,14
trajectory_rank_quality_pp,grazing_log1p,s300_c021,-0.34739686501069955,-0.4563322888207486,0.10893542381004906,True,730,119,14
trajectory_rank_quality_pp,grazing_log1p,s300_c022,-0.34739686501069955,-0.7021659659838502,0.3547691009731506,True,730,119,14
trajectory_rank_quality_pp,grazing_log1p,s300_c023,-0.34739686501069955,-0.3757773150626549,0.02838045005195533,True,728,119,14
trajectory_rank_quality_pp,grazing_log1p,s300_c025,-0.34739686501069955,-0.3169170037181023,0.030479861292597277,True,732,119,14
trajectory_rank_quality_pp,grazing_log1p,s300_c026,-0.34739686501069955,-0.3288262611390641,0.01857060387163545,True,732,119,14
trajectory_rank_quality_pp,grazing_log1p,s300_c027,-0.34739686501069955,-0.3753389256300585,0.027942060619358944,True,733,119,14
trajectory_rank_quality_pp,grazing_log1p,s300_c028,-0.34739686501069955,-0.3245191347659415,0.022877730244758032,True,733,119,14
trajectory_rank_quality_pp,grazing_log1p,s300_c029,-0.34739686501069955,-0.36965837161091997,0.022261506600220415,True,732,119,14
trajectory_rank_quality_pp,grazing_log1p,s300_c030,-0.34739686501069955,-0.412617192034337,0.06522032702363745,True,732,119,14
trajectory_rank_quality_pp,grazing_log1p,s300_c031,-0.34739686501069955,-0.41078191296184113,0.06338504795114158,True,730,119,14
trajectory_rank_quality_pp,grazing_log1p,s300_c032,-0.34739686501069955,-0.3824596044034586,0.03506273939275906,True,733,119,14
trajectory_rank_quality_pp,grazing_log1p,s300_c033,-0.34739686501069955,-0.36850326043648807,0.021106395425788516,True,733,119,14
trajectory_rank_quality_pp,grazing_log1p,s300_c034,-0.34739686501069955,-0.42935442870476703,0.08195756369406748,True,732,119,14
trajectory_rank_quality_pp,grazing_log1p,s300_c035,-0.34739686501069955,-0.45445021759706544,0.10705335258636589,True,728,119,14
trajectory_rank_quality_pp,grazing_log1p,s300_c037,-0.34739686501069955,-0.378919502133168,0.031522637122468444,True,730,119,14
trajectory_rank_quality_pp,grazing_log1p,s300_c038,-0.34739686501069955,-0.29047834057263555,0.056918524438064,True,727,119,14
trajectory_rank_quality_pp,grazing_log1p,s300_c039,-0.34739686501069955,-0.3479949821067192,0.0005981170960196458,True,733,119,14
trajectory_rank_quality_pp,grazing_log1p,s300_c040,-0.34739686501069955,-0.3629233373342535,0.015526472323553975,True,732,119,14
trajectory_rank_quality_pp,grazing_log1p,s300_c041,-0.34739686501069955,-0.3166771539351006,0.030719711075598954,True,733,119,14
trajectory_rank_quality_pp,grazing_log1p,s300_c044,-0.34739686501069955,-0.34472841729706527,0.002668447713634281,True,731,119,14
trajectory_rank_quality_pp,grazing_log1p,s300_c045,-0.34739686501069955,-0.31987513882886603,0.027521726181833517,True,733,119,14
trajectory_rank_quality_pp,grazing_log1p,s300_c046,-0.34739686501069955,-0.46477287772507303,0.11737601271437348,True,733,119,14
trajectory_rank_quality_pp,grazing_log1p,s300_c047,-0.34739686501069955,-0.29450064036901924,0.05289622464168031,True,732,119,14
trajectory_rank_quality_pp,grazing_log1p,s300_c048,-0.34739686501069955,-0.3975095290190071,0.05011266400830755,True,730,119,14
trajectory_rank_quality_pp,grazing_log1p,s300_c049,-0.34739686501069955,-0.24007300489914918,0.10732386011155037,True,733,119,14
trajectory_rank_quality_pp,grazing_log1p,s300_c050,-0.34739686501069955,-0.2585199950078997,0.08887687000279987,True,728,119,14
trajectory_rank_quality_pp,grazing_log1p,s300_c051,-0.34739686501069955,-0.3700734018725605,0.02267653686186094,True,722,119,14
trajectory_rank_quality_pp,grazing_log1p,s300_c052,-0.34739686501069955,-0.39427940106159964,0.04688253605090009,True,728,119,14
trajectory_rank_quality_pp,grazing_log1p,s300_c053,-0.34739686501069955,-0.2880180029873999,0.05937886202329967,True,730,119,14
trajectory_rank_quality_pp,grazing_log1p,s300_c054,-0.34739686501069955,-0.5786468933834698,0.2312500283727702,True,722,119,14
trajectory_rank_quality_pp,grazing_log1p,s300_c055,-0.34739686501069955,-0.29359622263303486,0.05380064237766469,True,731,119,14
trajectory_rank_quality_pp,grazing_log1p,s300_c057,-0.34739686501069955,-0.2626704347955352,0.08472643021516435,True,718,119,14
trajectory_rank_quality_pp,grazing_log1p,s300_c058,-0.34739686501069955,-0.16717755445131532,0.18021931055938423,True,724,119,14
trajectory_rank_quality_pp,grazing_log1p,s300_c059,-0.34739686501069955,-0.19974546484227618,0.14765140016842337,True,731,119,14
trajectory_rank_quality_pp,grazing_log1p,s300_c060,-0.34739686501069955,-0.4263764429305078,0.07897957791980825,True,722,119,14
trajectory_rank_quality_pp,grazing_log1p,s300_c061,-0.34739686501069955,-0.3291171581836081,0.018279706827091458,True,728,119,14
trajectory_rank_quality_pp,grazing_log1p,s300_c062,-0.34739686501069955,-0.3226919277810424,0.024704937229657165,True,733,119,14
trajectory_rank_quality_pp,grazing_log1p,s300_c063,-0.34739686501069955,-0.5614630192555653,0.21406615424486575,True,729,119,14
trajectory_rank_quality_pp,grazing_log1p,s300_c065,-0.34739686501069955,-0.35302335457312406,0.005626489562424508,True,725,119,14
trajectory_rank_quality_pp,grazing_log1p,s300_c066,-0.34739686501069955,-0.18103737730560848,0.16635948770509107,True,727,119,14
trajectory_rank_quality_pp,grazing_log1p,s300_c067,-0.34739686501069955,-0.37730008557059974,0.02990322055990019,True,733,119,14
trajectory_rank_quality_pp,grazing_log1p,s300_c068,-0.34739686501069955,-0.3963844584239284,0.048987593413228836,True,709,119,14
trajectory_rank_quality_pp,grazing_log1p,s300_c069,-0.34739686501069955,-0.2885072046646413,0.05888966034605825,True,728,119,14
trajectory_rank_quality_pp,grazing_log1p,s300_c071,-0.34739686501069955,-0.19183569464400063,0.15556117036669892,True,713,119,14
trajectory_rank_quality_pp,grazing_log1p,s300_c072,-0.34739686501069955,-0.3630898295847363,0.01569296457403674,True,733,119,14
trajectory_rank_quality_pp,grazing_log1p,s300_c073,-0.34739686501069955,-0.37324001243178556,0.02584314742108601,True,733,119,14
trajectory_rank_quality_pp,grazing_log1p,s300_c074,-0.34739686501069955,-0.40983984769873605,0.0624429826880365,True,729,119,14
trajectory_rank_quality_pp,grazing_log1p,s300_c075,-0.34739686501069955,-0.37069439793731623,0.023297532926616682,True,729,119,14
trajectory_rank_quality_pp,grazing_log1p,s300_c077,-0.34739686501069955,-0.31614823205896725,0.031248632951732302,True,732,119,14
trajectory_rank_quality_pp,grazing_log1p,s300_c078,-0.34739686501069955,-0.21219020287624507,0.13520666213445448,True,731,119,14
trajectory_rank_quality_pp,grazing_log1p,s300_c079,-0.34739686501069955,-0.3479351788103626,0.0005383137996630705,True,733,119,14
trajectory_rank_quality_pp,grazing_log1p,s300_c080,-0.34739686501069955,-0.5040589570960652,0.15666209208536563,True,721,119,14
trajectory_rank_quality_pp,grazing_log1p,s300_c081,-0.34739686501069955,-0.33992637612170956,0.00747048888898999,True,733,119,14
trajectory_rank_quality_pp,grazing_log1p,s300_c084,-0.34739686501069955,-0.35917111682509134,0.01177425181439179,True,733,119,14
trajectory_rank_quality_pp,grazing_log1p,s300_c085,-0.34739686501069955,-0.3503002669810959,0.0029034019703963465,True,733,119,14
trajectory_rank_quality_pp,grazing_log1p,s300_c086,-0.34739686501069955,-0.41495117121932734,0.06755430620862779,True,732,119,14
trajectory_rank_quality_pp,grazing_log1p,s300_c087,-0.34739686501069955,-0.13654190817848952,0.21085495683221003,True,726,119,14
trajectory_rank_quality_pp,grazing_log1p,s300_c088,-0.34739686501069955,-0.38609691070471447,0.03870004569401492,True,733,119,14
trajectory_rank_quality_pp,grazing_log1p,s300_c089,-0.34739686501069955,-0.28114667970341223,0.06625018530728732,True,720,119,14
trajectory_rank_quality_pp,grazing_log1p,s300_c090,-0.34739686501069955,-0.4080246153124632,0.06062775030176365,True,733,119,14
trajectory_rank_quality_pp,grazing_log1p,s300_c091,-0.34739686501069955,-0.32790252904829914,0.01949433596240041,True,733,119,14
trajectory_rank_quality_pp,grazing_log1p,s300_c092,-0.34739686501069955,-0.28651891383282874,0.060877951177870815,True,730,119,14
trajectory_rank_quality_pp,grazing_log1p,s300_c093,-0.34739686501069955,-0.38406687413530466,0.03667000912460511,True,733,119,14
trajectory_rank_quality_pp,grazing_log1p,s300_c094,-0.34739686501069955,-0.32988812145290175,0.0175087435577978,True,732,119,14
trajectory_rank_quality_pp,grazing_log1p,s300_c096,-0.34739686501069955,-0.416116257107155,0.06871939209645544,True,730,119,14
trajectory_rank_quality_pp,grazing_log1p,s300_c097,-0.34739686501069955,-0.35626510523938065,0.008868240228681101,True,733,119,14
trajectory_rank_quality_pp,grazing_log1p,s300_c098,-0.34739686501069955,-0.356821686661818,0.009424821651118465,True,732,119,14
trajectory_rank_quality_pp,grazing_log1p,s300_c099,-0.34739686501069955,-0.38997092451081183,0.04257405950011228,True,731,119,14
trajectory_rank_quality_pp,grazing_log1p,s300_c101,-0.34739686501069955,-0.348915568354628,0.0015187033439284514,True,733,119,14
trajectory_rank_quality_pp,grazing_log1p,s300_c102,-0.34739686501069955,-0.345092122183998,0.002304742826701567,True,733,119,14
trajectory_rank_quality_pp,grazing_log1p,s300_c103,-0.34739686501069955,-0.6508494689387303,0.30345260392803075,True,729,119,14
trajectory_rank_quality_pp,grazing_log1p,s300_c104,-0.34739686501069955,-0.33242806163639416,0.014968803374305395,True,728,119,14
trajectory_rank_quality_pp,grazing_log1p,s300_c105,-0.34739686501069955,-0.19918433148884437,0.14821253352185518,True,730,119,14
trajectory_rank_quality_pp,grazing_log1p,s300_c106,-0.34739686501069955,-0.18538445500803313,0.16201241000266642,True,724,119,14
trajectory_rank_quality_pp,grazing_log1p,s300_c107,-0.34739686501069955,-0.2419296729792389,0.10546719203146065,True,727,119,14
trajectory_rank_quality_pp,grazing_log1p,s300_c109,-0.34739686501069955,-0.3787023325920264,0.03130546758132685,True,726,119,14
trajectory_rank_quality_pp,grazing_log1p,s300_c110,-0.34739686501069955,-0.3157166652953614,0.03168019971533814,True,728,119,14
trajectory_rank_quality_pp,grazing_log1p,s300_c111,-0.34739686501069955,-0.6611734228528408,0.3137765578421412,True,725,119,14
trajectory_rank_quality_pp,grazing_log1p,s300_c112,-0.34739686501069955,-0.21727607326442955,0.13012079174627,True,732,119,14
trajectory_rank_quality_pp,grazing_log1p,s300_c113,-0.34739686501069955,-0.30213880629476697,0.04525805871593258,True,727,119,14
trajectory_rank_quality_pp,grazing_log1p,s300_c114,-0.34739686501069955,-0.4506405380236818,0.10324367301298226,True,729,119,14
trajectory_rank_quality_pp,grazing_log1p,s300_c115,-0.34739686501069955,-0.368932733888366,0.021535868877666453,True,731,119,14
trajectory_rank_quality_pp,grazing_log1p,s300_c118,-0.34739686501069955,-0.3187639509670942,0.02863291404360535,True,732,119,14
trajectory_rank_quality_pp,grazing_log1p,s300_c119,-0.34739686501069955,-0.05042902082677414,0.2969678441839254,True,730,119,14
trajectory_rank_quality_pp,grazing_log1p,s300_c120,-0.34739686501069955,-0.0996088101673252,0.24778805484337435,True,724,119,14
trajectory_rank_quality_pp,grazing_log1p,s300_c123,-0.34739686501069955,-0.23712701621931037,0.11026984879138918,True,721,119,14
trajectory_rank_quality_pp,grazing_log1p,s300_c124,-0.34739686501069955,-0.29839180745916094,0.04900505755153861,True,730,119,14
trajectory_rank_quality_pp,grazing_log1p,s300_c125,-0.34739686501069955,-0.3493576107270041,0.001960745716304557,True,729,119,14
trajectory_rank_quality_pp,grazing_log1p,s300_c126,-0.34739686501069955,-0.30131229604888443,0.04608456896181512,True,730,119,14
trajectory_rank_quality_pp,grazing_log1p,s300_c127,-0.34739686501069955,-0.5960873066919716,0.24869044168127208,True,720,119,14
trajectory_rank_quality_pp,grazing_log1p,s300_c128,-0.34739686501069955,-0.35430442909115134,0.006907564080451789,True,724,119,14
trajectory_rank_quality_pp,grazing_log1p,s300_c129,-0.34739686501069955,-0.4097043316666922,0.06230746665599263,True,724,119,14
trajectory_rank_quality_pp,grazing_log1p,s300_c130,-0.34739686501069955,-0.3908849914996123,0.04348812648891276,True,711,119,14
trajectory_rank_quality_pp,grazing_log1p,s300_c131,-0.34739686501069955,-0.35564636216356305,0.008249497152863494,True,733,119,14
trajectory_rank_quality_pp,grazing_log1p,s300_c132,-0.34739686501069955,-0.36519547069374114,0.01779860568304159,True,727,119,14
trajectory_rank_quality_pp,grazing_log1p,s300_c134,-0.34739686501069955,-0.28783485888146554,0.05956200612923401,True,728,119,14
trajectory_rank_quality_pp,grazing_log1p,s300_c135,-0.34739686501069955,-0.43385077495845387,0.08645390994775431,True,729,119,14
trajectory_rank_quality_pp,grazing_log1p,s300_c137,-0.34739686501069955,-0.3248748665913104,0.022521998419389178,True,727,119,14
trajectory_rank_quality_pp,grazing_log1p,s300_c138,-0.34739686501069955,-0.2494303988735282,0.09796646613717136,True,725,119,14
trajectory_rank_quality_pp,grazing_log1p,s300_c139,-0.34739686501069955,-0.46509675886657736,0.11769989385587781,True,713,119,14
trajectory_rank_quality_pp,grazing_log1p,s300_c140,-0.34739686501069955,-0.35272253576647855,0.0053256707557789995,True,732,119,14
trajectory_rank_quality_pp,grazing_log1p,s300_c141,-0.34739686501069955,-0.40629274778087965,0.0588958827701801,True,732,119,14
trajectory_rank_quality_pp,rock_probability,s300_c000,0.6812960700279957,0.6706187279385044,0.010677342089491337,True,751,119,14
trajectory_rank_quality_pp,rock_probability,s300_c001,0.6812960700279957,0.6732380687446031,0.008058001283392624,True,741,119,14
trajectory_rank_quality_pp,rock_probability,s300_c002,0.6812960700279957,0.6368858759316348,0.04441019409636093,True,741,119,14
trajectory_rank_quality_pp,rock_probability,s300_c003,0.6812960700279957,0.6921649347141089,0.010868864686113144,True,740,119,14
trajectory_rank_quality_pp,rock_probability,s300_c004,0.6812960700279957,0.6295139970650397,0.051782072962956005,True,746,119,14
trajectory_rank_quality_pp,rock_probability,s300_c006,0.6812960700279957,0.7167813106788966,0.03548524065090086,True,746,119,14
trajectory_rank_quality_pp,rock_probability,s300_c007,0.6812960700279957,0.6981539692561973,0.01685789922820158,True,751,119,14
trajectory_rank_quality_pp,rock_probability,s300_c008,0.6812960700279957,0.8054317999147562,0.12413572988676047,True,743,119,14
trajectory_rank_quality_pp,rock_probability,s300_c009,0.6812960700279957,0.6821155485581072,0.0008194785301114393,True,751,119,14
trajectory_rank_quality_pp,rock_probability,s300_c010,0.6812960700279957,0.7756021439012735,0.09430607387327772,True,744,119,14
trajectory_rank_quality_pp,rock_probability,s300_c011,0.6812960700279957,0.692079273746274,0.010783203718278234,True,747,119,14
trajectory_rank_quality_pp,rock_probability,s300_c012,0.6812960700279957,0.7541443765372661,0.07284830650927032,True,743,119,14
trajectory_rank_quality_pp,rock_probability,s300_c013,0.6812960700279957,0.6423078246127175,0.03898824541527823,True,730,119,14
trajectory_rank_quality_pp,rock_probability,s300_c014,0.6812960700279957,0.675638714530847,0.005657355497148742,True,750,119,14
trajectory_rank_quality_pp,rock_probability,s300_c015,0.6812960700279957,0.6767859429373908,0.004510127090604943,True,746,119,14
trajectory_rank_quality_pp,rock_probability,s300_c016,0.6812960700279957,0.699382907609217,0.018086837581221205,True,678,119,14
trajectory_rank_quality_pp,rock_probability,s300_c019,0.6812960700279957,0.6188322641755883,0.062463805852407406,True,747,119,14
trajectory_rank_quality_pp,rock_probability,s300_c020,0.6812960700279957,0.6876154466507761,0.0063193766227803705,True,748,119,14
trajectory_rank_quality_pp,rock_probability,s300_c021,0.6812960700279957,0.7027850432519976,0.021488973224001895,True,748,119,14
trajectory_rank_quality_pp,rock_probability,s300_c022,0.6812960700279957,0.947975879515172,0.2666798094871763,True,748,119,14
trajectory_rank_quality_pp,rock_probability,s300_c023,0.6812960700279957,0.6745548134146034,0.00674125661339231,True,746,119,14
trajectory_rank_quality_pp,rock_probability,s300_c025,0.6812960700279957,0.6392346903851982,0.04206137964279755,True,750,119,14
trajectory_rank_quality_pp,rock_probability,s300_c026,0.6812960700279957,0.6367148376520989,0.04458123237589684,True,750,119,14
trajectory_rank_quality_pp,rock_probability,s300_c027,0.6812960700279957,0.6686859496735988,0.012610120354396903,True,751,119,14
trajectory_rank_quality_pp,rock_probability,s300_c028,0.6812960700279957,0.6873560549789566,0.006059984950960828,True,751,119,14
trajectory_rank_quality_pp,rock_probability,s300_c029,0.6812960700279957,0.6850215599255695,0.0037254898975737083,True,750,119,14
trajectory_rank_quality_pp,rock_probability,s300_c030,0.6812960700279957,0.7205747474801886,0.03927867745219282,True,750,119,14
trajectory_rank_quality_pp,rock_probability,s300_c031,0.6812960700279957,0.6913954792860525,0.010099409258056746,True,748,119,14
trajectory_rank_quality_pp,rock_probability,s300_c032,0.6812960700279957,0.6087146035736782,0.07258146645431751,True,751,119,14
trajectory_rank_quality_pp,rock_probability,s300_c033,0.6812960700279957,0.6494259125131803,0.03187015751481548,True,751,119,14
trajectory_rank_quality_pp,rock_probability,s300_c034,0.6812960700279957,0.790987261201882,0.10969119117388626,True,749,119,14
trajectory_rank_quality_pp,rock_probability,s300_c035,0.6812960700279957,0.6295251045547707,0.05177096547322502,True,746,119,14
trajectory_rank_quality_pp,rock_probability,s300_c037,0.6812960700279957,0.7064753543782142,0.025179284350218434,True,748,119,14
trajectory_rank_quality_pp,rock_probability,s300_c038,0.6812960700279957,0.5389935612559694,0.14230250877202633,True,745,119,14
trajectory_rank_quality_pp,rock_probability,s300_c039,0.6812960700279957,0.6815682834519186,0.0002722134239228069,True,751,119,14
trajectory_rank_quality_pp,rock_probability,s300_c040,0.6812960700279957,0.6912952585762931,0.0099991885482974,True,750,119,14
trajectory_rank_quality_pp,rock_probability,s300_c041,0.6812960700279957,0.6758577799543503,0.005438290073645491,True,751,119,14
trajectory_rank_quality_pp,rock_probability,s300_c044,0.6812960700279957,0.7407444685560278,0.059448398528032076,True,749,119,14
trajectory_rank_quality_pp,rock_probability,s300_c045,0.6812960700279957,0.6543332548412203,0.026962815186775457,True,751,119,14
trajectory_rank_quality_pp,rock_probability,s300_c046,0.6812960700279957,0.7376823122247013,0.056386242196705516,True,751,119,14
trajectory_rank_quality_pp,rock_probability,s300_c047,0.6812960700279957,0.6413804651533404,0.0399156048746554,True,750,119,14
trajectory_rank_quality_pp,rock_probability,s300_c048,0.6812960700279957,0.7054750129394819,0.024178942911486145,True,748,119,14
trajectory_rank_quality_pp,rock_probability,s300_c049,0.6812960700279957,0.6871718026636773,0.00587573263568153,True,751,119,14
trajectory_rank_quality_pp,rock_probability,s300_c050,0.6812960700279957,0.6499674958604906,0.03132857416750512,True,746,119,14
trajectory_rank_quality_pp,rock_probability,s300_c051,0.6812960700279957,0.707727744410874,0.0264316743828783,True,740,119,14
trajectory_rank_quality_pp,rock_probability,s300_c052,0.6812960700279957,0.6485769842758784,0.03271908575211735,True,746,119,14
trajectory_rank_quality_pp,rock_probability,s300_c053,0.6812960700279957,0.6863973765258699,0.005101306497874103,True,748,119,14
trajectory_rank_quality_pp,rock_probability,s300_c054,0.6812960700279957,0.8103459982352803,0.12904992820728456,True,740,119,14
trajectory_rank_quality_pp,rock_probability,s300_c055,0.6812960700279957,0.6868847434318919,0.005588673403896127,True,749,119,14
trajectory_rank_quality_pp,rock_probability,s300_c057,0.6812960700279957,0.6831933440595177,0.001897274031521956,True,736,119,14
trajectory_rank_quality_pp,rock_probability,s300_c058,0.6812960700279957,0.7138695525176146,0.03257348248961889,True,742,119,14
trajectory_rank_quality_pp,rock_probability,s300_c059,0.6812960700279957,0.7958009617470734,0.11450489171907763,True,749,119,14
trajectory_rank_quality_pp,rock_probability,s300_c060,0.6812960700279957,0.6597321462314529,0.021563923796542817,True,740,119,14
trajectory_rank_quality_pp,rock_probability,s300_c061,0.6812960700279957,0.6411419936323237,0.040154076395672034,True,746,119,14
trajectory_rank_quality_pp,rock_probability,s300_c062,0.6812960700279957,0.7005859843238659,0.019289914295870125,True,751,119,14
trajectory_rank_quality_pp,rock_probability,s300_c063,0.6812960700279957,0.5691578228544433,0.11213824717355247,True,747,119,14
trajectory_rank_quality_pp,rock_probability,s300_c065,0.6812960700279957,0.6899151506964971,0.008619080668501367,True,743,119,14
trajectory_rank_quality_pp,rock_probability,s300_c066,0.6812960700279957,0.7139454656886448,0.03264939566064906,True,745,119,14
trajectory_rank_quality_pp,rock_probability,s300_c067,0.6812960700279957,0.7149477785141889,0.033651708486193144,True,751,119,14
trajectory_rank_quality_pp,rock_probability,s300_c068,0.6812960700279957,0.5599502703599449,0.12134579966805081,True,727,119,14
trajectory_rank_quality_pp,rock_probability,s300_c069,0.6812960700279957,0.7282576419479494,0.04696157191995365,True,746,119,14
trajectory_rank_quality_pp,rock_probability,s300_c071,0.6812960700279957,0.7924728795797855,0.11117680955178977,True,731,119,14
trajectory_rank_quality_pp,rock_probability,s300_c072,0.6812960700279957,0.6760516654817854,0.005244404546210335,True,751,119,14
trajectory_rank_quality_pp,rock_probability,s300_c073,0.6812960700279957,0.6726463453833746,0.008649724644621104,True,751,119,14
trajectory_rank_quality_pp,rock_probability,s300_c074,0.6812960700279957,0.5780498806510019,0.10324618937699381,True,747,119,14
trajectory_rank_quality_pp,rock_probability,s300_c075,0.6812960700279957,0.6448117810113299,0.036484289016665894,True,747,119,14
trajectory_rank_quality_pp,rock_probability,s300_c077,0.6812960700279957,0.654454211962169,0.02684185806582673,True,750,119,14
trajectory_rank_quality_pp,rock_probability,s300_c078,0.6812960700279957,0.6668643625484911,0.014431707479504619,True,749,119,14
trajectory_rank_quality_pp,rock_probability,s300_c079,0.6812960700279957,0.6817527368668697,0.00045666683887390924,True,751,119,14
trajectory_rank_quality_pp,rock_probability,s300_c080,0.6812960700279957,0.5959276621021778,0.0853684079258179,True,739,119,14
trajectory_rank_quality_pp,rock_probability,s300_c081,0.6812960700279957,0.6668145584962659,0.01448151153172983,True,751,119,14
trajectory_rank_quality_pp,rock_probability,s300_c084,0.6812960700279957,0.6531083324798518,0.028187737548143965,True,751,119,14
trajectory_rank_quality_pp,rock_probability,s300_c085,0.6812960700279957,0.6291034347671866,0.052192635260809195,True,751,119,14
trajectory_rank_quality_pp,rock_probability,s300_c086,0.6812960700279957,0.638266409740943,0.043029660287052796,True,750,119,14
trajectory_rank_quality_pp,rock_probability,s300_c087,0.6812960700279957,0.7143245679868484,0.033028497958852654,True,744,119,14
trajectory_rank_quality_pp,rock_probability,s300_c088,0.6812960700279957,0.7278358319989121,0.04653976197091636,True,751,119,14
trajectory_rank_quality_pp,rock_probability,s300_c089,0.6812960700279957,0.783447459670743,0.10215138964274728,True,738,119,14
trajectory_rank_quality_pp,rock_probability,s300_c090,0.6812960700279957,0.7185615017717039,0.03726543174370811,True,751,119,14
trajectory_rank_quality_pp,rock_probability,s300_c091,0.6812960700279957,0.7019045302945757,0.02060846026657992,True,751,119,14
trajectory_rank_quality_pp,rock_probability,s300_c092,0.6812960700279957,0.7141226664413021,0.03282659641330632,True,748,119,14
trajectory_rank_quality_pp,rock_probability,s300_c093,0.6812960700279957,0.646105679983389,0.03519039004460678,True,751,119,14
trajectory_rank_quality_pp,rock_probability,s300_c094,0.6812960700279957,0.6845688703818049,0.0032728003538091688,True,750,119,14
trajectory_rank_quality_pp,rock_probability,s300_c096,0.6812960700279957,0.7258602931131548,0.04456422308515906,True,748,119,14
trajectory_rank_quality_pp,rock_probability,s300_c097,0.6812960700279957,0.6918775351690232,0.010581465141027424,True,751,119,14
trajectory_rank_quality_pp,rock_probability,s300_c098,0.6812960700279957,0.6913323295586409,0.01003625953064513,True,750,119,14
trajectory_rank_quality_pp,rock_probability,s300_c099,0.6812960700279957,0.3302101342562459,0.35108593577174985,True,748,119,14
trajectory_rank_quality_pp,rock_probability,s300_c101,0.6812960700279957,0.6798017696733298,0.0014943003546659117,True,751,119,14
trajectory_rank_quality_pp,rock_probability,s300_c102,0.6812960700279957,0.7340534767302727,0.05275740670227691,True,750,119,14
trajectory_rank_quality_pp,rock_probability,s300_c103,0.6812960700279957,0.3168073874850831,0.36448868254291267,True,747,119,14
trajectory_rank_quality_pp,rock_probability,s300_c104,0.6812960700279957,0.687995764694167,0.006699694666171263,True,746,119,14
trajectory_rank_quality_pp,rock_probability,s300_c105,0.6812960700279957,0.6168008055209993,0.0644952645069965,True,748,119,14
trajectory_rank_quality_pp,rock_probability,s300_c106,0.6812960700279957,0.674327721587476,0.006968348440519745,True,741,119,14
trajectory_rank_quality_pp,rock_probability,s300_c107,0.6812960700279957,0.5955260270889796,0.08577004293901613,True,744,119,14
trajectory_rank_quality_pp,rock_probability,s300_c109,0.6812960700279957,0.6197718239566772,0.06152424607131857,True,744,119,14
trajectory_rank_quality_pp,rock_probability,s300_c110,0.6812960700279957,0.8541598124621561,0.17286374243416036,True,746,119,14
trajectory_rank_quality_pp,rock_probability,s300_c111,0.6812960700279957,0.6545373536481837,0.026758716379812086,True,741,119,14
trajectory_rank_quality_pp,rock_probability,s300_c112,0.6812960700279957,0.5112920153566413,0.1700040546713545,True,750,119,14
trajectory_rank_quality_pp,rock_probability,s300_c113,0.6812960700279957,0.9631395418451829,0.28184347181718716,True,743,119,14
trajectory_rank_quality_pp,rock_probability,s300_c114,0.6812960700279957,0.6846143000949766,0.003318230066980843,True,747,119,14
trajectory_rank_quality_pp,rock_probability,s300_c115,0.6812960700279957,0.6977382690316698,0.016442199003674052,True,749,119,14
trajectory_rank_quality_pp,rock_probability,s300_c118,0.6812960700279957,0.6789766862824835,0.0023193837455122157,True,750,119,14
trajectory_rank_quality_pp,rock_probability,s300_c119,0.6812960700279957,0.9391094502059263,0.25781338017793054,True,748,119,14
trajectory_rank_quality_pp,rock_probability,s300_c120,0.6812960700279957,0.7970550931055095,0.11575902307751373,True,742,119,14
trajectory_rank_quality_pp,rock_probability,s300_c123,0.6812960700279957,0.6682900798557739,0.013005990172221815,True,739,119,14
trajectory_rank_quality_pp,rock_probability,s300_c124,0.6812960700279957,0.7503335174171083,0.06903744738911255,True,748,119,14
trajectory_rank_quality_pp,rock_probability,s300_c125,0.6812960700279957,0.7029144684883617,0.02161839846036595,True,746,119,14
trajectory_rank_quality_pp,rock_probability,s300_c126,0.6812960700279957,0.7705388244790323,0.08924275445103658,True,747,119,14
trajectory_rank_quality_pp,rock_probability,s300_c127,0.6812960700279957,0.6371243817281163,0.0441716882998795,True,734,119,14
trajectory_rank_quality_pp,rock_probability,s300_c128,0.6812960700279957,0.6357991524329778,0.04549691759501795,True,741,119,14
trajectory_rank_quality_pp,rock_probability,s300_c129,0.6812960700279957,0.7533924895950601,0.07209641956706436,True,741,119,14
trajectory_rank_quality_pp,rock_probability,s300_c130,0.6812960700279957,0.6719047324695,0.00939133755849575,True,729,119,14
trajectory_rank_quality_pp,rock_probability,s300_c131,0.6812960700279957,0.6709823163997525,0.010313753628243272,True,751,119,14
trajectory_rank_quality_pp,rock_probability,s300_c132,0.6812960700279957,0.6744695759838212,0.006826494044174569,True,745,119,14
trajectory_rank_quality_pp,rock_probability,s300_c134,0.6812960700279957,0.6825057445287025,0.0012096745007067478,True,746,119,14
trajectory_rank_quality_pp,rock_probability,s300_c135,0.6812960700279957,0.6719889736932275,0.009307096334768228,True,747,119,14
trajectory_rank_quality_pp,rock_probability,s300_c137,0.6812960700279957,0.5995605822402496,0.0817354877877462,True,745,119,14
trajectory_rank_quality_pp,rock_probability,s300_c138,0.6812960700279957,0.42874329938444833,0.2525527706435474,True,743,119,14
trajectory_rank_quality_pp,rock_probability,s300_c139,0.6812960700279957,0.7114203739577771,0.030124303929781382,True,730,119,14
trajectory_rank_quality_pp,rock_probability,s300_c140,0.6812960700279957,0.6926997447197514,0.011403674691755628,True,750,119,14
trajectory_rank_quality_pp,rock_probability,s300_c141,0.6812960700279957,0.6421038076670023,0.03919226236099349,True,750,119,14
trajectory_rank_quality_pp,depth_m,s300_c000,-0.7667277046159846,-0.722298817720705,0.04442888689527957,True,751,119,14
trajectory_rank_quality_pp,depth_m,s300_c001,-0.7667277046159846,-0.7886321817334778,0.021904477117493215,True,741,119,14
trajectory_rank_quality_pp,depth_m,s300_c002,-0.7667277046159846,-0.7252408052159133,0.04148689940007133,True,741,119,14
trajectory_rank_quality_pp,depth_m,s300_c003,-0.7667277046159846,-0.522199712618404,0.24452799199758057,True,740,119,14
trajectory_rank_quality_pp,depth_m,s300_c004,-0.7667277046159846,-0.7585460526758585,0.0081816519401261,True,746,119,14
trajectory_rank_quality_pp,depth_m,s300_c006,-0.7667277046159846,-0.765099006229319,0.0016286983866655724,True,746,119,14
trajectory_rank_quality_pp,depth_m,s300_c007,-0.7667277046159846,-0.7632390482648026,0.003488656351182007,True,751,119,14
trajectory_rank_quality_pp,depth_m,s300_c008,-0.7667277046159846,-0.8257089000474368,0.058981195431452194,True,743,119,14
trajectory_rank_quality_pp,depth_m,s300_c009,-0.7667277046159846,-0.7679824012735847,0.0012546966576001406,True,751,119,14
trajectory_rank_quality_pp,depth_m,s300_c010,-0.7667277046159846,-0.7181120899572673,0.04861561465871733,True,744,119,14
trajectory_rank_quality_pp,depth_m,s300_c011,-0.7667277046159846,-0.7586535996228168,0.008074104993167852,True,747,119,14
trajectory_rank_quality_pp,depth_m,s300_c012,-0.7667277046159846,-0.7672886601897622,0.0005609555737775551,True,743,119,14
trajectory_rank_quality_pp,depth_m,s300_c013,-0.7667277046159846,-0.8304427469903005,0.06371504237431591,True,730,119,14
trajectory_rank_quality_pp,depth_m,s300_c014,-0.7667277046159846,-0.7631716543400292,0.0035560502759554025,True,750,119,14
trajectory_rank_quality_pp,depth_m,s300_c015,-0.7667277046159846,-0.7716744025147131,0.00494669789872848,True,746,119,14
trajectory_rank_quality_pp,depth_m,s300_c016,-0.7667277046159846,-0.6661212166005477,0.10060648801543692,True,678,119,14
trajectory_rank_quality_pp,depth_m,s300_c019,-0.7667277046159846,-0.7769432503174274,0.010215545701442785,True,747,119,14
trajectory_rank_quality_pp,depth_m,s300_c020,-0.7667277046159846,-0.768984151211356,0.0022564465953713864,True,748,119,14
trajectory_rank_quality_pp,depth_m,s300_c021,-0.7667277046159846,-0.791771194615772,0.02504348999978734,True,748,119,14
trajectory_rank_quality_pp,depth_m,s300_c022,-0.7667277046159846,-0.6334558942122052,0.13327181040377944,True,748,119,14
trajectory_rank_quality_pp,depth_m,s300_c023,-0.7667277046159846,-0.7625229710793824,0.004204733536602223,True,746,119,14
trajectory_rank_quality_pp,depth_m,s300_c025,-0.7667277046159846,-0.8469828934809542,0.08025518886496963,True,750,119,14
trajectory_rank_quality_pp,depth_m,s300_c026,-0.7667277046159846,-0.689573758127453,0.07715394648853158,True,750,119,14
trajectory_rank_quality_pp,depth_m,s300_c027,-0.7667277046159846,-0.7541471610259818,0.012580543590002824,True,751,119,14
trajectory_rank_quality_pp,depth_m,s300_c028,-0.7667277046159846,-0.8085830457476368,0.041855341131652235,True,751,119,14
trajectory_rank_quality_pp,depth_m,s300_c029,-0.7667277046159846,-0.7368776990339178,0.029850005582066852,True,750,119,14
trajectory_rank_quality_pp,depth_m,s300_c030,-0.7667277046159846,-0.7789905107554564,0.012262806139471838,True,750,119,14
trajectory_rank_quality_pp,depth_m,s300_c031,-0.7667277046159846,-0.7810669161381856,0.014339211522200968,True,748,119,14
trajectory_rank_quality_pp,depth_m,s300_c032,-0.7667277046159846,-0.7632207642501868,0.003506940365797795,True,751,119,14
trajectory_rank_quality_pp,depth_m,s300_c033,-0.7667277046159846,-0.801693743435994,0.03496603882000937,True,751,119,14
trajectory_rank_quality_pp,depth_m,s300_c034,-0.7667277046159846,-0.8236318015375073,0.05690409692152265,True,749,119,14
trajectory_rank_quality_pp,depth_m,s300_c035,-0.7667277046159846,-0.6498217587388369,0.11690594587714775,True,746,119,14
trajectory_rank_quality_pp,depth_m,s300_c037,-0.7667277046159846,-0.7772737466456145,0.010546042029629943,True,748,119,14
trajectory_rank_quality_pp,depth_m,s300_c038,-0.7667277046159846,-0.4654084437047013,0.3013192609112833,True,745,119,14
trajectory_rank_quality_pp,depth_m,s300_c039,-0.7667277046159846,-0.7667481553496941,2.0450733709487245e-05,True,751,119,14
trajectory_rank_quality_pp,depth_m,s300_c040,-0.7667277046159846,-0.7702412797154417,0.0035135750994570447,True,750,119,14
trajectory_rank_quality_pp,depth_m,s300_c041,-0.7667277046159846,-0.730233093999175,0.036494610616809586,True,751,119,14
trajectory_rank_quality_pp,depth_m,s300_c044,-0.7667277046159846,-0.7919602752027082,0.02523257058672357,True,749,119,14
trajectory_rank_quality_pp,depth_m,s300_c045,-0.7667277046159846,-0.7522631337318554,0.014464570884129224,True,751,119,14
trajectory_rank_quality_pp,depth_m,s300_c046,-0.7667277046159846,-0.8178078034404936,0.051080098824509035,True,751,119,14
trajectory_rank_quality_pp,depth_m,s300_c047,-0.7667277046159846,-0.8023285576597632,0.03560085304377858,True,750,119,14
trajectory_rank_quality_pp,depth_m,s300_c048,-0.7667277046159846,-0.7385718031835189,0.028155901432465713,True,748,119,14
trajectory_rank_quality_pp,depth_m,s300_c049,-0.7667277046159846,-0.7096521883757911,0.05707551624019347,True,751,119,14
trajectory_rank_quality_pp,depth_m,s300_c050,-0.7667277046159846,-0.8407311736292545,0.07400346901326993,True,746,119,14
trajectory_rank_quality_pp,depth_m,s300_c051,-0.7667277046159846,-0.8195118007822173,0.0527840961662327,True,740,119,14
trajectory_rank_quality_pp,depth_m,s300_c052,-0.7667277046159846,-0.8194273067157789,0.052699602099794296,True,746,119,14
trajectory_rank_quality_pp,depth_m,s300_c053,-0.7667277046159846,-0.7883947122868038,0.021667007670819194,True,748,119,14
trajectory_rank_quality_pp,depth_m,s300_c054,-0.7667277046159846,-0.6273998701436871,0.13932783447229746,True,740,119,14
trajectory_rank_quality_pp,depth_m,s300_c055,-0.7667277046159846,-0.7806815111061036,0.013953806490119014,True,749,119,14
trajectory_rank_quality_pp,depth_m,s300_c057,-0.7667277046159846,-0.7575957076696997,0.00913199694628486,True,736,119,14
trajectory_rank_quality_pp,depth_m,s300_c058,-0.7667277046159846,-0.6528915128236666,0.11383619179231796,True,742,119,14
trajectory_rank_quality_pp,depth_m,s300_c059,-0.7667277046159846,-0.7124788051847455,0.05424889943123912,True,749,119,14
trajectory_rank_quality_pp,depth_m,s300_c060,-0.7667277046159846,-0.9260067744459248,0.15927906982994022,True,740,119,14
trajectory_rank_quality_pp,depth_m,s300_c061,-0.7667277046159846,-0.8091153282481782,0.042387623632193616,True,746,119,14
trajectory_rank_quality_pp,depth_m,s300_c062,-0.7667277046159846,-0.7551725136896749,0.011555190926309744,True,751,119,14
trajectory_rank_quality_pp,depth_m,s300_c063,-0.7667277046159846,-1.1381949232131925,0.3714672185972079,True,747,119,14
trajectory_rank_quality_pp,depth_m,s300_c065,-0.7667277046159846,-0.8450949396050731,0.07836723498908849,True,743,119,14
trajectory_rank_quality_pp,depth_m,s300_c066,-0.7667277046159846,-0.7787850013015853,0.012057296685600738,True,745,119,14
trajectory_rank_quality_pp,depth_m,s300_c067,-0.7667277046159846,-0.8284232487403878,0.061695544124403146,True,751,119,14
trajectory_rank_quality_pp,depth_m,s300_c068,-0.7667277046159846,-0.7215588948962928,0.04516880971969184,True,727,119,14
trajectory_rank_quality_pp,depth_m,s300_c069,-0.7667277046159846,-0.8350448380688158,0.06831713345283119,True,746,119,14
trajectory_rank_quality_pp,depth_m,s300_c071,-0.7667277046159846,-0.23688300716340335,0.5298446974525812,True,731,119,14
trajectory_rank_quality_pp,depth_m,s300_c072,-0.7667277046159846,-0.7832596633040164,0.01653195868803181,True,751,119,14
trajectory_rank_quality_pp,depth_m,s300_c073,-0.7667277046159846,-0.7886892476925852,0.021961543076600587,True,751,119,14
trajectory_rank_quality_pp,depth_m,s300_c074,-0.7667277046159846,-1.025218435516032,0.2584907309000475,True,747,119,14
trajectory_rank_quality_pp,depth_m,s300_c075,-0.7667277046159846,-0.7485113584419556,0.018216346174029008,True,747,119,14
trajectory_rank_quality_pp,depth_m,s300_c077,-0.7667277046159846,-0.8379126083170947,0.07118490370111008,True,750,119,14
trajectory_rank_quality_pp,depth_m,s300_c078,-0.7667277046159846,-0.8531715224146027,0.0864438177986181,True,749,119,14
trajectory_rank_quality_pp,depth_m,s300_c079,-0.7667277046159846,-0.7673457173740399,0.0006180127580552863,True,751,119,14
trajectory_rank_quality_pp,depth_m,s300_c080,-0.7667277046159846,-0.8437011712869852,0.07697346667100058,True,739,119,14
trajectory_rank_quality_pp,depth_m,s300_c081,-0.7667277046159846,-0.8009631480602245,0.0342354434442399,True,751,119,14
trajectory_rank_quality_pp,depth_m,s300_c084,-0.7667277046159846,-0.8285168158765288,0.061789111260544205,True,751,119,14
trajectory_rank_quality_pp,depth_m,s300_c085,-0.7667277046159846,-0.8701320807685698,0.10340437615258524,True,751,119,14
trajectory_rank_quality_pp,depth_m,s300_c086,-0.7667277046159846,-0.8521106698628838,0.08538296524689915,True,750,119,14
trajectory_rank_quality_pp,depth_m,s300_c087,-0.7667277046159846,-0.7382269274847071,0.02850077713127752,True,744,119,14
trajectory_rank_quality_pp,depth_m,s300_c088,-0.7667277046159846,-0.7163171979854419,0.050410506630542695,True,751,119,14
trajectory_rank_quality_pp,depth_m,s300_c089,-0.7667277046159846,-0.6676294391634842,0.09909826545250044,True,738,119,14
trajectory_rank_quality_pp,depth_m,s300_c090,-0.7667277046159846,-0.779056913332105,0.012329208716120421,True,751,119,14
trajectory_rank_quality_pp,depth_m,s300_c091,-0.7667277046159846,-0.7138990014170312,0.052828703198953386,True,751,119,14
trajectory_rank_quality_pp,depth_m,s300_c092,-0.7667277046159846,-0.9455486636800943,0.17882095906410966,True,748,119,14
trajectory_rank_quality_pp,depth_m,s300_c093,-0.7667277046159846,-0.8226957199553689,0.055968015339384336,True,751,119,14
trajectory_rank_quality_pp,depth_m,s300_c094,-0.7667277046159846,-0.7620808419022123,0.004646862713772348,True,750,119,14
trajectory_rank_quality_pp,depth_m,s300_c096,-0.7667277046159846,-0.6274707279828924,0.13925697663309222,True,748,119,14
trajectory_rank_quality_pp,depth_m,s300_c097,-0.7667277046159846,-0.7649828842238434,0.0017448203921411887,True,751,119,14
trajectory_rank_quality_pp,depth_m,s300_c098,-0.7667277046159846,-0.8477729165904883,0.08104521197450365,True,750,119,14
trajectory_rank_quality_pp,depth_m,s300_c099,-0.7667277046159846,-0.927917712603368,0.16119000798738337,True,748,119,14
trajectory_rank_quality_pp,depth_m,s300_c101,-0.7667277046159846,-0.7736928438475824,0.006965139231597806,True,751,119,14
trajectory_rank_quality_pp,depth_m,s300_c102,-0.7667277046159846,-0.7578096567661448,0.00891804784983985,True,750,119,14
trajectory_rank_quality_pp,depth_m,s300_c103,-0.7667277046159846,-0.45179613702698684,0.31493156758899776,True,747,119,14
trajectory_rank_quality_pp,depth_m,s300_c104,-0.7667277046159846,-0.7800419741746817,0.013314269558697078,True,746,119,14
trajectory_rank_quality_pp,depth_m,s300_c105,-0.7667277046159846,-0.7952259329125034,0.028498228296518824,True,748,119,14
trajectory_rank_quality_pp,depth_m,s300_c106,-0.7667277046159846,-0.811384246543535,0.04465654192755042,True,741,119,14
trajectory_rank_quality_pp,depth_m,s300_c107,-0.7667277046159846,-0.7317847534104326,0.03494295120555202,True,744,119,14
trajectory_rank_quality_pp,depth_m,s300_c109,-0.7667277046159846,-0.8139061031096921,0.04717839849370753,True,744,119,14
trajectory_rank_quality_pp,depth_m,s300_c110,-0.7667277046159846,-0.7658595835160922,0.0008681210998924271,True,746,119,14
trajectory_rank_quality_pp,depth_m,s300_c111,-0.7667277046159846,-0.6325509716564568,0.1341767329595278,True,741,119,14
trajectory_rank_quality_pp,depth_m,s300_c112,-0.7667277046159846,-0.6913280357035945,0.07539966891239014,True,750,119,14
trajectory_rank_quality_pp,depth_m,s300_c113,-0.7667277046159846,-0.8786684307120848,0.11194072609610017,True,743,119,14
trajectory_rank_quality_pp,depth_m,s300_c114,-0.7667277046159846,-0.7754300762503498,0.008702371634365158,True,747,119,14
trajectory_rank_quality_pp,depth_m,s300_c115,-0.7667277046159846,-0.762537153479851,0.004190551136133647,True,749,119,14
trajectory_rank_quality_pp,depth_m,s300_c118,-0.7667277046159846,-0.7635308941414806,0.0031968104745040415,True,750,119,14
trajectory_rank_quality_pp,depth_m,s300_c119,-0.7667277046159846,-0.9474491839503394,0.18072147933435478,True,748,119,14
trajectory_rank_quality_pp,depth_m,s300_c120,-0.7667277046159846,-0.8149802233617144,0.04825251874572978,True,742,119,14
trajectory_rank_quality_pp,depth_m,s300_c123,-0.7667277046159846,-0.7261750113298646,0.04055269328611999,True,739,119,14
trajectory_rank_quality_pp,depth_m,s300_c124,-0.7667277046159846,-0.7422563094583221,0.0244713951576625,True,748,119,14
trajectory_rank_quality_pp,depth_m,s300_c125,-0.7667277046159846,-0.7587627550713136,0.007964949544670974,True,746,119,14
trajectory_rank_quality_pp,depth_m,s300_c126,-0.7667277046159846,-0.6994195557901182,0.06730814882586644,True,747,119,14
trajectory_rank_quality_pp,depth_m,s300_c127,-0.7667277046159846,-0.6945530218048757,0.07217468281110895,True,734,119,14
trajectory_rank_quality_pp,depth_m,s300_c128,-0.7667277046159846,-0.7715691900858255,0.004841485469840867,True,741,119,14
trajectory_rank_quality_pp,depth_m,s300_c129,-0.7667277046159846,-0.7852575476244745,0.01852984300848992,True,741,119,14
trajectory_rank_quality_pp,depth_m,s300_c130,-0.7667277046159846,-0.7903679999397926,0.02364029532380796,True,729,119,14
trajectory_rank_quality_pp,depth_m,s300_c131,-0.7667277046159846,-0.7956939178793183,0.028966213263333707,True,751,119,14
trajectory_rank_quality_pp,depth_m,s300_c132,-0.7667277046159846,-0.7693003463704482,0.0025726417544635893,True,745,119,14
trajectory_rank_quality_pp,depth_m,s300_c134,-0.7667277046159846,-0.7511177619506814,0.015609942665303245,True,746,119,14
trajectory_rank_quality_pp,depth_m,s300_c135,-0.7667277046159846,-0.7765224426580222,0.009794738042037565,True,747,119,14
trajectory_rank_quality_pp,depth_m,s300_c137,-0.7667277046159846,-0.8909669482651357,0.12423924364915107,True,745,119,14
trajectory_rank_quality_pp,depth_m,s300_c138,-0.7667277046159846,-0.6023338016622173,0.16439390295376732,True,743,119,14
trajectory_rank_quality_pp,depth_m,s300_c139,-0.7667277046159846,-0.7207596388909058,0.04596806572507883,True,730,119,14
trajectory_rank_quality_pp,depth_m,s300_c140,-0.7667277046159846,-0.7408208136756319,0.0259068909403527,True,750,119,14
trajectory_rank_quality_pp,depth_m,s300_c141,-0.7667277046159846,-0.74989618386734,0.01683152074864458,True,750,119,14
trajectory_rank_quality_pp,kelp_species_contrast,s300_c000,2.65009222769952,2.6607626894530063,0.010670461753486293,True,734,119,14
trajectory_rank_quality_pp,kelp_species_contrast,s300_c001,2.65009222769952,2.2092378145352614,0.44085441316425866,True,724,119,14
trajectory_rank_quality_pp,kelp_species_contrast,s300_c002,2.65009222769952,2.956687256052245,0.3065950283527248,True,724,119,14
trajectory_rank_quality_pp,kelp_species_contrast,s300_c003,2.65009222769952,2.565733263393167,0.08435896430635292,True,723,119,14
trajectory_rank_quality_pp,kelp_species_contrast,s300_c004,2.65009222769952,2.6350228170092054,0.015069410690314644,True,729,119,14
trajectory_rank_quality_pp,kelp_species_contrast,s300_c006,2.65009222769952,2.715174318439486,0.06508209073996607,True,729,119,14
trajectory_rank_quality_pp,kelp_species_contrast,s300_c007,2.65009222769952,2.704214307256577,0.054122079557056946,True,734,119,14
trajectory_rank_quality_pp,kelp_species_contrast,s300_c008,2.65009222769952,2.5628093297835846,0.08728289791593546,True,726,119,14
trajectory_rank_quality_pp,kelp_species_contrast,s300_c009,2.65009222769952,2.6524430692180525,0.002350841518532487,True,734,119,14
trajectory_rank_quality_pp,kelp_species_contrast,s300_c010,2.65009222769952,2.7606794657958016,0.11058723809628157,True,727,119,14
trajectory_rank_quality_pp,kelp_species_contrast,s300_c011,2.65009222769952,2.663117650091977,0.013025422392456854,True,730,119,14
trajectory_rank_quality_pp,kelp_species_contrast,s300_c012,2.65009222769952,2.5528244838849394,0.09726774381458059,True,726,119,14
trajectory_rank_quality_pp,kelp_species_contrast,s300_c013,2.65009222769952,2.7666635113552434,0.11657128365572333,True,713,119,14
trajectory_rank_quality_pp,kelp_species_contrast,s300_c014,2.65009222769952,2.6597713182126355,0.00967909051311544,True,733,119,14
trajectory_rank_quality_pp,kelp_species_contrast,s300_c015,2.65009222769952,2.64114965492958,0.00894257276994015,True,729,119,14
trajectory_rank_quality_pp,kelp_species_contrast,s300_c016,2.65009222769952,3.461969876267586,0.8118776485680659,True,661,119,14
trajectory_rank_quality_pp,kelp_species_contrast,s300_c019,2.65009222769952,2.645461707803255,0.00463051989626484,True,730,119,14
trajectory_rank_quality_pp,kelp_species_contrast,s300_c020,2.65009222769952,2.6472134863397354,0.002878741359784609,True,731,119,14
trajectory_rank_quality_pp,kelp_species_contrast,s300_c021,2.65009222769952,2.806941914104809,0.15684968640528885,True,731,119,14
trajectory_rank_quality_pp,kelp_species_contrast,s300_c022,2.65009222769952,2.4504707511274972,0.19962147657202278,True,731,119,14
trajectory_rank_quality_pp,kelp_species_contrast,s300_c023,2.65009222769952,2.6321555800655467,0.01793664763397329,True,729,119,14
trajectory_rank_quality_pp,kelp_species_contrast,s300_c025,2.65009222769952,2.670366311479822,0.020274083780301932,True,733,119,14
trajectory_rank_quality_pp,kelp_species_contrast,s300_c026,2.65009222769952,2.574342708099703,0.07574951959981702,True,733,119,14
trajectory_rank_quality_pp,kelp_species_contrast,s300_c027,2.65009222769952,2.6396778869835438,0.010414340715976245,True,734,119,14
trajectory_rank_quality_pp,kelp_species_contrast,s300_c028,2.65009222769952,2.6890922107894015,0.03899998308988151,True,734,119,14
trajectory_rank_quality_pp,kelp_species_contrast,s300_c029,2.65009222769952,2.6146765352902,0.035415692409320076,True,733,119,14
trajectory_rank_quality_pp,kelp_species_contrast,s300_c030,2.65009222769952,2.6229770034861324,0.027115224213387634,True,733,119,14
trajectory_rank_quality_pp,kelp_species_contrast,s300_c031,2.65009222769952,2.767113382272403,0.1170211545728832,True,731,119,14
trajectory_rank_quality_pp,kelp_species_contrast,s300_c032,2.65009222769952,2.6158952958573023,0.034196931842217726,True,734,119,14
trajectory_rank_quality_pp,kelp_species_contrast,s300_c033,2.65009222769952,2.7027357552842632,0.05264352758474322,True,734,119,14
trajectory_rank_quality_pp,kelp_species_contrast,s300_c034,2.65009222769952,2.8722258134408145,0.2221335857412945,True,732,119,14
trajectory_rank_quality_pp,kelp_species_contrast,s300_c035,2.65009222769952,2.680887090048021,0.030794862348500818,True,729,119,14
trajectory_rank_quality_pp,kelp_species_contrast,s300_c037,2.65009222769952,2.7700190356580694,0.11992680795854938,True,731,119,14
trajectory_rank_quality_pp,kelp_species_contrast,s300_c038,2.65009222769952,2.6697541010522725,0.01966187335275249,True,728,119,14
trajectory_rank_quality_pp,kelp_species_contrast,s300_c039,2.65009222769952,2.6569610113379047,0.006868783638384723,True,734,119,14
trajectory_rank_quality_pp,kelp_species_contrast,s300_c040,2.65009222769952,2.648993046508179,0.0010991811913410032,True,733,119,14
trajectory_rank_quality_pp,kelp_species_contrast,s300_c041,2.65009222769952,2.723837298842791,0.073745071143271,True,734,119,14
trajectory_rank_quality_pp,kelp_species_contrast,s300_c044,2.65009222769952,2.608169835894431,0.04192239180508883,True,732,119,14
trajectory_rank_quality_pp,kelp_species_contrast,s300_c045,2.65009222769952,2.69748113665118,0.047388908951659925,True,734,119,14
trajectory_rank_quality_pp,kelp_species_contrast,s300_c046,2.65009222769952,2.628682392197136,0.021409835502383956,True,734,119,14
trajectory_rank_quality_pp,kelp_species_contrast,s300_c047,2.65009222769952,2.1323129979499345,0.5177792297495856,True,733,119,14
trajectory_rank_quality_pp,kelp_species_contrast,s300_c048,2.65009222769952,2.6823061876029706,0.03221395990345055,True,731,119,14
trajectory_rank_quality_pp,kelp_species_contrast,s300_c049,2.65009222769952,2.62561517981664,0.024477047882879965,True,734,119,14
trajectory_rank_quality_pp,kelp_species_contrast,s300_c050,2.65009222769952,2.5767578336860097,0.07333439401351027,True,729,119,14
trajectory_rank_quality_pp,kelp_species_contrast,s300_c051,2.65009222769952,2.860959110886624,0.21086688318710411,True,723,119,14
trajectory_rank_quality_pp,kelp_species_contrast,s300_c052,2.65009222769952,3.1189660012979656,0.4688737735984456,True,729,119,14
trajectory_rank_quality_pp,kelp_species_contrast,s300_c053,2.65009222769952,2.891512490150448,0.24142026245092785,True,731,119,14
trajectory_rank_quality_pp,kelp_species_contrast,s300_c054,2.65009222769952,2.574429911639045,0.07566231606047502,True,723,119,14
trajectory_rank_quality_pp,kelp_species_contrast,s300_c055,2.65009222769952,2.5567292405670536,0.09336298713246638,True,732,119,14
trajectory_rank_quality_pp,kelp_species_contrast,s300_c057,2.65009222769952,2.802514558073357,0.1524223303738368,True,719,119,14
trajectory_rank_quality_pp,kelp_species_contrast,s300_c058,2.65009222769952,2.785556612084356,0.13546438438483577,True,725,119,14
trajectory_rank_quality_pp,kelp_species_contrast,s300_c059,2.65009222769952,2.595519108374142,0.054573119325378006,True,732,119,14
trajectory_rank_quality_pp,kelp_species_contrast,s300_c060,2.65009222769952,2.7477745277946344,0.09768230009511436,True,723,119,14
trajectory_rank_quality_pp,kelp_species_contrast,s300_c061,2.65009222769952,2.617331719796351,0.03276050790316898,True,729,119,14
trajectory_rank_quality_pp,kelp_species_contrast,s300_c062,2.65009222769952,2.6848975355699776,0.03480530787045755,True,734,119,14
trajectory_rank_quality_pp,kelp_species_contrast,s300_c063,2.65009222769952,2.8146374239469623,0.16454519624744224,True,730,119,14
trajectory_rank_quality_pp,kelp_species_contrast,s300_c065,2.65009222769952,2.601019946810933,0.04907228088858684,True,726,119,14
trajectory_rank_quality_pp,kelp_species_contrast,s300_c066,2.65009222769952,2.6590524133265268,0.008960185627006734,True,728,119,14
trajectory_rank_quality_pp,kelp_species_contrast,s300_c067,2.65009222769952,2.617165958458531,0.03292626924098885,True,734,119,14
trajectory_rank_quality_pp,kelp_species_contrast,s300_c068,2.65009222769952,2.9098999137164907,0.2598076860169707,True,710,119,14
trajectory_rank_quality_pp,kelp_species_contrast,s300_c069,2.65009222769952,2.413234539595255,0.23685768810426522,True,729,119,14
trajectory_rank_quality_pp,kelp_species_contrast,s300_c071,2.65009222769952,2.6951152325855343,0.045023004886014295,True,714,119,14
trajectory_rank_quality_pp,kelp_species_contrast,s300_c072,2.65009222769952,2.636756296250814,0.013335931448705818,True,734,119,14
trajectory_rank_quality_pp,kelp_species_contrast,s300_c073,2.65009222769952,2.612529451403555,0.03756277629596516,True,734,119,14
trajectory_rank_quality_pp,kelp_species_contrast,s300_c074,2.65009222769952,2.6246440704811866,0.025448157218333378,True,730,119,14
trajectory_rank_quality_pp,kelp_species_contrast,s300_c075,2.65009222769952,2.539902960271825,0.11018926742769519,True,730,119,14
trajectory_rank_quality_pp,kelp_species_contrast,s300_c077,2.65009222769952,2.632946333922466,0.01714589377705389,True,733,119,14
trajectory_rank_quality_pp,kelp_species_contrast,s300_c078,2.65009222769952,2.585833120848318,0.06425910685120195,True,732,119,14
trajectory_rank_quality_pp,kelp_species_contrast,s300_c079,2.65009222769952,2.6579999905023524,0.007907762802832341,True,734,119,14
trajectory_rank_quality_pp,kelp_species_contrast,s300_c080,2.65009222769952,2.5439106659920885,0.10618156170743154,True,722,119,14
trajectory_rank_quality_pp,kelp_species_contrast,s300_c081,2.65009222769952,2.5885137135072918,0.06157851419222826,True,734,119,14
trajectory_rank_quality_pp,kelp_species_contrast,s300_c084,2.65009222769952,2.6963434370889714,0.046251209389451375,True,734,119,14
trajectory_rank_quality_pp,kelp_species_contrast,s300_c085,2.65009222769952,2.6827872448382775,0.03269501713875744,True,734,119,14
trajectory_rank_quality_pp,kelp_species_contrast,s300_c086,2.65009222769952,2.6260113460281542,0.024080881671365795,True,733,119,14
trajectory_rank_quality_pp,kelp_species_contrast,s300_c087,2.65009222769952,2.709118285627127,0.059026057927606956,True,727,119,14
trajectory_rank_quality_pp,kelp_species_contrast,s300_c088,2.65009222769952,2.628266739059612,0.021825488639907853,True,734,119,14
trajectory_rank_quality_pp,kelp_species_contrast,s300_c089,2.65009222769952,2.826095209540756,0.17600298184123586,True,721,119,14
trajectory_rank_quality_pp,kelp_species_contrast,s300_c090,2.65009222769952,2.4841699409585853,0.16592228674093468,True,734,119,14
trajectory_rank_quality_pp,kelp_species_contrast,s300_c091,2.65009222769952,2.703335306897104,0.0532430791975842,True,734,119,14
trajectory_rank_quality_pp,kelp_species_contrast,s300_c092,2.65009222769952,2.7292308572641546,0.07913862956463458,True,731,119,14
trajectory_rank_quality_pp,kelp_species_contrast,s300_c093,2.65009222769952,2.6443475812550408,0.005744646444479251,True,734,119,14
trajectory_rank_quality_pp,kelp_species_contrast,s300_c094,2.65009222769952,2.63400036317456,0.01609186452495992,True,733,119,14
trajectory_rank_quality_pp,kelp_species_contrast,s300_c096,2.65009222769952,2.6951739237881096,0.045081696088589585,True,731,119,14
trajectory_rank_quality_pp,kelp_species_contrast,s300_c097,2.65009222769952,2.6511619623768756,0.001069734677355605,True,734,119,14
trajectory_rank_quality_pp,kelp_species_contrast,s300_c098,2.65009222769952,2.695859649156872,0.0457674214573518,True,733,119,14
trajectory_rank_quality_pp,kelp_species_contrast,s300_c099,2.65009222769952,2.4191552735522492,0.23093695414727078,True,732,119,14
trajectory_rank_quality_pp,kelp_species_contrast,s300_c101,2.65009222769952,2.654971513746336,0.004879286046815867,True,734,119,14
trajectory_rank_quality_pp,kelp_species_contrast,s300_c102,2.65009222769952,2.6682914145525647,0.01819918685304467,True,734,119,14
trajectory_rank_quality_pp,kelp_species_contrast,s300_c103,2.65009222769952,2.2416810192299748,0.40841120846954526,True,730,119,14
trajectory_rank_quality_pp,kelp_species_contrast,s300_c104,2.65009222769952,2.7465624793350027,0.09647025163548273,True,729,119,14
trajectory_rank_quality_pp,kelp_species_contrast,s300_c105,2.65009222769952,2.6808762629832774,0.030784035283757394,True,731,119,14
trajectory_rank_quality_pp,kelp_species_contrast,s300_c106,2.65009222769952,2.5983436440227514,0.0517485836767686,True,725,119,14
trajectory_rank_quality_pp,kelp_species_contrast,s300_c107,2.65009222769952,2.5861888115270277,0.06390341617249229,True,728,119,14
trajectory_rank_quality_pp,kelp_species_contrast,s300_c109,2.65009222769952,2.483613237520575,0.16647899017894519,True,727,119,14
trajectory_rank_quality_pp,kelp_species_contrast,s300_c110,2.65009222769952,2.7467190224261024,0.09662679472658242,True,729,119,14
trajectory_rank_quality_pp,kelp_species_contrast,s300_c111,2.65009222769952,2.4491099222094928,0.20098230549002727,True,726,119,14
trajectory_rank_quality_pp,kelp_species_contrast,s300_c112,2.65009222769952,2.651123322873907,0.0010310951743868202,True,733,119,14
trajectory_rank_quality_pp,kelp_species_contrast,s300_c113,2.65009222769952,2.7532307383196986,0.10313851062017854,True,728,119,14
trajectory_rank_quality_pp,kelp_species_contrast,s300_c114,2.65009222769952,2.62968685972928,0.02040536797023984,True,730,119,14
trajectory_rank_quality_pp,kelp_species_contrast,s300_c115,2.65009222769952,2.6760414272041193,0.025949199504599285,True,732,119,14
trajectory_rank_quality_pp,kelp_species_contrast,s300_c118,2.65009222769952,2.682953905513134,0.032861677813614154,True,733,119,14
trajectory_rank_quality_pp,kelp_species_contrast,s300_c119,2.65009222769952,2.679733104358011,0.0296408766584908,True,731,119,14
trajectory_rank_quality_pp,kelp_species_contrast,s300_c120,2.65009222769952,2.4699636916979264,0.18012853600159362,True,725,119,14
trajectory_rank_quality_pp,kelp_species_contrast,s300_c123,2.65009222769952,2.6772274949283386,0.027135267228818538,True,722,119,14
trajectory_rank_quality_pp,kelp_species_contrast,s300_c124,2.65009222769952,2.6111975651990393,0.03889466250048068,True,731,119,14
trajectory_rank_quality_pp,kelp_species_contrast,s300_c125,2.65009222769952,2.719242631528236,0.06915040382871585,True,730,119,14
trajectory_rank_quality_pp,kelp_species_contrast,s300_c126,2.65009222769952,2.730056690250043,0.07996446255052314,True,731,119,14
trajectory_rank_quality_pp,kelp_species_contrast,s300_c127,2.65009222769952,2.963912239945515,0.3138200122459951,True,721,119,14
trajectory_rank_quality_pp,kelp_species_contrast,s300_c128,2.65009222769952,2.6969914058602154,0.04689917816069533,True,725,119,14
trajectory_rank_quality_pp,kelp_species_contrast,s300_c129,2.65009222769952,2.6935289127679978,0.043436685068477754,True,725,119,14
trajectory_rank_quality_pp,kelp_species_contrast,s300_c130,2.65009222769952,2.4783565296395613,0.1717356980599587,True,712,119,14
trajectory_rank_quality_pp,kelp_species_contrast,s300_c131,2.65009222769952,2.6349267427859604,0.015165484913559624,True,734,119,14
trajectory_rank_quality_pp,kelp_species_contrast,s300_c132,2.65009222769952,2.3885716577842464,0.2615205699152736,True,728,119,14
trajectory_rank_quality_pp,kelp_species_contrast,s300_c134,2.65009222769952,2.6231627678840694,0.026929459815450585,True,729,119,14
trajectory_rank_quality_pp,kelp_species_contrast,s300_c135,2.65009222769952,2.669296236803516,0.019204009103996,True,730,119,14
trajectory_rank_quality_pp,kelp_species_contrast,s300_c137,2.65009222769952,2.378940542532958,0.27115168516656185,True,728,119,14
trajectory_rank_quality_pp,kelp_species_contrast,s300_c138,2.65009222769952,2.2940683114999945,0.35602391619952556,True,726,119,14
trajectory_rank_quality_pp,kelp_species_contrast,s300_c139,2.65009222769952,2.4988942787429744,0.1511979489565456,True,714,119,14
trajectory_rank_quality_pp,kelp_species_contrast,s300_c140,2.65009222769952,2.676064436870277,0.025972209170757043,True,733,119,14
trajectory_rank_quality_pp,kelp_species_contrast,s300_c141,2.65009222769952,2.692746417571077,0.04265418987155689,True,733,119,14
trajectory_false_negative,grazing_log1p,s300_c001,0.053268761807666654,0.0597279985033433,0.006459236695676648,True,323,95,14
trajectory_false_negative,grazing_log1p,s300_c002,0.053268761807666654,0.055201945355925736,0.001933183548259082,True,321,95,14
trajectory_false_negative,grazing_log1p,s300_c003,0.053268761807666654,0.04363500190440715,0.0096337599032595,True,319,95,14
trajectory_false_negative,grazing_log1p,s300_c004,0.053268761807666654,0.04942082765901527,0.00384793414865138,True,323,95,14
trajectory_false_negative,grazing_log1p,s300_c006,0.053268761807666654,0.05397323189346182,0.0007044700857951683,True,325,95,14
trajectory_false_negative,grazing_log1p,s300_c008,0.053268761807666654,0.0538273201560822,0.0005585583484155471,True,324,95,14
trajectory_false_negative,grazing_log1p,s300_c009,0.053268761807666654,0.0530342716925813,0.00023449011508535483,True,325,95,14
trajectory_false_negative,grazing_log1p,s300_c010,0.053268761807666654,0.05188231074540781,0.0013864510622588408,True,322,95,14
trajectory_false_negative,grazing_log1p,s300_c011,0.053268761807666654,0.059568560782254795,0.006299798974588142,True,323,95,14
trajectory_false_negative,grazing_log1p,s300_c012,0.053268761807666654,0.05736171348341524,0.0040929516757485865,True,321,95,14
trajectory_false_negative,grazing_log1p,s300_c013,0.053268761807666654,0.05284273098288511,0.00042603082478154253,True,324,95,14
trajectory_false_negative,grazing_log1p,s300_c014,0.053268761807666654,0.05113189428498584,0.002136867522680816,True,325,95,14
trajectory_false_negative,grazing_log1p,s300_c015,0.053268761807666654,0.054593657903517126,0.0013248960958504724,True,324,95,14
trajectory_false_negative,grazing_log1p,s300_c016,0.053268761807666654,0.04548862538274612,0.007780136424920536,True,293,95,14
trajectory_false_negative,grazing_log1p,s300_c019,0.053268761807666654,0.05587343163881722,0.002604669831150569,True,325,95,14
trajectory_false_negative,grazing_log1p,s300_c020,0.053268761807666654,0.05587343163881722,0.002604669831150569,True,325,95,14
trajectory_false_negative,grazing_log1p,s300_c022,0.053268761807666654,0.05870918486806602,0.005440423060399366,True,325,95,14
trajectory_false_negative,grazing_log1p,s300_c023,0.053268761807666654,0.0562873008046207,0.0030185389969540483,True,324,95,14
trajectory_false_negative,grazing_log1p,s300_c025,0.053268761807666654,0.05261738743886083,0.0006513743688058224,True,325,95,14
trajectory_false_negative,grazing_log1p,s300_c026,0.053268761807666654,0.05370712161743337,0.00043835980976671823,True,325,95,14
trajectory_false_negative,grazing_log1p,s300_c028,0.053268761807666654,0.05374919615085032,0.00048043434318366385,True,325,95,14
trajectory_false_negative,grazing_log1p,s300_c030,0.053268761807666654,0.054052406952522024,0.0007836451448553702,True,324,95,14
trajectory_false_negative,grazing_log1p,s300_c034,0.053268761807666654,0.05375198961846952,0.0004832278108028651,True,325,95,14
trajectory_false_negative,grazing_log1p,s300_c035,0.053268761807666654,0.05741854045112357,0.0041497786434569195,True,322,95,14
trajectory_false_negative,grazing_log1p,s300_c037,0.053268761807666654,0.055478438819431444,0.0022096770117647907,True,322,95,14
trajectory_false_negative,grazing_log1p,s300_c038,0.053268761807666654,0.050351011922278685,0.0029177498853879685,True,321,95,14
trajectory_false_negative,grazing_log1p,s300_c039,0.053268761807666654,0.05178569493269511,0.0014830668749715448,True,325,95,14
trajectory_false_negative,grazing_log1p,s300_c040,0.053268761807666654,0.05356962182380953,0.0003008600161428787,True,325,95,14
trajectory_false_negative,grazing_log1p,s300_c041,0.053268761807666654,0.05234266616650873,0.0009260956411579202,True,325,95,14
trajectory_false_negative,grazing_log1p,s300_c044,0.053268761807666654,0.053844076930235726,0.0005753151225690728,True,325,95,14
trajectory_false_negative,grazing_log1p,s300_c045,0.053268761807666654,0.05328149442876783,1.2732621101178843e-05,True,325,95,14
trajectory_false_negative,grazing_log1p,s300_c048,0.053268761807666654,0.05116244345362927,0.0021063183540373856,True,324,95,14
trajectory_false_negative,grazing_log1p,s300_c049,0.053268761807666654,0.04854504896767643,0.004723712839990221,True,325,95,14
trajectory_false_negative,grazing_log1p,s300_c050,0.053268761807666654,0.05405290978054518,0.0007841479728785267,True,325,95,14
trajectory_false_negative,grazing_log1p,s300_c051,0.053268761807666654,0.05043420206106532,0.0028345597466013367,True,317,95,14
trajectory_false_negative,grazing_log1p,s300_c052,0.053268761807666654,0.05289359942468964,0.0003751623829770165,True,322,95,14
trajectory_false_negative,grazing_log1p,s300_c054,0.053268761807666654,0.052715520994493614,0.0005532408131730393,True,322,95,14
trajectory_false_negative,grazing_log1p,s300_c055,0.053268761807666654,0.05133300007200854,0.001935761735658112,True,324,95,14
trajectory_false_negative,grazing_log1p,s300_c057,0.053268761807666654,0.05455114615081848,0.001282384343151824,True,319,95,14
trajectory_false_negative,grazing_log1p,s300_c058,0.053268761807666654,0.051583645942168244,0.00168511586549841,True,321,95,14
trajectory_false_negative,grazing_log1p,s300_c059,0.053268761807666654,0.05184582180026588,0.001422940007400772,True,324,95,14
trajectory_false_negative,grazing_log1p,s300_c060,0.053268761807666654,0.05284475152963118,0.0004240102780354721,True,325,95,14
trajectory_false_negative,grazing_log1p,s300_c061,0.053268761807666654,0.04949519382809786,0.0037735679795687926,True,321,95,14
trajectory_false_negative,grazing_log1p,s300_c062,0.053268761807666654,0.05753935117148957,0.0042705893638229145,True,325,95,14
trajectory_false_negative,grazing_log1p,s300_c063,0.053268761807666654,0.05392222053516794,0.000653458727501284,True,322,95,14
trajectory_false_negative,grazing_log1p,s300_c065,0.053268761807666654,0.05521506615020266,0.0019463043425360094,True,317,95,14
trajectory_false_negative,grazing_log1p,s300_c066,0.053268761807666654,0.053760518384874015,0.0004917565772073612,True,324,95,14
trajectory_false_negative,grazing_log1p,s300_c068,0.053268761807666654,0.05346265612404948,0.00019389431638282967,True,316,95,14
trajectory_false_negative,grazing_log1p,s300_c069,0.053268761807666654,0.05000462975754527,0.003264132050121382,True,322,95,14
trajectory_false_negative,grazing_log1p,s300_c071,0.053268761807666654,0.051505764564568395,0.001762997243098259,True,318,95,14
trajectory_false_negative,grazing_log1p,s300_c074,0.053268761807666654,0.05242509346232292,0.0008436683453437316,True,324,95,14
trajectory_false_negative,grazing_log1p,s300_c075,0.053268761807666654,0.052946732921153705,0.00032202888651294836,True,323,95,14
trajectory_false_negative,grazing_log1p,s300_c077,0.053268761807666654,0.05223176119373524,0.0010370006139314158,True,324,95,14
trajectory_false_negative,grazing_log1p,s300_c078,0.053268761807666654,0.04827942115547025,0.004989340652196403,True,324,95,14
trajectory_false_negative,grazing_log1p,s300_c080,0.053268761807666654,0.05369661707063281,0.0004278552629661536,True,321,95,14
trajectory_false_negative,grazing_log1p,s300_c084,0.053268761807666654,0.052837530984752114,0.0004312308229145398,True,325,95,14
trajectory_false_negative,grazing_log1p,s300_c085,0.053268761807666654,0.05287918937094547,0.00038957243672118474,True,325,95,14
trajectory_false_negative,grazing_log1p,s300_c086,0.053268761807666654,0.04968984751344244,0.003578914294224217,True,324,95,14
trajectory_false_negative,grazing_log1p,s300_c087,0.053268761807666654,0.05037675613350291,0.0028920056741637418,True,323,95,14
trajectory_false_negative,grazing_log1p,s300_c088,0.053268761807666654,0.05374919615085017,0.00048043434318351813,True,325,95,14
trajectory_false_negative,grazing_log1p,s300_c089,0.053268761807666654,0.051520660571517496,0.0017481012361491577,True,322,95,14
trajectory_false_negative,grazing_log1p,s300_c090,0.053268761807666654,0.05415831115671375,0.0008895493490470932,True,325,95,14
trajectory_false_negative,grazing_log1p,s300_c096,0.053268761807666654,0.05171093503236314,0.001557826775303514,True,325,95,14
trajectory_false_negative,grazing_log1p,s300_c097,0.053268761807666654,0.051609993275554066,0.001658768532112588,True,325,95,14
trajectory_false_negative,grazing_log1p,s300_c098,0.053268761807666654,0.05946172412921545,0.006192962321548798,True,324,95,14
trajectory_false_negative,grazing_log1p,s300_c101,0.053268761807666654,0.05346561228841157,0.0001968504807449145,True,325,95,14
trajectory_false_negative,grazing_log1p,s300_c103,0.053268761807666654,0.06030187681456277,0.007033115006896115,True,321,95,14
trajectory_false_negative,grazing_log1p,s300_c104,0.053268761807666654,0.051549536177888364,0.0017192256297782899,True,324,95,14
trajectory_false_negative,grazing_log1p,s300_c105,0.053268761807666654,0.050261465148010165,0.0030072966596564887,True,322,95,14
trajectory_false_negative,grazing_log1p,s300_c106,0.053268761807666654,0.053440836059066604,0.0001720742513999507,True,324,95,14
trajectory_false_negative,grazing_log1p,s300_c107,0.053268761807666654,0.054458164909209225,0.0011894031015425716,True,321,95,14
trajectory_false_negative,grazing_log1p,s300_c109,0.053268761807666654,0.05123415925307082,0.002034602554595831,True,323,95,14
trajectory_false_negative,grazing_log1p,s300_c110,0.053268761807666654,0.054354299157237336,0.0010855373495706824,True,322,95,14
trajectory_false_negative,grazing_log1p,s300_c111,0.053268761807666654,0.05456786939496282,0.0012991075872961638,True,323,95,14
trajectory_false_negative,grazing_log1p,s300_c112,0.053268761807666654,0.051605620178482234,0.0016631416291844198,True,324,95,14
trajectory_false_negative,grazing_log1p,s300_c113,0.053268761807666654,0.05426198822408263,0.000993226416415978,True,321,95,14
trajectory_false_negative,grazing_log1p,s300_c114,0.053268761807666654,0.05709418815049459,0.0038254263428279395,True,324,95,14
trajectory_false_negative,grazing_log1p,s300_c115,0.053268761807666654,0.05994768307493814,0.006678921267271487,True,323,95,14
trajectory_false_negative,grazing_log1p,s300_c118,0.053268761807666654,0.05489397920220164,0.0016252173945349863,True,325,95,14
trajectory_false_negative,grazing_log1p,s300_c119,0.053268761807666654,0.050493043149483274,0.0027757186581833793,True,322,95,14
trajectory_false_negative,grazing_log1p,s300_c120,0.053268761807666654,0.05224697812771734,0.0010217836799493105,True,323,95,14
trajectory_false_negative,grazing_log1p,s300_c123,0.053268761807666654,0.049388755361930374,0.0038800064457362796,True,323,95,14
trajectory_false_negative,grazing_log1p,s300_c125,0.053268761807666654,0.05287037951235448,0.00039838229531217323,True,323,95,14
trajectory_false_negative,grazing_log1p,s300_c126,0.053268761807666654,0.05246527948823071,0.0008034823194359442,True,323,95,14
trajectory_false_negative,grazing_log1p,s300_c127,0.053268761807666654,0.05754408759840173,0.004275325790735078,True,320,95,14
trajectory_false_negative,grazing_log1p,s300_c128,0.053268761807666654,0.054515001498594104,0.0012462396909274503,True,319,95,14
trajectory_false_negative,grazing_log1p,s300_c129,0.053268761807666654,0.05135295601078363,0.0019158057968830244,True,319,95,14
trajectory_false_negative,grazing_log1p,s300_c130,0.053268761807666654,0.05581287628886342,0.002544114481196763,True,318,95,14
trajectory_false_negative,grazing_log1p,s300_c132,0.053268761807666654,0.05796165281512602,0.004692891007459364,True,321,95,14
trajectory_false_negative,grazing_log1p,s300_c134,0.053268761807666654,0.05206726704568085,0.0012014947619858052,True,323,95,14
trajectory_false_negative,grazing_log1p,s300_c135,0.053268761807666654,0.053946597224261254,0.0006778354165946007,True,325,95,14
trajectory_false_negative,grazing_log1p,s300_c137,0.053268761807666654,0.05412916849798506,0.0008604066903184077,True,324,95,14
trajectory_false_negative,grazing_log1p,s300_c138,0.053268761807666654,0.05166683370894921,0.0016019280987174464,True,321,95,14
trajectory_false_negative,grazing_log1p,s300_c139,0.053268761807666654,0.04752215944749688,0.0057466023601697724,True,317,95,14
trajectory_false_negative,grazing_log1p,s300_c140,0.053268761807666654,0.05290591131284913,0.0003628504948175251,True,325,95,14
trajectory_false_negative,grazing_log1p,s300_c141,0.053268761807666654,0.05397323189346209,0.0007044700857954389,True,325,95,14
trajectory_false_negative,rock_probability,s300_c001,-0.01440102247882133,-0.013760806378184526,0.0006402161006368035,True,334,95,14
trajectory_false_negative,rock_probability,s300_c002,-0.01440102247882133,-0.01885065681664541,0.004449634337824082,True,332,95,14
trajectory_false_negative,rock_probability,s300_c003,-0.01440102247882133,-0.013639526381476044,0.000761496097345285,True,330,95,14
trajectory_false_negative,rock_probability,s300_c004,-0.01440102247882133,-0.014869901558515072,0.0004688790796937431,True,334,95,14
trajectory_false_negative,rock_probability,s300_c006,-0.01440102247882133,-0.014220380615958012,0.00018064186286331774,True,336,95,14
trajectory_false_negative,rock_probability,s300_c008,-0.01440102247882133,-0.013218420398164232,0.001182602080657097,True,335,95,14
trajectory_false_negative,rock_probability,s300_c009,-0.01440102247882133,-0.01489414212747811,0.0004931196486567813,True,336,95,14
trajectory_false_negative,rock_probability,s300_c010,-0.01440102247882133,-0.01215126573925121,0.002249756739570119,True,333,95,14
trajectory_false_negative,rock_probability,s300_c011,-0.01440102247882133,-0.012073567920197564,0.002327454558623765,True,334,95,14
trajectory_false_negative,rock_probability,s300_c012,-0.01440102247882133,-0.015181007120172924,0.0007799846413515943,True,332,95,14
trajectory_false_negative,rock_probability,s300_c013,-0.01440102247882133,-0.01522511724469569,0.0008240947658743614,True,335,95,14
trajectory_false_negative,rock_probability,s300_c014,-0.01440102247882133,-0.014865447714209862,0.00046442523538853253,True,336,95,14
trajectory_false_negative,rock_probability,s300_c015,-0.01440102247882133,-0.014708053351488698,0.0003070308726673687,True,335,95,14
trajectory_false_negative,rock_probability,s300_c016,-0.01440102247882133,-0.017195736218167258,0.002794713739345929,True,304,95,14
trajectory_false_negative,rock_probability,s300_c019,-0.01440102247882133,-0.01486511137352206,0.00046408889470073156,True,336,95,14
trajectory_false_negative,rock_probability,s300_c020,-0.01440102247882133,-0.014118899575634142,0.00028212290318718747,True,336,95,14
trajectory_false_negative,rock_probability,s300_c022,-0.01440102247882133,-0.018153720776549337,0.0037526982977280077,True,336,95,14
trajectory_false_negative,rock_probability,s300_c023,-0.01440102247882133,-0.013826973632793504,0.0005740488460278248,True,335,95,14
trajectory_false_negative,rock_probability,s300_c025,-0.01440102247882133,-0.013203101547601875,0.0011979209312194539,True,336,95,14
trajectory_false_negative,rock_probability,s300_c026,-0.01440102247882133,-0.015859567588808465,0.001458545109987136,True,336,95,14
trajectory_false_negative,rock_probability,s300_c028,-0.01440102247882133,-0.014249123390934454,0.00015189908788687534,True,336,95,14
trajectory_false_negative,rock_probability,s300_c030,-0.01440102247882133,-0.014819236492220444,0.00041821401339911524,True,335,95,14
trajectory_false_negative,rock_probability,s300_c034,-0.01440102247882133,-0.015426733908551149,0.0010257114297298198,True,335,95,14
trajectory_false_negative,rock_probability,s300_c035,-0.01440102247882133,-0.01295033046556568,0.00145069201325565,True,333,95,14
trajectory_false_negative,rock_probability,s300_c037,-0.01440102247882133,-0.014852839322668884,0.00045181684384755505,True,333,95,14
trajectory_false_negative,rock_probability,s300_c038,-0.01440102247882133,-0.007846417040786549,0.00655460543803478,True,332,95,14
trajectory_false_negative,rock_probability,s300_c039,-0.01440102247882133,-0.014361251355806987,3.977112301434271e-05,True,336,95,14
trajectory_false_negative,rock_probability,s300_c040,-0.01440102247882133,-0.014788846973748576,0.0003878244949272469,True,336,95,14
trajectory_false_negative,rock_probability,s300_c041,-0.01440102247882133,-0.014019666866247116,0.00038135561257421347,True,336,95,14
trajectory_false_negative,rock_probability,s300_c044,-0.01440102247882133,-0.01411839864325315,0.0002826238355681798,True,336,95,14
trajectory_false_negative,rock_probability,s300_c045,-0.01440102247882133,-0.01427382694640647,0.00012719553241485881,True,336,95,14
trajectory_false_negative,rock_probability,s300_c048,-0.01440102247882133,-0.013359455476302018,0.0010415670025193113,True,335,95,14
trajectory_false_negative,rock_probability,s300_c049,-0.01440102247882133,-0.014790262120097403,0.00038923964127607347,True,336,95,14
trajectory_false_negative,rock_probability,s300_c050,-0.01440102247882133,-0.017556580596795157,0.003155558117973828,True,336,95,14
trajectory_false_negative,rock_probability,s300_c051,-0.01440102247882133,-0.017684329774230706,0.0032833072954093767,True,328,95,14
trajectory_false_negative,rock_probability,s300_c052,-0.01440102247882133,-0.01444641488757957,4.53924087582408e-05,True,333,95,14
trajectory_false_negative,rock_probability,s300_c054,-0.01440102247882133,-0.011380151553116016,0.003020870925705313,True,333,95,14
trajectory_false_negative,rock_probability,s300_c055,-0.01440102247882133,-0.014329940152802811,7.108232601851783e-05,True,335,95,14
trajectory_false_negative,rock_probability,s300_c057,-0.01440102247882133,-0.014851725351577194,0.00045070287275586485,True,330,95,14
trajectory_false_negative,rock_probability,s300_c058,-0.01440102247882133,-0.014724953427165705,0.0003239309483443753,True,332,95,14
trajectory_false_negative,rock_probability,s300_c059,-0.01440102247882133,-0.015313647150866777,0.0009126246720454478,True,335,95,14
trajectory_false_negative,rock_probability,s300_c060,-0.01440102247882133,-0.014559992920564202,0.00015897044174287278,True,336,95,14
trajectory_false_negative,rock_probability,s300_c061,-0.01440102247882133,-0.01484163617242941,0.0004406136936080801,True,332,95,14
trajectory_false_negative,rock_probability,s300_c062,-0.01440102247882133,-0.012615399701698449,0.0017856227771228805,True,336,95,14
trajectory_false_negative,rock_probability,s300_c063,-0.01440102247882133,-0.014265571551142012,0.00013545092767931755,True,333,95,14
trajectory_false_negative,rock_probability,s300_c065,-0.01440102247882133,-0.007970952259729935,0.006430070219091394,True,328,95,14
trajectory_false_negative,rock_probability,s300_c066,-0.01440102247882133,-0.012510098336428133,0.0018909241423931966,True,335,95,14
trajectory_false_negative,rock_probability,s300_c068,-0.01440102247882133,-0.013657106408484707,0.0007439160703366227,True,327,95,14
trajectory_false_negative,rock_probability,s300_c069,-0.01440102247882133,-0.014267237873542546,0.00013378460527878333,True,333,95,14
trajectory_false_negative,rock_probability,s300_c071,-0.01440102247882133,-0.015069251816006629,0.0006682293371852999,True,329,95,14
trajectory_false_negative,rock_probability,s300_c074,-0.01440102247882133,-0.011787542526207312,0.0026134799526140173,True,335,95,14
trajectory_false_negative,rock_probability,s300_c075,-0.01440102247882133,-0.013400877830324093,0.0010001446484972365,True,334,95,14
trajectory_false_negative,rock_probability,s300_c077,-0.01440102247882133,-0.012864649073986573,0.0015363734048347566,True,335,95,14
trajectory_false_negative,rock_probability,s300_c078,-0.01440102247882133,-0.014285732907478282,0.00011528957134304685,True,335,95,14
trajectory_false_negative,rock_probability,s300_c080,-0.01440102247882133,-0.006717884465765822,0.007683138013055507,True,332,95,14
trajectory_false_negative,rock_probability,s300_c084,-0.01440102247882133,-0.016214604052322557,0.0018135815735012273,True,336,95,14
trajectory_false_negative,rock_probability,s300_c085,-0.01440102247882133,-0.013241680780792575,0.001159341698028754,True,336,95,14
trajectory_false_negative,rock_probability,s300_c086,-0.01440102247882133,-0.017231223321617417,0.002830200842796088,True,335,95,14
trajectory_false_negative,rock_probability,s300_c087,-0.01440102247882133,-0.017789380447146994,0.0033883579683256643,True,334,95,14
trajectory_false_negative,rock_probability,s300_c088,-0.01440102247882133,-0.014700708811992397,0.0002996863331710675,True,336,95,14
trajectory_false_negative,rock_probability,s300_c089,-0.01440102247882133,-0.012900205332609119,0.0015008171462122105,True,333,95,14
trajectory_false_negative,rock_probability,s300_c090,-0.01440102247882133,-0.014667533847807834,0.00026651136898650507,True,336,95,14
trajectory_false_negative,rock_probability,s300_c096,-0.01440102247882133,-0.014905716422665971,0.0005046939438446418,True,336,95,14
trajectory_false_negative,rock_probability,s300_c097,-0.01440102247882133,-0.01202061518795118,0.0023804072908701485,True,336,95,14
trajectory_false_negative,rock_probability,s300_c098,-0.01440102247882133,-0.014553876077799816,0.00015285359897848627,True,335,95,14
trajectory_false_negative,rock_probability,s300_c101,-0.01440102247882133,-0.014449501876582949,4.847939776161936e-05,True,336,95,14
trajectory_false_negative,rock_probability,s300_c103,-0.01440102247882133,-0.0018401330946730687,0.01256088938414826,True,332,95,14
trajectory_false_negative,rock_probability,s300_c104,-0.01440102247882133,-0.012853371140713624,0.0015476513381077056,True,335,95,14
trajectory_false_negative,rock_probability,s300_c105,-0.01440102247882133,-0.011508377396774377,0.002892645082046952,True,333,95,14
trajectory_false_negative,rock_probability,s300_c106,-0.01440102247882133,-0.014502043174353718,0.0001010206955323889,True,334,95,14
trajectory_false_negative,rock_probability,s300_c107,-0.01440102247882133,-0.014243818027257785,0.00015720445156354457,True,332,95,14
trajectory_false_negative,rock_probability,s300_c109,-0.01440102247882133,-0.020846151305564498,0.006445128826743168,True,334,95,14
trajectory_false_negative,rock_probability,s300_c110,-0.01440102247882133,-0.0250882571729346,0.01068723469411327,True,333,95,14
trajectory_false_negative,rock_probability,s300_c111,-0.01440102247882133,-0.013813668749132174,0.0005873537296891551,True,334,95,14
trajectory_false_negative,rock_probability,s300_c112,-0.01440102247882133,-0.011382239911644096,0.0030187825671772334,True,335,95,14
trajectory_false_negative,rock_probability,s300_c113,-0.01440102247882133,-0.005005865180942828,0.0093951572978785,True,331,95,14
trajectory_false_negative,rock_probability,s300_c114,-0.01440102247882133,-0.014489274688087167,8.825220926583777e-05,True,335,95,14
trajectory_false_negative,rock_probability,s300_c115,-0.01440102247882133,-0.01624433842751652,0.00184331594869519,True,334,95,14
trajectory_false_negative,rock_probability,s300_c118,-0.01440102247882133,-0.01062302387447106,0.003777998604350269,True,336,95,14
trajectory_false_negative,rock_probability,s300_c119,-0.01440102247882133,-0.0182504086615098,0.0038493861826884718,True,333,95,14
trajectory_false_negative,rock_probability,s300_c120,-0.01440102247882133,-0.015386595854206903,0.0009855733753855733,True,334,95,14
trajectory_false_negative,rock_probability,s300_c123,-0.01440102247882133,-0.010078565314434601,0.004322457164386728,True,334,95,14
trajectory_false_negative,rock_probability,s300_c125,-0.01440102247882133,-0.01878063584356575,0.00437961336474442,True,333,95,14
trajectory_false_negative,rock_probability,s300_c126,-0.01440102247882133,-0.018784258216018146,0.004383235737196817,True,333,95,14
trajectory_false_negative,rock_probability,s300_c127,-0.01440102247882133,-0.01817391965246344,0.003772897173642112,True,327,95,14
trajectory_false_negative,rock_probability,s300_c128,-0.01440102247882133,-0.021059624984351127,0.006658602505529798,True,329,95,14
trajectory_false_negative,rock_probability,s300_c129,-0.01440102247882133,-0.02171309120773629,0.007312068728914961,True,329,95,14
trajectory_false_negative,rock_probability,s300_c130,-0.01440102247882133,-0.01624101751076007,0.0018399950319387404,True,329,95,14
trajectory_false_negative,rock_probability,s300_c132,-0.01440102247882133,-0.012959187026536728,0.001441835452284601,True,332,95,14
trajectory_false_negative,rock_probability,s300_c134,-0.01440102247882133,-0.01575366555144231,0.0013526430726209793,True,334,95,14
trajectory_false_negative,rock_probability,s300_c135,-0.01440102247882133,-0.014425769143836309,2.4746665014979685e-05,True,336,95,14
trajectory_false_negative,rock_probability,s300_c137,-0.01440102247882133,-0.01070478364637309,0.00369623883244824,True,335,95,14
trajectory_false_negative,rock_probability,s300_c138,-0.01440102247882133,-0.018011176319047528,0.003610153840226199,True,332,95,14
trajectory_false_negative,rock_probability,s300_c139,-0.01440102247882133,-0.01543984538730267,0.0010388229084813405,True,328,95,14
trajectory_false_negative,rock_probability,s300_c140,-0.01440102247882133,-0.013798597039031413,0.0006024254397899165,True,336,95,14
trajectory_false_negative,rock_probability,s300_c141,-0.01440102247882133,-0.014156318478857483,0.00024470399996384673,True,336,95,14
trajectory_false_negative,depth_m,s300_c001,0.039558842095634275,0.03939777760536742,0.00016106449026685732,True,334,95,14
trajectory_false_negative,depth_m,s300_c002,0.039558842095634275,0.04272381308320757,0.003164970987573297,True,332,95,14
trajectory_false_negative,depth_m,s300_c003,0.039558842095634275,0.042576594675478426,0.0030177525798441504,True,330,95,14
trajectory_false_negative,depth_m,s300_c004,0.039558842095634275,0.040230466926112124,0.0006716248304778488,True,334,95,14
trajectory_false_negative,depth_m,s300_c006,0.039558842095634275,0.039698299176196626,0.000139457080562351,True,336,95,14
trajectory_false_negative,depth_m,s300_c008,0.039558842095634275,0.03908665213332691,0.0004721899623073636,True,335,95,14
trajectory_false_negative,depth_m,s300_c009,0.039558842095634275,0.038656561525425584,0.0009022805702086911,True,336,95,14
trajectory_false_negative,depth_m,s300_c010,0.039558842095634275,0.04092253825206081,0.001363696156426536,True,333,95,14
trajectory_false_negative,depth_m,s300_c011,0.039558842095634275,0.043872461920689804,0.0043136198250555285,True,334,95,14
trajectory_false_negative,depth_m,s300_c012,0.039558842095634275,0.04111212295963696,0.001553280864002686,True,332,95,14
trajectory_false_negative,depth_m,s300_c013,0.039558842095634275,0.03921151254545523,0.00034732955017904854,True,335,95,14
trajectory_false_negative,depth_m,s300_c014,0.039558842095634275,0.03951197327032494,4.6868825309333284e-05,True,336,95,14
trajectory_false_negative,depth_m,s300_c015,0.039558842095634275,0.039771685147698334,0.00021284305206405868,True,335,95,14
trajectory_false_negative,depth_m,s300_c016,0.039558842095634275,0.052450712290706296,0.01289187019507202,True,304,95,14
trajectory_false_negative,depth_m,s300_c019,0.039558842095634275,0.03971523470996251,0.00015639261432823237,True,336,95,14
trajectory_false_negative,depth_m,s300_c020,0.039558842095634275,0.039584445057328374,2.5602961694098925e-05,True,336,95,14
trajectory_false_negative,depth_m,s300_c022,0.039558842095634275,0.03684950022632852,0.0027093418693057564,True,336,95,14
trajectory_false_negative,depth_m,s300_c023,0.039558842095634275,0.040399690670824245,0.0008408485751899702,True,335,95,14
trajectory_false_negative,depth_m,s300_c025,0.039558842095634275,0.042429763843357865,0.00287092174772359,True,336,95,14
trajectory_false_negative,depth_m,s300_c026,0.039558842095634275,0.04277552047189727,0.0032166783762629936,True,336,95,14
trajectory_false_negative,depth_m,s300_c028,0.039558842095634275,0.039060184499890835,0.0004986575957434403,True,336,95,14
trajectory_false_negative,depth_m,s300_c030,0.039558842095634275,0.0398562257769467,0.00029738368131242143,True,335,95,14
trajectory_false_negative,depth_m,s300_c034,0.039558842095634275,0.0379735495191998,0.0015852925764344786,True,335,95,14
trajectory_false_negative,depth_m,s300_c035,0.039558842095634275,0.03548019562669824,0.004078646468936034,True,333,95,14
trajectory_false_negative,depth_m,s300_c037,0.039558842095634275,0.04049012869788753,0.0009312866022532576,True,333,95,14
trajectory_false_negative,depth_m,s300_c038,0.039558842095634275,0.021675836603709753,0.017883005491924522,True,332,95,14
trajectory_false_negative,depth_m,s300_c039,0.039558842095634275,0.04047784134183458,0.0009189992462003069,True,336,95,14
trajectory_false_negative,depth_m,s300_c040,0.039558842095634275,0.03966436706106358,0.00010552496542930168,True,336,95,14
trajectory_false_negative,depth_m,s300_c041,0.039558842095634275,0.038110239541754756,0.0014486025538795189,True,336,95,14
trajectory_false_negative,depth_m,s300_c044,0.039558842095634275,0.0395375265229041,2.1315572730176702e-05,True,336,95,14
trajectory_false_negative,depth_m,s300_c045,0.039558842095634275,0.0395287404065648,3.0101689069472748e-05,True,336,95,14
trajectory_false_negative,depth_m,s300_c048,0.039558842095634275,0.04217339093251528,0.0026145488368810033,True,335,95,14
trajectory_false_negative,depth_m,s300_c049,0.039558842095634275,0.03791396154678628,0.0016448805488479962,True,336,95,14
trajectory_false_negative,depth_m,s300_c050,0.039558842095634275,0.037358127837694516,0.0022007142579397593,True,336,95,14
trajectory_false_negative,depth_m,s300_c051,0.039558842095634275,0.040952753962305515,0.0013939118666712394,True,328,95,14
trajectory_false_negative,depth_m,s300_c052,0.039558842095634275,0.03931987438780501,0.00023896770782926707,True,333,95,14
trajectory_false_negative,depth_m,s300_c054,0.039558842095634275,0.04248538747292304,0.0029265453772887653,True,333,95,14
trajectory_false_negative,depth_m,s300_c055,0.039558842095634275,0.04006836127820988,0.0005095191825756074,True,335,95,14
trajectory_false_negative,depth_m,s300_c057,0.039558842095634275,0.03713689090001579,0.0024219511956184853,True,330,95,14
trajectory_false_negative,depth_m,s300_c058,0.039558842095634275,0.04215492269247882,0.0025960805968445466,True,332,95,14
trajectory_false_negative,depth_m,s300_c059,0.039558842095634275,0.03983219839979634,0.00027335630416206597,True,335,95,14
trajectory_false_negative,depth_m,s300_c060,0.039558842095634275,0.039425949530404805,0.0001328925652294699,True,336,95,14
trajectory_false_negative,depth_m,s300_c061,0.039558842095634275,0.04064021665538775,0.0010813745597534757,True,332,95,14
trajectory_false_negative,depth_m,s300_c062,0.039558842095634275,0.04079484808191802,0.0012360059862837475,True,336,95,14
trajectory_false_negative,depth_m,s300_c063,0.039558842095634275,0.04460517247580574,0.005046330380171465,True,333,95,14
trajectory_false_negative,depth_m,s300_c065,0.039558842095634275,0.03894128504688303,0.0006175570487512438,True,328,95,14
trajectory_false_negative,depth_m,s300_c066,0.039558842095634275,0.04051628938885077,0.0009574472932164929,True,335,95,14
trajectory_false_negative,depth_m,s300_c068,0.039558842095634275,0.04250343474897268,0.002944592653338407,True,327,95,14
trajectory_false_negative,depth_m,s300_c069,0.039558842095634275,0.03809161359326365,0.0014672285023706252,True,333,95,14
trajectory_false_negative,depth_m,s300_c071,0.039558842095634275,0.035509386588861235,0.004049455506773041,True,329,95,14
trajectory_false_negative,depth_m,s300_c074,0.039558842095634275,0.04696781836568495,0.007408976270050674,True,335,95,14
trajectory_false_negative,depth_m,s300_c075,0.039558842095634275,0.039520562801837286,3.827929379698891e-05,True,334,95,14
trajectory_false_negative,depth_m,s300_c077,0.039558842095634275,0.04357395161507186,0.004015109519437586,True,335,95,14
trajectory_false_negative,depth_m,s300_c078,0.039558842095634275,0.04378834536570892,0.004229503270074646,True,335,95,14
trajectory_false_negative,depth_m,s300_c080,0.039558842095634275,0.04359528310967716,0.004036441014042887,True,332,95,14
trajectory_false_negative,depth_m,s300_c084,0.039558842095634275,0.03714331779833408,0.0024155242973001936,True,336,95,14
trajectory_false_negative,depth_m,s300_c085,0.039558842095634275,0.041215132924974196,0.0016562908293399209,True,336,95,14
trajectory_false_negative,depth_m,s300_c086,0.039558842095634275,0.036451009895349565,0.0031078322002847103,True,335,95,14
trajectory_false_negative,depth_m,s300_c087,0.039558842095634275,0.03900202051894011,0.0005568215766941637,True,334,95,14
trajectory_false_negative,depth_m,s300_c088,0.039558842095634275,0.0391750322262337,0.00038380986940057815,True,336,95,14
trajectory_false_negative,depth_m,s300_c089,0.039558842095634275,0.04154813154570497,0.0019892894500706942,True,333,95,14
trajectory_false_negative,depth_m,s300_c090,0.039558842095634275,0.03955311078529153,5.731310342746432e-06,True,336,95,14
trajectory_false_negative,depth_m,s300_c096,0.039558842095634275,0.03636689345243968,0.003191948643194595,True,336,95,14
trajectory_false_negative,depth_m,s300_c097,0.039558842095634275,0.04053718587529965,0.0009783437796653735,True,336,95,14
trajectory_false_negative,depth_m,s300_c098,0.039558842095634275,0.04013913303641703,0.0005802909407827544,True,335,95,14
trajectory_false_negative,depth_m,s300_c101,0.039558842095634275,0.03879297838487775,0.0007658637107565217,True,336,95,14
trajectory_false_negative,depth_m,s300_c103,0.039558842095634275,0.025974867476520322,0.013583974619113953,True,332,95,14
trajectory_false_negative,depth_m,s300_c104,0.039558842095634275,0.04101009515725738,0.001451253061623102,True,335,95,14
trajectory_false_negative,depth_m,s300_c105,0.039558842095634275,0.041223516937520285,0.0016646748418860102,True,333,95,14
trajectory_false_negative,depth_m,s300_c106,0.039558842095634275,0.041123467009873085,0.0015646249142388102,True,334,95,14
trajectory_false_negative,depth_m,s300_c107,0.039558842095634275,0.037671219310175544,0.0018876227854587313,True,332,95,14
trajectory_false_negative,depth_m,s300_c109,0.039558842095634275,0.031621016192523214,0.00793782590311106,True,334,95,14
trajectory_false_negative,depth_m,s300_c110,0.039558842095634275,0.03856923952981841,0.0009896025658158655,True,333,95,14
trajectory_false_negative,depth_m,s300_c111,0.039558842095634275,0.03144305272219251,0.008115789373441762,True,334,95,14
trajectory_false_negative,depth_m,s300_c112,0.039558842095634275,0.03826462830465885,0.0012942137909754264,True,335,95,14
trajectory_false_negative,depth_m,s300_c113,0.039558842095634275,0.0354968958469125,0.004061946248721776,True,331,95,14
trajectory_false_negative,depth_m,s300_c114,0.039558842095634275,0.040629463692254314,0.0010706215966200389,True,335,95,14
trajectory_false_negative,depth_m,s300_c115,0.039558842095634275,0.03847550283065603,0.0010833392649782433,True,334,95,14
trajectory_false_negative,depth_m,s300_c118,0.039558842095634275,0.03949062681139875,6.821528423552742e-05,True,336,95,14
trajectory_false_negative,depth_m,s300_c119,0.039558842095634275,0.04289129921451484,0.003332457118880562,True,333,95,14
trajectory_false_negative,depth_m,s300_c120,0.039558842095634275,0.040501456940596474,0.0009426148449621988,True,334,95,14
trajectory_false_negative,depth_m,s300_c123,0.039558842095634275,0.03872208273245907,0.0008367593631752046,True,334,95,14
trajectory_false_negative,depth_m,s300_c125,0.039558842095634275,0.03674339349074167,0.0028154486048926064,True,333,95,14
trajectory_false_negative,depth_m,s300_c126,0.039558842095634275,0.03681938874712574,0.0027394533485085373,True,333,95,14
trajectory_false_negative,depth_m,s300_c127,0.039558842095634275,0.02895871121875157,0.010600130876882705,True,327,95,14
trajectory_false_negative,depth_m,s300_c128,0.039558842095634275,0.03956605170538945,7.209609755177981e-06,True,329,95,14
trajectory_false_negative,depth_m,s300_c129,0.039558842095634275,0.04317835219761178,0.0036195101019775022,True,329,95,14
trajectory_false_negative,depth_m,s300_c130,0.039558842095634275,0.039141468781058945,0.0004173733145753297,True,329,95,14
trajectory_false_negative,depth_m,s300_c132,0.039558842095634275,0.03921561265154056,0.00034322944409371364,True,332,95,14
trajectory_false_negative,depth_m,s300_c134,0.039558842095634275,0.03832327654952174,0.001235565546112538,True,334,95,14
trajectory_false_negative,depth_m,s300_c135,0.039558842095634275,0.04133743478075551,0.001778592685121233,True,336,95,14
trajectory_false_negative,depth_m,s300_c137,0.039558842095634275,0.04672254352598537,0.0071637014303510965,True,335,95,14
trajectory_false_negative,depth_m,s300_c138,0.039558842095634275,0.04265400644113301,0.003095164345498738,True,332,95,14
trajectory_false_negative,depth_m,s300_c139,0.039558842095634275,0.040261803901214546,0.0007029618055802711,True,328,95,14
trajectory_false_negative,depth_m,s300_c140,0.039558842095634275,0.04159606211405002,0.0020372200184157474,True,336,95,14
trajectory_false_negative,depth_m,s300_c141,0.039558842095634275,0.039528663862086394,3.0178233547881184e-05,True,336,95,14
trajectory_false_negative,kelp_species_contrast,s300_c001,-0.05504964879405143,-0.05413656669309687,0.0009130821009545598,True,324,95,14
trajectory_false_negative,kelp_species_contrast,s300_c002,-0.05504964879405143,-0.06030742837218699,0.005257779578135564,True,322,95,14
trajectory_false_negative,kelp_species_contrast,s300_c003,-0.05504964879405143,-0.0699674165825956,0.014917767788544173,True,320,95,14
trajectory_false_negative,kelp_species_contrast,s300_c004,-0.05504964879405143,-0.0631447715223037,0.008095122728252274,True,324,95,14
trajectory_false_negative,kelp_species_contrast,s300_c006,-0.05504964879405143,-0.05635246131002823,0.0013028125159768034,True,326,95,14
trajectory_false_negative,kelp_species_contrast,s300_c008,-0.05504964879405143,-0.05475294477465621,0.0002967040193952164,True,325,95,14
trajectory_false_negative,kelp_species_contrast,s300_c009,-0.05504964879405143,-0.05540280902586769,0.00035316023181625883,True,326,95,14
trajectory_false_negative,kelp_species_contrast,s300_c010,-0.05504964879405143,-0.053824150905623265,0.0012254978884281634,True,323,95,14
trajectory_false_negative,kelp_species_contrast,s300_c011,-0.05504964879405143,-0.05698747368157904,0.0019378248875276116,True,324,95,14
trajectory_false_negative,kelp_species_contrast,s300_c012,-0.05504964879405143,-0.06047162407213655,0.00542197527808512,True,322,95,14
trajectory_false_negative,kelp_species_contrast,s300_c013,-0.05504964879405143,-0.05569724917206956,0.0006476003780181289,True,325,95,14
trajectory_false_negative,kelp_species_contrast,s300_c014,-0.05504964879405143,-0.055777447301038806,0.0007277985069873774,True,326,95,14
trajectory_false_negative,kelp_species_contrast,s300_c015,-0.05504964879405143,-0.055402922762446544,0.00035327396839511527,True,325,95,14
trajectory_false_negative,kelp_species_contrast,s300_c016,-0.05504964879405143,-0.06985273205720396,0.014803083263152536,True,294,95,14
trajectory_false_negative,kelp_species_contrast,s300_c019,-0.05504964879405143,-0.05494685999343455,0.00010278880061687784,True,326,95,14
trajectory_false_negative,kelp_species_contrast,s300_c020,-0.05504964879405143,-0.055001926151958105,4.7722642093323e-05,True,326,95,14
trajectory_false_negative,kelp_species_contrast,s300_c022,-0.05504964879405143,-0.05557515394927985,0.0005255051552284229,True,326,95,14
trajectory_false_negative,kelp_species_contrast,s300_c023,-0.05504964879405143,-0.05379218749921137,0.0012574612948400565,True,325,95,14
trajectory_false_negative,kelp_species_contrast,s300_c025,-0.05504964879405143,-0.05514961669055819,9.996789650676408e-05,True,326,95,14
trajectory_false_negative,kelp_species_contrast,s300_c026,-0.05504964879405143,-0.057727941786150844,0.0026782929920994153,True,326,95,14
trajectory_false_negative,kelp_species_contrast,s300_c028,-0.05504964879405143,-0.054653563481005946,0.0003960853130454828,True,326,95,14
trajectory_false_negative,kelp_species_contrast,s300_c030,-0.05504964879405143,-0.05472862214779433,0.0003210266462570985,True,325,95,14
trajectory_false_negative,kelp_species_contrast,s300_c034,-0.05504964879405143,-0.05718538196291322,0.0021357331688617934,True,325,95,14
trajectory_false_negative,kelp_species_contrast,s300_c035,-0.05504964879405143,-0.054358167413811276,0.0006914813802401526,True,323,95,14
trajectory_false_negative,kelp_species_contrast,s300_c037,-0.05504964879405143,-0.05995827161640607,0.004908622822354644,True,323,95,14
trajectory_false_negative,kelp_species_contrast,s300_c038,-0.05504964879405143,-0.05584314312842117,0.000793494334369739,True,322,95,14
trajectory_false_negative,kelp_species_contrast,s300_c039,-0.05504964879405143,-0.051715528268290394,0.003334120525761035,True,326,95,14
trajectory_false_negative,kelp_species_contrast,s300_c040,-0.05504964879405143,-0.05530476432345076,0.00025511552939933013,True,326,95,14
trajectory_false_negative,kelp_species_contrast,s300_c041,-0.05504964879405143,-0.05806053189923205,0.00301088310518062,True,326,95,14
trajectory_false_negative,kelp_species_contrast,s300_c044,-0.05504964879405143,-0.054876382943428205,0.00017326585062322347,True,326,95,14
trajectory_false_negative,kelp_species_contrast,s300_c045,-0.05504964879405143,-0.05530337679388888,0.00025372799983745115,True,326,95,14
trajectory_false_negative,kelp_species_contrast,s300_c048,-0.05504964879405143,-0.05584914036203288,0.0007994915679814529,True,325,95,14
trajectory_false_negative,kelp_species_contrast,s300_c049,-0.05504964879405143,-0.05433066429647328,0.0007189844975781512,True,326,95,14
trajectory_false_negative,kelp_species_contrast,s300_c050,-0.05504964879405143,-0.05358714104932692,0.001462507744724506,True,326,95,14
trajectory_false_negative,kelp_species_contrast,s300_c051,-0.05504964879405143,-0.04931978430240019,0.005729864491651242,True,318,95,14
trajectory_false_negative,kelp_species_contrast,s300_c052,-0.05504964879405143,-0.05673876119702263,0.0016891124029712046,True,323,95,14
trajectory_false_negative,kelp_species_contrast,s300_c054,-0.05504964879405143,-0.061741251892444865,0.006691603098393437,True,323,95,14
trajectory_false_negative,kelp_species_contrast,s300_c055,-0.05504964879405143,-0.047411307003896674,0.007638341790154754,True,325,95,14
trajectory_false_negative,kelp_species_contrast,s300_c057,-0.05504964879405143,-0.058778498219818544,0.0037288494257671154,True,320,95,14
trajectory_false_negative,kelp_species_contrast,s300_c058,-0.05504964879405143,-0.055029562237112535,2.008655693889333e-05,True,322,95,14
trajectory_false_negative,kelp_species_contrast,s300_c059,-0.05504964879405143,-0.0531774469980557,0.0018722017959957316,True,325,95,14
trajectory_false_negative,kelp_species_contrast,s300_c060,-0.05504964879405143,-0.05518055699834926,0.00013090820429783462,True,326,95,14
trajectory_false_negative,kelp_species_contrast,s300_c061,-0.05504964879405143,-0.052675360510591206,0.0023742882834602227,True,322,95,14
trajectory_false_negative,kelp_species_contrast,s300_c062,-0.05504964879405143,-0.0524159408054084,0.0026337079886430276,True,326,95,14
trajectory_false_negative,kelp_species_contrast,s300_c063,-0.05504964879405143,-0.051603119849045344,0.0034465289450060846,True,323,95,14
trajectory_false_negative,kelp_species_contrast,s300_c065,-0.05504964879405143,-0.055485224302225834,0.0004355755081744059,True,318,95,14
trajectory_false_negative,kelp_species_contrast,s300_c066,-0.05504964879405143,-0.05805354000192353,0.003003891207872103,True,325,95,14
trajectory_false_negative,kelp_species_contrast,s300_c068,-0.05504964879405143,-0.060407675649193554,0.005358026855142126,True,317,95,14
trajectory_false_negative,kelp_species_contrast,s300_c069,-0.05504964879405143,-0.052512227592369926,0.002537421201681503,True,323,95,14
trajectory_false_negative,kelp_species_contrast,s300_c071,-0.05504964879405143,-0.05546907961013073,0.0004194308160792998,True,319,95,14
trajectory_false_negative,kelp_species_contrast,s300_c074,-0.05504964879405143,-0.053247935030422515,0.0018017137636289135,True,325,95,14
trajectory_false_negative,kelp_species_contrast,s300_c075,-0.05504964879405143,-0.048284357002457146,0.006765291791594283,True,324,95,14
trajectory_false_negative,kelp_species_contrast,s300_c077,-0.05504964879405143,-0.054342885295122816,0.0007067634989286128,True,325,95,14
trajectory_false_negative,kelp_species_contrast,s300_c078,-0.05504964879405143,-0.05217741521089707,0.00287223358315436,True,325,95,14
trajectory_false_negative,kelp_species_contrast,s300_c080,-0.05504964879405143,-0.05752662900285865,0.002476980208807218,True,322,95,14
trajectory_false_negative,kelp_species_contrast,s300_c084,-0.05504964879405143,-0.05399552813051993,0.0010541206635314992,True,326,95,14
trajectory_false_negative,kelp_species_contrast,s300_c085,-0.05504964879405143,-0.05410982079461511,0.0009398279994363157,True,326,95,14
trajectory_false_negative,kelp_species_contrast,s300_c086,-0.05504964879405143,-0.060001371576028924,0.004951722781977495,True,325,95,14
trajectory_false_negative,kelp_species_contrast,s300_c087,-0.05504964879405143,-0.04888303403264982,0.006166614761401609,True,324,95,14
trajectory_false_negative,kelp_species_contrast,s300_c088,-0.05504964879405143,-0.05492574368870379,0.00012390510534764088,True,326,95,14
trajectory_false_negative,kelp_species_contrast,s300_c089,-0.05504964879405143,-0.05903523485926694,0.003985586065215513,True,323,95,14
trajectory_false_negative,kelp_species_contrast,s300_c090,-0.05504964879405143,-0.053899854603738695,0.0011497941903127334,True,326,95,14
trajectory_false_negative,kelp_species_contrast,s300_c096,-0.05504964879405143,-0.05612156438001716,0.001071915585965734,True,326,95,14
trajectory_false_negative,kelp_species_contrast,s300_c097,-0.05504964879405143,-0.05806053189923248,0.0030108831051810503,True,326,95,14
trajectory_false_negative,kelp_species_contrast,s300_c098,-0.05504964879405143,-0.05397916758133087,0.0010704812127205615,True,325,95,14
trajectory_false_negative,kelp_species_contrast,s300_c101,-0.05504964879405143,-0.054705534924148584,0.00034411386990284426,True,326,95,14
trajectory_false_negative,kelp_species_contrast,s300_c103,-0.05504964879405143,-0.04343619695932706,0.01161345183472437,True,322,95,14
trajectory_false_negative,kelp_species_contrast,s300_c104,-0.05504964879405143,-0.0544660897603372,0.0005835590337142302,True,325,95,14
trajectory_false_negative,kelp_species_contrast,s300_c105,-0.05504964879405143,-0.0581090640113532,0.0030594152173017697,True,323,95,14
trajectory_false_negative,kelp_species_contrast,s300_c106,-0.05504964879405143,-0.05268754938309172,0.00236209941095971,True,325,95,14
trajectory_false_negative,kelp_species_contrast,s300_c107,-0.05504964879405143,-0.06019673648640815,0.005147087692356722,True,322,95,14
trajectory_false_negative,kelp_species_contrast,s300_c109,-0.05504964879405143,-0.06466100636437049,0.009611357570319057,True,324,95,14
trajectory_false_negative,kelp_species_contrast,s300_c110,-0.05504964879405143,-0.05608410353271177,0.0010344547386603384,True,323,95,14
trajectory_false_negative,kelp_species_contrast,s300_c111,-0.05504964879405143,-0.04792678551640243,0.007122863277649001,True,324,95,14
trajectory_false_negative,kelp_species_contrast,s300_c112,-0.05504964879405143,-0.05548491498401613,0.00043526618996470035,True,325,95,14
trajectory_false_negative,kelp_species_contrast,s300_c113,-0.05504964879405143,-0.053220364379949404,0.001829284414102024,True,322,95,14
trajectory_false_negative,kelp_species_contrast,s300_c114,-0.05504964879405143,-0.05366115592156736,0.0013884928724840692,True,325,95,14
trajectory_false_negative,kelp_species_contrast,s300_c115,-0.05504964879405143,-0.05232839610154413,0.002721252692507295,True,324,95,14
trajectory_false_negative,kelp_species_contrast,s300_c118,-0.05504964879405143,-0.05566155251688189,0.0006119037228304591,True,326,95,14
trajectory_false_negative,kelp_species_contrast,s300_c119,-0.05504964879405143,-0.05946188310374065,0.00441223430968922,True,323,95,14
trajectory_false_negative,kelp_species_contrast,s300_c120,-0.05504964879405143,-0.05281932728670863,0.0022303215073428,True,324,95,14
trajectory_false_negative,kelp_species_contrast,s300_c123,-0.05504964879405143,-0.05401257239660245,0.0010370763974489813,True,324,95,14
trajectory_false_negative,kelp_species_contrast,s300_c125,-0.05504964879405143,-0.0534676697590674,0.0015819790349840268,True,324,95,14
trajectory_false_negative,kelp_species_contrast,s300_c126,-0.05504964879405143,-0.056242368869277755,0.0011927200752263264,True,324,95,14
trajectory_false_negative,kelp_species_contrast,s300_c127,-0.05504964879405143,-0.05518181268047082,0.00013216388641939386,True,321,95,14
trajectory_false_negative,kelp_species_contrast,s300_c128,-0.05504964879405143,-0.052724928202509826,0.0023247205915416028,True,320,95,14
trajectory_false_negative,kelp_species_contrast,s300_c129,-0.05504964879405143,-0.0549128131233788,0.00013683567067263036,True,320,95,14
trajectory_false_negative,kelp_species_contrast,s300_c130,-0.05504964879405143,-0.05293751016697273,0.002112138627078701,True,319,95,14
trajectory_false_negative,kelp_species_contrast,s300_c132,-0.05504964879405143,-0.04331215851856492,0.011737490275486512,True,322,95,14
trajectory_false_negative,kelp_species_contrast,s300_c134,-0.05504964879405143,-0.05643022746987175,0.0013805786758203237,True,324,95,14
trajectory_false_negative,kelp_species_contrast,s300_c135,-0.05504964879405143,-0.054510837800449935,0.0005388109936014934,True,326,95,14
trajectory_false_negative,kelp_species_contrast,s300_c137,-0.05504964879405143,-0.04492851237076047,0.01012113642329096,True,325,95,14
trajectory_false_negative,kelp_species_contrast,s300_c138,-0.05504964879405143,-0.03912210554881638,0.01592754324523505,True,322,95,14
trajectory_false_negative,kelp_species_contrast,s300_c139,-0.05504964879405143,-0.058675711194269425,0.003626062400217997,True,318,95,14
trajectory_false_negative,kelp_species_contrast,s300_c140,-0.05504964879405143,-0.05542861897020167,0.00037897017615023953,True,326,95,14
trajectory_false_negative,kelp_species_contrast,s300_c141,-0.05504964879405143,-0.0559002462765303,0.0008505974824788709,True,326,95,14
trajectory_false_positive,grazing_log1p,s300_c000,-0.017178510574241735,-0.01661897685914603,0.0005595337150957058,True,407,95,14
trajectory_false_positive,grazing_log1p,s300_c001,-0.017178510574241735,-0.006447312503797218,0.010731198070444517,True,400,95,14
trajectory_false_positive,grazing_log1p,s300_c002,-0.017178510574241735,-0.04100936631640759,0.023830855742165858,True,402,95,14
trajectory_false_positive,grazing_log1p,s300_c003,-0.017178510574241735,-0.015447768849716983,0.0017307417245247519,True,403,95,14
trajectory_false_positive,grazing_log1p,s300_c004,-0.017178510574241735,-0.018031059832350083,0.0008525492581083483,True,405,95,14
trajectory_false_positive,grazing_log1p,s300_c006,-0.017178510574241735,-0.017747996052157815,0.0005694854779160798,True,403,95,14
trajectory_false_positive,grazing_log1p,s300_c007,-0.017178510574241735,-0.017240413720696436,6.19031464547011e-05,True,407,95,14
trajectory_false_positive,grazing_log1p,s300_c008,-0.017178510574241735,-0.01766814608011087,0.0004896355058691335,True,401,95,14
trajectory_false_positive,grazing_log1p,s300_c010,-0.017178510574241735,-0.01700299755691758,0.00017551301732415467,True,404,95,14
trajectory_false_positive,grazing_log1p,s300_c011,-0.017178510574241735,-0.019148732047463524,0.0019702214732217893,True,406,95,14
trajectory_false_positive,grazing_log1p,s300_c012,-0.017178510574241735,-0.021484412570403278,0.004305901996161543,True,404,95,14
trajectory_false_positive,grazing_log1p,s300_c013,-0.017178510574241735,-0.01491689732356761,0.0022616132506741247,True,388,95,14
trajectory_false_positive,grazing_log1p,s300_c014,-0.017178510574241735,-0.017725049121116065,0.0005465385468743297,True,407,95,14
trajectory_false_positive,grazing_log1p,s300_c015,-0.017178510574241735,-0.017731876789032187,0.0005533662147904524,True,404,95,14
trajectory_false_positive,grazing_log1p,s300_c016,-0.017178510574241735,-0.013341994140355072,0.0038365164338866626,True,367,95,14
trajectory_false_positive,grazing_log1p,s300_c019,-0.017178510574241735,-0.020884367916975555,0.0037058573427338204,True,404,95,14
trajectory_false_positive,grazing_log1p,s300_c020,-0.017178510574241735,-0.0193277316300242,0.0021492210557824652,True,405,95,14
trajectory_false_positive,grazing_log1p,s300_c021,-0.017178510574241735,-0.014867683045522903,0.0023108275287188323,True,404,95,14
trajectory_false_positive,grazing_log1p,s300_c022,-0.017178510574241735,-0.015071496491472762,0.002107014082768973,True,405,95,14
trajectory_false_positive,grazing_log1p,s300_c023,-0.017178510574241735,-0.018135681543531457,0.0009571709692897216,True,404,95,14
trajectory_false_positive,grazing_log1p,s300_c025,-0.017178510574241735,-0.017273010177448214,9.449960320647918e-05,True,407,95,14
trajectory_false_positive,grazing_log1p,s300_c026,-0.017178510574241735,-0.017378621995099215,0.00020011142085748015,True,407,95,14
trajectory_false_positive,grazing_log1p,s300_c027,-0.017178510574241735,-0.0159274373202727,0.0012510732539690352,True,407,95,14
trajectory_false_positive,grazing_log1p,s300_c029,-0.017178510574241735,-0.01742026424946142,0.00024175367521968652,True,406,95,14
trajectory_false_positive,grazing_log1p,s300_c031,-0.017178510574241735,-0.01813962033198925,0.0009611097577475157,True,404,95,14
trajectory_false_positive,grazing_log1p,s300_c032,-0.017178510574241735,-0.01676118102901082,0.0004173295452309135,True,407,95,14
trajectory_false_positive,grazing_log1p,s300_c033,-0.017178510574241735,-0.017273010177448214,9.449960320647918e-05,True,407,95,14
trajectory_false_positive,grazing_log1p,s300_c034,-0.017178510574241735,-0.016371417899574824,0.0008070926746669115,True,407,95,14
trajectory_false_positive,grazing_log1p,s300_c035,-0.017178510574241735,-0.01698680287231881,0.00019170770192292533,True,406,95,14
trajectory_false_positive,grazing_log1p,s300_c038,-0.017178510574241735,-0.017748317830517404,0.0005698072562756694,True,406,95,14
trajectory_false_positive,grazing_log1p,s300_c040,-0.017178510574241735,-0.017273010177448252,9.449960320651735e-05,True,407,95,14
trajectory_false_positive,grazing_log1p,s300_c044,-0.017178510574241735,-0.01708238137745025,9.612919679148624e-05,True,406,95,14
trajectory_false_positive,grazing_log1p,s300_c046,-0.017178510574241735,-0.015049750110109152,0.0021287604641325834,True,407,95,14
trajectory_false_positive,grazing_log1p,s300_c047,-0.017178510574241735,-0.01730625686711967,0.0001277462928779352,True,406,95,14
trajectory_false_positive,grazing_log1p,s300_c048,-0.017178510574241735,-0.015813522702981732,0.0013649878712600032,True,406,95,14
trajectory_false_positive,grazing_log1p,s300_c050,-0.017178510574241735,-0.022861154662638657,0.005682644088396922,True,403,95,14
trajectory_false_positive,grazing_log1p,s300_c051,-0.017178510574241735,-0.015650987768290887,0.0015275228059508476,True,405,95,14
trajectory_false_positive,grazing_log1p,s300_c052,-0.017178510574241735,-0.014164980408917992,0.003013530165323743,True,406,95,14
trajectory_false_positive,grazing_log1p,s300_c053,-0.017178510574241735,-0.01724104743066634,6.25368564246033e-05,True,404,95,14
trajectory_false_positive,grazing_log1p,s300_c054,-0.017178510574241735,-0.01567569652049865,0.0015028140537430845,True,400,95,14
trajectory_false_positive,grazing_log1p,s300_c055,-0.017178510574241735,-0.01727301017744829,9.449960320655551e-05,True,407,95,14
trajectory_false_positive,grazing_log1p,s300_c057,-0.017178510574241735,-0.022222901223867303,0.005044390649625568,True,399,95,14
trajectory_false_positive,grazing_log1p,s300_c058,-0.017178510574241735,-0.013509914257416988,0.0036685963168247467,True,403,95,14
trajectory_false_positive,grazing_log1p,s300_c059,-0.017178510574241735,-0.01776211485189124,0.0005836042776495055,True,407,95,14
trajectory_false_positive,grazing_log1p,s300_c060,-0.017178510574241735,-0.015434053052129247,0.0017444575221124883,True,397,95,14
trajectory_false_positive,grazing_log1p,s300_c061,-0.017178510574241735,-0.017051139488397964,0.00012737108584377071,True,407,95,14
trajectory_false_positive,grazing_log1p,s300_c063,-0.017178510574241735,-0.015209957155814396,0.0019685534184273393,True,407,95,14
trajectory_false_positive,grazing_log1p,s300_c066,-0.017178510574241735,-0.021448397166567053,0.004269886592325318,True,403,95,14
trajectory_false_positive,grazing_log1p,s300_c067,-0.017178510574241735,-0.017273010177448218,9.449960320648265e-05,True,407,95,14
trajectory_false_positive,grazing_log1p,s300_c068,-0.017178510574241735,-0.01705637941213558,0.0001221311621061559,True,393,95,14
trajectory_false_positive,grazing_log1p,s300_c069,-0.017178510574241735,-0.014662854654572522,0.0025156559196692126,True,406,95,14
trajectory_false_positive,grazing_log1p,s300_c071,-0.017178510574241735,-0.016315211665214633,0.000863298909027102,True,395,95,14
trajectory_false_positive,grazing_log1p,s300_c072,-0.017178510574241735,-0.01727301017744825,9.449960320651388e-05,True,407,95,14
trajectory_false_positive,grazing_log1p,s300_c073,-0.017178510574241735,-0.01727301017744825,9.449960320651388e-05,True,407,95,14
trajectory_false_positive,grazing_log1p,s300_c074,-0.017178510574241735,-0.01692786620930236,0.0002506443649393751,True,405,95,14
trajectory_false_positive,grazing_log1p,s300_c075,-0.017178510574241735,-0.016828018825126204,0.0003504917491155314,True,406,95,14
trajectory_false_positive,grazing_log1p,s300_c078,-0.017178510574241735,-0.01892107684440494,0.0017425662701632053,True,407,95,14
trajectory_false_positive,grazing_log1p,s300_c079,-0.017178510574241735,-0.01738445660191687,0.000205946027675135,True,407,95,14
trajectory_false_positive,grazing_log1p,s300_c080,-0.017178510574241735,-0.016885235086839867,0.00029327548740186796,True,400,95,14
trajectory_false_positive,grazing_log1p,s300_c081,-0.017178510574241735,-0.01720987326298752,3.1362688745786155e-05,True,407,95,14
trajectory_false_positive,grazing_log1p,s300_c087,-0.017178510574241735,-0.01760922384372691,0.00043071326948517646,True,403,95,14
trajectory_false_positive,grazing_log1p,s300_c089,-0.017178510574241735,-0.02512878869114798,0.007950278116906247,True,398,95,14
trajectory_false_positive,grazing_log1p,s300_c091,-0.017178510574241735,-0.01727301017744822,9.449960320648612e-05,True,407,95,14
trajectory_false_positive,grazing_log1p,s300_c092,-0.017178510574241735,-0.022980656820678992,0.005802146246437257,True,404,95,14
trajectory_false_positive,grazing_log1p,s300_c093,-0.017178510574241735,-0.015577147868746073,0.0016013627054956622,True,407,95,14
trajectory_false_positive,grazing_log1p,s300_c094,-0.017178510574241735,-0.017370568844282605,0.00019205827004087003,True,406,95,14
trajectory_false_positive,grazing_log1p,s300_c096,-0.017178510574241735,-0.015385461836221907,0.0017930487380198278,True,405,95,14
trajectory_false_positive,grazing_log1p,s300_c099,-0.017178510574241735,-0.015933800412766916,0.0012447101614748192,True,405,95,14
trajectory_false_positive,grazing_log1p,s300_c102,-0.017178510574241735,-0.01614166694113431,0.0010368436331074267,True,407,95,14
trajectory_false_positive,grazing_log1p,s300_c104,-0.017178510574241735,-0.013942641362474504,0.003235869211767231,True,404,95,14
trajectory_false_positive,grazing_log1p,s300_c106,-0.017178510574241735,-0.013534883432327852,0.0036436271419138834,True,400,95,14
trajectory_false_positive,grazing_log1p,s300_c107,-0.017178510574241735,-0.020217801297455328,0.0030392907232135932,True,406,95,14
trajectory_false_positive,grazing_log1p,s300_c109,-0.017178510574241735,-0.014449806642957808,0.0027287039312839274,True,403,95,14
trajectory_false_positive,grazing_log1p,s300_c110,-0.017178510574241735,-0.01729298544667645,0.00011447487243471458,True,406,95,14
trajectory_false_positive,grazing_log1p,s300_c111,-0.017178510574241735,-0.012133886336692727,0.0050446242375490075,True,402,95,14
trajectory_false_positive,grazing_log1p,s300_c113,-0.017178510574241735,-0.01709659453953724,8.191603470449407e-05,True,406,95,14
trajectory_false_positive,grazing_log1p,s300_c114,-0.017178510574241735,-0.01914319327666063,0.001964682702418896,True,405,95,14
trajectory_false_positive,grazing_log1p,s300_c118,-0.017178510574241735,-0.016726475584819902,0.0004520349894218331,True,407,95,14
trajectory_false_positive,grazing_log1p,s300_c120,-0.017178510574241735,-0.015101830639480757,0.0020766799347609784,True,401,95,14
trajectory_false_positive,grazing_log1p,s300_c123,-0.017178510574241735,-0.018341161114246895,0.0011626505400051598,True,398,95,14
trajectory_false_positive,grazing_log1p,s300_c124,-0.017178510574241735,-0.01764994698482454,0.000471436410582806,True,404,95,14
trajectory_false_positive,grazing_log1p,s300_c125,-0.017178510574241735,-0.01725797302690518,7.946245266344382e-05,True,406,95,14
trajectory_false_positive,grazing_log1p,s300_c126,-0.017178510574241735,-0.01677979497413274,0.0003987156001089946,True,407,95,14
trajectory_false_positive,grazing_log1p,s300_c127,-0.017178510574241735,-0.016075982912988746,0.0011025276612529888,True,400,95,14
trajectory_false_positive,grazing_log1p,s300_c128,-0.017178510574241735,-0.01733122798019975,0.00015271740595801386,True,405,95,14
trajectory_false_positive,grazing_log1p,s300_c129,-0.017178510574241735,-0.01597438509305088,0.0012041254811908549,True,405,95,14
trajectory_false_positive,grazing_log1p,s300_c130,-0.017178510574241735,-0.016067524928035808,0.0011109856462059274,True,393,95,14
trajectory_false_positive,grazing_log1p,s300_c131,-0.017178510574241735,-0.017273010177448218,9.449960320648265e-05,True,407,95,14
trajectory_false_positive,grazing_log1p,s300_c132,-0.017178510574241735,-0.017303985588646306,0.00012547501440457118,True,406,95,14
trajectory_false_positive,grazing_log1p,s300_c134,-0.017178510574241735,-0.01708365149045217,9.485908378956479e-05,True,405,95,14
trajectory_false_positive,grazing_log1p,s300_c135,-0.017178510574241735,-0.0176133869293032,0.0004348763550614636,True,404,95,14
trajectory_false_positive,grazing_log1p,s300_c137,-0.017178510574241735,-0.01618458006283285,0.0009939305114088845,True,403,95,14
trajectory_false_positive,grazing_log1p,s300_c138,-0.017178510574241735,-0.01503047526328878,0.0021480353109529556,True,404,95,14
trajectory_false_positive,grazing_log1p,s300_c139,-0.017178510574241735,-0.010875240202484843,0.006303270371756892,True,396,95,14
trajectory_false_positive,grazing_log1p,s300_c140,-0.017178510574241735,-0.016865947966961073,0.0003125626072806621,True,407,95,14
trajectory_false_positive,grazing_log1p,s300_c141,-0.017178510574241735,-0.017313755600165653,0.00013524502592391838,True,407,95,14
trajectory_false_positive,rock_probability,s300_c000,-0.020492082726041708,-0.020304886227473052,0.0001871964985686557,True,414,95,14
trajectory_false_positive,rock_probability,s300_c001,-0.020492082726041708,-0.018387204775346708,0.002104877950695,True,407,95,14
trajectory_false_positive,rock_probability,s300_c002,-0.020492082726041708,-0.018346379749164768,0.0021457029768769398,True,409,95,14
trajectory_false_positive,rock_probability,s300_c003,-0.020492082726041708,-0.02074762120095424,0.0002555384749125325,True,410,95,14
trajectory_false_positive,rock_probability,s300_c004,-0.020492082726041708,-0.017682179503341115,0.002809903222700593,True,412,95,14
trajectory_false_positive,rock_probability,s300_c006,-0.020492082726041708,-0.0212044444917767,0.0007123617657349909,True,410,95,14
trajectory_false_positive,rock_probability,s300_c007,-0.020492082726041708,-0.020397142601941982,9.494012409972524e-05,True,414,95,14
trajectory_false_positive,rock_probability,s300_c008,-0.020492082726041708,-0.02382838349778165,0.003336300771739943,True,408,95,14
trajectory_false_positive,rock_probability,s300_c010,-0.020492082726041708,-0.023156959544824208,0.0026648768187825,True,411,95,14
trajectory_false_positive,rock_probability,s300_c011,-0.020492082726041708,-0.021295132977170866,0.0008030502511291587,True,413,95,14
trajectory_false_positive,rock_probability,s300_c012,-0.020492082726041708,-0.022693250775338354,0.0022011680492966465,True,411,95,14
trajectory_false_positive,rock_probability,s300_c013,-0.020492082726041708,-0.0192503616210563,0.001241721104985407,True,395,95,14
trajectory_false_positive,rock_probability,s300_c014,-0.020492082726041708,-0.020560625517412005,6.854279137029698e-05,True,414,95,14
trajectory_false_positive,rock_probability,s300_c015,-0.020492082726041708,-0.020459168127332596,3.291459870911201e-05,True,411,95,14
trajectory_false_positive,rock_probability,s300_c016,-0.020492082726041708,-0.030320191636529457,0.00982810891048775,True,374,95,14
trajectory_false_positive,rock_probability,s300_c019,-0.020492082726041708,-0.01953613319579034,0.0009559495302513682,True,411,95,14
trajectory_false_positive,rock_probability,s300_c020,-0.020492082726041708,-0.02116438092665457,0.0006722982006128614,True,412,95,14
trajectory_false_positive,rock_probability,s300_c021,-0.020492082726041708,-0.02146922675587503,0.0009771440298333225,True,411,95,14
trajectory_false_positive,rock_probability,s300_c022,-0.020492082726041708,-0.022548515375527482,0.0020564326494857746,True,412,95,14
trajectory_false_positive,rock_probability,s300_c023,-0.020492082726041708,-0.021093570855320834,0.0006014881292791263,True,411,95,14
trajectory_false_positive,rock_probability,s300_c025,-0.020492082726041708,-0.02042680202187873,6.528070416297882e-05,True,414,95,14
trajectory_false_positive,rock_probability,s300_c026,-0.020492082726041708,-0.019987341129763317,0.0005047415962783908,True,414,95,14
trajectory_false_positive,rock_probability,s300_c027,-0.020492082726041708,-0.01979638597491505,0.0006956967511266565,True,414,95,14
trajectory_false_positive,rock_probability,s300_c029,-0.020492082726041708,-0.020540349130406428,4.826640436472046e-05,True,413,95,14
trajectory_false_positive,rock_probability,s300_c031,-0.020492082726041708,-0.02046790108472273,2.418164131897868e-05,True,411,95,14
trajectory_false_positive,rock_probability,s300_c032,-0.020492082726041708,-0.01847739339536738,0.0020146893306743283,True,414,95,14
trajectory_false_positive,rock_probability,s300_c033,-0.020492082726041708,-0.020696655059089148,0.0002045723330474404,True,414,95,14
trajectory_false_positive,rock_probability,s300_c034,-0.020492082726041708,-0.02113846294033054,0.0006463802142888317,True,414,95,14
trajectory_false_positive,rock_probability,s300_c035,-0.020492082726041708,-0.020283730735754457,0.0002083519902872505,True,413,95,14
trajectory_false_positive,rock_probability,s300_c038,-0.020492082726041708,-0.01944605517371297,0.0010460275523287363,True,413,95,14
trajectory_false_positive,rock_probability,s300_c040,-0.020492082726041708,-0.02040397415584675,8.810857019495716e-05,True,414,95,14
trajectory_false_positive,rock_probability,s300_c044,-0.020492082726041708,-0.020878146240378367,0.00038606351433665906,True,413,95,14
trajectory_false_positive,rock_probability,s300_c046,-0.020492082726041708,-0.022394545464916663,0.0019024627388749549,True,414,95,14
trajectory_false_positive,rock_probability,s300_c047,-0.020492082726041708,-0.020412151152670473,7.993157337123427e-05,True,413,95,14
trajectory_false_positive,rock_probability,s300_c048,-0.020492082726041708,-0.02112375874755397,0.0006316760215122619,True,413,95,14
trajectory_false_positive,rock_probability,s300_c050,-0.020492082726041708,-0.017474963727645742,0.003017118998395966,True,410,95,14
trajectory_false_positive,rock_probability,s300_c051,-0.020492082726041708,-0.020448248319810215,4.383440623149243e-05,True,412,95,14
trajectory_false_positive,rock_probability,s300_c052,-0.020492082726041708,-0.019647259127432586,0.0008448235986091221,True,413,95,14
trajectory_false_positive,rock_probability,s300_c053,-0.020492082726041708,-0.020354329531781852,0.0001377531942598556,True,411,95,14
trajectory_false_positive,rock_probability,s300_c054,-0.020492082726041708,-0.025630313489535445,0.0051382307634937376,True,407,95,14
trajectory_false_positive,rock_probability,s300_c055,-0.020492082726041708,-0.020523161217953643,3.107849191193515e-05,True,414,95,14
trajectory_false_positive,rock_probability,s300_c057,-0.020492082726041708,-0.01765625011483562,0.002835832611206089,True,406,95,14
trajectory_false_positive,rock_probability,s300_c058,-0.020492082726041708,-0.021106420612811587,0.0006143378867698793,True,410,95,14
trajectory_false_positive,rock_probability,s300_c059,-0.020492082726041708,-0.021648834980303136,0.0011567522542614284,True,414,95,14
trajectory_false_positive,rock_probability,s300_c060,-0.020492082726041708,-0.020674790203411487,0.00018270747736977982,True,404,95,14
trajectory_false_positive,rock_probability,s300_c061,-0.020492082726041708,-0.020289448995513455,0.00020263373052825315,True,414,95,14
trajectory_false_positive,rock_probability,s300_c063,-0.020492082726041708,-0.019705544981702485,0.0007865377443392225,True,414,95,14
trajectory_false_positive,rock_probability,s300_c066,-0.020492082726041708,-0.018992293746303235,0.0014997889797384728,True,410,95,14
trajectory_false_positive,rock_probability,s300_c067,-0.020492082726041708,-0.020409523144083057,8.255958195865082e-05,True,414,95,14
trajectory_false_positive,rock_probability,s300_c068,-0.020492082726041708,-0.019770308572189785,0.0007217741538519222,True,400,95,14
trajectory_false_positive,rock_probability,s300_c069,-0.020492082726041708,-0.023770032559980045,0.0032779498339383373,True,413,95,14
trajectory_false_positive,rock_probability,s300_c071,-0.020492082726041708,-0.019943724344386078,0.0005483583816556295,True,402,95,14
trajectory_false_positive,rock_probability,s300_c072,-0.020492082726041708,-0.020540112233544138,4.8029507502430485e-05,True,414,95,14
trajectory_false_positive,rock_probability,s300_c073,-0.020492082726041708,-0.02053888055342837,4.6797827386663854e-05,True,414,95,14
trajectory_false_positive,rock_probability,s300_c074,-0.020492082726041708,-0.02016157518701098,0.000330507539030727,True,412,95,14
trajectory_false_positive,rock_probability,s300_c075,-0.020492082726041708,-0.020087801143839974,0.00040428158220173413,True,413,95,14
trajectory_false_positive,rock_probability,s300_c078,-0.020492082726041708,-0.02031175747243121,0.0001803252536104992,True,414,95,14
trajectory_false_positive,rock_probability,s300_c079,-0.020492082726041708,-0.02026969878509092,0.00022238394095078912,True,414,95,14
trajectory_false_positive,rock_probability,s300_c080,-0.020492082726041708,-0.01903856305047762,0.0014535196755640876,True,407,95,14
trajectory_false_positive,rock_probability,s300_c081,-0.020492082726041708,-0.02043466232173739,5.742040430431819e-05,True,414,95,14
trajectory_false_positive,rock_probability,s300_c087,-0.020492082726041708,-0.02103424451617078,0.0005421617901290726,True,410,95,14
trajectory_false_positive,rock_probability,s300_c089,-0.020492082726041708,-0.021899519286236888,0.00140743656019518,True,405,95,14
trajectory_false_positive,rock_probability,s300_c091,-0.020492082726041708,-0.020621228344032846,0.00012914561799113808,True,414,95,14
trajectory_false_positive,rock_probability,s300_c092,-0.020492082726041708,-0.02145662868107981,0.0009645459550381014,True,411,95,14
trajectory_false_positive,rock_probability,s300_c093,-0.020492082726041708,-0.01900944871565769,0.0014826340103840166,True,414,95,14
trajectory_false_positive,rock_probability,s300_c094,-0.020492082726041708,-0.020854702769046763,0.0003626200430050554,True,413,95,14
trajectory_false_positive,rock_probability,s300_c096,-0.020492082726041708,-0.02176105633762336,0.001268973611581653,True,412,95,14
trajectory_false_positive,rock_probability,s300_c099,-0.020492082726041708,-0.014643819183501893,0.0058482635425398145,True,411,95,14
trajectory_false_positive,rock_probability,s300_c102,-0.020492082726041708,-0.022982789733495976,0.002490707007454268,True,413,95,14
trajectory_false_positive,rock_probability,s300_c104,-0.020492082726041708,-0.022947283703127052,0.0024552009770853443,True,411,95,14
trajectory_false_positive,rock_probability,s300_c106,-0.020492082726041708,-0.019739121391469126,0.0007529613345725814,True,407,95,14
trajectory_false_positive,rock_probability,s300_c107,-0.020492082726041708,-0.01998945099843299,0.0005026317276087162,True,412,95,14
trajectory_false_positive,rock_probability,s300_c109,-0.020492082726041708,-0.015046725986163008,0.0054453567398787,True,410,95,14
trajectory_false_positive,rock_probability,s300_c110,-0.020492082726041708,-0.023571263620316987,0.0030791808942752796,True,413,95,14
trajectory_false_positive,rock_probability,s300_c111,-0.020492082726041708,-0.02014566311357475,0.0003464196124669562,True,407,95,14
trajectory_false_positive,rock_probability,s300_c113,-0.020492082726041708,-0.025020102458867384,0.004528019732825676,True,412,95,14
trajectory_false_positive,rock_probability,s300_c114,-0.020492082726041708,-0.02031428638280295,0.00017779634323875776,True,412,95,14
trajectory_false_positive,rock_probability,s300_c118,-0.020492082726041708,-0.019962418836876897,0.0005296638891648109,True,414,95,14
trajectory_false_positive,rock_probability,s300_c120,-0.020492082726041708,-0.019312493878685683,0.0011795888473560244,True,408,95,14
trajectory_false_positive,rock_probability,s300_c123,-0.020492082726041708,-0.019629596721694086,0.0008624860043476221,True,405,95,14
trajectory_false_positive,rock_probability,s300_c124,-0.020492082726041708,-0.02136471595002341,0.0008726332239817024,True,411,95,14
trajectory_false_positive,rock_probability,s300_c125,-0.020492082726041708,-0.019228034712954804,0.0012640480130869033,True,413,95,14
trajectory_false_positive,rock_probability,s300_c126,-0.020492082726041708,-0.01997647492955744,0.0005156077964842687,True,414,95,14
trajectory_false_positive,rock_probability,s300_c127,-0.020492082726041708,-0.017704094076398603,0.002787988649643105,True,407,95,14
trajectory_false_positive,rock_probability,s300_c128,-0.020492082726041708,-0.018311874251684974,0.002180208474356734,True,412,95,14
trajectory_false_positive,rock_probability,s300_c129,-0.020492082726041708,-0.018138821472704802,0.002353261253336906,True,412,95,14
trajectory_false_positive,rock_probability,s300_c130,-0.020492082726041708,-0.01915284676248208,0.001339235963559629,True,400,95,14
trajectory_false_positive,rock_probability,s300_c131,-0.020492082726041708,-0.020666495149014343,0.00017441242297263487,True,414,95,14
trajectory_false_positive,rock_probability,s300_c132,-0.020492082726041708,-0.019817547338672508,0.0006745353873691996,True,413,95,14
trajectory_false_positive,rock_probability,s300_c134,-0.020492082726041708,-0.020061200710654002,0.0004308820153877055,True,412,95,14
trajectory_false_positive,rock_probability,s300_c135,-0.020492082726041708,-0.020559677509631,6.759478358929136e-05,True,411,95,14
trajectory_false_positive,rock_probability,s300_c137,-0.020492082726041708,-0.022473432714795516,0.0019813499887538083,True,410,95,14
trajectory_false_positive,rock_probability,s300_c138,-0.020492082726041708,-0.018888175777302278,0.0016039069487394295,True,411,95,14
trajectory_false_positive,rock_probability,s300_c139,-0.020492082726041708,-0.021862018000749175,0.0013699352747074678,True,402,95,14
trajectory_false_positive,rock_probability,s300_c140,-0.020492082726041708,-0.020647989882622977,0.00015590715658126905,True,414,95,14
trajectory_false_positive,rock_probability,s300_c141,-0.020492082726041708,-0.02062868603527168,0.000136603309229974,True,414,95,14
trajectory_false_positive,depth_m,s300_c000,-0.007607234633647584,-0.0080727265554701,0.0004654919218225152,True,414,95,14
trajectory_false_positive,depth_m,s300_c001,-0.007607234633647584,-0.0070233093263295954,0.0005839253073179887,True,407,95,14
trajectory_false_positive,depth_m,s300_c002,-0.007607234633647584,-0.009273546697287787,0.001666312063640203,True,409,95,14
trajectory_false_positive,depth_m,s300_c003,-0.007607234633647584,-0.009540540676559604,0.0019333060429120195,True,410,95,14
trajectory_false_positive,depth_m,s300_c004,-0.007607234633647584,-0.008333461093588118,0.0007262264599405344,True,412,95,14
trajectory_false_positive,depth_m,s300_c006,-0.007607234633647584,-0.0077739653778479125,0.00016673074420032845,True,410,95,14
trajectory_false_positive,depth_m,s300_c007,-0.007607234633647584,-0.0075956181196673465,1.1616513980237594e-05,True,414,95,14
trajectory_false_positive,depth_m,s300_c008,-0.007607234633647584,-0.006848244255034625,0.0007589903786129589,True,408,95,14
trajectory_false_positive,depth_m,s300_c010,-0.007607234633647584,-0.008948424062020057,0.0013411894283724734,True,411,95,14
trajectory_false_positive,depth_m,s300_c011,-0.007607234633647584,-0.008564126236344574,0.00095689160269699,True,413,95,14
trajectory_false_positive,depth_m,s300_c012,-0.007607234633647584,-0.007866964038178763,0.00025972940453117873,True,411,95,14
trajectory_false_positive,depth_m,s300_c013,-0.007607234633647584,-0.006244290919734544,0.00136294371391304,True,395,95,14
trajectory_false_positive,depth_m,s300_c014,-0.007607234633647584,-0.007630522553226674,2.3287919579090266e-05,True,414,95,14
trajectory_false_positive,depth_m,s300_c015,-0.007607234633647584,-0.0076410751478706105,3.38405142230264e-05,True,411,95,14
trajectory_false_positive,depth_m,s300_c016,-0.007607234633647584,-0.013992601379035607,0.006385366745388023,True,374,95,14
trajectory_false_positive,depth_m,s300_c019,-0.007607234633647584,-0.007416814493041367,0.00019042014060621695,True,411,95,14
trajectory_false_positive,depth_m,s300_c020,-0.007607234633647584,-0.007320569699554079,0.0002866649340935055,True,412,95,14
trajectory_false_positive,depth_m,s300_c021,-0.007607234633647584,-0.0076312943456716496,2.4059712024065462e-05,True,411,95,14
trajectory_false_positive,depth_m,s300_c022,-0.007607234633647584,-0.008608953509259339,0.0010017188756117545,True,412,95,14
trajectory_false_positive,depth_m,s300_c023,-0.007607234633647584,-0.007179841980239148,0.00042739265340843626,True,411,95,14
trajectory_false_positive,depth_m,s300_c025,-0.007607234633647584,-0.007482220834267817,0.00012501379937976745,True,414,95,14
trajectory_false_positive,depth_m,s300_c026,-0.007607234633647584,-0.008406904079361368,0.0007996694457137838,True,414,95,14
trajectory_false_positive,depth_m,s300_c027,-0.007607234633647584,-0.00828956769964922,0.0006823330660016358,True,414,95,14
trajectory_false_positive,depth_m,s300_c029,-0.007607234633647584,-0.007350177414978877,0.00025705721866870705,True,413,95,14
trajectory_false_positive,depth_m,s300_c031,-0.007607234633647584,-0.007788928449504734,0.0001816938158571502,True,411,95,14
trajectory_false_positive,depth_m,s300_c032,-0.007607234633647584,-0.007861265592903227,0.0002540309592556434,True,414,95,14
trajectory_false_positive,depth_m,s300_c033,-0.007607234633647584,-0.007794638000323975,0.0001874033666763907,True,414,95,14
trajectory_false_positive,depth_m,s300_c034,-0.007607234633647584,-0.007188900125811085,0.0004183345078364988,True,414,95,14
trajectory_false_positive,depth_m,s300_c035,-0.007607234633647584,-0.009757057403065818,0.002149822769418234,True,413,95,14
trajectory_false_positive,depth_m,s300_c038,-0.007607234633647584,-0.009300950834736681,0.0016937162010890973,True,413,95,14
trajectory_false_positive,depth_m,s300_c040,-0.007607234633647584,-0.007592583154429648,1.465147921793624e-05,True,414,95,14
trajectory_false_positive,depth_m,s300_c044,-0.007607234633647584,-0.0075528550814348665,5.4379552212717626e-05,True,413,95,14
trajectory_false_positive,depth_m,s300_c046,-0.007607234633647584,-0.0066306995440724974,0.0009765350895750867,True,414,95,14
trajectory_false_positive,depth_m,s300_c047,-0.007607234633647584,-0.007559576894544929,4.7657739102655375e-05,True,413,95,14
trajectory_false_positive,depth_m,s300_c048,-0.007607234633647584,-0.00875116193811416,0.0011439273044665755,True,413,95,14
trajectory_false_positive,depth_m,s300_c050,-0.007607234633647584,-0.003647525921335104,0.00395970871231248,True,410,95,14
trajectory_false_positive,depth_m,s300_c051,-0.007607234633647584,-0.007203976650221065,0.0004032579834265188,True,412,95,14
trajectory_false_positive,depth_m,s300_c052,-0.007607234633647584,-0.006627084225098209,0.0009801504085493748,True,413,95,14
trajectory_false_positive,depth_m,s300_c053,-0.007607234633647584,-0.006091750984413867,0.001515483649233717,True,411,95,14
trajectory_false_positive,depth_m,s300_c054,-0.007607234633647584,-0.014471822276771882,0.006864587643124298,True,407,95,14
trajectory_false_positive,depth_m,s300_c055,-0.007607234633647584,-0.00755326014362171,5.397449002587408e-05,True,414,95,14
trajectory_false_positive,depth_m,s300_c057,-0.007607234633647584,-0.005007595829494175,0.0025996388041534093,True,406,95,14
trajectory_false_positive,depth_m,s300_c058,-0.007607234633647584,-0.00985683060571064,0.002249595972063056,True,410,95,14
trajectory_false_positive,depth_m,s300_c059,-0.007607234633647584,-0.00815888434784394,0.0005516497141963552,True,414,95,14
trajectory_false_positive,depth_m,s300_c060,-0.007607234633647584,-0.006993642999924275,0.0006135916337233092,True,404,95,14
trajectory_false_positive,depth_m,s300_c061,-0.007607234633647584,-0.007514009045314699,9.322558833288475e-05,True,414,95,14
trajectory_false_positive,depth_m,s300_c063,-0.007607234633647584,-0.00565471244671446,0.0019525221869331243,True,414,95,14
trajectory_false_positive,depth_m,s300_c066,-0.007607234633647584,-0.006801832373239551,0.000805402260408033,True,410,95,14
trajectory_false_positive,depth_m,s300_c067,-0.007607234633647584,-0.00784239088561189,0.00023515625196430644,True,414,95,14
trajectory_false_positive,depth_m,s300_c068,-0.007607234633647584,-0.009069597799076982,0.001462363165429398,True,400,95,14
trajectory_false_positive,depth_m,s300_c069,-0.007607234633647584,-0.00426473369080799,0.0033425009428395937,True,413,95,14
trajectory_false_positive,depth_m,s300_c071,-0.007607234633647584,-0.0059266016722263355,0.0016806329614212486,True,402,95,14
trajectory_false_positive,depth_m,s300_c072,-0.007607234633647584,-0.007728735456761695,0.0001215008231141108,True,414,95,14
trajectory_false_positive,depth_m,s300_c073,-0.007607234633647584,-0.007709971492747164,0.00010273685909957964,True,414,95,14
trajectory_false_positive,depth_m,s300_c074,-0.007607234633647584,-0.006750051131695961,0.0008571835019516227,True,412,95,14
trajectory_false_positive,depth_m,s300_c075,-0.007607234633647584,-0.007807366650508766,0.00020013201686118216,True,413,95,14
trajectory_false_positive,depth_m,s300_c078,-0.007607234633647584,-0.007129876448038205,0.0004773581856093792,True,414,95,14
trajectory_false_positive,depth_m,s300_c079,-0.007607234633647584,-0.007588660774662048,1.8573858985536373e-05,True,414,95,14
trajectory_false_positive,depth_m,s300_c080,-0.007607234633647584,-0.007000210542573008,0.0006070240910745761,True,407,95,14
trajectory_false_positive,depth_m,s300_c081,-0.007607234633647584,-0.007478810696693464,0.0001284239369541201,True,414,95,14
trajectory_false_positive,depth_m,s300_c087,-0.007607234633647584,-0.008564203273554226,0.0009569686399066414,True,410,95,14
trajectory_false_positive,depth_m,s300_c089,-0.007607234633647584,-0.008223894765839384,0.0006166601321917998,True,405,95,14
trajectory_false_positive,depth_m,s300_c091,-0.007607234633647584,-0.007950247003124354,0.00034301236947676967,True,414,95,14
trajectory_false_positive,depth_m,s300_c092,-0.007607234633647584,-0.0043345748159543795,0.0032726598176932046,True,411,95,14
trajectory_false_positive,depth_m,s300_c093,-0.007607234633647584,-0.004890490615627816,0.002716744018019768,True,414,95,14
trajectory_false_positive,depth_m,s300_c094,-0.007607234633647584,-0.007839923951498188,0.0002326893178506038,True,413,95,14
trajectory_false_positive,depth_m,s300_c096,-0.007607234633647584,-0.012027932880463995,0.004420698246816411,True,412,95,14
trajectory_false_positive,depth_m,s300_c099,-0.007607234633647584,-0.004873815246214348,0.0027334193874332365,True,411,95,14
trajectory_false_positive,depth_m,s300_c102,-0.007607234633647584,-0.00810274613391497,0.0004955115002673862,True,413,95,14
trajectory_false_positive,depth_m,s300_c104,-0.007607234633647584,-0.008696526160904921,0.0010892915272573368,True,411,95,14
trajectory_false_positive,depth_m,s300_c106,-0.007607234633647584,-0.006611789315358071,0.000995445318289513,True,407,95,14
trajectory_false_positive,depth_m,s300_c107,-0.007607234633647584,-0.008174676562227012,0.0005674419285794279,True,412,95,14
trajectory_false_positive,depth_m,s300_c109,-0.007607234633647584,-0.002775224971095349,0.004832009662552235,True,410,95,14
trajectory_false_positive,depth_m,s300_c110,-0.007607234633647584,-0.008078057854799184,0.00047082322115160006,True,413,95,14
trajectory_false_positive,depth_m,s300_c111,-0.007607234633647584,-0.005113523930394569,0.0024937107032530154,True,407,95,14
trajectory_false_positive,depth_m,s300_c113,-0.007607234633647584,-0.006189298069265579,0.0014179365643820054,True,412,95,14
trajectory_false_positive,depth_m,s300_c114,-0.007607234633647584,-0.008198011983698766,0.0005907773500511823,True,412,95,14
trajectory_false_positive,depth_m,s300_c118,-0.007607234633647584,-0.007753935074563438,0.00014670044091585378,True,414,95,14
trajectory_false_positive,depth_m,s300_c120,-0.007607234633647584,-0.008145497906984722,0.0005382632733371374,True,408,95,14
trajectory_false_positive,depth_m,s300_c123,-0.007607234633647584,-0.007759335053136255,0.00015210041948867086,True,405,95,14
trajectory_false_positive,depth_m,s300_c124,-0.007607234633647584,-0.0079656267534267,0.00035839211977911536,True,411,95,14
trajectory_false_positive,depth_m,s300_c125,-0.007607234633647584,-0.00661595267636816,0.0009912819572794242,True,413,95,14
trajectory_false_positive,depth_m,s300_c126,-0.007607234633647584,-0.007233371661396145,0.00037386297225143906,True,414,95,14
trajectory_false_positive,depth_m,s300_c127,-0.007607234633647584,-0.004726020761402831,0.0028812138722447535,True,407,95,14
trajectory_false_positive,depth_m,s300_c128,-0.007607234633647584,-0.007271999684310173,0.000335234949337411,True,412,95,14
trajectory_false_positive,depth_m,s300_c129,-0.007607234633647584,-0.008431173293434603,0.000823938659787019,True,412,95,14
trajectory_false_positive,depth_m,s300_c130,-0.007607234633647584,-0.007123654421489815,0.00048358021215776873,True,400,95,14
trajectory_false_positive,depth_m,s300_c131,-0.007607234633647584,-0.007975902135938783,0.0003686675022911987,True,414,95,14
trajectory_false_positive,depth_m,s300_c132,-0.007607234633647584,-0.007386760871513496,0.00022047376213408815,True,413,95,14
trajectory_false_positive,depth_m,s300_c134,-0.007607234633647584,-0.0073026796176486105,0.0003045550159989736,True,412,95,14
trajectory_false_positive,depth_m,s300_c135,-0.007607234633647584,-0.008572983495820943,0.0009657488621733585,True,411,95,14
trajectory_false_positive,depth_m,s300_c137,-0.007607234633647584,-0.009432874098114268,0.0018256394644666834,True,410,95,14
trajectory_false_positive,depth_m,s300_c138,-0.007607234633647584,-0.009330896494813147,0.001723661861165563,True,411,95,14
trajectory_false_positive,depth_m,s300_c139,-0.007607234633647584,-0.008993903149665833,0.0013866685160182487,True,402,95,14
trajectory_false_positive,depth_m,s300_c140,-0.007607234633647584,-0.008251852204190483,0.0006446175705428986,True,414,95,14
trajectory_false_positive,depth_m,s300_c141,-0.007607234633647584,-0.007570148052990049,3.7086580657535485e-05,True,414,95,14
trajectory_false_positive,kelp_species_contrast,s300_c000,0.005035397405056232,0.004943130911823877,9.226649323235483e-05,True,407,95,14
trajectory_false_positive,kelp_species_contrast,s300_c001,0.005035397405056232,0.010118905942242618,0.005083508537186386,True,400,95,14
trajectory_false_positive,kelp_species_contrast,s300_c002,0.005035397405056232,-0.006824324162443652,0.011859721567499884,False,402,95,14
trajectory_false_positive,kelp_species_contrast,s300_c003,0.005035397405056232,0.012646459253355065,0.007611061848298833,True,403,95,14
trajectory_false_positive,kelp_species_contrast,s300_c004,0.005035397405056232,0.011747943226401967,0.006712545821345735,True,405,95,14
trajectory_false_positive,kelp_species_contrast,s300_c006,0.005035397405056232,0.005574802185849222,0.0005394047807929896,True,403,95,14
trajectory_false_positive,kelp_species_contrast,s300_c007,0.005035397405056232,0.0054215437127589534,0.00038614630770272135,True,407,95,14
trajectory_false_positive,kelp_species_contrast,s300_c008,0.005035397405056232,0.004903604681198402,0.00013179272385782995,True,401,95,14
trajectory_false_positive,kelp_species_contrast,s300_c010,0.005035397405056232,0.003984594312350209,0.0010508030927060229,True,404,95,14
trajectory_false_positive,kelp_species_contrast,s300_c011,0.005035397405056232,0.005481789629792698,0.00044639222473646586,True,406,95,14
trajectory_false_positive,kelp_species_contrast,s300_c012,0.005035397405056232,0.006123961321079105,0.0010885639160228729,True,404,95,14
trajectory_false_positive,kelp_species_contrast,s300_c013,0.005035397405056232,0.006031735634969337,0.0009963382299131053,True,388,95,14
trajectory_false_positive,kelp_species_contrast,s300_c014,0.005035397405056232,0.005070385181754827,3.498777669859454e-05,True,407,95,14
trajectory_false_positive,kelp_species_contrast,s300_c015,0.005035397405056232,0.005440425376117438,0.0004050279710612059,True,404,95,14
trajectory_false_positive,kelp_species_contrast,s300_c016,0.005035397405056232,0.004214399115757397,0.0008209982892988348,True,367,95,14
trajectory_false_positive,kelp_species_contrast,s300_c019,0.005035397405056232,0.005066133277902167,3.07358728459349e-05,True,404,95,14
trajectory_false_positive,kelp_species_contrast,s300_c020,0.005035397405056232,0.005270438567197045,0.000235041162140813,True,405,95,14
trajectory_false_positive,kelp_species_contrast,s300_c021,0.005035397405056232,0.000780761299374523,0.004254636105681709,True,404,95,14
trajectory_false_positive,kelp_species_contrast,s300_c022,0.005035397405056232,0.007301955481898617,0.002266558076842385,True,405,95,14
trajectory_false_positive,kelp_species_contrast,s300_c023,0.005035397405056232,0.003012803363354695,0.002022594041701537,True,404,95,14
trajectory_false_positive,kelp_species_contrast,s300_c025,0.005035397405056232,0.004947083786052849,8.831361900338286e-05,True,407,95,14
trajectory_false_positive,kelp_species_contrast,s300_c026,0.005035397405056232,0.00583776339440787,0.0008023659893516381,True,407,95,14
trajectory_false_positive,kelp_species_contrast,s300_c027,0.005035397405056232,0.005834981913996354,0.0007995845089401217,True,407,95,14
trajectory_false_positive,kelp_species_contrast,s300_c029,0.005035397405056232,0.005200122480343267,0.00016472507528703453,True,406,95,14
trajectory_false_positive,kelp_species_contrast,s300_c031,0.005035397405056232,0.006390654101419778,0.0013552566963635458,True,404,95,14
trajectory_false_positive,kelp_species_contrast,s300_c032,0.005035397405056232,0.0060821944665195235,0.0010467970614632914,True,407,95,14
trajectory_false_positive,kelp_species_contrast,s300_c033,0.005035397405056232,0.005272703828784375,0.00023730642372814248,True,407,95,14
trajectory_false_positive,kelp_species_contrast,s300_c034,0.005035397405056232,0.0037498100998083206,0.0012855873052479115,True,407,95,14
trajectory_false_positive,kelp_species_contrast,s300_c035,0.005035397405056232,-0.0002634872245610917,0.005298884629617324,False,406,95,14
trajectory_false_positive,kelp_species_contrast,s300_c038,0.005035397405056232,0.004583885056129888,0.0004515123489263438,True,406,95,14
trajectory_false_positive,kelp_species_contrast,s300_c040,0.005035397405056232,0.005186100084501148,0.00015070267944491608,True,407,95,14
trajectory_false_positive,kelp_species_contrast,s300_c044,0.005035397405056232,0.005178541741079932,0.00014314433602369975,True,406,95,14
trajectory_false_positive,kelp_species_contrast,s300_c046,0.005035397405056232,0.0049831169670084274,5.228043804780466e-05,True,407,95,14
trajectory_false_positive,kelp_species_contrast,s300_c047,0.005035397405056232,0.006894493202564526,0.0018590957975082936,True,406,95,14
trajectory_false_positive,kelp_species_contrast,s300_c048,0.005035397405056232,0.0046607068903594985,0.0003746905146967336,True,406,95,14
trajectory_false_positive,kelp_species_contrast,s300_c050,0.005035397405056232,0.006338958883141243,0.0013035614780850108,True,403,95,14
trajectory_false_positive,kelp_species_contrast,s300_c051,0.005035397405056232,-0.0056717537905347955,0.010707151195591028,False,405,95,14
trajectory_false_positive,kelp_species_contrast,s300_c052,0.005035397405056232,-0.0072160506727488895,0.012251448077805122,False,406,95,14
trajectory_false_positive,kelp_species_contrast,s300_c053,0.005035397405056232,0.005510091908042469,0.0004746945029862372,True,404,95,14
trajectory_false_positive,kelp_species_contrast,s300_c054,0.005035397405056232,0.0070076766495221,0.001972279244465868,True,400,95,14
trajectory_false_positive,kelp_species_contrast,s300_c055,0.005035397405056232,0.005539317396603856,0.0005039199915476238,True,407,95,14
trajectory_false_positive,kelp_species_contrast,s300_c057,0.005035397405056232,0.005338053848584792,0.00030265644352855947,True,399,95,14
trajectory_false_positive,kelp_species_contrast,s300_c058,0.005035397405056232,0.005441240914501464,0.000405843509445232,True,403,95,14
trajectory_false_positive,kelp_species_contrast,s300_c059,0.005035397405056232,0.0053449687459850015,0.0003095713409287694,True,407,95,14
trajectory_false_positive,kelp_species_contrast,s300_c060,0.005035397405056232,0.005816588673854706,0.0007811912687984736,True,397,95,14
trajectory_false_positive,kelp_species_contrast,s300_c061,0.005035397405056232,0.005568513346512007,0.0005331159414557751,True,407,95,14
trajectory_false_positive,kelp_species_contrast,s300_c063,0.005035397405056232,0.002989522826479546,0.002045874578576686,True,407,95,14
trajectory_false_positive,kelp_species_contrast,s300_c066,0.005035397405056232,0.005769621419440284,0.0007342240143840516,True,403,95,14
trajectory_false_positive,kelp_species_contrast,s300_c067,0.005035397405056232,0.004922683506146639,0.00011271389890959299,True,407,95,14
trajectory_false_positive,kelp_species_contrast,s300_c068,0.005035397405056232,0.0037692446766860073,0.0012661527283702248,True,393,95,14
trajectory_false_positive,kelp_species_contrast,s300_c069,0.005035397405056232,0.0013837087899254315,0.0036516886151308006,True,406,95,14
trajectory_false_positive,kelp_species_contrast,s300_c071,0.005035397405056232,0.006086079734984082,0.0010506823299278496,True,395,95,14
trajectory_false_positive,kelp_species_contrast,s300_c072,0.005035397405056232,0.004939465714923111,9.593169013312128e-05,True,407,95,14
trajectory_false_positive,kelp_species_contrast,s300_c073,0.005035397405056232,0.004885858879230723,0.00014953852582550928,True,407,95,14
trajectory_false_positive,kelp_species_contrast,s300_c074,0.005035397405056232,0.004945502426113368,8.989497894286436e-05,True,405,95,14
trajectory_false_positive,kelp_species_contrast,s300_c075,0.005035397405056232,0.0055404995991806885,0.0005051021941244564,True,406,95,14
trajectory_false_positive,kelp_species_contrast,s300_c078,0.005035397405056232,0.00540869244365999,0.00037329503860375826,True,407,95,14
trajectory_false_positive,kelp_species_contrast,s300_c079,0.005035397405056232,0.005566588971728608,0.000531191566672376,True,407,95,14
trajectory_false_positive,kelp_species_contrast,s300_c080,0.005035397405056232,0.004950860754559281,8.453665049695108e-05,True,400,95,14
trajectory_false_positive,kelp_species_contrast,s300_c081,0.005035397405056232,0.00542073055813869,0.000385333153082458,True,407,95,14
trajectory_false_positive,kelp_species_contrast,s300_c087,0.005035397405056232,0.0016049541398420984,0.0034304432652141337,True,403,95,14
trajectory_false_positive,kelp_species_contrast,s300_c089,0.005035397405056232,0.0027157299184979757,0.0023196674865582564,True,398,95,14
trajectory_false_positive,kelp_species_contrast,s300_c091,0.005035397405056232,0.004814719024066435,0.0002206783809897972,True,407,95,14
trajectory_false_positive,kelp_species_contrast,s300_c092,0.005035397405056232,0.0030203033030207632,0.002015094102035469,True,404,95,14
trajectory_false_positive,kelp_species_contrast,s300_c093,0.005035397405056232,0.0054543038345841455,0.0004189064295279134,True,407,95,14
trajectory_false_positive,kelp_species_contrast,s300_c094,0.005035397405056232,0.0048296889689847,0.00020570843607153194,True,406,95,14
trajectory_false_positive,kelp_species_contrast,s300_c096,0.005035397405056232,0.004574968605332366,0.00046042879972386583,True,405,95,14
trajectory_false_positive,kelp_species_contrast,s300_c099,0.005035397405056232,0.008395232041508147,0.0033598346364519145,True,405,95,14
trajectory_false_positive,kelp_species_contrast,s300_c102,0.005035397405056232,0.006365998647854667,0.0013306012427984348,True,407,95,14
trajectory_false_positive,kelp_species_contrast,s300_c104,0.005035397405056232,0.00527098903063947,0.00023559162558323826,True,404,95,14
trajectory_false_positive,kelp_species_contrast,s300_c106,0.005035397405056232,0.004369668136012226,0.0006657292690440061,True,400,95,14
trajectory_false_positive,kelp_species_contrast,s300_c107,0.005035397405056232,0.006072459611054612,0.0010370622059983799,True,406,95,14
trajectory_false_positive,kelp_species_contrast,s300_c109,0.005035397405056232,0.017165055411454862,0.01212965800639863,True,403,95,14
trajectory_false_positive,kelp_species_contrast,s300_c110,0.005035397405056232,0.004770189470557778,0.00026520793449845426,True,406,95,14
trajectory_false_positive,kelp_species_contrast,s300_c111,0.005035397405056232,0.010444524344011715,0.005409126938955483,True,402,95,14
trajectory_false_positive,kelp_species_contrast,s300_c113,0.005035397405056232,0.004314038788500438,0.0007213586165557943,True,406,95,14
trajectory_false_positive,kelp_species_contrast,s300_c114,0.005035397405056232,0.004559119983802026,0.0004762774212542058,True,405,95,14
trajectory_false_positive,kelp_species_contrast,s300_c118,0.005035397405056232,0.005129757057000323,9.435965194409118e-05,True,407,95,14
trajectory_false_positive,kelp_species_contrast,s300_c120,0.005035397405056232,0.004240006174816114,0.0007953912302401181,True,401,95,14
trajectory_false_positive,kelp_species_contrast,s300_c123,0.005035397405056232,0.004906629167101894,0.00012876823795433812,True,398,95,14
trajectory_false_positive,kelp_species_contrast,s300_c124,0.005035397405056232,0.005647567123692555,0.0006121697186363233,True,404,95,14
trajectory_false_positive,kelp_species_contrast,s300_c125,0.005035397405056232,0.005459749743387702,0.00042435233833146985,True,406,95,14
trajectory_false_positive,kelp_species_contrast,s300_c126,0.005035397405056232,0.0052780253796235015,0.00024262797456726937,True,407,95,14
trajectory_false_positive,kelp_species_contrast,s300_c127,0.005035397405056232,0.002046128958674367,0.0029892684463818653,True,400,95,14
trajectory_false_positive,kelp_species_contrast,s300_c128,0.005035397405056232,0.0042327351487365765,0.0008026622563196556,True,405,95,14
trajectory_false_positive,kelp_species_contrast,s300_c129,0.005035397405056232,0.005743408981259114,0.000708011576202882,True,405,95,14
trajectory_false_positive,kelp_species_contrast,s300_c130,0.005035397405056232,0.006020029945273078,0.0009846325402168461,True,393,95,14
trajectory_false_positive,kelp_species_contrast,s300_c131,0.005035397405056232,0.004782294980739163,0.00025310242431706917,True,407,95,14
trajectory_false_positive,kelp_species_contrast,s300_c132,0.005035397405056232,0.005406109965951932,0.00037071256089570015,True,406,95,14
trajectory_false_positive,kelp_species_contrast,s300_c134,0.005035397405056232,0.005397482096804268,0.00036208469174803595,True,405,95,14
trajectory_false_positive,kelp_species_contrast,s300_c135,0.005035397405056232,0.004612184828511997,0.00042321257654423516,True,404,95,14
trajectory_false_positive,kelp_species_contrast,s300_c137,0.005035397405056232,0.003075545643018429,0.001959851762037803,True,403,95,14
trajectory_false_positive,kelp_species_contrast,s300_c138,0.005035397405056232,0.007925622958930303,0.0028902255538740713,True,404,95,14
trajectory_false_positive,kelp_species_contrast,s300_c139,0.005035397405056232,0.006886356145567776,0.0018509587405115442,True,396,95,14
trajectory_false_positive,kelp_species_contrast,s300_c140,0.005035397405056232,0.004769398159451297,0.0002659992456049351,True,407,95,14
trajectory_false_positive,kelp_species_contrast,s300_c141,0.005035397405056232,0.005088046090959929,5.264868590369731e-05,True,407,95,14
mur_signed_rank_gain_pp,grazing_log1p,s300_c000,-0.09291502490476164,-0.01889424327920619,0.07402078162555545,True,733,119,14
mur_signed_rank_gain_pp,grazing_log1p,s300_c001,-0.09291502490476164,0.11163125323651879,0.20454627814128043,False,723,119,14
mur_signed_rank_gain_pp,grazing_log1p,s300_c002,-0.09291502490476164,-0.22363260608850904,0.1307175811837474,True,723,119,14
mur_signed_rank_gain_pp,grazing_log1p,s300_c003,-0.09291502490476164,-0.14248980677092793,0.04957478186616629,True,722,119,14
mur_signed_rank_gain_pp,grazing_log1p,s300_c004,-0.09291502490476164,-0.13797653075362626,0.04506150584886462,True,728,119,14
mur_signed_rank_gain_pp,grazing_log1p,s300_c006,-0.09291502490476164,-0.12680302581950542,0.03388800091474378,True,728,119,14
mur_signed_rank_gain_pp,grazing_log1p,s300_c007,-0.09291502490476164,-0.08753779366647627,0.005377231238285374,True,733,119,14
mur_signed_rank_gain_pp,grazing_log1p,s300_c008,-0.09291502490476164,-0.09064428651060008,0.002270738394161559,True,725,119,14
mur_signed_rank_gain_pp,grazing_log1p,s300_c009,-0.09291502490476164,-0.0636086196253614,0.029306405279400233,True,733,119,14
mur_signed_rank_gain_pp,grazing_log1p,s300_c010,-0.09291502490476164,-0.11959917030512429,0.026684145400362652,True,726,119,14
mur_signed_rank_gain_pp,grazing_log1p,s300_c011,-0.09291502490476164,-0.23980208622472024,0.1468870613199586,True,729,119,14
mur_signed_rank_gain_pp,grazing_log1p,s300_c012,-0.09291502490476164,-0.1830671889253813,0.09015216402061965,True,725,119,14
mur_signed_rank_gain_pp,grazing_log1p,s300_c013,-0.09291502490476164,0.07309948626744112,0.16601451117220276,False,712,119,14
mur_signed_rank_gain_pp,grazing_log1p,s300_c014,-0.09291502490476164,-0.10168647577439233,0.008771450869630687,True,732,119,14
mur_signed_rank_gain_pp,grazing_log1p,s300_c015,-0.09291502490476164,-0.1925445222976731,0.09962949739291146,True,728,119,14
mur_signed_rank_gain_pp,grazing_log1p,s300_c016,-0.09291502490476164,-0.30707384961949363,0.214158824714732,True,660,119,14
mur_signed_rank_gain_pp,grazing_log1p,s300_c019,-0.09291502490476164,-0.1869744389284798,0.09405941402371817,True,729,119,14
mur_signed_rank_gain_pp,grazing_log1p,s300_c020,-0.09291502490476164,-0.1779291947153018,0.08501416981054016,True,730,119,14
mur_signed_rank_gain_pp,grazing_log1p,s300_c021,-0.09291502490476164,-0.02549087714122583,0.06742414776353581,True,730,119,14
mur_signed_rank_gain_pp,grazing_log1p,s300_c022,-0.09291502490476164,0.04684015536223579,0.13975518026699743,False,730,119,14
mur_signed_rank_gain_pp,grazing_log1p,s300_c023,-0.09291502490476164,-0.09987426609682498,0.006959241192063342,True,728,119,14
mur_signed_rank_gain_pp,grazing_log1p,s300_c025,-0.09291502490476164,-0.1007669877708871,0.007851962866125467,True,732,119,14
mur_signed_rank_gain_pp,grazing_log1p,s300_c026,-0.09291502490476164,-0.07124915941234561,0.02166586549241603,True,732,119,14
mur_signed_rank_gain_pp,grazing_log1p,s300_c027,-0.09291502490476164,-0.05871839326059458,0.03419663164416706,True,733,119,14
mur_signed_rank_gain_pp,grazing_log1p,s300_c028,-0.09291502490476164,-0.13514622739073,0.04223120248596837,True,733,119,14
mur_signed_rank_gain_pp,grazing_log1p,s300_c029,-0.09291502490476164,-0.0648124762272948,0.028102548677466838,True,732,119,14
mur_signed_rank_gain_pp,grazing_log1p,s300_c030,-0.09291502490476164,-0.0582873381910094,0.03462768671375224,True,732,119,14
mur_signed_rank_gain_pp,grazing_log1p,s300_c031,-0.09291502490476164,-0.04785072233224125,0.04506430257252039,True,730,119,14
mur_signed_rank_gain_pp,grazing_log1p,s300_c032,-0.09291502490476164,-0.09756044046464532,0.004645415559883681,True,733,119,14
mur_signed_rank_gain_pp,grazing_log1p,s300_c033,-0.09291502490476164,-0.061388232035505474,0.031526792869256165,True,733,119,14
mur_signed_rank_gain_pp,grazing_log1p,s300_c034,-0.09291502490476164,-0.09133856858836817,0.0015764563163934708,True,732,119,14
mur_signed_rank_gain_pp,grazing_log1p,s300_c035,-0.09291502490476164,-0.07644649964330519,0.01646852526145645,True,728,119,14
mur_signed_rank_gain_pp,grazing_log1p,s300_c037,-0.09291502490476164,-0.055497239660598996,0.037417785244162644,True,730,119,14
mur_signed_rank_gain_pp,grazing_log1p,s300_c038,-0.09291502490476164,-0.10194357500856543,0.009028550103803795,True,727,119,14
mur_signed_rank_gain_pp,grazing_log1p,s300_c039,-0.09291502490476164,-0.07103814135409825,0.02187688355066339,True,733,119,14
mur_signed_rank_gain_pp,grazing_log1p,s300_c040,-0.09291502490476164,-0.1030326053709705,0.010117580466208864,True,732,119,14
mur_signed_rank_gain_pp,grazing_log1p,s300_c041,-0.09291502490476164,-0.12626448806233384,0.0333494631575722,True,733,119,14
mur_signed_rank_gain_pp,grazing_log1p,s300_c044,-0.09291502490476164,-0.09179718869197734,0.0011178362127843011,True,731,119,14
mur_signed_rank_gain_pp,grazing_log1p,s300_c045,-0.09291502490476164,-0.09345105705188392,0.0005360321471222784,True,733,119,14
mur_signed_rank_gain_pp,grazing_log1p,s300_c046,-0.09291502490476164,-0.09660201187140943,0.003686986966647793,True,733,119,14
mur_signed_rank_gain_pp,grazing_log1p,s300_c047,-0.09291502490476164,-0.10028216064735579,0.00736713574259415,True,732,119,14
mur_signed_rank_gain_pp,grazing_log1p,s300_c048,-0.09291502490476164,-0.07321768546262297,0.019697339442138667,True,730,119,14
mur_signed_rank_gain_pp,grazing_log1p,s300_c049,-0.09291502490476164,-0.09061544580269487,0.0022995791020667677,True,733,119,14
mur_signed_rank_gain_pp,grazing_log1p,s300_c050,-0.09291502490476164,-0.09572336007308307,0.0028083351683214353,True,728,119,14
mur_signed_rank_gain_pp,grazing_log1p,s300_c051,-0.09291502490476164,-0.14040628414857442,0.04749125924381278,True,722,119,14
mur_signed_rank_gain_pp,grazing_log1p,s300_c052,-0.09291502490476164,-0.14326222334190453,0.05034719843714289,True,728,119,14
mur_signed_rank_gain_pp,grazing_log1p,s300_c053,-0.09291502490476164,-0.09996910028177541,0.007054075377013774,True,730,119,14
mur_signed_rank_gain_pp,grazing_log1p,s300_c054,-0.09291502490476164,0.30421467570224947,0.39712970060701114,False,722,119,14
mur_signed_rank_gain_pp,grazing_log1p,s300_c055,-0.09291502490476164,-0.06988979787141386,0.023025227033347778,True,731,119,14
mur_signed_rank_gain_pp,grazing_log1p,s300_c057,-0.09291502490476164,-0.4161157806318131,0.3232007557270514,True,718,119,14
mur_signed_rank_gain_pp,grazing_log1p,s300_c058,-0.09291502490476164,-0.18650856832837454,0.0935935434236129,True,724,119,14
mur_signed_rank_gain_pp,grazing_log1p,s300_c059,-0.09291502490476164,-0.006139525406913593,0.08677549949784805,True,731,119,14
mur_signed_rank_gain_pp,grazing_log1p,s300_c060,-0.09291502490476164,-0.09398607720225155,0.0010710522974899106,True,722,119,14
mur_signed_rank_gain_pp,grazing_log1p,s300_c061,-0.09291502490476164,-0.05205475027885442,0.04086027462590722,True,728,119,14
mur_signed_rank_gain_pp,grazing_log1p,s300_c062,-0.09291502490476164,-0.00930195192996025,0.08361307297480139,True,733,119,14
mur_signed_rank_gain_pp,grazing_log1p,s300_c063,-0.09291502490476164,0.00924954794386268,0.10216457284862432,False,729,119,14
mur_signed_rank_gain_pp,grazing_log1p,s300_c065,-0.09291502490476164,-0.09514375348651305,0.00222872858175141,True,725,119,14
mur_signed_rank_gain_pp,grazing_log1p,s300_c066,-0.09291502490476164,-0.08717455780629413,0.005740467098467511,True,727,119,14
mur_signed_rank_gain_pp,grazing_log1p,s300_c067,-0.09291502490476164,-0.08777870743783772,0.0051363174669239176,True,733,119,14
mur_signed_rank_gain_pp,grazing_log1p,s300_c068,-0.09291502490476164,-0.1442859825273676,0.05137095762260596,True,709,119,14
mur_signed_rank_gain_pp,grazing_log1p,s300_c069,-0.09291502490476164,-0.08590719525280427,0.00700782965195737,True,728,119,14
mur_signed_rank_gain_pp,grazing_log1p,s300_c071,-0.09291502490476164,-0.05982037055297501,0.03309465435178663,True,713,119,14
mur_signed_rank_gain_pp,grazing_log1p,s300_c072,-0.09291502490476164,-0.10063560571076455,0.007720580806002908,True,733,119,14
mur_signed_rank_gain_pp,grazing_log1p,s300_c073,-0.09291502490476164,-0.0925154594331252,0.00039956547163644274,True,733,119,14
mur_signed_rank_gain_pp,grazing_log1p,s300_c074,-0.09291502490476164,-0.08871738007419305,0.0041976448305685865,True,729,119,14
mur_signed_rank_gain_pp,grazing_log1p,s300_c075,-0.09291502490476164,-0.11130489154009898,0.018389866635337343,True,729,119,14
mur_signed_rank_gain_pp,grazing_log1p,s300_c077,-0.09291502490476164,-0.16212982207023607,0.06921479716547443,True,732,119,14
mur_signed_rank_gain_pp,grazing_log1p,s300_c078,-0.09291502490476164,-0.1863002283204938,0.09338520341573217,True,731,119,14
mur_signed_rank_gain_pp,grazing_log1p,s300_c079,-0.09291502490476164,-0.10038070610572053,0.00746568120095889,True,733,119,14
mur_signed_rank_gain_pp,grazing_log1p,s300_c080,-0.09291502490476164,0.09367394334852713,0.18658896825328877,False,721,119,14
mur_signed_rank_gain_pp,grazing_log1p,s300_c081,-0.09291502490476164,-0.09327106220408588,0.00035603729932423556,True,733,119,14
mur_signed_rank_gain_pp,grazing_log1p,s300_c084,-0.09291502490476164,-0.09309375806693981,0.00017873316217817403,True,733,119,14
mur_signed_rank_gain_pp,grazing_log1p,s300_c085,-0.09291502490476164,-0.09222608266289262,0.0006889422418690228,True,733,119,14
mur_signed_rank_gain_pp,grazing_log1p,s300_c086,-0.09291502490476164,0.05599114151279283,0.14890616641755447,False,732,119,14
mur_signed_rank_gain_pp,grazing_log1p,s300_c087,-0.09291502490476164,-0.18898126112944036,0.09606623622467872,True,726,119,14
mur_signed_rank_gain_pp,grazing_log1p,s300_c088,-0.09291502490476164,-0.0701850571696169,0.02272996773514474,True,733,119,14
mur_signed_rank_gain_pp,grazing_log1p,s300_c089,-0.09291502490476164,-0.3012496344187144,0.20833460951395275,True,720,119,14
mur_signed_rank_gain_pp,grazing_log1p,s300_c090,-0.09291502490476164,-0.08907089965214648,0.003844125252615155,True,733,119,14
mur_signed_rank_gain_pp,grazing_log1p,s300_c091,-0.09291502490476164,-0.07898188230372608,0.013933142601035564,True,733,119,14
mur_signed_rank_gain_pp,grazing_log1p,s300_c092,-0.09291502490476164,-0.13512294754539275,0.04220792264063111,True,730,119,14
mur_signed_rank_gain_pp,grazing_log1p,s300_c093,-0.09291502490476164,-0.08439531315548579,0.008519711749275849,True,733,119,14
mur_signed_rank_gain_pp,grazing_log1p,s300_c094,-0.09291502490476164,-0.11671597373738157,0.023800948832619934,True,732,119,14
mur_signed_rank_gain_pp,grazing_log1p,s300_c096,-0.09291502490476164,-0.10796064862854296,0.01504562372378132,True,730,119,14
mur_signed_rank_gain_pp,grazing_log1p,s300_c097,-0.09291502490476164,-0.12389024595142228,0.030975221046660645,True,733,119,14
mur_signed_rank_gain_pp,grazing_log1p,s300_c098,-0.09291502490476164,-0.23281072527863822,0.13989570037387658,True,732,119,14
mur_signed_rank_gain_pp,grazing_log1p,s300_c099,-0.09291502490476164,-0.1012985252403574,0.008383500335595762,True,731,119,14
mur_signed_rank_gain_pp,grazing_log1p,s300_c101,-0.09291502490476164,-0.09480399454443214,0.0018889696396705014,True,733,119,14
mur_signed_rank_gain_pp,grazing_log1p,s300_c102,-0.09291502490476164,-0.01879847334978424,0.0741165515549774,True,733,119,14
mur_signed_rank_gain_pp,grazing_log1p,s300_c103,-0.09291502490476164,0.04299441749605115,0.1359094424008128,False,729,119,14
mur_signed_rank_gain_pp,grazing_log1p,s300_c104,-0.09291502490476164,0.041713041124884886,0.13462806602964653,False,728,119,14
mur_signed_rank_gain_pp,grazing_log1p,s300_c105,-0.09291502490476164,-0.12193431469991348,0.029019289795151837,True,730,119,14
mur_signed_rank_gain_pp,grazing_log1p,s300_c106,-0.09291502490476164,-0.1401919698704699,0.04727694496570825,True,724,119,14
mur_signed_rank_gain_pp,grazing_log1p,s300_c107,-0.09291502490476164,-0.19213527314260814,0.0992202482378465,True,727,119,14
mur_signed_rank_gain_pp,grazing_log1p,s300_c109,-0.09291502490476164,-0.02643118298677477,0.06648384191798687,True,726,119,14
mur_signed_rank_gain_pp,grazing_log1p,s300_c110,-0.09291502490476164,-0.12859719094767796,0.035682166042916325,True,728,119,14
mur_signed_rank_gain_pp,grazing_log1p,s300_c111,-0.09291502490476164,0.049524230321763896,0.14243925522652554,False,725,119,14
mur_signed_rank_gain_pp,grazing_log1p,s300_c112,-0.09291502490476164,-0.11025677264302894,0.0173417477382673,True,732,119,14
mur_signed_rank_gain_pp,grazing_log1p,s300_c113,-0.09291502490476164,-0.13150491877144027,0.03858989386667863,True,727,119,14
mur_signed_rank_gain_pp,grazing_log1p,s300_c114,-0.09291502490476164,-0.052694957394061936,0.0402200675106997,True,729,119,14
mur_signed_rank_gain_pp,grazing_log1p,s300_c115,-0.09291502490476164,-0.12759792185564417,0.03468289695088253,True,731,119,14
mur_signed_rank_gain_pp,grazing_log1p,s300_c118,-0.09291502490476164,-0.16236370564226754,0.0694486807375059,True,732,119,14
mur_signed_rank_gain_pp,grazing_log1p,s300_c119,-0.09291502490476164,-0.05226689421985248,0.04064813068490916,True,730,119,14
mur_signed_rank_gain_pp,grazing_log1p,s300_c120,-0.09291502490476164,-0.11718063576617371,0.024265610861412074,True,724,119,14
mur_signed_rank_gain_pp,grazing_log1p,s300_c123,-0.09291502490476164,-0.06593037916326894,0.026984645741492702,True,721,119,14
mur_signed_rank_gain_pp,grazing_log1p,s300_c124,-0.09291502490476164,-0.08918987619251173,0.0037251487122499094,True,730,119,14
mur_signed_rank_gain_pp,grazing_log1p,s300_c125,-0.09291502490476164,-0.13285557286297506,0.03994054795821342,True,729,119,14
mur_signed_rank_gain_pp,grazing_log1p,s300_c126,-0.09291502490476164,-0.13553468535597102,0.04261966045120938,True,730,119,14
mur_signed_rank_gain_pp,grazing_log1p,s300_c127,-0.09291502490476164,-0.10919066281384457,0.01627563790908293,True,720,119,14
mur_signed_rank_gain_pp,grazing_log1p,s300_c128,-0.09291502490476164,-0.11211962347274607,0.019204598567984427,True,724,119,14
mur_signed_rank_gain_pp,grazing_log1p,s300_c129,-0.09291502490476164,-0.03332695402813024,0.0595880708766314,True,724,119,14
mur_signed_rank_gain_pp,grazing_log1p,s300_c130,-0.09291502490476164,-0.15887383577799924,0.0659588108732376,True,711,119,14
mur_signed_rank_gain_pp,grazing_log1p,s300_c131,-0.09291502490476164,-0.06138823203550961,0.03152679286925203,True,733,119,14
mur_signed_rank_gain_pp,grazing_log1p,s300_c132,-0.09291502490476164,-0.08813963660890459,0.004775388295857053,True,727,119,14
mur_signed_rank_gain_pp,grazing_log1p,s300_c134,-0.09291502490476164,-0.09290961004359788,5.414861163760554e-06,True,728,119,14
mur_signed_rank_gain_pp,grazing_log1p,s300_c135,-0.09291502490476164,-0.09565642364295945,0.0027413987381978144,True,729,119,14
mur_signed_rank_gain_pp,grazing_log1p,s300_c137,-0.09291502490476164,-0.05022867642906137,0.04268634847570027,True,727,119,14
mur_signed_rank_gain_pp,grazing_log1p,s300_c138,-0.09291502490476164,-0.022784050756566032,0.07013097414819561,True,725,119,14
mur_signed_rank_gain_pp,grazing_log1p,s300_c139,-0.09291502490476164,-0.09884835552754262,0.00593333062278098,True,713,119,14
mur_signed_rank_gain_pp,grazing_log1p,s300_c140,-0.09291502490476164,-0.0801759075539078,0.01273911735085384,True,732,119,14
mur_signed_rank_gain_pp,grazing_log1p,s300_c141,-0.09291502490476164,-0.08943582813599876,0.0034791967687628766,True,732,119,14
mur_signed_rank_gain_pp,rock_probability,s300_c000,-0.9200498564121138,-0.8995142482451007,0.020535608167013053,True,751,119,14
mur_signed_rank_gain_pp,rock_probability,s300_c001,-0.9200498564121138,-0.9466728840424847,0.026623027630370943,True,741,119,14
mur_signed_rank_gain_pp,rock_probability,s300_c002,-0.9200498564121138,-0.9107784922237676,0.009271364188346176,True,741,119,14
mur_signed_rank_gain_pp,rock_probability,s300_c003,-0.9200498564121138,-0.9050798645514233,0.01496999186069048,True,740,119,14
mur_signed_rank_gain_pp,rock_probability,s300_c004,-0.9200498564121138,-0.9427848290165326,0.022734972604418813,True,746,119,14
mur_signed_rank_gain_pp,rock_probability,s300_c006,-0.9200498564121138,-0.9435604227024627,0.023510566290348867,True,746,119,14
mur_signed_rank_gain_pp,rock_probability,s300_c007,-0.9200498564121138,-0.9318091139455591,0.011759257533445311,True,751,119,14
mur_signed_rank_gain_pp,rock_probability,s300_c008,-0.9200498564121138,-0.8855399256817506,0.034509930730363236,True,743,119,14
mur_signed_rank_gain_pp,rock_probability,s300_c009,-0.9200498564121138,-0.8826396271106989,0.03741022930141491,True,751,119,14
mur_signed_rank_gain_pp,rock_probability,s300_c010,-0.9200498564121138,-0.8774023267988906,0.042647529613223156,True,744,119,14
mur_signed_rank_gain_pp,rock_probability,s300_c011,-0.9200498564121138,-0.9737040843237659,0.053654227911652086,True,747,119,14
mur_signed_rank_gain_pp,rock_probability,s300_c012,-0.9200498564121138,-0.9242155518839803,0.004165695471866515,True,743,119,14
mur_signed_rank_gain_pp,rock_probability,s300_c013,-0.9200498564121138,-0.9829745842386819,0.0629247278265681,True,730,119,14
mur_signed_rank_gain_pp,rock_probability,s300_c014,-0.9200498564121138,-0.9225038663079681,0.0024540098958543144,True,750,119,14
mur_signed_rank_gain_pp,rock_probability,s300_c015,-0.9200498564121138,-0.8980158364982676,0.022034019913846237,True,746,119,14
mur_signed_rank_gain_pp,rock_probability,s300_c016,-0.9200498564121138,-0.854590882768602,0.06545897364351183,True,678,119,14
mur_signed_rank_gain_pp,rock_probability,s300_c019,-0.9200498564121138,-0.9001048321735614,0.019945024238552378,True,747,119,14
mur_signed_rank_gain_pp,rock_probability,s300_c020,-0.9200498564121138,-0.9501639844404375,0.030114128028323695,True,748,119,14
mur_signed_rank_gain_pp,rock_probability,s300_c021,-0.9200498564121138,-0.9348677154836375,0.014817859071523665,True,748,119,14
mur_signed_rank_gain_pp,rock_probability,s300_c022,-0.9200498564121138,-1.0454973464896342,0.12544749007752043,True,748,119,14
mur_signed_rank_gain_pp,rock_probability,s300_c023,-0.9200498564121138,-0.8901559081158544,0.029893948296259354,True,746,119,14
mur_signed_rank_gain_pp,rock_probability,s300_c025,-0.9200498564121138,-0.8751013403658334,0.04494851604628036,True,750,119,14
mur_signed_rank_gain_pp,rock_probability,s300_c026,-0.9200498564121138,-0.9057164776604167,0.014333378751697046,True,750,119,14
mur_signed_rank_gain_pp,rock_probability,s300_c027,-0.9200498564121138,-0.9018032904177532,0.018246565994360586,True,751,119,14
mur_signed_rank_gain_pp,rock_probability,s300_c028,-0.9200498564121138,-0.930947798494959,0.010897942082845224,True,751,119,14
mur_signed_rank_gain_pp,rock_probability,s300_c029,-0.9200498564121138,-0.9225812396062567,0.002531383194142922,True,750,119,14
mur_signed_rank_gain_pp,rock_probability,s300_c030,-0.9200498564121138,-0.9427874284306124,0.022737572018498575,True,750,119,14
mur_signed_rank_gain_pp,rock_probability,s300_c031,-0.9200498564121138,-0.9242074764315018,0.00415762001938802,True,748,119,14
mur_signed_rank_gain_pp,rock_probability,s300_c032,-0.9200498564121138,-0.930925507135687,0.010875650723573216,True,751,119,14
mur_signed_rank_gain_pp,rock_probability,s300_c033,-0.9200498564121138,-0.8718761750654338,0.048173681346679986,True,751,119,14
mur_signed_rank_gain_pp,rock_probability,s300_c034,-0.9200498564121138,-0.9166570522471407,0.0033928041649731178,True,749,119,14
mur_signed_rank_gain_pp,rock_probability,s300_c035,-0.9200498564121138,-0.9218003512488882,0.0017504948367743633,True,746,119,14
mur_signed_rank_gain_pp,rock_probability,s300_c037,-0.9200498564121138,-0.9327915311014039,0.012741674689290106,True,748,119,14
mur_signed_rank_gain_pp,rock_probability,s300_c038,-0.9200498564121138,-0.8883742201060327,0.031675636306081056,True,745,119,14
mur_signed_rank_gain_pp,rock_probability,s300_c039,-0.9200498564121138,-0.9128067117451137,0.0072431446670000454,True,751,119,14
mur_signed_rank_gain_pp,rock_probability,s300_c040,-0.9200498564121138,-0.9041855127446052,0.01586434366750855,True,750,119,14
mur_signed_rank_gain_pp,rock_probability,s300_c041,-0.9200498564121138,-0.9145302058578622,0.005519650554251632,True,751,119,14
mur_signed_rank_gain_pp,rock_probability,s300_c044,-0.9200498564121138,-0.9283601520572646,0.008310295645150845,True,749,119,14
mur_signed_rank_gain_pp,rock_probability,s300_c045,-0.9200498564121138,-0.9201716650804594,0.00012180866834565762,True,751,119,14
mur_signed_rank_gain_pp,rock_probability,s300_c046,-0.9200498564121138,-0.9191622722366732,0.0008875841754405478,True,751,119,14
mur_signed_rank_gain_pp,rock_probability,s300_c047,-0.9200498564121138,-0.9163717055902729,0.0036781508218408643,True,750,119,14
mur_signed_rank_gain_pp,rock_probability,s300_c048,-0.9200498564121138,-0.9399387222824456,0.019888865870331784,True,748,119,14
mur_signed_rank_gain_pp,rock_probability,s300_c049,-0.9200498564121138,-0.9205362524244669,0.0004863960123531186,True,751,119,14
mur_signed_rank_gain_pp,rock_probability,s300_c050,-0.9200498564121138,-0.9483467202886838,0.028296863876570044,True,746,119,14
mur_signed_rank_gain_pp,rock_probability,s300_c051,-0.9200498564121138,-0.947020013998495,0.026970157586381216,True,740,119,14
mur_signed_rank_gain_pp,rock_probability,s300_c052,-0.9200498564121138,-0.9238071836012507,0.0037573271891369053,True,746,119,14
mur_signed_rank_gain_pp,rock_probability,s300_c053,-0.9200498564121138,-0.9321117333265991,0.012061876914485348,True,748,119,14
mur_signed_rank_gain_pp,rock_probability,s300_c054,-0.9200498564121138,-1.094306945764541,0.17425708935242712,True,740,119,14
mur_signed_rank_gain_pp,rock_probability,s300_c055,-0.9200498564121138,-0.9177467009099685,0.0023031555021453265,True,749,119,14
mur_signed_rank_gain_pp,rock_probability,s300_c057,-0.9200498564121138,-0.8074033243123677,0.11264653209974607,True,736,119,14
mur_signed_rank_gain_pp,rock_probability,s300_c058,-0.9200498564121138,-0.9310613462810088,0.011011489868894997,True,742,119,14
mur_signed_rank_gain_pp,rock_probability,s300_c059,-0.9200498564121138,-0.8737781364310644,0.0462717199810494,True,749,119,14
mur_signed_rank_gain_pp,rock_probability,s300_c060,-0.9200498564121138,-0.9240679452096849,0.004018088797571151,True,740,119,14
mur_signed_rank_gain_pp,rock_probability,s300_c061,-0.9200498564121138,-0.8871346207243861,0.032915235687727695,True,746,119,14
mur_signed_rank_gain_pp,rock_probability,s300_c062,-0.9200498564121138,-0.867288122445292,0.05276173396682182,True,751,119,14
mur_signed_rank_gain_pp,rock_probability,s300_c063,-0.9200498564121138,-0.8399172209216637,0.08013263549045013,True,747,119,14
mur_signed_rank_gain_pp,rock_probability,s300_c065,-0.9200498564121138,-1.0392384559244596,0.11918859951234584,True,743,119,14
mur_signed_rank_gain_pp,rock_probability,s300_c066,-0.9200498564121138,-1.0419513539966716,0.12190149758455782,True,745,119,14
mur_signed_rank_gain_pp,rock_probability,s300_c067,-0.9200498564121138,-0.9270756942004719,0.00702583778835808,True,751,119,14
mur_signed_rank_gain_pp,rock_probability,s300_c068,-0.9200498564121138,-1.0242493565122595,0.10419950010014567,True,727,119,14
mur_signed_rank_gain_pp,rock_probability,s300_c069,-0.9200498564121138,-0.8986377984637541,0.021412057948359653,True,746,119,14
mur_signed_rank_gain_pp,rock_probability,s300_c071,-0.9200498564121138,-0.9622792960541394,0.042229439642025635,True,731,119,14
mur_signed_rank_gain_pp,rock_probability,s300_c072,-0.9200498564121138,-0.9233713601374682,0.0033215037253544466,True,751,119,14
mur_signed_rank_gain_pp,rock_probability,s300_c073,-0.9200498564121138,-0.9204267836757632,0.0003769272636494625,True,751,119,14
mur_signed_rank_gain_pp,rock_probability,s300_c074,-0.9200498564121138,-0.9301743919376646,0.010124535525550815,True,747,119,14
mur_signed_rank_gain_pp,rock_probability,s300_c075,-0.9200498564121138,-0.9305683266845752,0.010518470272461444,True,747,119,14
mur_signed_rank_gain_pp,rock_probability,s300_c077,-0.9200498564121138,-0.862835234254639,0.05721462215747475,True,750,119,14
mur_signed_rank_gain_pp,rock_probability,s300_c078,-0.9200498564121138,-0.9118735607824645,0.008176295629649277,True,749,119,14
mur_signed_rank_gain_pp,rock_probability,s300_c079,-0.9200498564121138,-0.9103563789795113,0.009693477432602515,True,751,119,14
mur_signed_rank_gain_pp,rock_probability,s300_c080,-0.9200498564121138,-1.0919432493601617,0.17189339294804795,True,739,119,14
mur_signed_rank_gain_pp,rock_probability,s300_c081,-0.9200498564121138,-0.9203805308993502,0.00033067448723644866,True,751,119,14
mur_signed_rank_gain_pp,rock_probability,s300_c084,-0.9200498564121138,-0.9221358127642387,0.0020859563521249402,True,751,119,14
mur_signed_rank_gain_pp,rock_probability,s300_c085,-0.9200498564121138,-0.9095250620720556,0.010524794340058152,True,751,119,14
mur_signed_rank_gain_pp,rock_probability,s300_c086,-0.9200498564121138,-0.8483973626523245,0.07165249375978933,True,750,119,14
mur_signed_rank_gain_pp,rock_probability,s300_c087,-0.9200498564121138,-0.7864457418158124,0.1336041145963014,True,744,119,14
mur_signed_rank_gain_pp,rock_probability,s300_c088,-0.9200498564121138,-0.9483594265825472,0.02830957017043345,True,751,119,14
mur_signed_rank_gain_pp,rock_probability,s300_c089,-0.9200498564121138,-0.8142704557458096,0.1057794006663042,True,738,119,14
mur_signed_rank_gain_pp,rock_probability,s300_c090,-0.9200498564121138,-0.9231173282393464,0.0030674718272326595,True,751,119,14
mur_signed_rank_gain_pp,rock_probability,s300_c091,-0.9200498564121138,-0.9063820318513632,0.013667824560750552,True,751,119,14
mur_signed_rank_gain_pp,rock_probability,s300_c092,-0.9200498564121138,-0.9351764865684455,0.015126630156331755,True,748,119,14
mur_signed_rank_gain_pp,rock_probability,s300_c093,-0.9200498564121138,-0.9123082756346494,0.007741580777464341,True,751,119,14
mur_signed_rank_gain_pp,rock_probability,s300_c094,-0.9200498564121138,-0.9414407482183305,0.021390891806216672,True,750,119,14
mur_signed_rank_gain_pp,rock_probability,s300_c096,-0.9200498564121138,-0.9699041188192391,0.049854262407125316,True,748,119,14
mur_signed_rank_gain_pp,rock_probability,s300_c097,-0.9200498564121138,-0.888714988074282,0.031334868337831834,True,751,119,14
mur_signed_rank_gain_pp,rock_probability,s300_c098,-0.9200498564121138,-0.9268105110894173,0.006760654677303468,True,750,119,14
mur_signed_rank_gain_pp,rock_probability,s300_c099,-0.9200498564121138,-0.8301933386476653,0.08985651776444847,True,748,119,14
mur_signed_rank_gain_pp,rock_probability,s300_c101,-0.9200498564121138,-0.92387429413091,0.0038244377187962586,True,751,119,14
mur_signed_rank_gain_pp,rock_probability,s300_c102,-0.9200498564121138,-1.0422263077311436,0.12217645131902977,True,750,119,14
mur_signed_rank_gain_pp,rock_probability,s300_c103,-0.9200498564121138,-0.8300217229174741,0.09002813349463967,True,747,119,14
mur_signed_rank_gain_pp,rock_probability,s300_c104,-0.9200498564121138,-1.0123007513559883,0.0922508949438745,True,746,119,14
mur_signed_rank_gain_pp,rock_probability,s300_c105,-0.9200498564121138,-0.9102593429928749,0.009790513419238867,True,748,119,14
mur_signed_rank_gain_pp,rock_probability,s300_c106,-0.9200498564121138,-0.8906209441240123,0.029428912288101516,True,741,119,14
mur_signed_rank_gain_pp,rock_probability,s300_c107,-0.9200498564121138,-0.8430885781187906,0.07696127829332322,True,744,119,14
mur_signed_rank_gain_pp,rock_probability,s300_c109,-0.9200498564121138,-0.8677354682261793,0.05231438818593448,True,744,119,14
mur_signed_rank_gain_pp,rock_probability,s300_c110,-0.9200498564121138,-0.918761632704665,0.0012882237074487435,True,746,119,14
mur_signed_rank_gain_pp,rock_probability,s300_c111,-0.9200498564121138,-0.929383894478289,0.009334038066175165,True,741,119,14
mur_signed_rank_gain_pp,rock_probability,s300_c112,-0.9200498564121138,-0.8999069224205751,0.02014293399153866,True,750,119,14
mur_signed_rank_gain_pp,rock_probability,s300_c113,-0.9200498564121138,-0.7342511151949211,0.18579874121719264,True,743,119,14
mur_signed_rank_gain_pp,rock_probability,s300_c114,-0.9200498564121138,-0.9187264670011621,0.0013233894109516697,True,747,119,14
mur_signed_rank_gain_pp,rock_probability,s300_c115,-0.9200498564121138,-0.9065779929206315,0.013471863491482328,True,749,119,14
mur_signed_rank_gain_pp,rock_probability,s300_c118,-0.9200498564121138,-0.9737770724097126,0.053727215997598776,True,750,119,14
mur_signed_rank_gain_pp,rock_probability,s300_c119,-0.9200498564121138,-0.89362801430606,0.026421842106053806,True,748,119,14
mur_signed_rank_gain_pp,rock_probability,s300_c120,-0.9200498564121138,-0.9829403505132575,0.06289049410114367,True,742,119,14
mur_signed_rank_gain_pp,rock_probability,s300_c123,-0.9200498564121138,-0.8618619867165235,0.05818786969559031,True,739,119,14
mur_signed_rank_gain_pp,rock_probability,s300_c124,-0.9200498564121138,-0.9197236118344803,0.00032624457763352765,True,748,119,14
mur_signed_rank_gain_pp,rock_probability,s300_c125,-0.9200498564121138,-1.0172580759717713,0.09720821955965753,True,746,119,14
mur_signed_rank_gain_pp,rock_probability,s300_c126,-0.9200498564121138,-1.13164139119934,0.21159153478722614,True,747,119,14
mur_signed_rank_gain_pp,rock_probability,s300_c127,-0.9200498564121138,-1.0469081644670033,0.1268583080548895,True,734,119,14
mur_signed_rank_gain_pp,rock_probability,s300_c128,-0.9200498564121138,-0.9427234887557978,0.022673632343684025,True,741,119,14
mur_signed_rank_gain_pp,rock_probability,s300_c129,-0.9200498564121138,-0.926636329001585,0.006586472589471204,True,741,119,14
mur_signed_rank_gain_pp,rock_probability,s300_c130,-0.9200498564121138,-0.890128626380532,0.029921230031581758,True,729,119,14
mur_signed_rank_gain_pp,rock_probability,s300_c131,-0.9200498564121138,-0.8782150449408075,0.0418348114713063,True,751,119,14
mur_signed_rank_gain_pp,rock_probability,s300_c132,-0.9200498564121138,-0.890835537585592,0.029214318826521812,True,745,119,14
mur_signed_rank_gain_pp,rock_probability,s300_c134,-0.9200498564121138,-0.825383574284182,0.09466628212793182,True,746,119,14
mur_signed_rank_gain_pp,rock_probability,s300_c135,-0.9200498564121138,-0.9111784942714041,0.008871362140709715,True,747,119,14
mur_signed_rank_gain_pp,rock_probability,s300_c137,-0.9200498564121138,-0.9205829296181048,0.0005330732059910526,True,745,119,14
mur_signed_rank_gain_pp,rock_probability,s300_c138,-0.9200498564121138,-0.7018137952309809,0.21823606118113292,True,743,119,14
mur_signed_rank_gain_pp,rock_probability,s300_c139,-0.9200498564121138,-0.9559787911412128,0.03592893472909897,True,730,119,14
mur_signed_rank_gain_pp,rock_probability,s300_c140,-0.9200498564121138,-0.9492413983614546,0.029191541949340816,True,750,119,14
mur_signed_rank_gain_pp,rock_probability,s300_c141,-0.9200498564121138,-0.9187387395656152,0.001311116846498539,True,750,119,14
mur_signed_rank_gain_pp,depth_m,s300_c000,0.06587203348759946,-0.0204270984448206,0.08629913193242006,False,751,119,14
mur_signed_rank_gain_pp,depth_m,s300_c001,0.06587203348759946,0.0762681296731571,0.010396096185557646,True,741,119,14
mur_signed_rank_gain_pp,depth_m,s300_c002,0.06587203348759946,0.06448161004100927,0.0013904234465901832,True,741,119,14
mur_signed_rank_gain_pp,depth_m,s300_c003,0.06587203348759946,0.35662963346621973,0.2907575999786203,True,740,119,14
mur_signed_rank_gain_pp,depth_m,s300_c004,0.06587203348759946,0.0589144029233708,0.006957630564228656,True,746,119,14
mur_signed_rank_gain_pp,depth_m,s300_c006,0.06587203348759946,0.060298462220716,0.005573571266883459,True,746,119,14
mur_signed_rank_gain_pp,depth_m,s300_c007,0.06587203348759946,0.06323356688695059,0.00263846660064887,True,751,119,14
mur_signed_rank_gain_pp,depth_m,s300_c008,0.06587203348759946,0.0264750311773424,0.03939700231025706,True,743,119,14
mur_signed_rank_gain_pp,depth_m,s300_c009,0.06587203348759946,0.1339311943520629,0.06805916086446345,True,751,119,14
mur_signed_rank_gain_pp,depth_m,s300_c010,0.06587203348759946,0.0923262828354493,0.026454249347849845,True,744,119,14
mur_signed_rank_gain_pp,depth_m,s300_c011,0.06587203348759946,0.007321320210181836,0.05855071327741762,True,747,119,14
mur_signed_rank_gain_pp,depth_m,s300_c012,0.06587203348759946,0.07054636191052721,0.004674328422927754,True,743,119,14
mur_signed_rank_gain_pp,depth_m,s300_c013,0.06587203348759946,-0.001587833880976608,0.06745986736857607,False,730,119,14
mur_signed_rank_gain_pp,depth_m,s300_c014,0.06587203348759946,0.06673266612660872,0.0008606326390092622,True,750,119,14
mur_signed_rank_gain_pp,depth_m,s300_c015,0.06587203348759946,0.07587840578427563,0.01000637229667617,True,746,119,14
mur_signed_rank_gain_pp,depth_m,s300_c016,0.06587203348759946,0.24591102800423503,0.18003899451663558,True,678,119,14
mur_signed_rank_gain_pp,depth_m,s300_c019,0.06587203348759946,0.07297518839384343,0.007103154906243969,True,747,119,14
mur_signed_rank_gain_pp,depth_m,s300_c020,0.06587203348759946,0.07883057024000528,0.012958536752405825,True,748,119,14
mur_signed_rank_gain_pp,depth_m,s300_c021,0.06587203348759946,0.07251421617850817,0.006642182690908716,True,748,119,14
mur_signed_rank_gain_pp,depth_m,s300_c022,0.06587203348759946,0.007044206189700364,0.058827827297899093,True,748,119,14
mur_signed_rank_gain_pp,depth_m,s300_c023,0.06587203348759946,0.06715619994153355,0.001284166453934088,True,746,119,14
mur_signed_rank_gain_pp,depth_m,s300_c025,0.06587203348759946,0.14547890548611886,0.0796068719985194,True,750,119,14
mur_signed_rank_gain_pp,depth_m,s300_c026,0.06587203348759946,0.0373566626594638,0.028515370828135655,True,750,119,14
mur_signed_rank_gain_pp,depth_m,s300_c027,0.06587203348759946,0.04553032960266379,0.02034170388493567,True,751,119,14
mur_signed_rank_gain_pp,depth_m,s300_c028,0.06587203348759946,0.14044233742201118,0.07457030393441172,True,751,119,14
mur_signed_rank_gain_pp,depth_m,s300_c029,0.06587203348759946,0.022163746140316354,0.043708287347283103,True,750,119,14
mur_signed_rank_gain_pp,depth_m,s300_c030,0.06587203348759946,0.07175833596670456,0.005886302479105099,True,750,119,14
mur_signed_rank_gain_pp,depth_m,s300_c031,0.06587203348759946,0.06507627422702467,0.000795759260574791,True,748,119,14
mur_signed_rank_gain_pp,depth_m,s300_c032,0.06587203348759946,0.06644921738122467,0.0005771838936252105,True,751,119,14
mur_signed_rank_gain_pp,depth_m,s300_c033,0.06587203348759946,0.11677744257468792,0.05090540908708846,True,751,119,14
mur_signed_rank_gain_pp,depth_m,s300_c034,0.06587203348759946,0.05554524079263956,0.010326792694959896,True,749,119,14
mur_signed_rank_gain_pp,depth_m,s300_c035,0.06587203348759946,0.05646582443634407,0.009406209051255388,True,746,119,14
mur_signed_rank_gain_pp,depth_m,s300_c037,0.06587203348759946,0.07583573759689677,0.009963704109297311,True,748,119,14
mur_signed_rank_gain_pp,depth_m,s300_c038,0.06587203348759946,-0.01508687429742972,0.08095890778502918,False,745,119,14
mur_signed_rank_gain_pp,depth_m,s300_c039,0.06587203348759946,0.07576851217053127,0.009896478682931809,True,751,119,14
mur_signed_rank_gain_pp,depth_m,s300_c040,0.06587203348759946,0.07492821818953221,0.009056184701932757,True,750,119,14
mur_signed_rank_gain_pp,depth_m,s300_c041,0.06587203348759946,0.02674085997951403,0.039131173508085426,True,751,119,14
mur_signed_rank_gain_pp,depth_m,s300_c044,0.06587203348759946,0.0683170483085973,0.0024450148209978484,True,749,119,14
mur_signed_rank_gain_pp,depth_m,s300_c045,0.06587203348759946,0.06556111765418826,0.0003109158334111961,True,751,119,14
mur_signed_rank_gain_pp,depth_m,s300_c046,0.06587203348759946,0.06416023128593817,0.0017118022016612833,True,751,119,14
mur_signed_rank_gain_pp,depth_m,s300_c047,0.06587203348759946,0.07044745919261841,0.004575425705018954,True,750,119,14
mur_signed_rank_gain_pp,depth_m,s300_c048,0.06587203348759946,0.030472260814494834,0.035399772673104624,True,748,119,14
mur_signed_rank_gain_pp,depth_m,s300_c049,0.06587203348759946,0.06689596396999914,0.001023930482399682,True,751,119,14
mur_signed_rank_gain_pp,depth_m,s300_c050,0.06587203348759946,0.04541150049378273,0.020460532993816727,True,746,119,14
mur_signed_rank_gain_pp,depth_m,s300_c051,0.06587203348759946,0.057388255232958874,0.008483778254640584,True,740,119,14
mur_signed_rank_gain_pp,depth_m,s300_c052,0.06587203348759946,0.061874441431345684,0.003997592056253774,True,746,119,14
mur_signed_rank_gain_pp,depth_m,s300_c053,0.06587203348759946,-0.02649702203570925,0.09236905552330871,False,748,119,14
mur_signed_rank_gain_pp,depth_m,s300_c054,0.06587203348759946,-0.10893566568159407,0.17480769916919353,False,740,119,14
mur_signed_rank_gain_pp,depth_m,s300_c055,0.06587203348759946,0.049765432587935865,0.016106600899663592,True,749,119,14
mur_signed_rank_gain_pp,depth_m,s300_c057,0.06587203348759946,0.23530469593339054,0.16943266244579108,True,736,119,14
mur_signed_rank_gain_pp,depth_m,s300_c058,0.06587203348759946,0.042150212099960505,0.023721821387638953,True,742,119,14
mur_signed_rank_gain_pp,depth_m,s300_c059,0.06587203348759946,0.097282220655454,0.03141018716785454,True,749,119,14
mur_signed_rank_gain_pp,depth_m,s300_c060,0.06587203348759946,0.0664295209289516,0.0005574874413521447,True,740,119,14
mur_signed_rank_gain_pp,depth_m,s300_c061,0.06587203348759946,0.09569815009542748,0.029826116607828024,True,746,119,14
mur_signed_rank_gain_pp,depth_m,s300_c062,0.06587203348759946,0.09937099276687478,0.03349895927927532,True,751,119,14
mur_signed_rank_gain_pp,depth_m,s300_c063,0.06587203348759946,0.3149665115795428,0.24909447809194335,True,747,119,14
mur_signed_rank_gain_pp,depth_m,s300_c065,0.06587203348759946,0.2374707632334122,0.17159872974581275,True,743,119,14
mur_signed_rank_gain_pp,depth_m,s300_c066,0.06587203348759946,0.0276120182948425,0.03826001519275696,True,745,119,14
mur_signed_rank_gain_pp,depth_m,s300_c067,0.06587203348759946,0.07723398615950744,0.011361952671907982,True,751,119,14
mur_signed_rank_gain_pp,depth_m,s300_c068,0.06587203348759946,0.15061175563919638,0.08473972215159692,True,727,119,14
mur_signed_rank_gain_pp,depth_m,s300_c069,0.06587203348759946,0.018298669769582165,0.04757336371801729,True,746,119,14
mur_signed_rank_gain_pp,depth_m,s300_c071,0.06587203348759946,0.05261697722299685,0.013255056264602605,True,731,119,14
mur_signed_rank_gain_pp,depth_m,s300_c072,0.06587203348759946,0.058749305229151894,0.007122728258447564,True,751,119,14
mur_signed_rank_gain_pp,depth_m,s300_c073,0.06587203348759946,0.0666510631880709,0.0007790297004714453,True,751,119,14
mur_signed_rank_gain_pp,depth_m,s300_c074,0.06587203348759946,0.06297813050767909,0.002893902979920371,True,747,119,14
mur_signed_rank_gain_pp,depth_m,s300_c075,0.06587203348759946,0.06295041510464594,0.002921618382953517,True,747,119,14
mur_signed_rank_gain_pp,depth_m,s300_c077,0.06587203348759946,0.20746732038482596,0.1415952868972265,True,750,119,14
mur_signed_rank_gain_pp,depth_m,s300_c078,0.06587203348759946,0.09867745831700414,0.032805424829404684,True,749,119,14
mur_signed_rank_gain_pp,depth_m,s300_c079,0.06587203348759946,0.0700589105217887,0.00418687703418924,True,751,119,14
mur_signed_rank_gain_pp,depth_m,s300_c080,0.06587203348759946,0.008697934943213137,0.05717409854438632,True,739,119,14
mur_signed_rank_gain_pp,depth_m,s300_c081,0.06587203348759946,0.06675934853562232,0.0008873150480228631,True,751,119,14
mur_signed_rank_gain_pp,depth_m,s300_c084,0.06587203348759946,0.06514852460619569,0.0007235088814037671,True,751,119,14
mur_signed_rank_gain_pp,depth_m,s300_c085,0.06587203348759946,0.08843748897710113,0.022565455489501673,True,751,119,14
mur_signed_rank_gain_pp,depth_m,s300_c086,0.06587203348759946,0.22868757991416355,0.1628155464265641,True,750,119,14
mur_signed_rank_gain_pp,depth_m,s300_c087,0.06587203348759946,-0.02437521125547648,0.09024724474307594,False,744,119,14
mur_signed_rank_gain_pp,depth_m,s300_c088,0.06587203348759946,0.03527139456781514,0.030600638919784318,True,751,119,14
mur_signed_rank_gain_pp,depth_m,s300_c089,0.06587203348759946,0.2583069982181566,0.19243496473055716,True,738,119,14
mur_signed_rank_gain_pp,depth_m,s300_c090,0.06587203348759946,0.06671405223615895,0.0008420187485594921,True,751,119,14
mur_signed_rank_gain_pp,depth_m,s300_c091,0.06587203348759946,0.10756387519386723,0.041691841706267774,True,751,119,14
mur_signed_rank_gain_pp,depth_m,s300_c092,0.06587203348759946,0.14387269837096645,0.07800066488336699,True,748,119,14
mur_signed_rank_gain_pp,depth_m,s300_c093,0.06587203348759946,0.07936880923580136,0.013496775748201906,True,751,119,14
mur_signed_rank_gain_pp,depth_m,s300_c094,0.06587203348759946,0.05026968791888631,0.01560234556871315,True,750,119,14
mur_signed_rank_gain_pp,depth_m,s300_c096,0.06587203348759946,-0.29569649392182173,0.3615685274094212,False,748,119,14
mur_signed_rank_gain_pp,depth_m,s300_c097,0.06587203348759946,0.07613213789070727,0.010260104403107817,True,751,119,14
mur_signed_rank_gain_pp,depth_m,s300_c098,0.06587203348759946,0.12208772839015852,0.056215694902559066,True,750,119,14
mur_signed_rank_gain_pp,depth_m,s300_c099,0.06587203348759946,0.10367245390998248,0.03780042042238302,True,748,119,14
mur_signed_rank_gain_pp,depth_m,s300_c101,0.06587203348759946,0.056453137034786494,0.009418896452812964,True,751,119,14
mur_signed_rank_gain_pp,depth_m,s300_c102,0.06587203348759946,0.034262406875982476,0.03160962661161698,True,750,119,14
mur_signed_rank_gain_pp,depth_m,s300_c103,0.06587203348759946,-0.022382820113589275,0.08825485360118873,False,747,119,14
mur_signed_rank_gain_pp,depth_m,s300_c104,0.06587203348759946,0.012202772427223119,0.05366926106037634,True,746,119,14
mur_signed_rank_gain_pp,depth_m,s300_c105,0.06587203348759946,0.07134132420812511,0.005469290720525655,True,748,119,14
mur_signed_rank_gain_pp,depth_m,s300_c106,0.06587203348759946,0.15776608553389615,0.09189405204629669,True,741,119,14
mur_signed_rank_gain_pp,depth_m,s300_c107,0.06587203348759946,0.03691306847458592,0.028958965013013538,True,744,119,14
mur_signed_rank_gain_pp,depth_m,s300_c109,0.06587203348759946,0.12230827800346494,0.056436244515865486,True,744,119,14
mur_signed_rank_gain_pp,depth_m,s300_c110,0.06587203348759946,0.07646018895993628,0.010588155472336824,True,746,119,14
mur_signed_rank_gain_pp,depth_m,s300_c111,0.06587203348759946,-0.12136672189938055,0.18723875538698,False,741,119,14
mur_signed_rank_gain_pp,depth_m,s300_c112,0.06587203348759946,0.05388672343660034,0.01198531005099912,True,750,119,14
mur_signed_rank_gain_pp,depth_m,s300_c113,0.06587203348759946,-0.02561543098999225,0.0914874644775917,False,743,119,14
mur_signed_rank_gain_pp,depth_m,s300_c114,0.06587203348759946,0.060205093491407125,0.005666939996192333,True,747,119,14
mur_signed_rank_gain_pp,depth_m,s300_c115,0.06587203348759946,0.07524278112598226,0.009370747638382804,True,749,119,14
mur_signed_rank_gain_pp,depth_m,s300_c118,0.06587203348759946,0.07099155652542294,0.005119523037823481,True,750,119,14
mur_signed_rank_gain_pp,depth_m,s300_c119,0.06587203348759946,0.04373996363996724,0.02213206984763222,True,748,119,14
mur_signed_rank_gain_pp,depth_m,s300_c120,0.06587203348759946,0.0877194476706486,0.02184741418304914,True,742,119,14
mur_signed_rank_gain_pp,depth_m,s300_c123,0.06587203348759946,0.03329554205312346,0.032576491434475996,True,739,119,14
mur_signed_rank_gain_pp,depth_m,s300_c124,0.06587203348759946,0.06881006112232163,0.0029380276347221734,True,748,119,14
mur_signed_rank_gain_pp,depth_m,s300_c125,0.06587203348759946,0.018657252304212446,0.04721478118338701,True,746,119,14
mur_signed_rank_gain_pp,depth_m,s300_c126,0.06587203348759946,-0.08712749610122039,0.15299952958881985,False,747,119,14
mur_signed_rank_gain_pp,depth_m,s300_c127,0.06587203348759946,-0.06919383330509532,0.13506586679269478,False,734,119,14
mur_signed_rank_gain_pp,depth_m,s300_c128,0.06587203348759946,0.04777005985026228,0.018101973637337176,True,741,119,14
mur_signed_rank_gain_pp,depth_m,s300_c129,0.06587203348759946,0.04786954875472793,0.018002484732871527,True,741,119,14
mur_signed_rank_gain_pp,depth_m,s300_c130,0.06587203348759946,0.09773570801289666,0.0318636745252972,True,729,119,14
mur_signed_rank_gain_pp,depth_m,s300_c131,0.06587203348759946,0.16457753307334944,0.09870549958574998,True,751,119,14
mur_signed_rank_gain_pp,depth_m,s300_c132,0.06587203348759946,0.06939907907585374,0.003527045588254285,True,745,119,14
mur_signed_rank_gain_pp,depth_m,s300_c134,0.06587203348759946,0.13814381768038375,0.0722717841927843,True,746,119,14
mur_signed_rank_gain_pp,depth_m,s300_c135,0.06587203348759946,0.029663836148928757,0.0362081973386707,True,747,119,14
mur_signed_rank_gain_pp,depth_m,s300_c137,0.06587203348759946,0.06829305333315028,0.0024210198455508203,True,745,119,14
mur_signed_rank_gain_pp,depth_m,s300_c138,0.06587203348759946,-0.10771621449821772,0.17358824798581718,False,743,119,14
mur_signed_rank_gain_pp,depth_m,s300_c139,0.06587203348759946,0.06940677218909952,0.003534738701500062,True,730,119,14
mur_signed_rank_gain_pp,depth_m,s300_c140,0.06587203348759946,-0.01221855542051653,0.07809058890811599,False,750,119,14
mur_signed_rank_gain_pp,depth_m,s300_c141,0.06587203348759946,0.0659659169781503,9.3883490550839e-05,True,750,119,14
mur_signed_rank_gain_pp,kelp_species_contrast,s300_c000,-2.6017470820397577,-2.6208563784199854,0.019109296380227736,True,734,119,14
mur_signed_rank_gain_pp,kelp_species_contrast,s300_c001,-2.6017470820397577,-2.338475444542926,0.2632716374968318,True,724,119,14
mur_signed_rank_gain_pp,kelp_species_contrast,s300_c002,-2.6017470820397577,-2.6700946729031356,0.06834759086337794,True,724,119,14
mur_signed_rank_gain_pp,kelp_species_contrast,s300_c003,-2.6017470820397577,-2.6575751238832934,0.055828041843535736,True,723,119,14
mur_signed_rank_gain_pp,kelp_species_contrast,s300_c004,-2.6017470820397577,-2.7483932749422446,0.14664619290248693,True,729,119,14
mur_signed_rank_gain_pp,kelp_species_contrast,s300_c006,-2.6017470820397577,-2.5809714489443065,0.020775633095451163,True,729,119,14
mur_signed_rank_gain_pp,kelp_species_contrast,s300_c007,-2.6017470820397577,-2.639677393750375,0.037930311710617115,True,734,119,14
mur_signed_rank_gain_pp,kelp_species_contrast,s300_c008,-2.6017470820397577,-2.5685447345629324,0.03320234747682527,True,726,119,14
mur_signed_rank_gain_pp,kelp_species_contrast,s300_c009,-2.6017470820397577,-2.5688203609789886,0.032926721060769104,True,734,119,14
mur_signed_rank_gain_pp,kelp_species_contrast,s300_c010,-2.6017470820397577,-2.577863915996092,0.023883166043665582,True,727,119,14
mur_signed_rank_gain_pp,kelp_species_contrast,s300_c011,-2.6017470820397577,-2.5963367914758027,0.005410290563955034,True,730,119,14
mur_signed_rank_gain_pp,kelp_species_contrast,s300_c012,-2.6017470820397577,-2.522991848790537,0.07875523324922051,True,726,119,14
mur_signed_rank_gain_pp,kelp_species_contrast,s300_c013,-2.6017470820397577,-2.455865211976764,0.1458818700629938,True,713,119,14
mur_signed_rank_gain_pp,kelp_species_contrast,s300_c014,-2.6017470820397577,-2.6036215178867947,0.0018744358470370592,True,733,119,14
mur_signed_rank_gain_pp,kelp_species_contrast,s300_c015,-2.6017470820397577,-2.528893431105564,0.07285365093419349,True,729,119,14
mur_signed_rank_gain_pp,kelp_species_contrast,s300_c016,-2.6017470820397577,-2.9724943208167574,0.37074723877699967,True,661,119,14
mur_signed_rank_gain_pp,kelp_species_contrast,s300_c019,-2.6017470820397577,-2.6240254883574465,0.022278406317688848,True,730,119,14
mur_signed_rank_gain_pp,kelp_species_contrast,s300_c020,-2.6017470820397577,-2.59274123121216,0.009005850827597861,True,731,119,14
mur_signed_rank_gain_pp,kelp_species_contrast,s300_c021,-2.6017470820397577,-2.6965373496091356,0.09479026756937792,True,731,119,14
mur_signed_rank_gain_pp,kelp_species_contrast,s300_c022,-2.6017470820397577,-2.49156232305013,0.11018475898962787,True,731,119,14
mur_signed_rank_gain_pp,kelp_species_contrast,s300_c023,-2.6017470820397577,-2.5702445386584305,0.031502543381327186,True,729,119,14
mur_signed_rank_gain_pp,kelp_species_contrast,s300_c025,-2.6017470820397577,-2.582962522253985,0.018784559785772537,True,733,119,14
mur_signed_rank_gain_pp,kelp_species_contrast,s300_c026,-2.6017470820397577,-2.5580562512696177,0.04369083077014002,True,733,119,14
mur_signed_rank_gain_pp,kelp_species_contrast,s300_c027,-2.6017470820397577,-2.5859714047801763,0.0157756772595814,True,734,119,14
mur_signed_rank_gain_pp,kelp_species_contrast,s300_c028,-2.6017470820397577,-2.6705447386126666,0.06879765657290893,True,734,119,14
mur_signed_rank_gain_pp,kelp_species_contrast,s300_c029,-2.6017470820397577,-2.5791696183454045,0.022577463694353206,True,733,119,14
mur_signed_rank_gain_pp,kelp_species_contrast,s300_c030,-2.6017470820397577,-2.587489016790305,0.014258065249452834,True,733,119,14
mur_signed_rank_gain_pp,kelp_species_contrast,s300_c031,-2.6017470820397577,-2.6604502125656264,0.05870313052586873,True,731,119,14
mur_signed_rank_gain_pp,kelp_species_contrast,s300_c032,-2.6017470820397577,-2.607146402736709,0.005399320696951371,True,734,119,14
mur_signed_rank_gain_pp,kelp_species_contrast,s300_c033,-2.6017470820397577,-2.677763001359473,0.07601591931971541,True,734,119,14
mur_signed_rank_gain_pp,kelp_species_contrast,s300_c034,-2.6017470820397577,-2.6647658778318553,0.06301879579209757,True,732,119,14
mur_signed_rank_gain_pp,kelp_species_contrast,s300_c035,-2.6017470820397577,-2.6437203295474703,0.041973247507712586,True,729,119,14
mur_signed_rank_gain_pp,kelp_species_contrast,s300_c037,-2.6017470820397577,-2.655255307707103,0.053508225667345144,True,731,119,14
mur_signed_rank_gain_pp,kelp_species_contrast,s300_c038,-2.6017470820397577,-2.5904695085619145,0.011277573477843195,True,728,119,14
mur_signed_rank_gain_pp,kelp_species_contrast,s300_c039,-2.6017470820397577,-2.6795598117515596,0.07781272971180186,True,734,119,14
mur_signed_rank_gain_pp,kelp_species_contrast,s300_c040,-2.6017470820397577,-2.5720032171382723,0.029743864901485395,True,733,119,14
mur_signed_rank_gain_pp,kelp_species_contrast,s300_c041,-2.6017470820397577,-2.6793526037504165,0.07760552171065882,True,734,119,14
mur_signed_rank_gain_pp,kelp_species_contrast,s300_c044,-2.6017470820397577,-2.600899070704866,0.0008480113348916518,True,732,119,14
mur_signed_rank_gain_pp,kelp_species_contrast,s300_c045,-2.6017470820397577,-2.6044401722634385,0.002693090223680805,True,734,119,14
mur_signed_rank_gain_pp,kelp_species_contrast,s300_c046,-2.6017470820397577,-2.603577800176782,0.0018307181370245118,True,734,119,14
mur_signed_rank_gain_pp,kelp_species_contrast,s300_c047,-2.6017470820397577,-2.6087907188128976,0.007043636773139905,True,733,119,14
mur_signed_rank_gain_pp,kelp_species_contrast,s300_c048,-2.6017470820397577,-2.6729210611570746,0.07117397911731693,True,731,119,14
mur_signed_rank_gain_pp,kelp_species_contrast,s300_c049,-2.6017470820397577,-2.6043725367561983,0.0026254547164406006,True,734,119,14
mur_signed_rank_gain_pp,kelp_species_contrast,s300_c050,-2.6017470820397577,-2.617379411571642,0.015632329531884093,True,729,119,14
mur_signed_rank_gain_pp,kelp_species_contrast,s300_c051,-2.6017470820397577,-2.5480080228673203,0.053739059172437376,True,723,119,14
mur_signed_rank_gain_pp,kelp_species_contrast,s300_c052,-2.6017470820397577,-2.5864407131546,0.015306368885157795,True,729,119,14
mur_signed_rank_gain_pp,kelp_species_contrast,s300_c053,-2.6017470820397577,-2.638015295405504,0.03626821336574615,True,731,119,14
mur_signed_rank_gain_pp,kelp_species_contrast,s300_c054,-2.6017470820397577,-2.615491806435475,0.013744724395717167,True,723,119,14
mur_signed_rank_gain_pp,kelp_species_contrast,s300_c055,-2.6017470820397577,-2.74180508750735,0.1400580054675924,True,732,119,14
mur_signed_rank_gain_pp,kelp_species_contrast,s300_c057,-2.6017470820397577,-2.4870981734507445,0.11464890858901322,True,719,119,14
mur_signed_rank_gain_pp,kelp_species_contrast,s300_c058,-2.6017470820397577,-2.6407790065931227,0.039031924553365016,True,725,119,14
mur_signed_rank_gain_pp,kelp_species_contrast,s300_c059,-2.6017470820397577,-2.6561068832971495,0.054359801257391815,True,732,119,14
mur_signed_rank_gain_pp,kelp_species_contrast,s300_c060,-2.6017470820397577,-2.6435832440305886,0.041836161990830956,True,723,119,14
mur_signed_rank_gain_pp,kelp_species_contrast,s300_c061,-2.6017470820397577,-2.581391759715073,0.02035532232468462,True,729,119,14
mur_signed_rank_gain_pp,kelp_species_contrast,s300_c062,-2.6017470820397577,-2.540220143762285,0.0615269382774728,True,734,119,14
mur_signed_rank_gain_pp,kelp_species_contrast,s300_c063,-2.6017470820397577,-2.580156575901901,0.021590506137856735,True,730,119,14
mur_signed_rank_gain_pp,kelp_species_contrast,s300_c065,-2.6017470820397577,-2.5709711971583644,0.030775884881393267,True,726,119,14
mur_signed_rank_gain_pp,kelp_species_contrast,s300_c066,-2.6017470820397577,-2.480589873358545,0.12115720868121249,True,728,119,14
mur_signed_rank_gain_pp,kelp_species_contrast,s300_c067,-2.6017470820397577,-2.5985559128248417,0.003191169214916023,True,734,119,14
mur_signed_rank_gain_pp,kelp_species_contrast,s300_c068,-2.6017470820397577,-2.6378056832558654,0.03605860121610771,True,710,119,14
mur_signed_rank_gain_pp,kelp_species_contrast,s300_c069,-2.6017470820397577,-2.422381849519218,0.17936523252053949,True,729,119,14
mur_signed_rank_gain_pp,kelp_species_contrast,s300_c071,-2.6017470820397577,-2.63181758332799,0.03007050128823252,True,714,119,14
mur_signed_rank_gain_pp,kelp_species_contrast,s300_c072,-2.6017470820397577,-2.612295080225083,0.010547998185325369,True,734,119,14
mur_signed_rank_gain_pp,kelp_species_contrast,s300_c073,-2.6017470820397577,-2.6049597667510858,0.003212684711328073,True,734,119,14
mur_signed_rank_gain_pp,kelp_species_contrast,s300_c074,-2.6017470820397577,-2.610482745826028,0.00873566378627011,True,730,119,14
mur_signed_rank_gain_pp,kelp_species_contrast,s300_c075,-2.6017470820397577,-2.6587818379237627,0.05703475588400497,True,730,119,14
mur_signed_rank_gain_pp,kelp_species_contrast,s300_c077,-2.6017470820397577,-2.5611370308927364,0.04061005114702132,True,733,119,14
mur_signed_rank_gain_pp,kelp_species_contrast,s300_c078,-2.6017470820397577,-2.596163998527101,0.005583083512656906,True,732,119,14
mur_signed_rank_gain_pp,kelp_species_contrast,s300_c079,-2.6017470820397577,-2.5785010099878596,0.023246072051898103,True,734,119,14
mur_signed_rank_gain_pp,kelp_species_contrast,s300_c080,-2.6017470820397577,-2.5372625678486473,0.06448451419111034,True,722,119,14
mur_signed_rank_gain_pp,kelp_species_contrast,s300_c081,-2.6017470820397577,-2.60828650674192,0.0065394247021624,True,734,119,14
mur_signed_rank_gain_pp,kelp_species_contrast,s300_c084,-2.6017470820397577,-2.605038360432447,0.0032912783926892786,True,734,119,14
mur_signed_rank_gain_pp,kelp_species_contrast,s300_c085,-2.6017470820397577,-2.6067597034923446,0.005012621452586963,True,734,119,14
mur_signed_rank_gain_pp,kelp_species_contrast,s300_c086,-2.6017470820397577,-2.630239941112886,0.02849285907312815,True,733,119,14
mur_signed_rank_gain_pp,kelp_species_contrast,s300_c087,-2.6017470820397577,-2.7190296202248607,0.11728253818510304,True,727,119,14
mur_signed_rank_gain_pp,kelp_species_contrast,s300_c088,-2.6017470820397577,-2.5897887456333613,0.01195833640639643,True,734,119,14
mur_signed_rank_gain_pp,kelp_species_contrast,s300_c089,-2.6017470820397577,-2.793490811519951,0.19174372948019336,True,721,119,14
mur_signed_rank_gain_pp,kelp_species_contrast,s300_c090,-2.6017470820397577,-2.600258445576659,0.0014886364630988247,True,734,119,14
mur_signed_rank_gain_pp,kelp_species_contrast,s300_c091,-2.6017470820397577,-2.5744905757987224,0.02725650624103526,True,734,119,14
mur_signed_rank_gain_pp,kelp_species_contrast,s300_c092,-2.6017470820397577,-2.653032060517102,0.05128497847734437,True,731,119,14
mur_signed_rank_gain_pp,kelp_species_contrast,s300_c093,-2.6017470820397577,-2.6017880779545175,4.099591475981157e-05,True,734,119,14
mur_signed_rank_gain_pp,kelp_species_contrast,s300_c094,-2.6017470820397577,-2.611830571853159,0.010083489813401236,True,733,119,14
mur_signed_rank_gain_pp,kelp_species_contrast,s300_c096,-2.6017470820397577,-2.7128507494852387,0.11110366744548106,True,731,119,14
mur_signed_rank_gain_pp,kelp_species_contrast,s300_c097,-2.6017470820397577,-2.650282469164046,0.0485353871242884,True,734,119,14
mur_signed_rank_gain_pp,kelp_species_contrast,s300_c098,-2.6017470820397577,-2.6649639632738187,0.063216881234061,True,733,119,14
mur_signed_rank_gain_pp,kelp_species_contrast,s300_c099,-2.6017470820397577,-2.5312864026107516,0.07046067942900613,True,732,119,14
mur_signed_rank_gain_pp,kelp_species_contrast,s300_c101,-2.6017470820397577,-2.596734568724847,0.005012513314910816,True,734,119,14
mur_signed_rank_gain_pp,kelp_species_contrast,s300_c102,-2.6017470820397577,-2.5308284961206136,0.07091858591914413,True,734,119,14
mur_signed_rank_gain_pp,kelp_species_contrast,s300_c103,-2.6017470820397577,-2.5198771368529327,0.081869945186825,True,730,119,14
mur_signed_rank_gain_pp,kelp_species_contrast,s300_c104,-2.6017470820397577,-2.5879768336552678,0.013770248384489925,True,729,119,14
mur_signed_rank_gain_pp,kelp_species_contrast,s300_c105,-2.6017470820397577,-2.6079624670873516,0.006215385047593891,True,731,119,14
mur_signed_rank_gain_pp,kelp_species_contrast,s300_c106,-2.6017470820397577,-2.624906458829213,0.023159376789455344,True,725,119,14
mur_signed_rank_gain_pp,kelp_species_contrast,s300_c107,-2.6017470820397577,-2.602449668395278,0.0007025863555201184,True,728,119,14
mur_signed_rank_gain_pp,kelp_species_contrast,s300_c109,-2.6017470820397577,-2.4562375173502455,0.14550956468951215,True,727,119,14
mur_signed_rank_gain_pp,kelp_species_contrast,s300_c110,-2.6017470820397577,-2.6126746493858097,0.010927567346052047,True,729,119,14
mur_signed_rank_gain_pp,kelp_species_contrast,s300_c111,-2.6017470820397577,-2.408265246876851,0.19348183516290662,True,726,119,14
mur_signed_rank_gain_pp,kelp_species_contrast,s300_c112,-2.6017470820397577,-2.5964554751541837,0.005291606885573952,True,733,119,14
mur_signed_rank_gain_pp,kelp_species_contrast,s300_c113,-2.6017470820397577,-2.6074116705373314,0.005664588497573675,True,728,119,14
mur_signed_rank_gain_pp,kelp_species_contrast,s300_c114,-2.6017470820397577,-2.59487923939201,0.006867842647747757,True,730,119,14
mur_signed_rank_gain_pp,kelp_species_contrast,s300_c115,-2.6017470820397577,-2.6555893155757384,0.05384223353598072,True,732,119,14
mur_signed_rank_gain_pp,kelp_species_contrast,s300_c118,-2.6017470820397577,-2.6265009590187143,0.02475387697895659,True,733,119,14
mur_signed_rank_gain_pp,kelp_species_contrast,s300_c119,-2.6017470820397577,-2.5081543217899687,0.09359276024978902,True,731,119,14
mur_signed_rank_gain_pp,kelp_species_contrast,s300_c120,-2.6017470820397577,-2.5304602216652015,0.07128686037455623,True,725,119,14
mur_signed_rank_gain_pp,kelp_species_contrast,s300_c123,-2.6017470820397577,-2.4761649293308343,0.12558215270892337,True,722,119,14
mur_signed_rank_gain_pp,kelp_species_contrast,s300_c124,-2.6017470820397577,-2.6150453209523783,0.013298238912620608,True,731,119,14
mur_signed_rank_gain_pp,kelp_species_contrast,s300_c125,-2.6017470820397577,-2.591805615503713,0.009941466536044885,True,730,119,14
mur_signed_rank_gain_pp,kelp_species_contrast,s300_c126,-2.6017470820397577,-2.6491560857916925,0.0474090037519348,True,731,119,14
mur_signed_rank_gain_pp,kelp_species_contrast,s300_c127,-2.6017470820397577,-2.615272369040227,0.013525287000469177,True,721,119,14
mur_signed_rank_gain_pp,kelp_species_contrast,s300_c128,-2.6017470820397577,-2.62517201865207,0.023424936612312486,True,725,119,14
mur_signed_rank_gain_pp,kelp_species_contrast,s300_c129,-2.6017470820397577,-2.582862188244942,0.018884893794815838,True,725,119,14
mur_signed_rank_gain_pp,kelp_species_contrast,s300_c130,-2.6017470820397577,-2.805128063284086,0.20338098124432813,True,712,119,14
mur_signed_rank_gain_pp,kelp_species_contrast,s300_c131,-2.6017470820397577,-2.5216988122937463,0.08004826974601142,True,734,119,14
mur_signed_rank_gain_pp,kelp_species_contrast,s300_c132,-2.6017470820397577,-2.4834487495316706,0.11829833250808708,True,728,119,14
mur_signed_rank_gain_pp,kelp_species_contrast,s300_c134,-2.6017470820397577,-2.528663591807103,0.07308349023265448,True,729,119,14
mur_signed_rank_gain_pp,kelp_species_contrast,s300_c135,-2.6017470820397577,-2.6335115814920766,0.03176449945231896,True,730,119,14
mur_signed_rank_gain_pp,kelp_species_contrast,s300_c137,-2.6017470820397577,-2.701050128632232,0.09930304659247424,True,728,119,14
mur_signed_rank_gain_pp,kelp_species_contrast,s300_c138,-2.6017470820397577,-2.422659548326158,0.17908753371359953,True,726,119,14
mur_signed_rank_gain_pp,kelp_species_contrast,s300_c139,-2.6017470820397577,-2.6087163244011644,0.0069692423614067245,True,714,119,14
mur_signed_rank_gain_pp,kelp_species_contrast,s300_c140,-2.6017470820397577,-2.6597910204909563,0.058043938451198596,True,733,119,14
mur_signed_rank_gain_pp,kelp_species_contrast,s300_c141,-2.6017470820397577,-2.62771679869435,0.025969716654592467,True,733,119,14
mur_brier_gain,grazing_log1p,s300_c000,-0.005297162135512373,-0.0051046373492600015,0.0001925247862523717,True,733,119,14
mur_brier_gain,grazing_log1p,s300_c001,-0.005297162135512373,-0.005334830971414299,3.766883590192605e-05,True,723,119,14
mur_brier_gain,grazing_log1p,s300_c002,-0.005297162135512373,-0.0075832890510889265,0.0022861269155765532,True,723,119,14
mur_brier_gain,grazing_log1p,s300_c003,-0.005297162135512373,-0.004874440388851776,0.0004227217466605971,True,722,119,14
mur_brier_gain,grazing_log1p,s300_c004,-0.005297162135512373,-0.004855159299661382,0.0004420028358509912,True,728,119,14
mur_brier_gain,grazing_log1p,s300_c006,-0.005297162135512373,-0.005269113543122485,2.8048592389888147e-05,True,728,119,14
mur_brier_gain,grazing_log1p,s300_c007,-0.005297162135512373,-0.005205911727412064,9.125040810030894e-05,True,733,119,14
mur_brier_gain,grazing_log1p,s300_c008,-0.005297162135512373,-0.005275061935956973,2.2100199555400574e-05,True,725,119,14
mur_brier_gain,grazing_log1p,s300_c009,-0.005297162135512373,-0.005139405040818624,0.00015775709469374906,True,733,119,14
mur_brier_gain,grazing_log1p,s300_c010,-0.005297162135512373,-0.005012044197784176,0.00028511793772819684,True,726,119,14
mur_brier_gain,grazing_log1p,s300_c011,-0.005297162135512373,-0.004168426721121417,0.001128735414390956,True,729,119,14
mur_brier_gain,grazing_log1p,s300_c012,-0.005297162135512373,-0.0048870041010344225,0.00041015803447795075,True,725,119,14
mur_brier_gain,grazing_log1p,s300_c013,-0.005297162135512373,-0.005157584862617318,0.00013957727289505562,True,712,119,14
mur_brier_gain,grazing_log1p,s300_c014,-0.005297162135512373,-0.005248040076890895,4.9122058621477865e-05,True,732,119,14
mur_brier_gain,grazing_log1p,s300_c015,-0.005297162135512373,-0.005198885322522504,9.827681298986944e-05,True,728,119,14
mur_brier_gain,grazing_log1p,s300_c016,-0.005297162135512373,-0.007862198348671072,0.0025650362131586987,True,660,119,14
mur_brier_gain,grazing_log1p,s300_c019,-0.005297162135512373,-0.00495680403005777,0.0003403581054546032,True,729,119,14
mur_brier_gain,grazing_log1p,s300_c020,-0.005297162135512373,-0.004506835985779285,0.000790326149733088,True,730,119,14
mur_brier_gain,grazing_log1p,s300_c021,-0.005297162135512373,-0.00508172233692578,0.00021543979858659312,True,730,119,14
mur_brier_gain,grazing_log1p,s300_c022,-0.005297162135512373,-0.004865217990594025,0.00043194414491834823,True,730,119,14
mur_brier_gain,grazing_log1p,s300_c023,-0.005297162135512373,-0.00541653509725713,0.00011937296174475715,True,728,119,14
mur_brier_gain,grazing_log1p,s300_c025,-0.005297162135512373,-0.005250816275778901,4.63458597334725e-05,True,732,119,14
mur_brier_gain,grazing_log1p,s300_c026,-0.005297162135512373,-0.005348473773001357,5.131163748898354e-05,True,732,119,14
mur_brier_gain,grazing_log1p,s300_c027,-0.005297162135512373,-0.005678027752653653,0.0003808656171412801,True,733,119,14
mur_brier_gain,grazing_log1p,s300_c028,-0.005297162135512373,-0.0057335733327053716,0.0004364111971929983,True,733,119,14
mur_brier_gain,grazing_log1p,s300_c029,-0.005297162135512373,-0.005099028576937217,0.00019813355857515626,True,732,119,14
mur_brier_gain,grazing_log1p,s300_c030,-0.005297162135512373,-0.005321181009122879,2.4018873610505767e-05,True,732,119,14
mur_brier_gain,grazing_log1p,s300_c031,-0.005297162135512373,-0.005020530179067024,0.0002766319564453494,True,730,119,14
mur_brier_gain,grazing_log1p,s300_c032,-0.005297162135512373,-0.0054958003251069885,0.0001986381895946153,True,733,119,14
mur_brier_gain,grazing_log1p,s300_c033,-0.005297162135512373,-0.005125814183656266,0.00017134795185610747,True,733,119,14
mur_brier_gain,grazing_log1p,s300_c034,-0.005297162135512373,-0.00547851892073046,0.00018135678521808644,True,732,119,14
mur_brier_gain,grazing_log1p,s300_c035,-0.005297162135512373,-0.005406738080106711,0.00010957594459433742,True,728,119,14
mur_brier_gain,grazing_log1p,s300_c037,-0.005297162135512373,-0.005115602839283134,0.00018155929622923946,True,730,119,14
mur_brier_gain,grazing_log1p,s300_c038,-0.005297162135512373,-0.006168728938478665,0.0008715668029662914,True,727,119,14
mur_brier_gain,grazing_log1p,s300_c039,-0.005297162135512373,-0.0052765457779840475,2.0616357528325732e-05,True,733,119,14
mur_brier_gain,grazing_log1p,s300_c040,-0.005297162135512373,-0.005102482745670356,0.00019467938984201686,True,732,119,14
mur_brier_gain,grazing_log1p,s300_c041,-0.005297162135512373,-0.0054316172954291305,0.00013445515991675726,True,733,119,14
mur_brier_gain,grazing_log1p,s300_c044,-0.005297162135512373,-0.005215176070589073,8.198606492330028e-05,True,731,119,14
mur_brier_gain,grazing_log1p,s300_c045,-0.005297162135512373,-0.00535136577400767,5.420363849529663e-05,True,733,119,14
mur_brier_gain,grazing_log1p,s300_c046,-0.005297162135512373,-0.005650259127118048,0.00035309699160567497,True,733,119,14
mur_brier_gain,grazing_log1p,s300_c047,-0.005297162135512373,-0.0052407458452091195,5.641629030325376e-05,True,732,119,14
mur_brier_gain,grazing_log1p,s300_c048,-0.005297162135512373,-0.0059213203099163815,0.0006241581744040083,True,730,119,14
mur_brier_gain,grazing_log1p,s300_c049,-0.005297162135512373,-0.005334136956262812,3.697482075043848e-05,True,733,119,14
mur_brier_gain,grazing_log1p,s300_c050,-0.005297162135512373,-0.005356588395407953,5.942625989557946e-05,True,728,119,14
mur_brier_gain,grazing_log1p,s300_c051,-0.005297162135512373,-0.005563966742689164,0.00026680460717679044,True,722,119,14
mur_brier_gain,grazing_log1p,s300_c052,-0.005297162135512373,-0.00572563949019588,0.00042847735468350655,True,728,119,14
mur_brier_gain,grazing_log1p,s300_c053,-0.005297162135512373,-0.005395234184325243,9.807204881286981e-05,True,730,119,14
mur_brier_gain,grazing_log1p,s300_c054,-0.005297162135512373,-0.0035403313906538342,0.001756830744858539,True,722,119,14
mur_brier_gain,grazing_log1p,s300_c055,-0.005297162135512373,-0.004930473834727826,0.000366688300784547,True,731,119,14
mur_brier_gain,grazing_log1p,s300_c057,-0.005297162135512373,-0.006414170343594917,0.0011170082080825434,True,718,119,14
mur_brier_gain,grazing_log1p,s300_c058,-0.005297162135512373,-0.005924927486686318,0.0006277653511739447,True,724,119,14
mur_brier_gain,grazing_log1p,s300_c059,-0.005297162135512373,-0.0046452380007107625,0.0006519241348016108,True,731,119,14
mur_brier_gain,grazing_log1p,s300_c060,-0.005297162135512373,-0.005287071829239309,1.0090306273064127e-05,True,722,119,14
mur_brier_gain,grazing_log1p,s300_c061,-0.005297162135512373,-0.004951032259773302,0.00034612987573907125,True,728,119,14
mur_brier_gain,grazing_log1p,s300_c062,-0.005297162135512373,-0.0047146378092183475,0.0005825243262940257,True,733,119,14
mur_brier_gain,grazing_log1p,s300_c063,-0.005297162135512373,-0.005022736107960161,0.0002744260275522126,True,729,119,14
mur_brier_gain,grazing_log1p,s300_c065,-0.005297162135512373,-0.005357631001286031,6.046886577365778e-05,True,725,119,14
mur_brier_gain,grazing_log1p,s300_c066,-0.005297162135512373,-0.005677699843560004,0.0003805377080476312,True,727,119,14
mur_brier_gain,grazing_log1p,s300_c067,-0.005297162135512373,-0.0051686024617055015,0.00012855967380687172,True,733,119,14
mur_brier_gain,grazing_log1p,s300_c068,-0.005297162135512373,-0.00559031282125521,0.0002931506857428365,True,709,119,14
mur_brier_gain,grazing_log1p,s300_c069,-0.005297162135512373,-0.00490920444040761,0.0003879576951047632,True,728,119,14
mur_brier_gain,grazing_log1p,s300_c071,-0.005297162135512373,-0.004732371213862174,0.0005647909216501996,True,713,119,14
mur_brier_gain,grazing_log1p,s300_c072,-0.005297162135512373,-0.005212126567841894,8.5035567670479e-05,True,733,119,14
mur_brier_gain,grazing_log1p,s300_c073,-0.005297162135512373,-0.005195051911007857,0.00010211022450451641,True,733,119,14
mur_brier_gain,grazing_log1p,s300_c074,-0.005297162135512373,-0.0056549826027533475,0.0003578204672409742,True,729,119,14
mur_brier_gain,grazing_log1p,s300_c075,-0.005297162135512373,-0.0057338091510250044,0.0004366470155126312,True,729,119,14
mur_brier_gain,grazing_log1p,s300_c077,-0.005297162135512373,-0.00569793811678481,0.0004007759812724365,True,732,119,14
mur_brier_gain,grazing_log1p,s300_c078,-0.005297162135512373,-0.005634183955597106,0.0003370218200847326,True,731,119,14
mur_brier_gain,grazing_log1p,s300_c079,-0.005297162135512373,-0.005307036788020693,9.87465250831994e-06,True,733,119,14
mur_brier_gain,grazing_log1p,s300_c080,-0.005297162135512373,-0.004942252241077492,0.00035490989443488167,True,721,119,14
mur_brier_gain,grazing_log1p,s300_c081,-0.005297162135512373,-0.005264551133036117,3.261100247625628e-05,True,733,119,14
mur_brier_gain,grazing_log1p,s300_c084,-0.005297162135512373,-0.0053147584161080605,1.759628059568724e-05,True,733,119,14
mur_brier_gain,grazing_log1p,s300_c085,-0.005297162135512373,-0.005298122970427091,9.60834914717594e-07,True,733,119,14
mur_brier_gain,grazing_log1p,s300_c086,-0.005297162135512373,-0.004996967091015922,0.0003001950444964513,True,732,119,14
mur_brier_gain,grazing_log1p,s300_c087,-0.005297162135512373,-0.005902387557832903,0.0006052254223205301,True,726,119,14
mur_brier_gain,grazing_log1p,s300_c088,-0.005297162135512373,-0.005445470492669551,0.00014830835715717774,True,733,119,14
mur_brier_gain,grazing_log1p,s300_c089,-0.005297162135512373,-0.006272146874691721,0.0009749847391793479,True,720,119,14
mur_brier_gain,grazing_log1p,s300_c090,-0.005297162135512373,-0.005203886894315726,9.327524119664716e-05,True,733,119,14
mur_brier_gain,grazing_log1p,s300_c091,-0.005297162135512373,-0.005199418689744261,9.774344576811249e-05,True,733,119,14
mur_brier_gain,grazing_log1p,s300_c092,-0.005297162135512373,-0.005503358045908204,0.00020619591039583093,True,730,119,14
mur_brier_gain,grazing_log1p,s300_c093,-0.005297162135512373,-0.005166133404795454,0.0001310287307169193,True,733,119,14
mur_brier_gain,grazing_log1p,s300_c094,-0.005297162135512373,-0.005131004519886902,0.00016615761562547085,True,732,119,14
mur_brier_gain,grazing_log1p,s300_c096,-0.005297162135512373,-0.005518055393750221,0.00022089325823784756,True,730,119,14
mur_brier_gain,grazing_log1p,s300_c097,-0.005297162135512373,-0.005523958407407058,0.00022679627189468518,True,733,119,14
mur_brier_gain,grazing_log1p,s300_c098,-0.005297162135512373,-0.005319906964049449,2.2744828537075643e-05,True,732,119,14
mur_brier_gain,grazing_log1p,s300_c099,-0.005297162135512373,-0.004736800338710224,0.0005603617968021491,True,731,119,14
mur_brier_gain,grazing_log1p,s300_c101,-0.005297162135512373,-0.005289426829374691,7.735306137682078e-06,True,733,119,14
mur_brier_gain,grazing_log1p,s300_c102,-0.005297162135512373,-0.00493675485119191,0.0003604072843204631,True,733,119,14
mur_brier_gain,grazing_log1p,s300_c103,-0.005297162135512373,-0.004538443220958099,0.0007587189145542746,True,729,119,14
mur_brier_gain,grazing_log1p,s300_c104,-0.005297162135512373,-0.005180360689730674,0.00011680144578169946,True,728,119,14
mur_brier_gain,grazing_log1p,s300_c105,-0.005297162135512373,-0.004635917640600247,0.0006612444949121261,True,730,119,14
mur_brier_gain,grazing_log1p,s300_c106,-0.005297162135512373,-0.006129984896264534,0.0008328227607521605,True,724,119,14
mur_brier_gain,grazing_log1p,s300_c107,-0.005297162135512373,-0.005869525097051935,0.0005723629615395614,True,727,119,14
mur_brier_gain,grazing_log1p,s300_c109,-0.005297162135512373,-0.005502685943953454,0.00020552380844108056,True,726,119,14
mur_brier_gain,grazing_log1p,s300_c110,-0.005297162135512373,-0.00567942076380902,0.0003822586282966464,True,728,119,14
mur_brier_gain,grazing_log1p,s300_c111,-0.005297162135512373,-0.005054331181627408,0.00024283095388496524,True,725,119,14
mur_brier_gain,grazing_log1p,s300_c112,-0.005297162135512373,-0.005118725871609424,0.00017843626390294954,True,732,119,14
mur_brier_gain,grazing_log1p,s300_c113,-0.005297162135512373,-0.005425927140795201,0.00012876500528282743,True,727,119,14
mur_brier_gain,grazing_log1p,s300_c114,-0.005297162135512373,-0.005699958405719513,0.00040279627020714005,True,729,119,14
mur_brier_gain,grazing_log1p,s300_c115,-0.005297162135512373,-0.0057858313012141786,0.0004886691657018053,True,731,119,14
mur_brier_gain,grazing_log1p,s300_c118,-0.005297162135512373,-0.004913778097429775,0.00038338403808259834,True,732,119,14
mur_brier_gain,grazing_log1p,s300_c119,-0.005297162135512373,-0.0046203946682709905,0.0006767674672413827,True,730,119,14
mur_brier_gain,grazing_log1p,s300_c120,-0.005297162135512373,-0.004365305711790418,0.0009318564237219551,True,724,119,14
mur_brier_gain,grazing_log1p,s300_c123,-0.005297162135512373,-0.005304899145818718,7.737010306345035e-06,True,721,119,14
mur_brier_gain,grazing_log1p,s300_c124,-0.005297162135512373,-0.005101761230964893,0.0001954009045474804,True,730,119,14
mur_brier_gain,grazing_log1p,s300_c125,-0.005297162135512373,-0.0054703162562671865,0.00017315412075481328,True,729,119,14
mur_brier_gain,grazing_log1p,s300_c126,-0.005297162135512373,-0.005543159193408225,0.0002459970578958517,True,730,119,14
mur_brier_gain,grazing_log1p,s300_c127,-0.005297162135512373,-0.004203704726939079,0.001093457408573294,True,720,119,14
mur_brier_gain,grazing_log1p,s300_c128,-0.005297162135512373,-0.005610099673754025,0.0003129375382416519,True,724,119,14
mur_brier_gain,grazing_log1p,s300_c129,-0.005297162135512373,-0.005376303486603376,7.914135109100308e-05,True,724,119,14
mur_brier_gain,grazing_log1p,s300_c130,-0.005297162135512373,-0.006071077254603192,0.0007739151190908188,True,711,119,14
mur_brier_gain,grazing_log1p,s300_c131,-0.005297162135512373,-0.005153360958784032,0.000143801176728341,True,733,119,14
mur_brier_gain,grazing_log1p,s300_c132,-0.005297162135512373,-0.005284712087728996,1.2450047783376869e-05,True,727,119,14
mur_brier_gain,grazing_log1p,s300_c134,-0.005297162135512373,-0.005082484092265944,0.00021467804324642927,True,728,119,14
mur_brier_gain,grazing_log1p,s300_c135,-0.005297162135512373,-0.0056799981588992665,0.00038283602338689323,True,729,119,14
mur_brier_gain,grazing_log1p,s300_c137,-0.005297162135512373,-0.005337289294708624,4.0127159196250844e-05,True,727,119,14
mur_brier_gain,grazing_log1p,s300_c138,-0.005297162135512373,-0.005273782025824601,2.3380109687772682e-05,True,725,119,14
mur_brier_gain,grazing_log1p,s300_c139,-0.005297162135512373,-0.004187956391241027,0.0011092057442713462,True,713,119,14
mur_brier_gain,grazing_log1p,s300_c140,-0.005297162135512373,-0.005292783987368719,4.378148143654656e-06,True,732,119,14
mur_brier_gain,grazing_log1p,s300_c141,-0.005297162135512373,-0.00521345538763218,8.37067478801929e-05,True,732,119,14
mur_brier_gain,rock_probability,s300_c000,-0.009641288145274263,-0.009590159610282199,5.112853499206378e-05,True,751,119,14
mur_brier_gain,rock_probability,s300_c001,-0.009641288145274263,-0.009600662456171435,4.0625689102827614e-05,True,741,119,14
mur_brier_gain,rock_probability,s300_c002,-0.009641288145274263,-0.009445506181220743,0.00019578196405352008,True,741,119,14
mur_brier_gain,rock_probability,s300_c003,-0.009641288145274263,-0.009725342661649079,8.405451637481624e-05,True,740,119,14
mur_brier_gain,rock_probability,s300_c004,-0.009641288145274263,-0.00969936473019183,5.807658491756816e-05,True,746,119,14
mur_brier_gain,rock_probability,s300_c006,-0.009641288145274263,-0.009785996398431036,0.00014470825315677366,True,746,119,14
mur_brier_gain,rock_probability,s300_c007,-0.009641288145274263,-0.009822785832089318,0.00018149768681505543,True,751,119,14
mur_brier_gain,rock_probability,s300_c008,-0.009641288145274263,-0.009611049934392511,3.0238210881751437e-05,True,743,119,14
mur_brier_gain,rock_probability,s300_c009,-0.009641288145274263,-0.009438646246056915,0.00020264189921734808,True,751,119,14
mur_brier_gain,rock_probability,s300_c010,-0.009641288145274263,-0.009515112533702023,0.00012617561157223997,True,744,119,14
mur_brier_gain,rock_probability,s300_c011,-0.009641288145274263,-0.009172500968737597,0.0004687871765366655,True,747,119,14
mur_brier_gain,rock_probability,s300_c012,-0.009641288145274263,-0.008962061274743617,0.0006792268705306456,True,743,119,14
mur_brier_gain,rock_probability,s300_c013,-0.009641288145274263,-0.009738716098472863,9.742795319860054e-05,True,730,119,14
mur_brier_gain,rock_probability,s300_c014,-0.009641288145274263,-0.009648157999455176,6.869854180913126e-06,True,750,119,14
mur_brier_gain,rock_probability,s300_c015,-0.009641288145274263,-0.009740412894659867,9.91247493856047e-05,True,746,119,14
mur_brier_gain,rock_probability,s300_c016,-0.009641288145274263,-0.012437927194775187,0.0027966390495009243,True,678,119,14
mur_brier_gain,rock_probability,s300_c019,-0.009641288145274263,-0.009795083226593407,0.0001537950813191441,True,747,119,14
mur_brier_gain,rock_probability,s300_c020,-0.009641288145274263,-0.009402647683199379,0.0002386404620748836,True,748,119,14
mur_brier_gain,rock_probability,s300_c021,-0.009641288145274263,-0.009704148512596295,6.286036732203182e-05,True,748,119,14
mur_brier_gain,rock_probability,s300_c022,-0.009641288145274263,-0.010196258614076279,0.0005549704688020164,True,748,119,14
mur_brier_gain,rock_probability,s300_c023,-0.009641288145274263,-0.009492429687765164,0.0001488584575090983,True,746,119,14
mur_brier_gain,rock_probability,s300_c025,-0.009641288145274263,-0.009524136359756276,0.00011715178551798683,True,750,119,14
mur_brier_gain,rock_probability,s300_c026,-0.009641288145274263,-0.009099959715308007,0.000541328429966256,True,750,119,14
mur_brier_gain,rock_probability,s300_c027,-0.009641288145274263,-0.009864886890726619,0.0002235987454523563,True,751,119,14
mur_brier_gain,rock_probability,s300_c028,-0.009641288145274263,-0.009755403782432441,0.00011411563715817835,True,751,119,14
mur_brier_gain,rock_probability,s300_c029,-0.009641288145274263,-0.009656545310006048,1.5257164731784928e-05,True,750,119,14
mur_brier_gain,rock_probability,s300_c030,-0.009641288145274263,-0.009611268017303306,3.0020127970957142e-05,True,750,119,14
mur_brier_gain,rock_probability,s300_c031,-0.009641288145274263,-0.009656257386547884,1.4969241273620967e-05,True,748,119,14
mur_brier_gain,rock_probability,s300_c032,-0.009641288145274263,-0.010065644277690154,0.0004243561324158915,True,751,119,14
mur_brier_gain,rock_probability,s300_c033,-0.009641288145274263,-0.009392872362415816,0.00024841578285844657,True,751,119,14
mur_brier_gain,rock_probability,s300_c034,-0.009641288145274263,-0.009448316841930635,0.0001929713033436281,True,749,119,14
mur_brier_gain,rock_probability,s300_c035,-0.009641288145274263,-0.009618501659794793,2.278648547946946e-05,True,746,119,14
mur_brier_gain,rock_probability,s300_c037,-0.009641288145274263,-0.009705482574609367,6.419442933510398e-05,True,748,119,14
mur_brier_gain,rock_probability,s300_c038,-0.009641288145274263,-0.008901108665535585,0.0007401794797386781,True,745,119,14
mur_brier_gain,rock_probability,s300_c039,-0.009641288145274263,-0.009638665875248384,2.622270025879128e-06,True,751,119,14
mur_brier_gain,rock_probability,s300_c040,-0.009641288145274263,-0.00984799808777177,0.0002067099424975065,True,750,119,14
mur_brier_gain,rock_probability,s300_c041,-0.009641288145274263,-0.009623956655022935,1.733149025132802e-05,True,751,119,14
mur_brier_gain,rock_probability,s300_c044,-0.009641288145274263,-0.009629325752250041,1.1962393024221585e-05,True,749,119,14
mur_brier_gain,rock_probability,s300_c045,-0.009641288145274263,-0.009598213916205196,4.307422906906638e-05,True,751,119,14
mur_brier_gain,rock_probability,s300_c046,-0.009641288145274263,-0.009487886666073385,0.00015340147920087782,True,751,119,14
mur_brier_gain,rock_probability,s300_c047,-0.009641288145274263,-0.009695805790027674,5.451764475341084e-05,True,750,119,14
mur_brier_gain,rock_probability,s300_c048,-0.009641288145274263,-0.00948702764496857,0.00015426050030569252,True,748,119,14
mur_brier_gain,rock_probability,s300_c049,-0.009641288145274263,-0.009648422633037935,7.1344877636721205e-06,True,751,119,14
mur_brier_gain,rock_probability,s300_c050,-0.009641288145274263,-0.010063610898357455,0.0004223227530831923,True,746,119,14
mur_brier_gain,rock_probability,s300_c051,-0.009641288145274263,-0.00981615131700893,0.00017486317173466721,True,740,119,14
mur_brier_gain,rock_probability,s300_c052,-0.009641288145274263,-0.009764708608275507,0.00012342046300124407,True,746,119,14
mur_brier_gain,rock_probability,s300_c053,-0.009641288145274263,-0.009653181039935505,1.1892894661242118e-05,True,748,119,14
mur_brier_gain,rock_probability,s300_c054,-0.009641288145274263,-0.010552893746665836,0.000911605601391573,True,740,119,14
mur_brier_gain,rock_probability,s300_c055,-0.009641288145274263,-0.00960954300012273,3.1745145151532844e-05,True,749,119,14
mur_brier_gain,rock_probability,s300_c057,-0.009641288145274263,-0.009640713830655873,5.743146183900816e-07,True,736,119,14
mur_brier_gain,rock_probability,s300_c058,-0.009641288145274263,-0.009806050372547689,0.00016476222727342636,True,742,119,14
mur_brier_gain,rock_probability,s300_c059,-0.009641288145274263,-0.009145532625471096,0.0004957555198031663,True,749,119,14
mur_brier_gain,rock_probability,s300_c060,-0.009641288145274263,-0.009695903874327172,5.4615729052909234e-05,True,740,119,14
mur_brier_gain,rock_probability,s300_c061,-0.009641288145274263,-0.00977464501008021,0.00013335686480594675,True,746,119,14
mur_brier_gain,rock_probability,s300_c062,-0.009641288145274263,-0.009265327037899531,0.0003759611073747317,True,751,119,14
mur_brier_gain,rock_probability,s300_c063,-0.009641288145274263,-0.00945788645264333,0.0001834016926309332,True,747,119,14
mur_brier_gain,rock_probability,s300_c065,-0.009641288145274263,-0.009852972045141368,0.00021168389986710515,True,743,119,14
mur_brier_gain,rock_probability,s300_c066,-0.009641288145274263,-0.009651202974456619,9.914829182356213e-06,True,745,119,14
mur_brier_gain,rock_probability,s300_c067,-0.009641288145274263,-0.009790661855743201,0.0001493737104689384,True,751,119,14
mur_brier_gain,rock_probability,s300_c068,-0.009641288145274263,-0.01111231077492735,0.0014710226296530873,True,727,119,14
mur_brier_gain,rock_probability,s300_c069,-0.009641288145274263,-0.009333491118215648,0.0003077970270586143,True,746,119,14
mur_brier_gain,rock_probability,s300_c071,-0.009641288145274263,-0.009939031699679019,0.0002977435544047561,True,731,119,14
mur_brier_gain,rock_probability,s300_c072,-0.009641288145274263,-0.009617909681964382,2.3378463309881026e-05,True,751,119,14
mur_brier_gain,rock_probability,s300_c073,-0.009641288145274263,-0.009612775891893716,2.851225338054708e-05,True,751,119,14
mur_brier_gain,rock_probability,s300_c074,-0.009641288145274263,-0.010357045515221385,0.0007157573699471224,True,747,119,14
mur_brier_gain,rock_probability,s300_c075,-0.009641288145274263,-0.010266520655291614,0.0006252325100173511,True,747,119,14
mur_brier_gain,rock_probability,s300_c077,-0.009641288145274263,-0.00933353192140339,0.00030775622387087254,True,750,119,14
mur_brier_gain,rock_probability,s300_c078,-0.009641288145274263,-0.00964078231113881,5.058341354530205e-07,True,749,119,14
mur_brier_gain,rock_probability,s300_c079,-0.009641288145274263,-0.009642475155513062,1.1870102387991077e-06,True,751,119,14
mur_brier_gain,rock_probability,s300_c080,-0.009641288145274263,-0.011185048717322923,0.00154376057204866,True,739,119,14
mur_brier_gain,rock_probability,s300_c081,-0.009641288145274263,-0.009714021837052961,7.273369177869873e-05,True,751,119,14
mur_brier_gain,rock_probability,s300_c084,-0.009641288145274263,-0.00970746824020222,6.618009492795687e-05,True,751,119,14
mur_brier_gain,rock_probability,s300_c085,-0.009641288145274263,-0.009696471805021915,5.518365974765266e-05,True,751,119,14
mur_brier_gain,rock_probability,s300_c086,-0.009641288145274263,-0.009515318171822582,0.00012596997345168046,True,750,119,14
mur_brier_gain,rock_probability,s300_c087,-0.009641288145274263,-0.009272098254159339,0.00036918989111492384,True,744,119,14
mur_brier_gain,rock_probability,s300_c088,-0.009641288145274263,-0.009474804294142068,0.0001664838511321945,True,751,119,14
mur_brier_gain,rock_probability,s300_c089,-0.009641288145274263,-0.009368138994839688,0.00027314915043457483,True,738,119,14
mur_brier_gain,rock_probability,s300_c090,-0.009641288145274263,-0.00970942245779561,6.813431252134655e-05,True,751,119,14
mur_brier_gain,rock_probability,s300_c091,-0.009641288145274263,-0.009553395819317904,8.789232595635826e-05,True,751,119,14
mur_brier_gain,rock_probability,s300_c092,-0.009641288145274263,-0.009608049067882903,3.3239077391359825e-05,True,748,119,14
mur_brier_gain,rock_probability,s300_c093,-0.009641288145274263,-0.009525033953686774,0.00011625419158748859,True,751,119,14
mur_brier_gain,rock_probability,s300_c094,-0.009641288145274263,-0.009423090743546306,0.0002181974017279563,True,750,119,14
mur_brier_gain,rock_probability,s300_c096,-0.009641288145274263,-0.009816195157119104,0.00017490701184484127,True,748,119,14
mur_brier_gain,rock_probability,s300_c097,-0.009641288145274263,-0.009434295689728684,0.00020699245554557828,True,751,119,14
mur_brier_gain,rock_probability,s300_c098,-0.009641288145274263,-0.009676300457337576,3.501231206331362e-05,True,750,119,14
mur_brier_gain,rock_probability,s300_c099,-0.009641288145274263,-0.00943952991315617,0.0002017582321180919,True,748,119,14
mur_brier_gain,rock_probability,s300_c101,-0.009641288145274263,-0.009627289806628938,1.3998338645324765e-05,True,751,119,14
mur_brier_gain,rock_probability,s300_c102,-0.009641288145274263,-0.009793144929423108,0.00015185678414884538,True,750,119,14
mur_brier_gain,rock_probability,s300_c103,-0.009641288145274263,-0.009092795027195245,0.0005484931180790176,True,747,119,14
mur_brier_gain,rock_probability,s300_c104,-0.009641288145274263,-0.009812642474221244,0.00017135432894698106,True,746,119,14
mur_brier_gain,rock_probability,s300_c105,-0.009641288145274263,-0.010292536136742993,0.0006512479914687307,True,748,119,14
mur_brier_gain,rock_probability,s300_c106,-0.009641288145274263,-0.0099903188972571,0.0003490307519828373,True,741,119,14
mur_brier_gain,rock_probability,s300_c107,-0.009641288145274263,-0.009703047972661652,6.175982738738928e-05,True,744,119,14
mur_brier_gain,rock_probability,s300_c109,-0.009641288145274263,-0.009225394462240969,0.00041589368303329363,True,744,119,14
mur_brier_gain,rock_probability,s300_c110,-0.009641288145274263,-0.009333781733691583,0.0003075064115826802,True,746,119,14
mur_brier_gain,rock_probability,s300_c111,-0.009641288145274263,-0.00978403110350207,0.0001427429582278074,True,741,119,14
mur_brier_gain,rock_probability,s300_c112,-0.009641288145274263,-0.010057429746093034,0.00041614160081877155,True,750,119,14
mur_brier_gain,rock_probability,s300_c113,-0.009641288145274263,-0.008551034681019483,0.0010902534642547798,True,743,119,14
mur_brier_gain,rock_probability,s300_c114,-0.009641288145274263,-0.009625486799880288,1.580134539397489e-05,True,747,119,14
mur_brier_gain,rock_probability,s300_c115,-0.009641288145274263,-0.00949260725103716,0.00014868089423710276,True,749,119,14
mur_brier_gain,rock_probability,s300_c118,-0.009641288145274263,-0.008949217132143365,0.0006920710131308981,True,750,119,14
mur_brier_gain,rock_probability,s300_c119,-0.009641288145274263,-0.008671970813235454,0.0009693173320388087,True,748,119,14
mur_brier_gain,rock_probability,s300_c120,-0.009641288145274263,-0.009314078922455622,0.00032720922281864045,True,742,119,14
mur_brier_gain,rock_probability,s300_c123,-0.009641288145274263,-0.01016360472885209,0.0005223165835778268,True,739,119,14
mur_brier_gain,rock_probability,s300_c124,-0.009641288145274263,-0.009393926801357526,0.00024736134391673686,True,748,119,14
mur_brier_gain,rock_probability,s300_c125,-0.009641288145274263,-0.009887030588904284,0.0002457424436300218,True,746,119,14
mur_brier_gain,rock_probability,s300_c126,-0.009641288145274263,-0.010168471486798164,0.0005271833415239017,True,747,119,14
mur_brier_gain,rock_probability,s300_c127,-0.009641288145274263,-0.009041558299689806,0.0005997298455844569,True,734,119,14
mur_brier_gain,rock_probability,s300_c128,-0.009641288145274263,-0.009704578083311413,6.328993803715079e-05,True,741,119,14
mur_brier_gain,rock_probability,s300_c129,-0.009641288145274263,-0.009544940501203244,9.634764407101884e-05,True,741,119,14
mur_brier_gain,rock_probability,s300_c130,-0.009641288145274263,-0.008711945561198982,0.0009293425840752809,True,729,119,14
mur_brier_gain,rock_probability,s300_c131,-0.009641288145274263,-0.009462687792195324,0.0001786003530789386,True,751,119,14
mur_brier_gain,rock_probability,s300_c132,-0.009641288145274263,-0.009390290392720864,0.00025099775255339914,True,745,119,14
mur_brier_gain,rock_probability,s300_c134,-0.009641288145274263,-0.009283644717352735,0.0003576434279215276,True,746,119,14
mur_brier_gain,rock_probability,s300_c135,-0.009641288145274263,-0.009599975848612777,4.1312296661485254e-05,True,747,119,14
mur_brier_gain,rock_probability,s300_c137,-0.009641288145274263,-0.009269564747245454,0.0003717233980288087,True,745,119,14
mur_brier_gain,rock_probability,s300_c138,-0.009641288145274263,-0.009303922760471473,0.0003373653848027895,True,743,119,14
mur_brier_gain,rock_probability,s300_c139,-0.009641288145274263,-0.009719609625135833,7.832147986156987e-05,True,730,119,14
mur_brier_gain,rock_probability,s300_c140,-0.009641288145274263,-0.009731326852367266,9.003870709300282e-05,True,750,119,14
mur_brier_gain,rock_probability,s300_c141,-0.009641288145274263,-0.009593612039308837,4.767610596542564e-05,True,750,119,14
mur_brier_gain,depth_m,s300_c000,0.002944161409083371,0.002710999650849551,0.0002331617582338203,True,751,119,14
mur_brier_gain,depth_m,s300_c001,0.002944161409083371,0.00309408012771612,0.00014991871863274898,True,741,119,14
mur_brier_gain,depth_m,s300_c002,0.002944161409083371,0.0027762523148251116,0.00016790909425825956,True,741,119,14
mur_brier_gain,depth_m,s300_c003,0.002944161409083371,0.0029595580578219618,1.539664873859061e-05,True,740,119,14
mur_brier_gain,depth_m,s300_c004,0.002944161409083371,0.0029889491700513613,4.4787760967990135e-05,True,746,119,14
mur_brier_gain,depth_m,s300_c006,0.002944161409083371,0.002941627641669414,2.5337674139573434e-06,True,746,119,14
mur_brier_gain,depth_m,s300_c007,0.002944161409083371,0.002903549530198473,4.061187888489831e-05,True,751,119,14
mur_brier_gain,depth_m,s300_c008,0.002944161409083371,0.0027265336470842284,0.0002176277619991428,True,743,119,14
mur_brier_gain,depth_m,s300_c009,0.002944161409083371,0.0033261542010801395,0.00038199279199676835,True,751,119,14
mur_brier_gain,depth_m,s300_c010,0.002944161409083371,0.0031002145574412976,0.00015605314835792639,True,744,119,14
mur_brier_gain,depth_m,s300_c011,0.002944161409083371,0.003635206271968811,0.0006910448628854398,True,747,119,14
mur_brier_gain,depth_m,s300_c012,0.002944161409083371,0.002971524485189781,2.736307610640967e-05,True,743,119,14
mur_brier_gain,depth_m,s300_c013,0.002944161409083371,0.0029629044461669802,1.874303708360907e-05,True,730,119,14
mur_brier_gain,depth_m,s300_c014,0.002944161409083371,0.002946429950948768,2.268541865396885e-06,True,750,119,14
mur_brier_gain,depth_m,s300_c015,0.002944161409083371,0.00294587553503764,1.7141259542690322e-06,True,746,119,14
mur_brier_gain,depth_m,s300_c016,0.002944161409083371,0.0025842282323658085,0.0003599331767175627,True,678,119,14
mur_brier_gain,depth_m,s300_c019,0.002944161409083371,0.002952588795794442,8.427386711070805e-06,True,747,119,14
mur_brier_gain,depth_m,s300_c020,0.002944161409083371,0.0028429559202903195,0.00010120548879305165,True,748,119,14
mur_brier_gain,depth_m,s300_c021,0.002944161409083371,0.0029776946362406083,3.353322715723712e-05,True,748,119,14
mur_brier_gain,depth_m,s300_c022,0.002944161409083371,0.002764302220752599,0.00017985918833077208,True,748,119,14
mur_brier_gain,depth_m,s300_c023,0.002944161409083371,0.0030042411274791843,6.00797183958131e-05,True,746,119,14
mur_brier_gain,depth_m,s300_c025,0.002944161409083371,0.0031684120203053696,0.00022425061122199842,True,750,119,14
mur_brier_gain,depth_m,s300_c026,0.002944161409083371,0.0020051018662148165,0.0009390595428685547,True,750,119,14
mur_brier_gain,depth_m,s300_c027,0.002944161409083371,0.003149558989870966,0.00020539758078759462,True,751,119,14
mur_brier_gain,depth_m,s300_c028,0.002944161409083371,0.0037288669745680044,0.0007847055654846332,True,751,119,14
mur_brier_gain,depth_m,s300_c029,0.002944161409083371,0.0026368008955453127,0.00030736051353805844,True,750,119,14
mur_brier_gain,depth_m,s300_c030,0.002944161409083371,0.0029700337880852173,2.58723790018461e-05,True,750,119,14
mur_brier_gain,depth_m,s300_c031,0.002944161409083371,0.0029265166842780497,1.7644724805321484e-05,True,748,119,14
mur_brier_gain,depth_m,s300_c032,0.002944161409083371,0.002968638070637075,2.4476661553704017e-05,True,751,119,14
mur_brier_gain,depth_m,s300_c033,0.002944161409083371,0.003219620751989216,0.0002754593429058448,True,751,119,14
mur_brier_gain,depth_m,s300_c034,0.002944161409083371,0.002788846258377851,0.00015531515070552017,True,749,119,14
mur_brier_gain,depth_m,s300_c035,0.002944161409083371,0.002689780749451236,0.00025438065963213517,True,746,119,14
mur_brier_gain,depth_m,s300_c037,0.002944161409083371,0.003014479151256909,7.031774217353777e-05,True,748,119,14
mur_brier_gain,depth_m,s300_c038,0.002944161409083371,0.0011582426881017725,0.0017859187209815987,True,745,119,14
mur_brier_gain,depth_m,s300_c039,0.002944161409083371,0.002954062188249484,9.900779166112893e-06,True,751,119,14
mur_brier_gain,depth_m,s300_c040,0.002944161409083371,0.0029177436498867833,2.6417759196587908e-05,True,750,119,14
mur_brier_gain,depth_m,s300_c041,0.002944161409083371,0.0028009311477870886,0.00014323026129628262,True,751,119,14
mur_brier_gain,depth_m,s300_c044,0.002944161409083371,0.002929964986468802,1.4196422614569382e-05,True,749,119,14
mur_brier_gain,depth_m,s300_c045,0.002944161409083371,0.002918240063734906,2.5921345348465033e-05,True,751,119,14
mur_brier_gain,depth_m,s300_c046,0.002944161409083371,0.002798014450145641,0.0001461469589377302,True,751,119,14
mur_brier_gain,depth_m,s300_c047,0.002944161409083371,0.0029117044028883245,3.2457006195046705e-05,True,750,119,14
mur_brier_gain,depth_m,s300_c048,0.002944161409083371,0.0032835895606841605,0.00033942815160078934,True,748,119,14
mur_brier_gain,depth_m,s300_c049,0.002944161409083371,0.00293677004446962,7.391364613751339e-06,True,751,119,14
mur_brier_gain,depth_m,s300_c050,0.002944161409083371,0.0025361175655722644,0.00040804384351110674,True,746,119,14
mur_brier_gain,depth_m,s300_c051,0.002944161409083371,0.0027786796977246424,0.00016548171135872874,True,740,119,14
mur_brier_gain,depth_m,s300_c052,0.002944161409083371,0.0028965204845831233,4.764092450024789e-05,True,746,119,14
mur_brier_gain,depth_m,s300_c053,0.002944161409083371,0.003054411955785161,0.00011025054670178985,True,748,119,14
mur_brier_gain,depth_m,s300_c054,0.002944161409083371,0.002084617156149302,0.0008595442529340694,True,740,119,14
mur_brier_gain,depth_m,s300_c055,0.002944161409083371,0.002750452120636847,0.0001937092884465243,True,749,119,14
mur_brier_gain,depth_m,s300_c057,0.002944161409083371,0.0034213096544688446,0.0004771482453854734,True,736,119,14
mur_brier_gain,depth_m,s300_c058,0.002944161409083371,0.002546839833653083,0.000397321575430288,True,742,119,14
mur_brier_gain,depth_m,s300_c059,0.002944161409083371,0.0032873357830280787,0.0003431743739447076,True,749,119,14
mur_brier_gain,depth_m,s300_c060,0.002944161409083371,0.0030970768758300737,0.00015291546674670248,True,740,119,14
mur_brier_gain,depth_m,s300_c061,0.002944161409083371,0.0028656743866766476,7.848702240672353e-05,True,746,119,14
mur_brier_gain,depth_m,s300_c062,0.002944161409083371,0.003184854625680145,0.00024069321659677366,True,751,119,14
mur_brier_gain,depth_m,s300_c063,0.002944161409083371,0.003824456120198943,0.000880294711115572,True,747,119,14
mur_brier_gain,depth_m,s300_c065,0.002944161409083371,0.0033410077100919614,0.0003968463010085902,True,743,119,14
mur_brier_gain,depth_m,s300_c066,0.002944161409083371,0.0030757383220965783,0.00013157691301320714,True,745,119,14
mur_brier_gain,depth_m,s300_c067,0.002944161409083371,0.00320582479887867,0.000261663389795299,True,751,119,14
mur_brier_gain,depth_m,s300_c068,0.002944161409083371,0.0046390873192401465,0.0016949259101567754,True,727,119,14
mur_brier_gain,depth_m,s300_c069,0.002944161409083371,0.0023124473250078982,0.000631714084075473,True,746,119,14
mur_brier_gain,depth_m,s300_c071,0.002944161409083371,0.0033982992787324248,0.0004541378696490536,True,731,119,14
mur_brier_gain,depth_m,s300_c072,0.002944161409083371,0.0030309098147633965,8.674840568002537e-05,True,751,119,14
mur_brier_gain,depth_m,s300_c073,0.002944161409083371,0.003029742138012128,8.55807289287568e-05,True,751,119,14
mur_brier_gain,depth_m,s300_c074,0.002944161409083371,0.0015791178162103505,0.0013650435928730207,True,747,119,14
mur_brier_gain,depth_m,s300_c075,0.002944161409083371,0.003109909345891601,0.0001657479368082299,True,747,119,14
mur_brier_gain,depth_m,s300_c077,0.002944161409083371,0.0037376163239620824,0.0007934549148787113,True,750,119,14
mur_brier_gain,depth_m,s300_c078,0.002944161409083371,0.0030407946167553728,9.66332076720016e-05,True,749,119,14
mur_brier_gain,depth_m,s300_c079,0.002944161409083371,0.0029495320567100086,5.370647626637415e-06,True,751,119,14
mur_brier_gain,depth_m,s300_c080,0.002944161409083371,0.0023224863052986973,0.0006216751037846739,True,739,119,14
mur_brier_gain,depth_m,s300_c081,0.002944161409083371,0.0028043595950382784,0.00013980181404509278,True,751,119,14
mur_brier_gain,depth_m,s300_c084,0.002944161409083371,0.0028642151801792654,7.994622890410575e-05,True,751,119,14
mur_brier_gain,depth_m,s300_c085,0.002944161409083371,0.0028823747805929523,6.178662849041887e-05,True,751,119,14
mur_brier_gain,depth_m,s300_c086,0.002944161409083371,0.0033400272734032564,0.0003958658643198852,True,750,119,14
mur_brier_gain,depth_m,s300_c087,0.002944161409083371,0.0026946557052067457,0.0002495057038766255,True,744,119,14
mur_brier_gain,depth_m,s300_c088,0.002944161409083371,0.0031448923417551583,0.00020073093267178712,True,751,119,14
mur_brier_gain,depth_m,s300_c089,0.002944161409083371,0.003677027675791329,0.0007328662667079578,True,738,119,14
mur_brier_gain,depth_m,s300_c090,0.002944161409083371,0.002964117178006239,1.9955768922867972e-05,True,751,119,14
mur_brier_gain,depth_m,s300_c091,0.002944161409083371,0.0032338563989336125,0.00028969498985024133,True,751,119,14
mur_brier_gain,depth_m,s300_c092,0.002944161409083371,0.0026654221885260127,0.00027873922055735847,True,748,119,14
mur_brier_gain,depth_m,s300_c093,0.002944161409083371,0.0031425065555387285,0.00019834514645535734,True,751,119,14
mur_brier_gain,depth_m,s300_c094,0.002944161409083371,0.0031154159543636956,0.0001712545452803244,True,750,119,14
mur_brier_gain,depth_m,s300_c096,0.002944161409083371,0.001988456114341116,0.0009557052947422552,True,748,119,14
mur_brier_gain,depth_m,s300_c097,0.002944161409083371,0.0030177839514299,7.362254234652898e-05,True,751,119,14
mur_brier_gain,depth_m,s300_c098,0.002944161409083371,0.003148859399775349,0.00020469799069197788,True,750,119,14
mur_brier_gain,depth_m,s300_c099,0.002944161409083371,0.0030730811755813017,0.00012891976649793057,True,748,119,14
mur_brier_gain,depth_m,s300_c101,0.002944161409083371,0.003012546997083056,6.838558799968477e-05,True,751,119,14
mur_brier_gain,depth_m,s300_c102,0.002944161409083371,0.0029017342758142976,4.242713326907356e-05,True,750,119,14
mur_brier_gain,depth_m,s300_c103,0.002944161409083371,0.0023781205117953267,0.0005660408972880445,True,747,119,14
mur_brier_gain,depth_m,s300_c104,0.002944161409083371,0.0028921759686998424,5.198544038352874e-05,True,746,119,14
mur_brier_gain,depth_m,s300_c105,0.002944161409083371,0.0028721837888518596,7.197762023151153e-05,True,748,119,14
mur_brier_gain,depth_m,s300_c106,0.002944161409083371,0.002608244131728606,0.00033591727735476527,True,741,119,14
mur_brier_gain,depth_m,s300_c107,0.002944161409083371,0.0029478832501769396,3.721841093568424e-06,True,744,119,14
mur_brier_gain,depth_m,s300_c109,0.002944161409083371,0.0033582260069338274,0.0004140645978504562,True,744,119,14
mur_brier_gain,depth_m,s300_c110,0.002944161409083371,0.003126423637031427,0.0001822622279480557,True,746,119,14
mur_brier_gain,depth_m,s300_c111,0.002944161409083371,0.0016695384222594725,0.0012746229868238986,True,741,119,14
mur_brier_gain,depth_m,s300_c112,0.002944161409083371,0.0031430144601975484,0.00019885305111417726,True,750,119,14
mur_brier_gain,depth_m,s300_c113,0.002944161409083371,0.0023726140575243172,0.0005715473515590539,True,743,119,14
mur_brier_gain,depth_m,s300_c114,0.002944161409083371,0.0028095476434961916,0.0001346137655871796,True,747,119,14
mur_brier_gain,depth_m,s300_c115,0.002944161409083371,0.0031013272721652605,0.00015716586308188929,True,749,119,14
mur_brier_gain,depth_m,s300_c118,0.002944161409083371,0.002807307830651076,0.00013685357843229527,True,750,119,14
mur_brier_gain,depth_m,s300_c119,0.002944161409083371,0.002282200419169664,0.0006619609899137071,True,748,119,14
mur_brier_gain,depth_m,s300_c120,0.002944161409083371,0.0027463152850770675,0.0001978461240063037,True,742,119,14
mur_brier_gain,depth_m,s300_c123,0.002944161409083371,0.0027774847446614187,0.0001666766644219525,True,739,119,14
mur_brier_gain,depth_m,s300_c124,0.002944161409083371,0.0031076631173365234,0.00016350170825315223,True,748,119,14
mur_brier_gain,depth_m,s300_c125,0.002944161409083371,0.0028616228572966463,8.253855178672487e-05,True,746,119,14
mur_brier_gain,depth_m,s300_c126,0.002944161409083371,0.002601818714528743,0.00034234269455462804,True,747,119,14
mur_brier_gain,depth_m,s300_c127,0.002944161409083371,0.004430678170510879,0.001486516761427508,True,734,119,14
mur_brier_gain,depth_m,s300_c128,0.002944161409083371,0.0029826290801593224,3.846767107595125e-05,True,741,119,14
mur_brier_gain,depth_m,s300_c129,0.002944161409083371,0.002822589051483072,0.00012157235760029911,True,741,119,14
mur_brier_gain,depth_m,s300_c130,0.002944161409083371,0.00354496987176549,0.0006008084626821187,True,729,119,14
mur_brier_gain,depth_m,s300_c131,0.002944161409083371,0.0033960997019253257,0.0004519382928419545,True,751,119,14
mur_brier_gain,depth_m,s300_c132,0.002944161409083371,0.002966210378129927,2.204896904655588e-05,True,745,119,14
mur_brier_gain,depth_m,s300_c134,0.002944161409083371,0.0032481839922779286,0.00030402258319455746,True,746,119,14
mur_brier_gain,depth_m,s300_c135,0.002944161409083371,0.002323622919181279,0.0006205384899020923,True,747,119,14
mur_brier_gain,depth_m,s300_c137,0.002944161409083371,0.003361591478519319,0.00041743006943594776,True,745,119,14
mur_brier_gain,depth_m,s300_c138,0.002944161409083371,0.002603493950469934,0.0003406674586134374,True,743,119,14
mur_brier_gain,depth_m,s300_c139,0.002944161409083371,0.0035279429542701317,0.0005837815451867606,True,730,119,14
mur_brier_gain,depth_m,s300_c140,0.002944161409083371,0.0027487109172192655,0.00019545049186410566,True,750,119,14
mur_brier_gain,depth_m,s300_c141,0.002944161409083371,0.0029354655440368593,8.695865046511823e-06,True,750,119,14
mur_brier_gain,kelp_species_contrast,s300_c000,-0.006240258895784808,-0.006291365594567595,5.110669878278726e-05,True,734,119,14
mur_brier_gain,kelp_species_contrast,s300_c001,-0.006240258895784808,-0.006435747580866826,0.00019548868508201863,True,724,119,14
mur_brier_gain,kelp_species_contrast,s300_c002,-0.006240258895784808,-0.007000399389630638,0.00076014049384583,True,724,119,14
mur_brier_gain,kelp_species_contrast,s300_c003,-0.006240258895784808,-0.005497113212072264,0.0007431456837125438,True,723,119,14
mur_brier_gain,kelp_species_contrast,s300_c004,-0.006240258895784808,-0.005233552624044074,0.0010067062717407337,True,729,119,14
mur_brier_gain,kelp_species_contrast,s300_c006,-0.006240258895784808,-0.006342381789013845,0.00010212289322903724,True,729,119,14
mur_brier_gain,kelp_species_contrast,s300_c007,-0.006240258895784808,-0.00673680510725589,0.0004965462114710825,True,734,119,14
mur_brier_gain,kelp_species_contrast,s300_c008,-0.006240258895784808,-0.005611335203324321,0.0006289236924604865,True,726,119,14
mur_brier_gain,kelp_species_contrast,s300_c009,-0.006240258895784808,-0.006051495828666133,0.00018876306711867498,True,734,119,14
mur_brier_gain,kelp_species_contrast,s300_c010,-0.006240258895784808,-0.00666050403156431,0.00042024513577950187,True,727,119,14
mur_brier_gain,kelp_species_contrast,s300_c011,-0.006240258895784808,-0.0066333574741487275,0.00039309857836391984,True,730,119,14
mur_brier_gain,kelp_species_contrast,s300_c012,-0.006240258895784808,-0.006487127801527973,0.0002468689057431653,True,726,119,14
mur_brier_gain,kelp_species_contrast,s300_c013,-0.006240258895784808,-0.005299294608144951,0.0009409642876398571,True,713,119,14
mur_brier_gain,kelp_species_contrast,s300_c014,-0.006240258895784808,-0.006243808259411417,3.5493636266091186e-06,True,733,119,14
mur_brier_gain,kelp_species_contrast,s300_c015,-0.006240258895784808,-0.0064466368784959795,0.00020637798271117176,True,729,119,14
mur_brier_gain,kelp_species_contrast,s300_c016,-0.006240258895784808,-0.010176034384073938,0.00393577548828913,True,661,119,14
mur_brier_gain,kelp_species_contrast,s300_c019,-0.006240258895784808,-0.006285354339973939,4.5095444189130994e-05,True,730,119,14
mur_brier_gain,kelp_species_contrast,s300_c020,-0.006240258895784808,-0.00630088301222795,6.062411644314203e-05,True,731,119,14
mur_brier_gain,kelp_species_contrast,s300_c021,-0.006240258895784808,-0.006605973523735339,0.0003657146279505315,True,731,119,14
mur_brier_gain,kelp_species_contrast,s300_c022,-0.006240258895784808,-0.00548011484434613,0.0007601440514386779,True,731,119,14
mur_brier_gain,kelp_species_contrast,s300_c023,-0.006240258895784808,-0.006022571156426357,0.0002176877393584506,True,729,119,14
mur_brier_gain,kelp_species_contrast,s300_c025,-0.006240258895784808,-0.0060738292215694045,0.00016642967421540318,True,733,119,14
mur_brier_gain,kelp_species_contrast,s300_c026,-0.006240258895784808,-0.005361894774500485,0.0008783641212843224,True,733,119,14
mur_brier_gain,kelp_species_contrast,s300_c027,-0.006240258895784808,-0.006479724917250613,0.0002394660214658055,True,734,119,14
mur_brier_gain,kelp_species_contrast,s300_c028,-0.006240258895784808,-0.006922486546908371,0.0006822276511235636,True,734,119,14
mur_brier_gain,kelp_species_contrast,s300_c029,-0.006240258895784808,-0.006118964227162132,0.00012129466862267554,True,733,119,14
mur_brier_gain,kelp_species_contrast,s300_c030,-0.006240258895784808,-0.006426840569829401,0.00018658167404459348,True,733,119,14
mur_brier_gain,kelp_species_contrast,s300_c031,-0.006240258895784808,-0.006372252400000068,0.0001319935042152602,True,731,119,14
mur_brier_gain,kelp_species_contrast,s300_c032,-0.006240258895784808,-0.006438216518791206,0.00019795762300639855,True,734,119,14
mur_brier_gain,kelp_species_contrast,s300_c033,-0.006240258895784808,-0.006637632106834292,0.00039737321104948466,True,734,119,14
mur_brier_gain,kelp_species_contrast,s300_c034,-0.006240258895784808,-0.0061109010681151595,0.00012935782766964818,True,732,119,14
mur_brier_gain,kelp_species_contrast,s300_c035,-0.006240258895784808,-0.007418390450246563,0.001178131554461755,True,729,119,14
mur_brier_gain,kelp_species_contrast,s300_c037,-0.006240258895784808,-0.0064542029914388946,0.00021394409565408685,True,731,119,14
mur_brier_gain,kelp_species_contrast,s300_c038,-0.006240258895784808,-0.006981986068936184,0.0007417271731513762,True,728,119,14
mur_brier_gain,kelp_species_contrast,s300_c039,-0.006240258895784808,-0.006333861216117922,9.360232033311412e-05,True,734,119,14
mur_brier_gain,kelp_species_contrast,s300_c040,-0.006240258895784808,-0.006397014025350915,0.00015675512956610758,True,733,119,14
mur_brier_gain,kelp_species_contrast,s300_c041,-0.006240258895784808,-0.006521323216850861,0.0002810643210660532,True,734,119,14
mur_brier_gain,kelp_species_contrast,s300_c044,-0.006240258895784808,-0.00627543755298839,3.5178657203582646e-05,True,732,119,14
mur_brier_gain,kelp_species_contrast,s300_c045,-0.006240258895784808,-0.006327086141580209,8.682724579540165e-05,True,734,119,14
mur_brier_gain,kelp_species_contrast,s300_c046,-0.006240258895784808,-0.006309400797627407,6.914190184259972e-05,True,734,119,14
mur_brier_gain,kelp_species_contrast,s300_c047,-0.006240258895784808,-0.007021804036901761,0.000781545141116953,True,733,119,14
mur_brier_gain,kelp_species_contrast,s300_c048,-0.006240258895784808,-0.006447889923172718,0.0002076310273879103,True,731,119,14
mur_brier_gain,kelp_species_contrast,s300_c049,-0.006240258895784808,-0.0062409372291683625,6.783333835547536e-07,True,734,119,14
mur_brier_gain,kelp_species_contrast,s300_c050,-0.006240258895784808,-0.006357632775018012,0.00011737387923320408,True,729,119,14
mur_brier_gain,kelp_species_contrast,s300_c051,-0.006240258895784808,-0.004815041998092132,0.0014252168976926754,True,723,119,14
mur_brier_gain,kelp_species_contrast,s300_c052,-0.006240258895784808,-0.004847057239840273,0.001393201655944535,True,729,119,14
mur_brier_gain,kelp_species_contrast,s300_c053,-0.006240258895784808,-0.0063861733230610425,0.00014591442727623482,True,731,119,14
mur_brier_gain,kelp_species_contrast,s300_c054,-0.006240258895784808,-0.00624363815951421,3.3792637294024347e-06,True,723,119,14
mur_brier_gain,kelp_species_contrast,s300_c055,-0.006240258895784808,-0.007699569947385681,0.0014593110516008733,True,732,119,14
mur_brier_gain,kelp_species_contrast,s300_c057,-0.006240258895784808,-0.0062635030935452,2.3244197760392653e-05,True,719,119,14
mur_brier_gain,kelp_species_contrast,s300_c058,-0.006240258895784808,-0.00576538431518025,0.0004748745806045576,True,725,119,14
mur_brier_gain,kelp_species_contrast,s300_c059,-0.006240258895784808,-0.006620805872119396,0.00038054697633458853,True,732,119,14
mur_brier_gain,kelp_species_contrast,s300_c060,-0.006240258895784808,-0.006277870337513659,3.761144172885131e-05,True,723,119,14
mur_brier_gain,kelp_species_contrast,s300_c061,-0.006240258895784808,-0.00654657461409258,0.00030631571830777235,True,729,119,14
mur_brier_gain,kelp_species_contrast,s300_c062,-0.006240258895784808,-0.005733744943886495,0.0005065139518983129,True,734,119,14
mur_brier_gain,kelp_species_contrast,s300_c063,-0.006240258895784808,-0.005814042718279324,0.0004262161775054835,True,730,119,14
mur_brier_gain,kelp_species_contrast,s300_c065,-0.006240258895784808,-0.005966291064543228,0.00027396783124157987,True,726,119,14
mur_brier_gain,kelp_species_contrast,s300_c066,-0.006240258895784808,-0.0060151773756781934,0.00022508152010661427,True,728,119,14
mur_brier_gain,kelp_species_contrast,s300_c067,-0.006240258895784808,-0.006093436007225005,0.00014682288855980257,True,734,119,14
mur_brier_gain,kelp_species_contrast,s300_c068,-0.006240258895784808,-0.004865990818858964,0.0013742680769258438,True,710,119,14
mur_brier_gain,kelp_species_contrast,s300_c069,-0.006240258895784808,-0.007259795326833008,0.0010195364310482003,True,729,119,14
mur_brier_gain,kelp_species_contrast,s300_c071,-0.006240258895784808,-0.006135185338929166,0.00010507355685564213,True,714,119,14
mur_brier_gain,kelp_species_contrast,s300_c072,-0.006240258895784808,-0.006160250689962671,8.000820582213658e-05,True,734,119,14
mur_brier_gain,kelp_species_contrast,s300_c073,-0.006240258895784808,-0.006086415344792526,0.00015384355099228204,True,734,119,14
mur_brier_gain,kelp_species_contrast,s300_c074,-0.006240258895784808,-0.006106463212224025,0.00013379568356078255,True,730,119,14
mur_brier_gain,kelp_species_contrast,s300_c075,-0.006240258895784808,-0.007078689019936845,0.000838430124152037,True,730,119,14
mur_brier_gain,kelp_species_contrast,s300_c077,-0.006240258895784808,-0.006017103583806992,0.00022315531197781603,True,733,119,14
mur_brier_gain,kelp_species_contrast,s300_c078,-0.006240258895784808,-0.00626769443019869,2.7435534413882204e-05,True,732,119,14
mur_brier_gain,kelp_species_contrast,s300_c079,-0.006240258895784808,-0.00623414209587207,6.116799912738065e-06,True,734,119,14
mur_brier_gain,kelp_species_contrast,s300_c080,-0.006240258895784808,-0.0059940908614362146,0.00024616803434859315,True,722,119,14
mur_brier_gain,kelp_species_contrast,s300_c081,-0.006240258895784808,-0.006576804475768777,0.00033654557998396943,True,734,119,14
mur_brier_gain,kelp_species_contrast,s300_c084,-0.006240258895784808,-0.006178505202738362,6.175369304644608e-05,True,734,119,14
mur_brier_gain,kelp_species_contrast,s300_c085,-0.006240258895784808,-0.006205945838026626,3.4313057758181276e-05,True,734,119,14
mur_brier_gain,kelp_species_contrast,s300_c086,-0.006240258895784808,-0.006344311904536692,0.00010405300875188442,True,733,119,14
mur_brier_gain,kelp_species_contrast,s300_c087,-0.006240258895784808,-0.00621368216871486,2.6576727069948028e-05,True,727,119,14
mur_brier_gain,kelp_species_contrast,s300_c088,-0.006240258895784808,-0.006337482138751183,9.72232429663749e-05,True,734,119,14
mur_brier_gain,kelp_species_contrast,s300_c089,-0.006240258895784808,-0.006867519217864985,0.0006272603220801769,True,721,119,14
mur_brier_gain,kelp_species_contrast,s300_c090,-0.006240258895784808,-0.0059763959941519906,0.00026386290163281714,True,734,119,14
mur_brier_gain,kelp_species_contrast,s300_c091,-0.006240258895784808,-0.006021137463532254,0.00021912143225255414,True,734,119,14
mur_brier_gain,kelp_species_contrast,s300_c092,-0.006240258895784808,-0.006162532924984377,7.772597080043034e-05,True,731,119,14
mur_brier_gain,kelp_species_contrast,s300_c093,-0.006240258895784808,-0.006217603594617023,2.2655301167785052e-05,True,734,119,14
mur_brier_gain,kelp_species_contrast,s300_c094,-0.006240258895784808,-0.006017033755315449,0.00022322514046935887,True,733,119,14
mur_brier_gain,kelp_species_contrast,s300_c096,-0.006240258895784808,-0.006580138347187871,0.0003398794514030629,True,731,119,14
mur_brier_gain,kelp_species_contrast,s300_c097,-0.006240258895784808,-0.0065274058394604335,0.00028714694367562577,True,734,119,14
mur_brier_gain,kelp_species_contrast,s300_c098,-0.006240258895784808,-0.006353564850807923,0.00011330595502311545,True,733,119,14
mur_brier_gain,kelp_species_contrast,s300_c099,-0.006240258895784808,-0.006329857408246037,8.959851246122946e-05,True,732,119,14
mur_brier_gain,kelp_species_contrast,s300_c101,-0.006240258895784808,-0.006278286729349727,3.802783356491972e-05,True,734,119,14
mur_brier_gain,kelp_species_contrast,s300_c102,-0.006240258895784808,-0.005838983395945423,0.0004012754998393847,True,734,119,14
mur_brier_gain,kelp_species_contrast,s300_c103,-0.006240258895784808,-0.005403748097049465,0.000836510798735343,True,730,119,14
mur_brier_gain,kelp_species_contrast,s300_c104,-0.006240258895784808,-0.0058611846224839205,0.0003790742733008872,True,729,119,14
mur_brier_gain,kelp_species_contrast,s300_c105,-0.006240258895784808,-0.004000617813992279,0.002239641081792529,True,731,119,14
mur_brier_gain,kelp_species_contrast,s300_c106,-0.006240258895784808,-0.006510227757912867,0.0002699688621280597,True,725,119,14
mur_brier_gain,kelp_species_contrast,s300_c107,-0.006240258895784808,-0.006022078436611819,0.0002181804591729888,True,728,119,14
mur_brier_gain,kelp_species_contrast,s300_c109,-0.006240258895784808,-0.0061161420444794355,0.00012411685130537219,True,727,119,14
mur_brier_gain,kelp_species_contrast,s300_c110,-0.006240258895784808,-0.006267078072994484,2.6819177209676595e-05,True,729,119,14
mur_brier_gain,kelp_species_contrast,s300_c111,-0.006240258895784808,-0.004653575009284582,0.0015866838865002258,True,726,119,14
mur_brier_gain,kelp_species_contrast,s300_c112,-0.006240258895784808,-0.0064660436922189275,0.00022578479643411975,True,733,119,14
mur_brier_gain,kelp_species_contrast,s300_c113,-0.006240258895784808,-0.006002597221230354,0.00023766167455445408,True,728,119,14
mur_brier_gain,kelp_species_contrast,s300_c114,-0.006240258895784808,-0.006595280492595433,0.00035502159681062573,True,730,119,14
mur_brier_gain,kelp_species_contrast,s300_c115,-0.006240258895784808,-0.00675276954798952,0.000512510652204712,True,732,119,14
mur_brier_gain,kelp_species_contrast,s300_c118,-0.006240258895784808,-0.006479185680967097,0.0002389267851822894,True,733,119,14
mur_brier_gain,kelp_species_contrast,s300_c119,-0.006240258895784808,-0.004365172996374348,0.0018750858994104596,True,731,119,14
mur_brier_gain,kelp_species_contrast,s300_c120,-0.006240258895784808,-0.0069053929215077,0.0006651340257228921,True,725,119,14
mur_brier_gain,kelp_species_contrast,s300_c123,-0.006240258895784808,-0.00571174989299499,0.0005285090027898178,True,722,119,14
mur_brier_gain,kelp_species_contrast,s300_c124,-0.006240258895784808,-0.006530858174352861,0.00029059927856805307,True,731,119,14
mur_brier_gain,kelp_species_contrast,s300_c125,-0.006240258895784808,-0.006138974625037771,0.00010128427074703687,True,730,119,14
mur_brier_gain,kelp_species_contrast,s300_c126,-0.006240258895784808,-0.0066349507482228185,0.00039469185243801077,True,731,119,14
mur_brier_gain,kelp_species_contrast,s300_c127,-0.006240258895784808,-0.005498327810553757,0.0007419310852310509,True,721,119,14
mur_brier_gain,kelp_species_contrast,s300_c128,-0.006240258895784808,-0.006643556096826148,0.0004032972010413402,True,725,119,14
mur_brier_gain,kelp_species_contrast,s300_c129,-0.006240258895784808,-0.006348292206883545,0.00010803331109873748,True,725,119,14
mur_brier_gain,kelp_species_contrast,s300_c130,-0.006240258895784808,-0.008127394961883548,0.0018871360660987404,True,712,119,14
mur_brier_gain,kelp_species_contrast,s300_c131,-0.006240258895784808,-0.005859645738452239,0.000380613157332569,True,734,119,14
mur_brier_gain,kelp_species_contrast,s300_c132,-0.006240258895784808,-0.006171431747043254,6.88271487415534e-05,True,728,119,14
mur_brier_gain,kelp_species_contrast,s300_c134,-0.006240258895784808,-0.005923950358856699,0.00031630853692810913,True,729,119,14
mur_brier_gain,kelp_species_contrast,s300_c135,-0.006240258895784808,-0.006766930955251911,0.0005266720594671037,True,730,119,14
mur_brier_gain,kelp_species_contrast,s300_c137,-0.006240258895784808,-0.006469557528629629,0.000229298632844821,True,728,119,14
mur_brier_gain,kelp_species_contrast,s300_c138,-0.006240258895784808,-0.005170643325162699,0.001069615570622109,True,726,119,14
mur_brier_gain,kelp_species_contrast,s300_c139,-0.006240258895784808,-0.005469414595128152,0.0007708443006566555,True,714,119,14
mur_brier_gain,kelp_species_contrast,s300_c140,-0.006240258895784808,-0.006458540921618545,0.00021828202583373726,True,733,119,14
mur_brier_gain,kelp_species_contrast,s300_c141,-0.006240258895784808,-0.006515743641560327,0.0002754847457755189,True,733,119,14
