site_id,site_latitude,site_longitude,mur_latitude,mur_longitude,mur_match_distance_km,mapping_radius_degrees,year,mur_expected_days,mur_valid_days,mur_daily_coverage,annual_mean_sst_mur1km,annual_max_sst_mur1km,annual_max_7day_mean_anomaly_mur1km,annual_positive_anomaly_degree_days_mur1km,annual_days_above_expanding_p90_mur1km,annual_max_consecutive_hot_days_mur1km,climatology_rule
3_PALMS_EAST VRG,33.7181,-118.3326,33.72,-118.33,0.3200959101706178,0.05,2002,214,213,0.9953271028037384,17.463187793427227,20.481,,,,,strictly prior MUR days at the same source pixel
3_PALMS_EAST VRG,33.7181,-118.3326,33.72,-118.33,0.3200959101706178,0.05,2003,365,365,1.0,16.870035616438358,22.061,,,,,strictly prior MUR days at the same source pixel
3_PALMS_EAST VRG,33.7181,-118.3326,33.72,-118.33,0.3200959101706178,0.05,2004,366,366,1.0,17.238849726775957,22.787,4.119357142857143,318.3235000000001,59.0,45.0,strictly prior MUR days at the same source pixel
3_PALMS_EAST VRG,33.7181,-118.3326,33.72,-118.33,0.3200959101706178,0.05,2005,365,365,1.0,16.744920547945206,21.196,1.6703571428571429,108.29166666666666,16.0,5.0,strictly prior MUR days at the same source pixel
3_PALMS_EAST VRG,33.7181,-118.3326,33.72,-118.33,0.3200959101706178,0.05,2006,365,365,1.0,17.349654794520546,23.453,3.211035714285715,306.30425,72.0,68.0,strictly prior MUR days at the same source pixel
3_PALMS_EAST VRG,33.7181,-118.3326,33.72,-118.33,0.3200959101706178,0.05,2007,365,365,1.0,16.82136164383562,22.125,1.6952000000000003,104.12599999999999,60.0,37.0,strictly prior MUR days at the same source pixel
3_PALMS_EAST VRG,33.7181,-118.3326,33.72,-118.33,0.3200959101706178,0.05,2008,366,366,1.0,17.14949726775956,22.117,2.991571428571428,194.6628,61.0,19.0,strictly prior MUR days at the same source pixel
3_PALMS_EAST VRG,33.7181,-118.3326,33.72,-118.33,0.3200959101706178,0.05,2009,365,365,1.0,17.284657534246573,22.449,2.3703877551020414,198.29595238095246,54.0,31.0,strictly prior MUR days at the same source pixel
3_PALMS_EAST VRG,33.7181,-118.3326,33.72,-118.33,0.3200959101706178,0.05,2010,365,365,1.0,16.459928767123287,19.876,1.189448979591837,84.6113392857143,0.0,0.0,strictly prior MUR days at the same source pixel
3_PALMS_EAST VRG,33.7181,-118.3326,33.72,-118.33,0.3200959101706178,0.05,2011,365,365,1.0,16.56973424657534,20.622,1.8283571428571428,65.90748611111108,1.0,1.0,strictly prior MUR days at the same source pixel
3_PALMS_EAST VRG,33.7181,-118.3326,33.72,-118.33,0.3200959101706178,0.05,2012,366,366,1.0,17.261945355191255,22.317,2.4214714285714285,248.18236666666672,61.0,42.0,strictly prior MUR days at the same source pixel
3_PALMS_EAST VRG,33.7181,-118.3326,33.72,-118.33,0.3200959101706178,0.05,2013,365,365,1.0,17.16991506849315,21.085,2.4720259740259745,187.79346363636367,26.0,9.0,strictly prior MUR days at the same source pixel
3_PALMS_EAST VRG,33.7181,-118.3326,33.72,-118.33,0.3200959101706178,0.05,2014,365,365,1.0,18.501060273972602,22.819,3.0723452380952385,576.5531893939394,119.0,78.0,strictly prior MUR days at the same source pixel
3_PALMS_EAST VRG,33.7181,-118.3326,33.72,-118.33,0.3200959101706178,0.05,2015,365,365,1.0,18.857972602739725,23.555,4.036296703296703,659.3620064102564,115.0,112.0,strictly prior MUR days at the same source pixel
3_PALMS_EAST VRG,33.7181,-118.3326,33.72,-118.33,0.3200959101706178,0.05,2016,366,366,1.0,17.990710382513658,23.203,2.3117216117216097,313.2143424908425,74.0,57.0,strictly prior MUR days at the same source pixel
3_PALMS_EAST VRG,33.7181,-118.3326,33.72,-118.33,0.3200959101706178,0.05,2017,365,365,1.0,17.764320547945204,22.805,1.9234857142857134,223.80909999999997,57.0,39.0,strictly prior MUR days at the same source pixel
3_PALMS_EAST VRG,33.7181,-118.3326,33.72,-118.33,0.3200959101706178,0.05,2018,365,365,1.0,18.059087671232877,23.708,2.8260714285714283,321.6479208333333,76.0,75.0,strictly prior MUR days at the same source pixel
3_PALMS_EAST VRG,33.7181,-118.3326,33.72,-118.33,0.3200959101706178,0.05,2019,365,365,1.0,17.546257534246575,22.534,1.8171932773109236,161.6343088235294,49.0,24.0,strictly prior MUR days at the same source pixel
3_PALMS_EAST VRG,33.7181,-118.3326,33.72,-118.33,0.3200959101706178,0.05,2020,366,366,1.0,17.64627049180328,23.608,2.8056218487394946,241.1445833333333,30.0,13.0,strictly prior MUR days at the same source pixel
3_PALMS_EAST VRG,33.7181,-118.3326,33.72,-118.33,0.3200959101706178,0.05,2021,365,363,0.9945205479452055,16.95708815426997,21.471,1.3582777777777786,55.56409649122806,7.0,4.0,strictly prior MUR days at the same source pixel
ABALONE_COVE_KELP_W VRG,33.73922,-118.3879,33.74,-118.39,0.212669297316848,0.05,2002,214,213,0.9953271028037384,17.490032863849766,20.495,,,,,strictly prior MUR days at the same source pixel
ABALONE_COVE_KELP_W VRG,33.73922,-118.3879,33.74,-118.39,0.212669297316848,0.05,2003,365,365,1.0,16.90960273972603,22.107,,,,,strictly prior MUR days at the same source pixel
ABALONE_COVE_KELP_W VRG,33.73922,-118.3879,33.74,-118.39,0.212669297316848,0.05,2004,366,366,1.0,17.26957650273224,22.968,4.138,311.606,62.0,46.0,strictly prior MUR days at the same source pixel
ABALONE_COVE_KELP_W VRG,33.73922,-118.3879,33.74,-118.39,0.212669297316848,0.05,2005,365,365,1.0,16.804553424657534,21.213,1.507857142857143,108.90150000000003,20.0,7.0,strictly prior MUR days at the same source pixel
ABALONE_COVE_KELP_W VRG,33.73922,-118.3879,33.74,-118.39,0.212669297316848,0.05,2006,365,365,1.0,17.347120547945206,23.254,3.000214285714286,293.9590833333333,70.0,67.0,strictly prior MUR days at the same source pixel
ABALONE_COVE_KELP_W VRG,33.73922,-118.3879,33.74,-118.39,0.212669297316848,0.05,2007,365,365,1.0,16.83653698630137,22.047,1.6715714285714276,102.85555000000002,60.0,37.0,strictly prior MUR days at the same source pixel
ABALONE_COVE_KELP_W VRG,33.73922,-118.3879,33.74,-118.39,0.212669297316848,0.05,2008,366,366,1.0,17.161368852459017,22.182,2.8184285714285706,190.89170000000001,59.0,19.0,strictly prior MUR days at the same source pixel
ABALONE_COVE_KELP_W VRG,33.73922,-118.3879,33.74,-118.39,0.212669297316848,0.05,2009,365,365,1.0,17.27851506849315,22.37,2.2478163265306117,190.09197619047626,54.0,30.0,strictly prior MUR days at the same source pixel
ABALONE_COVE_KELP_W VRG,33.73922,-118.3879,33.74,-118.39,0.212669297316848,0.05,2010,365,365,1.0,16.447520547945206,19.783,1.2064081632653063,81.81933928571428,0.0,0.0,strictly prior MUR days at the same source pixel
ABALONE_COVE_KELP_W VRG,33.73922,-118.3879,33.74,-118.39,0.212669297316848,0.05,2011,365,365,1.0,16.561961643835616,20.631,1.6903571428571424,62.66430555555556,2.0,2.0,strictly prior MUR days at the same source pixel
ABALONE_COVE_KELP_W VRG,33.73922,-118.3879,33.74,-118.39,0.212669297316848,0.05,2012,366,366,1.0,17.265218579234975,22.164,2.3408571428571436,246.9651333333333,64.0,43.0,strictly prior MUR days at the same source pixel
ABALONE_COVE_KELP_W VRG,33.73922,-118.3879,33.74,-118.39,0.212669297316848,0.05,2013,365,365,1.0,17.188824657534248,21.107,2.3971428571428572,189.2008,26.0,10.0,strictly prior MUR days at the same source pixel
ABALONE_COVE_KELP_W VRG,33.73922,-118.3879,33.74,-118.39,0.212669297316848,0.05,2014,365,365,1.0,18.535512328767126,22.858,3.172166666666667,583.9096818181818,125.0,79.0,strictly prior MUR days at the same source pixel
ABALONE_COVE_KELP_W VRG,33.73922,-118.3879,33.74,-118.39,0.212669297316848,0.05,2015,365,365,1.0,18.907586301369864,23.869,4.1070659340659335,673.4457948717949,116.0,112.0,strictly prior MUR days at the same source pixel
ABALONE_COVE_KELP_W VRG,33.73922,-118.3879,33.74,-118.39,0.212669297316848,0.05,2016,366,366,1.0,18.046112021857926,23.182,2.3374542124542126,324.52087728937727,74.0,57.0,strictly prior MUR days at the same source pixel
ABALONE_COVE_KELP_W VRG,33.73922,-118.3879,33.74,-118.39,0.212669297316848,0.05,2017,365,365,1.0,17.811424657534246,22.731,2.065019047619048,232.1461571428571,60.0,39.0,strictly prior MUR days at the same source pixel
ABALONE_COVE_KELP_W VRG,33.73922,-118.3879,33.74,-118.39,0.212669297316848,0.05,2018,365,365,1.0,18.10093698630137,23.802,2.9379999999999997,326.00941666666665,76.0,74.0,strictly prior MUR days at the same source pixel
ABALONE_COVE_KELP_W VRG,33.73922,-118.3879,33.74,-118.39,0.212669297316848,0.05,2019,365,365,1.0,17.61585205479452,22.581,1.8030252100840336,171.98234558823526,52.0,27.0,strictly prior MUR days at the same source pixel
ABALONE_COVE_KELP_W VRG,33.73922,-118.3879,33.74,-118.39,0.212669297316848,0.05,2020,366,366,1.0,17.694226775956285,23.371,2.8334789915966394,243.3207434640523,32.0,13.0,strictly prior MUR days at the same source pixel
ABALONE_COVE_KELP_W VRG,33.73922,-118.3879,33.74,-118.39,0.212669297316848,0.05,2021,365,363,0.9945205479452055,17.005683195592287,21.409,1.4473650793650783,60.18065789473681,8.0,7.0,strictly prior MUR days at the same source pixel
ANACAPA_MIDDLE_ISLE_CEN UCSB,34.01006,-119.3878,34.01,-119.39,0.2028925510456256,0.05,2002,214,214,1.0,16.69694859813084,18.776,,,,,strictly prior MUR days at the same source pixel
ANACAPA_MIDDLE_ISLE_CEN UCSB,34.01006,-119.3878,34.01,-119.39,0.2028925510456256,0.05,2003,365,365,1.0,16.033728767123286,21.197,,,,,strictly prior MUR days at the same source pixel
ANACAPA_MIDDLE_ISLE_CEN UCSB,34.01006,-119.3878,34.01,-119.39,0.2028925510456256,0.05,2004,366,366,1.0,16.389521857923498,22.114,4.601928571428572,322.14250000000004,68.0,45.0,strictly prior MUR days at the same source pixel
ANACAPA_MIDDLE_ISLE_CEN UCSB,34.01006,-119.3878,34.01,-119.39,0.2028925510456256,0.05,2005,365,364,0.9972602739726028,16.077373626373625,19.774,1.7334285714285715,133.09233333333333,41.0,22.0,strictly prior MUR days at the same source pixel
ANACAPA_MIDDLE_ISLE_CEN UCSB,34.01006,-119.3878,34.01,-119.39,0.2028925510456256,0.05,2006,365,364,0.9972602739726028,16.63368956043956,22.742,3.3743214285714282,328.9484166666666,85.0,50.0,strictly prior MUR days at the same source pixel
ANACAPA_MIDDLE_ISLE_CEN UCSB,34.01006,-119.3878,34.01,-119.39,0.2028925510456256,0.05,2007,365,364,0.9972602739726028,16.005326923076925,20.946,1.8924285714285713,116.0352,57.0,45.0,strictly prior MUR days at the same source pixel
ANACAPA_MIDDLE_ISLE_CEN UCSB,34.01006,-119.3878,34.01,-119.39,0.2028925510456256,0.05,2008,366,366,1.0,16.231715846994536,20.97,2.22547619047619,170.90206666666666,79.0,66.0,strictly prior MUR days at the same source pixel
ANACAPA_MIDDLE_ISLE_CEN UCSB,34.01006,-119.3878,34.01,-119.39,0.2028925510456256,0.05,2009,365,365,1.0,16.381901369863012,20.75,1.886551020408162,171.09054761904767,45.0,31.0,strictly prior MUR days at the same source pixel
ANACAPA_MIDDLE_ISLE_CEN UCSB,34.01006,-119.3878,34.01,-119.39,0.2028925510456256,0.05,2010,365,365,1.0,15.58307397260274,18.962,1.6273469387755095,95.13862499999999,0.0,0.0,strictly prior MUR days at the same source pixel
ANACAPA_MIDDLE_ISLE_CEN UCSB,34.01006,-119.3878,34.01,-119.39,0.2028925510456256,0.05,2011,365,365,1.0,15.65757808219178,19.464,2.052767857142857,57.07309722222223,3.0,2.0,strictly prior MUR days at the same source pixel
ANACAPA_MIDDLE_ISLE_CEN UCSB,34.01006,-119.3878,34.01,-119.39,0.2028925510456256,0.05,2012,366,366,1.0,16.60672950819672,21.163,2.517814285714285,295.0633000000001,75.0,75.0,strictly prior MUR days at the same source pixel
ANACAPA_MIDDLE_ISLE_CEN UCSB,34.01006,-119.3878,34.01,-119.39,0.2028925510456256,0.05,2013,365,365,1.0,16.488868493150683,20.328,3.032493506493507,229.25513409090908,16.0,15.0,strictly prior MUR days at the same source pixel
ANACAPA_MIDDLE_ISLE_CEN UCSB,34.01006,-119.3878,34.01,-119.39,0.2028925510456256,0.05,2014,365,365,1.0,17.991279452054794,22.191,3.8754642857142847,677.8430505050505,132.0,91.0,strictly prior MUR days at the same source pixel
ANACAPA_MIDDLE_ISLE_CEN UCSB,34.01006,-119.3878,34.01,-119.39,0.2028925510456256,0.05,2015,365,365,1.0,18.351526027397263,23.023,4.58354945054945,751.7974858974359,123.0,119.0,strictly prior MUR days at the same source pixel
ANACAPA_MIDDLE_ISLE_CEN UCSB,34.01006,-119.3878,34.01,-119.39,0.2028925510456256,0.05,2016,366,366,1.0,17.296275956284152,21.956,2.4484183673469375,344.5846721611721,83.0,43.0,strictly prior MUR days at the same source pixel
ANACAPA_MIDDLE_ISLE_CEN UCSB,34.01006,-119.3878,34.01,-119.39,0.2028925510456256,0.05,2017,365,365,1.0,17.076843835616437,21.344,1.8953333333333322,244.30371666666665,79.0,37.0,strictly prior MUR days at the same source pixel
ANACAPA_MIDDLE_ISLE_CEN UCSB,34.01006,-119.3878,34.01,-119.39,0.2028925510456256,0.05,2018,365,365,1.0,17.449049315068493,22.944,3.492339285714286,370.2115913461538,85.0,84.0,strictly prior MUR days at the same source pixel
ANACAPA_MIDDLE_ISLE_CEN UCSB,34.01006,-119.3878,34.01,-119.39,0.2028925510456256,0.05,2019,365,365,1.0,16.831846575342464,22.07,1.6664117647058825,165.08082037815126,46.0,37.0,strictly prior MUR days at the same source pixel
ANACAPA_MIDDLE_ISLE_CEN UCSB,34.01006,-119.3878,34.01,-119.39,0.2028925510456256,0.05,2020,366,366,1.0,17.2369043715847,21.925,2.6898991596638657,290.9999068627451,62.0,33.0,strictly prior MUR days at the same source pixel
ANACAPA_MIDDLE_ISLE_CEN UCSB,34.01006,-119.3878,34.01,-119.39,0.2028925510456256,0.05,2021,365,363,0.9945205479452055,16.35930027548209,20.966,1.327047619047619,87.92168421052634,26.0,8.0,strictly prior MUR days at the same source pixel
ANACAPA_MIDDLE_ISLE_W UCSB,34.00783,-119.3945,34.01,-119.39,0.4798666192652778,0.05,2002,214,214,1.0,16.69694859813084,18.776,,,,,strictly prior MUR days at the same source pixel
ANACAPA_MIDDLE_ISLE_W UCSB,34.00783,-119.3945,34.01,-119.39,0.4798666192652778,0.05,2003,365,365,1.0,16.033728767123286,21.197,,,,,strictly prior MUR days at the same source pixel
ANACAPA_MIDDLE_ISLE_W UCSB,34.00783,-119.3945,34.01,-119.39,0.4798666192652778,0.05,2004,366,366,1.0,16.389521857923498,22.114,4.601928571428572,322.14250000000004,68.0,45.0,strictly prior MUR days at the same source pixel
ANACAPA_MIDDLE_ISLE_W UCSB,34.00783,-119.3945,34.01,-119.39,0.4798666192652778,0.05,2005,365,364,0.9972602739726028,16.077373626373625,19.774,1.7334285714285715,133.09233333333333,41.0,22.0,strictly prior MUR days at the same source pixel
ANACAPA_MIDDLE_ISLE_W UCSB,34.00783,-119.3945,34.01,-119.39,0.4798666192652778,0.05,2006,365,364,0.9972602739726028,16.63368956043956,22.742,3.3743214285714282,328.9484166666666,85.0,50.0,strictly prior MUR days at the same source pixel
ANACAPA_MIDDLE_ISLE_W UCSB,34.00783,-119.3945,34.01,-119.39,0.4798666192652778,0.05,2007,365,364,0.9972602739726028,16.005326923076925,20.946,1.8924285714285713,116.0352,57.0,45.0,strictly prior MUR days at the same source pixel
ANACAPA_MIDDLE_ISLE_W UCSB,34.00783,-119.3945,34.01,-119.39,0.4798666192652778,0.05,2008,366,366,1.0,16.231715846994536,20.97,2.22547619047619,170.90206666666666,79.0,66.0,strictly prior MUR days at the same source pixel
ANACAPA_MIDDLE_ISLE_W UCSB,34.00783,-119.3945,34.01,-119.39,0.4798666192652778,0.05,2009,365,365,1.0,16.381901369863012,20.75,1.886551020408162,171.09054761904767,45.0,31.0,strictly prior MUR days at the same source pixel
ANACAPA_MIDDLE_ISLE_W UCSB,34.00783,-119.3945,34.01,-119.39,0.4798666192652778,0.05,2010,365,365,1.0,15.58307397260274,18.962,1.6273469387755095,95.13862499999999,0.0,0.0,strictly prior MUR days at the same source pixel
ANACAPA_MIDDLE_ISLE_W UCSB,34.00783,-119.3945,34.01,-119.39,0.4798666192652778,0.05,2011,365,365,1.0,15.65757808219178,19.464,2.052767857142857,57.07309722222223,3.0,2.0,strictly prior MUR days at the same source pixel
ANACAPA_MIDDLE_ISLE_W UCSB,34.00783,-119.3945,34.01,-119.39,0.4798666192652778,0.05,2012,366,366,1.0,16.60672950819672,21.163,2.517814285714285,295.0633000000001,75.0,75.0,strictly prior MUR days at the same source pixel
ANACAPA_MIDDLE_ISLE_W UCSB,34.00783,-119.3945,34.01,-119.39,0.4798666192652778,0.05,2013,365,365,1.0,16.488868493150683,20.328,3.032493506493507,229.25513409090908,16.0,15.0,strictly prior MUR days at the same source pixel
ANACAPA_MIDDLE_ISLE_W UCSB,34.00783,-119.3945,34.01,-119.39,0.4798666192652778,0.05,2014,365,365,1.0,17.991279452054794,22.191,3.8754642857142847,677.8430505050505,132.0,91.0,strictly prior MUR days at the same source pixel
ANACAPA_MIDDLE_ISLE_W UCSB,34.00783,-119.3945,34.01,-119.39,0.4798666192652778,0.05,2015,365,365,1.0,18.351526027397263,23.023,4.58354945054945,751.7974858974359,123.0,119.0,strictly prior MUR days at the same source pixel
ANACAPA_MIDDLE_ISLE_W UCSB,34.00783,-119.3945,34.01,-119.39,0.4798666192652778,0.05,2016,366,366,1.0,17.296275956284152,21.956,2.4484183673469375,344.5846721611721,83.0,43.0,strictly prior MUR days at the same source pixel
ANACAPA_MIDDLE_ISLE_W UCSB,34.00783,-119.3945,34.01,-119.39,0.4798666192652778,0.05,2017,365,365,1.0,17.076843835616437,21.344,1.8953333333333322,244.30371666666665,79.0,37.0,strictly prior MUR days at the same source pixel
ANACAPA_MIDDLE_ISLE_W UCSB,34.00783,-119.3945,34.01,-119.39,0.4798666192652778,0.05,2018,365,365,1.0,17.449049315068493,22.944,3.492339285714286,370.2115913461538,85.0,84.0,strictly prior MUR days at the same source pixel
ANACAPA_MIDDLE_ISLE_W UCSB,34.00783,-119.3945,34.01,-119.39,0.4798666192652778,0.05,2019,365,365,1.0,16.831846575342464,22.07,1.6664117647058825,165.08082037815126,46.0,37.0,strictly prior MUR days at the same source pixel
ANACAPA_MIDDLE_ISLE_W UCSB,34.00783,-119.3945,34.01,-119.39,0.4798666192652778,0.05,2020,366,366,1.0,17.2369043715847,21.925,2.6898991596638657,290.9999068627451,62.0,33.0,strictly prior MUR days at the same source pixel
ANACAPA_MIDDLE_ISLE_W UCSB,34.00783,-119.3945,34.01,-119.39,0.4798666192652778,0.05,2021,365,363,0.9945205479452055,16.35930027548209,20.966,1.327047619047619,87.92168421052634,26.0,8.0,strictly prior MUR days at the same source pixel
ANACAPA_WEST_ISLE_CEN UCSB,34.01698,-119.4329,34.02,-119.43,0.4291914617202102,0.05,2002,214,214,1.0,16.663093457943926,18.798,,,,,strictly prior MUR days at the same source pixel
ANACAPA_WEST_ISLE_CEN UCSB,34.01698,-119.4329,34.02,-119.43,0.4291914617202102,0.05,2003,365,365,1.0,15.989271232876712,21.127,,,,,strictly prior MUR days at the same source pixel
ANACAPA_WEST_ISLE_CEN UCSB,34.01698,-119.4329,34.02,-119.43,0.4291914617202102,0.05,2004,366,366,1.0,16.357710382513662,21.937,4.653785714285713,325.841,72.0,55.0,strictly prior MUR days at the same source pixel
ANACAPA_WEST_ISLE_CEN UCSB,34.01698,-119.4329,34.02,-119.43,0.4291914617202102,0.05,2005,365,364,0.9972602739726028,16.03927197802198,19.888,1.8032857142857133,133.11016666666666,38.0,22.0,strictly prior MUR days at the same source pixel
ANACAPA_WEST_ISLE_CEN UCSB,34.01698,-119.4329,34.02,-119.43,0.4291914617202102,0.05,2006,365,365,1.0,16.577720547945205,22.665,3.279392857142857,326.2835,85.0,52.0,strictly prior MUR days at the same source pixel
ANACAPA_WEST_ISLE_CEN UCSB,34.01698,-119.4329,34.02,-119.43,0.4291914617202102,0.05,2007,365,365,1.0,15.939827397260276,20.82,1.8783142857142856,115.54544999999997,56.0,28.0,strictly prior MUR days at the same source pixel
ANACAPA_WEST_ISLE_CEN UCSB,34.01698,-119.4329,34.02,-119.43,0.4291914617202102,0.05,2008,366,366,1.0,16.184202185792348,20.841,2.2572142857142867,169.74880000000002,83.0,66.0,strictly prior MUR days at the same source pixel
ANACAPA_WEST_ISLE_CEN UCSB,34.01698,-119.4329,34.02,-119.43,0.4291914617202102,0.05,2009,365,365,1.0,16.32379726027397,20.565,1.7688571428571422,165.56566666666666,42.0,18.0,strictly prior MUR days at the same source pixel
ANACAPA_WEST_ISLE_CEN UCSB,34.01698,-119.4329,34.02,-119.43,0.4291914617202102,0.05,2010,365,365,1.0,15.510915068493151,18.947,1.698734693877551,92.17775000000003,0.0,0.0,strictly prior MUR days at the same source pixel
ANACAPA_WEST_ISLE_CEN UCSB,34.01698,-119.4329,34.02,-119.43,0.4291914617202102,0.05,2011,365,365,1.0,15.609616438356163,19.339,2.021017857142857,56.110708333333335,4.0,2.0,strictly prior MUR days at the same source pixel
ANACAPA_WEST_ISLE_CEN UCSB,34.01698,-119.4329,34.02,-119.43,0.4291914617202102,0.05,2012,366,366,1.0,16.567024590163935,21.331,2.5771571428571427,297.0278666666667,78.0,78.0,strictly prior MUR days at the same source pixel
ANACAPA_WEST_ISLE_CEN UCSB,34.01698,-119.4329,34.02,-119.43,0.4291914617202102,0.05,2013,365,365,1.0,16.434821917808218,20.257,2.9044155844155832,229.12746363636364,18.0,17.0,strictly prior MUR days at the same source pixel
ANACAPA_WEST_ISLE_CEN UCSB,34.01698,-119.4329,34.02,-119.43,0.4291914617202102,0.05,2014,365,365,1.0,17.927468493150684,22.11,3.8292023809523825,672.8802803030304,131.0,84.0,strictly prior MUR days at the same source pixel
ANACAPA_WEST_ISLE_CEN UCSB,34.01698,-119.4329,34.02,-119.43,0.4291914617202102,0.05,2015,365,365,1.0,18.305849315068492,23.176,4.7275934065934075,753.112455128205,120.0,106.0,strictly prior MUR days at the same source pixel
ANACAPA_WEST_ISLE_CEN UCSB,34.01698,-119.4329,34.02,-119.43,0.4291914617202102,0.05,2016,366,366,1.0,17.247825136612022,21.797,2.4120000000000013,343.49086080586085,84.0,44.0,strictly prior MUR days at the same source pixel
ANACAPA_WEST_ISLE_CEN UCSB,34.01698,-119.4329,34.02,-119.43,0.4291914617202102,0.05,2017,365,365,1.0,17.015052054794523,21.293,1.7725047619047625,241.30646190476193,82.0,43.0,strictly prior MUR days at the same source pixel
ANACAPA_WEST_ISLE_CEN UCSB,34.01698,-119.4329,34.02,-119.43,0.4291914617202102,0.05,2018,365,365,1.0,17.38668493150685,23.169,3.3880892857142864,366.5588583333333,85.0,84.0,strictly prior MUR days at the same source pixel
ANACAPA_WEST_ISLE_CEN UCSB,34.01698,-119.4329,34.02,-119.43,0.4291914617202102,0.05,2019,365,365,1.0,16.78545479452055,21.959,1.6837310924369753,166.63659926470592,43.0,35.0,strictly prior MUR days at the same source pixel
ANACAPA_WEST_ISLE_CEN UCSB,34.01698,-119.4329,34.02,-119.43,0.4291914617202102,0.05,2020,366,366,1.0,17.182978142076504,21.834,2.599344537815125,290.1993676470588,57.0,25.0,strictly prior MUR days at the same source pixel
ANACAPA_WEST_ISLE_CEN UCSB,34.01698,-119.4329,34.02,-119.43,0.4291914617202102,0.05,2021,365,363,0.9945205479452055,16.31239393939394,20.821,1.4308095238095238,88.8612397660819,26.0,8.0,strictly prior MUR days at the same source pixel
ANACAPA_WEST_ISLE_W UCSB,34.01742,-119.4381,34.02,-119.44,0.3361048893993886,0.05,2002,214,214,1.0,16.654490654205606,18.829,,,,,strictly prior MUR days at the same source pixel
ANACAPA_WEST_ISLE_W UCSB,34.01742,-119.4381,34.02,-119.44,0.3361048893993886,0.05,2003,365,365,1.0,15.983684931506849,21.109,,,,,strictly prior MUR days at the same source pixel
ANACAPA_WEST_ISLE_W UCSB,34.01742,-119.4381,34.02,-119.44,0.3361048893993886,0.05,2004,366,366,1.0,16.351401639344264,21.947,4.657214285714285,326.885,73.0,55.0,strictly prior MUR days at the same source pixel
ANACAPA_WEST_ISLE_W UCSB,34.01742,-119.4381,34.02,-119.44,0.3361048893993886,0.05,2005,365,364,0.9972602739726028,16.036134615384615,19.931,1.8434285714285716,133.96533333333332,38.0,22.0,strictly prior MUR days at the same source pixel
ANACAPA_WEST_ISLE_W UCSB,34.01742,-119.4381,34.02,-119.44,0.3361048893993886,0.05,2006,365,365,1.0,16.573035616438357,22.649,3.2793214285714294,326.9670833333333,82.0,51.0,strictly prior MUR days at the same source pixel
ANACAPA_WEST_ISLE_W UCSB,34.01742,-119.4381,34.02,-119.44,0.3361048893993886,0.05,2007,365,365,1.0,15.933306849315066,20.805,1.879714285714286,116.41190000000002,55.0,26.0,strictly prior MUR days at the same source pixel
ANACAPA_WEST_ISLE_W UCSB,34.01742,-119.4381,34.02,-119.44,0.3361048893993886,0.05,2008,366,366,1.0,16.178745901639346,20.814,2.2568571428571422,169.8499,82.0,66.0,strictly prior MUR days at the same source pixel
ANACAPA_WEST_ISLE_W UCSB,34.01742,-119.4381,34.02,-119.44,0.3361048893993886,0.05,2009,365,365,1.0,16.31409589041096,20.532,1.7460000000000004,164.3457380952381,45.0,18.0,strictly prior MUR days at the same source pixel
ANACAPA_WEST_ISLE_W UCSB,34.01742,-119.4381,34.02,-119.44,0.3361048893993886,0.05,2010,365,365,1.0,15.49838904109589,18.946,1.7105306122448982,91.3342142857143,0.0,0.0,strictly prior MUR days at the same source pixel
ANACAPA_WEST_ISLE_W UCSB,34.01742,-119.4381,34.02,-119.44,0.3361048893993886,0.05,2011,365,365,1.0,15.60096712328767,19.324,2.014821428571428,56.02733333333333,5.0,3.0,strictly prior MUR days at the same source pixel
ANACAPA_WEST_ISLE_W UCSB,34.01742,-119.4381,34.02,-119.44,0.3361048893993886,0.05,2012,366,366,1.0,16.562207650273223,21.346,2.5807142857142864,297.8129,78.0,78.0,strictly prior MUR days at the same source pixel
ANACAPA_WEST_ISLE_W UCSB,34.01742,-119.4381,34.02,-119.44,0.3361048893993886,0.05,2013,365,365,1.0,16.42605479452055,20.237,2.863402597402598,228.87831818181814,18.0,17.0,strictly prior MUR days at the same source pixel
ANACAPA_WEST_ISLE_W UCSB,34.01742,-119.4381,34.02,-119.44,0.3361048893993886,0.05,2014,365,365,1.0,17.92133698630137,22.165,3.833035714285714,673.2509166666666,128.0,83.0,strictly prior MUR days at the same source pixel
ANACAPA_WEST_ISLE_W UCSB,34.01742,-119.4381,34.02,-119.44,0.3361048893993886,0.05,2015,365,365,1.0,18.302301369863013,23.197,4.757934065934066,754.3005256410257,120.0,106.0,strictly prior MUR days at the same source pixel
ANACAPA_WEST_ISLE_W UCSB,34.01742,-119.4381,34.02,-119.44,0.3361048893993886,0.05,2016,366,366,1.0,17.24067213114754,21.766,2.4083367346938767,343.29922710622714,87.0,47.0,strictly prior MUR days at the same source pixel
ANACAPA_WEST_ISLE_W UCSB,34.01742,-119.4381,34.02,-119.44,0.3361048893993886,0.05,2017,365,365,1.0,17.004019178082192,21.286,1.75295238095238,239.98789999999997,82.0,43.0,strictly prior MUR days at the same source pixel
ANACAPA_WEST_ISLE_W UCSB,34.01742,-119.4381,34.02,-119.44,0.3361048893993886,0.05,2018,365,365,1.0,17.37583561643836,23.185,3.3435803571428573,365.4158791666666,85.0,84.0,strictly prior MUR days at the same source pixel
ANACAPA_WEST_ISLE_W UCSB,34.01742,-119.4381,34.02,-119.44,0.3361048893993886,0.05,2019,365,365,1.0,16.77790410958904,21.935,1.6956470588235295,167.1373235294118,43.0,35.0,strictly prior MUR days at the same source pixel
ANACAPA_WEST_ISLE_W UCSB,34.01742,-119.4381,34.02,-119.44,0.3361048893993886,0.05,2020,366,366,1.0,17.175934426229507,21.823,2.5764873949579834,290.21615359477124,57.0,25.0,strictly prior MUR days at the same source pixel
ANACAPA_WEST_ISLE_W UCSB,34.01742,-119.4381,34.02,-119.44,0.3361048893993886,0.05,2021,365,363,0.9945205479452055,16.30650137741047,20.808,1.449277777777778,89.63714619883044,27.0,8.0,strictly prior MUR days at the same source pixel
ANDREW_MOLERA_OLD_DC UCSC,36.273592,-121.869709,36.27,-121.87,0.4002637672731823,0.05,2002,214,214,1.0,13.17108878504673,14.868,,,,,strictly prior MUR days at the same source pixel
ANDREW_MOLERA_OLD_DC UCSC,36.273592,-121.869709,36.27,-121.87,0.4002637672731823,0.05,2003,365,365,1.0,13.299709589041093,17.544,,,,,strictly prior MUR days at the same source pixel
ANDREW_MOLERA_OLD_DC UCSC,36.273592,-121.869709,36.27,-121.87,0.4002637672731823,0.05,2004,366,366,1.0,13.085975409836065,15.834,2.067214285714286,155.14999999999998,30.0,9.0,strictly prior MUR days at the same source pixel
ANDREW_MOLERA_OLD_DC UCSC,36.273592,-121.869709,36.27,-121.87,0.4002637672731823,0.05,2005,365,364,0.9972602739726028,13.356252747252746,15.704,3.1380000000000003,240.09983333333332,18.0,12.0,strictly prior MUR days at the same source pixel
ANDREW_MOLERA_OLD_DC UCSC,36.273592,-121.869709,36.27,-121.87,0.4002637672731823,0.05,2006,365,365,1.0,13.595402739726028,17.222,2.5172142857142865,268.78575,105.0,57.0,strictly prior MUR days at the same source pixel
ANDREW_MOLERA_OLD_DC UCSC,36.273592,-121.869709,36.27,-121.87,0.4002637672731823,0.05,2007,365,365,1.0,12.738361643835617,16.878999999999998,1.663342857142857,65.04575,20.0,11.0,strictly prior MUR days at the same source pixel
ANDREW_MOLERA_OLD_DC UCSC,36.273592,-121.869709,36.27,-121.87,0.4002637672731823,0.05,2008,366,366,1.0,12.675904371584698,16.889,2.231809523809523,114.35826666666665,49.0,39.0,strictly prior MUR days at the same source pixel
ANDREW_MOLERA_OLD_DC UCSC,36.273592,-121.869709,36.27,-121.87,0.4002637672731823,0.05,2009,365,365,1.0,12.952087671232878,15.559,2.6529999999999996,120.16792857142856,11.0,4.0,strictly prior MUR days at the same source pixel
ANDREW_MOLERA_OLD_DC UCSC,36.273592,-121.869709,36.27,-121.87,0.4002637672731823,0.05,2010,365,365,1.0,13.045391780821918,15.359,1.4234464285714286,133.0739107142857,8.0,4.0,strictly prior MUR days at the same source pixel
ANDREW_MOLERA_OLD_DC UCSC,36.273592,-121.869709,36.27,-121.87,0.4002637672731823,0.05,2011,365,365,1.0,13.108397260273973,16.725,2.413238095238095,119.89681944444445,59.0,25.0,strictly prior MUR days at the same source pixel
ANDREW_MOLERA_OLD_DC UCSC,36.273592,-121.869709,36.27,-121.87,0.4002637672731823,0.05,2012,366,366,1.0,13.073538251366118,16.66,2.042057142857142,162.36505555555553,42.0,22.0,strictly prior MUR days at the same source pixel
ANDREW_MOLERA_OLD_DC UCSC,36.273592,-121.869709,36.27,-121.87,0.4002637672731823,0.05,2013,365,365,1.0,12.898200000000003,15.682,1.9768831168831167,92.6881545454545,9.0,3.0,strictly prior MUR days at the same source pixel
ANDREW_MOLERA_OLD_DC UCSC,36.273592,-121.869709,36.27,-121.87,0.4002637672731823,0.05,2014,365,365,1.0,14.677172602739725,18.591,3.895738095238095,611.7771666666666,173.0,173.0,strictly prior MUR days at the same source pixel
ANDREW_MOLERA_OLD_DC UCSC,36.273592,-121.869709,36.27,-121.87,0.4002637672731823,0.05,2015,365,365,1.0,15.039115068493151,19.05,3.8823846153846158,690.9022179487179,146.0,135.0,strictly prior MUR days at the same source pixel
ANDREW_MOLERA_OLD_DC UCSC,36.273592,-121.869709,36.27,-121.87,0.4002637672731823,0.05,2016,366,366,1.0,13.696997267759562,16.362000000000002,2.4594591836734696,240.1732124542125,18.0,5.0,strictly prior MUR days at the same source pixel
ANDREW_MOLERA_OLD_DC UCSC,36.273592,-121.869709,36.27,-121.87,0.4002637672731823,0.05,2017,365,365,1.0,13.530367123287672,18.649,3.0344571428571427,169.67289523809524,37.0,19.0,strictly prior MUR days at the same source pixel
ANDREW_MOLERA_OLD_DC UCSC,36.273592,-121.869709,36.27,-121.87,0.4002637672731823,0.05,2018,365,365,1.0,13.856638356164384,17.195,3.1137589285714276,272.4156541666666,61.0,18.0,strictly prior MUR days at the same source pixel
ANDREW_MOLERA_OLD_DC UCSC,36.273592,-121.869709,36.27,-121.87,0.4002637672731823,0.05,2019,365,365,1.0,13.957254794520548,16.845,2.327330357142858,268.0401029411765,34.0,14.0,strictly prior MUR days at the same source pixel
ANDREW_MOLERA_OLD_DC UCSC,36.273592,-121.869709,36.27,-121.87,0.4002637672731823,0.05,2020,366,366,1.0,13.68310382513661,17.059,2.2795714285714284,226.53341666666665,48.0,10.0,strictly prior MUR days at the same source pixel
ANDREW_MOLERA_OLD_DC UCSC,36.273592,-121.869709,36.27,-121.87,0.4002637672731823,0.05,2021,365,363,0.9945205479452055,13.28668870523416,17.518,1.8319022556390976,130.21834502923977,50.0,30.0,strictly prior MUR days at the same source pixel
ANDREW_MOLERA_UC UCSC,36.27768,-121.876,36.28,-121.88,0.4417169702407601,0.05,2002,214,214,1.0,13.163658878504673,14.848,,,,,strictly prior MUR days at the same source pixel
ANDREW_MOLERA_UC UCSC,36.27768,-121.876,36.28,-121.88,0.4417169702407601,0.05,2003,365,365,1.0,13.305408219178082,17.533,,,,,strictly prior MUR days at the same source pixel
ANDREW_MOLERA_UC UCSC,36.27768,-121.876,36.28,-121.88,0.4417169702407601,0.05,2004,366,366,1.0,13.088825136612023,15.851,2.0726428571428577,153.6025,27.0,9.0,strictly prior MUR days at the same source pixel
ANDREW_MOLERA_UC UCSC,36.27768,-121.876,36.28,-121.88,0.4417169702407601,0.05,2005,365,364,0.9972602739726028,13.35298901098901,15.707,3.1393571428571425,239.06983333333332,18.0,12.0,strictly prior MUR days at the same source pixel
ANDREW_MOLERA_UC UCSC,36.27768,-121.876,36.28,-121.88,0.4417169702407601,0.05,2006,365,365,1.0,13.591449315068493,17.191,2.506607142857143,267.3595,106.0,57.0,strictly prior MUR days at the same source pixel
ANDREW_MOLERA_UC UCSC,36.27768,-121.876,36.28,-121.88,0.4417169702407601,0.05,2007,365,365,1.0,12.735915068493151,16.89,1.6635142857142857,64.7273,20.0,11.0,strictly prior MUR days at the same source pixel
ANDREW_MOLERA_UC UCSC,36.27768,-121.876,36.28,-121.88,0.4417169702407601,0.05,2008,366,366,1.0,12.668887978142077,16.869999999999997,2.2460000000000004,113.34810000000002,49.0,39.0,strictly prior MUR days at the same source pixel
ANDREW_MOLERA_UC UCSC,36.27768,-121.876,36.28,-121.88,0.4417169702407601,0.05,2009,365,365,1.0,12.946665753424655,15.541,2.6463877551020403,119.2634761904762,10.0,4.0,strictly prior MUR days at the same source pixel
ANDREW_MOLERA_UC UCSC,36.27768,-121.876,36.28,-121.88,0.4417169702407601,0.05,2010,365,365,1.0,13.042679452054795,15.355,1.4587142857142854,133.45660714285714,8.0,4.0,strictly prior MUR days at the same source pixel
ANDREW_MOLERA_UC UCSC,36.27768,-121.876,36.28,-121.88,0.4417169702407601,0.05,2011,365,365,1.0,13.096791780821919,16.659,2.37268253968254,118.01708333333332,58.0,25.0,strictly prior MUR days at the same source pixel
ANDREW_MOLERA_UC UCSC,36.27768,-121.876,36.28,-121.88,0.4417169702407601,0.05,2012,366,366,1.0,13.070336065573771,16.648,2.0519999999999996,162.0345,43.0,22.0,strictly prior MUR days at the same source pixel
ANDREW_MOLERA_UC UCSC,36.27768,-121.876,36.28,-121.88,0.4417169702407601,0.05,2013,365,365,1.0,12.891005479452053,15.679,1.9764935064935065,92.06516363636366,8.0,2.0,strictly prior MUR days at the same source pixel
ANDREW_MOLERA_UC UCSC,36.27768,-121.876,36.28,-121.88,0.4417169702407601,0.05,2014,365,365,1.0,14.67332602739726,18.572,3.8837619047619043,611.2619242424242,173.0,173.0,strictly prior MUR days at the same source pixel
ANDREW_MOLERA_UC UCSC,36.27768,-121.876,36.28,-121.88,0.4417169702407601,0.05,2015,365,365,1.0,15.029175342465752,19.024,3.8579780219780218,688.6402948717948,145.0,135.0,strictly prior MUR days at the same source pixel
ANDREW_MOLERA_UC UCSC,36.27768,-121.876,36.28,-121.88,0.4417169702407601,0.05,2016,366,366,1.0,13.698494535519126,16.334,2.4556530612244893,241.15859157509158,20.0,5.0,strictly prior MUR days at the same source pixel
ANDREW_MOLERA_UC UCSC,36.27768,-121.876,36.28,-121.88,0.4417169702407601,0.05,2017,365,365,1.0,13.526791780821917,18.618,3.0195809523809527,169.44285714285715,38.0,19.0,strictly prior MUR days at the same source pixel
ANDREW_MOLERA_UC UCSC,36.27768,-121.876,36.28,-121.88,0.4417169702407601,0.05,2018,365,365,1.0,13.85441369863014,17.201,3.1127678571428565,272.2216666666667,60.0,18.0,strictly prior MUR days at the same source pixel
ANDREW_MOLERA_UC UCSC,36.27768,-121.876,36.28,-121.88,0.4417169702407601,0.05,2019,365,365,1.0,13.95836712328767,16.866999999999997,2.309098214285714,268.3699485294118,34.0,14.0,strictly prior MUR days at the same source pixel
ANDREW_MOLERA_UC UCSC,36.27768,-121.876,36.28,-121.88,0.4417169702407601,0.05,2020,366,366,1.0,13.677224043715846,17.042,2.322453781512606,226.50930065359475,48.0,11.0,strictly prior MUR days at the same source pixel
ANDREW_MOLERA_UC UCSC,36.27768,-121.876,36.28,-121.88,0.4417169702407601,0.05,2021,365,363,0.9945205479452055,13.278063360881543,17.499,1.8145789473684208,129.0269619883041,48.0,26.0,strictly prior MUR days at the same source pixel
ASILOMAR_DC UCSC,36.63224,-121.9467,36.63,-121.95,0.385683702900247,0.05,2002,214,214,1.0,13.189429906542054,14.948,,,,,strictly prior MUR days at the same source pixel
ASILOMAR_DC UCSC,36.63224,-121.9467,36.63,-121.95,0.385683702900247,0.05,2003,365,365,1.0,13.4468602739726,17.059,,,,,strictly prior MUR days at the same source pixel
ASILOMAR_DC UCSC,36.63224,-121.9467,36.63,-121.95,0.385683702900247,0.05,2004,366,366,1.0,13.219967213114757,15.862,1.8877142857142852,144.571,25.0,18.0,strictly prior MUR days at the same source pixel
ASILOMAR_DC UCSC,36.63224,-121.9467,36.63,-121.95,0.385683702900247,0.05,2005,365,365,1.0,13.416515068493151,15.395,2.5050714285714286,216.18249999999998,27.0,10.0,strictly prior MUR days at the same source pixel
ASILOMAR_DC UCSC,36.63224,-121.9467,36.63,-121.95,0.385683702900247,0.05,2006,365,365,1.0,13.575095890410958,16.878999999999998,2.416392857142857,217.25016666666664,105.0,53.0,strictly prior MUR days at the same source pixel
ASILOMAR_DC UCSC,36.63224,-121.9467,36.63,-121.95,0.385683702900247,0.05,2007,365,365,1.0,12.814361643835618,17.21,1.6107142857142847,66.07934999999999,22.0,12.0,strictly prior MUR days at the same source pixel
ASILOMAR_DC UCSC,36.63224,-121.9467,36.63,-121.95,0.385683702900247,0.05,2008,366,366,1.0,12.66524863387978,16.518,2.4881428571428574,87.33350000000003,50.0,31.0,strictly prior MUR days at the same source pixel
ASILOMAR_DC UCSC,36.63224,-121.9467,36.63,-121.95,0.385683702900247,0.05,2009,365,365,1.0,12.898183561643837,15.566,2.501163265306122,98.7062619047619,14.0,7.0,strictly prior MUR days at the same source pixel
ASILOMAR_DC UCSC,36.63224,-121.9467,36.63,-121.95,0.385683702900247,0.05,2010,365,365,1.0,13.048832876712328,15.246,1.1945918367346944,122.18476785714287,4.0,4.0,strictly prior MUR days at the same source pixel
ASILOMAR_DC UCSC,36.63224,-121.9467,36.63,-121.95,0.385683702900247,0.05,2011,365,365,1.0,12.984284931506847,16.067999999999998,1.9952063492063499,91.33097222222223,40.0,30.0,strictly prior MUR days at the same source pixel
ASILOMAR_DC UCSC,36.63224,-121.9467,36.63,-121.95,0.385683702900247,0.05,2012,366,366,1.0,13.032898907103826,16.139,1.9856571428571423,133.2223888888889,37.0,21.0,strictly prior MUR days at the same source pixel
ASILOMAR_DC UCSC,36.63224,-121.9467,36.63,-121.95,0.385683702900247,0.05,2013,365,365,1.0,12.904726027397261,15.198,1.7976623376623375,78.89391818181818,9.0,3.0,strictly prior MUR days at the same source pixel
ASILOMAR_DC UCSC,36.63224,-121.9467,36.63,-121.95,0.385683702900247,0.05,2014,365,365,1.0,14.628430136986303,18.256,3.5077023809523817,583.146,172.0,172.0,strictly prior MUR days at the same source pixel
ASILOMAR_DC UCSC,36.63224,-121.9467,36.63,-121.95,0.385683702900247,0.05,2015,365,365,1.0,14.823054794520548,18.346,3.523054945054945,609.3339166666666,132.0,128.0,strictly prior MUR days at the same source pixel
ASILOMAR_DC UCSC,36.63224,-121.9467,36.63,-121.95,0.385683702900247,0.05,2016,366,366,1.0,13.794773224043718,16.116,2.1373775510204083,265.3417362637362,38.0,18.0,strictly prior MUR days at the same source pixel
ASILOMAR_DC UCSC,36.63224,-121.9467,36.63,-121.95,0.385683702900247,0.05,2017,365,365,1.0,13.492194520547944,18.052,2.7786000000000004,158.11419047619046,50.0,43.0,strictly prior MUR days at the same source pixel
ASILOMAR_DC UCSC,36.63224,-121.9467,36.63,-121.95,0.385683702900247,0.05,2018,365,365,1.0,13.850624657534247,16.951,3.108910714285714,280.5429416666666,68.0,25.0,strictly prior MUR days at the same source pixel
ASILOMAR_DC UCSC,36.63224,-121.9467,36.63,-121.95,0.385683702900247,0.05,2019,365,365,1.0,13.912780821917808,16.636,2.4953125,248.24012867647056,31.0,11.0,strictly prior MUR days at the same source pixel
ASILOMAR_DC UCSC,36.63224,-121.9467,36.63,-121.95,0.385683702900247,0.05,2020,366,366,1.0,13.809765027322404,17.059,2.497924369747899,247.6321503267974,44.0,11.0,strictly prior MUR days at the same source pixel
ASILOMAR_DC UCSC,36.63224,-121.9467,36.63,-121.95,0.385683702900247,0.05,2021,365,363,0.9945205479452055,13.389341597796143,17.552,1.7181729323308272,141.90400584795321,67.0,55.0,strictly prior MUR days at the same source pixel
ASILOMAR_UC UCSC,36.63651,-121.9456,36.64,-121.95,0.5520200304632354,0.05,2002,214,214,1.0,13.197962616822428,14.974,,,,,strictly prior MUR days at the same source pixel
ASILOMAR_UC UCSC,36.63651,-121.9456,36.64,-121.95,0.5520200304632354,0.05,2003,365,365,1.0,13.44501095890411,17.037,,,,,strictly prior MUR days at the same source pixel
ASILOMAR_UC UCSC,36.63651,-121.9456,36.64,-121.95,0.5520200304632354,0.05,2004,366,366,1.0,13.219557377049181,15.872,1.8744999999999996,144.175,26.0,18.0,strictly prior MUR days at the same source pixel
ASILOMAR_UC UCSC,36.63651,-121.9456,36.64,-121.95,0.5520200304632354,0.05,2005,365,365,1.0,13.41393424657534,15.387,2.4797857142857143,214.75233333333333,28.0,10.0,strictly prior MUR days at the same source pixel
ASILOMAR_UC UCSC,36.63651,-121.9456,36.64,-121.95,0.5520200304632354,0.05,2006,365,365,1.0,13.580008219178081,16.897,2.416714285714286,217.22141666666667,102.0,52.0,strictly prior MUR days at the same source pixel
ASILOMAR_UC UCSC,36.63651,-121.9456,36.64,-121.95,0.5520200304632354,0.05,2007,365,365,1.0,12.810394520547945,17.201999999999998,1.6147999999999996,65.45234999999998,22.0,12.0,strictly prior MUR days at the same source pixel
ASILOMAR_UC UCSC,36.63651,-121.9456,36.64,-121.95,0.5520200304632354,0.05,2008,366,366,1.0,12.665967213114756,16.478,2.507690476190476,87.61946666666665,51.0,31.0,strictly prior MUR days at the same source pixel
ASILOMAR_UC UCSC,36.63651,-121.9456,36.64,-121.95,0.5520200304632354,0.05,2009,365,365,1.0,12.899284931506848,15.564,2.5110408163265303,98.78876190476191,14.0,7.0,strictly prior MUR days at the same source pixel
ASILOMAR_UC UCSC,36.63651,-121.9456,36.64,-121.95,0.5520200304632354,0.05,2010,365,365,1.0,13.052290410958902,15.247,1.2136122448979592,122.38323214285714,5.0,4.0,strictly prior MUR days at the same source pixel
ASILOMAR_UC UCSC,36.63651,-121.9456,36.64,-121.95,0.5520200304632354,0.05,2011,365,365,1.0,12.983890410958907,16.052,2.0049682539682543,91.47005555555558,41.0,30.0,strictly prior MUR days at the same source pixel
ASILOMAR_UC UCSC,36.63651,-121.9456,36.64,-121.95,0.5520200304632354,0.05,2012,366,366,1.0,13.030740437158471,16.119999999999997,1.9948142857142857,132.72385555555556,37.0,21.0,strictly prior MUR days at the same source pixel
ASILOMAR_UC UCSC,36.63651,-121.9456,36.64,-121.95,0.5520200304632354,0.05,2013,365,365,1.0,12.908290410958903,15.204,1.7992857142857137,79.29289999999999,12.0,4.0,strictly prior MUR days at the same source pixel
ASILOMAR_UC UCSC,36.63651,-121.9456,36.64,-121.95,0.5520200304632354,0.05,2014,365,365,1.0,14.626838356164384,18.276,3.502535714285713,582.5934772727273,172.0,172.0,strictly prior MUR days at the same source pixel
ASILOMAR_UC UCSC,36.63651,-121.9456,36.64,-121.95,0.5520200304632354,0.05,2015,365,365,1.0,14.824213698630135,18.349,3.514032967032967,609.4333397435896,131.0,123.0,strictly prior MUR days at the same source pixel
ASILOMAR_UC UCSC,36.63651,-121.9456,36.64,-121.95,0.5520200304632354,0.05,2016,366,366,1.0,13.79913387978142,16.119999999999997,2.1439081632653063,266.3869798534799,38.0,18.0,strictly prior MUR days at the same source pixel
ASILOMAR_UC UCSC,36.63651,-121.9456,36.64,-121.95,0.5520200304632354,0.05,2017,365,365,1.0,13.498087671232875,18.038,2.772657142857144,159.3497523809524,50.0,43.0,strictly prior MUR days at the same source pixel
ASILOMAR_UC UCSC,36.63651,-121.9456,36.64,-121.95,0.5520200304632354,0.05,2018,365,365,1.0,13.854435616438359,16.958,3.1163303571428567,281.26910833333335,67.0,25.0,strictly prior MUR days at the same source pixel
ASILOMAR_UC UCSC,36.63651,-121.9456,36.64,-121.95,0.5520200304632354,0.05,2019,365,365,1.0,13.913890410958903,16.619999999999997,2.5240625000000003,247.96905147058828,31.0,10.0,strictly prior MUR days at the same source pixel
ASILOMAR_UC UCSC,36.63651,-121.9456,36.64,-121.95,0.5520200304632354,0.05,2020,366,366,1.0,13.822060109289618,17.078,2.494151260504202,249.69725163398692,44.0,12.0,strictly prior MUR days at the same source pixel
ASILOMAR_UC UCSC,36.63651,-121.9456,36.64,-121.95,0.5520200304632354,0.05,2021,365,363,0.9945205479452055,13.396322314049586,17.578,1.732699248120301,142.94359941520466,67.0,55.0,strictly prior MUR days at the same source pixel
BIG_CREEK_DC UCSC,36.069079,-121.605115,36.07,-121.61,0.4508459150413115,0.05,2002,214,214,1.0,13.254004672897196,15.323,,,,,strictly prior MUR days at the same source pixel
BIG_CREEK_DC UCSC,36.069079,-121.605115,36.07,-121.61,0.4508459150413115,0.05,2003,365,365,1.0,13.237427397260275,17.416,,,,,strictly prior MUR days at the same source pixel
BIG_CREEK_DC UCSC,36.069079,-121.605115,36.07,-121.61,0.4508459150413115,0.05,2004,366,366,1.0,13.132751366120218,15.764,2.142,181.52549999999997,44.0,14.0,strictly prior MUR days at the same source pixel
BIG_CREEK_DC UCSC,36.069079,-121.605115,36.07,-121.61,0.4508459150413115,0.05,2005,365,365,1.0,13.274298630136988,15.936,2.3607857142857145,215.40483333333333,15.0,12.0,strictly prior MUR days at the same source pixel
BIG_CREEK_DC UCSC,36.069079,-121.605115,36.07,-121.61,0.4508459150413115,0.05,2006,365,365,1.0,13.697087671232877,17.496,2.6798571428571423,300.904,100.0,50.0,strictly prior MUR days at the same source pixel
BIG_CREEK_DC UCSC,36.069079,-121.605115,36.07,-121.61,0.4508459150413115,0.05,2007,365,365,1.0,12.794016438356163,16.688000000000002,2.241,71.68980000000002,20.0,10.0,strictly prior MUR days at the same source pixel
BIG_CREEK_DC UCSC,36.069079,-121.605115,36.07,-121.61,0.4508459150413115,0.05,2008,366,366,1.0,12.799898907103826,17.03,2.0437857142857148,132.96833333333333,53.0,42.0,strictly prior MUR days at the same source pixel
BIG_CREEK_DC UCSC,36.069079,-121.605115,36.07,-121.61,0.4508459150413115,0.05,2009,365,365,1.0,13.100786301369862,16.253999999999998,2.82365306122449,146.96854761904763,12.0,4.0,strictly prior MUR days at the same source pixel
BIG_CREEK_DC UCSC,36.069079,-121.605115,36.07,-121.61,0.4508459150413115,0.05,2010,365,365,1.0,13.093186301369865,15.369,1.2103035714285717,121.29162500000001,6.0,2.0,strictly prior MUR days at the same source pixel
BIG_CREEK_DC UCSC,36.069079,-121.605115,36.07,-121.61,0.4508459150413115,0.05,2011,365,365,1.0,13.2548,16.936999999999998,2.6034285714285708,143.29947222222225,62.0,31.0,strictly prior MUR days at the same source pixel
BIG_CREEK_DC UCSC,36.069079,-121.605115,36.07,-121.61,0.4508459150413115,0.05,2012,366,366,1.0,13.185549180327868,17.048000000000002,2.0698142857142865,180.3713222222223,43.0,25.0,strictly prior MUR days at the same source pixel
BIG_CREEK_DC UCSC,36.069079,-121.605115,36.07,-121.61,0.4508459150413115,0.05,2013,365,365,1.0,13.060191780821915,15.658,2.25748051948052,114.3073,22.0,13.0,strictly prior MUR days at the same source pixel
BIG_CREEK_DC UCSC,36.069079,-121.605115,36.07,-121.61,0.4508459150413115,0.05,2014,365,365,1.0,14.732290410958905,18.647,3.798666666666666,610.9580075757576,170.0,170.0,strictly prior MUR days at the same source pixel
BIG_CREEK_DC UCSC,36.069079,-121.605115,36.07,-121.61,0.4508459150413115,0.05,2015,365,365,1.0,15.22895068493151,19.576,4.354571428571429,732.4846153846154,142.0,135.0,strictly prior MUR days at the same source pixel
BIG_CREEK_DC UCSC,36.069079,-121.605115,36.07,-121.61,0.4508459150413115,0.05,2016,366,366,1.0,13.81295355191257,16.697,2.4861428571428568,255.9923608058608,22.0,8.0,strictly prior MUR days at the same source pixel
BIG_CREEK_DC UCSC,36.069079,-121.605115,36.07,-121.61,0.4508459150413115,0.05,2017,365,365,1.0,13.63878082191781,19.267,3.528933333333334,184.9165761904762,38.0,18.0,strictly prior MUR days at the same source pixel
BIG_CREEK_DC UCSC,36.069079,-121.605115,36.07,-121.61,0.4508459150413115,0.05,2018,365,365,1.0,14.000106849315069,17.2,2.958875,288.2895708333333,67.0,20.0,strictly prior MUR days at the same source pixel
BIG_CREEK_DC UCSC,36.069079,-121.605115,36.07,-121.61,0.4508459150413115,0.05,2019,365,365,1.0,13.944454794520547,16.355,2.393964285714286,249.024625,32.0,11.0,strictly prior MUR days at the same source pixel
BIG_CREEK_DC UCSC,36.069079,-121.605115,36.07,-121.61,0.4508459150413115,0.05,2020,366,366,1.0,13.808871584699455,17.7,2.073896825396825,230.49061437908497,48.0,12.0,strictly prior MUR days at the same source pixel
BIG_CREEK_DC UCSC,36.069079,-121.605115,36.07,-121.61,0.4508459150413115,0.05,2021,365,363,0.9945205479452055,13.454256198347109,17.798000000000002,2.326676691729323,150.53412573099416,53.0,43.0,strictly prior MUR days at the same source pixel
BIG_CREEK_UC UCSC,36.069151000000005,-121.60802,36.07,-121.61,0.2014505867926809,0.05,2002,214,214,1.0,13.254004672897196,15.323,,,,,strictly prior MUR days at the same source pixel
BIG_CREEK_UC UCSC,36.069151000000005,-121.60802,36.07,-121.61,0.2014505867926809,0.05,2003,365,365,1.0,13.237427397260275,17.416,,,,,strictly prior MUR days at the same source pixel
BIG_CREEK_UC UCSC,36.069151000000005,-121.60802,36.07,-121.61,0.2014505867926809,0.05,2004,366,366,1.0,13.132751366120218,15.764,2.142,181.52549999999997,44.0,14.0,strictly prior MUR days at the same source pixel
BIG_CREEK_UC UCSC,36.069151000000005,-121.60802,36.07,-121.61,0.2014505867926809,0.05,2005,365,365,1.0,13.274298630136988,15.936,2.3607857142857145,215.40483333333333,15.0,12.0,strictly prior MUR days at the same source pixel
BIG_CREEK_UC UCSC,36.069151000000005,-121.60802,36.07,-121.61,0.2014505867926809,0.05,2006,365,365,1.0,13.697087671232877,17.496,2.6798571428571423,300.904,100.0,50.0,strictly prior MUR days at the same source pixel
BIG_CREEK_UC UCSC,36.069151000000005,-121.60802,36.07,-121.61,0.2014505867926809,0.05,2007,365,365,1.0,12.794016438356163,16.688000000000002,2.241,71.68980000000002,20.0,10.0,strictly prior MUR days at the same source pixel
BIG_CREEK_UC UCSC,36.069151000000005,-121.60802,36.07,-121.61,0.2014505867926809,0.05,2008,366,366,1.0,12.799898907103826,17.03,2.0437857142857148,132.96833333333333,53.0,42.0,strictly prior MUR days at the same source pixel
BIG_CREEK_UC UCSC,36.069151000000005,-121.60802,36.07,-121.61,0.2014505867926809,0.05,2009,365,365,1.0,13.100786301369862,16.253999999999998,2.82365306122449,146.96854761904763,12.0,4.0,strictly prior MUR days at the same source pixel
BIG_CREEK_UC UCSC,36.069151000000005,-121.60802,36.07,-121.61,0.2014505867926809,0.05,2010,365,365,1.0,13.093186301369865,15.369,1.2103035714285717,121.29162500000001,6.0,2.0,strictly prior MUR days at the same source pixel
BIG_CREEK_UC UCSC,36.069151000000005,-121.60802,36.07,-121.61,0.2014505867926809,0.05,2011,365,365,1.0,13.2548,16.936999999999998,2.6034285714285708,143.29947222222225,62.0,31.0,strictly prior MUR days at the same source pixel
BIG_CREEK_UC UCSC,36.069151000000005,-121.60802,36.07,-121.61,0.2014505867926809,0.05,2012,366,366,1.0,13.185549180327868,17.048000000000002,2.0698142857142865,180.3713222222223,43.0,25.0,strictly prior MUR days at the same source pixel
BIG_CREEK_UC UCSC,36.069151000000005,-121.60802,36.07,-121.61,0.2014505867926809,0.05,2013,365,365,1.0,13.060191780821915,15.658,2.25748051948052,114.3073,22.0,13.0,strictly prior MUR days at the same source pixel
BIG_CREEK_UC UCSC,36.069151000000005,-121.60802,36.07,-121.61,0.2014505867926809,0.05,2014,365,365,1.0,14.732290410958905,18.647,3.798666666666666,610.9580075757576,170.0,170.0,strictly prior MUR days at the same source pixel
BIG_CREEK_UC UCSC,36.069151000000005,-121.60802,36.07,-121.61,0.2014505867926809,0.05,2015,365,365,1.0,15.22895068493151,19.576,4.354571428571429,732.4846153846154,142.0,135.0,strictly prior MUR days at the same source pixel
BIG_CREEK_UC UCSC,36.069151000000005,-121.60802,36.07,-121.61,0.2014505867926809,0.05,2016,366,366,1.0,13.81295355191257,16.697,2.4861428571428568,255.9923608058608,22.0,8.0,strictly prior MUR days at the same source pixel
BIG_CREEK_UC UCSC,36.069151000000005,-121.60802,36.07,-121.61,0.2014505867926809,0.05,2017,365,365,1.0,13.63878082191781,19.267,3.528933333333334,184.9165761904762,38.0,18.0,strictly prior MUR days at the same source pixel
BIG_CREEK_UC UCSC,36.069151000000005,-121.60802,36.07,-121.61,0.2014505867926809,0.05,2018,365,365,1.0,14.000106849315069,17.2,2.958875,288.2895708333333,67.0,20.0,strictly prior MUR days at the same source pixel
BIG_CREEK_UC UCSC,36.069151000000005,-121.60802,36.07,-121.61,0.2014505867926809,0.05,2019,365,365,1.0,13.944454794520547,16.355,2.393964285714286,249.024625,32.0,11.0,strictly prior MUR days at the same source pixel
BIG_CREEK_UC UCSC,36.069151000000005,-121.60802,36.07,-121.61,0.2014505867926809,0.05,2020,366,366,1.0,13.808871584699455,17.7,2.073896825396825,230.49061437908497,48.0,12.0,strictly prior MUR days at the same source pixel
BIG_CREEK_UC UCSC,36.069151000000005,-121.60802,36.07,-121.61,0.2014505867926809,0.05,2021,365,363,0.9945205479452055,13.454256198347109,17.798000000000002,2.326676691729323,150.53412573099416,53.0,43.0,strictly prior MUR days at the same source pixel
BIRD_ROCK UCSC,36.59343,-121.9714,36.59,-121.97,0.4013575980599743,0.05,2002,214,214,1.0,13.162378504672896,14.859,,,,,strictly prior MUR days at the same source pixel
BIRD_ROCK UCSC,36.59343,-121.9714,36.59,-121.97,0.4013575980599743,0.05,2003,365,365,1.0,13.439487671232875,17.131,,,,,strictly prior MUR days at the same source pixel
BIRD_ROCK UCSC,36.59343,-121.9714,36.59,-121.97,0.4013575980599743,0.05,2004,366,366,1.0,13.191822404371585,15.846,1.9298571428571434,143.7645,17.0,6.0,strictly prior MUR days at the same source pixel
BIRD_ROCK UCSC,36.59343,-121.9714,36.59,-121.97,0.4013575980599743,0.05,2005,365,364,0.9972602739726028,13.406576923076925,15.442,2.6300714285714286,221.87066666666666,27.0,11.0,strictly prior MUR days at the same source pixel
BIRD_ROCK UCSC,36.59343,-121.9714,36.59,-121.97,0.4013575980599743,0.05,2006,365,365,1.0,13.564128767123288,16.794,2.4477857142857147,223.78383333333335,108.0,59.0,strictly prior MUR days at the same source pixel
BIRD_ROCK UCSC,36.59343,-121.9714,36.59,-121.97,0.4013575980599743,0.05,2007,365,365,1.0,12.798978082191782,17.271,1.4948285714285716,66.45145,23.0,12.0,strictly prior MUR days at the same source pixel
BIRD_ROCK UCSC,36.59343,-121.9714,36.59,-121.97,0.4013575980599743,0.05,2008,366,366,1.0,12.630838797814206,16.539,2.4693333333333327,87.11993333333335,50.0,35.0,strictly prior MUR days at the same source pixel
BIRD_ROCK UCSC,36.59343,-121.9714,36.59,-121.97,0.4013575980599743,0.05,2009,365,365,1.0,12.88788219178082,15.323,2.5336326530612245,100.28830952380954,13.0,3.0,strictly prior MUR days at the same source pixel
BIRD_ROCK UCSC,36.59343,-121.9714,36.59,-121.97,0.4013575980599743,0.05,2010,365,365,1.0,13.020860273972604,15.251,1.1477142857142855,123.7424642857143,6.0,5.0,strictly prior MUR days at the same source pixel
BIRD_ROCK UCSC,36.59343,-121.9714,36.59,-121.97,0.4013575980599743,0.05,2011,365,365,1.0,12.984147945205478,16.189,2.0420634920634924,92.65545833333334,37.0,29.0,strictly prior MUR days at the same source pixel
BIRD_ROCK UCSC,36.59343,-121.9714,36.59,-121.97,0.4013575980599743,0.05,2012,366,366,1.0,13.029385245901636,16.232,1.9987714285714282,136.16997777777775,43.0,21.0,strictly prior MUR days at the same source pixel
BIRD_ROCK UCSC,36.59343,-121.9714,36.59,-121.97,0.4013575980599743,0.05,2013,365,365,1.0,12.884361643835614,15.159,1.81961038961039,81.21583636363637,9.0,2.0,strictly prior MUR days at the same source pixel
BIRD_ROCK UCSC,36.59343,-121.9714,36.59,-121.97,0.4013575980599743,0.05,2014,365,365,1.0,14.635912328767123,18.118,3.5528333333333326,590.355606060606,171.0,171.0,strictly prior MUR days at the same source pixel
BIRD_ROCK UCSC,36.59343,-121.9714,36.59,-121.97,0.4013575980599743,0.05,2015,365,365,1.0,14.833375342465756,18.407,3.616318681318681,618.3537948717949,138.0,131.0,strictly prior MUR days at the same source pixel
BIRD_ROCK UCSC,36.59343,-121.9714,36.59,-121.97,0.4013575980599743,0.05,2016,366,366,1.0,13.788800546448085,16.164,2.1545408163265307,266.742804029304,36.0,9.0,strictly prior MUR days at the same source pixel
BIRD_ROCK UCSC,36.59343,-121.9714,36.59,-121.97,0.4013575980599743,0.05,2017,365,365,1.0,13.492367123287671,18.113,2.8077047619047613,158.47137142857144,50.0,43.0,strictly prior MUR days at the same source pixel
BIRD_ROCK UCSC,36.59343,-121.9714,36.59,-121.97,0.4013575980599743,0.05,2018,365,365,1.0,13.844208219178084,16.945999999999998,3.0493125000000005,281.63336250000003,68.0,25.0,strictly prior MUR days at the same source pixel
BIRD_ROCK UCSC,36.59343,-121.9714,36.59,-121.97,0.4013575980599743,0.05,2019,365,365,1.0,13.921046575342466,16.737000000000002,2.4787053571428572,254.0891911764706,30.0,10.0,strictly prior MUR days at the same source pixel
BIRD_ROCK UCSC,36.59343,-121.9714,36.59,-121.97,0.4013575980599743,0.05,2020,366,366,1.0,13.751524590163934,16.966,2.527983193277311,238.67102614379084,39.0,10.0,strictly prior MUR days at the same source pixel
BIRD_ROCK UCSC,36.59343,-121.9714,36.59,-121.97,0.4013575980599743,0.05,2021,365,363,0.9945205479452055,13.35459779614325,17.413,1.7035338345864661,137.60809649122805,64.0,49.0,strictly prior MUR days at the same source pixel
BUCHON UCSC,35.24408,-120.9011,35.24,-120.9,0.4645441357525754,0.05,2002,214,214,1.0,13.655892523364487,15.321,,,,,strictly prior MUR days at the same source pixel
BUCHON UCSC,35.24408,-120.9011,35.24,-120.9,0.4645441357525754,0.05,2003,365,365,1.0,13.381506849315068,16.685000000000002,,,,,strictly prior MUR days at the same source pixel
BUCHON UCSC,35.24408,-120.9011,35.24,-120.9,0.4645441357525754,0.05,2004,366,366,1.0,13.482000000000001,17.712,3.187357142857143,215.84449999999998,55.0,30.0,strictly prior MUR days at the same source pixel
BUCHON UCSC,35.24408,-120.9011,35.24,-120.9,0.4645441357525754,0.05,2005,365,364,0.9972602739726028,13.408912087912086,15.842,2.5543571428571425,187.7205,16.0,10.0,strictly prior MUR days at the same source pixel
BUCHON UCSC,35.24408,-120.9011,35.24,-120.9,0.4645441357525754,0.05,2006,365,365,1.0,13.810838356164384,17.591,2.9861071428571435,271.25700000000006,105.0,63.0,strictly prior MUR days at the same source pixel
BUCHON UCSC,35.24408,-120.9011,35.24,-120.9,0.4645441357525754,0.05,2007,365,365,1.0,13.200742465753427,17.13,1.8581428571428567,83.86435,16.0,13.0,strictly prior MUR days at the same source pixel
BUCHON UCSC,35.24408,-120.9011,35.24,-120.9,0.4645441357525754,0.05,2008,366,366,1.0,13.317601092896176,16.773,1.8265476190476193,163.81006666666664,73.0,18.0,strictly prior MUR days at the same source pixel
BUCHON UCSC,35.24408,-120.9011,35.24,-120.9,0.4645441357525754,0.05,2009,365,365,1.0,13.545473972602743,16.561,2.7680816326530615,169.32261904761907,42.0,11.0,strictly prior MUR days at the same source pixel
BUCHON UCSC,35.24408,-120.9011,35.24,-120.9,0.4645441357525754,0.05,2010,365,365,1.0,13.241964383561646,15.984,1.4554693877551015,112.48728571428572,4.0,3.0,strictly prior MUR days at the same source pixel
BUCHON UCSC,35.24408,-120.9011,35.24,-120.9,0.4645441357525754,0.05,2011,365,365,1.0,13.481895890410959,16.894,1.6705555555555567,125.31851388888889,43.0,15.0,strictly prior MUR days at the same source pixel
BUCHON UCSC,35.24408,-120.9011,35.24,-120.9,0.4645441357525754,0.05,2012,366,366,1.0,13.601669398907104,17.954,2.7523285714285715,191.45928888888892,70.0,25.0,strictly prior MUR days at the same source pixel
BUCHON UCSC,35.24408,-120.9011,35.24,-120.9,0.4645441357525754,0.05,2013,365,365,1.0,13.65333424657534,16.634999999999998,2.821064935064935,176.57743636363637,36.0,10.0,strictly prior MUR days at the same source pixel
BUCHON UCSC,35.24408,-120.9011,35.24,-120.9,0.4645441357525754,0.05,2014,365,365,1.0,15.133347945205479,20.137,4.995726190476191,627.4458863636364,174.0,120.0,strictly prior MUR days at the same source pixel
BUCHON UCSC,35.24408,-120.9011,35.24,-120.9,0.4645441357525754,0.05,2015,365,365,1.0,15.634328767123288,20.374,4.503978021978023,755.2238205128206,145.0,127.0,strictly prior MUR days at the same source pixel
BUCHON UCSC,35.24408,-120.9011,35.24,-120.9,0.4645441357525754,0.05,2016,366,366,1.0,14.21419398907104,16.695,1.9600439560439564,232.00866666666667,31.0,7.0,strictly prior MUR days at the same source pixel
BUCHON UCSC,35.24408,-120.9011,35.24,-120.9,0.4645441357525754,0.05,2017,365,365,1.0,14.24519178082192,18.429,2.80267619047619,241.23436666666663,70.0,38.0,strictly prior MUR days at the same source pixel
BUCHON UCSC,35.24408,-120.9011,35.24,-120.9,0.4645441357525754,0.05,2018,365,365,1.0,14.47570410958904,17.921,3.259383928571429,310.5759875,93.0,31.0,strictly prior MUR days at the same source pixel
BUCHON UCSC,35.24408,-120.9011,35.24,-120.9,0.4645441357525754,0.05,2019,365,365,1.0,14.199772602739728,16.884,1.9410672268907558,214.31693014705877,21.0,8.0,strictly prior MUR days at the same source pixel
BUCHON UCSC,35.24408,-120.9011,35.24,-120.9,0.4645441357525754,0.05,2020,366,366,1.0,14.21044262295082,17.707,2.076705882352941,245.48377287581695,70.0,28.0,strictly prior MUR days at the same source pixel
BUCHON UCSC,35.24408,-120.9011,35.24,-120.9,0.4645441357525754,0.05,2021,365,363,0.9945205479452055,13.56978787878788,16.948,1.949593984962405,100.53307017543861,37.0,15.0,strictly prior MUR days at the same source pixel
BULLITO UCSB,34.45543,-120.332,34.46,-120.33,0.5402340746753812,0.05,2002,214,214,1.0,14.792560747663552,16.85,,,,,strictly prior MUR days at the same source pixel
BULLITO UCSB,34.45543,-120.332,34.46,-120.33,0.5402340746753812,0.05,2003,365,365,1.0,14.3153698630137,18.405,,,,,strictly prior MUR days at the same source pixel
BULLITO UCSB,34.45543,-120.332,34.46,-120.33,0.5402340746753812,0.05,2004,366,366,1.0,14.791431693989074,20.093,4.633785714285715,367.20349999999996,89.0,47.0,strictly prior MUR days at the same source pixel
BULLITO UCSB,34.45543,-120.332,34.46,-120.33,0.5402340746753812,0.05,2005,365,364,0.9972602739726028,14.443546703296704,18.153,2.56947619047619,204.33016666666668,13.0,4.0,strictly prior MUR days at the same source pixel
BULLITO UCSB,34.45543,-120.332,34.46,-120.33,0.5402340746753812,0.05,2006,365,364,0.9972602739726028,14.961054945054943,20.652,3.781,324.5070833333333,61.0,31.0,strictly prior MUR days at the same source pixel
BULLITO UCSB,34.45543,-120.332,34.46,-120.33,0.5402340746753812,0.05,2007,365,364,0.9972602739726028,14.360483516483518,18.891,2.0521428571428575,145.98049999999998,43.0,20.0,strictly prior MUR days at the same source pixel
BULLITO UCSB,34.45543,-120.332,34.46,-120.33,0.5402340746753812,0.05,2008,366,366,1.0,14.661308743169402,19.478,2.8130238095238096,223.19476666666668,80.0,49.0,strictly prior MUR days at the same source pixel
BULLITO UCSB,34.45543,-120.332,34.46,-120.33,0.5402340746753812,0.05,2009,365,365,1.0,14.909715068493151,19.341,2.58665306122449,237.59610714285714,53.0,38.0,strictly prior MUR days at the same source pixel
BULLITO UCSB,34.45543,-120.332,34.46,-120.33,0.5402340746753812,0.05,2010,365,365,1.0,14.081720547945206,17.399,1.513530612244898,107.12339285714287,1.0,1.0,strictly prior MUR days at the same source pixel
BULLITO UCSB,34.45543,-120.332,34.46,-120.33,0.5402340746753812,0.05,2011,365,365,1.0,14.096939726027397,17.706,1.9764285714285716,60.235666666666674,5.0,3.0,strictly prior MUR days at the same source pixel
BULLITO UCSB,34.45543,-120.332,34.46,-120.33,0.5402340746753812,0.05,2012,366,366,1.0,14.941251366120218,19.237,2.6025571428571412,270.40831111111106,89.0,48.0,strictly prior MUR days at the same source pixel
BULLITO UCSB,34.45543,-120.332,34.46,-120.33,0.5402340746753812,0.05,2013,365,365,1.0,14.92749589041096,18.35,3.0703857142857145,248.12996590909086,31.0,14.0,strictly prior MUR days at the same source pixel
BULLITO UCSB,34.45543,-120.332,34.46,-120.33,0.5402340746753812,0.05,2014,365,365,1.0,16.318164383561644,20.749,4.075238095238094,656.2868787878788,161.0,64.0,strictly prior MUR days at the same source pixel
BULLITO UCSB,34.45543,-120.332,34.46,-120.33,0.5402340746753812,0.05,2015,365,365,1.0,16.784693150684934,22.443,5.178725274725275,771.8815346153846,122.0,112.0,strictly prior MUR days at the same source pixel
BULLITO UCSB,34.45543,-120.332,34.46,-120.33,0.5402340746753812,0.05,2016,366,366,1.0,15.424377049180329,19.208,2.293153846153846,272.0841153846154,26.0,8.0,strictly prior MUR days at the same source pixel
BULLITO UCSB,34.45543,-120.332,34.46,-120.33,0.5402340746753812,0.05,2017,365,365,1.0,15.291347945205478,19.901,2.5186952380952383,215.7358857142857,55.0,18.0,strictly prior MUR days at the same source pixel
BULLITO UCSB,34.45543,-120.332,34.46,-120.33,0.5402340746753812,0.05,2018,365,365,1.0,15.872361643835617,22.158,4.986883928571428,407.89965833333326,114.0,40.0,strictly prior MUR days at the same source pixel
BULLITO UCSB,34.45543,-120.332,34.46,-120.33,0.5402340746753812,0.05,2019,365,365,1.0,15.24637808219178,19.651,1.820554621848738,212.6341076680672,25.0,11.0,strictly prior MUR days at the same source pixel
BULLITO UCSB,34.45543,-120.332,34.46,-120.33,0.5402340746753812,0.05,2020,366,366,1.0,15.41587704918033,20.157,2.682261904761905,279.6353758169935,41.0,25.0,strictly prior MUR days at the same source pixel
BULLITO UCSB,34.45543,-120.332,34.46,-120.33,0.5402340746753812,0.05,2021,365,363,0.9945205479452055,14.492790633608815,18.31,1.9431578947368424,87.19540643274854,5.0,4.0,strictly prior MUR days at the same source pixel
BUNKER_POINT VRG,33.72465,-118.3532,33.72,-118.35,0.5957650170604051,0.05,2002,214,213,0.9953271028037384,17.47731455399061,20.442,,,,,strictly prior MUR days at the same source pixel
BUNKER_POINT VRG,33.72465,-118.3532,33.72,-118.35,0.5957650170604051,0.05,2003,365,365,1.0,16.889134246575342,22.042,,,,,strictly prior MUR days at the same source pixel
BUNKER_POINT VRG,33.72465,-118.3532,33.72,-118.35,0.5957650170604051,0.05,2004,366,366,1.0,17.249743169398908,22.788,4.0969999999999995,313.624,59.0,45.0,strictly prior MUR days at the same source pixel
BUNKER_POINT VRG,33.72465,-118.3532,33.72,-118.35,0.5957650170604051,0.05,2005,365,365,1.0,16.760536986301368,21.242,1.6062857142857143,107.91499999999999,18.0,6.0,strictly prior MUR days at the same source pixel
BUNKER_POINT VRG,33.72465,-118.3532,33.72,-118.35,0.5957650170604051,0.05,2006,365,365,1.0,17.353238356164383,23.416,3.1621785714285715,302.24541666666664,71.0,68.0,strictly prior MUR days at the same source pixel
BUNKER_POINT VRG,33.72465,-118.3532,33.72,-118.35,0.5957650170604051,0.05,2007,365,365,1.0,16.826175342465753,22.109,1.6756285714285717,102.05415,60.0,37.0,strictly prior MUR days at the same source pixel
BUNKER_POINT VRG,33.72465,-118.3532,33.72,-118.35,0.5957650170604051,0.05,2008,366,366,1.0,17.151658469945353,22.154,2.946333333333333,192.77876666666668,60.0,19.0,strictly prior MUR days at the same source pixel
BUNKER_POINT VRG,33.72465,-118.3532,33.72,-118.35,0.5957650170604051,0.05,2009,365,365,1.0,17.284268493150684,22.412,2.3219183673469366,196.21995238095235,52.0,29.0,strictly prior MUR days at the same source pixel
BUNKER_POINT VRG,33.72465,-118.3532,33.72,-118.35,0.5957650170604051,0.05,2010,365,365,1.0,16.458720547945205,19.856,1.1997346938775504,83.37348214285716,0.0,0.0,strictly prior MUR days at the same source pixel
BUNKER_POINT VRG,33.72465,-118.3532,33.72,-118.35,0.5957650170604051,0.05,2011,365,365,1.0,16.57078630136986,20.642,1.7956249999999998,65.20772222222222,1.0,1.0,strictly prior MUR days at the same source pixel
BUNKER_POINT VRG,33.72465,-118.3532,33.72,-118.35,0.5957650170604051,0.05,2012,366,366,1.0,17.267019125683063,22.281,2.400057142857143,247.68779999999998,61.0,42.0,strictly prior MUR days at the same source pixel
BUNKER_POINT VRG,33.72465,-118.3532,33.72,-118.35,0.5957650170604051,0.05,2013,365,365,1.0,17.179594520547948,21.107,2.4396363636363643,188.5731,26.0,9.0,strictly prior MUR days at the same source pixel
BUNKER_POINT VRG,33.72465,-118.3532,33.72,-118.35,0.5957650170604051,0.05,2014,365,365,1.0,18.51558082191781,22.887,3.1052261904761913,579.1661212121213,121.0,78.0,strictly prior MUR days at the same source pixel
BUNKER_POINT VRG,33.72465,-118.3532,33.72,-118.35,0.5957650170604051,0.05,2015,365,365,1.0,18.87770136986301,23.668,4.02567032967033,664.0535448717949,115.0,112.0,strictly prior MUR days at the same source pixel
BUNKER_POINT VRG,33.72465,-118.3532,33.72,-118.35,0.5957650170604051,0.05,2016,366,366,1.0,18.015076502732242,23.208,2.3197912087912087,318.2566373626373,75.0,57.0,strictly prior MUR days at the same source pixel
BUNKER_POINT VRG,33.72465,-118.3532,33.72,-118.35,0.5957650170604051,0.05,2017,365,365,1.0,17.779868493150683,22.775,1.9536857142857136,226.10535714285712,57.0,39.0,strictly prior MUR days at the same source pixel
BUNKER_POINT VRG,33.72465,-118.3532,33.72,-118.35,0.5957650170604051,0.05,2018,365,365,1.0,18.075789041095888,23.756,2.8567767857142856,322.6858666666666,76.0,75.0,strictly prior MUR days at the same source pixel
BUNKER_POINT VRG,33.72465,-118.3532,33.72,-118.35,0.5957650170604051,0.05,2019,365,365,1.0,17.568561643835615,22.538,1.8006806722689086,163.87411764705885,51.0,24.0,strictly prior MUR days at the same source pixel
BUNKER_POINT VRG,33.72465,-118.3532,33.72,-118.35,0.5957650170604051,0.05,2020,366,366,1.0,17.67061475409836,23.536,2.8324621848739504,242.7412712418301,31.0,13.0,strictly prior MUR days at the same source pixel
BUNKER_POINT VRG,33.72465,-118.3532,33.72,-118.35,0.5957650170604051,0.05,2021,365,363,0.9945205479452055,16.977380165289258,21.488,1.4010793650793651,56.82029239766083,8.0,7.0,strictly prior MUR days at the same source pixel
BUTTERFLY_DC UCSC,36.53744,-121.9357,36.54,-121.94,0.4781339904350626,0.05,2002,214,214,1.0,13.098004672897195,14.696,,,,,strictly prior MUR days at the same source pixel
BUTTERFLY_DC UCSC,36.53744,-121.9357,36.54,-121.94,0.4781339904350626,0.05,2003,365,365,1.0,13.394731506849316,17.203,,,,,strictly prior MUR days at the same source pixel
BUTTERFLY_DC UCSC,36.53744,-121.9357,36.54,-121.94,0.4781339904350626,0.05,2004,366,366,1.0,13.141357923497266,15.846,1.8094999999999999,150.4875,23.0,6.0,strictly prior MUR days at the same source pixel
BUTTERFLY_DC UCSC,36.53744,-121.9357,36.54,-121.94,0.4781339904350626,0.05,2005,365,364,0.9972602739726028,13.352593406593407,15.479,2.6857857142857147,226.33083333333332,25.0,11.0,strictly prior MUR days at the same source pixel
BUTTERFLY_DC UCSC,36.53744,-121.9357,36.54,-121.94,0.4781339904350626,0.05,2006,365,365,1.0,13.522632876712327,16.741,2.3867499999999997,230.96575,109.0,59.0,strictly prior MUR days at the same source pixel
BUTTERFLY_DC UCSC,36.53744,-121.9357,36.54,-121.94,0.4781339904350626,0.05,2007,365,365,1.0,12.749690410958904,17.192999999999998,1.4573428571428573,66.67445000000002,21.0,12.0,strictly prior MUR days at the same source pixel
BUTTERFLY_DC UCSC,36.53744,-121.9357,36.54,-121.94,0.4781339904350626,0.05,2008,366,366,1.0,12.582734972677596,16.65,2.4613095238095233,90.25093333333331,48.0,34.0,strictly prior MUR days at the same source pixel
BUTTERFLY_DC UCSC,36.53744,-121.9357,36.54,-121.94,0.4781339904350626,0.05,2009,365,365,1.0,12.856150684931508,15.332,2.525857142857143,105.76464285714286,12.0,3.0,strictly prior MUR days at the same source pixel
BUTTERFLY_DC UCSC,36.53744,-121.9357,36.54,-121.94,0.4781339904350626,0.05,2010,365,365,1.0,12.99531506849315,15.237,1.2976785714285712,129.86382142857144,4.0,4.0,strictly prior MUR days at the same source pixel
BUTTERFLY_DC UCSC,36.53744,-121.9357,36.54,-121.94,0.4781339904350626,0.05,2011,365,365,1.0,12.959767123287673,15.973,1.9446666666666665,94.74581944444444,39.0,29.0,strictly prior MUR days at the same source pixel
BUTTERFLY_DC UCSC,36.53744,-121.9357,36.54,-121.94,0.4781339904350626,0.05,2012,366,366,1.0,13.005699453551912,16.317,2.0282714285714287,141.28789999999998,42.0,21.0,strictly prior MUR days at the same source pixel
BUTTERFLY_DC UCSC,36.53744,-121.9357,36.54,-121.94,0.4781339904350626,0.05,2013,365,365,1.0,12.83847123287671,15.186,1.8842987012987016,82.61931818181819,7.0,2.0,strictly prior MUR days at the same source pixel
BUTTERFLY_DC UCSC,36.53744,-121.9357,36.54,-121.94,0.4781339904350626,0.05,2014,365,365,1.0,14.603991780821918,18.11,3.467642857142857,595.2933333333333,171.0,171.0,strictly prior MUR days at the same source pixel
BUTTERFLY_DC UCSC,36.53744,-121.9357,36.54,-121.94,0.4781339904350626,0.05,2015,365,365,1.0,14.821487671232877,18.423,3.6347912087912086,629.3359743589743,138.0,131.0,strictly prior MUR days at the same source pixel
BUTTERFLY_DC UCSC,36.53744,-121.9357,36.54,-121.94,0.4781339904350626,0.05,2016,366,366,1.0,13.72943169398907,16.085,2.207887755102041,259.84561538461537,35.0,9.0,strictly prior MUR days at the same source pixel
BUTTERFLY_DC UCSC,36.53744,-121.9357,36.54,-121.94,0.4781339904350626,0.05,2017,365,365,1.0,13.44207397260274,18.186,2.8665428571428566,156.45875238095238,47.0,36.0,strictly prior MUR days at the same source pixel
BUTTERFLY_DC UCSC,36.53744,-121.9357,36.54,-121.94,0.4781339904350626,0.05,2018,365,365,1.0,13.8005698630137,16.896,3.0241071428571433,279.4137875,71.0,25.0,strictly prior MUR days at the same source pixel
BUTTERFLY_DC UCSC,36.53744,-121.9357,36.54,-121.94,0.4781339904350626,0.05,2019,365,365,1.0,13.897890410958903,16.79,2.4370714285714286,259.8929007352941,32.0,14.0,strictly prior MUR days at the same source pixel
BUTTERFLY_DC UCSC,36.53744,-121.9357,36.54,-121.94,0.4781339904350626,0.05,2020,366,366,1.0,13.703743169398907,16.947,2.5946134453781515,240.28026470588236,39.0,10.0,strictly prior MUR days at the same source pixel
BUTTERFLY_DC UCSC,36.53744,-121.9357,36.54,-121.94,0.4781339904350626,0.05,2021,365,363,0.9945205479452055,13.28501652892562,17.401,1.7043007518797,134.51225146198828,59.0,28.0,strictly prior MUR days at the same source pixel
BUTTERFLY_UC UCSC,36.53966,-121.9363,36.54,-121.94,0.332709010964186,0.05,2002,214,214,1.0,13.098004672897195,14.696,,,,,strictly prior MUR days at the same source pixel
BUTTERFLY_UC UCSC,36.53966,-121.9363,36.54,-121.94,0.332709010964186,0.05,2003,365,365,1.0,13.394731506849316,17.203,,,,,strictly prior MUR days at the same source pixel
BUTTERFLY_UC UCSC,36.53966,-121.9363,36.54,-121.94,0.332709010964186,0.05,2004,366,366,1.0,13.141357923497266,15.846,1.8094999999999999,150.4875,23.0,6.0,strictly prior MUR days at the same source pixel
BUTTERFLY_UC UCSC,36.53966,-121.9363,36.54,-121.94,0.332709010964186,0.05,2005,365,364,0.9972602739726028,13.352593406593407,15.479,2.6857857142857147,226.33083333333332,25.0,11.0,strictly prior MUR days at the same source pixel
BUTTERFLY_UC UCSC,36.53966,-121.9363,36.54,-121.94,0.332709010964186,0.05,2006,365,365,1.0,13.522632876712327,16.741,2.3867499999999997,230.96575,109.0,59.0,strictly prior MUR days at the same source pixel
BUTTERFLY_UC UCSC,36.53966,-121.9363,36.54,-121.94,0.332709010964186,0.05,2007,365,365,1.0,12.749690410958904,17.192999999999998,1.4573428571428573,66.67445000000002,21.0,12.0,strictly prior MUR days at the same source pixel
BUTTERFLY_UC UCSC,36.53966,-121.9363,36.54,-121.94,0.332709010964186,0.05,2008,366,366,1.0,12.582734972677596,16.65,2.4613095238095233,90.25093333333331,48.0,34.0,strictly prior MUR days at the same source pixel
BUTTERFLY_UC UCSC,36.53966,-121.9363,36.54,-121.94,0.332709010964186,0.05,2009,365,365,1.0,12.856150684931508,15.332,2.525857142857143,105.76464285714286,12.0,3.0,strictly prior MUR days at the same source pixel
BUTTERFLY_UC UCSC,36.53966,-121.9363,36.54,-121.94,0.332709010964186,0.05,2010,365,365,1.0,12.99531506849315,15.237,1.2976785714285712,129.86382142857144,4.0,4.0,strictly prior MUR days at the same source pixel
BUTTERFLY_UC UCSC,36.53966,-121.9363,36.54,-121.94,0.332709010964186,0.05,2011,365,365,1.0,12.959767123287673,15.973,1.9446666666666665,94.74581944444444,39.0,29.0,strictly prior MUR days at the same source pixel
BUTTERFLY_UC UCSC,36.53966,-121.9363,36.54,-121.94,0.332709010964186,0.05,2012,366,366,1.0,13.005699453551912,16.317,2.0282714285714287,141.28789999999998,42.0,21.0,strictly prior MUR days at the same source pixel
BUTTERFLY_UC UCSC,36.53966,-121.9363,36.54,-121.94,0.332709010964186,0.05,2013,365,365,1.0,12.83847123287671,15.186,1.8842987012987016,82.61931818181819,7.0,2.0,strictly prior MUR days at the same source pixel
BUTTERFLY_UC UCSC,36.53966,-121.9363,36.54,-121.94,0.332709010964186,0.05,2014,365,365,1.0,14.603991780821918,18.11,3.467642857142857,595.2933333333333,171.0,171.0,strictly prior MUR days at the same source pixel
BUTTERFLY_UC UCSC,36.53966,-121.9363,36.54,-121.94,0.332709010964186,0.05,2015,365,365,1.0,14.821487671232877,18.423,3.6347912087912086,629.3359743589743,138.0,131.0,strictly prior MUR days at the same source pixel
BUTTERFLY_UC UCSC,36.53966,-121.9363,36.54,-121.94,0.332709010964186,0.05,2016,366,366,1.0,13.72943169398907,16.085,2.207887755102041,259.84561538461537,35.0,9.0,strictly prior MUR days at the same source pixel
BUTTERFLY_UC UCSC,36.53966,-121.9363,36.54,-121.94,0.332709010964186,0.05,2017,365,365,1.0,13.44207397260274,18.186,2.8665428571428566,156.45875238095238,47.0,36.0,strictly prior MUR days at the same source pixel
BUTTERFLY_UC UCSC,36.53966,-121.9363,36.54,-121.94,0.332709010964186,0.05,2018,365,365,1.0,13.8005698630137,16.896,3.0241071428571433,279.4137875,71.0,25.0,strictly prior MUR days at the same source pixel
BUTTERFLY_UC UCSC,36.53966,-121.9363,36.54,-121.94,0.332709010964186,0.05,2019,365,365,1.0,13.897890410958903,16.79,2.4370714285714286,259.8929007352941,32.0,14.0,strictly prior MUR days at the same source pixel
BUTTERFLY_UC UCSC,36.53966,-121.9363,36.54,-121.94,0.332709010964186,0.05,2020,366,366,1.0,13.703743169398907,16.947,2.5946134453781515,240.28026470588236,39.0,10.0,strictly prior MUR days at the same source pixel
BUTTERFLY_UC UCSC,36.53966,-121.9363,36.54,-121.94,0.332709010964186,0.05,2021,365,363,0.9945205479452055,13.28501652892562,17.401,1.7043007518797,134.51225146198828,59.0,28.0,strictly prior MUR days at the same source pixel
CABRILLO_NATIONAL_MONUMENT VRG,32.65805,-117.2472,32.66,-117.25,0.3401809338579973,0.05,2002,214,214,1.0,18.07726168224299,20.797,,,,,strictly prior MUR days at the same source pixel
CABRILLO_NATIONAL_MONUMENT VRG,32.65805,-117.2472,32.66,-117.25,0.3401809338579973,0.05,2003,365,365,1.0,17.29332876712329,22.006,,,,,strictly prior MUR days at the same source pixel
CABRILLO_NATIONAL_MONUMENT VRG,32.65805,-117.2472,32.66,-117.25,0.3401809338579973,0.05,2004,366,366,1.0,17.742379781420766,23.025,3.476285714285715,320.449,78.0,35.0,strictly prior MUR days at the same source pixel
CABRILLO_NATIONAL_MONUMENT VRG,32.65805,-117.2472,32.66,-117.25,0.3401809338579973,0.05,2005,365,365,1.0,17.499558904109588,22.092,1.8697857142857133,157.34849999999997,30.0,22.0,strictly prior MUR days at the same source pixel
CABRILLO_NATIONAL_MONUMENT VRG,32.65805,-117.2472,32.66,-117.25,0.3401809338579973,0.05,2006,365,365,1.0,17.775213698630136,24.439,4.203892857142857,281.43775000000005,77.0,55.0,strictly prior MUR days at the same source pixel
CABRILLO_NATIONAL_MONUMENT VRG,32.65805,-117.2472,32.66,-117.25,0.3401809338579973,0.05,2007,365,365,1.0,17.441794520547944,23.578,2.3664,126.58335,48.0,46.0,strictly prior MUR days at the same source pixel
CABRILLO_NATIONAL_MONUMENT VRG,32.65805,-117.2472,32.66,-117.25,0.3401809338579973,0.05,2008,366,366,1.0,17.48872950819672,22.84,2.218976190476191,141.52833333333334,39.0,8.0,strictly prior MUR days at the same source pixel
CABRILLO_NATIONAL_MONUMENT VRG,32.65805,-117.2472,32.66,-117.25,0.3401809338579973,0.05,2009,365,365,1.0,17.73361095890411,23.864,2.3554081632653063,155.31902380952386,68.0,34.0,strictly prior MUR days at the same source pixel
CABRILLO_NATIONAL_MONUMENT VRG,32.65805,-117.2472,32.66,-117.25,0.3401809338579973,0.05,2010,365,365,1.0,17.095915068493152,20.76,1.0213035714285705,91.95523214285714,0.0,0.0,strictly prior MUR days at the same source pixel
CABRILLO_NATIONAL_MONUMENT VRG,32.65805,-117.2472,32.66,-117.25,0.3401809338579973,0.05,2011,365,365,1.0,16.97281095890411,21.331,2.0694821428571433,62.06809722222222,3.0,2.0,strictly prior MUR days at the same source pixel
CABRILLO_NATIONAL_MONUMENT VRG,32.65805,-117.2472,32.66,-117.25,0.3401809338579973,0.05,2012,366,366,1.0,17.754390710382513,23.172,1.9795428571428577,208.7847111111111,59.0,44.0,strictly prior MUR days at the same source pixel
CABRILLO_NATIONAL_MONUMENT VRG,32.65805,-117.2472,32.66,-117.25,0.3401809338579973,0.05,2013,365,365,1.0,17.600372602739725,21.983,2.224948051948052,160.7701,23.0,9.0,strictly prior MUR days at the same source pixel
CABRILLO_NATIONAL_MONUMENT VRG,32.65805,-117.2472,32.66,-117.25,0.3401809338579973,0.05,2014,365,365,1.0,19.077594520547944,23.57,3.392464285714285,599.9761363636363,124.0,100.0,strictly prior MUR days at the same source pixel
CABRILLO_NATIONAL_MONUMENT VRG,32.65805,-117.2472,32.66,-117.25,0.3401809338579973,0.05,2015,365,365,1.0,19.35428493150685,24.269,4.160626373626373,664.1037307692308,111.0,81.0,strictly prior MUR days at the same source pixel
CABRILLO_NATIONAL_MONUMENT VRG,32.65805,-117.2472,32.66,-117.25,0.3401809338579973,0.05,2016,366,366,1.0,18.482680327868852,24.328,2.9330714285714294,324.03695054945047,60.0,48.0,strictly prior MUR days at the same source pixel
CABRILLO_NATIONAL_MONUMENT VRG,32.65805,-117.2472,32.66,-117.25,0.3401809338579973,0.05,2017,365,365,1.0,18.408216438356163,23.958,2.4498952380952366,268.808119047619,66.0,42.0,strictly prior MUR days at the same source pixel
CABRILLO_NATIONAL_MONUMENT VRG,32.65805,-117.2472,32.66,-117.25,0.3401809338579973,0.05,2018,365,365,1.0,18.515287671232876,25.296,3.7692053571428565,322.52997916666675,75.0,63.0,strictly prior MUR days at the same source pixel
CABRILLO_NATIONAL_MONUMENT VRG,32.65805,-117.2472,32.66,-117.25,0.3401809338579973,0.05,2019,365,365,1.0,17.90858904109589,23.86,2.022260504201681,129.81511397058827,30.0,19.0,strictly prior MUR days at the same source pixel
CABRILLO_NATIONAL_MONUMENT VRG,32.65805,-117.2472,32.66,-117.25,0.3401809338579973,0.05,2020,366,366,1.0,18.416213114754097,23.483,3.24242857142857,274.88109803921566,48.0,14.0,strictly prior MUR days at the same source pixel
CABRILLO_NATIONAL_MONUMENT VRG,32.65805,-117.2472,32.66,-117.25,0.3401809338579973,0.05,2021,365,363,0.9945205479452055,17.641975206611573,22.297,1.0958947368421061,53.88225730994153,16.0,7.0,strictly prior MUR days at the same source pixel
CAMBRIA_DC UCSC,35.5678915,-121.1243095,35.57,-121.12,0.4548642663634403,0.05,2002,214,214,1.0,13.316294392523364,15.077,,,,,strictly prior MUR days at the same source pixel
CAMBRIA_DC UCSC,35.5678915,-121.1243095,35.57,-121.12,0.4548642663634403,0.05,2003,365,365,1.0,13.127246575342468,16.929000000000002,,,,,strictly prior MUR days at the same source pixel
CAMBRIA_DC UCSC,35.5678915,-121.1243095,35.57,-121.12,0.4548642663634403,0.05,2004,366,366,1.0,13.260631147540982,17.024,2.9092857142857147,224.19299999999998,66.0,31.0,strictly prior MUR days at the same source pixel
CAMBRIA_DC UCSC,35.5678915,-121.1243095,35.57,-121.12,0.4548642663634403,0.05,2005,365,364,0.9972602739726028,13.206931318681317,15.733,2.5441428571428566,195.2386666666667,18.0,17.0,strictly prior MUR days at the same source pixel
CAMBRIA_DC UCSC,35.5678915,-121.1243095,35.57,-121.12,0.4548642663634403,0.05,2006,365,365,1.0,13.693252054794522,17.502,2.831,306.4123333333333,109.0,50.0,strictly prior MUR days at the same source pixel
CAMBRIA_DC UCSC,35.5678915,-121.1243095,35.57,-121.12,0.4548642663634403,0.05,2007,365,365,1.0,12.9136,16.505,1.8860285714285714,81.69589999999998,17.0,12.0,strictly prior MUR days at the same source pixel
CAMBRIA_DC UCSC,35.5678915,-121.1243095,35.57,-121.12,0.4548642663634403,0.05,2008,366,366,1.0,13.040928961748632,17.056,2.009547619047619,168.6133333333333,69.0,38.0,strictly prior MUR days at the same source pixel
CAMBRIA_DC UCSC,35.5678915,-121.1243095,35.57,-121.12,0.4548642663634403,0.05,2009,365,365,1.0,13.347252054794522,16.488,2.961591836734694,180.2631904761905,35.0,8.0,strictly prior MUR days at the same source pixel
CAMBRIA_DC UCSC,35.5678915,-121.1243095,35.57,-121.12,0.4548642663634403,0.05,2010,365,365,1.0,13.16797808219178,15.631,1.3694489795918372,128.9720357142857,3.0,2.0,strictly prior MUR days at the same source pixel
CAMBRIA_DC UCSC,35.5678915,-121.1243095,35.57,-121.12,0.4548642663634403,0.05,2011,365,365,1.0,13.338906849315066,16.536,1.7724464285714288,136.51331944444445,50.0,17.0,strictly prior MUR days at the same source pixel
CAMBRIA_DC UCSC,35.5678915,-121.1243095,35.57,-121.12,0.4548642663634403,0.05,2012,366,366,1.0,13.396784153005465,17.346,2.5051428571428573,193.2122444444444,69.0,28.0,strictly prior MUR days at the same source pixel
CAMBRIA_DC UCSC,35.5678915,-121.1243095,35.57,-121.12,0.4548642663634403,0.05,2013,365,365,1.0,13.39509315068493,16.291,3.3030259740259735,163.0393909090909,41.0,17.0,strictly prior MUR days at the same source pixel
CAMBRIA_DC UCSC,35.5678915,-121.1243095,35.57,-121.12,0.4548642663634403,0.05,2014,365,365,1.0,15.008523287671233,19.0,4.1228928571428565,663.7384166666667,175.0,175.0,strictly prior MUR days at the same source pixel
CAMBRIA_DC UCSC,35.5678915,-121.1243095,35.57,-121.12,0.4548642663634403,0.05,2015,365,365,1.0,15.390460273972602,19.813,4.317362637362637,740.7939038461539,151.0,136.0,strictly prior MUR days at the same source pixel
CAMBRIA_DC UCSC,35.5678915,-121.1243095,35.57,-121.12,0.4548642663634403,0.05,2016,366,366,1.0,14.035418032786884,16.904,2.634208791208792,249.6592197802198,27.0,8.0,strictly prior MUR days at the same source pixel
CAMBRIA_DC UCSC,35.5678915,-121.1243095,35.57,-121.12,0.4548642663634403,0.05,2017,365,365,1.0,13.984443835616439,18.598,3.1473428571428568,225.11166190476183,60.0,37.0,strictly prior MUR days at the same source pixel
CAMBRIA_DC UCSC,35.5678915,-121.1243095,35.57,-121.12,0.4548642663634403,0.05,2018,365,365,1.0,14.215989041095888,17.738,3.1486249999999996,298.1332124999999,78.0,28.0,strictly prior MUR days at the same source pixel
CAMBRIA_DC UCSC,35.5678915,-121.1243095,35.57,-121.12,0.4548642663634403,0.05,2019,365,365,1.0,13.973969863013698,16.482,2.3997731092436974,218.48496323529412,19.0,5.0,strictly prior MUR days at the same source pixel
CAMBRIA_DC UCSC,35.5678915,-121.1243095,35.57,-121.12,0.4548642663634403,0.05,2020,366,366,1.0,13.997060109289617,17.345,2.2580317460317465,233.92434150326795,62.0,25.0,strictly prior MUR days at the same source pixel
CAMBRIA_DC UCSC,35.5678915,-121.1243095,35.57,-121.12,0.4548642663634403,0.05,2021,365,363,0.9945205479452055,13.473311294765839,17.596,2.036977443609022,121.12962865497076,47.0,21.0,strictly prior MUR days at the same source pixel
CAMBRIA_UC UCSC,35.5704975,-121.1271225,35.57,-121.13,0.2660738120569751,0.05,2002,214,214,1.0,13.32446261682243,15.09,,,,,strictly prior MUR days at the same source pixel
CAMBRIA_UC UCSC,35.5704975,-121.1271225,35.57,-121.13,0.2660738120569751,0.05,2003,365,365,1.0,13.13410684931507,16.936,,,,,strictly prior MUR days at the same source pixel
CAMBRIA_UC UCSC,35.5704975,-121.1271225,35.57,-121.13,0.2660738120569751,0.05,2004,366,366,1.0,13.263857923497268,17.023,2.913571428571428,223.49799999999996,66.0,30.0,strictly prior MUR days at the same source pixel
CAMBRIA_UC UCSC,35.5704975,-121.1271225,35.57,-121.13,0.2660738120569751,0.05,2005,365,364,0.9972602739726028,13.213629120879123,15.743,2.5245,195.48699999999997,19.0,18.0,strictly prior MUR days at the same source pixel
CAMBRIA_UC UCSC,35.5704975,-121.1271225,35.57,-121.13,0.2660738120569751,0.05,2006,365,365,1.0,13.700150684931508,17.509,2.829,306.31991666666664,109.0,50.0,strictly prior MUR days at the same source pixel
CAMBRIA_UC UCSC,35.5704975,-121.1271225,35.57,-121.13,0.2660738120569751,0.05,2007,365,365,1.0,12.918964383561645,16.512999999999998,1.8840571428571429,81.35475,18.0,12.0,strictly prior MUR days at the same source pixel
CAMBRIA_UC UCSC,35.5704975,-121.1271225,35.57,-121.13,0.2660738120569751,0.05,2008,366,366,1.0,13.043412568306012,17.073999999999998,2.011095238095239,168.2241,69.0,38.0,strictly prior MUR days at the same source pixel
CAMBRIA_UC UCSC,35.5704975,-121.1271225,35.57,-121.13,0.2660738120569751,0.05,2009,365,365,1.0,13.350027397260275,16.491999999999997,2.979408163265307,179.94380952380953,35.0,8.0,strictly prior MUR days at the same source pixel
CAMBRIA_UC UCSC,35.5704975,-121.1271225,35.57,-121.13,0.2660738120569751,0.05,2010,365,365,1.0,13.173575342465751,15.636,1.3683061224489805,128.75762500000002,3.0,2.0,strictly prior MUR days at the same source pixel
CAMBRIA_UC UCSC,35.5704975,-121.1271225,35.57,-121.13,0.2660738120569751,0.05,2011,365,365,1.0,13.345687671232875,16.545,1.768392857142857,136.94254166666667,50.0,17.0,strictly prior MUR days at the same source pixel
CAMBRIA_UC UCSC,35.5704975,-121.1271225,35.57,-121.13,0.2660738120569751,0.05,2012,366,366,1.0,13.40364480874317,17.347,2.502442857142857,193.93685555555555,69.0,28.0,strictly prior MUR days at the same source pixel
CAMBRIA_UC UCSC,35.5704975,-121.1271225,35.57,-121.13,0.2660738120569751,0.05,2013,365,365,1.0,13.398309589041096,16.283,3.296012987012987,162.70703636363635,40.0,17.0,strictly prior MUR days at the same source pixel
CAMBRIA_UC UCSC,35.5704975,-121.1271225,35.57,-121.13,0.2660738120569751,0.05,2014,365,365,1.0,15.016279452054794,18.976,4.109857142857143,664.5228863636363,175.0,175.0,strictly prior MUR days at the same source pixel
CAMBRIA_UC UCSC,35.5704975,-121.1271225,35.57,-121.13,0.2660738120569751,0.05,2015,365,365,1.0,15.398098630136985,19.836,4.3217912087912085,741.6075256410256,151.0,136.0,strictly prior MUR days at the same source pixel
CAMBRIA_UC UCSC,35.5704975,-121.1271225,35.57,-121.13,0.2660738120569751,0.05,2016,366,366,1.0,14.044265027322405,16.916,2.6530549450549445,250.57089377289378,29.0,8.0,strictly prior MUR days at the same source pixel
CAMBRIA_UC UCSC,35.5704975,-121.1271225,35.57,-121.13,0.2660738120569751,0.05,2017,365,365,1.0,13.991290410958904,18.621,3.1484095238095233,225.55185714285716,59.0,37.0,strictly prior MUR days at the same source pixel
CAMBRIA_UC UCSC,35.5704975,-121.1271225,35.57,-121.13,0.2660738120569751,0.05,2018,365,365,1.0,14.220868493150686,17.759999999999998,3.1359999999999992,297.6967791666667,77.0,28.0,strictly prior MUR days at the same source pixel
CAMBRIA_UC UCSC,35.5704975,-121.1271225,35.57,-121.13,0.2660738120569751,0.05,2019,365,365,1.0,13.9806301369863,16.479,2.4164117647058823,218.82748897058826,19.0,5.0,strictly prior MUR days at the same source pixel
CAMBRIA_UC UCSC,35.5704975,-121.1271225,35.57,-121.13,0.2660738120569751,0.05,2020,366,366,1.0,14.002303278688526,17.35,2.2680634920634923,233.4071683006536,62.0,25.0,strictly prior MUR days at the same source pixel
CAMBRIA_UC UCSC,35.5704975,-121.1271225,35.57,-121.13,0.2660738120569751,0.05,2021,365,363,0.9945205479452055,13.480694214876033,17.607,2.0326466165413533,121.19971637426897,48.0,21.0,strictly prior MUR days at the same source pixel
CANNERY_DC UCSC,36.61495,-121.896,36.62,-121.9,0.6654083277816397,0.05,2002,214,214,1.0,13.156004672897197,14.892,,,,,strictly prior MUR days at the same source pixel
CANNERY_DC UCSC,36.61495,-121.896,36.62,-121.9,0.6654083277816397,0.05,2003,365,365,1.0,13.455764383561645,17.076999999999998,,,,,strictly prior MUR days at the same source pixel
CANNERY_DC UCSC,36.61495,-121.896,36.62,-121.9,0.6654083277816397,0.05,2004,366,366,1.0,13.237674863387976,15.799,1.8887142857142858,152.91750000000002,24.0,18.0,strictly prior MUR days at the same source pixel
CANNERY_DC UCSC,36.61495,-121.896,36.62,-121.9,0.6654083277816397,0.05,2005,365,365,1.0,13.432873972602739,15.377,2.4087142857142854,216.6115,34.0,12.0,strictly prior MUR days at the same source pixel
CANNERY_DC UCSC,36.61495,-121.896,36.62,-121.9,0.6654083277816397,0.05,2006,365,365,1.0,13.557969863013698,16.901,2.360535714285714,215.0383333333333,105.0,52.0,strictly prior MUR days at the same source pixel
CANNERY_DC UCSC,36.61495,-121.896,36.62,-121.9,0.6654083277816397,0.05,2007,365,365,1.0,12.853920547945206,17.121,1.5803428571428573,70.8408,24.0,12.0,strictly prior MUR days at the same source pixel
CANNERY_DC UCSC,36.61495,-121.896,36.62,-121.9,0.6654083277816397,0.05,2008,366,366,1.0,12.702478142076503,16.854,2.4367619047619042,89.42753333333333,51.0,20.0,strictly prior MUR days at the same source pixel
CANNERY_DC UCSC,36.61495,-121.896,36.62,-121.9,0.6654083277816397,0.05,2009,365,365,1.0,12.891197260273973,15.78,2.330959183673469,96.26854761904761,10.0,4.0,strictly prior MUR days at the same source pixel
CANNERY_DC UCSC,36.61495,-121.896,36.62,-121.9,0.6654083277816397,0.05,2010,365,365,1.0,13.066408219178081,15.235,1.149285714285714,120.99794642857141,4.0,4.0,strictly prior MUR days at the same source pixel
CANNERY_DC UCSC,36.61495,-121.896,36.62,-121.9,0.6654083277816397,0.05,2011,365,365,1.0,12.99169589041096,15.89,1.8491746031746028,91.25919444444443,41.0,30.0,strictly prior MUR days at the same source pixel
CANNERY_DC UCSC,36.61495,-121.896,36.62,-121.9,0.6654083277816397,0.05,2012,366,366,1.0,13.0426912568306,16.119999999999997,2.0740857142857148,133.66317777777778,36.0,21.0,strictly prior MUR days at the same source pixel
CANNERY_DC UCSC,36.61495,-121.896,36.62,-121.9,0.6654083277816397,0.05,2013,365,365,1.0,12.89945205479452,15.405,1.7318441558441562,74.66850909090908,13.0,4.0,strictly prior MUR days at the same source pixel
CANNERY_DC UCSC,36.61495,-121.896,36.62,-121.9,0.6654083277816397,0.05,2014,365,365,1.0,14.622961643835618,18.354,3.4129761904761904,579.3548181818182,172.0,172.0,strictly prior MUR days at the same source pixel
CANNERY_DC UCSC,36.61495,-121.896,36.62,-121.9,0.6654083277816397,0.05,2015,365,365,1.0,14.80686301369863,18.389,3.4249670329670323,601.8021025641026,130.0,128.0,strictly prior MUR days at the same source pixel
CANNERY_DC UCSC,36.61495,-121.896,36.62,-121.9,0.6654083277816397,0.05,2016,366,366,1.0,13.764631147540982,15.999,2.069448979591837,254.66523076923076,38.0,18.0,strictly prior MUR days at the same source pixel
CANNERY_DC UCSC,36.61495,-121.896,36.62,-121.9,0.6654083277816397,0.05,2017,365,365,1.0,13.441438356164383,18.053,2.7392857142857148,150.01919999999998,48.0,42.0,strictly prior MUR days at the same source pixel
CANNERY_DC UCSC,36.61495,-121.896,36.62,-121.9,0.6654083277816397,0.05,2018,365,365,1.0,13.822246575342465,16.912,3.046214285714285,274.32720416666666,66.0,25.0,strictly prior MUR days at the same source pixel
CANNERY_DC UCSC,36.61495,-121.896,36.62,-121.9,0.6654083277816397,0.05,2019,365,365,1.0,13.895632876712328,16.598,2.383151785714286,245.41143014705887,32.0,14.0,strictly prior MUR days at the same source pixel
CANNERY_DC UCSC,36.61495,-121.896,36.62,-121.9,0.6654083277816397,0.05,2020,366,366,1.0,13.82341530054645,17.149,2.520781512605043,251.97579738562092,43.0,12.0,strictly prior MUR days at the same source pixel
CANNERY_DC UCSC,36.61495,-121.896,36.62,-121.9,0.6654083277816397,0.05,2021,365,363,0.9945205479452055,13.398677685950412,17.656,1.7439473684210522,143.88609649122805,66.0,55.0,strictly prior MUR days at the same source pixel
CANNERY_UC UCSC,36.61264,-121.8946,36.61,-121.89,0.5047271219187249,0.05,2002,214,214,1.0,13.138883177570094,14.861,,,,,strictly prior MUR days at the same source pixel
CANNERY_UC UCSC,36.61264,-121.8946,36.61,-121.89,0.5047271219187249,0.05,2003,365,365,1.0,13.445416438356162,17.086,,,,,strictly prior MUR days at the same source pixel
CANNERY_UC UCSC,36.61264,-121.8946,36.61,-121.89,0.5047271219187249,0.05,2004,366,366,1.0,13.229062841530054,15.803,1.8787857142857143,154.74,24.0,18.0,strictly prior MUR days at the same source pixel
CANNERY_UC UCSC,36.61264,-121.8946,36.61,-121.89,0.5047271219187249,0.05,2005,365,365,1.0,13.424739726027399,15.379,2.4209285714285715,217.80599999999998,33.0,12.0,strictly prior MUR days at the same source pixel
CANNERY_UC UCSC,36.61264,-121.8946,36.61,-121.89,0.5047271219187249,0.05,2006,365,365,1.0,13.550284931506848,16.891,2.3521428571428578,216.43558333333334,105.0,52.0,strictly prior MUR days at the same source pixel
CANNERY_UC UCSC,36.61264,-121.8946,36.61,-121.89,0.5047271219187249,0.05,2007,365,365,1.0,12.850169863013699,17.106,1.561628571428571,71.62939999999999,24.0,12.0,strictly prior MUR days at the same source pixel
CANNERY_UC UCSC,36.61264,-121.8946,36.61,-121.89,0.5047271219187249,0.05,2008,366,366,1.0,12.698934426229506,16.909,2.4399285714285712,90.23983333333334,50.0,20.0,strictly prior MUR days at the same source pixel
CANNERY_UC UCSC,36.61264,-121.8946,36.61,-121.89,0.5047271219187249,0.05,2009,365,365,1.0,12.884717808219177,15.753,2.3198367346938773,96.88811904761903,9.0,4.0,strictly prior MUR days at the same source pixel
CANNERY_UC UCSC,36.61264,-121.8946,36.61,-121.89,0.5047271219187249,0.05,2010,365,365,1.0,13.06129315068493,15.232,1.14830612244898,121.70698214285713,4.0,4.0,strictly prior MUR days at the same source pixel
CANNERY_UC UCSC,36.61264,-121.8946,36.61,-121.89,0.5047271219187249,0.05,2011,365,365,1.0,12.988589041095889,15.863,1.8382857142857143,91.6802361111111,42.0,30.0,strictly prior MUR days at the same source pixel
CANNERY_UC UCSC,36.61264,-121.8946,36.61,-121.89,0.5047271219187249,0.05,2012,366,366,1.0,13.039270491803277,16.131999999999998,2.064071428571429,134.94638888888886,36.0,21.0,strictly prior MUR days at the same source pixel
CANNERY_UC UCSC,36.61264,-121.8946,36.61,-121.89,0.5047271219187249,0.05,2013,365,365,1.0,12.889435616438357,15.436,1.7422337662337666,74.57459090909093,12.0,4.0,strictly prior MUR days at the same source pixel
CANNERY_UC UCSC,36.61264,-121.8946,36.61,-121.89,0.5047271219187249,0.05,2014,365,365,1.0,14.616693150684934,18.319,3.4280119047619046,579.9672121212121,172.0,172.0,strictly prior MUR days at the same source pixel
CANNERY_UC UCSC,36.61264,-121.8946,36.61,-121.89,0.5047271219187249,0.05,2015,365,365,1.0,14.801246575342466,18.391,3.42787912087912,602.2919807692308,130.0,128.0,strictly prior MUR days at the same source pixel
CANNERY_UC UCSC,36.61264,-121.8946,36.61,-121.89,0.5047271219187249,0.05,2016,366,366,1.0,13.751027322404372,15.975,2.0692653061224493,252.89117582417583,34.0,10.0,strictly prior MUR days at the same source pixel
CANNERY_UC UCSC,36.61264,-121.8946,36.61,-121.89,0.5047271219187249,0.05,2017,365,365,1.0,13.42683287671233,18.065,2.7366571428571427,148.53844761904762,48.0,42.0,strictly prior MUR days at the same source pixel
CANNERY_UC UCSC,36.61264,-121.8946,36.61,-121.89,0.5047271219187249,0.05,2018,365,365,1.0,13.81428493150685,16.875999999999998,3.0419910714285723,274.18480416666665,66.0,25.0,strictly prior MUR days at the same source pixel
CANNERY_UC UCSC,36.61264,-121.8946,36.61,-121.89,0.5047271219187249,0.05,2019,365,365,1.0,13.890608219178082,16.6,2.3653839285714287,246.50195220588236,32.0,14.0,strictly prior MUR days at the same source pixel
CANNERY_UC UCSC,36.61264,-121.8946,36.61,-121.89,0.5047271219187249,0.05,2020,366,366,1.0,13.813631147540985,17.154,2.541966386554622,252.2201797385621,43.0,12.0,strictly prior MUR days at the same source pixel
CANNERY_UC UCSC,36.61264,-121.8946,36.61,-121.89,0.5047271219187249,0.05,2021,365,363,0.9945205479452055,13.389162534435261,17.656,1.7553984962406015,143.83923391812866,66.0,55.0,strictly prior MUR days at the same source pixel
CAYUCOS_DC UCSC,35.434393,-120.947256,35.43,-120.95,0.5481063361220886,0.05,2002,214,214,1.0,13.443682242990656,14.88,,,,,strictly prior MUR days at the same source pixel
CAYUCOS_DC UCSC,35.434393,-120.947256,35.43,-120.95,0.5481063361220886,0.05,2003,365,365,1.0,13.256180821917809,16.778,,,,,strictly prior MUR days at the same source pixel
CAYUCOS_DC UCSC,35.434393,-120.947256,35.43,-120.95,0.5481063361220886,0.05,2004,366,366,1.0,13.337724043715847,17.242,2.808571428571429,212.81199999999998,57.0,30.0,strictly prior MUR days at the same source pixel
CAYUCOS_DC UCSC,35.434393,-120.947256,35.43,-120.95,0.5481063361220886,0.05,2005,365,364,0.9972602739726028,13.305304945054944,15.733,2.680785714285714,194.80066666666664,21.0,17.0,strictly prior MUR days at the same source pixel
CAYUCOS_DC UCSC,35.434393,-120.947256,35.43,-120.95,0.5481063361220886,0.05,2006,365,365,1.0,13.710416438356164,17.361,2.865642857142857,285.1673333333333,104.0,42.0,strictly prior MUR days at the same source pixel
CAYUCOS_DC UCSC,35.434393,-120.947256,35.43,-120.95,0.5481063361220886,0.05,2007,365,365,1.0,13.024372602739728,16.518,1.8196571428571426,83.58755,16.0,12.0,strictly prior MUR days at the same source pixel
CAYUCOS_DC UCSC,35.434393,-120.947256,35.43,-120.95,0.5481063361220886,0.05,2008,366,366,1.0,13.164065573770491,16.77,1.9979999999999998,164.4879333333333,75.0,34.0,strictly prior MUR days at the same source pixel
CAYUCOS_DC UCSC,35.434393,-120.947256,35.43,-120.95,0.5481063361220886,0.05,2009,365,365,1.0,13.412986301369862,16.445,2.679714285714286,171.83619047619044,39.0,9.0,strictly prior MUR days at the same source pixel
CAYUCOS_DC UCSC,35.434393,-120.947256,35.43,-120.95,0.5481063361220886,0.05,2010,365,365,1.0,13.162441095890411,15.781,1.3184285714285715,113.12510714285717,3.0,2.0,strictly prior MUR days at the same source pixel
CAYUCOS_DC UCSC,35.434393,-120.947256,35.43,-120.95,0.5481063361220886,0.05,2011,365,365,1.0,13.342010958904112,16.633,1.6567619047619042,121.7545,40.0,15.0,strictly prior MUR days at the same source pixel
CAYUCOS_DC UCSC,35.434393,-120.947256,35.43,-120.95,0.5481063361220886,0.05,2012,366,366,1.0,13.424833333333334,17.525,2.5889285714285717,180.0896666666667,59.0,26.0,strictly prior MUR days at the same source pixel
CAYUCOS_DC UCSC,35.434393,-120.947256,35.43,-120.95,0.5481063361220886,0.05,2013,365,365,1.0,13.475378082191781,16.508,3.1495064935064936,167.6295090909091,42.0,18.0,strictly prior MUR days at the same source pixel
CAYUCOS_DC UCSC,35.434393,-120.947256,35.43,-120.95,0.5481063361220886,0.05,2014,365,365,1.0,15.00772602739726,19.725,4.611130952380952,636.4878712121213,171.0,130.0,strictly prior MUR days at the same source pixel
CAYUCOS_DC UCSC,35.434393,-120.947256,35.43,-120.95,0.5481063361220886,0.05,2015,365,365,1.0,15.410476712328766,19.531,4.353901098901099,724.8192307692307,147.0,127.0,strictly prior MUR days at the same source pixel
CAYUCOS_DC UCSC,35.434393,-120.947256,35.43,-120.95,0.5481063361220886,0.05,2016,366,366,1.0,14.040901639344263,16.775,2.0587142857142857,229.80885531135533,26.0,8.0,strictly prior MUR days at the same source pixel
CAYUCOS_DC UCSC,35.434393,-120.947256,35.43,-120.95,0.5481063361220886,0.05,2017,365,365,1.0,14.035326027397259,18.439,2.967352380952381,223.41748095238094,65.0,37.0,strictly prior MUR days at the same source pixel
CAYUCOS_DC UCSC,35.434393,-120.947256,35.43,-120.95,0.5481063361220886,0.05,2018,365,365,1.0,14.27593698630137,17.653,3.161758928571428,297.14047916666664,87.0,29.0,strictly prior MUR days at the same source pixel
CAYUCOS_DC UCSC,35.434393,-120.947256,35.43,-120.95,0.5481063361220886,0.05,2019,365,365,1.0,14.004441095890412,16.686,2.089016806722689,207.13053676470588,16.0,6.0,strictly prior MUR days at the same source pixel
CAYUCOS_DC UCSC,35.434393,-120.947256,35.43,-120.95,0.5481063361220886,0.05,2020,366,366,1.0,14.025420765027325,17.32,2.0203253968253967,236.00326470588232,68.0,28.0,strictly prior MUR days at the same source pixel
CAYUCOS_DC UCSC,35.434393,-120.947256,35.43,-120.95,0.5481063361220886,0.05,2021,365,363,0.9945205479452055,13.448741046831955,17.195,1.9690526315789474,110.60991228070174,41.0,10.0,strictly prior MUR days at the same source pixel
CAYUCOS_UC UCSC,35.43415,-120.950473,35.43,-120.95,0.463445229898059,0.05,2002,214,214,1.0,13.443682242990656,14.88,,,,,strictly prior MUR days at the same source pixel
CAYUCOS_UC UCSC,35.43415,-120.950473,35.43,-120.95,0.463445229898059,0.05,2003,365,365,1.0,13.256180821917809,16.778,,,,,strictly prior MUR days at the same source pixel
CAYUCOS_UC UCSC,35.43415,-120.950473,35.43,-120.95,0.463445229898059,0.05,2004,366,366,1.0,13.337724043715847,17.242,2.808571428571429,212.81199999999998,57.0,30.0,strictly prior MUR days at the same source pixel
CAYUCOS_UC UCSC,35.43415,-120.950473,35.43,-120.95,0.463445229898059,0.05,2005,365,364,0.9972602739726028,13.305304945054944,15.733,2.680785714285714,194.80066666666664,21.0,17.0,strictly prior MUR days at the same source pixel
CAYUCOS_UC UCSC,35.43415,-120.950473,35.43,-120.95,0.463445229898059,0.05,2006,365,365,1.0,13.710416438356164,17.361,2.865642857142857,285.1673333333333,104.0,42.0,strictly prior MUR days at the same source pixel
CAYUCOS_UC UCSC,35.43415,-120.950473,35.43,-120.95,0.463445229898059,0.05,2007,365,365,1.0,13.024372602739728,16.518,1.8196571428571426,83.58755,16.0,12.0,strictly prior MUR days at the same source pixel
CAYUCOS_UC UCSC,35.43415,-120.950473,35.43,-120.95,0.463445229898059,0.05,2008,366,366,1.0,13.164065573770491,16.77,1.9979999999999998,164.4879333333333,75.0,34.0,strictly prior MUR days at the same source pixel
CAYUCOS_UC UCSC,35.43415,-120.950473,35.43,-120.95,0.463445229898059,0.05,2009,365,365,1.0,13.412986301369862,16.445,2.679714285714286,171.83619047619044,39.0,9.0,strictly prior MUR days at the same source pixel
CAYUCOS_UC UCSC,35.43415,-120.950473,35.43,-120.95,0.463445229898059,0.05,2010,365,365,1.0,13.162441095890411,15.781,1.3184285714285715,113.12510714285717,3.0,2.0,strictly prior MUR days at the same source pixel
CAYUCOS_UC UCSC,35.43415,-120.950473,35.43,-120.95,0.463445229898059,0.05,2011,365,365,1.0,13.342010958904112,16.633,1.6567619047619042,121.7545,40.0,15.0,strictly prior MUR days at the same source pixel
CAYUCOS_UC UCSC,35.43415,-120.950473,35.43,-120.95,0.463445229898059,0.05,2012,366,366,1.0,13.424833333333334,17.525,2.5889285714285717,180.0896666666667,59.0,26.0,strictly prior MUR days at the same source pixel
CAYUCOS_UC UCSC,35.43415,-120.950473,35.43,-120.95,0.463445229898059,0.05,2013,365,365,1.0,13.475378082191781,16.508,3.1495064935064936,167.6295090909091,42.0,18.0,strictly prior MUR days at the same source pixel
CAYUCOS_UC UCSC,35.43415,-120.950473,35.43,-120.95,0.463445229898059,0.05,2014,365,365,1.0,15.00772602739726,19.725,4.611130952380952,636.4878712121213,171.0,130.0,strictly prior MUR days at the same source pixel
CAYUCOS_UC UCSC,35.43415,-120.950473,35.43,-120.95,0.463445229898059,0.05,2015,365,365,1.0,15.410476712328766,19.531,4.353901098901099,724.8192307692307,147.0,127.0,strictly prior MUR days at the same source pixel
CAYUCOS_UC UCSC,35.43415,-120.950473,35.43,-120.95,0.463445229898059,0.05,2016,366,366,1.0,14.040901639344263,16.775,2.0587142857142857,229.80885531135533,26.0,8.0,strictly prior MUR days at the same source pixel
CAYUCOS_UC UCSC,35.43415,-120.950473,35.43,-120.95,0.463445229898059,0.05,2017,365,365,1.0,14.035326027397259,18.439,2.967352380952381,223.41748095238094,65.0,37.0,strictly prior MUR days at the same source pixel
CAYUCOS_UC UCSC,35.43415,-120.950473,35.43,-120.95,0.463445229898059,0.05,2018,365,365,1.0,14.27593698630137,17.653,3.161758928571428,297.14047916666664,87.0,29.0,strictly prior MUR days at the same source pixel
CAYUCOS_UC UCSC,35.43415,-120.950473,35.43,-120.95,0.463445229898059,0.05,2019,365,365,1.0,14.004441095890412,16.686,2.089016806722689,207.13053676470588,16.0,6.0,strictly prior MUR days at the same source pixel
CAYUCOS_UC UCSC,35.43415,-120.950473,35.43,-120.95,0.463445229898059,0.05,2020,366,366,1.0,14.025420765027325,17.32,2.0203253968253967,236.00326470588232,68.0,28.0,strictly prior MUR days at the same source pixel
CAYUCOS_UC UCSC,35.43415,-120.950473,35.43,-120.95,0.463445229898059,0.05,2021,365,363,0.9945205479452055,13.448741046831955,17.195,1.9690526315789474,110.60991228070174,41.0,10.0,strictly prior MUR days at the same source pixel
CHILDRENS_POOL VRG,32.85167,-117.2783,32.85,-117.28,0.2443383766685429,0.05,2002,214,214,1.0,18.21918224299065,20.956,,,,,strictly prior MUR days at the same source pixel
CHILDRENS_POOL VRG,32.85167,-117.2783,32.85,-117.28,0.2443383766685429,0.05,2003,365,365,1.0,17.435769863013697,22.169,,,,,strictly prior MUR days at the same source pixel
CHILDRENS_POOL VRG,32.85167,-117.2783,32.85,-117.28,0.2443383766685429,0.05,2004,366,366,1.0,17.887106557377052,23.407,3.469714285714286,318.4435,73.0,56.0,strictly prior MUR days at the same source pixel
CHILDRENS_POOL VRG,32.85167,-117.2783,32.85,-117.28,0.2443383766685429,0.05,2005,365,365,1.0,17.64041095890411,22.403,2.3689047619047625,163.0858333333333,30.0,16.0,strictly prior MUR days at the same source pixel
CHILDRENS_POOL VRG,32.85167,-117.2783,32.85,-117.28,0.2443383766685429,0.05,2006,365,364,0.9972602739726028,17.938700549450548,24.44,4.108892857142856,281.4345,85.0,79.0,strictly prior MUR days at the same source pixel
CHILDRENS_POOL VRG,32.85167,-117.2783,32.85,-117.28,0.2443383766685429,0.05,2007,365,364,0.9972602739726028,17.674195054945056,24.264,3.0866285714285717,148.5752,53.0,46.0,strictly prior MUR days at the same source pixel
CHILDRENS_POOL VRG,32.85167,-117.2783,32.85,-117.28,0.2443383766685429,0.05,2008,366,366,1.0,17.71553005464481,22.837,2.837666666666667,156.4394,36.0,9.0,strictly prior MUR days at the same source pixel
CHILDRENS_POOL VRG,32.85167,-117.2783,32.85,-117.28,0.2443383766685429,0.05,2009,365,365,1.0,17.96266301369863,24.007,2.249591836734695,172.84145238095243,69.0,27.0,strictly prior MUR days at the same source pixel
CHILDRENS_POOL VRG,32.85167,-117.2783,32.85,-117.28,0.2443383766685429,0.05,2010,365,365,1.0,17.23716712328767,21.152,1.048122448979592,88.24735714285714,0.0,0.0,strictly prior MUR days at the same source pixel
CHILDRENS_POOL VRG,32.85167,-117.2783,32.85,-117.28,0.2443383766685429,0.05,2011,365,365,1.0,17.137723287671232,21.633,1.7088035714285703,63.17281944444444,7.0,4.0,strictly prior MUR days at the same source pixel
CHILDRENS_POOL VRG,32.85167,-117.2783,32.85,-117.28,0.2443383766685429,0.05,2012,366,366,1.0,17.91054918032787,23.344,2.1858,210.76155555555562,55.0,45.0,strictly prior MUR days at the same source pixel
CHILDRENS_POOL VRG,32.85167,-117.2783,32.85,-117.28,0.2443383766685429,0.05,2013,365,365,1.0,17.75766575342466,22.438,2.193402597402597,158.96966969696973,34.0,23.0,strictly prior MUR days at the same source pixel
CHILDRENS_POOL VRG,32.85167,-117.2783,32.85,-117.28,0.2443383766685429,0.05,2014,365,365,1.0,19.18557808219178,23.819,3.1651190476190476,578.5124787878788,113.0,67.0,strictly prior MUR days at the same source pixel
CHILDRENS_POOL VRG,32.85167,-117.2783,32.85,-117.28,0.2443383766685429,0.05,2015,365,365,1.0,19.495326027397258,24.693,3.946560439560441,657.8402383449883,103.0,77.0,strictly prior MUR days at the same source pixel
CHILDRENS_POOL VRG,32.85167,-117.2783,32.85,-117.28,0.2443383766685429,0.05,2016,366,366,1.0,18.71122677595628,24.753,3.257653061224489,347.5298113553113,57.0,55.0,strictly prior MUR days at the same source pixel
CHILDRENS_POOL VRG,32.85167,-117.2783,32.85,-117.28,0.2443383766685429,0.05,2017,365,365,1.0,18.52086575342466,23.959,2.1580190476190486,252.47806886446884,61.0,40.0,strictly prior MUR days at the same source pixel
CHILDRENS_POOL VRG,32.85167,-117.2783,32.85,-117.28,0.2443383766685429,0.05,2018,365,365,1.0,18.697460273972602,25.717,3.733589285714285,320.4654232142857,76.0,76.0,strictly prior MUR days at the same source pixel
CHILDRENS_POOL VRG,32.85167,-117.2783,32.85,-117.28,0.2443383766685429,0.05,2019,365,365,1.0,18.120257534246576,24.667,2.4410420168067226,132.61466740196082,35.0,16.0,strictly prior MUR days at the same source pixel
CHILDRENS_POOL VRG,32.85167,-117.2783,32.85,-117.28,0.2443383766685429,0.05,2020,366,366,1.0,18.5444043715847,24.258,3.1596218487394956,262.47304738562093,45.0,12.0,strictly prior MUR days at the same source pixel
CHILDRENS_POOL VRG,32.85167,-117.2783,32.85,-117.28,0.2443383766685429,0.05,2021,365,363,0.9945205479452055,17.78022038567493,23.038,1.3882698412698418,57.78169298245614,11.0,7.0,strictly prior MUR days at the same source pixel
CHINA_ROCK UCSC,36.59844,-121.9724,36.6,-121.97,0.2756670835824691,0.05,2002,214,214,1.0,13.171336448598131,14.885,,,,,strictly prior MUR days at the same source pixel
CHINA_ROCK UCSC,36.59844,-121.9724,36.6,-121.97,0.2756670835824691,0.05,2003,365,365,1.0,13.442709589041096,17.113,,,,,strictly prior MUR days at the same source pixel
CHINA_ROCK UCSC,36.59844,-121.9724,36.6,-121.97,0.2756670835824691,0.05,2004,366,366,1.0,13.200284153005464,15.855,1.9325000000000003,142.8485,17.0,6.0,strictly prior MUR days at the same source pixel
CHINA_ROCK UCSC,36.59844,-121.9724,36.6,-121.97,0.2756670835824691,0.05,2005,365,365,1.0,13.409512328767123,15.433,2.6048571428571425,220.41400000000002,27.0,11.0,strictly prior MUR days at the same source pixel
CHINA_ROCK UCSC,36.59844,-121.9724,36.6,-121.97,0.2756670835824691,0.05,2006,365,365,1.0,13.569734246575342,16.811,2.4466428571428573,222.54925,105.0,53.0,strictly prior MUR days at the same source pixel
CHINA_ROCK UCSC,36.59844,-121.9724,36.6,-121.97,0.2756670835824691,0.05,2007,365,365,1.0,12.804893150684931,17.269,1.538285714285714,66.37145,22.0,12.0,strictly prior MUR days at the same source pixel
CHINA_ROCK UCSC,36.59844,-121.9724,36.6,-121.97,0.2756670835824691,0.05,2008,366,366,1.0,12.6405,16.516,2.4760238095238094,87.00866666666667,50.0,35.0,strictly prior MUR days at the same source pixel
CHINA_ROCK UCSC,36.59844,-121.9724,36.6,-121.97,0.2756670835824691,0.05,2009,365,365,1.0,12.89183287671233,15.33,2.53395918367347,99.766,14.0,4.0,strictly prior MUR days at the same source pixel
CHINA_ROCK UCSC,36.59844,-121.9724,36.6,-121.97,0.2756670835824691,0.05,2010,365,365,1.0,13.026342465753425,15.251,1.1471632653061226,122.97226785714284,5.0,4.0,strictly prior MUR days at the same source pixel
CHINA_ROCK UCSC,36.59844,-121.9724,36.6,-121.97,0.2756670835824691,0.05,2011,365,365,1.0,12.985323287671234,16.188000000000002,2.0449047619047627,92.27870833333334,38.0,30.0,strictly prior MUR days at the same source pixel
CHINA_ROCK UCSC,36.59844,-121.9724,36.6,-121.97,0.2756670835824691,0.05,2012,366,366,1.0,13.032147540983605,16.212,1.9990285714285716,135.33747777777776,43.0,21.0,strictly prior MUR days at the same source pixel
CHINA_ROCK UCSC,36.59844,-121.9724,36.6,-121.97,0.2756670835824691,0.05,2013,365,365,1.0,12.891005479452057,15.166,1.8130000000000004,80.74890909090911,9.0,2.0,strictly prior MUR days at the same source pixel
CHINA_ROCK UCSC,36.59844,-121.9724,36.6,-121.97,0.2756670835824691,0.05,2014,365,365,1.0,14.63719726027397,18.118,3.5580000000000003,588.9946212121213,171.0,171.0,strictly prior MUR days at the same source pixel
CHINA_ROCK UCSC,36.59844,-121.9724,36.6,-121.97,0.2756670835824691,0.05,2015,365,365,1.0,14.832832876712327,18.393,3.6037802197802193,616.195391025641,137.0,131.0,strictly prior MUR days at the same source pixel
CHINA_ROCK UCSC,36.59844,-121.9724,36.6,-121.97,0.2756670835824691,0.05,2016,366,366,1.0,13.79393989071038,16.16,2.1477142857142857,267.1079761904762,35.0,9.0,strictly prior MUR days at the same source pixel
CHINA_ROCK UCSC,36.59844,-121.9724,36.6,-121.97,0.2756670835824691,0.05,2017,365,365,1.0,13.497312328767125,18.1,2.8043714285714287,158.88228095238097,50.0,43.0,strictly prior MUR days at the same source pixel
CHINA_ROCK UCSC,36.59844,-121.9724,36.6,-121.97,0.2756670835824691,0.05,2018,365,365,1.0,13.849964383561646,16.953,3.069232142857142,281.96484166666664,68.0,25.0,strictly prior MUR days at the same source pixel
CHINA_ROCK UCSC,36.59844,-121.9724,36.6,-121.97,0.2756670835824691,0.05,2019,365,365,1.0,13.92121095890411,16.717,2.484392857142857,252.5911875,30.0,10.0,strictly prior MUR days at the same source pixel
CHINA_ROCK UCSC,36.59844,-121.9724,36.6,-121.97,0.2756670835824691,0.05,2020,366,366,1.0,13.764371584699454,16.98,2.5192016806722686,239.95066666666668,41.0,10.0,strictly prior MUR days at the same source pixel
CHINA_ROCK UCSC,36.59844,-121.9724,36.6,-121.97,0.2756670835824691,0.05,2021,365,363,0.9945205479452055,13.365033057851239,17.433,1.6980676691729328,138.52590935672515,64.0,49.0,strictly prior MUR days at the same source pixel
COJO_E UCSB,34.44129,-120.4168,34.44,-120.42,0.3266343586686688,0.05,2002,214,214,1.0,14.644771028037383,16.39,,,,,strictly prior MUR days at the same source pixel
COJO_E UCSB,34.44129,-120.4168,34.44,-120.42,0.3266343586686688,0.05,2003,365,365,1.0,14.163501369863013,18.045,,,,,strictly prior MUR days at the same source pixel
COJO_E UCSB,34.44129,-120.4168,34.44,-120.42,0.3266343586686688,0.05,2004,366,366,1.0,14.569844262295081,19.82,4.583714285714286,342.2745,87.0,46.0,strictly prior MUR days at the same source pixel
COJO_E UCSB,34.44129,-120.4168,34.44,-120.42,0.3266343586686688,0.05,2005,365,364,0.9972602739726028,14.270582417582418,17.681,2.468357142857143,198.78033333333335,12.0,4.0,strictly prior MUR days at the same source pixel
COJO_E UCSB,34.44129,-120.4168,34.44,-120.42,0.3266343586686688,0.05,2006,365,365,1.0,14.779441095890409,20.204,3.9929285714285716,318.5113333333333,70.0,29.0,strictly prior MUR days at the same source pixel
COJO_E UCSB,34.44129,-120.4168,34.44,-120.42,0.3266343586686688,0.05,2007,365,365,1.0,14.170112328767125,18.432,1.9316285714285721,132.9214,47.0,25.0,strictly prior MUR days at the same source pixel
COJO_E UCSB,34.44129,-120.4168,34.44,-120.42,0.3266343586686688,0.05,2008,366,366,1.0,14.456103825136612,19.405,2.712904761904763,211.70116666666667,83.0,49.0,strictly prior MUR days at the same source pixel
COJO_E UCSB,34.44129,-120.4168,34.44,-120.42,0.3266343586686688,0.05,2009,365,365,1.0,14.733095890410958,19.036,2.5977959183673462,237.38630952380953,53.0,38.0,strictly prior MUR days at the same source pixel
COJO_E UCSB,34.44129,-120.4168,34.44,-120.42,0.3266343586686688,0.05,2010,365,365,1.0,13.911246575342464,17.098,1.5122448979591823,105.37323214285712,1.0,1.0,strictly prior MUR days at the same source pixel
COJO_E UCSB,34.44129,-120.4168,34.44,-120.42,0.3266343586686688,0.05,2011,365,365,1.0,13.977734246575341,17.218,1.9543015873015865,64.88697222222223,11.0,7.0,strictly prior MUR days at the same source pixel
COJO_E UCSB,34.44129,-120.4168,34.44,-120.42,0.3266343586686688,0.05,2012,366,366,1.0,14.746349726775959,18.75,2.6750285714285718,267.9669111111111,90.0,49.0,strictly prior MUR days at the same source pixel
COJO_E UCSB,34.44129,-120.4168,34.44,-120.42,0.3266343586686688,0.05,2013,365,365,1.0,14.72289315068493,18.222,3.0627571428571434,242.12283636363634,34.0,10.0,strictly prior MUR days at the same source pixel
COJO_E UCSB,34.44129,-120.4168,34.44,-120.42,0.3266343586686688,0.05,2014,365,365,1.0,16.141317808219178,20.647,4.172797619047619,654.079553030303,165.0,65.0,strictly prior MUR days at the same source pixel
COJO_E UCSB,34.44129,-120.4168,34.44,-120.42,0.3266343586686688,0.05,2015,365,365,1.0,16.626717808219176,22.227,5.292406593406595,778.7741602564101,134.0,112.0,strictly prior MUR days at the same source pixel
COJO_E UCSB,34.44129,-120.4168,34.44,-120.42,0.3266343586686688,0.05,2016,366,366,1.0,15.235702185792348,18.966,2.28348717948718,268.99350915750915,29.0,8.0,strictly prior MUR days at the same source pixel
COJO_E UCSB,34.44129,-120.4168,34.44,-120.42,0.3266343586686688,0.05,2017,365,365,1.0,15.154852054794523,19.725,2.5224761904761914,227.07545714285715,59.0,19.0,strictly prior MUR days at the same source pixel
COJO_E UCSB,34.44129,-120.4168,34.44,-120.42,0.3266343586686688,0.05,2018,365,365,1.0,15.701945205479449,21.607,4.766321428571429,404.29736249999996,110.0,40.0,strictly prior MUR days at the same source pixel
COJO_E UCSB,34.44129,-120.4168,34.44,-120.42,0.3266343586686688,0.05,2019,365,365,1.0,15.132260273972605,19.357,1.895252100840336,222.80058455882352,26.0,11.0,strictly prior MUR days at the same source pixel
COJO_E UCSB,34.44129,-120.4168,34.44,-120.42,0.3266343586686688,0.05,2020,366,366,1.0,15.293415300546446,19.741,2.5250793650793653,287.11280228758164,41.0,25.0,strictly prior MUR days at the same source pixel
COJO_E UCSB,34.44129,-120.4168,34.44,-120.42,0.3266343586686688,0.05,2021,365,363,0.9945205479452055,14.363104683195592,18.17,2.0683609022556393,87.83473684210526,7.0,5.0,strictly prior MUR days at the same source pixel
COJO_W UCSB,34.4432,-120.4233,34.44,-120.42,0.467107649882818,0.05,2002,214,214,1.0,14.644771028037383,16.39,,,,,strictly prior MUR days at the same source pixel
COJO_W UCSB,34.4432,-120.4233,34.44,-120.42,0.467107649882818,0.05,2003,365,365,1.0,14.163501369863013,18.045,,,,,strictly prior MUR days at the same source pixel
COJO_W UCSB,34.4432,-120.4233,34.44,-120.42,0.467107649882818,0.05,2004,366,366,1.0,14.569844262295081,19.82,4.583714285714286,342.2745,87.0,46.0,strictly prior MUR days at the same source pixel
COJO_W UCSB,34.4432,-120.4233,34.44,-120.42,0.467107649882818,0.05,2005,365,364,0.9972602739726028,14.270582417582418,17.681,2.468357142857143,198.78033333333335,12.0,4.0,strictly prior MUR days at the same source pixel
COJO_W UCSB,34.4432,-120.4233,34.44,-120.42,0.467107649882818,0.05,2006,365,365,1.0,14.779441095890409,20.204,3.9929285714285716,318.5113333333333,70.0,29.0,strictly prior MUR days at the same source pixel
COJO_W UCSB,34.4432,-120.4233,34.44,-120.42,0.467107649882818,0.05,2007,365,365,1.0,14.170112328767125,18.432,1.9316285714285721,132.9214,47.0,25.0,strictly prior MUR days at the same source pixel
COJO_W UCSB,34.4432,-120.4233,34.44,-120.42,0.467107649882818,0.05,2008,366,366,1.0,14.456103825136612,19.405,2.712904761904763,211.70116666666667,83.0,49.0,strictly prior MUR days at the same source pixel
COJO_W UCSB,34.4432,-120.4233,34.44,-120.42,0.467107649882818,0.05,2009,365,365,1.0,14.733095890410958,19.036,2.5977959183673462,237.38630952380953,53.0,38.0,strictly prior MUR days at the same source pixel
COJO_W UCSB,34.4432,-120.4233,34.44,-120.42,0.467107649882818,0.05,2010,365,365,1.0,13.911246575342464,17.098,1.5122448979591823,105.37323214285712,1.0,1.0,strictly prior MUR days at the same source pixel
COJO_W UCSB,34.4432,-120.4233,34.44,-120.42,0.467107649882818,0.05,2011,365,365,1.0,13.977734246575341,17.218,1.9543015873015865,64.88697222222223,11.0,7.0,strictly prior MUR days at the same source pixel
COJO_W UCSB,34.4432,-120.4233,34.44,-120.42,0.467107649882818,0.05,2012,366,366,1.0,14.746349726775959,18.75,2.6750285714285718,267.9669111111111,90.0,49.0,strictly prior MUR days at the same source pixel
COJO_W UCSB,34.4432,-120.4233,34.44,-120.42,0.467107649882818,0.05,2013,365,365,1.0,14.72289315068493,18.222,3.0627571428571434,242.12283636363634,34.0,10.0,strictly prior MUR days at the same source pixel
COJO_W UCSB,34.4432,-120.4233,34.44,-120.42,0.467107649882818,0.05,2014,365,365,1.0,16.141317808219178,20.647,4.172797619047619,654.079553030303,165.0,65.0,strictly prior MUR days at the same source pixel
COJO_W UCSB,34.4432,-120.4233,34.44,-120.42,0.467107649882818,0.05,2015,365,365,1.0,16.626717808219176,22.227,5.292406593406595,778.7741602564101,134.0,112.0,strictly prior MUR days at the same source pixel
COJO_W UCSB,34.4432,-120.4233,34.44,-120.42,0.467107649882818,0.05,2016,366,366,1.0,15.235702185792348,18.966,2.28348717948718,268.99350915750915,29.0,8.0,strictly prior MUR days at the same source pixel
COJO_W UCSB,34.4432,-120.4233,34.44,-120.42,0.467107649882818,0.05,2017,365,365,1.0,15.154852054794523,19.725,2.5224761904761914,227.07545714285715,59.0,19.0,strictly prior MUR days at the same source pixel
COJO_W UCSB,34.4432,-120.4233,34.44,-120.42,0.467107649882818,0.05,2018,365,365,1.0,15.701945205479449,21.607,4.766321428571429,404.29736249999996,110.0,40.0,strictly prior MUR days at the same source pixel
COJO_W UCSB,34.4432,-120.4233,34.44,-120.42,0.467107649882818,0.05,2019,365,365,1.0,15.132260273972605,19.357,1.895252100840336,222.80058455882352,26.0,11.0,strictly prior MUR days at the same source pixel
COJO_W UCSB,34.4432,-120.4233,34.44,-120.42,0.467107649882818,0.05,2020,366,366,1.0,15.293415300546446,19.741,2.5250793650793653,287.11280228758164,41.0,25.0,strictly prior MUR days at the same source pixel
COJO_W UCSB,34.4432,-120.4233,34.44,-120.42,0.467107649882818,0.05,2021,365,363,0.9945205479452055,14.363104683195592,18.17,2.0683609022556393,87.83473684210526,7.0,5.0,strictly prior MUR days at the same source pixel
COOPER UCSC,36.26315,-121.8566,36.26,-121.86,0.4643423484887385,0.05,2002,214,214,1.0,13.18188785046729,14.889,,,,,strictly prior MUR days at the same source pixel
COOPER UCSC,36.26315,-121.8566,36.26,-121.86,0.4643423484887385,0.05,2003,365,365,1.0,13.29687671232877,17.554000000000002,,,,,strictly prior MUR days at the same source pixel
COOPER UCSC,36.26315,-121.8566,36.26,-121.86,0.4643423484887385,0.05,2004,366,366,1.0,13.086513661202185,15.817,2.0563571428571428,156.978,31.0,9.0,strictly prior MUR days at the same source pixel
COOPER UCSC,36.26315,-121.8566,36.26,-121.86,0.4643423484887385,0.05,2005,365,364,0.9972602739726028,13.360744505494505,15.701,3.1402857142857132,240.84383333333332,18.0,12.0,strictly prior MUR days at the same source pixel
COOPER UCSC,36.26315,-121.8566,36.26,-121.86,0.4643423484887385,0.05,2006,365,365,1.0,13.60209315068493,17.249,2.5265714285714287,270.34749999999997,106.0,57.0,strictly prior MUR days at the same source pixel
COOPER UCSC,36.26315,-121.8566,36.26,-121.86,0.4643423484887385,0.05,2007,365,365,1.0,12.743517808219178,16.869,1.6690571428571435,65.28245000000001,21.0,11.0,strictly prior MUR days at the same source pixel
COOPER UCSC,36.26315,-121.8566,36.26,-121.86,0.4643423484887385,0.05,2008,366,366,1.0,12.684871584699454,16.907,2.216738095238095,115.34206666666667,51.0,42.0,strictly prior MUR days at the same source pixel
COOPER UCSC,36.26315,-121.8566,36.26,-121.86,0.4643423484887385,0.05,2009,365,365,1.0,12.95841095890411,15.579,2.659530612244899,120.82569047619046,10.0,4.0,strictly prior MUR days at the same source pixel
COOPER UCSC,36.26315,-121.8566,36.26,-121.86,0.4643423484887385,0.05,2010,365,365,1.0,13.049265753424658,15.364,1.3816249999999999,132.43612499999998,7.0,3.0,strictly prior MUR days at the same source pixel
COOPER UCSC,36.26315,-121.8566,36.26,-121.86,0.4643423484887385,0.05,2011,365,365,1.0,13.121142465753426,16.788,2.4511746031746022,121.61016666666664,59.0,25.0,strictly prior MUR days at the same source pixel
COOPER UCSC,36.26315,-121.8566,36.26,-121.86,0.4643423484887385,0.05,2012,366,366,1.0,13.07775136612022,16.674,2.042357142857143,162.49005555555556,42.0,22.0,strictly prior MUR days at the same source pixel
COOPER UCSC,36.26315,-121.8566,36.26,-121.86,0.4643423484887385,0.05,2013,365,365,1.0,12.907350684931506,15.683,1.9773376623376622,93.16709090909092,9.0,3.0,strictly prior MUR days at the same source pixel
COOPER UCSC,36.26315,-121.8566,36.26,-121.86,0.4643423484887385,0.05,2014,365,365,1.0,14.681756164383563,18.61,3.9032976190476196,611.8156439393939,173.0,173.0,strictly prior MUR days at the same source pixel
COOPER UCSC,36.26315,-121.8566,36.26,-121.86,0.4643423484887385,0.05,2015,365,365,1.0,15.051767123287673,19.075,3.9059560439560426,693.6033141025641,146.0,135.0,strictly prior MUR days at the same source pixel
COOPER UCSC,36.26315,-121.8566,36.26,-121.86,0.4643423484887385,0.05,2016,366,366,1.0,13.698606557377051,16.39,2.463204081632653,239.4701556776557,15.0,4.0,strictly prior MUR days at the same source pixel
COOPER UCSC,36.26315,-121.8566,36.26,-121.86,0.4643423484887385,0.05,2017,365,365,1.0,13.536263013698631,18.68,3.047952380952381,169.8825,36.0,19.0,strictly prior MUR days at the same source pixel
COOPER UCSC,36.26315,-121.8566,36.26,-121.86,0.4643423484887385,0.05,2018,365,365,1.0,13.861627397260275,17.194,3.110464285714287,272.77223333333336,61.0,18.0,strictly prior MUR days at the same source pixel
COOPER UCSC,36.26315,-121.8566,36.26,-121.86,0.4643423484887385,0.05,2019,365,365,1.0,13.957767123287672,16.822,2.342544642857143,267.67412132352945,34.0,14.0,strictly prior MUR days at the same source pixel
COOPER UCSC,36.26315,-121.8566,36.26,-121.86,0.4643423484887385,0.05,2020,366,366,1.0,13.689920765027324,17.075,2.2430840336134454,226.19830228758167,47.0,10.0,strictly prior MUR days at the same source pixel
COOPER UCSC,36.26315,-121.8566,36.26,-121.86,0.4643423484887385,0.05,2021,365,363,0.9945205479452055,13.296922865013773,17.536,1.849398496240602,131.33809941520468,48.0,30.0,strictly prior MUR days at the same source pixel
COUNTY_LINE UCSB,34.04302,-118.9522,34.04,-118.95,0.392247573622205,0.05,2002,214,214,1.0,16.725719626168225,19.439,,,,,strictly prior MUR days at the same source pixel
COUNTY_LINE UCSB,34.04302,-118.9522,34.04,-118.95,0.392247573622205,0.05,2003,365,365,1.0,16.303523287671233,22.004,,,,,strictly prior MUR days at the same source pixel
COUNTY_LINE UCSB,34.04302,-118.9522,34.04,-118.95,0.392247573622205,0.05,2004,366,366,1.0,16.640836065573772,21.917,4.395428571428573,331.9415,55.0,33.0,strictly prior MUR days at the same source pixel
COUNTY_LINE UCSB,34.04302,-118.9522,34.04,-118.95,0.392247573622205,0.05,2005,365,365,1.0,16.135224657534245,19.695,1.6854285714285722,127.02833333333335,29.0,7.0,strictly prior MUR days at the same source pixel
COUNTY_LINE UCSB,34.04302,-118.9522,34.04,-118.95,0.392247573622205,0.05,2006,365,365,1.0,16.857975342465753,22.794,3.4756071428571422,354.6455,82.0,74.0,strictly prior MUR days at the same source pixel
COUNTY_LINE UCSB,34.04302,-118.9522,34.04,-118.95,0.392247573622205,0.05,2007,365,365,1.0,16.175405479452056,20.926,1.8527999999999996,105.60530000000003,60.0,48.0,strictly prior MUR days at the same source pixel
COUNTY_LINE UCSB,34.04302,-118.9522,34.04,-118.95,0.392247573622205,0.05,2008,366,366,1.0,16.450076502732237,21.541,2.775190476190476,192.47156666666666,75.0,54.0,strictly prior MUR days at the same source pixel
COUNTY_LINE UCSB,34.04302,-118.9522,34.04,-118.95,0.392247573622205,0.05,2009,365,365,1.0,16.657994520547945,21.315,2.530309523809524,202.1987380952381,58.0,31.0,strictly prior MUR days at the same source pixel
COUNTY_LINE UCSB,34.04302,-118.9522,34.04,-118.95,0.392247573622205,0.05,2010,365,365,1.0,15.89538082191781,19.603,1.3918979591836735,101.72928571428571,0.0,0.0,strictly prior MUR days at the same source pixel
COUNTY_LINE UCSB,34.04302,-118.9522,34.04,-118.95,0.392247573622205,0.05,2011,365,365,1.0,15.956400000000004,19.822,2.0162142857142866,69.27469444444444,4.0,2.0,strictly prior MUR days at the same source pixel
COUNTY_LINE UCSB,34.04302,-118.9522,34.04,-118.95,0.392247573622205,0.05,2012,366,366,1.0,16.778204918032788,21.674,2.5669714285714287,289.6580333333333,71.0,61.0,strictly prior MUR days at the same source pixel
COUNTY_LINE UCSB,34.04302,-118.9522,34.04,-118.95,0.392247573622205,0.05,2013,365,365,1.0,16.75850410958904,20.772,2.889025974025974,237.861,30.0,14.0,strictly prior MUR days at the same source pixel
COUNTY_LINE UCSB,34.04302,-118.9522,34.04,-118.95,0.392247573622205,0.05,2014,365,365,1.0,18.115161643835616,22.165,3.8396547619047623,643.0224621212121,138.0,91.0,strictly prior MUR days at the same source pixel
COUNTY_LINE UCSB,34.04302,-118.9522,34.04,-118.95,0.392247573622205,0.05,2015,365,365,1.0,18.37441095890411,23.07,4.334153846153846,686.7397307692307,110.0,84.0,strictly prior MUR days at the same source pixel
COUNTY_LINE UCSB,34.04302,-118.9522,34.04,-118.95,0.392247573622205,0.05,2016,366,366,1.0,17.35933606557377,22.331,2.6311734693877553,310.4919981684981,65.0,43.0,strictly prior MUR days at the same source pixel
COUNTY_LINE UCSB,34.04302,-118.9522,34.04,-118.95,0.392247573622205,0.05,2017,365,365,1.0,17.256454794520547,22.542,2.499333333333335,244.8612142857143,61.0,27.0,strictly prior MUR days at the same source pixel
COUNTY_LINE UCSB,34.04302,-118.9522,34.04,-118.95,0.392247573622205,0.05,2018,365,365,1.0,17.591704109589042,23.241,3.295267857142857,361.25413749999996,75.0,75.0,strictly prior MUR days at the same source pixel
COUNTY_LINE UCSB,34.04302,-118.9522,34.04,-118.95,0.392247573622205,0.05,2019,365,365,1.0,17.045594520547944,22.123,1.873605042016806,182.72515808823528,52.0,39.0,strictly prior MUR days at the same source pixel
COUNTY_LINE UCSB,34.04302,-118.9522,34.04,-118.95,0.392247573622205,0.05,2020,366,366,1.0,17.30645355191257,23.07,2.7864453781512615,287.58079084967324,52.0,22.0,strictly prior MUR days at the same source pixel
COUNTY_LINE UCSB,34.04302,-118.9522,34.04,-118.95,0.392247573622205,0.05,2021,365,363,0.9945205479452055,16.522977961432506,20.994,1.3450601503759405,89.61465497076021,20.0,8.0,strictly prior MUR days at the same source pixel
CROWBAR UCSC,35.22616,-120.8814,35.23,-120.88,0.4455224496895179,0.05,2002,214,214,1.0,13.658915887850467,15.372,,,,,strictly prior MUR days at the same source pixel
CROWBAR UCSC,35.22616,-120.8814,35.23,-120.88,0.4455224496895179,0.05,2003,365,365,1.0,13.365460273972603,16.697,,,,,strictly prior MUR days at the same source pixel
CROWBAR UCSC,35.22616,-120.8814,35.23,-120.88,0.4455224496895179,0.05,2004,366,366,1.0,13.465286885245902,17.642,3.180428571428571,216.6615,59.0,30.0,strictly prior MUR days at the same source pixel
CROWBAR UCSC,35.22616,-120.8814,35.23,-120.88,0.4455224496895179,0.05,2005,365,364,0.9972602739726028,13.401453296703293,15.821,2.6024285714285713,189.662,16.0,10.0,strictly prior MUR days at the same source pixel
CROWBAR UCSC,35.22616,-120.8814,35.23,-120.88,0.4455224496895179,0.05,2006,365,365,1.0,13.797986301369862,17.604,3.0020000000000016,271.7015,105.0,63.0,strictly prior MUR days at the same source pixel
CROWBAR UCSC,35.22616,-120.8814,35.23,-120.88,0.4455224496895179,0.05,2007,365,365,1.0,13.190934246575342,17.070999999999998,1.8781999999999994,84.79820000000001,17.0,13.0,strictly prior MUR days at the same source pixel
CROWBAR UCSC,35.22616,-120.8814,35.23,-120.88,0.4455224496895179,0.05,2008,366,366,1.0,13.317377049180328,16.740000000000002,1.8193095238095238,165.78966666666665,74.0,18.0,strictly prior MUR days at the same source pixel
CROWBAR UCSC,35.22616,-120.8814,35.23,-120.88,0.4455224496895179,0.05,2009,365,365,1.0,13.547602739726027,16.552999999999997,2.7913265306122446,171.6710476190476,43.0,11.0,strictly prior MUR days at the same source pixel
CROWBAR UCSC,35.22616,-120.8814,35.23,-120.88,0.4455224496895179,0.05,2010,365,365,1.0,13.229041095890413,15.964,1.4556734693877549,113.38314285714287,4.0,3.0,strictly prior MUR days at the same source pixel
CROWBAR UCSC,35.22616,-120.8814,35.23,-120.88,0.4455224496895179,0.05,2011,365,365,1.0,13.462572602739726,16.866,1.6103015873015873,123.79816666666667,43.0,15.0,strictly prior MUR days at the same source pixel
CROWBAR UCSC,35.22616,-120.8814,35.23,-120.88,0.4455224496895179,0.05,2012,366,366,1.0,13.595704918032787,17.959,2.764728571428571,192.27902222222224,72.0,25.0,strictly prior MUR days at the same source pixel
CROWBAR UCSC,35.22616,-120.8814,35.23,-120.88,0.4455224496895179,0.05,2013,365,365,1.0,13.642827397260275,16.66,2.8446883116883117,177.65314545454544,37.0,11.0,strictly prior MUR days at the same source pixel
CROWBAR UCSC,35.22616,-120.8814,35.23,-120.88,0.4455224496895179,0.05,2014,365,365,1.0,15.118142465753422,20.128,5.014023809523809,626.2417575757576,173.0,85.0,strictly prior MUR days at the same source pixel
CROWBAR UCSC,35.22616,-120.8814,35.23,-120.88,0.4455224496895179,0.05,2015,365,365,1.0,15.618764383561643,20.407,4.507274725274725,753.0981923076923,146.0,127.0,strictly prior MUR days at the same source pixel
CROWBAR UCSC,35.22616,-120.8814,35.23,-120.88,0.4455224496895179,0.05,2016,366,366,1.0,14.198592896174864,16.694,1.9689450549450545,231.84871978021977,29.0,7.0,strictly prior MUR days at the same source pixel
CROWBAR UCSC,35.22616,-120.8814,35.23,-120.88,0.4455224496895179,0.05,2017,365,365,1.0,14.226830136986301,18.413,2.7898380952380952,240.3322380952381,73.0,38.0,strictly prior MUR days at the same source pixel
CROWBAR UCSC,35.22616,-120.8814,35.23,-120.88,0.4455224496895179,0.05,2018,365,365,1.0,14.458627397260273,17.917,3.288866071428571,308.91897083333333,92.0,31.0,strictly prior MUR days at the same source pixel
CROWBAR UCSC,35.22616,-120.8814,35.23,-120.88,0.4455224496895179,0.05,2019,365,365,1.0,14.179397260273971,16.903,1.9119915966386558,211.72738235294116,21.0,8.0,strictly prior MUR days at the same source pixel
CROWBAR UCSC,35.22616,-120.8814,35.23,-120.88,0.4455224496895179,0.05,2020,366,366,1.0,14.201756830601095,17.701,2.1316638655462183,248.04421895424838,71.0,40.0,strictly prior MUR days at the same source pixel
CROWBAR UCSC,35.22616,-120.8814,35.23,-120.88,0.4455224496895179,0.05,2021,365,363,0.9945205479452055,13.538917355371902,16.905,1.9535413533834585,99.22301461988305,34.0,15.0,strictly prior MUR days at the same source pixel
CYPRESS_PT_UC UCSC,36.58577,-121.9803,36.59,-121.98,0.4711172263844477,0.05,2002,214,214,1.0,13.172509345794392,14.866,,,,,strictly prior MUR days at the same source pixel
CYPRESS_PT_UC UCSC,36.58577,-121.9803,36.59,-121.98,0.4711172263844477,0.05,2003,365,365,1.0,13.445747945205481,17.176000000000002,,,,,strictly prior MUR days at the same source pixel
CYPRESS_PT_UC UCSC,36.58577,-121.9803,36.59,-121.98,0.4711172263844477,0.05,2004,366,366,1.0,13.194136612021858,15.854,1.9145714285714284,142.16649999999998,15.0,5.0,strictly prior MUR days at the same source pixel
CYPRESS_PT_UC UCSC,36.58577,-121.9803,36.59,-121.98,0.4711172263844477,0.05,2005,365,364,0.9972602739726028,13.411469780219779,15.448,2.6410714285714283,221.82633333333337,27.0,11.0,strictly prior MUR days at the same source pixel
CYPRESS_PT_UC UCSC,36.58577,-121.9803,36.59,-121.98,0.4711172263844477,0.05,2006,365,365,1.0,13.57212602739726,16.786,2.462071428571428,224.64516666666668,108.0,59.0,strictly prior MUR days at the same source pixel
CYPRESS_PT_UC UCSC,36.58577,-121.9803,36.59,-121.98,0.4711172263844477,0.05,2007,365,365,1.0,12.801693150684933,17.292,1.4889142857142856,66.38050000000001,23.0,12.0,strictly prior MUR days at the same source pixel
CYPRESS_PT_UC UCSC,36.58577,-121.9803,36.59,-121.98,0.4711172263844477,0.05,2008,366,366,1.0,12.63136338797814,16.499000000000002,2.4797857142857143,86.72059999999999,49.0,35.0,strictly prior MUR days at the same source pixel
CYPRESS_PT_UC UCSC,36.58577,-121.9803,36.59,-121.98,0.4711172263844477,0.05,2009,365,365,1.0,12.89201917808219,15.318,2.549306122448979,99.98145238095238,11.0,3.0,strictly prior MUR days at the same source pixel
CYPRESS_PT_UC UCSC,36.58577,-121.9803,36.59,-121.98,0.4711172263844477,0.05,2010,365,365,1.0,13.02068219178082,15.255,1.1603035714285714,123.24760714285713,6.0,5.0,strictly prior MUR days at the same source pixel
CYPRESS_PT_UC UCSC,36.58577,-121.9803,36.59,-121.98,0.4711172263844477,0.05,2011,365,365,1.0,12.988928767123287,16.241999999999997,2.0673333333333326,92.75769444444445,37.0,29.0,strictly prior MUR days at the same source pixel
CYPRESS_PT_UC UCSC,36.58577,-121.9803,36.59,-121.98,0.4711172263844477,0.05,2012,366,366,1.0,13.032540983606557,16.238,1.9917142857142862,135.78755555555557,46.0,21.0,strictly prior MUR days at the same source pixel
CYPRESS_PT_UC UCSC,36.58577,-121.9803,36.59,-121.98,0.4711172263844477,0.05,2013,365,365,1.0,12.888460273972605,15.156,1.8197922077922077,81.76463636363636,8.0,2.0,strictly prior MUR days at the same source pixel
CYPRESS_PT_UC UCSC,36.58577,-121.9803,36.59,-121.98,0.4711172263844477,0.05,2014,365,365,1.0,14.642912328767125,18.099,3.573357142857143,591.0871515151516,171.0,171.0,strictly prior MUR days at the same source pixel
CYPRESS_PT_UC UCSC,36.58577,-121.9803,36.59,-121.98,0.4711172263844477,0.05,2015,365,365,1.0,14.841413698630136,18.426,3.634901098901099,619.6494102564102,137.0,131.0,strictly prior MUR days at the same source pixel
CYPRESS_PT_UC UCSC,36.58577,-121.9803,36.59,-121.98,0.4711172263844477,0.05,2016,366,366,1.0,13.799346994535519,16.186999999999998,2.1565,268.540804029304,36.0,9.0,strictly prior MUR days at the same source pixel
CYPRESS_PT_UC UCSC,36.58577,-121.9803,36.59,-121.98,0.4711172263844477,0.05,2017,365,365,1.0,13.50540273972603,18.117,2.8088190476190475,159.72518571428571,50.0,43.0,strictly prior MUR days at the same source pixel
CYPRESS_PT_UC UCSC,36.58577,-121.9803,36.59,-121.98,0.4711172263844477,0.05,2018,365,365,1.0,13.85321095890411,16.956,3.0415178571428565,282.5894666666667,68.0,25.0,strictly prior MUR days at the same source pixel
CYPRESS_PT_UC UCSC,36.58577,-121.9803,36.59,-121.98,0.4711172263844477,0.05,2019,365,365,1.0,13.928210958904112,16.750999999999998,2.4971964285714283,254.41551838235293,30.0,10.0,strictly prior MUR days at the same source pixel
CYPRESS_PT_UC UCSC,36.58577,-121.9803,36.59,-121.98,0.4711172263844477,0.05,2020,366,366,1.0,13.751273224043716,16.953,2.5286050420168067,237.15124509803923,39.0,10.0,strictly prior MUR days at the same source pixel
CYPRESS_PT_UC UCSC,36.58577,-121.9803,36.59,-121.98,0.4711172263844477,0.05,2021,365,363,0.9945205479452055,13.360586776859504,17.389,1.7047744360902255,137.45697660818712,63.0,48.0,strictly prior MUR days at the same source pixel
Caspar,39.36173,-123.822,39.36,-123.83,0.7141743712484578,0.05,2002,214,214,1.0,11.71094859813084,13.896,,,,,strictly prior MUR days at the same source pixel
Caspar,39.36173,-123.822,39.36,-123.83,0.7141743712484578,0.05,2003,365,365,1.0,11.618216438356162,14.709,,,,,strictly prior MUR days at the same source pixel
Caspar,39.36173,-123.822,39.36,-123.83,0.7141743712484578,0.05,2004,366,366,1.0,12.015308743169399,15.918,3.161142857142857,250.83799999999997,93.0,45.0,strictly prior MUR days at the same source pixel
Caspar,39.36173,-123.822,39.36,-123.83,0.7141743712484578,0.05,2005,365,365,1.0,12.011846575342467,13.552,2.803357142857144,203.76450000000003,51.0,21.0,strictly prior MUR days at the same source pixel
Caspar,39.36173,-123.822,39.36,-123.83,0.7141743712484578,0.05,2006,365,365,1.0,12.090742465753422,14.443,2.6964999999999995,220.24099999999999,76.0,28.0,strictly prior MUR days at the same source pixel
Caspar,39.36173,-123.822,39.36,-123.83,0.7141743712484578,0.05,2007,365,365,1.0,11.5524,15.493,3.187028571428572,170.06045,70.0,36.0,strictly prior MUR days at the same source pixel
Caspar,39.36173,-123.822,39.36,-123.83,0.7141743712484578,0.05,2008,366,366,1.0,10.916289617486338,14.707,2.3405714285714287,90.45223333333334,39.0,27.0,strictly prior MUR days at the same source pixel
Caspar,39.36173,-123.822,39.36,-123.83,0.7141743712484578,0.05,2009,365,365,1.0,11.283876712328766,15.266,2.459795918367346,109.08888095238095,31.0,19.0,strictly prior MUR days at the same source pixel
Caspar,39.36173,-123.822,39.36,-123.83,0.7141743712484578,0.05,2010,365,365,1.0,11.360539726027396,13.971,1.5276938775510207,121.26864285714285,9.0,7.0,strictly prior MUR days at the same source pixel
Caspar,39.36173,-123.822,39.36,-123.83,0.7141743712484578,0.05,2011,365,365,1.0,11.316306849315067,14.393,1.8234920634920635,86.71452777777777,30.0,10.0,strictly prior MUR days at the same source pixel
Caspar,39.36173,-123.822,39.36,-123.83,0.7141743712484578,0.05,2012,366,366,1.0,11.641196721311475,15.688,3.189628571428571,201.2145333333333,81.0,45.0,strictly prior MUR days at the same source pixel
Caspar,39.36173,-123.822,39.36,-123.83,0.7141743712484578,0.05,2013,365,365,1.0,11.55759178082192,16.211,3.6053636363636365,190.03511818181818,66.0,23.0,strictly prior MUR days at the same source pixel
Caspar,39.36173,-123.822,39.36,-123.83,0.7141743712484578,0.05,2014,365,365,1.0,13.217397260273971,17.319,4.162535714285714,627.5542196969697,155.0,76.0,strictly prior MUR days at the same source pixel
Caspar,39.36173,-123.822,39.36,-123.83,0.7141743712484578,0.05,2015,365,365,1.0,13.025561643835616,16.865000000000002,4.098934065934066,530.1526282051282,130.0,75.0,strictly prior MUR days at the same source pixel
Caspar,39.36173,-123.822,39.36,-123.83,0.7141743712484578,0.05,2016,366,366,1.0,12.382620218579238,15.225,2.464615384615384,300.5400567765568,34.0,26.0,strictly prior MUR days at the same source pixel
Caspar,39.36173,-123.822,39.36,-123.83,0.7141743712484578,0.05,2017,365,365,1.0,12.217504109589038,16.497,2.4551047619047615,241.89875714285716,54.0,20.0,strictly prior MUR days at the same source pixel
Caspar,39.36173,-123.822,39.36,-123.83,0.7141743712484578,0.05,2018,365,365,1.0,12.202287671232874,15.939,2.8966250000000002,235.6579291666667,34.0,13.0,strictly prior MUR days at the same source pixel
Caspar,39.36173,-123.822,39.36,-123.83,0.7141743712484578,0.05,2019,365,365,1.0,12.447849315068494,16.762,2.915529411764705,286.09619852941177,71.0,27.0,strictly prior MUR days at the same source pixel
Caspar,39.36173,-123.822,39.36,-123.83,0.7141743712484578,0.05,2020,366,366,1.0,12.218713114754099,18.098,4.780539682539683,275.3514607843137,57.0,45.0,strictly prior MUR days at the same source pixel
Caspar,39.36173,-123.822,39.36,-123.83,0.7141743712484578,0.05,2021,365,363,0.9945205479452055,11.661016528925622,14.518,2.0814060150375946,126.64545321637428,24.0,7.0,strictly prior MUR days at the same source pixel
Caspar North,39.364429,-123.821327,39.36,-123.83,0.8935851760221319,0.05,2002,214,214,1.0,11.71094859813084,13.896,,,,,strictly prior MUR days at the same source pixel
Caspar North,39.364429,-123.821327,39.36,-123.83,0.8935851760221319,0.05,2003,365,365,1.0,11.618216438356162,14.709,,,,,strictly prior MUR days at the same source pixel
Caspar North,39.364429,-123.821327,39.36,-123.83,0.8935851760221319,0.05,2004,366,366,1.0,12.015308743169399,15.918,3.161142857142857,250.83799999999997,93.0,45.0,strictly prior MUR days at the same source pixel
Caspar North,39.364429,-123.821327,39.36,-123.83,0.8935851760221319,0.05,2005,365,365,1.0,12.011846575342467,13.552,2.803357142857144,203.76450000000003,51.0,21.0,strictly prior MUR days at the same source pixel
Caspar North,39.364429,-123.821327,39.36,-123.83,0.8935851760221319,0.05,2006,365,365,1.0,12.090742465753422,14.443,2.6964999999999995,220.24099999999999,76.0,28.0,strictly prior MUR days at the same source pixel
Caspar North,39.364429,-123.821327,39.36,-123.83,0.8935851760221319,0.05,2007,365,365,1.0,11.5524,15.493,3.187028571428572,170.06045,70.0,36.0,strictly prior MUR days at the same source pixel
Caspar North,39.364429,-123.821327,39.36,-123.83,0.8935851760221319,0.05,2008,366,366,1.0,10.916289617486338,14.707,2.3405714285714287,90.45223333333334,39.0,27.0,strictly prior MUR days at the same source pixel
Caspar North,39.364429,-123.821327,39.36,-123.83,0.8935851760221319,0.05,2009,365,365,1.0,11.283876712328766,15.266,2.459795918367346,109.08888095238095,31.0,19.0,strictly prior MUR days at the same source pixel
Caspar North,39.364429,-123.821327,39.36,-123.83,0.8935851760221319,0.05,2010,365,365,1.0,11.360539726027396,13.971,1.5276938775510207,121.26864285714285,9.0,7.0,strictly prior MUR days at the same source pixel
Caspar North,39.364429,-123.821327,39.36,-123.83,0.8935851760221319,0.05,2011,365,365,1.0,11.316306849315067,14.393,1.8234920634920635,86.71452777777777,30.0,10.0,strictly prior MUR days at the same source pixel
Caspar North,39.364429,-123.821327,39.36,-123.83,0.8935851760221319,0.05,2012,366,366,1.0,11.641196721311475,15.688,3.189628571428571,201.2145333333333,81.0,45.0,strictly prior MUR days at the same source pixel
Caspar North,39.364429,-123.821327,39.36,-123.83,0.8935851760221319,0.05,2013,365,365,1.0,11.55759178082192,16.211,3.6053636363636365,190.03511818181818,66.0,23.0,strictly prior MUR days at the same source pixel
Caspar North,39.364429,-123.821327,39.36,-123.83,0.8935851760221319,0.05,2014,365,365,1.0,13.217397260273971,17.319,4.162535714285714,627.5542196969697,155.0,76.0,strictly prior MUR days at the same source pixel
Caspar North,39.364429,-123.821327,39.36,-123.83,0.8935851760221319,0.05,2015,365,365,1.0,13.025561643835616,16.865000000000002,4.098934065934066,530.1526282051282,130.0,75.0,strictly prior MUR days at the same source pixel
Caspar North,39.364429,-123.821327,39.36,-123.83,0.8935851760221319,0.05,2016,366,366,1.0,12.382620218579238,15.225,2.464615384615384,300.5400567765568,34.0,26.0,strictly prior MUR days at the same source pixel
Caspar North,39.364429,-123.821327,39.36,-123.83,0.8935851760221319,0.05,2017,365,365,1.0,12.217504109589038,16.497,2.4551047619047615,241.89875714285716,54.0,20.0,strictly prior MUR days at the same source pixel
Caspar North,39.364429,-123.821327,39.36,-123.83,0.8935851760221319,0.05,2018,365,365,1.0,12.202287671232874,15.939,2.8966250000000002,235.6579291666667,34.0,13.0,strictly prior MUR days at the same source pixel
Caspar North,39.364429,-123.821327,39.36,-123.83,0.8935851760221319,0.05,2019,365,365,1.0,12.447849315068494,16.762,2.915529411764705,286.09619852941177,71.0,27.0,strictly prior MUR days at the same source pixel
Caspar North,39.364429,-123.821327,39.36,-123.83,0.8935851760221319,0.05,2020,366,366,1.0,12.218713114754099,18.098,4.780539682539683,275.3514607843137,57.0,45.0,strictly prior MUR days at the same source pixel
Caspar North,39.364429,-123.821327,39.36,-123.83,0.8935851760221319,0.05,2021,365,363,0.9945205479452055,11.661016528925622,14.518,2.0814060150375946,126.64545321637428,24.0,7.0,strictly prior MUR days at the same source pixel
DEEP_HOLE_EAST VRG,34.04518,-118.9604,34.04,-118.96,0.5771684321848124,0.05,2002,214,214,1.0,16.72307476635514,19.426,,,,,strictly prior MUR days at the same source pixel
DEEP_HOLE_EAST VRG,34.04518,-118.9604,34.04,-118.96,0.5771684321848124,0.05,2003,365,365,1.0,16.29951506849315,22.005,,,,,strictly prior MUR days at the same source pixel
DEEP_HOLE_EAST VRG,34.04518,-118.9604,34.04,-118.96,0.5771684321848124,0.05,2004,366,366,1.0,16.632382513661202,21.874,4.369714285714285,330.73400000000004,55.0,33.0,strictly prior MUR days at the same source pixel
DEEP_HOLE_EAST VRG,34.04518,-118.9604,34.04,-118.96,0.5771684321848124,0.05,2005,365,365,1.0,16.131739726027398,19.679,1.7021428571428578,127.13033333333334,28.0,7.0,strictly prior MUR days at the same source pixel
DEEP_HOLE_EAST VRG,34.04518,-118.9604,34.04,-118.96,0.5771684321848124,0.05,2006,365,365,1.0,16.856745205479452,22.797,3.4765357142857147,355.63,84.0,74.0,strictly prior MUR days at the same source pixel
DEEP_HOLE_EAST VRG,34.04518,-118.9604,34.04,-118.96,0.5771684321848124,0.05,2007,365,365,1.0,16.172621917808222,20.935,1.8507428571428584,105.40190000000003,59.0,32.0,strictly prior MUR days at the same source pixel
DEEP_HOLE_EAST VRG,34.04518,-118.9604,34.04,-118.96,0.5771684321848124,0.05,2008,366,366,1.0,16.443784153005463,21.532,2.7692142857142863,191.95073333333332,75.0,54.0,strictly prior MUR days at the same source pixel
DEEP_HOLE_EAST VRG,34.04518,-118.9604,34.04,-118.96,0.5771684321848124,0.05,2009,365,365,1.0,16.650761643835615,21.284,2.5331666666666672,201.17230952380953,59.0,32.0,strictly prior MUR days at the same source pixel
DEEP_HOLE_EAST VRG,34.04518,-118.9604,34.04,-118.96,0.5771684321848124,0.05,2010,365,365,1.0,15.887578082191782,19.604,1.4002448979591835,101.4280892857143,0.0,0.0,strictly prior MUR days at the same source pixel
DEEP_HOLE_EAST VRG,34.04518,-118.9604,34.04,-118.96,0.5771684321848124,0.05,2011,365,365,1.0,15.952501369863013,19.831,2.021303571428571,69.48600000000003,4.0,2.0,strictly prior MUR days at the same source pixel
DEEP_HOLE_EAST VRG,34.04518,-118.9604,34.04,-118.96,0.5771684321848124,0.05,2012,366,366,1.0,16.77511202185792,21.684,2.569300000000001,290.07400000000007,72.0,62.0,strictly prior MUR days at the same source pixel
DEEP_HOLE_EAST VRG,34.04518,-118.9604,34.04,-118.96,0.5771684321848124,0.05,2013,365,365,1.0,16.756013698630134,20.785,2.884870129870129,238.41677272727273,30.0,14.0,strictly prior MUR days at the same source pixel
DEEP_HOLE_EAST VRG,34.04518,-118.9604,34.04,-118.96,0.5771684321848124,0.05,2014,365,365,1.0,18.1156,22.159,3.8507142857142864,644.7097348484848,138.0,91.0,strictly prior MUR days at the same source pixel
DEEP_HOLE_EAST VRG,34.04518,-118.9604,34.04,-118.96,0.5771684321848124,0.05,2015,365,365,1.0,18.371490410958902,23.089,4.316505494505495,687.1720384615385,109.0,83.0,strictly prior MUR days at the same source pixel
DEEP_HOLE_EAST VRG,34.04518,-118.9604,34.04,-118.96,0.5771684321848124,0.05,2016,366,366,1.0,17.35814480874317,22.346,2.640489795918367,311.65909157509157,65.0,43.0,strictly prior MUR days at the same source pixel
DEEP_HOLE_EAST VRG,34.04518,-118.9604,34.04,-118.96,0.5771684321848124,0.05,2017,365,365,1.0,17.253438356164384,22.519,2.4894571428571433,245.23243333333332,61.0,27.0,strictly prior MUR days at the same source pixel
DEEP_HOLE_EAST VRG,34.04518,-118.9604,34.04,-118.96,0.5771684321848124,0.05,2018,365,365,1.0,17.58838082191781,23.243,3.281205357142858,361.30625833333335,77.0,76.0,strictly prior MUR days at the same source pixel
DEEP_HOLE_EAST VRG,34.04518,-118.9604,34.04,-118.96,0.5771684321848124,0.05,2019,365,365,1.0,17.04248219178082,22.125,1.8663697478991605,183.17921323529413,53.0,39.0,strictly prior MUR days at the same source pixel
DEEP_HOLE_EAST VRG,34.04518,-118.9604,34.04,-118.96,0.5771684321848124,0.05,2020,366,366,1.0,17.307819672131146,23.094,2.804487394957984,288.29232843137254,52.0,22.0,strictly prior MUR days at the same source pixel
DEEP_HOLE_EAST VRG,34.04518,-118.9604,34.04,-118.96,0.5771684321848124,0.05,2021,365,363,0.9945205479452055,16.5207741046832,21.01,1.3450601503759398,90.11030409356727,21.0,8.0,strictly prior MUR days at the same source pixel
DOLAN_DC UCSC,36.10018,-121.6284,36.1,-121.63,0.1451377447541481,0.05,2002,214,214,1.0,13.245420560747663,15.308,,,,,strictly prior MUR days at the same source pixel
DOLAN_DC UCSC,36.10018,-121.6284,36.1,-121.63,0.1451377447541481,0.05,2003,365,365,1.0,13.238863013698632,17.455,,,,,strictly prior MUR days at the same source pixel
DOLAN_DC UCSC,36.10018,-121.6284,36.1,-121.63,0.1451377447541481,0.05,2004,366,366,1.0,13.132117486338796,15.748,2.1282142857142854,181.18099999999998,48.0,14.0,strictly prior MUR days at the same source pixel
DOLAN_DC UCSC,36.10018,-121.6284,36.1,-121.63,0.1451377447541481,0.05,2005,365,364,0.9972602739726028,13.280167582417581,15.849,2.447714285714286,215.48416666666665,17.0,12.0,strictly prior MUR days at the same source pixel
DOLAN_DC UCSC,36.10018,-121.6284,36.1,-121.63,0.1451377447541481,0.05,2006,365,365,1.0,13.694786301369863,17.491,2.7000357142857148,301.54516666666666,100.0,50.0,strictly prior MUR days at the same source pixel
DOLAN_DC UCSC,36.10018,-121.6284,36.1,-121.63,0.1451377447541481,0.05,2007,365,365,1.0,12.782126027397261,16.701,2.137971428571429,69.69810000000003,19.0,10.0,strictly prior MUR days at the same source pixel
DOLAN_DC UCSC,36.10018,-121.6284,36.1,-121.63,0.1451377447541481,0.05,2008,366,366,1.0,12.781256830601095,17.021,2.0845476190476186,128.83596666666665,50.0,42.0,strictly prior MUR days at the same source pixel
DOLAN_DC UCSC,36.10018,-121.6284,36.1,-121.63,0.1451377447541481,0.05,2009,365,365,1.0,13.074747945205479,16.137999999999998,2.7913265306122454,143.25926190476193,8.0,4.0,strictly prior MUR days at the same source pixel
DOLAN_DC UCSC,36.10018,-121.6284,36.1,-121.63,0.1451377447541481,0.05,2010,365,365,1.0,13.085934246575343,15.349,1.205125,122.11212499999999,4.0,2.0,strictly prior MUR days at the same source pixel
DOLAN_DC UCSC,36.10018,-121.6284,36.1,-121.63,0.1451377447541481,0.05,2011,365,365,1.0,13.232369863013698,16.957,2.610301587301587,140.42374999999998,62.0,31.0,strictly prior MUR days at the same source pixel
DOLAN_DC UCSC,36.10018,-121.6284,36.1,-121.63,0.1451377447541481,0.05,2012,366,366,1.0,13.164609289617484,17.011,2.0481000000000007,178.55272222222223,44.0,25.0,strictly prior MUR days at the same source pixel
DOLAN_DC UCSC,36.10018,-121.6284,36.1,-121.63,0.1451377447541481,0.05,2013,365,365,1.0,13.038652054794522,15.621,2.227155844155845,111.6144,21.0,7.0,strictly prior MUR days at the same source pixel
DOLAN_DC UCSC,36.10018,-121.6284,36.1,-121.63,0.1451377447541481,0.05,2014,365,365,1.0,14.716687671232878,18.639,3.8278214285714287,610.3163863636364,171.0,171.0,strictly prior MUR days at the same source pixel
DOLAN_DC UCSC,36.10018,-121.6284,36.1,-121.63,0.1451377447541481,0.05,2015,365,365,1.0,15.196268493150685,19.498,4.260230769230769,725.5103333333333,142.0,134.0,strictly prior MUR days at the same source pixel
DOLAN_DC UCSC,36.10018,-121.6284,36.1,-121.63,0.1451377447541481,0.05,2016,366,366,1.0,13.796745901639342,16.658,2.4850714285714295,254.63732967032968,23.0,7.0,strictly prior MUR days at the same source pixel
DOLAN_DC UCSC,36.10018,-121.6284,36.1,-121.63,0.1451377447541481,0.05,2017,365,365,1.0,13.607227397260274,19.228,3.465609523809523,180.50678571428574,37.0,18.0,strictly prior MUR days at the same source pixel
DOLAN_DC UCSC,36.10018,-121.6284,36.1,-121.63,0.1451377447541481,0.05,2018,365,365,1.0,13.97804931506849,17.174,2.9734374999999997,287.0777416666666,67.0,20.0,strictly prior MUR days at the same source pixel
DOLAN_DC UCSC,36.10018,-121.6284,36.1,-121.63,0.1451377447541481,0.05,2019,365,365,1.0,13.937745205479452,16.387,2.3806696428571428,250.62231250000002,33.0,12.0,strictly prior MUR days at the same source pixel
DOLAN_DC UCSC,36.10018,-121.6284,36.1,-121.63,0.1451377447541481,0.05,2020,366,366,1.0,13.789352459016394,17.633,2.0680158730158733,229.6806862745098,50.0,12.0,strictly prior MUR days at the same source pixel
DOLAN_DC UCSC,36.10018,-121.6284,36.1,-121.63,0.1451377447541481,0.05,2021,365,363,0.9945205479452055,13.439683195592286,17.79,2.2990225563909776,149.9613947368421,51.0,42.0,strictly prior MUR days at the same source pixel
DOLAN_UC UCSC,36.1092,-121.6336,36.11,-121.64,0.5817756468820633,0.05,2002,214,214,1.0,13.24550934579439,15.308,,,,,strictly prior MUR days at the same source pixel
DOLAN_UC UCSC,36.1092,-121.6336,36.11,-121.64,0.5817756468820633,0.05,2003,365,365,1.0,13.24222191780822,17.458,,,,,strictly prior MUR days at the same source pixel
DOLAN_UC UCSC,36.1092,-121.6336,36.11,-121.64,0.5817756468820633,0.05,2004,366,366,1.0,13.1346912568306,15.747,2.097857142857143,180.60100000000003,47.0,14.0,strictly prior MUR days at the same source pixel
DOLAN_UC UCSC,36.1092,-121.6336,36.11,-121.64,0.5817756468820633,0.05,2005,365,364,0.9972602739726028,13.286093406593407,15.832,2.4995714285714286,215.859,17.0,12.0,strictly prior MUR days at the same source pixel
DOLAN_UC UCSC,36.1092,-121.6336,36.11,-121.64,0.5817756468820633,0.05,2006,365,365,1.0,13.694860273972601,17.525,2.721892857142857,301.2290833333334,99.0,50.0,strictly prior MUR days at the same source pixel
DOLAN_UC UCSC,36.1092,-121.6336,36.11,-121.64,0.5817756468820633,0.05,2007,365,365,1.0,12.780868493150685,16.707,2.095828571428571,68.99865000000001,20.0,10.0,strictly prior MUR days at the same source pixel
DOLAN_UC UCSC,36.1092,-121.6336,36.11,-121.64,0.5817756468820633,0.05,2008,366,366,1.0,12.776464480874319,17.018,2.0991190476190473,127.24249999999998,50.0,42.0,strictly prior MUR days at the same source pixel
DOLAN_UC UCSC,36.1092,-121.6336,36.11,-121.64,0.5817756468820633,0.05,2009,365,365,1.0,13.066104109589043,16.091,2.7804693877551023,141.48359523809523,8.0,4.0,strictly prior MUR days at the same source pixel
DOLAN_UC UCSC,36.1092,-121.6336,36.11,-121.64,0.5817756468820633,0.05,2010,365,365,1.0,13.084690410958904,15.346,1.2014285714285715,122.28780357142857,4.0,2.0,strictly prior MUR days at the same source pixel
DOLAN_UC UCSC,36.1092,-121.6336,36.11,-121.64,0.5817756468820633,0.05,2011,365,365,1.0,13.226668493150687,16.967,2.6113492063492063,139.25755555555554,61.0,31.0,strictly prior MUR days at the same source pixel
DOLAN_UC UCSC,36.1092,-121.6336,36.11,-121.64,0.5817756468820633,0.05,2012,366,366,1.0,13.158068306010929,16.997,2.0373,177.51496666666668,44.0,25.0,strictly prior MUR days at the same source pixel
DOLAN_UC UCSC,36.1092,-121.6336,36.11,-121.64,0.5817756468820633,0.05,2013,365,365,1.0,13.031676712328768,15.614,2.2129350649350643,110.52949999999998,18.0,6.0,strictly prior MUR days at the same source pixel
DOLAN_UC UCSC,36.1092,-121.6336,36.11,-121.64,0.5817756468820633,0.05,2014,365,365,1.0,14.713479452054795,18.642,3.8393214285714286,610.042303030303,171.0,171.0,strictly prior MUR days at the same source pixel
DOLAN_UC UCSC,36.1092,-121.6336,36.11,-121.64,0.5817756468820633,0.05,2015,365,365,1.0,15.18647397260274,19.474,4.227109890109889,722.931891025641,141.0,122.0,strictly prior MUR days at the same source pixel
DOLAN_UC UCSC,36.1092,-121.6336,36.11,-121.64,0.5817756468820633,0.05,2016,366,366,1.0,13.791494535519126,16.648,2.4835510204081634,253.84746520146518,23.0,7.0,strictly prior MUR days at the same source pixel
DOLAN_UC UCSC,36.1092,-121.6336,36.11,-121.64,0.5817756468820633,0.05,2017,365,365,1.0,13.599339726027397,19.211,3.429038095238096,178.9864095238095,37.0,18.0,strictly prior MUR days at the same source pixel
DOLAN_UC UCSC,36.1092,-121.6336,36.11,-121.64,0.5817756468820633,0.05,2018,365,365,1.0,13.970632876712328,17.165,2.972026785714285,286.1589625,67.0,20.0,strictly prior MUR days at the same source pixel
DOLAN_UC UCSC,36.1092,-121.6336,36.11,-121.64,0.5817756468820633,0.05,2019,365,365,1.0,13.937915068493151,16.401,2.374526785714285,251.37961029411764,33.0,12.0,strictly prior MUR days at the same source pixel
DOLAN_UC UCSC,36.1092,-121.6336,36.11,-121.64,0.5817756468820633,0.05,2020,366,366,1.0,13.782620218579236,17.605,2.062222222222222,228.81196078431373,47.0,12.0,strictly prior MUR days at the same source pixel
DOLAN_UC UCSC,36.1092,-121.6336,36.11,-121.64,0.5817756468820633,0.05,2021,365,363,0.9945205479452055,13.436264462809916,17.784,2.2836842105263155,149.6588918128655,50.0,42.0,strictly prior MUR days at the same source pixel
ESTERO UCSC,35.47239,-121.0296,35.47,-121.03,0.2682135397535441,0.05,2002,214,214,1.0,13.400757009345797,14.985,,,,,strictly prior MUR days at the same source pixel
ESTERO UCSC,35.47239,-121.0296,35.47,-121.03,0.2682135397535441,0.05,2003,365,365,1.0,13.18912602739726,16.817,,,,,strictly prior MUR days at the same source pixel
ESTERO UCSC,35.47239,-121.0296,35.47,-121.03,0.2682135397535441,0.05,2004,366,366,1.0,13.294904371584698,17.195,2.8208571428571423,217.7745,66.0,30.0,strictly prior MUR days at the same source pixel
ESTERO UCSC,35.47239,-121.0296,35.47,-121.03,0.2682135397535441,0.05,2005,365,365,1.0,13.270353424657534,15.78,2.713,199.01999999999998,21.0,17.0,strictly prior MUR days at the same source pixel
ESTERO UCSC,35.47239,-121.0296,35.47,-121.03,0.2682135397535441,0.05,2006,365,365,1.0,13.72761917808219,17.414,2.9183928571428575,302.40583333333336,107.0,44.0,strictly prior MUR days at the same source pixel
ESTERO UCSC,35.47239,-121.0296,35.47,-121.03,0.2682135397535441,0.05,2007,365,365,1.0,12.998583561643835,16.506999999999998,1.9022285714285718,87.12795,16.0,12.0,strictly prior MUR days at the same source pixel
ESTERO UCSC,35.47239,-121.0296,35.47,-121.03,0.2682135397535441,0.05,2008,366,366,1.0,13.127265027322403,16.927999999999997,2.037619047619047,165.34573333333333,75.0,40.0,strictly prior MUR days at the same source pixel
ESTERO UCSC,35.47239,-121.0296,35.47,-121.03,0.2682135397535441,0.05,2009,365,365,1.0,13.39775616438356,16.478,2.8836326530612246,176.12059523809523,33.0,8.0,strictly prior MUR days at the same source pixel
ESTERO UCSC,35.47239,-121.0296,35.47,-121.03,0.2682135397535441,0.05,2010,365,365,1.0,13.18330684931507,15.789,1.375367346938775,124.20632142857141,4.0,3.0,strictly prior MUR days at the same source pixel
ESTERO UCSC,35.47239,-121.0296,35.47,-121.03,0.2682135397535441,0.05,2011,365,365,1.0,13.363742465753424,16.637,1.6550714285714287,130.83593055555554,43.0,15.0,strictly prior MUR days at the same source pixel
ESTERO UCSC,35.47239,-121.0296,35.47,-121.03,0.2682135397535441,0.05,2012,366,366,1.0,13.427387978142074,17.48,2.560314285714285,183.89543333333333,59.0,26.0,strictly prior MUR days at the same source pixel
ESTERO UCSC,35.47239,-121.0296,35.47,-121.03,0.2682135397535441,0.05,2013,365,365,1.0,13.466413698630136,16.389,3.347220779220779,167.69072727272726,42.0,18.0,strictly prior MUR days at the same source pixel
ESTERO UCSC,35.47239,-121.0296,35.47,-121.03,0.2682135397535441,0.05,2014,365,365,1.0,15.040605479452054,19.513,4.393202380952382,654.3294621212121,174.0,130.0,strictly prior MUR days at the same source pixel
ESTERO UCSC,35.47239,-121.0296,35.47,-121.03,0.2682135397535441,0.05,2015,365,365,1.0,15.442630136986303,19.666,4.32410989010989,740.66425,150.0,132.0,strictly prior MUR days at the same source pixel
ESTERO UCSC,35.47239,-121.0296,35.47,-121.03,0.2682135397535441,0.05,2016,366,366,1.0,14.077360655737706,16.856,2.514527472527472,245.35714835164836,28.0,8.0,strictly prior MUR days at the same source pixel
ESTERO UCSC,35.47239,-121.0296,35.47,-121.03,0.2682135397535441,0.05,2017,365,365,1.0,14.06216712328767,18.474,3.0409047619047618,229.37207142857142,59.0,37.0,strictly prior MUR days at the same source pixel
ESTERO UCSC,35.47239,-121.0296,35.47,-121.03,0.2682135397535441,0.05,2018,365,365,1.0,14.295408219178082,17.518,3.1434553571428574,304.5811333333333,81.0,28.0,strictly prior MUR days at the same source pixel
ESTERO UCSC,35.47239,-121.0296,35.47,-121.03,0.2682135397535441,0.05,2019,365,365,1.0,14.025652054794522,16.621000000000002,2.2940588235294124,215.82590808823534,16.0,6.0,strictly prior MUR days at the same source pixel
ESTERO UCSC,35.47239,-121.0296,35.47,-121.03,0.2682135397535441,0.05,2020,366,366,1.0,14.035986338797812,17.353,2.1650714285714296,235.88652124183002,65.0,28.0,strictly prior MUR days at the same source pixel
ESTERO UCSC,35.47239,-121.0296,35.47,-121.03,0.2682135397535441,0.05,2021,365,363,0.9945205479452055,13.494815426997246,17.434,2.0144661654135336,115.83760233918129,44.0,11.0,strictly prior MUR days at the same source pixel
FALSE_SUR UCSC,36.27756,-121.8868,36.28,-121.89,0.3948334751194122,0.05,2002,214,214,1.0,13.172789719626168,14.856,,,,,strictly prior MUR days at the same source pixel
FALSE_SUR UCSC,36.27756,-121.8868,36.28,-121.89,0.3948334751194122,0.05,2003,365,365,1.0,13.318416438356163,17.534,,,,,strictly prior MUR days at the same source pixel
FALSE_SUR UCSC,36.27756,-121.8868,36.28,-121.89,0.3948334751194122,0.05,2004,366,366,1.0,13.096775956284153,15.865,2.079571428571428,151.8075,27.0,9.0,strictly prior MUR days at the same source pixel
FALSE_SUR UCSC,36.27756,-121.8868,36.28,-121.89,0.3948334751194122,0.05,2005,365,364,0.9972602739726028,13.362881868131868,15.725,3.1478571428571422,239.22033333333331,18.0,12.0,strictly prior MUR days at the same source pixel
FALSE_SUR UCSC,36.27756,-121.8868,36.28,-121.89,0.3948334751194122,0.05,2006,365,365,1.0,13.597934246575342,17.195,2.5099642857142848,266.1257499999999,108.0,57.0,strictly prior MUR days at the same source pixel
FALSE_SUR UCSC,36.27756,-121.8868,36.28,-121.89,0.3948334751194122,0.05,2007,365,365,1.0,12.744802739726024,16.896,1.6710285714285715,64.77725000000001,20.0,11.0,strictly prior MUR days at the same source pixel
FALSE_SUR UCSC,36.27756,-121.8868,36.28,-121.89,0.3948334751194122,0.05,2008,366,366,1.0,12.674442622950819,16.868000000000002,2.2464761904761903,112.8221,49.0,39.0,strictly prior MUR days at the same source pixel
FALSE_SUR UCSC,36.27756,-121.8868,36.28,-121.89,0.3948334751194122,0.05,2009,365,365,1.0,12.951808219178082,15.54,2.645959183673469,118.46569047619049,10.0,4.0,strictly prior MUR days at the same source pixel
FALSE_SUR UCSC,36.27756,-121.8868,36.28,-121.89,0.3948334751194122,0.05,2010,365,365,1.0,13.048315068493151,15.366,1.4813214285714282,133.36258928571428,9.0,8.0,strictly prior MUR days at the same source pixel
FALSE_SUR UCSC,36.27756,-121.8868,36.28,-121.89,0.3948334751194122,0.05,2011,365,365,1.0,13.100920547945206,16.647,2.3556190476190477,117.43097222222222,58.0,25.0,strictly prior MUR days at the same source pixel
FALSE_SUR UCSC,36.27756,-121.8868,36.28,-121.89,0.3948334751194122,0.05,2012,366,366,1.0,13.076418032786885,16.645,2.0536428571428567,161.68816666666666,43.0,22.0,strictly prior MUR days at the same source pixel
FALSE_SUR UCSC,36.27756,-121.8868,36.28,-121.89,0.3948334751194122,0.05,2013,365,365,1.0,12.895134246575342,15.694,1.9669350649350643,91.80223636363637,8.0,2.0,strictly prior MUR days at the same source pixel
FALSE_SUR UCSC,36.27756,-121.8868,36.28,-121.89,0.3948334751194122,0.05,2014,365,365,1.0,14.679638356164382,18.585,3.884654761904762,610.7402727272727,172.0,171.0,strictly prior MUR days at the same source pixel
FALSE_SUR UCSC,36.27756,-121.8868,36.28,-121.89,0.3948334751194122,0.05,2015,365,365,1.0,15.037819178082191,19.029,3.862186813186813,689.2099166666667,145.0,135.0,strictly prior MUR days at the same source pixel
FALSE_SUR UCSC,36.27756,-121.8868,36.28,-121.89,0.3948334751194122,0.05,2016,366,366,1.0,13.707661202185792,16.341,2.4528571428571437,241.39640293040293,20.0,5.0,strictly prior MUR days at the same source pixel
FALSE_SUR UCSC,36.27756,-121.8868,36.28,-121.89,0.3948334751194122,0.05,2017,365,365,1.0,13.53832602739726,18.604,3.0064952380952383,170.21663333333333,39.0,19.0,strictly prior MUR days at the same source pixel
FALSE_SUR UCSC,36.27756,-121.8868,36.28,-121.89,0.3948334751194122,0.05,2018,365,365,1.0,13.861756164383563,17.214,3.1070446428571423,271.6296541666667,60.0,18.0,strictly prior MUR days at the same source pixel
FALSE_SUR UCSC,36.27756,-121.8868,36.28,-121.89,0.3948334751194122,0.05,2019,365,365,1.0,13.966876712328768,16.887999999999998,2.3036250000000007,268.10886397058823,35.0,15.0,strictly prior MUR days at the same source pixel
FALSE_SUR UCSC,36.27756,-121.8868,36.28,-121.89,0.3948334751194122,0.05,2020,366,366,1.0,13.679262295081966,17.035,2.335823529411765,225.42066339869282,48.0,11.0,strictly prior MUR days at the same source pixel
FALSE_SUR UCSC,36.27756,-121.8868,36.28,-121.89,0.3948334751194122,0.05,2021,365,363,0.9945205479452055,13.280964187327823,17.487000000000002,1.796511278195489,128.1570730994152,50.0,26.0,strictly prior MUR days at the same source pixel
FLAT_ROCK_N VRG,33.80132,-118.4074,33.8,-118.41,0.28153105256293,0.05,2002,214,213,0.9953271028037384,17.457154929577463,20.351,,,,,strictly prior MUR days at the same source pixel
FLAT_ROCK_N VRG,33.80132,-118.4074,33.8,-118.41,0.28153105256293,0.05,2003,365,365,1.0,16.893600000000003,22.316,,,,,strictly prior MUR days at the same source pixel
FLAT_ROCK_N VRG,33.80132,-118.4074,33.8,-118.41,0.28153105256293,0.05,2004,366,366,1.0,17.27090163934426,23.082,4.1545000000000005,322.74800000000005,64.0,46.0,strictly prior MUR days at the same source pixel
FLAT_ROCK_N VRG,33.80132,-118.4074,33.8,-118.41,0.28153105256293,0.05,2005,365,365,1.0,16.840742465753426,20.974,1.494214285714285,114.76616666666668,18.0,6.0,strictly prior MUR days at the same source pixel
FLAT_ROCK_N VRG,33.80132,-118.4074,33.8,-118.41,0.28153105256293,0.05,2006,365,364,0.9972602739726028,17.339983516483517,23.537,3.0441071428571433,290.92983333333336,72.0,66.0,strictly prior MUR days at the same source pixel
FLAT_ROCK_N VRG,33.80132,-118.4074,33.8,-118.41,0.28153105256293,0.05,2007,365,364,0.9972602739726028,16.85056868131868,22.112,1.810885714285714,112.56385,61.0,48.0,strictly prior MUR days at the same source pixel
FLAT_ROCK_N VRG,33.80132,-118.4074,33.8,-118.41,0.28153105256293,0.05,2008,366,366,1.0,17.17551912568306,22.375,2.7943571428571436,196.12446666666665,63.0,19.0,strictly prior MUR days at the same source pixel
FLAT_ROCK_N VRG,33.80132,-118.4074,33.8,-118.41,0.28153105256293,0.05,2009,365,365,1.0,17.270282191780822,22.322,2.2943265306122442,187.54522619047617,53.0,30.0,strictly prior MUR days at the same source pixel
FLAT_ROCK_N VRG,33.80132,-118.4074,33.8,-118.41,0.28153105256293,0.05,2010,365,365,1.0,16.440167123287672,19.691,1.2425306122448976,88.44010714285713,0.0,0.0,strictly prior MUR days at the same source pixel
FLAT_ROCK_N VRG,33.80132,-118.4074,33.8,-118.41,0.28153105256293,0.05,2011,365,365,1.0,16.524490410958904,20.466,1.49975,57.18890277777777,1.0,1.0,strictly prior MUR days at the same source pixel
FLAT_ROCK_N VRG,33.80132,-118.4074,33.8,-118.41,0.28153105256293,0.05,2012,366,366,1.0,17.23523224043716,22.12,2.19077142857143,248.04673333333332,63.0,43.0,strictly prior MUR days at the same source pixel
FLAT_ROCK_N VRG,33.80132,-118.4074,33.8,-118.41,0.28153105256293,0.05,2013,365,365,1.0,17.16529589041096,21.397,2.4002857142857144,187.63301363636361,24.0,8.0,strictly prior MUR days at the same source pixel
FLAT_ROCK_N VRG,33.80132,-118.4074,33.8,-118.41,0.28153105256293,0.05,2014,365,365,1.0,18.520032876712328,22.885,3.2010833333333335,582.9075883838384,123.0,46.0,strictly prior MUR days at the same source pixel
FLAT_ROCK_N VRG,33.80132,-118.4074,33.8,-118.41,0.28153105256293,0.05,2015,365,365,1.0,18.88795890410959,23.966,4.520098901098901,672.5584641025641,114.0,111.0,strictly prior MUR days at the same source pixel
FLAT_ROCK_N VRG,33.80132,-118.4074,33.8,-118.41,0.28153105256293,0.05,2016,366,366,1.0,18.02850273224044,23.044,2.3610256410256403,320.5059467199467,68.0,56.0,strictly prior MUR days at the same source pixel
FLAT_ROCK_N VRG,33.80132,-118.4074,33.8,-118.41,0.28153105256293,0.05,2017,365,365,1.0,17.81287397260274,22.822,2.095504761904763,235.8948238095238,60.0,38.0,strictly prior MUR days at the same source pixel
FLAT_ROCK_N VRG,33.80132,-118.4074,33.8,-118.41,0.28153105256293,0.05,2018,365,365,1.0,18.09532602739726,24.152,3.3431875000000004,328.88904423076923,77.0,74.0,strictly prior MUR days at the same source pixel
FLAT_ROCK_N VRG,33.80132,-118.4074,33.8,-118.41,0.28153105256293,0.05,2019,365,365,1.0,17.644673972602742,22.917,1.8867058823529415,183.60437132352942,51.0,37.0,strictly prior MUR days at the same source pixel
FLAT_ROCK_N VRG,33.80132,-118.4074,33.8,-118.41,0.28153105256293,0.05,2020,366,366,1.0,17.662273224043716,23.176,2.808176470588234,240.47371895424834,32.0,13.0,strictly prior MUR days at the same source pixel
FLAT_ROCK_N VRG,33.80132,-118.4074,33.8,-118.41,0.28153105256293,0.05,2021,365,363,0.9945205479452055,16.9969173553719,21.502,1.374880952380952,64.48642690058477,7.0,5.0,strictly prior MUR days at the same source pixel
FULLERS UCSC,36.20811,-121.7522,36.21,-121.75,0.2883171999545008,0.05,2002,214,214,1.0,13.201560747663551,15.016,,,,,strictly prior MUR days at the same source pixel
FULLERS UCSC,36.20811,-121.7522,36.21,-121.75,0.2883171999545008,0.05,2003,365,365,1.0,13.24645205479452,17.541,,,,,strictly prior MUR days at the same source pixel
FULLERS UCSC,36.20811,-121.7522,36.21,-121.75,0.2883171999545008,0.05,2004,366,366,1.0,13.11139344262295,15.816,1.9893571428571428,176.69250000000005,39.0,13.0,strictly prior MUR days at the same source pixel
FULLERS UCSC,36.20811,-121.7522,36.21,-121.75,0.2883171999545008,0.05,2005,365,365,1.0,13.309424657534247,15.666,2.9910000000000005,228.43716666666668,14.0,12.0,strictly prior MUR days at the same source pixel
FULLERS UCSC,36.20811,-121.7522,36.21,-121.75,0.2883171999545008,0.05,2006,365,365,1.0,13.642621917808215,17.252,2.6466071428571425,288.5299166666666,102.0,50.0,strictly prior MUR days at the same source pixel
FULLERS UCSC,36.20811,-121.7522,36.21,-121.75,0.2883171999545008,0.05,2007,365,365,1.0,12.75215616438356,16.787,1.7745142857142855,65.5564,20.0,11.0,strictly prior MUR days at the same source pixel
FULLERS UCSC,36.20811,-121.7522,36.21,-121.75,0.2883171999545008,0.05,2008,366,366,1.0,12.718147540983608,16.965,2.1792380952380954,121.02726666666666,50.0,42.0,strictly prior MUR days at the same source pixel
FULLERS UCSC,36.20811,-121.7522,36.21,-121.75,0.2883171999545008,0.05,2009,365,365,1.0,12.975953424657536,15.739,2.6940816326530617,125.39947619047616,9.0,4.0,strictly prior MUR days at the same source pixel
FULLERS UCSC,36.20811,-121.7522,36.21,-121.75,0.2883171999545008,0.05,2010,365,365,1.0,13.046446575342465,15.32,1.1938775510204072,125.05469642857145,3.0,2.0,strictly prior MUR days at the same source pixel
FULLERS UCSC,36.20811,-121.7522,36.21,-121.75,0.2883171999545008,0.05,2011,365,365,1.0,13.153953424657532,16.964,2.583412698412698,129.9829861111111,62.0,31.0,strictly prior MUR days at the same source pixel
FULLERS UCSC,36.20811,-121.7522,36.21,-121.75,0.2883171999545008,0.05,2012,366,366,1.0,13.087636612021857,16.802999999999997,2.0683714285714285,168.05758888888886,43.0,24.0,strictly prior MUR days at the same source pixel
FULLERS UCSC,36.20811,-121.7522,36.21,-121.75,0.2883171999545008,0.05,2013,365,365,1.0,12.94611780821918,15.565,2.0751948051948053,97.80196363636367,14.0,3.0,strictly prior MUR days at the same source pixel
FULLERS UCSC,36.20811,-121.7522,36.21,-121.75,0.2883171999545008,0.05,2014,365,365,1.0,14.674895890410957,18.609,3.955547619047619,608.9601969696971,173.0,173.0,strictly prior MUR days at the same source pixel
FULLERS UCSC,36.20811,-121.7522,36.21,-121.75,0.2883171999545008,0.05,2015,365,365,1.0,15.084838356164385,19.212,3.9537692307692303,702.7565897435898,140.0,121.0,strictly prior MUR days at the same source pixel
FULLERS UCSC,36.20811,-121.7522,36.21,-121.75,0.2883171999545008,0.05,2016,366,366,1.0,13.711822404371585,16.474,2.472285714285715,245.84189194139194,21.0,7.0,strictly prior MUR days at the same source pixel
FULLERS UCSC,36.20811,-121.7522,36.21,-121.75,0.2883171999545008,0.05,2017,365,365,1.0,13.534238356164384,18.926,3.220466666666666,170.04989523809522,36.0,18.0,strictly prior MUR days at the same source pixel
FULLERS UCSC,36.20811,-121.7522,36.21,-121.75,0.2883171999545008,0.05,2018,365,365,1.0,13.88889315068493,17.197,2.9487857142857146,280.69804583333337,63.0,19.0,strictly prior MUR days at the same source pixel
FULLERS UCSC,36.20811,-121.7522,36.21,-121.75,0.2883171999545008,0.05,2019,365,365,1.0,13.934334246575341,16.595,2.3652321428571423,262.8662536764706,31.0,11.0,strictly prior MUR days at the same source pixel
FULLERS UCSC,36.20811,-121.7522,36.21,-121.75,0.2883171999545008,0.05,2020,366,366,1.0,13.721398907103826,17.279,2.0376974789915967,226.68687581699345,46.0,10.0,strictly prior MUR days at the same source pixel
FULLERS UCSC,36.20811,-121.7522,36.21,-121.75,0.2883171999545008,0.05,2021,365,363,0.9945205479452055,13.363834710743802,17.678,2.069345864661654,143.32444736842103,49.0,41.0,strictly prior MUR days at the same source pixel
Flat Iron Rock,41.059425,-124.157829,41.06,-124.16,0.1929277495918146,0.05,2002,214,214,1.0,11.412588785046731,12.84,,,,,strictly prior MUR days at the same source pixel
Flat Iron Rock,41.059425,-124.157829,41.06,-124.16,0.1929277495918146,0.05,2003,365,365,1.0,11.653920547945207,14.695,,,,,strictly prior MUR days at the same source pixel
Flat Iron Rock,41.059425,-124.157829,41.06,-124.16,0.1929277495918146,0.05,2004,366,366,1.0,11.59792349726776,14.668,2.421071428571429,155.729,52.0,17.0,strictly prior MUR days at the same source pixel
Flat Iron Rock,41.059425,-124.157829,41.06,-124.16,0.1929277495918146,0.05,2005,365,365,1.0,11.841112328767124,14.452,3.2857857142857143,200.05333333333337,48.0,25.0,strictly prior MUR days at the same source pixel
Flat Iron Rock,41.059425,-124.157829,41.06,-124.16,0.1929277495918146,0.05,2006,365,365,1.0,11.432797260273972,14.438,2.752214285714286,113.74633333333333,24.0,10.0,strictly prior MUR days at the same source pixel
Flat Iron Rock,41.059425,-124.157829,41.06,-124.16,0.1929277495918146,0.05,2007,365,365,1.0,11.331569863013696,15.818,3.2643714285714287,172.0924,74.0,25.0,strictly prior MUR days at the same source pixel
Flat Iron Rock,41.059425,-124.157829,41.06,-124.16,0.1929277495918146,0.05,2008,366,366,1.0,10.61554644808743,14.183,1.6667142857142856,76.46773333333334,35.0,13.0,strictly prior MUR days at the same source pixel
Flat Iron Rock,41.059425,-124.157829,41.06,-124.16,0.1929277495918146,0.05,2009,365,365,1.0,11.161134246575342,15.474,3.2293469387755107,150.62607142857144,53.0,17.0,strictly prior MUR days at the same source pixel
Flat Iron Rock,41.059425,-124.157829,41.06,-124.16,0.1929277495918146,0.05,2010,365,365,1.0,11.323517808219178,13.933,1.8001071428571431,137.48485714285715,17.0,10.0,strictly prior MUR days at the same source pixel
Flat Iron Rock,41.059425,-124.157829,41.06,-124.16,0.1929277495918146,0.05,2011,365,365,1.0,11.081764383561644,14.75,2.438634920634921,103.60416666666666,46.0,14.0,strictly prior MUR days at the same source pixel
Flat Iron Rock,41.059425,-124.157829,41.06,-124.16,0.1929277495918146,0.05,2012,366,366,1.0,11.248021857923497,14.585,2.388557142857143,137.49675555555558,27.0,13.0,strictly prior MUR days at the same source pixel
Flat Iron Rock,41.059425,-124.157829,41.06,-124.16,0.1929277495918146,0.05,2013,365,365,1.0,10.98423287671233,16.271,4.018311688311689,178.27527272727272,65.0,43.0,strictly prior MUR days at the same source pixel
Flat Iron Rock,41.059425,-124.157829,41.06,-124.16,0.1929277495918146,0.05,2014,365,365,1.0,12.467402739726028,16.023,4.565607142857144,488.0811212121212,162.0,109.0,strictly prior MUR days at the same source pixel
Flat Iron Rock,41.059425,-124.157829,41.06,-124.16,0.1929277495918146,0.05,2015,365,365,1.0,12.66649315068493,16.424999999999997,3.7575824175824173,511.9770833333333,107.0,72.0,strictly prior MUR days at the same source pixel
Flat Iron Rock,41.059425,-124.157829,41.06,-124.16,0.1929277495918146,0.05,2016,366,366,1.0,12.15236338797814,15.274,3.222051020408163,333.81342124542124,40.0,34.0,strictly prior MUR days at the same source pixel
Flat Iron Rock,41.059425,-124.157829,41.06,-124.16,0.1929277495918146,0.05,2017,365,365,1.0,11.712484931506852,14.878,2.0239047619047623,185.89567619047625,44.0,17.0,strictly prior MUR days at the same source pixel
Flat Iron Rock,41.059425,-124.157829,41.06,-124.16,0.1929277495918146,0.05,2018,365,365,1.0,11.417131506849318,14.385,1.5945714285714279,115.43376666666666,10.0,5.0,strictly prior MUR days at the same source pixel
Flat Iron Rock,41.059425,-124.157829,41.06,-124.16,0.1929277495918146,0.05,2019,365,365,1.0,11.896912328767122,16.738,3.5829243697478987,240.32549632352936,66.0,30.0,strictly prior MUR days at the same source pixel
Flat Iron Rock,41.059425,-124.157829,41.06,-124.16,0.1929277495918146,0.05,2020,366,366,1.0,11.759409836065572,16.737000000000002,3.617230158730159,255.55682026143785,71.0,43.0,strictly prior MUR days at the same source pixel
Flat Iron Rock,41.059425,-124.157829,41.06,-124.16,0.1929277495918146,0.05,2021,365,363,0.9945205479452055,11.140451790633609,14.906,2.0212105263157896,104.52796491228071,15.0,4.0,strictly prior MUR days at the same source pixel
Fort Ross,38.5106,-123.245,38.51,-123.25,0.4401346380823065,0.05,2002,214,214,1.0,11.79753738317757,14.135,,,,,strictly prior MUR days at the same source pixel
Fort Ross,38.5106,-123.245,38.51,-123.25,0.4401346380823065,0.05,2003,365,365,1.0,11.509567123287672,14.747,,,,,strictly prior MUR days at the same source pixel
Fort Ross,38.5106,-123.245,38.51,-123.25,0.4401346380823065,0.05,2004,366,366,1.0,11.732975409836067,16.5,4.3872857142857145,192.22,57.0,19.0,strictly prior MUR days at the same source pixel
Fort Ross,38.5106,-123.245,38.51,-123.25,0.4401346380823065,0.05,2005,365,365,1.0,12.043268493150686,13.962,3.3970714285714294,265.0876666666667,49.0,27.0,strictly prior MUR days at the same source pixel
Fort Ross,38.5106,-123.245,38.51,-123.25,0.4401346380823065,0.05,2006,365,365,1.0,12.173778082191781,16.14,3.4023571428571424,246.1475,82.0,40.0,strictly prior MUR days at the same source pixel
Fort Ross,38.5106,-123.245,38.51,-123.25,0.4401346380823065,0.05,2007,365,365,1.0,11.152989041095891,15.535,2.2508857142857144,81.6718,34.0,11.0,strictly prior MUR days at the same source pixel
Fort Ross,38.5106,-123.245,38.51,-123.25,0.4401346380823065,0.05,2008,366,366,1.0,11.147693989071039,14.803,2.9900952380952384,127.08406666666667,49.0,33.0,strictly prior MUR days at the same source pixel
Fort Ross,38.5106,-123.245,38.51,-123.25,0.4401346380823065,0.05,2009,365,365,1.0,11.457167123287672,15.89,2.788755102040817,147.60688095238095,42.0,23.0,strictly prior MUR days at the same source pixel
Fort Ross,38.5106,-123.245,38.51,-123.25,0.4401346380823065,0.05,2010,365,365,1.0,11.612317808219176,14.327,2.0989795918367347,157.70973214285715,4.0,3.0,strictly prior MUR days at the same source pixel
Fort Ross,38.5106,-123.245,38.51,-123.25,0.4401346380823065,0.05,2011,365,365,1.0,11.35377808219178,14.581,2.2385873015873012,90.77670833333335,37.0,19.0,strictly prior MUR days at the same source pixel
Fort Ross,38.5106,-123.245,38.51,-123.25,0.4401346380823065,0.05,2012,366,366,1.0,11.224237704918032,14.256,2.299285714285714,124.86934444444441,41.0,15.0,strictly prior MUR days at the same source pixel
Fort Ross,38.5106,-123.245,38.51,-123.25,0.4401346380823065,0.05,2013,365,365,1.0,11.1063698630137,14.612,2.1934285714285706,98.37551818181817,22.0,14.0,strictly prior MUR days at the same source pixel
Fort Ross,38.5106,-123.245,38.51,-123.25,0.4401346380823065,0.05,2014,365,365,1.0,13.165635616438356,17.902,5.170845238095238,639.3358484848484,164.0,145.0,strictly prior MUR days at the same source pixel
Fort Ross,38.5106,-123.245,38.51,-123.25,0.4401346380823065,0.05,2015,365,365,1.0,13.135926027397261,16.718,4.934065934065934,580.6148076923076,140.0,56.0,strictly prior MUR days at the same source pixel
Fort Ross,38.5106,-123.245,38.51,-123.25,0.4401346380823065,0.05,2016,366,366,1.0,12.306666666666668,15.593,2.8841122448979593,309.0022435897436,41.0,20.0,strictly prior MUR days at the same source pixel
Fort Ross,38.5106,-123.245,38.51,-123.25,0.4401346380823065,0.05,2017,365,365,1.0,12.11401095890411,16.060000000000002,2.437180952380953,217.60261904761904,53.0,17.0,strictly prior MUR days at the same source pixel
Fort Ross,38.5106,-123.245,38.51,-123.25,0.4401346380823065,0.05,2018,365,365,1.0,12.128830136986302,14.806,2.0852232142857146,246.84578333333332,32.0,14.0,strictly prior MUR days at the same source pixel
Fort Ross,38.5106,-123.245,38.51,-123.25,0.4401346380823065,0.05,2019,365,365,1.0,12.165068493150685,15.365,2.853803571428571,240.1635367647059,13.0,7.0,strictly prior MUR days at the same source pixel
Fort Ross,38.5106,-123.245,38.51,-123.25,0.4401346380823065,0.05,2020,366,366,1.0,12.16747267759563,15.525,2.6616134453781513,241.23671241830067,54.0,26.0,strictly prior MUR days at the same source pixel
Fort Ross,38.5106,-123.245,38.51,-123.25,0.4401346380823065,0.05,2021,365,363,0.9945205479452055,12.136663911845732,16.052,3.0286541353383463,280.60741812865496,97.0,49.0,strictly prior MUR days at the same source pixel
Frolic Cove,39.355026,-123.823868,39.36,-123.83,0.7641010046542449,0.05,2002,214,214,1.0,11.71094859813084,13.896,,,,,strictly prior MUR days at the same source pixel
Frolic Cove,39.355026,-123.823868,39.36,-123.83,0.7641010046542449,0.05,2003,365,365,1.0,11.618216438356162,14.709,,,,,strictly prior MUR days at the same source pixel
Frolic Cove,39.355026,-123.823868,39.36,-123.83,0.7641010046542449,0.05,2004,366,366,1.0,12.015308743169399,15.918,3.161142857142857,250.83799999999997,93.0,45.0,strictly prior MUR days at the same source pixel
Frolic Cove,39.355026,-123.823868,39.36,-123.83,0.7641010046542449,0.05,2005,365,365,1.0,12.011846575342467,13.552,2.803357142857144,203.76450000000003,51.0,21.0,strictly prior MUR days at the same source pixel
Frolic Cove,39.355026,-123.823868,39.36,-123.83,0.7641010046542449,0.05,2006,365,365,1.0,12.090742465753422,14.443,2.6964999999999995,220.24099999999999,76.0,28.0,strictly prior MUR days at the same source pixel
Frolic Cove,39.355026,-123.823868,39.36,-123.83,0.7641010046542449,0.05,2007,365,365,1.0,11.5524,15.493,3.187028571428572,170.06045,70.0,36.0,strictly prior MUR days at the same source pixel
Frolic Cove,39.355026,-123.823868,39.36,-123.83,0.7641010046542449,0.05,2008,366,366,1.0,10.916289617486338,14.707,2.3405714285714287,90.45223333333334,39.0,27.0,strictly prior MUR days at the same source pixel
Frolic Cove,39.355026,-123.823868,39.36,-123.83,0.7641010046542449,0.05,2009,365,365,1.0,11.283876712328766,15.266,2.459795918367346,109.08888095238095,31.0,19.0,strictly prior MUR days at the same source pixel
Frolic Cove,39.355026,-123.823868,39.36,-123.83,0.7641010046542449,0.05,2010,365,365,1.0,11.360539726027396,13.971,1.5276938775510207,121.26864285714285,9.0,7.0,strictly prior MUR days at the same source pixel
Frolic Cove,39.355026,-123.823868,39.36,-123.83,0.7641010046542449,0.05,2011,365,365,1.0,11.316306849315067,14.393,1.8234920634920635,86.71452777777777,30.0,10.0,strictly prior MUR days at the same source pixel
Frolic Cove,39.355026,-123.823868,39.36,-123.83,0.7641010046542449,0.05,2012,366,366,1.0,11.641196721311475,15.688,3.189628571428571,201.2145333333333,81.0,45.0,strictly prior MUR days at the same source pixel
Frolic Cove,39.355026,-123.823868,39.36,-123.83,0.7641010046542449,0.05,2013,365,365,1.0,11.55759178082192,16.211,3.6053636363636365,190.03511818181818,66.0,23.0,strictly prior MUR days at the same source pixel
Frolic Cove,39.355026,-123.823868,39.36,-123.83,0.7641010046542449,0.05,2014,365,365,1.0,13.217397260273971,17.319,4.162535714285714,627.5542196969697,155.0,76.0,strictly prior MUR days at the same source pixel
Frolic Cove,39.355026,-123.823868,39.36,-123.83,0.7641010046542449,0.05,2015,365,365,1.0,13.025561643835616,16.865000000000002,4.098934065934066,530.1526282051282,130.0,75.0,strictly prior MUR days at the same source pixel
Frolic Cove,39.355026,-123.823868,39.36,-123.83,0.7641010046542449,0.05,2016,366,366,1.0,12.382620218579238,15.225,2.464615384615384,300.5400567765568,34.0,26.0,strictly prior MUR days at the same source pixel
Frolic Cove,39.355026,-123.823868,39.36,-123.83,0.7641010046542449,0.05,2017,365,365,1.0,12.217504109589038,16.497,2.4551047619047615,241.89875714285716,54.0,20.0,strictly prior MUR days at the same source pixel
Frolic Cove,39.355026,-123.823868,39.36,-123.83,0.7641010046542449,0.05,2018,365,365,1.0,12.202287671232874,15.939,2.8966250000000002,235.6579291666667,34.0,13.0,strictly prior MUR days at the same source pixel
Frolic Cove,39.355026,-123.823868,39.36,-123.83,0.7641010046542449,0.05,2019,365,365,1.0,12.447849315068494,16.762,2.915529411764705,286.09619852941177,71.0,27.0,strictly prior MUR days at the same source pixel
Frolic Cove,39.355026,-123.823868,39.36,-123.83,0.7641010046542449,0.05,2020,366,366,1.0,12.218713114754099,18.098,4.780539682539683,275.3514607843137,57.0,45.0,strictly prior MUR days at the same source pixel
Frolic Cove,39.355026,-123.823868,39.36,-123.83,0.7641010046542449,0.05,2021,365,363,0.9945205479452055,11.661016528925622,14.518,2.0814060150375946,126.64545321637428,24.0,7.0,strictly prior MUR days at the same source pixel
GREEN_PEAK UCSC,35.1901,-120.8307,35.19,-120.83,0.0645760862037586,0.05,2002,214,214,1.0,13.681873831775702,15.707,,,,,strictly prior MUR days at the same source pixel
GREEN_PEAK UCSC,35.1901,-120.8307,35.19,-120.83,0.0645760862037586,0.05,2003,365,365,1.0,13.34648493150685,16.825,,,,,strictly prior MUR days at the same source pixel
GREEN_PEAK UCSC,35.1901,-120.8307,35.19,-120.83,0.0645760862037586,0.05,2004,366,366,1.0,13.44628961748634,17.839,3.3027857142857138,220.20749999999998,64.0,30.0,strictly prior MUR days at the same source pixel
GREEN_PEAK UCSC,35.1901,-120.8307,35.19,-120.83,0.0645760862037586,0.05,2005,365,365,1.0,13.397065753424657,15.78,2.638285714285714,194.1558333333333,19.0,10.0,strictly prior MUR days at the same source pixel
GREEN_PEAK UCSC,35.1901,-120.8307,35.19,-120.83,0.0645760862037586,0.05,2006,365,365,1.0,13.788523287671232,17.659,3.0331071428571432,274.1069166666666,105.0,63.0,strictly prior MUR days at the same source pixel
GREEN_PEAK UCSC,35.1901,-120.8307,35.19,-120.83,0.0645760862037586,0.05,2007,365,365,1.0,13.195071232876712,17.037,1.9486285714285716,87.7038,18.0,13.0,strictly prior MUR days at the same source pixel
GREEN_PEAK UCSC,35.1901,-120.8307,35.19,-120.83,0.0645760862037586,0.05,2008,366,366,1.0,13.338368852459018,16.686,1.863071428571429,171.3044666666667,81.0,19.0,strictly prior MUR days at the same source pixel
GREEN_PEAK UCSC,35.1901,-120.8307,35.19,-120.83,0.0645760862037586,0.05,2009,365,365,1.0,13.566016438356165,16.552,2.7867346938775515,177.0712857142857,45.0,11.0,strictly prior MUR days at the same source pixel
GREEN_PEAK UCSC,35.1901,-120.8307,35.19,-120.83,0.0645760862037586,0.05,2010,365,365,1.0,13.209575342465753,15.922,1.4337755102040817,113.57801785714287,3.0,2.0,strictly prior MUR days at the same source pixel
GREEN_PEAK UCSC,35.1901,-120.8307,35.19,-120.83,0.0645760862037586,0.05,2011,365,365,1.0,13.428238356164385,16.79,1.683482142857143,119.26005555555554,39.0,14.0,strictly prior MUR days at the same source pixel
GREEN_PEAK UCSC,35.1901,-120.8307,35.19,-120.83,0.0645760862037586,0.05,2012,366,366,1.0,13.596489071038253,17.993,2.7868428571428567,194.28915555555554,77.0,25.0,strictly prior MUR days at the same source pixel
GREEN_PEAK UCSC,35.1901,-120.8307,35.19,-120.83,0.0645760862037586,0.05,2013,365,365,1.0,13.630923287671234,16.713,2.8502337662337665,179.1340636363636,35.0,19.0,strictly prior MUR days at the same source pixel
GREEN_PEAK UCSC,35.1901,-120.8307,35.19,-120.83,0.0645760862037586,0.05,2014,365,365,1.0,15.10055890410959,20.164,4.988833333333333,623.5102424242425,172.0,86.0,strictly prior MUR days at the same source pixel
GREEN_PEAK UCSC,35.1901,-120.8307,35.19,-120.83,0.0645760862037586,0.05,2015,365,365,1.0,15.590512328767124,20.383,4.4994505494505495,745.1403910256411,146.0,126.0,strictly prior MUR days at the same source pixel
GREEN_PEAK UCSC,35.1901,-120.8307,35.19,-120.83,0.0645760862037586,0.05,2016,366,366,1.0,14.183363387978144,16.731,1.9894175824175826,231.85915201465204,29.0,7.0,strictly prior MUR days at the same source pixel
GREEN_PEAK UCSC,35.1901,-120.8307,35.19,-120.83,0.0645760862037586,0.05,2017,365,365,1.0,14.201936986301371,18.378,2.7394571428571433,238.15696666666668,73.0,37.0,strictly prior MUR days at the same source pixel
GREEN_PEAK UCSC,35.1901,-120.8307,35.19,-120.83,0.0645760862037586,0.05,2018,365,365,1.0,14.443356164383564,18.09,3.320651785714286,308.1742333333333,94.0,31.0,strictly prior MUR days at the same source pixel
GREEN_PEAK UCSC,35.1901,-120.8307,35.19,-120.83,0.0645760862037586,0.05,2019,365,365,1.0,14.144846575342468,16.991999999999997,1.8411848739495795,203.41947426470585,19.0,7.0,strictly prior MUR days at the same source pixel
GREEN_PEAK UCSC,35.1901,-120.8307,35.19,-120.83,0.0645760862037586,0.05,2020,366,366,1.0,14.198336065573772,17.73,2.246386554621849,254.42167647058818,68.0,32.0,strictly prior MUR days at the same source pixel
GREEN_PEAK UCSC,35.1901,-120.8307,35.19,-120.83,0.0645760862037586,0.05,2021,365,363,0.9945205479452055,13.48773002754821,16.871000000000002,1.9808646616541348,95.82721637426901,34.0,15.0,strictly prior MUR days at the same source pixel
Gerstle Cove,38.56646,-123.33,38.56,-123.33,0.7183202183082497,0.05,2002,214,214,1.0,11.75193925233645,14.15,,,,,strictly prior MUR days at the same source pixel
Gerstle Cove,38.56646,-123.33,38.56,-123.33,0.7183202183082497,0.05,2003,365,365,1.0,11.503065753424657,14.801,,,,,strictly prior MUR days at the same source pixel
Gerstle Cove,38.56646,-123.33,38.56,-123.33,0.7183202183082497,0.05,2004,366,366,1.0,11.75124316939891,16.477,4.311857142857144,201.19,59.0,19.0,strictly prior MUR days at the same source pixel
Gerstle Cove,38.56646,-123.33,38.56,-123.33,0.7183202183082497,0.05,2005,365,365,1.0,12.043336986301371,13.839,3.3578571428571427,262.85650000000004,52.0,27.0,strictly prior MUR days at the same source pixel
Gerstle Cove,38.56646,-123.33,38.56,-123.33,0.7183202183082497,0.05,2006,365,365,1.0,12.1428904109589,16.362000000000002,3.5398928571428567,240.7935,84.0,43.0,strictly prior MUR days at the same source pixel
Gerstle Cove,38.56646,-123.33,38.56,-123.33,0.7183202183082497,0.05,2007,365,365,1.0,11.203394520547944,15.4,2.177142857142857,86.25650000000002,38.0,22.0,strictly prior MUR days at the same source pixel
Gerstle Cove,38.56646,-123.33,38.56,-123.33,0.7183202183082497,0.05,2008,366,366,1.0,11.143120218579234,14.786,2.7838571428571433,124.81629999999998,51.0,34.0,strictly prior MUR days at the same source pixel
Gerstle Cove,38.56646,-123.33,38.56,-123.33,0.7183202183082497,0.05,2009,365,365,1.0,11.475421917808221,16.022,2.9287142857142854,152.53769047619048,45.0,23.0,strictly prior MUR days at the same source pixel
Gerstle Cove,38.56646,-123.33,38.56,-123.33,0.7183202183082497,0.05,2010,365,365,1.0,11.614712328767123,14.37,1.9787551020408167,154.82426785714287,5.0,3.0,strictly prior MUR days at the same source pixel
Gerstle Cove,38.56646,-123.33,38.56,-123.33,0.7183202183082497,0.05,2011,365,365,1.0,11.31685205479452,14.523,2.141222222222222,83.90269444444445,38.0,19.0,strictly prior MUR days at the same source pixel
Gerstle Cove,38.56646,-123.33,38.56,-123.33,0.7183202183082497,0.05,2012,366,366,1.0,11.21524043715847,14.361,2.2446571428571427,120.38212222222221,36.0,15.0,strictly prior MUR days at the same source pixel
Gerstle Cove,38.56646,-123.33,38.56,-123.33,0.7183202183082497,0.05,2013,365,365,1.0,11.162619178082192,14.559,2.392324675324675,107.25857272727272,25.0,14.0,strictly prior MUR days at the same source pixel
Gerstle Cove,38.56646,-123.33,38.56,-123.33,0.7183202183082497,0.05,2014,365,365,1.0,13.177271232876711,17.921,5.236607142857144,642.798106060606,162.0,145.0,strictly prior MUR days at the same source pixel
Gerstle Cove,38.56646,-123.33,38.56,-123.33,0.7183202183082497,0.05,2015,365,365,1.0,13.120449315068493,16.602,4.719967032967033,574.145641025641,144.0,46.0,strictly prior MUR days at the same source pixel
Gerstle Cove,38.56646,-123.33,38.56,-123.33,0.7183202183082497,0.05,2016,366,366,1.0,12.319978142076502,15.594,2.8527857142857145,309.2103644688645,45.0,23.0,strictly prior MUR days at the same source pixel
Gerstle Cove,38.56646,-123.33,38.56,-123.33,0.7183202183082497,0.05,2017,365,365,1.0,12.159923287671232,15.9,2.3984857142857137,230.5180857142857,57.0,20.0,strictly prior MUR days at the same source pixel
Gerstle Cove,38.56646,-123.33,38.56,-123.33,0.7183202183082497,0.05,2018,365,365,1.0,12.156602739726027,14.83,2.1763839285714286,249.808375,33.0,14.0,strictly prior MUR days at the same source pixel
Gerstle Cove,38.56646,-123.33,38.56,-123.33,0.7183202183082497,0.05,2019,365,365,1.0,12.18991506849315,15.523,2.845866071428571,241.10305882352944,15.0,7.0,strictly prior MUR days at the same source pixel
Gerstle Cove,38.56646,-123.33,38.56,-123.33,0.7183202183082497,0.05,2020,366,366,1.0,12.108459016393443,15.501,2.621386554621849,223.0582189542484,49.0,26.0,strictly prior MUR days at the same source pixel
Gerstle Cove,38.56646,-123.33,38.56,-123.33,0.7183202183082497,0.05,2021,365,363,0.9945205479452055,12.051611570247935,15.855,2.8536842105263163,259.2896666666667,90.0,48.0,strictly prior MUR days at the same source pixel
Glass Beach,39.451645,-123.814728,39.45,-123.82,0.4882224052566024,0.05,2002,214,214,1.0,11.688350467289718,13.671,,,,,strictly prior MUR days at the same source pixel
Glass Beach,39.451645,-123.814728,39.45,-123.82,0.4882224052566024,0.05,2003,365,365,1.0,11.625517808219179,14.878,,,,,strictly prior MUR days at the same source pixel
Glass Beach,39.451645,-123.814728,39.45,-123.82,0.4882224052566024,0.05,2004,366,366,1.0,12.00355737704918,15.6,3.0457857142857145,244.42900000000003,94.0,45.0,strictly prior MUR days at the same source pixel
Glass Beach,39.451645,-123.814728,39.45,-123.82,0.4882224052566024,0.05,2005,365,365,1.0,12.000172602739726,13.646,2.8870714285714283,203.32599999999996,48.0,22.0,strictly prior MUR days at the same source pixel
Glass Beach,39.451645,-123.814728,39.45,-123.82,0.4882224052566024,0.05,2006,365,365,1.0,12.073087671232877,14.401,2.5489285714285717,208.41341666666668,70.0,25.0,strictly prior MUR days at the same source pixel
Glass Beach,39.451645,-123.814728,39.45,-123.82,0.4882224052566024,0.05,2007,365,365,1.0,11.528575342465754,15.318,3.311628571428572,168.23315,71.0,36.0,strictly prior MUR days at the same source pixel
Glass Beach,39.451645,-123.814728,39.45,-123.82,0.4882224052566024,0.05,2008,366,366,1.0,10.903284153005464,14.928,2.5948095238095243,88.24943333333333,39.0,27.0,strictly prior MUR days at the same source pixel
Glass Beach,39.451645,-123.814728,39.45,-123.82,0.4882224052566024,0.05,2009,365,365,1.0,11.254706849315069,15.207,2.4923061224489795,106.20490476190474,31.0,19.0,strictly prior MUR days at the same source pixel
Glass Beach,39.451645,-123.814728,39.45,-123.82,0.4882224052566024,0.05,2010,365,365,1.0,11.356394520547948,14.224,1.510142857142857,121.89714285714284,10.0,10.0,strictly prior MUR days at the same source pixel
Glass Beach,39.451645,-123.814728,39.45,-123.82,0.4882224052566024,0.05,2011,365,365,1.0,11.280764383561644,14.225,1.7006984126984128,82.88105555555555,34.0,10.0,strictly prior MUR days at the same source pixel
Glass Beach,39.451645,-123.814728,39.45,-123.82,0.4882224052566024,0.05,2012,366,366,1.0,11.585532786885247,15.533,3.1852428571428573,193.92411111111113,81.0,45.0,strictly prior MUR days at the same source pixel
Glass Beach,39.451645,-123.814728,39.45,-123.82,0.4882224052566024,0.05,2013,365,365,1.0,11.48791506849315,16.218,3.7569870129870138,185.85539090909091,58.0,22.0,strictly prior MUR days at the same source pixel
Glass Beach,39.451645,-123.814728,39.45,-123.82,0.4882224052566024,0.05,2014,365,365,1.0,13.15451506849315,17.144,4.183464285714286,613.0529242424242,156.0,77.0,strictly prior MUR days at the same source pixel
Glass Beach,39.451645,-123.814728,39.45,-123.82,0.4882224052566024,0.05,2015,365,365,1.0,12.977268493150687,16.929000000000002,4.034087912087912,520.6991346153847,133.0,75.0,strictly prior MUR days at the same source pixel
Glass Beach,39.451645,-123.814728,39.45,-123.82,0.4882224052566024,0.05,2016,366,366,1.0,12.369390710382515,15.197,2.474142857142857,306.0152234432234,36.0,25.0,strictly prior MUR days at the same source pixel
Glass Beach,39.451645,-123.814728,39.45,-123.82,0.4882224052566024,0.05,2017,365,365,1.0,12.158556164383564,16.503999999999998,2.4340857142857137,233.4386095238095,51.0,20.0,strictly prior MUR days at the same source pixel
Glass Beach,39.451645,-123.814728,39.45,-123.82,0.4882224052566024,0.05,2018,365,365,1.0,12.111797260273974,15.7,2.5801785714285717,219.80962083333333,31.0,12.0,strictly prior MUR days at the same source pixel
Glass Beach,39.451645,-123.814728,39.45,-123.82,0.4882224052566024,0.05,2019,365,365,1.0,12.390465753424657,16.712,2.9554957983193284,282.83308088235293,68.0,26.0,strictly prior MUR days at the same source pixel
Glass Beach,39.451645,-123.814728,39.45,-123.82,0.4882224052566024,0.05,2020,366,366,1.0,12.207811475409839,18.118,4.851238095238095,281.10778267973853,56.0,45.0,strictly prior MUR days at the same source pixel
Glass Beach,39.451645,-123.814728,39.45,-123.82,0.4882224052566024,0.05,2021,365,363,0.9945205479452055,11.656184573002754,14.455,2.084,128.22626315789475,28.0,8.0,strictly prior MUR days at the same source pixel
HARMONY UCSC,35.49641,-121.0578,35.5,-121.06,0.4461143057391424,0.05,2002,214,214,1.0,13.372570093457943,15.022,,,,,strictly prior MUR days at the same source pixel
HARMONY UCSC,35.49641,-121.0578,35.5,-121.06,0.4461143057391424,0.05,2003,365,365,1.0,13.163684931506848,16.88,,,,,strictly prior MUR days at the same source pixel
HARMONY UCSC,35.49641,-121.0578,35.5,-121.06,0.4461143057391424,0.05,2004,366,366,1.0,13.294450819672132,17.166,2.8752142857142857,222.75900000000001,66.0,30.0,strictly prior MUR days at the same source pixel
HARMONY UCSC,35.49641,-121.0578,35.5,-121.06,0.4461143057391424,0.05,2005,365,365,1.0,13.245397260273972,15.774,2.662642857142857,196.07616666666667,20.0,18.0,strictly prior MUR days at the same source pixel
HARMONY UCSC,35.49641,-121.0578,35.5,-121.06,0.4461143057391424,0.05,2006,365,365,1.0,13.717298630136987,17.442999999999998,2.8733928571428575,303.8095833333333,109.0,49.0,strictly prior MUR days at the same source pixel
HARMONY UCSC,35.49641,-121.0578,35.5,-121.06,0.4461143057391424,0.05,2007,365,365,1.0,12.975783561643835,16.506999999999998,1.9257714285714287,86.03245000000001,16.0,12.0,strictly prior MUR days at the same source pixel
HARMONY UCSC,35.49641,-121.0578,35.5,-121.06,0.4461143057391424,0.05,2008,366,366,1.0,13.09961475409836,16.978,1.9631666666666663,165.2453666666667,74.0,38.0,strictly prior MUR days at the same source pixel
HARMONY UCSC,35.49641,-121.0578,35.5,-121.06,0.4461143057391424,0.05,2009,365,365,1.0,13.382323287671232,16.483,2.9342448979591835,177.75935714285714,35.0,9.0,strictly prior MUR days at the same source pixel
HARMONY UCSC,35.49641,-121.0578,35.5,-121.06,0.4461143057391424,0.05,2010,365,365,1.0,13.179783561643834,15.753,1.387734693877551,126.34333928571426,3.0,2.0,strictly prior MUR days at the same source pixel
HARMONY UCSC,35.49641,-121.0578,35.5,-121.06,0.4461143057391424,0.05,2011,365,365,1.0,13.360282191780824,16.605,1.693482142857143,133.58738888888888,45.0,15.0,strictly prior MUR days at the same source pixel
HARMONY UCSC,35.49641,-121.0578,35.5,-121.06,0.4461143057391424,0.05,2012,366,366,1.0,13.422060109289617,17.433,2.5190142857142854,186.8913777777778,65.0,27.0,strictly prior MUR days at the same source pixel
HARMONY UCSC,35.49641,-121.0578,35.5,-121.06,0.4461143057391424,0.05,2013,365,365,1.0,13.445252054794521,16.429000000000002,3.3685584415584424,165.9971454545455,44.0,18.0,strictly prior MUR days at the same source pixel
HARMONY UCSC,35.49641,-121.0578,35.5,-121.06,0.4461143057391424,0.05,2014,365,365,1.0,15.032819178082192,19.348,4.259345238095238,657.4011666666665,173.0,129.0,strictly prior MUR days at the same source pixel
HARMONY UCSC,35.49641,-121.0578,35.5,-121.06,0.4461143057391424,0.05,2015,365,365,1.0,15.434646575342464,19.733,4.321318681318681,743.2442371794872,153.0,135.0,strictly prior MUR days at the same source pixel
HARMONY UCSC,35.49641,-121.0578,35.5,-121.06,0.4461143057391424,0.05,2016,366,366,1.0,14.072639344262296,16.881999999999998,2.571934065934066,248.48577655677656,27.0,8.0,strictly prior MUR days at the same source pixel
HARMONY UCSC,35.49641,-121.0578,35.5,-121.06,0.4461143057391424,0.05,2017,365,365,1.0,14.050835616438357,18.483,3.075076190476191,230.73406190476192,59.0,37.0,strictly prior MUR days at the same source pixel
HARMONY UCSC,35.49641,-121.0578,35.5,-121.06,0.4461143057391424,0.05,2018,365,365,1.0,14.281276712328767,17.671,3.114339285714285,305.02240833333326,82.0,28.0,strictly prior MUR days at the same source pixel
HARMONY UCSC,35.49641,-121.0578,35.5,-121.06,0.4461143057391424,0.05,2019,365,365,1.0,14.017454794520548,16.579,2.3465378151260503,217.12857720588232,16.0,6.0,strictly prior MUR days at the same source pixel
HARMONY UCSC,35.49641,-121.0578,35.5,-121.06,0.4461143057391424,0.05,2020,366,366,1.0,14.029092896174864,17.35,2.19286507936508,235.33895261437908,65.0,28.0,strictly prior MUR days at the same source pixel
HARMONY UCSC,35.49641,-121.0578,35.5,-121.06,0.4461143057391424,0.05,2021,365,363,0.9945205479452055,13.494170798898072,17.52,2.0224060150375935,117.25633918128655,46.0,21.0,strictly prior MUR days at the same source pixel
HAWTHORNE_REEF VRG,33.74703,-118.4178,33.75,-118.42,0.3878638340444982,0.05,2002,214,213,0.9953271028037384,17.50604694835681,20.514,,,,,strictly prior MUR days at the same source pixel
HAWTHORNE_REEF VRG,33.74703,-118.4178,33.75,-118.42,0.3878638340444982,0.05,2003,365,365,1.0,16.93191506849315,22.147,,,,,strictly prior MUR days at the same source pixel
HAWTHORNE_REEF VRG,33.74703,-118.4178,33.75,-118.42,0.3878638340444982,0.05,2004,366,366,1.0,17.288669398907103,23.101,4.176142857142857,311.404,64.0,46.0,strictly prior MUR days at the same source pixel
HAWTHORNE_REEF VRG,33.74703,-118.4178,33.75,-118.42,0.3878638340444982,0.05,2005,365,365,1.0,16.836263013698634,21.033,1.4555000000000005,108.51266666666663,20.0,7.0,strictly prior MUR days at the same source pixel
HAWTHORNE_REEF VRG,33.74703,-118.4178,33.75,-118.42,0.3878638340444982,0.05,2006,365,364,0.9972602739726028,17.36760989010989,23.263,2.9717142857142873,289.7370833333333,70.0,67.0,strictly prior MUR days at the same source pixel
HAWTHORNE_REEF VRG,33.74703,-118.4178,33.75,-118.42,0.3878638340444982,0.05,2007,365,364,0.9972602739726028,16.856002747252745,21.991,1.6481999999999997,103.79125000000002,60.0,37.0,strictly prior MUR days at the same source pixel
HAWTHORNE_REEF VRG,33.74703,-118.4178,33.75,-118.42,0.3878638340444982,0.05,2008,366,366,1.0,17.168371584699454,22.188,2.7501666666666673,187.38213333333334,58.0,19.0,strictly prior MUR days at the same source pixel
HAWTHORNE_REEF VRG,33.74703,-118.4178,33.75,-118.42,0.3878638340444982,0.05,2009,365,365,1.0,17.276249315068494,22.364,2.228367346938776,184.84335714285717,53.0,30.0,strictly prior MUR days at the same source pixel
HAWTHORNE_REEF VRG,33.74703,-118.4178,33.75,-118.42,0.3878638340444982,0.05,2010,365,365,1.0,16.44433424657534,19.729,1.2284081632653068,81.24919642857142,0.0,0.0,strictly prior MUR days at the same source pixel
HAWTHORNE_REEF VRG,33.74703,-118.4178,33.75,-118.42,0.3878638340444982,0.05,2011,365,365,1.0,16.558619178082193,20.622,1.6050535714285719,60.52327777777781,2.0,2.0,strictly prior MUR days at the same source pixel
HAWTHORNE_REEF VRG,33.74703,-118.4178,33.75,-118.42,0.3878638340444982,0.05,2012,366,366,1.0,17.266051912568305,22.036,2.3312714285714287,245.5675666666667,66.0,43.0,strictly prior MUR days at the same source pixel
HAWTHORNE_REEF VRG,33.74703,-118.4178,33.75,-118.42,0.3878638340444982,0.05,2013,365,365,1.0,17.200249315068493,21.121,2.361246753246754,189.32639090909092,27.0,10.0,strictly prior MUR days at the same source pixel
HAWTHORNE_REEF VRG,33.74703,-118.4178,33.75,-118.42,0.3878638340444982,0.05,2014,365,365,1.0,18.560186301369864,22.835,3.239273809523809,588.9693106060606,125.0,79.0,strictly prior MUR days at the same source pixel
HAWTHORNE_REEF VRG,33.74703,-118.4178,33.75,-118.42,0.3878638340444982,0.05,2015,365,365,1.0,18.93592054794521,23.882,4.188934065934066,680.4865756410256,116.0,112.0,strictly prior MUR days at the same source pixel
HAWTHORNE_REEF VRG,33.74703,-118.4178,33.75,-118.42,0.3878638340444982,0.05,2016,366,366,1.0,18.070234972677596,23.16,2.3257216117216126,327.8277081252081,72.0,56.0,strictly prior MUR days at the same source pixel
HAWTHORNE_REEF VRG,33.74703,-118.4178,33.75,-118.42,0.3878638340444982,0.05,2017,365,365,1.0,17.845890410958905,22.826,2.13267619047619,237.1304071428571,60.0,39.0,strictly prior MUR days at the same source pixel
HAWTHORNE_REEF VRG,33.74703,-118.4178,33.75,-118.42,0.3878638340444982,0.05,2018,365,365,1.0,18.12945205479452,23.837,3.1122053571428574,329.73736410256413,75.0,74.0,strictly prior MUR days at the same source pixel
HAWTHORNE_REEF VRG,33.74703,-118.4178,33.75,-118.42,0.3878638340444982,0.05,2019,365,365,1.0,17.653180821917807,22.59,1.8625882352941174,178.01197058823527,57.0,41.0,strictly prior MUR days at the same source pixel
HAWTHORNE_REEF VRG,33.74703,-118.4178,33.75,-118.42,0.3878638340444982,0.05,2020,366,366,1.0,17.717420765027324,23.27,2.8196134453781503,242.78392320261437,34.0,13.0,strictly prior MUR days at the same source pixel
HAWTHORNE_REEF VRG,33.74703,-118.4178,33.75,-118.42,0.3878638340444982,0.05,2021,365,363,0.9945205479452055,17.033347107438015,21.361,1.4421984126984129,63.076163742690056,10.0,8.0,strictly prior MUR days at the same source pixel
HEISLER_PARK VRG,33.54039,-117.7919,33.54,-117.79,0.1813549753674623,0.05,2002,214,214,1.0,17.79730373831776,20.911,,,,,strictly prior MUR days at the same source pixel
HEISLER_PARK VRG,33.54039,-117.7919,33.54,-117.79,0.1813549753674623,0.05,2003,365,365,1.0,17.161391780821916,22.264,,,,,strictly prior MUR days at the same source pixel
HEISLER_PARK VRG,33.54039,-117.7919,33.54,-117.79,0.1813549753674623,0.05,2004,366,366,1.0,17.61078142076503,23.501,4.351,350.4305,61.0,45.0,strictly prior MUR days at the same source pixel
HEISLER_PARK VRG,33.54039,-117.7919,33.54,-117.79,0.1813549753674623,0.05,2005,365,365,1.0,17.148454794520546,21.466,2.3614761904761914,126.90883333333332,12.0,10.0,strictly prior MUR days at the same source pixel
HEISLER_PARK VRG,33.54039,-117.7919,33.54,-117.79,0.1813549753674623,0.05,2006,365,365,1.0,17.65574794520548,24.067,3.3568571428571423,295.38925,85.0,71.0,strictly prior MUR days at the same source pixel
HEISLER_PARK VRG,33.54039,-117.7919,33.54,-117.79,0.1813549753674623,0.05,2007,365,365,1.0,17.303282191780823,22.961,2.4490571428571433,152.78574999999998,63.0,50.0,strictly prior MUR days at the same source pixel
HEISLER_PARK VRG,33.54039,-117.7919,33.54,-117.79,0.1813549753674623,0.05,2008,366,366,1.0,17.542590163934424,22.981,3.4866428571428565,198.961,66.0,26.0,strictly prior MUR days at the same source pixel
HEISLER_PARK VRG,33.54039,-117.7919,33.54,-117.79,0.1813549753674623,0.05,2009,365,365,1.0,17.749120547945207,23.637,3.0030816326530614,219.47507142857145,70.0,36.0,strictly prior MUR days at the same source pixel
HEISLER_PARK VRG,33.54039,-117.7919,33.54,-117.79,0.1813549753674623,0.05,2010,365,365,1.0,16.959156164383565,20.508,1.2848367346938776,105.41614285714286,0.0,0.0,strictly prior MUR days at the same source pixel
HEISLER_PARK VRG,33.54039,-117.7919,33.54,-117.79,0.1813549753674623,0.05,2011,365,365,1.0,16.96217808219178,20.948,1.3386785714285703,58.17777777777775,2.0,2.0,strictly prior MUR days at the same source pixel
HEISLER_PARK VRG,33.54039,-117.7919,33.54,-117.79,0.1813549753674623,0.05,2012,366,366,1.0,17.618456284153005,23.105,2.8085142857142853,242.4418777777778,66.0,66.0,strictly prior MUR days at the same source pixel
HEISLER_PARK VRG,33.54039,-117.7919,33.54,-117.79,0.1813549753674623,0.05,2013,365,365,1.0,17.554920547945205,22.118,2.120402597402598,191.3521181818182,31.0,22.0,strictly prior MUR days at the same source pixel
HEISLER_PARK VRG,33.54039,-117.7919,33.54,-117.79,0.1813549753674623,0.05,2014,365,365,1.0,18.818799999999996,23.417,3.2430714285714295,553.5401060606061,109.0,51.0,strictly prior MUR days at the same source pixel
HEISLER_PARK VRG,33.54039,-117.7919,33.54,-117.79,0.1813549753674623,0.05,2015,365,365,1.0,19.177419178082193,24.228,4.048285714285714,646.497391025641,109.0,78.0,strictly prior MUR days at the same source pixel
HEISLER_PARK VRG,33.54039,-117.7919,33.54,-117.79,0.1813549753674623,0.05,2016,366,366,1.0,18.34675956284153,24.859,3.571755102040816,320.59230402930405,62.0,58.0,strictly prior MUR days at the same source pixel
HEISLER_PARK VRG,33.54039,-117.7919,33.54,-117.79,0.1813549753674623,0.05,2017,365,365,1.0,18.16718082191781,23.193,1.8564095238095233,235.6508666666667,57.0,23.0,strictly prior MUR days at the same source pixel
HEISLER_PARK VRG,33.54039,-117.7919,33.54,-117.79,0.1813549753674623,0.05,2018,365,365,1.0,18.412038356164384,24.346,2.9580982142857146,328.6018041666666,75.0,75.0,strictly prior MUR days at the same source pixel
HEISLER_PARK VRG,33.54039,-117.7919,33.54,-117.79,0.1813549753674623,0.05,2019,365,365,1.0,17.967010958904112,23.607,2.219697478991596,174.26109558823526,48.0,35.0,strictly prior MUR days at the same source pixel
HEISLER_PARK VRG,33.54039,-117.7919,33.54,-117.79,0.1813549753674623,0.05,2020,366,366,1.0,18.044655737704918,25.176,3.2685873015873006,226.31803431372546,28.0,14.0,strictly prior MUR days at the same source pixel
HEISLER_PARK VRG,33.54039,-117.7919,33.54,-117.79,0.1813549753674623,0.05,2021,365,363,0.9945205479452055,17.306517906336087,21.565,1.2689841269841273,44.873497076023384,1.0,1.0,strictly prior MUR days at the same source pixel
HOPKINS_DC UCSC,36.62359,-121.9042,36.62,-121.9,0.5475828334732044,0.05,2002,214,214,1.0,13.156004672897197,14.892,,,,,strictly prior MUR days at the same source pixel
HOPKINS_DC UCSC,36.62359,-121.9042,36.62,-121.9,0.5475828334732044,0.05,2003,365,365,1.0,13.455764383561645,17.076999999999998,,,,,strictly prior MUR days at the same source pixel
HOPKINS_DC UCSC,36.62359,-121.9042,36.62,-121.9,0.5475828334732044,0.05,2004,366,366,1.0,13.237674863387976,15.799,1.8887142857142858,152.91750000000002,24.0,18.0,strictly prior MUR days at the same source pixel
HOPKINS_DC UCSC,36.62359,-121.9042,36.62,-121.9,0.5475828334732044,0.05,2005,365,365,1.0,13.432873972602739,15.377,2.4087142857142854,216.6115,34.0,12.0,strictly prior MUR days at the same source pixel
HOPKINS_DC UCSC,36.62359,-121.9042,36.62,-121.9,0.5475828334732044,0.05,2006,365,365,1.0,13.557969863013698,16.901,2.360535714285714,215.0383333333333,105.0,52.0,strictly prior MUR days at the same source pixel
HOPKINS_DC UCSC,36.62359,-121.9042,36.62,-121.9,0.5475828334732044,0.05,2007,365,365,1.0,12.853920547945206,17.121,1.5803428571428573,70.8408,24.0,12.0,strictly prior MUR days at the same source pixel
HOPKINS_DC UCSC,36.62359,-121.9042,36.62,-121.9,0.5475828334732044,0.05,2008,366,366,1.0,12.702478142076503,16.854,2.4367619047619042,89.42753333333333,51.0,20.0,strictly prior MUR days at the same source pixel
HOPKINS_DC UCSC,36.62359,-121.9042,36.62,-121.9,0.5475828334732044,0.05,2009,365,365,1.0,12.891197260273973,15.78,2.330959183673469,96.26854761904761,10.0,4.0,strictly prior MUR days at the same source pixel
HOPKINS_DC UCSC,36.62359,-121.9042,36.62,-121.9,0.5475828334732044,0.05,2010,365,365,1.0,13.066408219178081,15.235,1.149285714285714,120.99794642857141,4.0,4.0,strictly prior MUR days at the same source pixel
HOPKINS_DC UCSC,36.62359,-121.9042,36.62,-121.9,0.5475828334732044,0.05,2011,365,365,1.0,12.99169589041096,15.89,1.8491746031746028,91.25919444444443,41.0,30.0,strictly prior MUR days at the same source pixel
HOPKINS_DC UCSC,36.62359,-121.9042,36.62,-121.9,0.5475828334732044,0.05,2012,366,366,1.0,13.0426912568306,16.119999999999997,2.0740857142857148,133.66317777777778,36.0,21.0,strictly prior MUR days at the same source pixel
HOPKINS_DC UCSC,36.62359,-121.9042,36.62,-121.9,0.5475828334732044,0.05,2013,365,365,1.0,12.89945205479452,15.405,1.7318441558441562,74.66850909090908,13.0,4.0,strictly prior MUR days at the same source pixel
HOPKINS_DC UCSC,36.62359,-121.9042,36.62,-121.9,0.5475828334732044,0.05,2014,365,365,1.0,14.622961643835618,18.354,3.4129761904761904,579.3548181818182,172.0,172.0,strictly prior MUR days at the same source pixel
HOPKINS_DC UCSC,36.62359,-121.9042,36.62,-121.9,0.5475828334732044,0.05,2015,365,365,1.0,14.80686301369863,18.389,3.4249670329670323,601.8021025641026,130.0,128.0,strictly prior MUR days at the same source pixel
HOPKINS_DC UCSC,36.62359,-121.9042,36.62,-121.9,0.5475828334732044,0.05,2016,366,366,1.0,13.764631147540982,15.999,2.069448979591837,254.66523076923076,38.0,18.0,strictly prior MUR days at the same source pixel
HOPKINS_DC UCSC,36.62359,-121.9042,36.62,-121.9,0.5475828334732044,0.05,2017,365,365,1.0,13.441438356164383,18.053,2.7392857142857148,150.01919999999998,48.0,42.0,strictly prior MUR days at the same source pixel
HOPKINS_DC UCSC,36.62359,-121.9042,36.62,-121.9,0.5475828334732044,0.05,2018,365,365,1.0,13.822246575342465,16.912,3.046214285714285,274.32720416666666,66.0,25.0,strictly prior MUR days at the same source pixel
HOPKINS_DC UCSC,36.62359,-121.9042,36.62,-121.9,0.5475828334732044,0.05,2019,365,365,1.0,13.895632876712328,16.598,2.383151785714286,245.41143014705887,32.0,14.0,strictly prior MUR days at the same source pixel
HOPKINS_DC UCSC,36.62359,-121.9042,36.62,-121.9,0.5475828334732044,0.05,2020,366,366,1.0,13.82341530054645,17.149,2.520781512605043,251.97579738562092,43.0,12.0,strictly prior MUR days at the same source pixel
HOPKINS_DC UCSC,36.62359,-121.9042,36.62,-121.9,0.5475828334732044,0.05,2021,365,363,0.9945205479452055,13.398677685950412,17.656,1.7439473684210522,143.88609649122805,66.0,55.0,strictly prior MUR days at the same source pixel
HOPKINS_UC UCSC,36.62165,-121.9008,36.62,-121.9,0.1968739421750338,0.05,2002,214,214,1.0,13.156004672897197,14.892,,,,,strictly prior MUR days at the same source pixel
HOPKINS_UC UCSC,36.62165,-121.9008,36.62,-121.9,0.1968739421750338,0.05,2003,365,365,1.0,13.455764383561645,17.076999999999998,,,,,strictly prior MUR days at the same source pixel
HOPKINS_UC UCSC,36.62165,-121.9008,36.62,-121.9,0.1968739421750338,0.05,2004,366,366,1.0,13.237674863387976,15.799,1.8887142857142858,152.91750000000002,24.0,18.0,strictly prior MUR days at the same source pixel
HOPKINS_UC UCSC,36.62165,-121.9008,36.62,-121.9,0.1968739421750338,0.05,2005,365,365,1.0,13.432873972602739,15.377,2.4087142857142854,216.6115,34.0,12.0,strictly prior MUR days at the same source pixel
HOPKINS_UC UCSC,36.62165,-121.9008,36.62,-121.9,0.1968739421750338,0.05,2006,365,365,1.0,13.557969863013698,16.901,2.360535714285714,215.0383333333333,105.0,52.0,strictly prior MUR days at the same source pixel
HOPKINS_UC UCSC,36.62165,-121.9008,36.62,-121.9,0.1968739421750338,0.05,2007,365,365,1.0,12.853920547945206,17.121,1.5803428571428573,70.8408,24.0,12.0,strictly prior MUR days at the same source pixel
HOPKINS_UC UCSC,36.62165,-121.9008,36.62,-121.9,0.1968739421750338,0.05,2008,366,366,1.0,12.702478142076503,16.854,2.4367619047619042,89.42753333333333,51.0,20.0,strictly prior MUR days at the same source pixel
HOPKINS_UC UCSC,36.62165,-121.9008,36.62,-121.9,0.1968739421750338,0.05,2009,365,365,1.0,12.891197260273973,15.78,2.330959183673469,96.26854761904761,10.0,4.0,strictly prior MUR days at the same source pixel
HOPKINS_UC UCSC,36.62165,-121.9008,36.62,-121.9,0.1968739421750338,0.05,2010,365,365,1.0,13.066408219178081,15.235,1.149285714285714,120.99794642857141,4.0,4.0,strictly prior MUR days at the same source pixel
HOPKINS_UC UCSC,36.62165,-121.9008,36.62,-121.9,0.1968739421750338,0.05,2011,365,365,1.0,12.99169589041096,15.89,1.8491746031746028,91.25919444444443,41.0,30.0,strictly prior MUR days at the same source pixel
HOPKINS_UC UCSC,36.62165,-121.9008,36.62,-121.9,0.1968739421750338,0.05,2012,366,366,1.0,13.0426912568306,16.119999999999997,2.0740857142857148,133.66317777777778,36.0,21.0,strictly prior MUR days at the same source pixel
HOPKINS_UC UCSC,36.62165,-121.9008,36.62,-121.9,0.1968739421750338,0.05,2013,365,365,1.0,12.89945205479452,15.405,1.7318441558441562,74.66850909090908,13.0,4.0,strictly prior MUR days at the same source pixel
HOPKINS_UC UCSC,36.62165,-121.9008,36.62,-121.9,0.1968739421750338,0.05,2014,365,365,1.0,14.622961643835618,18.354,3.4129761904761904,579.3548181818182,172.0,172.0,strictly prior MUR days at the same source pixel
HOPKINS_UC UCSC,36.62165,-121.9008,36.62,-121.9,0.1968739421750338,0.05,2015,365,365,1.0,14.80686301369863,18.389,3.4249670329670323,601.8021025641026,130.0,128.0,strictly prior MUR days at the same source pixel
HOPKINS_UC UCSC,36.62165,-121.9008,36.62,-121.9,0.1968739421750338,0.05,2016,366,366,1.0,13.764631147540982,15.999,2.069448979591837,254.66523076923076,38.0,18.0,strictly prior MUR days at the same source pixel
HOPKINS_UC UCSC,36.62165,-121.9008,36.62,-121.9,0.1968739421750338,0.05,2017,365,365,1.0,13.441438356164383,18.053,2.7392857142857148,150.01919999999998,48.0,42.0,strictly prior MUR days at the same source pixel
HOPKINS_UC UCSC,36.62165,-121.9008,36.62,-121.9,0.1968739421750338,0.05,2018,365,365,1.0,13.822246575342465,16.912,3.046214285714285,274.32720416666666,66.0,25.0,strictly prior MUR days at the same source pixel
HOPKINS_UC UCSC,36.62165,-121.9008,36.62,-121.9,0.1968739421750338,0.05,2019,365,365,1.0,13.895632876712328,16.598,2.383151785714286,245.41143014705887,32.0,14.0,strictly prior MUR days at the same source pixel
HOPKINS_UC UCSC,36.62165,-121.9008,36.62,-121.9,0.1968739421750338,0.05,2020,366,366,1.0,13.82341530054645,17.149,2.520781512605043,251.97579738562092,43.0,12.0,strictly prior MUR days at the same source pixel
HOPKINS_UC UCSC,36.62165,-121.9008,36.62,-121.9,0.1968739421750338,0.05,2021,365,363,0.9945205479452055,13.398677685950412,17.656,1.7439473684210522,143.88609649122805,66.0,55.0,strictly prior MUR days at the same source pixel
HORSESHOE_REEF_W UCSB,34.39173,-119.5577,34.39,-119.56,0.2855610741566362,0.05,2002,214,214,1.0,16.027345794392524,18.753,,,,,strictly prior MUR days at the same source pixel
HORSESHOE_REEF_W UCSB,34.39173,-119.5577,34.39,-119.56,0.2855610741566362,0.05,2003,365,365,1.0,15.527720547945206,20.803,,,,,strictly prior MUR days at the same source pixel
HORSESHOE_REEF_W UCSB,34.39173,-119.5577,34.39,-119.56,0.2855610741566362,0.05,2004,366,366,1.0,15.996521857923499,21.253,4.400071428571429,380.52600000000007,71.0,47.0,strictly prior MUR days at the same source pixel
HORSESHOE_REEF_W UCSB,34.39173,-119.5577,34.39,-119.56,0.2855610741566362,0.05,2005,365,365,1.0,15.597158904109587,19.484,2.024571428571428,156.57466666666667,28.0,10.0,strictly prior MUR days at the same source pixel
HORSESHOE_REEF_W UCSB,34.39173,-119.5577,34.39,-119.56,0.2855610741566362,0.05,2006,365,365,1.0,16.00739178082192,21.857,2.9208928571428565,274.7069166666667,58.0,45.0,strictly prior MUR days at the same source pixel
HORSESHOE_REEF_W UCSB,34.39173,-119.5577,34.39,-119.56,0.2855610741566362,0.05,2007,365,365,1.0,15.338824657534248,19.601,1.7927428571428574,122.14564999999999,53.0,28.0,strictly prior MUR days at the same source pixel
HORSESHOE_REEF_W UCSB,34.39173,-119.5577,34.39,-119.56,0.2855610741566362,0.05,2008,366,366,1.0,15.725295081967213,20.676,2.280619047619048,190.3344,71.0,51.0,strictly prior MUR days at the same source pixel
HORSESHOE_REEF_W UCSB,34.39173,-119.5577,34.39,-119.56,0.2855610741566362,0.05,2009,365,365,1.0,15.880112328767122,20.134,2.4193265306122456,204.99114285714288,55.0,37.0,strictly prior MUR days at the same source pixel
HORSESHOE_REEF_W UCSB,34.39173,-119.5577,34.39,-119.56,0.2855610741566362,0.05,2010,365,365,1.0,15.039372602739727,19.321,1.4592321428571426,97.73401785714285,2.0,2.0,strictly prior MUR days at the same source pixel
HORSESHOE_REEF_W UCSB,34.39173,-119.5577,34.39,-119.56,0.2855610741566362,0.05,2011,365,365,1.0,15.099046575342467,20.02,2.5239365079365075,68.85418055555554,13.0,10.0,strictly prior MUR days at the same source pixel
HORSESHOE_REEF_W UCSB,34.39173,-119.5577,34.39,-119.56,0.2855610741566362,0.05,2012,366,366,1.0,15.933893442622951,20.536,2.482757142857143,263.9930333333333,77.0,42.0,strictly prior MUR days at the same source pixel
HORSESHOE_REEF_W UCSB,34.39173,-119.5577,34.39,-119.56,0.2855610741566362,0.05,2013,365,365,1.0,16.005701369863015,19.876,2.7428571428571433,235.49551818181828,33.0,14.0,strictly prior MUR days at the same source pixel
HORSESHOE_REEF_W UCSB,34.39173,-119.5577,34.39,-119.56,0.2855610741566362,0.05,2014,365,365,1.0,17.277931506849313,21.771,4.1935714285714285,632.8986666666666,136.0,51.0,strictly prior MUR days at the same source pixel
HORSESHOE_REEF_W UCSB,34.39173,-119.5577,34.39,-119.56,0.2855610741566362,0.05,2015,365,365,1.0,17.702701369863014,23.173,4.971978021978022,725.6306602564102,110.0,88.0,strictly prior MUR days at the same source pixel
HORSESHOE_REEF_W UCSB,34.39173,-119.5577,34.39,-119.56,0.2855610741566362,0.05,2016,366,366,1.0,16.677983606557376,20.662,2.7192857142857148,334.62228021978024,75.0,53.0,strictly prior MUR days at the same source pixel
HORSESHOE_REEF_W UCSB,34.39173,-119.5577,34.39,-119.56,0.2855610741566362,0.05,2017,365,365,1.0,16.44172602739726,21.194,2.372066666666668,237.87953333333337,83.0,67.0,strictly prior MUR days at the same source pixel
HORSESHOE_REEF_W UCSB,34.39173,-119.5577,34.39,-119.56,0.2855610741566362,0.05,2018,365,365,1.0,16.9405397260274,22.807,4.356151785714285,405.9583916666667,93.0,86.0,strictly prior MUR days at the same source pixel
HORSESHOE_REEF_W UCSB,34.39173,-119.5577,34.39,-119.56,0.2855610741566362,0.05,2019,365,365,1.0,16.324663013698633,21.049,2.451168067226891,204.26542279411763,42.0,22.0,strictly prior MUR days at the same source pixel
HORSESHOE_REEF_W UCSB,34.39173,-119.5577,34.39,-119.56,0.2855610741566362,0.05,2020,366,366,1.0,16.522915300546448,21.77,3.045595238095238,297.07008660130714,45.0,27.0,strictly prior MUR days at the same source pixel
HORSESHOE_REEF_W UCSB,34.39173,-119.5577,34.39,-119.56,0.2855610741566362,0.05,2021,365,363,0.9945205479452055,15.757030303030302,20.594,1.80926984126984,98.22916374269003,18.0,9.0,strictly prior MUR days at the same source pixel
JALAMA_N UCSB,34.48696,-120.5005,34.49,-120.5,0.341125102186834,0.05,2002,214,214,1.0,14.393985981308411,15.952,,,,,strictly prior MUR days at the same source pixel
JALAMA_N UCSB,34.48696,-120.5005,34.49,-120.5,0.341125102186834,0.05,2003,365,365,1.0,13.916986301369862,17.755,,,,,strictly prior MUR days at the same source pixel
JALAMA_N UCSB,34.48696,-120.5005,34.49,-120.5,0.341125102186834,0.05,2004,366,366,1.0,14.241986338797814,19.266,4.134142857142857,317.997,84.0,42.0,strictly prior MUR days at the same source pixel
JALAMA_N UCSB,34.48696,-120.5005,34.49,-120.5,0.341125102186834,0.05,2005,365,364,0.9972602739726028,14.00383241758242,17.089,2.4674285714285724,206.67716666666666,17.0,9.0,strictly prior MUR days at the same source pixel
JALAMA_N UCSB,34.48696,-120.5005,34.49,-120.5,0.341125102186834,0.05,2006,365,365,1.0,14.499090410958903,19.775,3.942964285714285,313.1799166666667,65.0,28.0,strictly prior MUR days at the same source pixel
JALAMA_N UCSB,34.48696,-120.5005,34.49,-120.5,0.341125102186834,0.05,2007,365,365,1.0,13.90191506849315,17.822,2.0722285714285706,126.69659999999999,45.0,20.0,strictly prior MUR days at the same source pixel
JALAMA_N UCSB,34.48696,-120.5005,34.49,-120.5,0.341125102186834,0.05,2008,366,366,1.0,14.156999999999998,18.994,2.7159285714285724,208.2391333333333,86.0,49.0,strictly prior MUR days at the same source pixel
JALAMA_N UCSB,34.48696,-120.5005,34.49,-120.5,0.341125102186834,0.05,2009,365,365,1.0,14.492117808219177,18.586,2.6156938775510197,241.59945238095236,54.0,37.0,strictly prior MUR days at the same source pixel
JALAMA_N UCSB,34.48696,-120.5005,34.49,-120.5,0.341125102186834,0.05,2010,365,365,1.0,13.703273972602739,16.829,1.3688367346938783,114.59058928571432,2.0,2.0,strictly prior MUR days at the same source pixel
JALAMA_N UCSB,34.48696,-120.5005,34.49,-120.5,0.341125102186834,0.05,2011,365,365,1.0,13.818435616438354,17.011,1.9308571428571422,73.441,16.0,8.0,strictly prior MUR days at the same source pixel
JALAMA_N UCSB,34.48696,-120.5005,34.49,-120.5,0.341125102186834,0.05,2012,366,366,1.0,14.48301912568306,18.6,2.7894428571428564,264.2208222222222,90.0,49.0,strictly prior MUR days at the same source pixel
JALAMA_N UCSB,34.48696,-120.5005,34.49,-120.5,0.341125102186834,0.05,2013,365,365,1.0,14.42213698630137,17.955,2.9521142857142855,234.1090636363636,38.0,15.0,strictly prior MUR days at the same source pixel
JALAMA_N UCSB,34.48696,-120.5005,34.49,-120.5,0.341125102186834,0.05,2014,365,365,1.0,15.879652054794521,20.429,4.167,652.3200984848486,168.0,90.0,strictly prior MUR days at the same source pixel
JALAMA_N UCSB,34.48696,-120.5005,34.49,-120.5,0.341125102186834,0.05,2015,365,365,1.0,16.35548493150685,21.766,5.249109890109891,773.51775,138.0,114.0,strictly prior MUR days at the same source pixel
JALAMA_N UCSB,34.48696,-120.5005,34.49,-120.5,0.341125102186834,0.05,2016,366,366,1.0,14.979174863387977,18.611,2.219648351648351,269.38577838827837,34.0,8.0,strictly prior MUR days at the same source pixel
JALAMA_N UCSB,34.48696,-120.5005,34.49,-120.5,0.341125102186834,0.05,2017,365,365,1.0,14.930189041095892,19.715,2.8294476190476194,239.23559523809524,64.0,28.0,strictly prior MUR days at the same source pixel
JALAMA_N UCSB,34.48696,-120.5005,34.49,-120.5,0.341125102186834,0.05,2018,365,365,1.0,15.42655068493151,20.604,4.3176339285714285,396.28172916666665,105.0,36.0,strictly prior MUR days at the same source pixel
JALAMA_N UCSB,34.48696,-120.5005,34.49,-120.5,0.341125102186834,0.05,2019,365,365,1.0,14.94292602739726,18.901,1.882302521008403,233.21544117647062,23.0,13.0,strictly prior MUR days at the same source pixel
JALAMA_N UCSB,34.48696,-120.5005,34.49,-120.5,0.341125102186834,0.05,2020,366,366,1.0,15.045956284153005,19.414,2.423960317460317,293.92067973856206,46.0,26.0,strictly prior MUR days at the same source pixel
JALAMA_N UCSB,34.48696,-120.5005,34.49,-120.5,0.341125102186834,0.05,2021,365,363,0.9945205479452055,14.126338842975207,17.856,2.1051729323308264,90.02037426900583,9.0,5.0,strictly prior MUR days at the same source pixel
JALAMA_S UCSB,34.48084,-120.4945,34.48,-120.49,0.4229147428796738,0.05,2002,214,214,1.0,14.429336448598132,16.04,,,,,strictly prior MUR days at the same source pixel
JALAMA_S UCSB,34.48084,-120.4945,34.48,-120.49,0.4229147428796738,0.05,2003,365,365,1.0,13.953449315068493,17.811,,,,,strictly prior MUR days at the same source pixel
JALAMA_S UCSB,34.48084,-120.4945,34.48,-120.49,0.4229147428796738,0.05,2004,366,366,1.0,14.282704918032785,19.241,4.185857142857143,319.33500000000004,83.0,42.0,strictly prior MUR days at the same source pixel
JALAMA_S UCSB,34.48084,-120.4945,34.48,-120.49,0.4229147428796738,0.05,2005,365,364,0.9972602739726028,14.034225274725276,17.25,2.457785714285715,205.14683333333335,16.0,9.0,strictly prior MUR days at the same source pixel
JALAMA_S UCSB,34.48084,-120.4945,34.48,-120.49,0.4229147428796738,0.05,2006,365,365,1.0,14.532043835616438,19.792,3.950071428571429,313.35024999999996,69.0,29.0,strictly prior MUR days at the same source pixel
JALAMA_S UCSB,34.48084,-120.4945,34.48,-120.49,0.4229147428796738,0.05,2007,365,365,1.0,13.935364383561643,17.884999999999998,2.0490285714285714,126.75385,44.0,20.0,strictly prior MUR days at the same source pixel
JALAMA_S UCSB,34.48084,-120.4945,34.48,-120.49,0.4229147428796738,0.05,2008,366,366,1.0,14.195185792349728,18.967,2.68695238095238,208.9422333333333,86.0,49.0,strictly prior MUR days at the same source pixel
JALAMA_S UCSB,34.48084,-120.4945,34.48,-120.49,0.4229147428796738,0.05,2009,365,365,1.0,14.52541095890411,18.586,2.599612244897959,241.76597619047615,54.0,38.0,strictly prior MUR days at the same source pixel
JALAMA_S UCSB,34.48084,-120.4945,34.48,-120.49,0.4229147428796738,0.05,2010,365,365,1.0,13.731172602739727,16.863999999999997,1.412877551020408,113.8485,2.0,2.0,strictly prior MUR days at the same source pixel
JALAMA_S UCSB,34.48084,-120.4945,34.48,-120.49,0.4229147428796738,0.05,2011,365,365,1.0,13.841032876712328,17.031,1.947238095238095,72.43530555555554,16.0,8.0,strictly prior MUR days at the same source pixel
JALAMA_S UCSB,34.48084,-120.4945,34.48,-120.49,0.4229147428796738,0.05,2012,366,366,1.0,14.519827868852458,18.616,2.783528571428571,265.5357111111111,90.0,49.0,strictly prior MUR days at the same source pixel
JALAMA_S UCSB,34.48084,-120.4945,34.48,-120.49,0.4229147428796738,0.05,2013,365,365,1.0,14.459893150684934,17.994,2.977385714285714,234.4936727272727,38.0,15.0,strictly prior MUR days at the same source pixel
JALAMA_S UCSB,34.48084,-120.4945,34.48,-120.49,0.4229147428796738,0.05,2014,365,365,1.0,15.914964383561642,20.461,4.1661785714285715,652.9253863636363,168.0,90.0,strictly prior MUR days at the same source pixel
JALAMA_S UCSB,34.48084,-120.4945,34.48,-120.49,0.4229147428796738,0.05,2015,365,365,1.0,16.39297808219178,21.811,5.237912087912088,774.9326794871795,137.0,113.0,strictly prior MUR days at the same source pixel
JALAMA_S UCSB,34.48084,-120.4945,34.48,-120.49,0.4229147428796738,0.05,2016,366,366,1.0,15.013338797814209,18.659,2.232937728937729,269.6937728937729,31.0,8.0,strictly prior MUR days at the same source pixel
JALAMA_S UCSB,34.48084,-120.4945,34.48,-120.49,0.4229147428796738,0.05,2017,365,365,1.0,14.960572602739727,19.709,2.7878666666666665,237.83594285714287,64.0,27.0,strictly prior MUR days at the same source pixel
JALAMA_S UCSB,34.48084,-120.4945,34.48,-120.49,0.4229147428796738,0.05,2018,365,365,1.0,15.465139726027397,20.672,4.364928571428571,397.85922916666664,106.0,36.0,strictly prior MUR days at the same source pixel
JALAMA_S UCSB,34.48084,-120.4945,34.48,-120.49,0.4229147428796738,0.05,2019,365,365,1.0,14.970786301369865,18.968,1.9063109243697487,232.5580625,24.0,13.0,strictly prior MUR days at the same source pixel
JALAMA_S UCSB,34.48084,-120.4945,34.48,-120.49,0.4229147428796738,0.05,2020,366,366,1.0,15.083046448087433,19.455,2.435,294.07213398692807,44.0,26.0,strictly prior MUR days at the same source pixel
JALAMA_S UCSB,34.48084,-120.4945,34.48,-120.49,0.4229147428796738,0.05,2021,365,363,0.9945205479452055,14.159570247933887,17.893,2.109345864661654,89.43216374269004,9.0,5.0,strictly prior MUR days at the same source pixel
LAGUNA_BEACH VRG,33.53026,-117.781,33.53,-117.78,0.0970957447830112,0.05,2002,214,214,1.0,17.813457943925233,20.907,,,,,strictly prior MUR days at the same source pixel
LAGUNA_BEACH VRG,33.53026,-117.781,33.53,-117.78,0.0970957447830112,0.05,2003,365,365,1.0,17.170287671232877,22.258,,,,,strictly prior MUR days at the same source pixel
LAGUNA_BEACH VRG,33.53026,-117.781,33.53,-117.78,0.0970957447830112,0.05,2004,366,366,1.0,17.619136612021858,23.506,4.341142857142857,349.2710000000001,62.0,45.0,strictly prior MUR days at the same source pixel
LAGUNA_BEACH VRG,33.53026,-117.781,33.53,-117.78,0.0970957447830112,0.05,2005,365,365,1.0,17.164309589041096,21.495,2.3819047619047615,127.91833333333335,12.0,10.0,strictly prior MUR days at the same source pixel
LAGUNA_BEACH VRG,33.53026,-117.781,33.53,-117.78,0.0970957447830112,0.05,2006,365,365,1.0,17.668142465753423,24.077,3.365250000000002,295.4381666666667,86.0,75.0,strictly prior MUR days at the same source pixel
LAGUNA_BEACH VRG,33.53026,-117.781,33.53,-117.78,0.0970957447830112,0.05,2007,365,365,1.0,17.316131506849313,22.986,2.470771428571429,153.20749999999998,63.0,50.0,strictly prior MUR days at the same source pixel
LAGUNA_BEACH VRG,33.53026,-117.781,33.53,-117.78,0.0970957447830112,0.05,2008,366,366,1.0,17.555311475409837,22.982,3.4902619047619052,198.60030000000003,66.0,26.0,strictly prior MUR days at the same source pixel
LAGUNA_BEACH VRG,33.53026,-117.781,33.53,-117.78,0.0970957447830112,0.05,2009,365,365,1.0,17.759950684931507,23.642,2.9904489795918363,218.89440476190478,72.0,37.0,strictly prior MUR days at the same source pixel
LAGUNA_BEACH VRG,33.53026,-117.781,33.53,-117.78,0.0970957447830112,0.05,2010,365,365,1.0,16.969980821917808,20.543,1.3030204081632655,104.75455357142854,0.0,0.0,strictly prior MUR days at the same source pixel
LAGUNA_BEACH VRG,33.53026,-117.781,33.53,-117.78,0.0970957447830112,0.05,2011,365,365,1.0,16.97221095890411,20.966,1.3467678571428574,58.07397222222222,2.0,1.0,strictly prior MUR days at the same source pixel
LAGUNA_BEACH VRG,33.53026,-117.781,33.53,-117.78,0.0970957447830112,0.05,2012,366,366,1.0,17.631989071038255,23.171,2.816228571428572,242.85965555555555,66.0,66.0,strictly prior MUR days at the same source pixel
LAGUNA_BEACH VRG,33.53026,-117.781,33.53,-117.78,0.0970957447830112,0.05,2013,365,365,1.0,17.567350684931508,22.128,2.0840779220779226,190.67523636363632,31.0,22.0,strictly prior MUR days at the same source pixel
LAGUNA_BEACH VRG,33.53026,-117.781,33.53,-117.78,0.0970957447830112,0.05,2014,365,365,1.0,18.832553424657533,23.486,3.233154761904762,553.9905606060605,107.0,51.0,strictly prior MUR days at the same source pixel
LAGUNA_BEACH VRG,33.53026,-117.781,33.53,-117.78,0.0970957447830112,0.05,2015,365,365,1.0,19.190805479452056,24.265,4.04645054945055,646.9692243589744,109.0,78.0,strictly prior MUR days at the same source pixel
LAGUNA_BEACH VRG,33.53026,-117.781,33.53,-117.78,0.0970957447830112,0.05,2016,366,366,1.0,18.361710382513664,24.859,3.5690000000000004,321.4187014652015,62.0,58.0,strictly prior MUR days at the same source pixel
LAGUNA_BEACH VRG,33.53026,-117.781,33.53,-117.78,0.0970957447830112,0.05,2017,365,365,1.0,18.180213698630137,23.233,1.8599047619047606,236.1842714285715,58.0,42.0,strictly prior MUR days at the same source pixel
LAGUNA_BEACH VRG,33.53026,-117.781,33.53,-117.78,0.0970957447830112,0.05,2018,365,365,1.0,18.42675890410959,24.344,2.9370892857142863,329.3927625,75.0,75.0,strictly prior MUR days at the same source pixel
LAGUNA_BEACH VRG,33.53026,-117.781,33.53,-117.78,0.0970957447830112,0.05,2019,365,365,1.0,17.984687671232876,23.676,2.223008403361345,175.2392242647059,46.0,32.0,strictly prior MUR days at the same source pixel
LAGUNA_BEACH VRG,33.53026,-117.781,33.53,-117.78,0.0970957447830112,0.05,2020,366,366,1.0,18.064207650273225,25.184,3.258825396825397,226.63006699346403,29.0,14.0,strictly prior MUR days at the same source pixel
LAGUNA_BEACH VRG,33.53026,-117.781,33.53,-117.78,0.0970957447830112,0.05,2021,365,363,0.9945205479452055,17.323920110192837,21.603,1.2467698412698414,44.00519005847953,3.0,2.0,strictly prior MUR days at the same source pixel
LA_CRUZ_DC UCSC,35.710426,-121.324076,35.71,-121.32,0.3710504411702847,0.05,2002,214,214,1.0,13.28890186915888,15.136,,,,,strictly prior MUR days at the same source pixel
LA_CRUZ_DC UCSC,35.710426,-121.324076,35.71,-121.32,0.3710504411702847,0.05,2003,365,365,1.0,13.177934246575342,17.09,,,,,strictly prior MUR days at the same source pixel
LA_CRUZ_DC UCSC,35.710426,-121.324076,35.71,-121.32,0.3710504411702847,0.05,2004,366,366,1.0,13.189407103825134,16.347,2.4112142857142858,194.9525,57.0,20.0,strictly prior MUR days at the same source pixel
LA_CRUZ_DC UCSC,35.710426,-121.324076,35.71,-121.32,0.3710504411702847,0.05,2005,365,364,0.9972602739726028,13.21675,16.045,2.2875714285714293,206.67933333333332,16.0,16.0,strictly prior MUR days at the same source pixel
LA_CRUZ_DC UCSC,35.710426,-121.324076,35.71,-121.32,0.3710504411702847,0.05,2006,365,365,1.0,13.710183561643838,17.646,2.776285714285714,308.22575,99.0,50.0,strictly prior MUR days at the same source pixel
LA_CRUZ_DC UCSC,35.710426,-121.324076,35.71,-121.32,0.3710504411702847,0.05,2007,365,365,1.0,12.889454794520548,16.581,1.8103428571428573,77.0735,13.0,9.0,strictly prior MUR days at the same source pixel
LA_CRUZ_DC UCSC,35.710426,-121.324076,35.71,-121.32,0.3710504411702847,0.05,2008,366,366,1.0,12.993942622950819,17.195999999999998,2.4160476190476183,169.34493333333333,62.0,43.0,strictly prior MUR days at the same source pixel
LA_CRUZ_DC UCSC,35.710426,-121.324076,35.71,-121.32,0.3710504411702847,0.05,2009,365,365,1.0,13.30197808219178,16.54,3.043469387755102,179.96216666666666,24.0,5.0,strictly prior MUR days at the same source pixel
LA_CRUZ_DC UCSC,35.710426,-121.324076,35.71,-121.32,0.3710504411702847,0.05,2010,365,365,1.0,13.178884931506849,15.602,1.378081632653061,129.59285714285716,3.0,2.0,strictly prior MUR days at the same source pixel
LA_CRUZ_DC UCSC,35.710426,-121.324076,35.71,-121.32,0.3710504411702847,0.05,2011,365,365,1.0,13.380534246575344,16.584,1.7169285714285716,151.89883333333336,58.0,27.0,strictly prior MUR days at the same source pixel
LA_CRUZ_DC UCSC,35.710426,-121.324076,35.71,-121.32,0.3710504411702847,0.05,2012,366,366,1.0,13.379420765027323,17.462,2.3609714285714283,193.1729555555555,62.0,36.0,strictly prior MUR days at the same source pixel
LA_CRUZ_DC UCSC,35.710426,-121.324076,35.71,-121.32,0.3710504411702847,0.05,2013,365,365,1.0,13.31517808219178,16.13,2.748701298701298,143.73225454545454,31.0,16.0,strictly prior MUR days at the same source pixel
LA_CRUZ_DC UCSC,35.710426,-121.324076,35.71,-121.32,0.3710504411702847,0.05,2014,365,365,1.0,14.986786301369865,18.934,4.061999999999999,661.5266742424242,173.0,171.0,strictly prior MUR days at the same source pixel
LA_CRUZ_DC UCSC,35.710426,-121.324076,35.71,-121.32,0.3710504411702847,0.05,2015,365,365,1.0,15.39434794520548,19.618,4.373593406593406,748.9246794871794,146.0,132.0,strictly prior MUR days at the same source pixel
LA_CRUZ_DC UCSC,35.710426,-121.324076,35.71,-121.32,0.3710504411702847,0.05,2016,366,366,1.0,14.045221311475409,16.768,2.775934065934066,262.23613186813185,26.0,7.0,strictly prior MUR days at the same source pixel
LA_CRUZ_DC UCSC,35.710426,-121.324076,35.71,-121.32,0.3710504411702847,0.05,2017,365,365,1.0,13.912819178082191,19.054,3.407304761904762,219.3984761904762,50.0,35.0,strictly prior MUR days at the same source pixel
LA_CRUZ_DC UCSC,35.710426,-121.324076,35.71,-121.32,0.3710504411702847,0.05,2018,365,365,1.0,14.198024657534248,17.572,3.159866071428571,296.437675,72.0,21.0,strictly prior MUR days at the same source pixel
LA_CRUZ_DC UCSC,35.710426,-121.324076,35.71,-121.32,0.3710504411702847,0.05,2019,365,365,1.0,14.00410410958904,16.325,2.4255042016806727,230.758625,24.0,5.0,strictly prior MUR days at the same source pixel
LA_CRUZ_DC UCSC,35.710426,-121.324076,35.71,-121.32,0.3710504411702847,0.05,2020,366,366,1.0,13.996284153005464,17.767,2.5003412698412695,232.09794444444444,60.0,26.0,strictly prior MUR days at the same source pixel
LA_CRUZ_DC UCSC,35.710426,-121.324076,35.71,-121.32,0.3710504411702847,0.05,2021,365,363,0.9945205479452055,13.551556473829201,17.63,2.1540375939849628,137.2223918128655,51.0,39.0,strictly prior MUR days at the same source pixel
LA_CRUZ_UC UCSC,35.713009,-121.325389,35.71,-121.33,0.5341004623314185,0.05,2002,214,214,1.0,13.303509345794392,15.148,,,,,strictly prior MUR days at the same source pixel
LA_CRUZ_UC UCSC,35.713009,-121.325389,35.71,-121.33,0.5341004623314185,0.05,2003,365,365,1.0,13.196890410958904,17.103,,,,,strictly prior MUR days at the same source pixel
LA_CRUZ_UC UCSC,35.713009,-121.325389,35.71,-121.33,0.5341004623314185,0.05,2004,366,366,1.0,13.199352459016392,16.391,2.4132142857142855,193.49,56.0,20.0,strictly prior MUR days at the same source pixel
LA_CRUZ_UC UCSC,35.713009,-121.325389,35.71,-121.33,0.5341004623314185,0.05,2005,365,364,0.9972602739726028,13.23154945054945,16.064999999999998,2.277857142857143,207.33133333333333,16.0,16.0,strictly prior MUR days at the same source pixel
LA_CRUZ_UC UCSC,35.713009,-121.325389,35.71,-121.33,0.5341004623314185,0.05,2006,365,365,1.0,13.722041095890411,17.653,2.7849999999999997,307.235,99.0,50.0,strictly prior MUR days at the same source pixel
LA_CRUZ_UC UCSC,35.713009,-121.325389,35.71,-121.33,0.5341004623314185,0.05,2007,365,365,1.0,12.901808219178081,16.588,1.8008857142857142,76.76399999999998,14.0,9.0,strictly prior MUR days at the same source pixel
LA_CRUZ_UC UCSC,35.713009,-121.325389,35.71,-121.33,0.5341004623314185,0.05,2008,366,366,1.0,13.003142076502732,17.205,2.4246190476190477,168.1964,62.0,43.0,strictly prior MUR days at the same source pixel
LA_CRUZ_UC UCSC,35.713009,-121.325389,35.71,-121.33,0.5341004623314185,0.05,2009,365,365,1.0,13.307819178082193,16.539,3.051836734693878,178.69885714285715,25.0,5.0,strictly prior MUR days at the same source pixel
LA_CRUZ_UC UCSC,35.713009,-121.325389,35.71,-121.33,0.5341004623314185,0.05,2010,365,365,1.0,13.186972602739724,15.612,1.3643673469387756,128.40955357142857,2.0,2.0,strictly prior MUR days at the same source pixel
LA_CRUZ_UC UCSC,35.713009,-121.325389,35.71,-121.33,0.5341004623314185,0.05,2011,365,365,1.0,13.390104109589041,16.599,1.7132222222222222,151.95298611111113,58.0,27.0,strictly prior MUR days at the same source pixel
LA_CRUZ_UC UCSC,35.713009,-121.325389,35.71,-121.33,0.5341004623314185,0.05,2012,366,366,1.0,13.387773224043714,17.473,2.3481,192.6905222222222,62.0,37.0,strictly prior MUR days at the same source pixel
LA_CRUZ_UC UCSC,35.713009,-121.325389,35.71,-121.33,0.5341004623314185,0.05,2013,365,365,1.0,13.320369863013697,16.13,2.725545454545454,142.4594,31.0,16.0,strictly prior MUR days at the same source pixel
LA_CRUZ_UC UCSC,35.713009,-121.325389,35.71,-121.33,0.5341004623314185,0.05,2014,365,365,1.0,14.994791780821918,18.938,4.043964285714286,660.3309469696969,172.0,171.0,strictly prior MUR days at the same source pixel
LA_CRUZ_UC UCSC,35.713009,-121.325389,35.71,-121.33,0.5341004623314185,0.05,2015,365,365,1.0,15.407550684931508,19.595,4.368593406593406,750.0030064102564,147.0,132.0,strictly prior MUR days at the same source pixel
LA_CRUZ_UC UCSC,35.713009,-121.325389,35.71,-121.33,0.5341004623314185,0.05,2016,366,366,1.0,14.059707650273225,16.767,2.7906703296703292,263.22253113553114,26.0,7.0,strictly prior MUR days at the same source pixel
LA_CRUZ_UC UCSC,35.713009,-121.325389,35.71,-121.33,0.5341004623314185,0.05,2017,365,365,1.0,13.924098630136987,19.067,3.405419047619047,219.63022380952378,50.0,35.0,strictly prior MUR days at the same source pixel
LA_CRUZ_UC UCSC,35.713009,-121.325389,35.71,-121.33,0.5341004623314185,0.05,2018,365,365,1.0,14.210495890410959,17.561,3.1448750000000003,296.25057083333337,72.0,21.0,strictly prior MUR days at the same source pixel
LA_CRUZ_UC UCSC,35.713009,-121.325389,35.71,-121.33,0.5341004623314185,0.05,2019,365,365,1.0,14.020150684931506,16.325,2.4285462184873947,231.90077941176474,24.0,5.0,strictly prior MUR days at the same source pixel
LA_CRUZ_UC UCSC,35.713009,-121.325389,35.71,-121.33,0.5341004623314185,0.05,2020,366,366,1.0,14.006431693989072,17.785,2.504309523809524,231.54789869281046,60.0,26.0,strictly prior MUR days at the same source pixel
LA_CRUZ_UC UCSC,35.713009,-121.325389,35.71,-121.33,0.5341004623314185,0.05,2021,365,363,0.9945205479452055,13.565724517906336,17.633,2.1654887218045107,137.39022807017543,51.0,39.0,strictly prior MUR days at the same source pixel
LECHUZA UCSB,34.03505,-118.871,34.03,-118.87,0.5690459356787019,0.05,2002,214,214,1.0,16.788897196261686,19.549,,,,,strictly prior MUR days at the same source pixel
LECHUZA UCSB,34.03505,-118.871,34.03,-118.87,0.5690459356787019,0.05,2003,365,365,1.0,16.35561917808219,21.997,,,,,strictly prior MUR days at the same source pixel
LECHUZA UCSB,34.03505,-118.871,34.03,-118.87,0.5690459356787019,0.05,2004,366,366,1.0,16.71977049180328,21.946,4.365714285714286,337.48,62.0,33.0,strictly prior MUR days at the same source pixel
LECHUZA UCSB,34.03505,-118.871,34.03,-118.87,0.5690459356787019,0.05,2005,365,365,1.0,16.19858082191781,19.874,1.5752142857142855,124.68016666666668,27.0,10.0,strictly prior MUR days at the same source pixel
LECHUZA UCSB,34.03505,-118.871,34.03,-118.87,0.5690459356787019,0.05,2006,365,365,1.0,16.87592328767123,22.86,3.3772142857142873,340.64574999999996,78.0,71.0,strictly prior MUR days at the same source pixel
LECHUZA UCSB,34.03505,-118.871,34.03,-118.87,0.5690459356787019,0.05,2007,365,365,1.0,16.226687671232877,20.905,1.932342857142856,109.15385,65.0,51.0,strictly prior MUR days at the same source pixel
LECHUZA UCSB,34.03505,-118.871,34.03,-118.87,0.5690459356787019,0.05,2008,366,366,1.0,16.532475409836067,21.608,2.873595238095239,197.1335,72.0,53.0,strictly prior MUR days at the same source pixel
LECHUZA UCSB,34.03505,-118.871,34.03,-118.87,0.5690459356787019,0.05,2009,365,365,1.0,16.741216438356165,21.584,2.477880952380954,209.34885714285713,60.0,31.0,strictly prior MUR days at the same source pixel
LECHUZA UCSB,34.03505,-118.871,34.03,-118.87,0.5690459356787019,0.05,2010,365,365,1.0,15.96475616438356,19.557,1.2936938775510203,100.76773214285716,0.0,0.0,strictly prior MUR days at the same source pixel
LECHUZA UCSB,34.03505,-118.871,34.03,-118.87,0.5690459356787019,0.05,2011,365,365,1.0,16.009117808219177,19.756,1.958178571428571,66.92277777777778,3.0,2.0,strictly prior MUR days at the same source pixel
LECHUZA UCSB,34.03505,-118.871,34.03,-118.87,0.5690459356787019,0.05,2012,366,366,1.0,16.81924043715847,21.561,2.5018714285714294,284.31731111111105,69.0,49.0,strictly prior MUR days at the same source pixel
LECHUZA UCSB,34.03505,-118.871,34.03,-118.87,0.5690459356787019,0.05,2013,365,365,1.0,16.792197260273973,20.678,2.8868961038961034,232.48183636363632,29.0,14.0,strictly prior MUR days at the same source pixel
LECHUZA UCSB,34.03505,-118.871,34.03,-118.87,0.5690459356787019,0.05,2014,365,365,1.0,18.141561643835615,22.197,3.727476190476191,632.6227803030304,139.0,93.0,strictly prior MUR days at the same source pixel
LECHUZA UCSB,34.03505,-118.871,34.03,-118.87,0.5690459356787019,0.05,2015,365,365,1.0,18.418920547945206,23.15,4.414318681318681,683.2231794871794,113.0,85.0,strictly prior MUR days at the same source pixel
LECHUZA UCSB,34.03505,-118.871,34.03,-118.87,0.5690459356787019,0.05,2016,366,366,1.0,17.40326775956284,22.276,2.522193877551021,303.99855128205127,66.0,44.0,strictly prior MUR days at the same source pixel
LECHUZA UCSB,34.03505,-118.871,34.03,-118.87,0.5690459356787019,0.05,2017,365,365,1.0,17.307197260273973,22.69,2.5437333333333334,243.8692428571428,57.0,27.0,strictly prior MUR days at the same source pixel
LECHUZA UCSB,34.03505,-118.871,34.03,-118.87,0.5690459356787019,0.05,2018,365,365,1.0,17.64322191780822,23.22,3.365991071428572,361.02620833333333,76.0,74.0,strictly prior MUR days at the same source pixel
LECHUZA UCSB,34.03505,-118.871,34.03,-118.87,0.5690459356787019,0.05,2019,365,365,1.0,17.100643835616438,22.104,1.9324957983193285,182.48556250000001,54.0,39.0,strictly prior MUR days at the same source pixel
LECHUZA UCSB,34.03505,-118.871,34.03,-118.87,0.5690459356787019,0.05,2020,366,366,1.0,17.318311475409836,22.984,2.8501260504201684,279.17896732026145,49.0,21.0,strictly prior MUR days at the same source pixel
LECHUZA UCSB,34.03505,-118.871,34.03,-118.87,0.5690459356787019,0.05,2021,365,363,0.9945205479452055,16.553829201101927,20.898,1.318639097744361,85.51309649122805,19.0,8.0,strictly prior MUR days at the same source pixel
LECHUZA VRG,34.03186,-118.8631,34.03,-118.86,0.3526790613764208,0.05,2002,214,214,1.0,16.797228971962618,19.562,,,,,strictly prior MUR days at the same source pixel
LECHUZA VRG,34.03186,-118.8631,34.03,-118.86,0.3526790613764208,0.05,2003,365,365,1.0,16.36431506849315,22.007,,,,,strictly prior MUR days at the same source pixel
LECHUZA VRG,34.03186,-118.8631,34.03,-118.86,0.3526790613764208,0.05,2004,366,366,1.0,16.729322404371583,21.96,4.353,337.82599999999996,63.0,33.0,strictly prior MUR days at the same source pixel
LECHUZA VRG,34.03186,-118.8631,34.03,-118.86,0.3526790613764208,0.05,2005,365,365,1.0,16.207531506849314,19.9,1.5588571428571427,124.32950000000001,27.0,10.0,strictly prior MUR days at the same source pixel
LECHUZA VRG,34.03186,-118.8631,34.03,-118.86,0.3526790613764208,0.05,2006,365,365,1.0,16.876413698630135,22.864,3.3443214285714298,337.9005833333333,77.0,71.0,strictly prior MUR days at the same source pixel
LECHUZA VRG,34.03186,-118.8631,34.03,-118.86,0.3526790613764208,0.05,2007,365,365,1.0,16.23374794520548,20.921,1.9533714285714276,109.67275000000001,65.0,51.0,strictly prior MUR days at the same source pixel
LECHUZA VRG,34.03186,-118.8631,34.03,-118.86,0.3526790613764208,0.05,2008,366,366,1.0,16.54251092896175,21.614,2.875785714285715,197.4027333333334,72.0,53.0,strictly prior MUR days at the same source pixel
LECHUZA VRG,34.03186,-118.8631,34.03,-118.86,0.3526790613764208,0.05,2009,365,365,1.0,16.751641095890413,21.617,2.4723333333333337,210.1025952380952,60.0,31.0,strictly prior MUR days at the same source pixel
LECHUZA VRG,34.03186,-118.8631,34.03,-118.86,0.3526790613764208,0.05,2010,365,365,1.0,15.97210410958904,19.548,1.2788367346938774,100.51392857142855,0.0,0.0,strictly prior MUR days at the same source pixel
LECHUZA VRG,34.03186,-118.8631,34.03,-118.86,0.3526790613764208,0.05,2011,365,365,1.0,16.015542465753423,19.749,1.9491071428571425,66.48561111111111,3.0,2.0,strictly prior MUR days at the same source pixel
LECHUZA VRG,34.03186,-118.8631,34.03,-118.86,0.3526790613764208,0.05,2012,366,366,1.0,16.823590163934423,21.55,2.498485714285715,283.6924444444444,70.0,50.0,strictly prior MUR days at the same source pixel
LECHUZA VRG,34.03186,-118.8631,34.03,-118.86,0.3526790613764208,0.05,2013,365,365,1.0,16.796528767123288,20.678,2.8866493506493502,231.73214545454547,26.0,11.0,strictly prior MUR days at the same source pixel
LECHUZA VRG,34.03186,-118.8631,34.03,-118.86,0.3526790613764208,0.05,2014,365,365,1.0,18.146095890410958,22.198,3.7363095238095245,631.9075378787879,138.0,93.0,strictly prior MUR days at the same source pixel
LECHUZA VRG,34.03186,-118.8631,34.03,-118.86,0.3526790613764208,0.05,2015,365,365,1.0,18.424769863013697,23.2,4.410329670329671,682.9565192307692,113.0,85.0,strictly prior MUR days at the same source pixel
LECHUZA VRG,34.03186,-118.8631,34.03,-118.86,0.3526790613764208,0.05,2016,366,366,1.0,17.410833333333333,22.267,2.5086836734693887,303.5186208791209,66.0,44.0,strictly prior MUR days at the same source pixel
LECHUZA VRG,34.03186,-118.8631,34.03,-118.86,0.3526790613764208,0.05,2017,365,365,1.0,17.312742465753423,22.7,2.5425142857142853,243.54890952380944,56.0,27.0,strictly prior MUR days at the same source pixel
LECHUZA VRG,34.03186,-118.8631,34.03,-118.86,0.3526790613764208,0.05,2018,365,365,1.0,17.6484301369863,23.222,3.3655178571428572,360.65337916666664,76.0,74.0,strictly prior MUR days at the same source pixel
LECHUZA VRG,34.03186,-118.8631,34.03,-118.86,0.3526790613764208,0.05,2019,365,365,1.0,17.109493150684933,22.102,1.941058823529411,182.88215073529412,55.0,39.0,strictly prior MUR days at the same source pixel
LECHUZA VRG,34.03186,-118.8631,34.03,-118.86,0.3526790613764208,0.05,2020,366,366,1.0,17.321811475409838,22.967,2.8623781512605047,278.3425718954249,49.0,21.0,strictly prior MUR days at the same source pixel
LECHUZA VRG,34.03186,-118.8631,34.03,-118.86,0.3526790613764208,0.05,2021,365,363,0.9945205479452055,16.557592286501375,20.923,1.322007518796992,85.1209444444444,19.0,8.0,strictly prior MUR days at the same source pixel
LITTLE_DUME_W VRG,34.00654,-118.791,34.01,-118.79,0.395622805037823,0.05,2002,214,214,1.0,16.89269158878505,19.648,,,,,strictly prior MUR days at the same source pixel
LITTLE_DUME_W VRG,34.00654,-118.791,34.01,-118.79,0.395622805037823,0.05,2003,365,365,1.0,16.465416438356165,22.075,,,,,strictly prior MUR days at the same source pixel
LITTLE_DUME_W VRG,34.00654,-118.791,34.01,-118.79,0.395622805037823,0.05,2004,366,366,1.0,16.82531693989071,22.093,4.253285714285714,336.198,65.0,33.0,strictly prior MUR days at the same source pixel
LITTLE_DUME_W VRG,34.00654,-118.791,34.01,-118.79,0.395622805037823,0.05,2005,365,364,0.9972602739726028,16.30698076923077,20.347,1.5057857142857143,117.90733333333334,24.0,10.0,strictly prior MUR days at the same source pixel
LITTLE_DUME_W VRG,34.00654,-118.791,34.01,-118.79,0.395622805037823,0.05,2006,365,364,0.9972602739726028,16.927354395604397,22.924,3.139,319.4468333333334,76.0,71.0,strictly prior MUR days at the same source pixel
LITTLE_DUME_W VRG,34.00654,-118.791,34.01,-118.79,0.395622805037823,0.05,2007,365,364,0.9972602739726028,16.32646153846154,21.089,1.949314285714285,111.52654999999999,65.0,50.0,strictly prior MUR days at the same source pixel
LITTLE_DUME_W VRG,34.00654,-118.791,34.01,-118.79,0.395622805037823,0.05,2008,366,366,1.0,16.65304098360656,21.65,2.909738095238096,198.17840000000004,66.0,38.0,strictly prior MUR days at the same source pixel
LITTLE_DUME_W VRG,34.00654,-118.791,34.01,-118.79,0.395622805037823,0.05,2009,365,365,1.0,16.836671232876714,21.77,2.376081632653061,208.72661904761907,59.0,30.0,strictly prior MUR days at the same source pixel
LITTLE_DUME_W VRG,34.00654,-118.791,34.01,-118.79,0.395622805037823,0.05,2010,365,365,1.0,16.039953424657533,19.47,1.2290408163265305,95.43864285714287,0.0,0.0,strictly prior MUR days at the same source pixel
LITTLE_DUME_W VRG,34.00654,-118.791,34.01,-118.79,0.395622805037823,0.05,2011,365,365,1.0,16.079120547945205,19.873,1.8599642857142864,62.25425,2.0,1.0,strictly prior MUR days at the same source pixel
LITTLE_DUME_W VRG,34.00654,-118.791,34.01,-118.79,0.395622805037823,0.05,2012,366,366,1.0,16.872691256830603,21.508,2.512714285714285,275.7765555555555,65.0,50.0,strictly prior MUR days at the same source pixel
LITTLE_DUME_W VRG,34.00654,-118.791,34.01,-118.79,0.395622805037823,0.05,2013,365,365,1.0,16.84831780821918,20.674,2.8350389610389617,225.65157272727276,19.0,11.0,strictly prior MUR days at the same source pixel
LITTLE_DUME_W VRG,34.00654,-118.791,34.01,-118.79,0.395622805037823,0.05,2014,365,365,1.0,18.206347945205476,22.194,3.7721190476190474,626.5254166666666,140.0,108.0,strictly prior MUR days at the same source pixel
LITTLE_DUME_W VRG,34.00654,-118.791,34.01,-118.79,0.395622805037823,0.05,2015,365,365,1.0,18.49494794520548,23.56,4.342098901098901,681.4353358974358,117.0,113.0,strictly prior MUR days at the same source pixel
LITTLE_DUME_W VRG,34.00654,-118.791,34.01,-118.79,0.395622805037823,0.05,2016,366,366,1.0,17.49401639344262,22.221,2.4350204081632656,301.5040690975691,72.0,47.0,strictly prior MUR days at the same source pixel
LITTLE_DUME_W VRG,34.00654,-118.791,34.01,-118.79,0.395622805037823,0.05,2017,365,365,1.0,17.375030136986304,22.745,2.505857142857143,239.98975000000002,55.0,28.0,strictly prior MUR days at the same source pixel
LITTLE_DUME_W VRG,34.00654,-118.791,34.01,-118.79,0.395622805037823,0.05,2018,365,365,1.0,17.706630136986302,23.292,3.2932053571428566,355.9671919871795,75.0,73.0,strictly prior MUR days at the same source pixel
LITTLE_DUME_W VRG,34.00654,-118.791,34.01,-118.79,0.395622805037823,0.05,2019,365,365,1.0,17.19377808219178,22.084,2.0009411764705876,182.31383403361343,61.0,40.0,strictly prior MUR days at the same source pixel
LITTLE_DUME_W VRG,34.00654,-118.791,34.01,-118.79,0.395622805037823,0.05,2020,366,366,1.0,17.383978142076504,23.179,2.9979663865546224,274.76050555555554,48.0,14.0,strictly prior MUR days at the same source pixel
LITTLE_DUME_W VRG,34.00654,-118.791,34.01,-118.79,0.395622805037823,0.05,2021,365,363,0.9945205479452055,16.615669421487603,21.069,1.2988045112781954,80.7529269005848,19.0,8.0,strictly prior MUR days at the same source pixel
LITTLE_IRISH_CEN UCSC,35.17806,-120.8177,35.18,-120.82,0.3003850886421468,0.05,2002,214,214,1.0,13.688322429906542,15.703,,,,,strictly prior MUR days at the same source pixel
LITTLE_IRISH_CEN UCSC,35.17806,-120.8177,35.18,-120.82,0.3003850886421468,0.05,2003,365,365,1.0,13.349515068493151,16.813000000000002,,,,,strictly prior MUR days at the same source pixel
LITTLE_IRISH_CEN UCSC,35.17806,-120.8177,35.18,-120.82,0.3003850886421468,0.05,2004,366,366,1.0,13.449926229508197,17.951,3.3367142857142866,221.39299999999997,64.0,30.0,strictly prior MUR days at the same source pixel
LITTLE_IRISH_CEN UCSC,35.17806,-120.8177,35.18,-120.82,0.3003850886421468,0.05,2005,365,365,1.0,13.39831780821918,15.774,2.664857142857143,193.5735,20.0,10.0,strictly prior MUR days at the same source pixel
LITTLE_IRISH_CEN UCSC,35.17806,-120.8177,35.18,-120.82,0.3003850886421468,0.05,2006,365,365,1.0,13.789161643835616,17.673000000000002,3.032428571428572,274.0639166666666,105.0,63.0,strictly prior MUR days at the same source pixel
LITTLE_IRISH_CEN UCSC,35.17806,-120.8177,35.18,-120.82,0.3003850886421468,0.05,2007,365,365,1.0,13.201353424657533,17.059,1.9667714285714286,87.92275000000001,18.0,13.0,strictly prior MUR days at the same source pixel
LITTLE_IRISH_CEN UCSC,35.17806,-120.8177,35.18,-120.82,0.3003850886421468,0.05,2008,366,366,1.0,13.346849726775957,16.68,1.8820476190476192,172.71676666666664,84.0,19.0,strictly prior MUR days at the same source pixel
LITTLE_IRISH_CEN UCSC,35.17806,-120.8177,35.18,-120.82,0.3003850886421468,0.05,2009,365,365,1.0,13.571920547945206,16.555999999999997,2.7740816326530617,177.50004761904762,45.0,11.0,strictly prior MUR days at the same source pixel
LITTLE_IRISH_CEN UCSC,35.17806,-120.8177,35.18,-120.82,0.3003850886421468,0.05,2010,365,365,1.0,13.206345205479455,15.914,1.4215714285714287,112.496,3.0,2.0,strictly prior MUR days at the same source pixel
LITTLE_IRISH_CEN UCSC,35.17806,-120.8177,35.18,-120.82,0.3003850886421468,0.05,2011,365,365,1.0,13.42279178082192,16.772,1.7014999999999996,117.58931944444447,36.0,14.0,strictly prior MUR days at the same source pixel
LITTLE_IRISH_CEN UCSC,35.17806,-120.8177,35.18,-120.82,0.3003850886421468,0.05,2012,366,366,1.0,13.599754098360656,18.000999999999998,2.790542857142857,194.42516666666666,79.0,25.0,strictly prior MUR days at the same source pixel
LITTLE_IRISH_CEN UCSC,35.17806,-120.8177,35.18,-120.82,0.3003850886421468,0.05,2013,365,365,1.0,13.630210958904108,16.722,2.8409610389610385,179.0041727272727,35.0,19.0,strictly prior MUR days at the same source pixel
LITTLE_IRISH_CEN UCSC,35.17806,-120.8177,35.18,-120.82,0.3003850886421468,0.05,2014,365,365,1.0,15.099405479452056,20.174,4.980345238095238,622.4573484848485,171.0,54.0,strictly prior MUR days at the same source pixel
LITTLE_IRISH_CEN UCSC,35.17806,-120.8177,35.18,-120.82,0.3003850886421468,0.05,2015,365,365,1.0,15.584865753424657,20.353,4.499472527472528,742.3111794871795,146.0,126.0,strictly prior MUR days at the same source pixel
LITTLE_IRISH_CEN UCSC,35.17806,-120.8177,35.18,-120.82,0.3003850886421468,0.05,2016,366,366,1.0,14.18509836065574,16.741,1.989263736263736,231.88999816849818,30.0,7.0,strictly prior MUR days at the same source pixel
LITTLE_IRISH_CEN UCSC,35.17806,-120.8177,35.18,-120.82,0.3003850886421468,0.05,2017,365,365,1.0,14.200495890410958,18.372,2.726685714285714,237.55375714285714,72.0,37.0,strictly prior MUR days at the same source pixel
LITTLE_IRISH_CEN UCSC,35.17806,-120.8177,35.18,-120.82,0.3003850886421468,0.05,2018,365,365,1.0,14.445101369863012,18.128,3.318571428571429,308.3991625,94.0,31.0,strictly prior MUR days at the same source pixel
LITTLE_IRISH_CEN UCSC,35.17806,-120.8177,35.18,-120.82,0.3003850886421468,0.05,2019,365,365,1.0,14.141854794520548,17.016,1.8211176470588235,201.79545955882352,22.0,8.0,strictly prior MUR days at the same source pixel
LITTLE_IRISH_CEN UCSC,35.17806,-120.8177,35.18,-120.82,0.3003850886421468,0.05,2020,366,366,1.0,14.200710382513659,17.741,2.255831932773109,255.5641568627451,68.0,32.0,strictly prior MUR days at the same source pixel
LITTLE_IRISH_CEN UCSC,35.17806,-120.8177,35.18,-120.82,0.3003850886421468,0.05,2021,365,363,0.9945205479452055,13.483228650137741,16.866,1.9893233082706767,95.19458479532162,34.0,15.0,strictly prior MUR days at the same source pixel
LITTLE_IRISH_DC UCSC,35.17593,-120.8125,35.18,-120.81,0.5064011254848865,0.05,2002,214,214,1.0,13.688967289719628,15.661,,,,,strictly prior MUR days at the same source pixel
LITTLE_IRISH_DC UCSC,35.17593,-120.8125,35.18,-120.81,0.5064011254848865,0.05,2003,365,365,1.0,13.351780821917806,16.756,,,,,strictly prior MUR days at the same source pixel
LITTLE_IRISH_DC UCSC,35.17593,-120.8125,35.18,-120.81,0.5064011254848865,0.05,2004,366,366,1.0,13.45753005464481,18.028,3.352571428571428,222.53750000000002,67.0,30.0,strictly prior MUR days at the same source pixel
LITTLE_IRISH_DC UCSC,35.17593,-120.8125,35.18,-120.81,0.5064011254848865,0.05,2005,365,365,1.0,13.401506849315066,15.762,2.6704285714285723,192.27833333333336,22.0,11.0,strictly prior MUR days at the same source pixel
LITTLE_IRISH_DC UCSC,35.17593,-120.8125,35.18,-120.81,0.5064011254848865,0.05,2006,365,365,1.0,13.785832876712329,17.663,3.0236071428571427,272.491,104.0,62.0,strictly prior MUR days at the same source pixel
LITTLE_IRISH_DC UCSC,35.17593,-120.8125,35.18,-120.81,0.5064011254848865,0.05,2007,365,365,1.0,13.200698630136987,17.054000000000002,1.9744000000000013,87.119,18.0,13.0,strictly prior MUR days at the same source pixel
LITTLE_IRISH_DC UCSC,35.17593,-120.8125,35.18,-120.81,0.5064011254848865,0.05,2008,366,366,1.0,13.351273224043716,16.661,1.8950714285714283,173.45793333333333,83.0,19.0,strictly prior MUR days at the same source pixel
LITTLE_IRISH_DC UCSC,35.17593,-120.8125,35.18,-120.81,0.5064011254848865,0.05,2009,365,365,1.0,13.574057534246572,16.548000000000002,2.7403469387755104,177.428,45.0,11.0,strictly prior MUR days at the same source pixel
LITTLE_IRISH_DC UCSC,35.17593,-120.8125,35.18,-120.81,0.5064011254848865,0.05,2010,365,365,1.0,13.201717808219177,15.899,1.3964489795918367,110.74114285714286,3.0,2.0,strictly prior MUR days at the same source pixel
LITTLE_IRISH_DC UCSC,35.17593,-120.8125,35.18,-120.81,0.5064011254848865,0.05,2011,365,365,1.0,13.413509589041094,16.750999999999998,1.709017857142857,115.10487500000002,36.0,14.0,strictly prior MUR days at the same source pixel
LITTLE_IRISH_DC UCSC,35.17593,-120.8125,35.18,-120.81,0.5064011254848865,0.05,2012,366,366,1.0,13.599980874316943,17.986,2.7791285714285716,194.00347777777776,78.0,25.0,strictly prior MUR days at the same source pixel
LITTLE_IRISH_DC UCSC,35.17593,-120.8125,35.18,-120.81,0.5064011254848865,0.05,2013,365,365,1.0,13.624980821917807,16.735,2.826025974025974,178.32780909090906,35.0,19.0,strictly prior MUR days at the same source pixel
LITTLE_IRISH_DC UCSC,35.17593,-120.8125,35.18,-120.81,0.5064011254848865,0.05,2014,365,365,1.0,15.0944,20.135,4.963761904761905,620.8882424242424,171.0,54.0,strictly prior MUR days at the same source pixel
LITTLE_IRISH_DC UCSC,35.17593,-120.8125,35.18,-120.81,0.5064011254848865,0.05,2015,365,365,1.0,15.572098630136987,20.28,4.487450549450549,737.8446538461538,143.0,126.0,strictly prior MUR days at the same source pixel
LITTLE_IRISH_DC UCSC,35.17593,-120.8125,35.18,-120.81,0.5064011254848865,0.05,2016,366,366,1.0,14.182620218579235,16.737000000000002,1.9644175824175818,231.2062106227106,30.0,7.0,strictly prior MUR days at the same source pixel
LITTLE_IRISH_DC UCSC,35.17593,-120.8125,35.18,-120.81,0.5064011254848865,0.05,2017,365,365,1.0,14.191745205479453,18.365,2.7179333333333333,235.40046666666666,72.0,37.0,strictly prior MUR days at the same source pixel
LITTLE_IRISH_DC UCSC,35.17593,-120.8125,35.18,-120.81,0.5064011254848865,0.05,2018,365,365,1.0,14.440180821917806,18.15,3.3202499999999993,307.7069083333333,95.0,31.0,strictly prior MUR days at the same source pixel
LITTLE_IRISH_DC UCSC,35.17593,-120.8125,35.18,-120.81,0.5064011254848865,0.05,2019,365,365,1.0,14.136309589041097,17.027,1.8018655462184872,200.52406617647057,22.0,8.0,strictly prior MUR days at the same source pixel
LITTLE_IRISH_DC UCSC,35.17593,-120.8125,35.18,-120.81,0.5064011254848865,0.05,2020,366,366,1.0,14.194863387978142,17.72,2.2601092436974786,255.49450816993462,67.0,31.0,strictly prior MUR days at the same source pixel
LITTLE_IRISH_DC UCSC,35.17593,-120.8125,35.18,-120.81,0.5064011254848865,0.05,2021,365,363,0.9945205479452055,13.478212121212122,16.851,2.0031654135338344,95.01038304093566,34.0,15.0,strictly prior MUR days at the same source pixel
LITTLE_IRISH_UC UCSC,35.18421,-120.8251,35.18,-120.83,0.6461119261264672,0.05,2002,214,214,1.0,13.68936448598131,15.719,,,,,strictly prior MUR days at the same source pixel
LITTLE_IRISH_UC UCSC,35.18421,-120.8251,35.18,-120.83,0.6461119261264672,0.05,2003,365,365,1.0,13.350150684931508,16.844,,,,,strictly prior MUR days at the same source pixel
LITTLE_IRISH_UC UCSC,35.18421,-120.8251,35.18,-120.83,0.6461119261264672,0.05,2004,366,366,1.0,13.445915300546448,17.823999999999998,3.3102142857142867,220.26050000000004,64.0,30.0,strictly prior MUR days at the same source pixel
LITTLE_IRISH_UC UCSC,35.18421,-120.8251,35.18,-120.83,0.6461119261264672,0.05,2005,365,365,1.0,13.397665753424661,15.786,2.6507857142857145,194.52066666666667,19.0,10.0,strictly prior MUR days at the same source pixel
LITTLE_IRISH_UC UCSC,35.18421,-120.8251,35.18,-120.83,0.6461119261264672,0.05,2006,365,365,1.0,13.794035616438357,17.682,3.0387142857142857,275.1700833333333,105.0,63.0,strictly prior MUR days at the same source pixel
LITTLE_IRISH_UC UCSC,35.18421,-120.8251,35.18,-120.83,0.6461119261264672,0.05,2007,365,365,1.0,13.20364109589041,17.064,1.9590571428571437,88.58425,18.0,13.0,strictly prior MUR days at the same source pixel
LITTLE_IRISH_UC UCSC,35.18421,-120.8251,35.18,-120.83,0.6461119261264672,0.05,2008,366,366,1.0,13.344590163934429,16.698999999999998,1.8691904761904763,171.74953333333332,80.0,19.0,strictly prior MUR days at the same source pixel
LITTLE_IRISH_UC UCSC,35.18421,-120.8251,35.18,-120.83,0.6461119261264672,0.05,2009,365,365,1.0,13.571098630136987,16.564999999999998,2.805428571428571,177.34266666666667,45.0,11.0,strictly prior MUR days at the same source pixel
LITTLE_IRISH_UC UCSC,35.18421,-120.8251,35.18,-120.83,0.6461119261264672,0.05,2010,365,365,1.0,13.212712328767122,15.93,1.44369387755102,114.02764285714285,3.0,2.0,strictly prior MUR days at the same source pixel
LITTLE_IRISH_UC UCSC,35.18421,-120.8251,35.18,-120.83,0.6461119261264672,0.05,2011,365,365,1.0,13.433254794520547,16.793,1.6907857142857137,119.92226388888889,40.0,14.0,strictly prior MUR days at the same source pixel
LITTLE_IRISH_UC UCSC,35.18421,-120.8251,35.18,-120.83,0.6461119261264672,0.05,2012,366,366,1.0,13.601131147540984,18.018,2.801514285714286,194.7424666666667,75.0,25.0,strictly prior MUR days at the same source pixel
LITTLE_IRISH_UC UCSC,35.18421,-120.8251,35.18,-120.83,0.6461119261264672,0.05,2013,365,365,1.0,13.636895890410958,16.708,2.8540519480519473,179.56649090909093,35.0,19.0,strictly prior MUR days at the same source pixel
LITTLE_IRISH_UC UCSC,35.18421,-120.8251,35.18,-120.83,0.6461119261264672,0.05,2014,365,365,1.0,15.106306849315068,20.208,5.002202380952381,623.9780227272728,171.0,55.0,strictly prior MUR days at the same source pixel
LITTLE_IRISH_UC UCSC,35.18421,-120.8251,35.18,-120.83,0.6461119261264672,0.05,2015,365,365,1.0,15.599810958904108,20.426,4.511010989010989,746.8461987179487,147.0,126.0,strictly prior MUR days at the same source pixel
LITTLE_IRISH_UC UCSC,35.18421,-120.8251,35.18,-120.83,0.6461119261264672,0.05,2016,366,366,1.0,14.189688524590162,16.744,2.0084065934065927,232.58349816849812,29.0,7.0,strictly prior MUR days at the same source pixel
LITTLE_IRISH_UC UCSC,35.18421,-120.8251,35.18,-120.83,0.6461119261264672,0.05,2017,365,365,1.0,14.211013698630138,18.38,2.7353714285714283,239.59560952380951,73.0,37.0,strictly prior MUR days at the same source pixel
LITTLE_IRISH_UC UCSC,35.18421,-120.8251,35.18,-120.83,0.6461119261264672,0.05,2018,365,365,1.0,14.452427397260275,18.107,3.317000000000001,309.22597916666666,94.0,31.0,strictly prior MUR days at the same source pixel
LITTLE_IRISH_UC UCSC,35.18421,-120.8251,35.18,-120.83,0.6461119261264672,0.05,2019,365,365,1.0,14.149758904109587,17.003999999999998,1.8390336134453782,203.16460661764708,21.0,8.0,strictly prior MUR days at the same source pixel
LITTLE_IRISH_UC UCSC,35.18421,-120.8251,35.18,-120.83,0.6461119261264672,0.05,2020,366,366,1.0,14.20806830601093,17.762,2.2483697478991593,255.5253218954248,68.0,32.0,strictly prior MUR days at the same source pixel
LITTLE_IRISH_UC UCSC,35.18421,-120.8251,35.18,-120.83,0.6461119261264672,0.05,2021,365,363,0.9945205479452055,13.490440771349862,16.881,1.9751578947368422,95.36699707602341,34.0,15.0,strictly prior MUR days at the same source pixel
LONE_TREE UCSC,36.56642,-121.9707,36.56,-121.97,0.7166047495369707,0.05,2002,214,214,1.0,13.137196261682242,14.776,,,,,strictly prior MUR days at the same source pixel
LONE_TREE UCSC,36.56642,-121.9707,36.56,-121.97,0.7166047495369707,0.05,2003,365,365,1.0,13.425534246575342,17.367,,,,,strictly prior MUR days at the same source pixel
LONE_TREE UCSC,36.56642,-121.9707,36.56,-121.97,0.7166047495369707,0.05,2004,366,366,1.0,13.160893442622953,15.847,1.8813571428571432,146.65249999999997,21.0,6.0,strictly prior MUR days at the same source pixel
LONE_TREE UCSC,36.56642,-121.9707,36.56,-121.97,0.7166047495369707,0.05,2005,365,364,0.9972602739726028,13.382978021978023,15.478,2.7135,226.48616666666666,24.0,11.0,strictly prior MUR days at the same source pixel
LONE_TREE UCSC,36.56642,-121.9707,36.56,-121.97,0.7166047495369707,0.05,2006,365,365,1.0,13.546602739726026,16.747,2.4418571428571427,228.33558333333332,108.0,59.0,strictly prior MUR days at the same source pixel
LONE_TREE UCSC,36.56642,-121.9707,36.56,-121.97,0.7166047495369707,0.05,2007,365,365,1.0,12.77302191780822,17.265,1.4064285714285722,66.6718,24.0,12.0,strictly prior MUR days at the same source pixel
LONE_TREE UCSC,36.56642,-121.9707,36.56,-121.97,0.7166047495369707,0.05,2008,366,366,1.0,12.598158469945357,16.581,2.4660952380952375,88.04443333333333,49.0,33.0,strictly prior MUR days at the same source pixel
LONE_TREE UCSC,36.56642,-121.9707,36.56,-121.97,0.7166047495369707,0.05,2009,365,365,1.0,12.875175342465754,15.324,2.5528367346938765,103.11759523809523,11.0,3.0,strictly prior MUR days at the same source pixel
LONE_TREE UCSC,36.56642,-121.9707,36.56,-121.97,0.7166047495369707,0.05,2010,365,365,1.0,13.004731506849314,15.25,1.2879821428571427,127.32664285714287,5.0,5.0,strictly prior MUR days at the same source pixel
LONE_TREE UCSC,36.56642,-121.9707,36.56,-121.97,0.7166047495369707,0.05,2011,365,365,1.0,12.97747945205479,16.156,2.0226825396825396,94.05033333333334,37.0,28.0,strictly prior MUR days at the same source pixel
LONE_TREE UCSC,36.56642,-121.9707,36.56,-121.97,0.7166047495369707,0.05,2012,366,366,1.0,13.017562841530054,16.294,1.997814285714286,138.58774444444447,44.0,21.0,strictly prior MUR days at the same source pixel
LONE_TREE UCSC,36.56642,-121.9707,36.56,-121.97,0.7166047495369707,0.05,2013,365,365,1.0,12.86207397260274,15.135,1.8554805194805195,82.96323636363637,7.0,2.0,strictly prior MUR days at the same source pixel
LONE_TREE UCSC,36.56642,-121.9707,36.56,-121.97,0.7166047495369707,0.05,2014,365,365,1.0,14.62712602739726,18.12,3.5162499999999985,594.8255681818182,171.0,171.0,strictly prior MUR days at the same source pixel
LONE_TREE UCSC,36.56642,-121.9707,36.56,-121.97,0.7166047495369707,0.05,2015,365,365,1.0,14.837254794520549,18.45,3.6516483516483516,626.8619102564103,138.0,131.0,strictly prior MUR days at the same source pixel
LONE_TREE UCSC,36.56642,-121.9707,36.56,-121.97,0.7166047495369707,0.05,2016,366,366,1.0,13.770756830601092,16.174,2.191795918367347,265.9532985347986,35.0,9.0,strictly prior MUR days at the same source pixel
LONE_TREE UCSC,36.56642,-121.9707,36.56,-121.97,0.7166047495369707,0.05,2017,365,365,1.0,13.47926575342466,18.16,2.833761904761904,158.45710476190476,48.0,43.0,strictly prior MUR days at the same source pixel
LONE_TREE UCSC,36.56642,-121.9707,36.56,-121.97,0.7166047495369707,0.05,2018,365,365,1.0,13.825980821917808,16.93,3.0121071428571433,281.04822083333335,71.0,25.0,strictly prior MUR days at the same source pixel
LONE_TREE UCSC,36.56642,-121.9707,36.56,-121.97,0.7166047495369707,0.05,2019,365,365,1.0,13.918446575342463,16.799,2.4725982142857146,258.3189852941176,32.0,14.0,strictly prior MUR days at the same source pixel
LONE_TREE UCSC,36.56642,-121.9707,36.56,-121.97,0.7166047495369707,0.05,2020,366,366,1.0,13.715726775956284,16.93,2.5669831932773115,236.61304901960784,39.0,10.0,strictly prior MUR days at the same source pixel
LONE_TREE UCSC,36.56642,-121.9707,36.56,-121.97,0.7166047495369707,0.05,2021,365,363,0.9945205479452055,13.317096418732781,17.362000000000002,1.7063759398496245,134.92733918128656,60.0,31.0,strictly prior MUR days at the same source pixel
LONG_POINT_E VRG,33.73595,-118.4012,33.73,-118.4,0.6708522524544636,0.05,2002,214,213,0.9953271028037384,17.512685446009392,20.438,,,,,strictly prior MUR days at the same source pixel
LONG_POINT_E VRG,33.73595,-118.4012,33.73,-118.4,0.6708522524544636,0.05,2003,365,365,1.0,16.93544383561644,22.075,,,,,strictly prior MUR days at the same source pixel
LONG_POINT_E VRG,33.73595,-118.4012,33.73,-118.4,0.6708522524544636,0.05,2004,366,366,1.0,17.282666666666668,22.995,4.122285714285714,307.0605,62.0,46.0,strictly prior MUR days at the same source pixel
LONG_POINT_E VRG,33.73595,-118.4012,33.73,-118.4,0.6708522524544636,0.05,2005,365,365,1.0,16.81831232876712,21.235,1.4773571428571424,108.05333333333334,19.0,7.0,strictly prior MUR days at the same source pixel
LONG_POINT_E VRG,33.73595,-118.4012,33.73,-118.4,0.6708522524544636,0.05,2006,365,365,1.0,17.363772602739726,23.272,2.9883571428571427,292.96441666666664,69.0,67.0,strictly prior MUR days at the same source pixel
LONG_POINT_E VRG,33.73595,-118.4012,33.73,-118.4,0.6708522524544636,0.05,2007,365,365,1.0,16.84788493150685,22.032,1.6257142857142857,100.59730000000002,60.0,37.0,strictly prior MUR days at the same source pixel
LONG_POINT_E VRG,33.73595,-118.4012,33.73,-118.4,0.6708522524544636,0.05,2008,366,366,1.0,17.16770218579235,22.211,2.7873333333333337,187.89069999999995,60.0,19.0,strictly prior MUR days at the same source pixel
LONG_POINT_E VRG,33.73595,-118.4012,33.73,-118.4,0.6708522524544636,0.05,2009,365,365,1.0,17.28447397260274,22.37,2.2230612244897956,187.98380952380947,54.0,30.0,strictly prior MUR days at the same source pixel
LONG_POINT_E VRG,33.73595,-118.4012,33.73,-118.4,0.6708522524544636,0.05,2010,365,365,1.0,16.45212328767123,19.781,1.1997551020408157,80.21053571428571,0.0,0.0,strictly prior MUR days at the same source pixel
LONG_POINT_E VRG,33.73595,-118.4012,33.73,-118.4,0.6708522524544636,0.05,2011,365,365,1.0,16.57273698630137,20.662,1.6903392857142856,62.75083333333335,2.0,2.0,strictly prior MUR days at the same source pixel
LONG_POINT_E VRG,33.73595,-118.4012,33.73,-118.4,0.6708522524544636,0.05,2012,366,366,1.0,17.27829781420765,22.216,2.3600571428571415,246.1073333333333,65.0,43.0,strictly prior MUR days at the same source pixel
LONG_POINT_E VRG,33.73595,-118.4012,33.73,-118.4,0.6708522524544636,0.05,2013,365,365,1.0,17.204652054794522,21.139,2.3685714285714283,189.24832727272727,26.0,10.0,strictly prior MUR days at the same source pixel
LONG_POINT_E VRG,33.73595,-118.4012,33.73,-118.4,0.6708522524544636,0.05,2014,365,365,1.0,18.554287671232874,22.931,3.2015476190476173,585.7430303030302,124.0,79.0,strictly prior MUR days at the same source pixel
LONG_POINT_E VRG,33.73595,-118.4012,33.73,-118.4,0.6708522524544636,0.05,2015,365,365,1.0,18.933071232876713,23.923,4.05910989010989,677.5779551282051,116.0,112.0,strictly prior MUR days at the same source pixel
LONG_POINT_E VRG,33.73595,-118.4012,33.73,-118.4,0.6708522524544636,0.05,2016,366,366,1.0,18.070868852459018,23.203,2.3347985347985345,328.1326117216117,76.0,56.0,strictly prior MUR days at the same source pixel
LONG_POINT_E VRG,33.73595,-118.4012,33.73,-118.4,0.6708522524544636,0.05,2017,365,365,1.0,17.830468493150686,22.751,2.070704761904763,233.04694285714282,60.0,39.0,strictly prior MUR days at the same source pixel
LONG_POINT_E VRG,33.73595,-118.4012,33.73,-118.4,0.6708522524544636,0.05,2018,365,365,1.0,18.121331506849316,23.812,2.906705357142858,326.98096666666663,77.0,75.0,strictly prior MUR days at the same source pixel
LONG_POINT_E VRG,33.73595,-118.4012,33.73,-118.4,0.6708522524544636,0.05,2019,365,365,1.0,17.63083287671233,22.574,1.7999831932773118,171.69837867647055,54.0,26.0,strictly prior MUR days at the same source pixel
LONG_POINT_E VRG,33.73595,-118.4012,33.73,-118.4,0.6708522524544636,0.05,2020,366,366,1.0,17.722368852459017,23.364,2.8538319327731108,245.19799183006535,32.0,13.0,strictly prior MUR days at the same source pixel
LONG_POINT_E VRG,33.73595,-118.4012,33.73,-118.4,0.6708522524544636,0.05,2021,365,363,0.9945205479452055,17.02865564738292,21.426,1.4681984126984131,60.71143859649124,10.0,7.0,strictly prior MUR days at the same source pixel
LOPEZ_DC UCSC,36.022240499999995,-121.5812165,36.02,-121.58,0.2720966638719783,0.05,2002,214,214,1.0,13.278485981308414,15.325,,,,,strictly prior MUR days at the same source pixel
LOPEZ_DC UCSC,36.022240499999995,-121.5812165,36.02,-121.58,0.2720966638719783,0.05,2003,365,365,1.0,13.231972602739726,17.37,,,,,strictly prior MUR days at the same source pixel
LOPEZ_DC UCSC,36.022240499999995,-121.5812165,36.02,-121.58,0.2720966638719783,0.05,2004,366,366,1.0,13.142726775956286,16.11,2.0984285714285713,177.772,45.0,15.0,strictly prior MUR days at the same source pixel
LOPEZ_DC UCSC,36.022240499999995,-121.5812165,36.02,-121.58,0.2720966638719783,0.05,2005,365,365,1.0,13.276224657534247,16.266,2.1765714285714286,216.021,13.0,12.0,strictly prior MUR days at the same source pixel
LOPEZ_DC UCSC,36.022240499999995,-121.5812165,36.02,-121.58,0.2720966638719783,0.05,2006,365,365,1.0,13.696742465753426,17.494,2.7712499999999998,298.74308333333335,100.0,50.0,strictly prior MUR days at the same source pixel
LOPEZ_DC UCSC,36.022240499999995,-121.5812165,36.02,-121.58,0.2720966638719783,0.05,2007,365,365,1.0,12.812802739726024,16.671,2.2139142857142855,72.5983,22.0,11.0,strictly prior MUR days at the same source pixel
LOPEZ_DC UCSC,36.022240499999995,-121.5812165,36.02,-121.58,0.2720966638719783,0.05,2008,366,366,1.0,12.835183060109289,17.042,2.177261904761905,140.83309999999997,55.0,43.0,strictly prior MUR days at the same source pixel
LOPEZ_DC UCSC,36.022240499999995,-121.5812165,36.02,-121.58,0.2720966638719783,0.05,2009,365,365,1.0,13.140849315068493,16.320999999999998,2.842591836734694,152.35709523809524,16.0,4.0,strictly prior MUR days at the same source pixel
LOPEZ_DC UCSC,36.022240499999995,-121.5812165,36.02,-121.58,0.2720966638719783,0.05,2010,365,365,1.0,13.109104109589039,15.406,1.2096071428571429,120.85332142857143,7.0,3.0,strictly prior MUR days at the same source pixel
LOPEZ_DC UCSC,36.022240499999995,-121.5812165,36.02,-121.58,0.2720966638719783,0.05,2011,365,365,1.0,13.296493150684933,16.893,2.594698412698413,147.48861111111108,65.0,31.0,strictly prior MUR days at the same source pixel
LOPEZ_DC UCSC,36.022240499999995,-121.5812165,36.02,-121.58,0.2720966638719783,0.05,2012,366,366,1.0,13.219363387978143,17.096,2.0905142857142867,181.54884444444443,44.0,41.0,strictly prior MUR days at the same source pixel
LOPEZ_DC UCSC,36.022240499999995,-121.5812165,36.02,-121.58,0.2720966638719783,0.05,2013,365,365,1.0,13.103816438356162,15.832,2.3261558441558443,119.06684545454544,23.0,14.0,strictly prior MUR days at the same source pixel
LOPEZ_DC UCSC,36.022240499999995,-121.5812165,36.02,-121.58,0.2720966638719783,0.05,2014,365,365,1.0,14.75633698630137,18.664,3.7885000000000013,610.5453484848484,171.0,171.0,strictly prior MUR days at the same source pixel
LOPEZ_DC UCSC,36.022240499999995,-121.5812165,36.02,-121.58,0.2720966638719783,0.05,2015,365,365,1.0,15.280342465753424,19.698,4.491758241758242,742.2178910256409,143.0,134.0,strictly prior MUR days at the same source pixel
LOPEZ_DC UCSC,36.022240499999995,-121.5812165,36.02,-121.58,0.2720966638719783,0.05,2016,366,366,1.0,13.831513661202186,16.747,2.479255102040816,252.90762637362633,17.0,5.0,strictly prior MUR days at the same source pixel
LOPEZ_DC UCSC,36.022240499999995,-121.5812165,36.02,-121.58,0.2720966638719783,0.05,2017,365,365,1.0,13.69345479452055,19.293,3.5659714285714292,191.66924285714288,35.0,17.0,strictly prior MUR days at the same source pixel
LOPEZ_DC UCSC,36.022240499999995,-121.5812165,36.02,-121.58,0.2720966638719783,0.05,2018,365,365,1.0,14.036482191780822,17.238,2.912321428571428,288.3385666666667,68.0,20.0,strictly prior MUR days at the same source pixel
LOPEZ_DC UCSC,36.022240499999995,-121.5812165,36.02,-121.58,0.2720966638719783,0.05,2019,365,365,1.0,13.95507397260274,16.347,2.4081339285714285,246.71263602941173,32.0,11.0,strictly prior MUR days at the same source pixel
LOPEZ_DC UCSC,36.022240499999995,-121.5812165,36.02,-121.58,0.2720966638719783,0.05,2020,366,366,1.0,13.835150273224043,17.797,2.0794603174603177,229.23016013071893,46.0,12.0,strictly prior MUR days at the same source pixel
LOPEZ_DC UCSC,36.022240499999995,-121.5812165,36.02,-121.58,0.2720966638719783,0.05,2021,365,363,0.9945205479452055,13.479955922865015,17.801000000000002,2.355631578947368,150.94583625730994,53.0,43.0,strictly prior MUR days at the same source pixel
LOPEZ_OLD_UC UCSC,36.030994,-121.582622,36.03,-121.58,0.2604013381554956,0.05,2002,214,214,1.0,13.265350467289721,15.313,,,,,strictly prior MUR days at the same source pixel
LOPEZ_OLD_UC UCSC,36.030994,-121.582622,36.03,-121.58,0.2604013381554956,0.05,2003,365,365,1.0,13.221356164383561,17.371,,,,,strictly prior MUR days at the same source pixel
LOPEZ_OLD_UC UCSC,36.030994,-121.582622,36.03,-121.58,0.2604013381554956,0.05,2004,366,366,1.0,13.134183060109287,16.048000000000002,2.1034285714285716,179.17000000000004,45.0,15.0,strictly prior MUR days at the same source pixel
LOPEZ_OLD_UC UCSC,36.030994,-121.582622,36.03,-121.58,0.2604013381554956,0.05,2005,365,365,1.0,13.267802739726026,16.198,2.190714285714286,216.05766666666665,13.0,12.0,strictly prior MUR days at the same source pixel
LOPEZ_OLD_UC UCSC,36.030994,-121.582622,36.03,-121.58,0.2604013381554956,0.05,2006,365,365,1.0,13.689909589041095,17.487000000000002,2.741464285714286,299.88975,100.0,50.0,strictly prior MUR days at the same source pixel
LOPEZ_OLD_UC UCSC,36.030994,-121.582622,36.03,-121.58,0.2604013381554956,0.05,2007,365,365,1.0,12.802213698630135,16.67,2.221371428571429,72.5306,22.0,11.0,strictly prior MUR days at the same source pixel
LOPEZ_OLD_UC UCSC,36.030994,-121.582622,36.03,-121.58,0.2604013381554956,0.05,2008,366,366,1.0,12.823428961748634,17.037,2.1622857142857144,139.8522,55.0,43.0,strictly prior MUR days at the same source pixel
LOPEZ_OLD_UC UCSC,36.030994,-121.582622,36.03,-121.58,0.2604013381554956,0.05,2009,365,365,1.0,13.129838356164383,16.305,2.8412448979591844,152.1245238095238,16.0,4.0,strictly prior MUR days at the same source pixel
LOPEZ_OLD_UC UCSC,36.030994,-121.582622,36.03,-121.58,0.2604013381554956,0.05,2010,365,365,1.0,13.101802739726025,15.393,1.2075178571428573,121.34391071428571,7.0,3.0,strictly prior MUR days at the same source pixel
LOPEZ_OLD_UC UCSC,36.030994,-121.582622,36.03,-121.58,0.2604013381554956,0.05,2011,365,365,1.0,13.283547945205479,16.889,2.599571428571429,146.98611111111111,65.0,31.0,strictly prior MUR days at the same source pixel
LOPEZ_OLD_UC UCSC,36.030994,-121.582622,36.03,-121.58,0.2604013381554956,0.05,2012,366,366,1.0,13.208519125683061,17.086,2.0946714285714276,181.5007888888889,44.0,41.0,strictly prior MUR days at the same source pixel
LOPEZ_OLD_UC UCSC,36.030994,-121.582622,36.03,-121.58,0.2604013381554956,0.05,2013,365,365,1.0,13.092367123287671,15.8,2.3243116883116883,118.69531818181818,23.0,14.0,strictly prior MUR days at the same source pixel
LOPEZ_OLD_UC UCSC,36.030994,-121.582622,36.03,-121.58,0.2604013381554956,0.05,2014,365,365,1.0,14.748391780821919,18.65,3.7814999999999985,611.5798333333332,170.0,170.0,strictly prior MUR days at the same source pixel
LOPEZ_OLD_UC UCSC,36.030994,-121.582622,36.03,-121.58,0.2604013381554956,0.05,2015,365,365,1.0,15.263405479452056,19.671,4.469714285714287,739.8880641025642,142.0,134.0,strictly prior MUR days at the same source pixel
LOPEZ_OLD_UC UCSC,36.030994,-121.582622,36.03,-121.58,0.2604013381554956,0.05,2016,366,366,1.0,13.821464480874319,16.727,2.479408163265306,253.39933333333335,17.0,5.0,strictly prior MUR days at the same source pixel
LOPEZ_OLD_UC UCSC,36.030994,-121.582622,36.03,-121.58,0.2604013381554956,0.05,2017,365,365,1.0,13.675575342465756,19.287,3.568161904761905,190.2796619047619,37.0,18.0,strictly prior MUR days at the same source pixel
LOPEZ_OLD_UC UCSC,36.030994,-121.582622,36.03,-121.58,0.2604013381554956,0.05,2018,365,365,1.0,14.02375890410959,17.23,2.9307589285714286,288.5502666666667,68.0,20.0,strictly prior MUR days at the same source pixel
LOPEZ_OLD_UC UCSC,36.030994,-121.582622,36.03,-121.58,0.2604013381554956,0.05,2019,365,365,1.0,13.946591780821915,16.333,2.404428571428571,247.29207352941174,32.0,11.0,strictly prior MUR days at the same source pixel
LOPEZ_OLD_UC UCSC,36.030994,-121.582622,36.03,-121.58,0.2604013381554956,0.05,2020,366,366,1.0,13.827819672131147,17.782,2.084285714285715,230.3633300653595,47.0,12.0,strictly prior MUR days at the same source pixel
LOPEZ_OLD_UC UCSC,36.030994,-121.582622,36.03,-121.58,0.2604013381554956,0.05,2021,365,363,0.9945205479452055,13.469674931129477,17.801000000000002,2.3592932330827074,151.05754385964912,53.0,43.0,strictly prior MUR days at the same source pixel
LOVERS_DC UCSC,36.62577,-121.9107,36.63,-121.91,0.4744849835193388,0.05,2002,214,214,1.0,13.172976635514019,14.924,,,,,strictly prior MUR days at the same source pixel
LOVERS_DC UCSC,36.62577,-121.9107,36.63,-121.91,0.4744849835193388,0.05,2003,365,365,1.0,13.460558904109588,17.067,,,,,strictly prior MUR days at the same source pixel
LOVERS_DC UCSC,36.62577,-121.9107,36.63,-121.91,0.4744849835193388,0.05,2004,366,366,1.0,13.241920765027322,15.812,1.8962857142857141,150.607,24.0,18.0,strictly prior MUR days at the same source pixel
LOVERS_DC UCSC,36.62577,-121.9107,36.63,-121.91,0.4744849835193388,0.05,2005,365,365,1.0,13.436295890410959,15.395,2.399571428571428,215.3528333333333,31.0,11.0,strictly prior MUR days at the same source pixel
LOVERS_DC UCSC,36.62577,-121.9107,36.63,-121.91,0.4744849835193388,0.05,2006,365,365,1.0,13.56603287671233,16.911,2.3700357142857142,214.3409166666667,104.0,52.0,strictly prior MUR days at the same source pixel
LOVERS_DC UCSC,36.62577,-121.9107,36.63,-121.91,0.4744849835193388,0.05,2007,365,365,1.0,12.850063013698628,17.134999999999998,1.5955714285714293,69.03184999999999,22.0,12.0,strictly prior MUR days at the same source pixel
LOVERS_DC UCSC,36.62577,-121.9107,36.63,-121.91,0.4744849835193388,0.05,2008,366,366,1.0,12.700114754098362,16.759999999999998,2.4365238095238095,88.67846666666667,51.0,21.0,strictly prior MUR days at the same source pixel
LOVERS_DC UCSC,36.62577,-121.9107,36.63,-121.91,0.4744849835193388,0.05,2009,365,365,1.0,12.896594520547945,15.782,2.3574489795918367,95.99714285714289,11.0,4.0,strictly prior MUR days at the same source pixel
LOVERS_DC UCSC,36.62577,-121.9107,36.63,-121.91,0.4744849835193388,0.05,2010,365,365,1.0,13.069334246575341,15.239,1.159734693877551,120.59626785714285,4.0,4.0,strictly prior MUR days at the same source pixel
LOVERS_DC UCSC,36.62577,-121.9107,36.63,-121.91,0.4744849835193388,0.05,2011,365,365,1.0,12.992180821917808,15.917,1.8735238095238091,91.06147222222222,41.0,30.0,strictly prior MUR days at the same source pixel
LOVERS_DC UCSC,36.62577,-121.9107,36.63,-121.91,0.4744849835193388,0.05,2012,366,366,1.0,13.042945355191259,16.109,2.0745285714285706,132.52254444444446,36.0,21.0,strictly prior MUR days at the same source pixel
LOVERS_DC UCSC,36.62577,-121.9107,36.63,-121.91,0.4744849835193388,0.05,2013,365,365,1.0,12.907775342465753,15.335,1.7328051948051948,75.16052727272726,11.0,4.0,strictly prior MUR days at the same source pixel
LOVERS_DC UCSC,36.62577,-121.9107,36.63,-121.91,0.4744849835193388,0.05,2014,365,365,1.0,14.626884931506849,18.385,3.4215119047619047,579.046462121212,172.0,172.0,strictly prior MUR days at the same source pixel
LOVERS_DC UCSC,36.62577,-121.9107,36.63,-121.91,0.4744849835193388,0.05,2015,365,365,1.0,14.812471232876712,18.387,3.4284835164835163,602.3379487179486,130.0,128.0,strictly prior MUR days at the same source pixel
LOVERS_DC UCSC,36.62577,-121.9107,36.63,-121.91,0.4744849835193388,0.05,2016,366,366,1.0,13.777117486338796,16.025,2.080632653061224,256.9778956043956,39.0,18.0,strictly prior MUR days at the same source pixel
LOVERS_DC UCSC,36.62577,-121.9107,36.63,-121.91,0.4744849835193388,0.05,2017,365,365,1.0,13.457049315068494,18.041,2.7465809523809526,152.1160904761905,49.0,42.0,strictly prior MUR days at the same source pixel
LOVERS_DC UCSC,36.62577,-121.9107,36.63,-121.91,0.4744849835193388,0.05,2018,365,365,1.0,13.830701369863014,16.932000000000002,3.0600089285714285,274.9838291666666,66.0,25.0,strictly prior MUR days at the same source pixel
LOVERS_DC UCSC,36.62577,-121.9107,36.63,-121.91,0.4744849835193388,0.05,2019,365,365,1.0,13.899734246575344,16.595,2.4146696428571426,244.78734926470588,32.0,14.0,strictly prior MUR days at the same source pixel
LOVERS_DC UCSC,36.62577,-121.9107,36.63,-121.91,0.4744849835193388,0.05,2020,366,366,1.0,13.833519125683063,17.145,2.4967899159663864,252.38013071895426,43.0,12.0,strictly prior MUR days at the same source pixel
LOVERS_DC UCSC,36.62577,-121.9107,36.63,-121.91,0.4744849835193388,0.05,2021,365,363,0.9945205479452055,13.405922865013775,17.656,1.7507969924812028,143.88879239766084,66.0,55.0,strictly prior MUR days at the same source pixel
LOVERS_UC UCSC,36.62422,-121.9091,36.63,-121.91,0.6477062447698729,0.05,2002,214,214,1.0,13.172976635514019,14.924,,,,,strictly prior MUR days at the same source pixel
LOVERS_UC UCSC,36.62422,-121.9091,36.63,-121.91,0.6477062447698729,0.05,2003,365,365,1.0,13.460558904109588,17.067,,,,,strictly prior MUR days at the same source pixel
LOVERS_UC UCSC,36.62422,-121.9091,36.63,-121.91,0.6477062447698729,0.05,2004,366,366,1.0,13.241920765027322,15.812,1.8962857142857141,150.607,24.0,18.0,strictly prior MUR days at the same source pixel
LOVERS_UC UCSC,36.62422,-121.9091,36.63,-121.91,0.6477062447698729,0.05,2005,365,365,1.0,13.436295890410959,15.395,2.399571428571428,215.3528333333333,31.0,11.0,strictly prior MUR days at the same source pixel
LOVERS_UC UCSC,36.62422,-121.9091,36.63,-121.91,0.6477062447698729,0.05,2006,365,365,1.0,13.56603287671233,16.911,2.3700357142857142,214.3409166666667,104.0,52.0,strictly prior MUR days at the same source pixel
LOVERS_UC UCSC,36.62422,-121.9091,36.63,-121.91,0.6477062447698729,0.05,2007,365,365,1.0,12.850063013698628,17.134999999999998,1.5955714285714293,69.03184999999999,22.0,12.0,strictly prior MUR days at the same source pixel
LOVERS_UC UCSC,36.62422,-121.9091,36.63,-121.91,0.6477062447698729,0.05,2008,366,366,1.0,12.700114754098362,16.759999999999998,2.4365238095238095,88.67846666666667,51.0,21.0,strictly prior MUR days at the same source pixel
LOVERS_UC UCSC,36.62422,-121.9091,36.63,-121.91,0.6477062447698729,0.05,2009,365,365,1.0,12.896594520547945,15.782,2.3574489795918367,95.99714285714289,11.0,4.0,strictly prior MUR days at the same source pixel
LOVERS_UC UCSC,36.62422,-121.9091,36.63,-121.91,0.6477062447698729,0.05,2010,365,365,1.0,13.069334246575341,15.239,1.159734693877551,120.59626785714285,4.0,4.0,strictly prior MUR days at the same source pixel
LOVERS_UC UCSC,36.62422,-121.9091,36.63,-121.91,0.6477062447698729,0.05,2011,365,365,1.0,12.992180821917808,15.917,1.8735238095238091,91.06147222222222,41.0,30.0,strictly prior MUR days at the same source pixel
LOVERS_UC UCSC,36.62422,-121.9091,36.63,-121.91,0.6477062447698729,0.05,2012,366,366,1.0,13.042945355191259,16.109,2.0745285714285706,132.52254444444446,36.0,21.0,strictly prior MUR days at the same source pixel
LOVERS_UC UCSC,36.62422,-121.9091,36.63,-121.91,0.6477062447698729,0.05,2013,365,365,1.0,12.907775342465753,15.335,1.7328051948051948,75.16052727272726,11.0,4.0,strictly prior MUR days at the same source pixel
LOVERS_UC UCSC,36.62422,-121.9091,36.63,-121.91,0.6477062447698729,0.05,2014,365,365,1.0,14.626884931506849,18.385,3.4215119047619047,579.046462121212,172.0,172.0,strictly prior MUR days at the same source pixel
LOVERS_UC UCSC,36.62422,-121.9091,36.63,-121.91,0.6477062447698729,0.05,2015,365,365,1.0,14.812471232876712,18.387,3.4284835164835163,602.3379487179486,130.0,128.0,strictly prior MUR days at the same source pixel
LOVERS_UC UCSC,36.62422,-121.9091,36.63,-121.91,0.6477062447698729,0.05,2016,366,366,1.0,13.777117486338796,16.025,2.080632653061224,256.9778956043956,39.0,18.0,strictly prior MUR days at the same source pixel
LOVERS_UC UCSC,36.62422,-121.9091,36.63,-121.91,0.6477062447698729,0.05,2017,365,365,1.0,13.457049315068494,18.041,2.7465809523809526,152.1160904761905,49.0,42.0,strictly prior MUR days at the same source pixel
LOVERS_UC UCSC,36.62422,-121.9091,36.63,-121.91,0.6477062447698729,0.05,2018,365,365,1.0,13.830701369863014,16.932000000000002,3.0600089285714285,274.9838291666666,66.0,25.0,strictly prior MUR days at the same source pixel
LOVERS_UC UCSC,36.62422,-121.9091,36.63,-121.91,0.6477062447698729,0.05,2019,365,365,1.0,13.899734246575344,16.595,2.4146696428571426,244.78734926470588,32.0,14.0,strictly prior MUR days at the same source pixel
LOVERS_UC UCSC,36.62422,-121.9091,36.63,-121.91,0.6477062447698729,0.05,2020,366,366,1.0,13.833519125683063,17.145,2.4967899159663864,252.38013071895426,43.0,12.0,strictly prior MUR days at the same source pixel
LOVERS_UC UCSC,36.62422,-121.9091,36.63,-121.91,0.6477062447698729,0.05,2021,365,363,0.9945205479452055,13.405922865013775,17.656,1.7507969924812028,143.88879239766084,66.0,55.0,strictly prior MUR days at the same source pixel
LUNADA_BAY VRG,33.77106,-118.431,33.77,-118.43,0.1497880949775452,0.05,2002,214,213,0.9953271028037384,17.489530516431927,20.385,,,,,strictly prior MUR days at the same source pixel
LUNADA_BAY VRG,33.77106,-118.431,33.77,-118.43,0.1497880949775452,0.05,2003,365,365,1.0,16.917791780821915,22.216,,,,,strictly prior MUR days at the same source pixel
LUNADA_BAY VRG,33.77106,-118.431,33.77,-118.43,0.1497880949775452,0.05,2004,366,366,1.0,17.28404098360656,23.146,4.198428571428573,316.507,65.0,46.0,strictly prior MUR days at the same source pixel
LUNADA_BAY VRG,33.77106,-118.431,33.77,-118.43,0.1497880949775452,0.05,2005,365,365,1.0,16.841131506849315,21.043,1.4274999999999998,109.47966666666665,19.0,5.0,strictly prior MUR days at the same source pixel
LUNADA_BAY VRG,33.77106,-118.431,33.77,-118.43,0.1497880949775452,0.05,2006,365,364,0.9972602739726028,17.35668956043956,23.317,2.9433214285714295,288.74816666666663,70.0,67.0,strictly prior MUR days at the same source pixel
LUNADA_BAY VRG,33.77106,-118.431,33.77,-118.43,0.1497880949775452,0.05,2007,365,364,0.9972602739726028,16.852052197802198,21.983,1.6973142857142842,107.47105,61.0,48.0,strictly prior MUR days at the same source pixel
LUNADA_BAY VRG,33.77106,-118.431,33.77,-118.43,0.1497880949775452,0.05,2008,366,366,1.0,17.16374863387978,22.145,2.771261904761906,188.31866666666667,59.0,19.0,strictly prior MUR days at the same source pixel
LUNADA_BAY VRG,33.77106,-118.431,33.77,-118.43,0.1497880949775452,0.05,2009,365,365,1.0,17.26804931506849,22.345,2.2513061224489803,184.19857142857143,56.0,30.0,strictly prior MUR days at the same source pixel
LUNADA_BAY VRG,33.77106,-118.431,33.77,-118.43,0.1497880949775452,0.05,2010,365,365,1.0,16.439931506849316,19.693,1.2454285714285713,84.22925000000001,0.0,0.0,strictly prior MUR days at the same source pixel
LUNADA_BAY VRG,33.77106,-118.431,33.77,-118.43,0.1497880949775452,0.05,2011,365,365,1.0,16.54121095890411,20.565,1.5315357142857133,58.82361111111111,2.0,2.0,strictly prior MUR days at the same source pixel
LUNADA_BAY VRG,33.77106,-118.431,33.77,-118.43,0.1497880949775452,0.05,2012,366,366,1.0,17.250833333333333,21.864,2.268171428571427,245.78618888888883,67.0,43.0,strictly prior MUR days at the same source pixel
LUNADA_BAY VRG,33.77106,-118.431,33.77,-118.43,0.1497880949775452,0.05,2013,365,365,1.0,17.189978082191782,21.224,2.3698311688311695,189.33644772727274,28.0,13.0,strictly prior MUR days at the same source pixel
LUNADA_BAY VRG,33.77106,-118.431,33.77,-118.43,0.1497880949775452,0.05,2014,365,365,1.0,18.554873972602742,22.917,3.2525119047619055,590.2415,126.0,46.0,strictly prior MUR days at the same source pixel
LUNADA_BAY VRG,33.77106,-118.431,33.77,-118.43,0.1497880949775452,0.05,2015,365,365,1.0,18.925232876712332,23.934,4.349230769230769,680.4739269230769,116.0,112.0,strictly prior MUR days at the same source pixel
LUNADA_BAY VRG,33.77106,-118.431,33.77,-118.43,0.1497880949775452,0.05,2016,366,366,1.0,18.058890710382514,23.107,2.3230512820512814,326.2277730602731,72.0,56.0,strictly prior MUR days at the same source pixel
LUNADA_BAY VRG,33.77106,-118.431,33.77,-118.43,0.1497880949775452,0.05,2017,365,365,1.0,17.84625205479452,22.865,2.142952380952381,239.61605238095237,59.0,38.0,strictly prior MUR days at the same source pixel
LUNADA_BAY VRG,33.77106,-118.431,33.77,-118.43,0.1497880949775452,0.05,2018,365,365,1.0,18.12711506849315,24.007,3.2746517857142856,331.94640641025643,75.0,74.0,strictly prior MUR days at the same source pixel
LUNADA_BAY VRG,33.77106,-118.431,33.77,-118.43,0.1497880949775452,0.05,2019,365,365,1.0,17.662002739726027,22.787,1.900336134453782,182.84537605042016,56.0,38.0,strictly prior MUR days at the same source pixel
LUNADA_BAY VRG,33.77106,-118.431,33.77,-118.43,0.1497880949775452,0.05,2020,366,366,1.0,17.703207650273225,23.199,2.811310924369747,241.34586928104576,34.0,13.0,strictly prior MUR days at the same source pixel
LUNADA_BAY VRG,33.77106,-118.431,33.77,-118.43,0.1497880949775452,0.05,2021,365,363,0.9945205479452055,17.025115702479336,21.351,1.4042142857142852,63.98776315789473,10.0,9.0,strictly prior MUR days at the same source pixel
MACABEE_DC UCSC,36.61818,-121.8968,36.62,-121.9,0.3500257276893988,0.05,2002,214,214,1.0,13.156004672897197,14.892,,,,,strictly prior MUR days at the same source pixel
MACABEE_DC UCSC,36.61818,-121.8968,36.62,-121.9,0.3500257276893988,0.05,2003,365,365,1.0,13.455764383561645,17.076999999999998,,,,,strictly prior MUR days at the same source pixel
MACABEE_DC UCSC,36.61818,-121.8968,36.62,-121.9,0.3500257276893988,0.05,2004,366,366,1.0,13.237674863387976,15.799,1.8887142857142858,152.91750000000002,24.0,18.0,strictly prior MUR days at the same source pixel
MACABEE_DC UCSC,36.61818,-121.8968,36.62,-121.9,0.3500257276893988,0.05,2005,365,365,1.0,13.432873972602739,15.377,2.4087142857142854,216.6115,34.0,12.0,strictly prior MUR days at the same source pixel
MACABEE_DC UCSC,36.61818,-121.8968,36.62,-121.9,0.3500257276893988,0.05,2006,365,365,1.0,13.557969863013698,16.901,2.360535714285714,215.0383333333333,105.0,52.0,strictly prior MUR days at the same source pixel
MACABEE_DC UCSC,36.61818,-121.8968,36.62,-121.9,0.3500257276893988,0.05,2007,365,365,1.0,12.853920547945206,17.121,1.5803428571428573,70.8408,24.0,12.0,strictly prior MUR days at the same source pixel
MACABEE_DC UCSC,36.61818,-121.8968,36.62,-121.9,0.3500257276893988,0.05,2008,366,366,1.0,12.702478142076503,16.854,2.4367619047619042,89.42753333333333,51.0,20.0,strictly prior MUR days at the same source pixel
MACABEE_DC UCSC,36.61818,-121.8968,36.62,-121.9,0.3500257276893988,0.05,2009,365,365,1.0,12.891197260273973,15.78,2.330959183673469,96.26854761904761,10.0,4.0,strictly prior MUR days at the same source pixel
MACABEE_DC UCSC,36.61818,-121.8968,36.62,-121.9,0.3500257276893988,0.05,2010,365,365,1.0,13.066408219178081,15.235,1.149285714285714,120.99794642857141,4.0,4.0,strictly prior MUR days at the same source pixel
MACABEE_DC UCSC,36.61818,-121.8968,36.62,-121.9,0.3500257276893988,0.05,2011,365,365,1.0,12.99169589041096,15.89,1.8491746031746028,91.25919444444443,41.0,30.0,strictly prior MUR days at the same source pixel
MACABEE_DC UCSC,36.61818,-121.8968,36.62,-121.9,0.3500257276893988,0.05,2012,366,366,1.0,13.0426912568306,16.119999999999997,2.0740857142857148,133.66317777777778,36.0,21.0,strictly prior MUR days at the same source pixel
MACABEE_DC UCSC,36.61818,-121.8968,36.62,-121.9,0.3500257276893988,0.05,2013,365,365,1.0,12.89945205479452,15.405,1.7318441558441562,74.66850909090908,13.0,4.0,strictly prior MUR days at the same source pixel
MACABEE_DC UCSC,36.61818,-121.8968,36.62,-121.9,0.3500257276893988,0.05,2014,365,365,1.0,14.622961643835618,18.354,3.4129761904761904,579.3548181818182,172.0,172.0,strictly prior MUR days at the same source pixel
MACABEE_DC UCSC,36.61818,-121.8968,36.62,-121.9,0.3500257276893988,0.05,2015,365,365,1.0,14.80686301369863,18.389,3.4249670329670323,601.8021025641026,130.0,128.0,strictly prior MUR days at the same source pixel
MACABEE_DC UCSC,36.61818,-121.8968,36.62,-121.9,0.3500257276893988,0.05,2016,366,366,1.0,13.764631147540982,15.999,2.069448979591837,254.66523076923076,38.0,18.0,strictly prior MUR days at the same source pixel
MACABEE_DC UCSC,36.61818,-121.8968,36.62,-121.9,0.3500257276893988,0.05,2017,365,365,1.0,13.441438356164383,18.053,2.7392857142857148,150.01919999999998,48.0,42.0,strictly prior MUR days at the same source pixel
MACABEE_DC UCSC,36.61818,-121.8968,36.62,-121.9,0.3500257276893988,0.05,2018,365,365,1.0,13.822246575342465,16.912,3.046214285714285,274.32720416666666,66.0,25.0,strictly prior MUR days at the same source pixel
MACABEE_DC UCSC,36.61818,-121.8968,36.62,-121.9,0.3500257276893988,0.05,2019,365,365,1.0,13.895632876712328,16.598,2.383151785714286,245.41143014705887,32.0,14.0,strictly prior MUR days at the same source pixel
MACABEE_DC UCSC,36.61818,-121.8968,36.62,-121.9,0.3500257276893988,0.05,2020,366,366,1.0,13.82341530054645,17.149,2.520781512605043,251.97579738562092,43.0,12.0,strictly prior MUR days at the same source pixel
MACABEE_DC UCSC,36.61818,-121.8968,36.62,-121.9,0.3500257276893988,0.05,2021,365,363,0.9945205479452055,13.398677685950412,17.656,1.7439473684210522,143.88609649122805,66.0,55.0,strictly prior MUR days at the same source pixel
MACABEE_UC UCSC,36.61715,-121.8957,36.62,-121.9,0.4977002838311556,0.05,2002,214,214,1.0,13.156004672897197,14.892,,,,,strictly prior MUR days at the same source pixel
MACABEE_UC UCSC,36.61715,-121.8957,36.62,-121.9,0.4977002838311556,0.05,2003,365,365,1.0,13.455764383561645,17.076999999999998,,,,,strictly prior MUR days at the same source pixel
MACABEE_UC UCSC,36.61715,-121.8957,36.62,-121.9,0.4977002838311556,0.05,2004,366,366,1.0,13.237674863387976,15.799,1.8887142857142858,152.91750000000002,24.0,18.0,strictly prior MUR days at the same source pixel
MACABEE_UC UCSC,36.61715,-121.8957,36.62,-121.9,0.4977002838311556,0.05,2005,365,365,1.0,13.432873972602739,15.377,2.4087142857142854,216.6115,34.0,12.0,strictly prior MUR days at the same source pixel
MACABEE_UC UCSC,36.61715,-121.8957,36.62,-121.9,0.4977002838311556,0.05,2006,365,365,1.0,13.557969863013698,16.901,2.360535714285714,215.0383333333333,105.0,52.0,strictly prior MUR days at the same source pixel
MACABEE_UC UCSC,36.61715,-121.8957,36.62,-121.9,0.4977002838311556,0.05,2007,365,365,1.0,12.853920547945206,17.121,1.5803428571428573,70.8408,24.0,12.0,strictly prior MUR days at the same source pixel
MACABEE_UC UCSC,36.61715,-121.8957,36.62,-121.9,0.4977002838311556,0.05,2008,366,366,1.0,12.702478142076503,16.854,2.4367619047619042,89.42753333333333,51.0,20.0,strictly prior MUR days at the same source pixel
MACABEE_UC UCSC,36.61715,-121.8957,36.62,-121.9,0.4977002838311556,0.05,2009,365,365,1.0,12.891197260273973,15.78,2.330959183673469,96.26854761904761,10.0,4.0,strictly prior MUR days at the same source pixel
MACABEE_UC UCSC,36.61715,-121.8957,36.62,-121.9,0.4977002838311556,0.05,2010,365,365,1.0,13.066408219178081,15.235,1.149285714285714,120.99794642857141,4.0,4.0,strictly prior MUR days at the same source pixel
MACABEE_UC UCSC,36.61715,-121.8957,36.62,-121.9,0.4977002838311556,0.05,2011,365,365,1.0,12.99169589041096,15.89,1.8491746031746028,91.25919444444443,41.0,30.0,strictly prior MUR days at the same source pixel
MACABEE_UC UCSC,36.61715,-121.8957,36.62,-121.9,0.4977002838311556,0.05,2012,366,366,1.0,13.0426912568306,16.119999999999997,2.0740857142857148,133.66317777777778,36.0,21.0,strictly prior MUR days at the same source pixel
MACABEE_UC UCSC,36.61715,-121.8957,36.62,-121.9,0.4977002838311556,0.05,2013,365,365,1.0,12.89945205479452,15.405,1.7318441558441562,74.66850909090908,13.0,4.0,strictly prior MUR days at the same source pixel
MACABEE_UC UCSC,36.61715,-121.8957,36.62,-121.9,0.4977002838311556,0.05,2014,365,365,1.0,14.622961643835618,18.354,3.4129761904761904,579.3548181818182,172.0,172.0,strictly prior MUR days at the same source pixel
MACABEE_UC UCSC,36.61715,-121.8957,36.62,-121.9,0.4977002838311556,0.05,2015,365,365,1.0,14.80686301369863,18.389,3.4249670329670323,601.8021025641026,130.0,128.0,strictly prior MUR days at the same source pixel
MACABEE_UC UCSC,36.61715,-121.8957,36.62,-121.9,0.4977002838311556,0.05,2016,366,366,1.0,13.764631147540982,15.999,2.069448979591837,254.66523076923076,38.0,18.0,strictly prior MUR days at the same source pixel
MACABEE_UC UCSC,36.61715,-121.8957,36.62,-121.9,0.4977002838311556,0.05,2017,365,365,1.0,13.441438356164383,18.053,2.7392857142857148,150.01919999999998,48.0,42.0,strictly prior MUR days at the same source pixel
MACABEE_UC UCSC,36.61715,-121.8957,36.62,-121.9,0.4977002838311556,0.05,2018,365,365,1.0,13.822246575342465,16.912,3.046214285714285,274.32720416666666,66.0,25.0,strictly prior MUR days at the same source pixel
MACABEE_UC UCSC,36.61715,-121.8957,36.62,-121.9,0.4977002838311556,0.05,2019,365,365,1.0,13.895632876712328,16.598,2.383151785714286,245.41143014705887,32.0,14.0,strictly prior MUR days at the same source pixel
MACABEE_UC UCSC,36.61715,-121.8957,36.62,-121.9,0.4977002838311556,0.05,2020,366,366,1.0,13.82341530054645,17.149,2.520781512605043,251.97579738562092,43.0,12.0,strictly prior MUR days at the same source pixel
MACABEE_UC UCSC,36.61715,-121.8957,36.62,-121.9,0.4977002838311556,0.05,2021,365,363,0.9945205479452055,13.398677685950412,17.656,1.7439473684210522,143.88609649122805,66.0,55.0,strictly prior MUR days at the same source pixel
MALPASO UCSC,36.46575,-121.934,36.47,-121.94,0.7149808215922909,0.05,2002,214,214,1.0,13.098556074766352,14.519,,,,,strictly prior MUR days at the same source pixel
MALPASO UCSC,36.46575,-121.934,36.47,-121.94,0.7149808215922909,0.05,2003,365,365,1.0,13.38070684931507,17.245,,,,,strictly prior MUR days at the same source pixel
MALPASO UCSC,36.46575,-121.934,36.47,-121.94,0.7149808215922909,0.05,2004,366,366,1.0,13.129450819672128,15.897,1.9074285714285715,149.7335,23.0,6.0,strictly prior MUR days at the same source pixel
MALPASO UCSC,36.46575,-121.934,36.47,-121.94,0.7149808215922909,0.05,2005,365,365,1.0,13.331660273972604,15.558,2.857214285714286,228.18483333333333,24.0,12.0,strictly prior MUR days at the same source pixel
MALPASO UCSC,36.46575,-121.934,36.47,-121.94,0.7149808215922909,0.05,2006,365,365,1.0,13.530764383561642,16.695,2.331785714285715,239.1680833333333,110.0,59.0,strictly prior MUR days at the same source pixel
MALPASO UCSC,36.46575,-121.934,36.47,-121.94,0.7149808215922909,0.05,2007,365,365,1.0,12.731460273972601,17.123,1.6825142857142859,64.5667,19.0,11.0,strictly prior MUR days at the same source pixel
MALPASO UCSC,36.46575,-121.934,36.47,-121.94,0.7149808215922909,0.05,2008,366,366,1.0,12.567081967213113,16.558,2.4523333333333333,93.22229999999999,48.0,37.0,strictly prior MUR days at the same source pixel
MALPASO UCSC,36.46575,-121.934,36.47,-121.94,0.7149808215922909,0.05,2009,365,365,1.0,12.85724109589041,15.365,2.5615918367346944,108.05561904761905,9.0,3.0,strictly prior MUR days at the same source pixel
MALPASO UCSC,36.46575,-121.934,36.47,-121.94,0.7149808215922909,0.05,2010,365,365,1.0,12.98896712328767,15.331,1.4979107142857142,132.3599285714286,9.0,4.0,strictly prior MUR days at the same source pixel
MALPASO UCSC,36.46575,-121.934,36.47,-121.94,0.7149808215922909,0.05,2011,365,365,1.0,12.961841095890412,15.79,1.8561746031746034,97.50327777777778,41.0,23.0,strictly prior MUR days at the same source pixel
MALPASO UCSC,36.46575,-121.934,36.47,-121.94,0.7149808215922909,0.05,2012,366,366,1.0,13.011956284153007,16.469,2.037057142857143,148.26493333333332,46.0,21.0,strictly prior MUR days at the same source pixel
MALPASO UCSC,36.46575,-121.934,36.47,-121.94,0.7149808215922909,0.05,2013,365,365,1.0,12.824635616438357,15.325,1.9437272727272727,85.85047272727272,8.0,3.0,strictly prior MUR days at the same source pixel
MALPASO UCSC,36.46575,-121.934,36.47,-121.94,0.7149808215922909,0.05,2014,365,365,1.0,14.595572602739725,18.064,3.463416666666667,594.9648484848485,170.0,170.0,strictly prior MUR days at the same source pixel
MALPASO UCSC,36.46575,-121.934,36.47,-121.94,0.7149808215922909,0.05,2015,365,365,1.0,14.863008219178084,18.542,3.682989010989011,646.1152564102563,143.0,135.0,strictly prior MUR days at the same source pixel
MALPASO UCSC,36.46575,-121.934,36.47,-121.94,0.7149808215922909,0.05,2016,366,366,1.0,13.722439890710383,16.036,2.283214285714286,257.7191263736264,32.0,8.0,strictly prior MUR days at the same source pixel
MALPASO UCSC,36.46575,-121.934,36.47,-121.94,0.7149808215922909,0.05,2017,365,365,1.0,13.452997260273971,18.289,2.9525714285714293,158.0380714285714,42.0,34.0,strictly prior MUR days at the same source pixel
MALPASO UCSC,36.46575,-121.934,36.47,-121.94,0.7149808215922909,0.05,2018,365,365,1.0,13.807383561643837,16.938000000000002,3.0316160714285725,278.2412166666667,68.0,19.0,strictly prior MUR days at the same source pixel
MALPASO UCSC,36.46575,-121.934,36.47,-121.94,0.7149808215922909,0.05,2019,365,365,1.0,13.91178904109589,16.916,2.359035714285714,264.7786617647058,27.0,12.0,strictly prior MUR days at the same source pixel
MALPASO UCSC,36.46575,-121.934,36.47,-121.94,0.7149808215922909,0.05,2020,366,366,1.0,13.677704918032786,16.908,2.660789915966386,235.63530555555553,45.0,10.0,strictly prior MUR days at the same source pixel
MALPASO UCSC,36.46575,-121.934,36.47,-121.94,0.7149808215922909,0.05,2021,365,363,0.9945205479452055,13.243404958677685,17.346,1.7155112781954887,128.51666666666668,54.0,27.0,strictly prior MUR days at the same source pixel
MATLAHUAYL VRG,32.85116,-117.2702,32.85,-117.28,0.9244962084118052,0.05,2002,214,214,1.0,18.21918224299065,20.956,,,,,strictly prior MUR days at the same source pixel
MATLAHUAYL VRG,32.85116,-117.2702,32.85,-117.28,0.9244962084118052,0.05,2003,365,365,1.0,17.435769863013697,22.169,,,,,strictly prior MUR days at the same source pixel
MATLAHUAYL VRG,32.85116,-117.2702,32.85,-117.28,0.9244962084118052,0.05,2004,366,366,1.0,17.887106557377052,23.407,3.469714285714286,318.4435,73.0,56.0,strictly prior MUR days at the same source pixel
MATLAHUAYL VRG,32.85116,-117.2702,32.85,-117.28,0.9244962084118052,0.05,2005,365,365,1.0,17.64041095890411,22.403,2.3689047619047625,163.0858333333333,30.0,16.0,strictly prior MUR days at the same source pixel
MATLAHUAYL VRG,32.85116,-117.2702,32.85,-117.28,0.9244962084118052,0.05,2006,365,364,0.9972602739726028,17.938700549450548,24.44,4.108892857142856,281.4345,85.0,79.0,strictly prior MUR days at the same source pixel
MATLAHUAYL VRG,32.85116,-117.2702,32.85,-117.28,0.9244962084118052,0.05,2007,365,364,0.9972602739726028,17.674195054945056,24.264,3.0866285714285717,148.5752,53.0,46.0,strictly prior MUR days at the same source pixel
MATLAHUAYL VRG,32.85116,-117.2702,32.85,-117.28,0.9244962084118052,0.05,2008,366,366,1.0,17.71553005464481,22.837,2.837666666666667,156.4394,36.0,9.0,strictly prior MUR days at the same source pixel
MATLAHUAYL VRG,32.85116,-117.2702,32.85,-117.28,0.9244962084118052,0.05,2009,365,365,1.0,17.96266301369863,24.007,2.249591836734695,172.84145238095243,69.0,27.0,strictly prior MUR days at the same source pixel
MATLAHUAYL VRG,32.85116,-117.2702,32.85,-117.28,0.9244962084118052,0.05,2010,365,365,1.0,17.23716712328767,21.152,1.048122448979592,88.24735714285714,0.0,0.0,strictly prior MUR days at the same source pixel
MATLAHUAYL VRG,32.85116,-117.2702,32.85,-117.28,0.9244962084118052,0.05,2011,365,365,1.0,17.137723287671232,21.633,1.7088035714285703,63.17281944444444,7.0,4.0,strictly prior MUR days at the same source pixel
MATLAHUAYL VRG,32.85116,-117.2702,32.85,-117.28,0.9244962084118052,0.05,2012,366,366,1.0,17.91054918032787,23.344,2.1858,210.76155555555562,55.0,45.0,strictly prior MUR days at the same source pixel
MATLAHUAYL VRG,32.85116,-117.2702,32.85,-117.28,0.9244962084118052,0.05,2013,365,365,1.0,17.75766575342466,22.438,2.193402597402597,158.96966969696973,34.0,23.0,strictly prior MUR days at the same source pixel
MATLAHUAYL VRG,32.85116,-117.2702,32.85,-117.28,0.9244962084118052,0.05,2014,365,365,1.0,19.18557808219178,23.819,3.1651190476190476,578.5124787878788,113.0,67.0,strictly prior MUR days at the same source pixel
MATLAHUAYL VRG,32.85116,-117.2702,32.85,-117.28,0.9244962084118052,0.05,2015,365,365,1.0,19.495326027397258,24.693,3.946560439560441,657.8402383449883,103.0,77.0,strictly prior MUR days at the same source pixel
MATLAHUAYL VRG,32.85116,-117.2702,32.85,-117.28,0.9244962084118052,0.05,2016,366,366,1.0,18.71122677595628,24.753,3.257653061224489,347.5298113553113,57.0,55.0,strictly prior MUR days at the same source pixel
MATLAHUAYL VRG,32.85116,-117.2702,32.85,-117.28,0.9244962084118052,0.05,2017,365,365,1.0,18.52086575342466,23.959,2.1580190476190486,252.47806886446884,61.0,40.0,strictly prior MUR days at the same source pixel
MATLAHUAYL VRG,32.85116,-117.2702,32.85,-117.28,0.9244962084118052,0.05,2018,365,365,1.0,18.697460273972602,25.717,3.733589285714285,320.4654232142857,76.0,76.0,strictly prior MUR days at the same source pixel
MATLAHUAYL VRG,32.85116,-117.2702,32.85,-117.28,0.9244962084118052,0.05,2019,365,365,1.0,18.120257534246576,24.667,2.4410420168067226,132.61466740196082,35.0,16.0,strictly prior MUR days at the same source pixel
MATLAHUAYL VRG,32.85116,-117.2702,32.85,-117.28,0.9244962084118052,0.05,2020,366,366,1.0,18.5444043715847,24.258,3.1596218487394956,262.47304738562093,45.0,12.0,strictly prior MUR days at the same source pixel
MATLAHUAYL VRG,32.85116,-117.2702,32.85,-117.28,0.9244962084118052,0.05,2021,365,363,0.9945205479452055,17.78022038567493,23.038,1.3882698412698418,57.78169298245614,11.0,7.0,strictly prior MUR days at the same source pixel
MONASTERY_DC UCSC,36.52542,-121.9333,36.53,-121.93,0.5884765389581005,0.05,2002,214,214,1.0,13.089275700934577,14.661,,,,,strictly prior MUR days at the same source pixel
MONASTERY_DC UCSC,36.52542,-121.9333,36.53,-121.93,0.5884765389581005,0.05,2003,365,365,1.0,13.386169863013697,17.206,,,,,strictly prior MUR days at the same source pixel
MONASTERY_DC UCSC,36.52542,-121.9333,36.53,-121.93,0.5884765389581005,0.05,2004,366,366,1.0,13.13628142076503,15.848,1.7704999999999995,151.12649999999996,23.0,6.0,strictly prior MUR days at the same source pixel
MONASTERY_DC UCSC,36.52542,-121.9333,36.53,-121.93,0.5884765389581005,0.05,2005,365,364,0.9972602739726028,13.345744505494507,15.483,2.7047857142857135,226.508,24.0,11.0,strictly prior MUR days at the same source pixel
MONASTERY_DC UCSC,36.52542,-121.9333,36.53,-121.93,0.5884765389581005,0.05,2006,365,365,1.0,13.519369863013697,16.734,2.370392857142858,232.28316666666663,109.0,59.0,strictly prior MUR days at the same source pixel
MONASTERY_DC UCSC,36.52542,-121.9333,36.53,-121.93,0.5884765389581005,0.05,2007,365,365,1.0,12.744438356164384,17.168,1.4781714285714287,66.13310000000001,21.0,12.0,strictly prior MUR days at the same source pixel
MONASTERY_DC UCSC,36.52542,-121.9333,36.53,-121.93,0.5884765389581005,0.05,2008,366,366,1.0,12.580770491803278,16.656,2.460380952380953,90.93316666666668,48.0,34.0,strictly prior MUR days at the same source pixel
MONASTERY_DC UCSC,36.52542,-121.9333,36.53,-121.93,0.5884765389581005,0.05,2009,365,365,1.0,12.85230410958904,15.337,2.5173265306122445,106.16985714285715,11.0,3.0,strictly prior MUR days at the same source pixel
MONASTERY_DC UCSC,36.52542,-121.9333,36.53,-121.93,0.5884765389581005,0.05,2010,365,365,1.0,12.993893150684931,15.233,1.303017857142857,130.23167857142857,4.0,4.0,strictly prior MUR days at the same source pixel
MONASTERY_DC UCSC,36.52542,-121.9333,36.53,-121.93,0.5884765389581005,0.05,2011,365,365,1.0,12.956115068493151,15.912,1.9230000000000003,94.88194444444446,39.0,28.0,strictly prior MUR days at the same source pixel
MONASTERY_DC UCSC,36.52542,-121.9333,36.53,-121.93,0.5884765389581005,0.05,2012,366,366,1.0,13.003019125683059,16.33,2.0355428571428575,142.11377777777778,44.0,21.0,strictly prior MUR days at the same source pixel
MONASTERY_DC UCSC,36.52542,-121.9333,36.53,-121.93,0.5884765389581005,0.05,2013,365,365,1.0,12.83241095890411,15.208,1.8997012987012987,82.60925454545456,8.0,3.0,strictly prior MUR days at the same source pixel
MONASTERY_DC UCSC,36.52542,-121.9333,36.53,-121.93,0.5884765389581005,0.05,2014,365,365,1.0,14.597520547945203,18.099,3.4579404761904757,594.8923257575758,171.0,171.0,strictly prior MUR days at the same source pixel
MONASTERY_DC UCSC,36.52542,-121.9333,36.53,-121.93,0.5884765389581005,0.05,2015,365,365,1.0,14.821164383561644,18.42,3.632648351648352,630.8262435897436,138.0,131.0,strictly prior MUR days at the same source pixel
MONASTERY_DC UCSC,36.52542,-121.9333,36.53,-121.93,0.5884765389581005,0.05,2016,366,366,1.0,13.719385245901638,16.051000000000002,2.2171122448979594,258.24692490842494,36.0,9.0,strictly prior MUR days at the same source pixel
MONASTERY_DC UCSC,36.52542,-121.9333,36.53,-121.93,0.5884765389581005,0.05,2017,365,365,1.0,13.432794520547946,18.201,2.8791523809523807,155.65762857142857,47.0,36.0,strictly prior MUR days at the same source pixel
MONASTERY_DC UCSC,36.52542,-121.9333,36.53,-121.93,0.5884765389581005,0.05,2018,365,365,1.0,13.796463013698633,16.884999999999998,3.026857142857144,279.07123333333334,69.0,20.0,strictly prior MUR days at the same source pixel
MONASTERY_DC UCSC,36.52542,-121.9333,36.53,-121.93,0.5884765389581005,0.05,2019,365,365,1.0,13.894060273972604,16.792,2.424357142857143,260.5526470588236,32.0,14.0,strictly prior MUR days at the same source pixel
MONASTERY_DC UCSC,36.52542,-121.9333,36.53,-121.93,0.5884765389581005,0.05,2020,366,366,1.0,13.700677595628417,16.951999999999998,2.611840336134453,240.87833333333333,40.0,10.0,strictly prior MUR days at the same source pixel
MONASTERY_DC UCSC,36.52542,-121.9333,36.53,-121.93,0.5884765389581005,0.05,2021,365,363,0.9945205479452055,13.277027548209366,17.411,1.7154360902255639,134.21611988304093,58.0,28.0,strictly prior MUR days at the same source pixel
MONTANA_DE_ORO UCSC,35.23323,-120.8908,35.23,-120.89,0.3664364952437849,0.05,2002,214,214,1.0,13.662962616822428,15.358,,,,,strictly prior MUR days at the same source pixel
MONTANA_DE_ORO UCSC,35.23323,-120.8908,35.23,-120.89,0.3664364952437849,0.05,2003,365,365,1.0,13.374509589041095,16.689999999999998,,,,,strictly prior MUR days at the same source pixel
MONTANA_DE_ORO UCSC,35.23323,-120.8908,35.23,-120.89,0.3664364952437849,0.05,2004,366,366,1.0,13.472688524590167,17.66,3.1904999999999992,216.5635,59.0,30.0,strictly prior MUR days at the same source pixel
MONTANA_DE_ORO UCSC,35.23323,-120.8908,35.23,-120.89,0.3664364952437849,0.05,2005,365,364,0.9972602739726028,13.406041208791212,15.835,2.5877857142857144,188.96616666666665,16.0,10.0,strictly prior MUR days at the same source pixel
MONTANA_DE_ORO UCSC,35.23323,-120.8908,35.23,-120.89,0.3664364952437849,0.05,2006,365,365,1.0,13.806852054794522,17.612000000000002,2.994821428571427,271.9744166666666,105.0,63.0,strictly prior MUR days at the same source pixel
MONTANA_DE_ORO UCSC,35.23323,-120.8908,35.23,-120.89,0.3664364952437849,0.05,2007,365,365,1.0,13.199416438356165,17.116,1.8716857142857142,84.88200000000003,17.0,13.0,strictly prior MUR days at the same source pixel
MONTANA_DE_ORO UCSC,35.23323,-120.8908,35.23,-120.89,0.3664364952437849,0.05,2008,366,366,1.0,13.321281420765027,16.761,1.8180476190476198,164.8939333333333,73.0,18.0,strictly prior MUR days at the same source pixel
MONTANA_DE_ORO UCSC,35.23323,-120.8908,35.23,-120.89,0.3664364952437849,0.05,2009,365,365,1.0,13.549783561643837,16.563000000000002,2.803265306122449,170.74457142857142,44.0,11.0,strictly prior MUR days at the same source pixel
MONTANA_DE_ORO UCSC,35.23323,-120.8908,35.23,-120.89,0.3664364952437849,0.05,2010,365,365,1.0,13.237197260273973,15.98,1.4653265306122447,113.4809107142857,4.0,3.0,strictly prior MUR days at the same source pixel
MONTANA_DE_ORO UCSC,35.23323,-120.8908,35.23,-120.89,0.3664364952437849,0.05,2011,365,365,1.0,13.47572876712329,16.886,1.6387301587301586,125.12551388888892,42.0,15.0,strictly prior MUR days at the same source pixel
MONTANA_DE_ORO UCSC,35.23323,-120.8908,35.23,-120.89,0.3664364952437849,0.05,2012,366,366,1.0,13.602442622950822,17.971,2.7682142857142855,192.47325555555557,72.0,25.0,strictly prior MUR days at the same source pixel
MONTANA_DE_ORO UCSC,35.23323,-120.8908,35.23,-120.89,0.3664364952437849,0.05,2013,365,365,1.0,13.653008219178082,16.647,2.8422597402597405,177.74751818181818,36.0,10.0,strictly prior MUR days at the same source pixel
MONTANA_DE_ORO UCSC,35.23323,-120.8908,35.23,-120.89,0.3664364952437849,0.05,2014,365,365,1.0,15.129024657534249,20.145,5.024988095238095,627.1657575757575,173.0,85.0,strictly prior MUR days at the same source pixel
MONTANA_DE_ORO UCSC,35.23323,-120.8908,35.23,-120.89,0.3664364952437849,0.05,2015,365,365,1.0,15.634153424657535,20.446,4.517593406593406,755.9298717948718,146.0,127.0,strictly prior MUR days at the same source pixel
MONTANA_DE_ORO UCSC,35.23323,-120.8908,35.23,-120.89,0.3664364952437849,0.05,2016,366,366,1.0,14.20975136612022,16.698,1.9718131868131874,232.51629304029302,30.0,7.0,strictly prior MUR days at the same source pixel
MONTANA_DE_ORO UCSC,35.23323,-120.8908,35.23,-120.89,0.3664364952437849,0.05,2017,365,365,1.0,14.241649315068495,18.422,2.794542857142857,241.72072857142862,72.0,38.0,strictly prior MUR days at the same source pixel
MONTANA_DE_ORO UCSC,35.23323,-120.8908,35.23,-120.89,0.3664364952437849,0.05,2018,365,365,1.0,14.47168493150685,17.945999999999998,3.285848214285714,309.912775,92.0,31.0,strictly prior MUR days at the same source pixel
MONTANA_DE_ORO UCSC,35.23323,-120.8908,35.23,-120.89,0.3664364952437849,0.05,2019,365,365,1.0,14.19406575342466,16.898,1.9246134453781512,213.3908382352941,21.0,8.0,strictly prior MUR days at the same source pixel
MONTANA_DE_ORO UCSC,35.23323,-120.8908,35.23,-120.89,0.3664364952437849,0.05,2020,366,366,1.0,14.212008196721312,17.72,2.107168067226891,247.45379738562087,69.0,28.0,strictly prior MUR days at the same source pixel
MONTANA_DE_ORO UCSC,35.23323,-120.8908,35.23,-120.89,0.3664364952437849,0.05,2021,365,363,0.9945205479452055,13.554707988980716,16.919,1.9500150375939849,99.4692865497076,34.0,15.0,strictly prior MUR days at the same source pixel
MacKerricher North,39.4928,-123.802,39.49,-123.81,0.7537953554521817,0.05,2002,214,214,1.0,11.670467289719626,13.583,,,,,strictly prior MUR days at the same source pixel
MacKerricher North,39.4928,-123.802,39.49,-123.81,0.7537953554521817,0.05,2003,365,365,1.0,11.620994520547946,14.848,,,,,strictly prior MUR days at the same source pixel
MacKerricher North,39.4928,-123.802,39.49,-123.81,0.7537953554521817,0.05,2004,366,366,1.0,11.992562841530056,15.381,2.937642857142858,241.27650000000003,97.0,45.0,strictly prior MUR days at the same source pixel
MacKerricher North,39.4928,-123.802,39.49,-123.81,0.7537953554521817,0.05,2005,365,365,1.0,11.99646575342466,13.757,2.9404285714285714,203.11249999999998,49.0,13.0,strictly prior MUR days at the same source pixel
MacKerricher North,39.4928,-123.802,39.49,-123.81,0.7537953554521817,0.05,2006,365,365,1.0,12.06417808219178,14.342,2.562,203.78941666666665,64.0,25.0,strictly prior MUR days at the same source pixel
MacKerricher North,39.4928,-123.802,39.49,-123.81,0.7537953554521817,0.05,2007,365,365,1.0,11.515221917808221,15.341,3.3077142857142863,167.98784999999998,69.0,36.0,strictly prior MUR days at the same source pixel
MacKerricher North,39.4928,-123.802,39.49,-123.81,0.7537953554521817,0.05,2008,366,366,1.0,10.891827868852458,15.045,2.5840238095238095,87.28483333333332,40.0,27.0,strictly prior MUR days at the same source pixel
MacKerricher North,39.4928,-123.802,39.49,-123.81,0.7537953554521817,0.05,2009,365,365,1.0,11.237654794520546,15.092,2.479959183673469,103.89454761904761,30.0,11.0,strictly prior MUR days at the same source pixel
MacKerricher North,39.4928,-123.802,39.49,-123.81,0.7537953554521817,0.05,2010,365,365,1.0,11.350731506849314,14.287,1.5808035714285713,123.03705357142857,9.0,9.0,strictly prior MUR days at the same source pixel
MacKerricher North,39.4928,-123.802,39.49,-123.81,0.7537953554521817,0.05,2011,365,365,1.0,11.266290410958904,14.145,1.6209047619047616,81.06931944444446,33.0,9.0,strictly prior MUR days at the same source pixel
MacKerricher North,39.4928,-123.802,39.49,-123.81,0.7537953554521817,0.05,2012,366,366,1.0,11.549672131147542,15.356,3.1550000000000002,190.41035555555558,79.0,45.0,strictly prior MUR days at the same source pixel
MacKerricher North,39.4928,-123.802,39.49,-123.81,0.7537953554521817,0.05,2013,365,365,1.0,11.449876712328766,16.261,3.790259740259741,183.22204545454542,60.0,22.0,strictly prior MUR days at the same source pixel
MacKerricher North,39.4928,-123.802,39.49,-123.81,0.7537953554521817,0.05,2014,365,365,1.0,13.128797260273974,17.104,4.184809523809524,609.1056060606061,154.0,76.0,strictly prior MUR days at the same source pixel
MacKerricher North,39.4928,-123.802,39.49,-123.81,0.7537953554521817,0.05,2015,365,365,1.0,12.951378082191782,16.884,4.031604395604396,518.908564102564,134.0,43.0,strictly prior MUR days at the same source pixel
MacKerricher North,39.4928,-123.802,39.49,-123.81,0.7537953554521817,0.05,2016,366,366,1.0,12.354745901639342,15.141,2.5475054945054945,308.1991538461539,36.0,25.0,strictly prior MUR days at the same source pixel
MacKerricher North,39.4928,-123.802,39.49,-123.81,0.7537953554521817,0.05,2017,365,365,1.0,12.119336986301372,16.439999999999998,2.427295238095238,227.10332380952377,48.0,20.0,strictly prior MUR days at the same source pixel
MacKerricher North,39.4928,-123.802,39.49,-123.81,0.7537953554521817,0.05,2018,365,365,1.0,12.059616438356166,15.556,2.379410714285714,211.32224166666666,31.0,12.0,strictly prior MUR days at the same source pixel
MacKerricher North,39.4928,-123.802,39.49,-123.81,0.7537953554521817,0.05,2019,365,365,1.0,12.358750684931508,16.715,2.9688319327731096,281.60919117647063,68.0,26.0,strictly prior MUR days at the same source pixel
MacKerricher North,39.4928,-123.802,39.49,-123.81,0.7537953554521817,0.05,2020,366,366,1.0,12.200412568306012,18.103,4.847404761904762,283.9122009803922,56.0,45.0,strictly prior MUR days at the same source pixel
MacKerricher North,39.4928,-123.802,39.49,-123.81,0.7537953554521817,0.05,2021,365,363,0.9945205479452055,11.649548209366392,14.463,2.072030075187969,129.18756140350877,32.0,8.0,strictly prior MUR days at the same source pixel
Mendocino Headlands,39.30528,-123.811,39.3,-123.81,0.5933816193275327,0.05,2002,214,214,1.0,11.684663551401869,13.936,,,,,strictly prior MUR days at the same source pixel
Mendocino Headlands,39.30528,-123.811,39.3,-123.81,0.5933816193275327,0.05,2003,365,365,1.0,11.585013698630137,14.6,,,,,strictly prior MUR days at the same source pixel
Mendocino Headlands,39.30528,-123.811,39.3,-123.81,0.5933816193275327,0.05,2004,366,366,1.0,11.970551912568306,15.932,3.3842857142857143,249.5445,86.0,39.0,strictly prior MUR days at the same source pixel
Mendocino Headlands,39.30528,-123.811,39.3,-123.81,0.5933816193275327,0.05,2005,365,365,1.0,11.990402739726026,13.66,2.943571428571429,208.97033333333334,54.0,18.0,strictly prior MUR days at the same source pixel
Mendocino Headlands,39.30528,-123.811,39.3,-123.81,0.5933816193275327,0.05,2006,365,365,1.0,12.07005205479452,14.361,2.789285714285714,224.56108333333333,85.0,25.0,strictly prior MUR days at the same source pixel
Mendocino Headlands,39.30528,-123.811,39.3,-123.81,0.5933816193275327,0.05,2007,365,365,1.0,11.534909589041096,15.586,3.1407999999999996,171.59664999999998,69.0,36.0,strictly prior MUR days at the same source pixel
Mendocino Headlands,39.30528,-123.811,39.3,-123.81,0.5933816193275327,0.05,2008,366,366,1.0,10.895071038251366,14.58,2.2367142857142857,92.47313333333332,38.0,26.0,strictly prior MUR days at the same source pixel
Mendocino Headlands,39.30528,-123.811,39.3,-123.81,0.5933816193275327,0.05,2009,365,365,1.0,11.272312328767123,15.289,2.4625306122448984,110.80011904761906,33.0,20.0,strictly prior MUR days at the same source pixel
Mendocino Headlands,39.30528,-123.811,39.3,-123.81,0.5933816193275327,0.05,2010,365,365,1.0,11.340005479452055,13.813,1.6266326530612238,121.8905357142857,6.0,4.0,strictly prior MUR days at the same source pixel
Mendocino Headlands,39.30528,-123.811,39.3,-123.81,0.5933816193275327,0.05,2011,365,365,1.0,11.30098904109589,14.429,1.908507936507937,86.32747222222223,25.0,10.0,strictly prior MUR days at the same source pixel
Mendocino Headlands,39.30528,-123.811,39.3,-123.81,0.5933816193275327,0.05,2012,366,366,1.0,11.614071038251366,15.509,3.1385857142857145,202.4540555555556,83.0,46.0,strictly prior MUR days at the same source pixel
Mendocino Headlands,39.30528,-123.811,39.3,-123.81,0.5933816193275327,0.05,2013,365,365,1.0,11.551610958904108,16.060000000000002,3.4377922077922065,188.86899090909088,64.0,23.0,strictly prior MUR days at the same source pixel
Mendocino Headlands,39.30528,-123.811,39.3,-123.81,0.5933816193275327,0.05,2014,365,365,1.0,13.232298630136988,17.351,4.127249999999998,639.921159090909,155.0,75.0,strictly prior MUR days at the same source pixel
Mendocino Headlands,39.30528,-123.811,39.3,-123.81,0.5933816193275327,0.05,2015,365,365,1.0,13.025449315068496,16.778,4.165098901098902,538.1693269230769,130.0,70.0,strictly prior MUR days at the same source pixel
Mendocino Headlands,39.30528,-123.811,39.3,-123.81,0.5933816193275327,0.05,2016,366,366,1.0,12.347535519125683,15.126,2.471175824175824,295.458358974359,34.0,18.0,strictly prior MUR days at the same source pixel
Mendocino Headlands,39.30528,-123.811,39.3,-123.81,0.5933816193275327,0.05,2017,365,365,1.0,12.199191780821918,16.305999999999997,2.4679619047619044,240.2782714285714,56.0,20.0,strictly prior MUR days at the same source pixel
Mendocino Headlands,39.30528,-123.811,39.3,-123.81,0.5933816193275327,0.05,2018,365,365,1.0,12.193147945205478,15.974,2.900017857142857,239.98988333333335,39.0,15.0,strictly prior MUR days at the same source pixel
Mendocino Headlands,39.30528,-123.811,39.3,-123.81,0.5933816193275327,0.05,2019,365,365,1.0,12.441465753424659,16.648,2.8500336134453783,288.72501838235297,71.0,27.0,strictly prior MUR days at the same source pixel
Mendocino Headlands,39.30528,-123.811,39.3,-123.81,0.5933816193275327,0.05,2020,366,366,1.0,12.19168032786885,17.997,4.653373015873016,272.96117647058827,58.0,45.0,strictly prior MUR days at the same source pixel
Mendocino Headlands,39.30528,-123.811,39.3,-123.81,0.5933816193275327,0.05,2021,365,363,0.9945205479452055,11.658096418732782,14.563,2.0806541353383468,135.9726725146199,28.0,10.0,strictly prior MUR days at the same source pixel
Monument,38.9277,-123.735,38.93,-123.74,0.5024646531406397,0.05,2002,214,214,1.0,11.756443925233645,14.176,,,,,strictly prior MUR days at the same source pixel
Monument,38.9277,-123.735,38.93,-123.74,0.5024646531406397,0.05,2003,365,365,1.0,11.61553698630137,14.693,,,,,strictly prior MUR days at the same source pixel
Monument,38.9277,-123.735,38.93,-123.74,0.5024646531406397,0.05,2004,366,366,1.0,12.035994535519126,15.902,3.6948571428571433,244.382,74.0,20.0,strictly prior MUR days at the same source pixel
Monument,38.9277,-123.735,38.93,-123.74,0.5024646531406397,0.05,2005,365,365,1.0,12.120791780821918,13.875,3.333214285714285,224.71816666666666,57.0,23.0,strictly prior MUR days at the same source pixel
Monument,38.9277,-123.735,38.93,-123.74,0.5024646531406397,0.05,2006,365,365,1.0,12.129334246575343,15.372,2.804,204.95525,75.0,21.0,strictly prior MUR days at the same source pixel
Monument,38.9277,-123.735,38.93,-123.74,0.5024646531406397,0.05,2007,365,365,1.0,11.670901369863014,15.633,2.804114285714286,171.9815,69.0,36.0,strictly prior MUR days at the same source pixel
Monument,38.9277,-123.735,38.93,-123.74,0.5024646531406397,0.05,2008,366,366,1.0,11.092584699453553,14.828,2.37847619047619,108.30166666666668,39.0,26.0,strictly prior MUR days at the same source pixel
Monument,38.9277,-123.735,38.93,-123.74,0.5024646531406397,0.05,2009,365,365,1.0,11.492712328767123,15.61,2.635061224489796,133.1577142857143,38.0,20.0,strictly prior MUR days at the same source pixel
Monument,38.9277,-123.735,38.93,-123.74,0.5024646531406397,0.05,2010,365,365,1.0,11.54347397260274,13.941,1.9966964285714286,113.41796428571432,4.0,2.0,strictly prior MUR days at the same source pixel
Monument,38.9277,-123.735,38.93,-123.74,0.5024646531406397,0.05,2011,365,365,1.0,11.379964383561644,15.202,2.295349206349207,74.91041666666666,35.0,13.0,strictly prior MUR days at the same source pixel
Monument,38.9277,-123.735,38.93,-123.74,0.5024646531406397,0.05,2012,366,366,1.0,11.563245901639343,14.999,2.399414285714286,169.67634444444448,80.0,24.0,strictly prior MUR days at the same source pixel
Monument,38.9277,-123.735,38.93,-123.74,0.5024646531406397,0.05,2013,365,365,1.0,11.6946,15.822,3.0408961038961038,185.68712727272728,70.0,25.0,strictly prior MUR days at the same source pixel
Monument,38.9277,-123.735,38.93,-123.74,0.5024646531406397,0.05,2014,365,365,1.0,13.379512328767124,17.659,4.408892857142855,648.1764242424242,157.0,140.0,strictly prior MUR days at the same source pixel
Monument,38.9277,-123.735,38.93,-123.74,0.5024646531406397,0.05,2015,365,365,1.0,13.202608219178083,16.597,4.238791208791208,551.8465897435897,138.0,46.0,strictly prior MUR days at the same source pixel
Monument,38.9277,-123.735,38.93,-123.74,0.5024646531406397,0.05,2016,366,366,1.0,12.453341530054647,15.326,2.4144615384615378,297.53281501831503,33.0,18.0,strictly prior MUR days at the same source pixel
Monument,38.9277,-123.735,38.93,-123.74,0.5024646531406397,0.05,2017,365,365,1.0,12.32835616438356,16.081,2.3344285714285715,235.19450000000003,56.0,20.0,strictly prior MUR days at the same source pixel
Monument,38.9277,-123.735,38.93,-123.74,0.5024646531406397,0.05,2018,365,365,1.0,12.336172602739724,15.741,2.1964017857142855,240.75861250000003,38.0,11.0,strictly prior MUR days at the same source pixel
Monument,38.9277,-123.735,38.93,-123.74,0.5024646531406397,0.05,2019,365,365,1.0,12.575468493150684,16.732,2.866655462184874,292.4216654411765,68.0,27.0,strictly prior MUR days at the same source pixel
Monument,38.9277,-123.735,38.93,-123.74,0.5024646531406397,0.05,2020,366,366,1.0,12.207603825136612,16.856,3.4890952380952385,229.86525816993463,56.0,50.0,strictly prior MUR days at the same source pixel
Monument,38.9277,-123.735,38.93,-123.74,0.5024646531406397,0.05,2021,365,363,0.9945205479452055,11.78789531680441,14.633,2.004300751879699,145.0917192982456,32.0,8.0,strictly prior MUR days at the same source pixel
NAPLES_CEN UCSB,34.42185,-119.9515,34.42,-119.95,0.247482416921891,0.05,2002,214,214,1.0,15.448831775700935,17.872,,,,,strictly prior MUR days at the same source pixel
NAPLES_CEN UCSB,34.42185,-119.9515,34.42,-119.95,0.247482416921891,0.05,2003,365,364,0.9972602739726028,14.999788461538463,19.804,,,,,strictly prior MUR days at the same source pixel
NAPLES_CEN UCSB,34.42185,-119.9515,34.42,-119.95,0.247482416921891,0.05,2004,366,366,1.0,15.483866120218577,20.87,4.777714285714285,396.8705,79.0,44.0,strictly prior MUR days at the same source pixel
NAPLES_CEN UCSB,34.42185,-119.9515,34.42,-119.95,0.247482416921891,0.05,2005,365,364,0.9972602739726028,15.121648351648352,18.63,2.2490714285714284,179.43416666666667,41.0,29.0,strictly prior MUR days at the same source pixel
NAPLES_CEN UCSB,34.42185,-119.9515,34.42,-119.95,0.247482416921891,0.05,2006,365,365,1.0,15.582191780821917,21.445,3.2518928571428574,311.5045,62.0,42.0,strictly prior MUR days at the same source pixel
NAPLES_CEN UCSB,34.42185,-119.9515,34.42,-119.95,0.247482416921891,0.05,2007,365,365,1.0,14.954638356164384,19.74,2.0141142857142857,144.81764999999996,43.0,26.0,strictly prior MUR days at the same source pixel
NAPLES_CEN UCSB,34.42185,-119.9515,34.42,-119.95,0.247482416921891,0.05,2008,366,366,1.0,15.303377049180328,19.896,2.6149523809523805,206.13083333333333,79.0,49.0,strictly prior MUR days at the same source pixel
NAPLES_CEN UCSB,34.42185,-119.9515,34.42,-119.95,0.247482416921891,0.05,2009,365,365,1.0,15.434802739726026,19.523,2.426816326530612,205.7916238095238,58.0,38.0,strictly prior MUR days at the same source pixel
NAPLES_CEN UCSB,34.42185,-119.9515,34.42,-119.95,0.247482416921891,0.05,2010,365,365,1.0,14.682936986301373,18.638,1.6259795918367352,113.74806547619049,5.0,3.0,strictly prior MUR days at the same source pixel
NAPLES_CEN UCSB,34.42185,-119.9515,34.42,-119.95,0.247482416921891,0.05,2011,365,365,1.0,14.673865753424659,19.298,2.4754126984126983,66.65143253968256,8.0,7.0,strictly prior MUR days at the same source pixel
NAPLES_CEN UCSB,34.42185,-119.9515,34.42,-119.95,0.247482416921891,0.05,2012,366,366,1.0,15.561650273224044,20.544,2.566242857142857,267.91038888888886,89.0,78.0,strictly prior MUR days at the same source pixel
NAPLES_CEN UCSB,34.42185,-119.9515,34.42,-119.95,0.247482416921891,0.05,2013,365,365,1.0,15.613197260273973,19.639,3.0636571428571417,252.58026060606062,41.0,14.0,strictly prior MUR days at the same source pixel
NAPLES_CEN UCSB,34.42185,-119.9515,34.42,-119.95,0.247482416921891,0.05,2014,365,365,1.0,16.87457808219178,21.267,3.979333333333334,637.5050696969697,161.0,114.0,strictly prior MUR days at the same source pixel
NAPLES_CEN UCSB,34.42185,-119.9515,34.42,-119.95,0.247482416921891,0.05,2015,365,365,1.0,17.340301369863013,22.977,5.155956043956045,750.9226515151515,110.0,109.0,strictly prior MUR days at the same source pixel
NAPLES_CEN UCSB,34.42185,-119.9515,34.42,-119.95,0.247482416921891,0.05,2016,366,366,1.0,16.185437158469945,20.282,2.5474285714285707,316.1808791208791,67.0,34.0,strictly prior MUR days at the same source pixel
NAPLES_CEN UCSB,34.42185,-119.9515,34.42,-119.95,0.247482416921891,0.05,2017,365,365,1.0,15.999219178082193,20.552,2.432542857142857,231.72202930402935,79.0,27.0,strictly prior MUR days at the same source pixel
NAPLES_CEN UCSB,34.42185,-119.9515,34.42,-119.95,0.247482416921891,0.05,2018,365,365,1.0,16.565013698630136,22.638,4.782633928571428,424.8807636904762,110.0,74.0,strictly prior MUR days at the same source pixel
NAPLES_CEN UCSB,34.42185,-119.9515,34.42,-119.95,0.247482416921891,0.05,2019,365,365,1.0,15.809917808219177,20.255,2.17418487394958,201.49585171568623,33.0,16.0,strictly prior MUR days at the same source pixel
NAPLES_CEN UCSB,34.42185,-119.9515,34.42,-119.95,0.247482416921891,0.05,2020,366,366,1.0,16.027554644808742,20.814,2.9139047619047616,278.26128267973854,44.0,26.0,strictly prior MUR days at the same source pixel
NAPLES_CEN UCSB,34.42185,-119.9515,34.42,-119.95,0.247482416921891,0.05,2021,365,363,0.9945205479452055,15.152848484848485,19.662,1.7789682539682539,90.0222134502924,11.0,10.0,strictly prior MUR days at the same source pixel
NAPLES_E UCSB,34.42333,-119.951,34.42,-119.95,0.3814714064583209,0.05,2002,214,214,1.0,15.448831775700935,17.872,,,,,strictly prior MUR days at the same source pixel
NAPLES_E UCSB,34.42333,-119.951,34.42,-119.95,0.3814714064583209,0.05,2003,365,364,0.9972602739726028,14.999788461538463,19.804,,,,,strictly prior MUR days at the same source pixel
NAPLES_E UCSB,34.42333,-119.951,34.42,-119.95,0.3814714064583209,0.05,2004,366,366,1.0,15.483866120218577,20.87,4.777714285714285,396.8705,79.0,44.0,strictly prior MUR days at the same source pixel
NAPLES_E UCSB,34.42333,-119.951,34.42,-119.95,0.3814714064583209,0.05,2005,365,364,0.9972602739726028,15.121648351648352,18.63,2.2490714285714284,179.43416666666667,41.0,29.0,strictly prior MUR days at the same source pixel
NAPLES_E UCSB,34.42333,-119.951,34.42,-119.95,0.3814714064583209,0.05,2006,365,365,1.0,15.582191780821917,21.445,3.2518928571428574,311.5045,62.0,42.0,strictly prior MUR days at the same source pixel
NAPLES_E UCSB,34.42333,-119.951,34.42,-119.95,0.3814714064583209,0.05,2007,365,365,1.0,14.954638356164384,19.74,2.0141142857142857,144.81764999999996,43.0,26.0,strictly prior MUR days at the same source pixel
NAPLES_E UCSB,34.42333,-119.951,34.42,-119.95,0.3814714064583209,0.05,2008,366,366,1.0,15.303377049180328,19.896,2.6149523809523805,206.13083333333333,79.0,49.0,strictly prior MUR days at the same source pixel
NAPLES_E UCSB,34.42333,-119.951,34.42,-119.95,0.3814714064583209,0.05,2009,365,365,1.0,15.434802739726026,19.523,2.426816326530612,205.7916238095238,58.0,38.0,strictly prior MUR days at the same source pixel
NAPLES_E UCSB,34.42333,-119.951,34.42,-119.95,0.3814714064583209,0.05,2010,365,365,1.0,14.682936986301373,18.638,1.6259795918367352,113.74806547619049,5.0,3.0,strictly prior MUR days at the same source pixel
NAPLES_E UCSB,34.42333,-119.951,34.42,-119.95,0.3814714064583209,0.05,2011,365,365,1.0,14.673865753424659,19.298,2.4754126984126983,66.65143253968256,8.0,7.0,strictly prior MUR days at the same source pixel
NAPLES_E UCSB,34.42333,-119.951,34.42,-119.95,0.3814714064583209,0.05,2012,366,366,1.0,15.561650273224044,20.544,2.566242857142857,267.91038888888886,89.0,78.0,strictly prior MUR days at the same source pixel
NAPLES_E UCSB,34.42333,-119.951,34.42,-119.95,0.3814714064583209,0.05,2013,365,365,1.0,15.613197260273973,19.639,3.0636571428571417,252.58026060606062,41.0,14.0,strictly prior MUR days at the same source pixel
NAPLES_E UCSB,34.42333,-119.951,34.42,-119.95,0.3814714064583209,0.05,2014,365,365,1.0,16.87457808219178,21.267,3.979333333333334,637.5050696969697,161.0,114.0,strictly prior MUR days at the same source pixel
NAPLES_E UCSB,34.42333,-119.951,34.42,-119.95,0.3814714064583209,0.05,2015,365,365,1.0,17.340301369863013,22.977,5.155956043956045,750.9226515151515,110.0,109.0,strictly prior MUR days at the same source pixel
NAPLES_E UCSB,34.42333,-119.951,34.42,-119.95,0.3814714064583209,0.05,2016,366,366,1.0,16.185437158469945,20.282,2.5474285714285707,316.1808791208791,67.0,34.0,strictly prior MUR days at the same source pixel
NAPLES_E UCSB,34.42333,-119.951,34.42,-119.95,0.3814714064583209,0.05,2017,365,365,1.0,15.999219178082193,20.552,2.432542857142857,231.72202930402935,79.0,27.0,strictly prior MUR days at the same source pixel
NAPLES_E UCSB,34.42333,-119.951,34.42,-119.95,0.3814714064583209,0.05,2018,365,365,1.0,16.565013698630136,22.638,4.782633928571428,424.8807636904762,110.0,74.0,strictly prior MUR days at the same source pixel
NAPLES_E UCSB,34.42333,-119.951,34.42,-119.95,0.3814714064583209,0.05,2019,365,365,1.0,15.809917808219177,20.255,2.17418487394958,201.49585171568623,33.0,16.0,strictly prior MUR days at the same source pixel
NAPLES_E UCSB,34.42333,-119.951,34.42,-119.95,0.3814714064583209,0.05,2020,366,366,1.0,16.027554644808742,20.814,2.9139047619047616,278.26128267973854,44.0,26.0,strictly prior MUR days at the same source pixel
NAPLES_E UCSB,34.42333,-119.951,34.42,-119.95,0.3814714064583209,0.05,2021,365,363,0.9945205479452055,15.152848484848485,19.662,1.7789682539682539,90.0222134502924,11.0,10.0,strictly prior MUR days at the same source pixel
NAPLES_W UCSB,34.42463,-119.9553,34.42,-119.96,0.6714932796852718,0.05,2002,214,214,1.0,15.44539719626168,17.863,,,,,strictly prior MUR days at the same source pixel
NAPLES_W UCSB,34.42463,-119.9553,34.42,-119.96,0.6714932796852718,0.05,2003,365,364,0.9972602739726028,14.99092307692308,19.797,,,,,strictly prior MUR days at the same source pixel
NAPLES_W UCSB,34.42463,-119.9553,34.42,-119.96,0.6714932796852718,0.05,2004,366,366,1.0,15.479409836065573,20.879,4.787500000000001,397.82050000000004,79.0,45.0,strictly prior MUR days at the same source pixel
NAPLES_W UCSB,34.42463,-119.9553,34.42,-119.96,0.6714932796852718,0.05,2005,365,364,0.9972602739726028,15.119796703296702,18.606,2.2964285714285717,180.97750000000002,39.0,27.0,strictly prior MUR days at the same source pixel
NAPLES_W UCSB,34.42463,-119.9553,34.42,-119.96,0.6714932796852718,0.05,2006,365,365,1.0,15.584142465753423,21.427,3.2816071428571414,313.47183333333334,64.0,42.0,strictly prior MUR days at the same source pixel
NAPLES_W UCSB,34.42463,-119.9553,34.42,-119.96,0.6714932796852718,0.05,2007,365,365,1.0,14.951594520547946,19.744,2.019771428571429,145.28235,40.0,24.0,strictly prior MUR days at the same source pixel
NAPLES_W UCSB,34.42463,-119.9553,34.42,-119.96,0.6714932796852718,0.05,2008,366,366,1.0,15.299043715846993,19.898,2.593452380952381,206.12996666666666,80.0,49.0,strictly prior MUR days at the same source pixel
NAPLES_W UCSB,34.42463,-119.9553,34.42,-119.96,0.6714932796852718,0.05,2009,365,365,1.0,15.427169863013697,19.512,2.4138979591836747,205.1622857142857,55.0,35.0,strictly prior MUR days at the same source pixel
NAPLES_W UCSB,34.42463,-119.9553,34.42,-119.96,0.6714932796852718,0.05,2010,365,365,1.0,14.675657534246575,18.608,1.606387755102041,112.30181547619051,5.0,3.0,strictly prior MUR days at the same source pixel
NAPLES_W UCSB,34.42463,-119.9553,34.42,-119.96,0.6714932796852718,0.05,2011,365,365,1.0,14.665950684931508,19.277,2.471380952380953,65.88819246031747,7.0,7.0,strictly prior MUR days at the same source pixel
NAPLES_W UCSB,34.42463,-119.9553,34.42,-119.96,0.6714932796852718,0.05,2012,366,366,1.0,15.558256830601094,20.54,2.5759714285714286,268.0178666666667,89.0,78.0,strictly prior MUR days at the same source pixel
NAPLES_W UCSB,34.42463,-119.9553,34.42,-119.96,0.6714932796852718,0.05,2013,365,365,1.0,15.604490410958903,19.656,3.0790857142857133,251.50235050505046,40.0,14.0,strictly prior MUR days at the same source pixel
NAPLES_W UCSB,34.42463,-119.9553,34.42,-119.96,0.6714932796852718,0.05,2014,365,365,1.0,16.87281369863014,21.307,3.991440476190476,638.7008727272727,160.0,114.0,strictly prior MUR days at the same source pixel
NAPLES_W UCSB,34.42463,-119.9553,34.42,-119.96,0.6714932796852718,0.05,2015,365,365,1.0,17.33789315068493,23.009,5.159714285714286,751.5457902097903,110.0,109.0,strictly prior MUR days at the same source pixel
NAPLES_W UCSB,34.42463,-119.9553,34.42,-119.96,0.6714932796852718,0.05,2016,366,366,1.0,16.177035519125685,20.28,2.5567912087912084,315.24849450549453,66.0,34.0,strictly prior MUR days at the same source pixel
NAPLES_W UCSB,34.42463,-119.9553,34.42,-119.96,0.6714932796852718,0.05,2017,365,365,1.0,15.98991232876712,20.528,2.422580952380952,230.55062600732603,78.0,27.0,strictly prior MUR days at the same source pixel
NAPLES_W UCSB,34.42463,-119.9553,34.42,-119.96,0.6714932796852718,0.05,2018,365,365,1.0,16.555742465753422,22.634,4.791919642857144,424.1437708333334,115.0,74.0,strictly prior MUR days at the same source pixel
NAPLES_W UCSB,34.42463,-119.9553,34.42,-119.96,0.6714932796852718,0.05,2019,365,365,1.0,15.801257534246577,20.248,2.162210084033614,200.80795416666666,33.0,16.0,strictly prior MUR days at the same source pixel
NAPLES_W UCSB,34.42463,-119.9553,34.42,-119.96,0.6714932796852718,0.05,2020,366,366,1.0,16.01949726775956,20.857,2.9458571428571436,277.9646797385621,44.0,26.0,strictly prior MUR days at the same source pixel
NAPLES_W UCSB,34.42463,-119.9553,34.42,-119.96,0.6714932796852718,0.05,2021,365,363,0.9945205479452055,15.146969696969695,19.632,1.7940158730158728,90.18504970760235,11.0,10.0,strictly prior MUR days at the same source pixel
NICHOLAS_CANYON_W VRG,34.03996,-118.9243,34.04,-118.92,0.3962333680082555,0.05,2002,214,214,1.0,16.737009345794394,19.48,,,,,strictly prior MUR days at the same source pixel
NICHOLAS_CANYON_W VRG,34.03996,-118.9243,34.04,-118.92,0.3962333680082555,0.05,2003,365,365,1.0,16.312372602739725,22.0,,,,,strictly prior MUR days at the same source pixel
NICHOLAS_CANYON_W VRG,34.03996,-118.9243,34.04,-118.92,0.3962333680082555,0.05,2004,366,366,1.0,16.665355191256833,21.939,4.414071428571428,335.51500000000004,58.0,33.0,strictly prior MUR days at the same source pixel
NICHOLAS_CANYON_W VRG,34.03996,-118.9243,34.04,-118.92,0.3962333680082555,0.05,2005,365,365,1.0,16.147717808219177,19.738,1.6524285714285711,126.68349999999998,30.0,10.0,strictly prior MUR days at the same source pixel
NICHOLAS_CANYON_W VRG,34.03996,-118.9243,34.04,-118.92,0.3962333680082555,0.05,2006,365,365,1.0,16.858334246575343,22.797,3.4530357142857153,350.5486666666667,81.0,71.0,strictly prior MUR days at the same source pixel
NICHOLAS_CANYON_W VRG,34.03996,-118.9243,34.04,-118.92,0.3962333680082555,0.05,2007,365,365,1.0,16.18320821917808,20.905,1.8609142857142855,106.68960000000003,62.0,49.0,strictly prior MUR days at the same source pixel
NICHOLAS_CANYON_W VRG,34.03996,-118.9243,34.04,-118.92,0.3962333680082555,0.05,2008,366,366,1.0,16.471292349726777,21.567,2.7974761904761904,194.36863333333338,75.0,54.0,strictly prior MUR days at the same source pixel
NICHOLAS_CANYON_W VRG,34.03996,-118.9243,34.04,-118.92,0.3962333680082555,0.05,2009,365,365,1.0,16.682665753424658,21.413,2.5169523809523815,205.79095238095235,59.0,31.0,strictly prior MUR days at the same source pixel
NICHOLAS_CANYON_W VRG,34.03996,-118.9243,34.04,-118.92,0.3962333680082555,0.05,2010,365,365,1.0,15.917682191780823,19.594,1.352816326530612,102.58255357142858,0.0,0.0,strictly prior MUR days at the same source pixel
NICHOLAS_CANYON_W VRG,34.03996,-118.9243,34.04,-118.92,0.3962333680082555,0.05,2011,365,365,1.0,15.969416438356163,19.778,2.002964285714286,68.48948611111112,3.0,2.0,strictly prior MUR days at the same source pixel
NICHOLAS_CANYON_W VRG,34.03996,-118.9243,34.04,-118.92,0.3962333680082555,0.05,2012,366,366,1.0,16.7878087431694,21.635,2.549542857142857,288.2650444444444,70.0,47.0,strictly prior MUR days at the same source pixel
NICHOLAS_CANYON_W VRG,34.03996,-118.9243,34.04,-118.92,0.3962333680082555,0.05,2013,365,365,1.0,16.764786301369863,20.723,2.897402597402599,236.43283636363637,30.0,14.0,strictly prior MUR days at the same source pixel
NICHOLAS_CANYON_W VRG,34.03996,-118.9243,34.04,-118.92,0.3962333680082555,0.05,2014,365,365,1.0,18.114383561643837,22.179,3.783416666666667,638.1311666666666,138.0,91.0,strictly prior MUR days at the same source pixel
NICHOLAS_CANYON_W VRG,34.03996,-118.9243,34.04,-118.92,0.3962333680082555,0.05,2015,365,365,1.0,18.382668493150685,23.058,4.379956043956044,685.2918076923077,110.0,84.0,strictly prior MUR days at the same source pixel
NICHOLAS_CANYON_W VRG,34.03996,-118.9243,34.04,-118.92,0.3962333680082555,0.05,2016,366,366,1.0,17.3644043715847,22.303,2.5962857142857145,307.4230879120879,66.0,44.0,strictly prior MUR days at the same source pixel
NICHOLAS_CANYON_W VRG,34.03996,-118.9243,34.04,-118.92,0.3962333680082555,0.05,2017,365,365,1.0,17.267454794520546,22.603,2.5250952380952394,244.32349999999997,58.0,27.0,strictly prior MUR days at the same source pixel
NICHOLAS_CANYON_W VRG,34.03996,-118.9243,34.04,-118.92,0.3962333680082555,0.05,2018,365,365,1.0,17.603386301369863,23.232,3.331285714285713,361.33370833333333,74.0,74.0,strictly prior MUR days at the same source pixel
NICHOLAS_CANYON_W VRG,34.03996,-118.9243,34.04,-118.92,0.3962333680082555,0.05,2019,365,365,1.0,17.057328767123284,22.118,1.8966134453781511,182.23036397058826,53.0,39.0,strictly prior MUR days at the same source pixel
NICHOLAS_CANYON_W VRG,34.03996,-118.9243,34.04,-118.92,0.3962333680082555,0.05,2020,366,366,1.0,17.301338797814207,23.03,2.8017478991596647,284.8809738562092,51.0,22.0,strictly prior MUR days at the same source pixel
NICHOLAS_CANYON_W VRG,34.03996,-118.9243,34.04,-118.92,0.3962333680082555,0.05,2021,365,363,0.9945205479452055,16.52829752066116,20.936,1.341872180451128,88.27556140350876,20.0,8.0,strictly prior MUR days at the same source pixel
NORTH_SAN_SIMEON UCSC,35.63504,-121.2116,35.64,-121.21,0.570166398107787,0.05,2002,214,214,1.0,13.26761214953271,15.119,,,,,strictly prior MUR days at the same source pixel
NORTH_SAN_SIMEON UCSC,35.63504,-121.2116,35.64,-121.21,0.570166398107787,0.05,2003,365,365,1.0,13.101416438356164,16.994999999999997,,,,,strictly prior MUR days at the same source pixel
NORTH_SAN_SIMEON UCSC,35.63504,-121.2116,35.64,-121.21,0.570166398107787,0.05,2004,366,366,1.0,13.200513661202185,16.765,2.6364285714285716,218.101,67.0,29.0,strictly prior MUR days at the same source pixel
NORTH_SAN_SIMEON UCSC,35.63504,-121.2116,35.64,-121.21,0.570166398107787,0.05,2005,365,364,0.9972602739726028,13.191392857142858,15.806,2.3498571428571435,203.613,16.0,16.0,strictly prior MUR days at the same source pixel
NORTH_SAN_SIMEON UCSC,35.63504,-121.2116,35.64,-121.21,0.570166398107787,0.05,2006,365,365,1.0,13.683205479452054,17.573999999999998,2.8317619047619047,312.15525,106.0,50.0,strictly prior MUR days at the same source pixel
NORTH_SAN_SIMEON UCSC,35.63504,-121.2116,35.64,-121.21,0.570166398107787,0.05,2007,365,365,1.0,12.87843835616438,16.533,1.847,78.75134999999999,13.0,10.0,strictly prior MUR days at the same source pixel
NORTH_SAN_SIMEON UCSC,35.63504,-121.2116,35.64,-121.21,0.570166398107787,0.05,2008,366,366,1.0,13.004284153005464,17.147,2.28397619047619,172.92333333333335,68.0,40.0,strictly prior MUR days at the same source pixel
NORTH_SAN_SIMEON UCSC,35.63504,-121.2116,35.64,-121.21,0.570166398107787,0.05,2009,365,365,1.0,13.315476712328769,16.502000000000002,3.028571428571429,183.8825476190476,33.0,8.0,strictly prior MUR days at the same source pixel
NORTH_SAN_SIMEON UCSC,35.63504,-121.2116,35.64,-121.21,0.570166398107787,0.05,2010,365,365,1.0,13.161591780821917,15.583,1.4063469387755099,131.08989285714284,4.0,2.0,strictly prior MUR days at the same source pixel
NORTH_SAN_SIMEON UCSC,35.63504,-121.2116,35.64,-121.21,0.570166398107787,0.05,2011,365,365,1.0,13.345734246575343,16.529,1.7893035714285708,143.52891666666667,53.0,17.0,strictly prior MUR days at the same source pixel
NORTH_SAN_SIMEON UCSC,35.63504,-121.2116,35.64,-121.21,0.570166398107787,0.05,2012,366,366,1.0,13.375174863387976,17.322,2.4288,194.7717222222222,68.0,36.0,strictly prior MUR days at the same source pixel
NORTH_SAN_SIMEON UCSC,35.63504,-121.2116,35.64,-121.21,0.570166398107787,0.05,2013,365,365,1.0,13.347386301369864,16.168,3.087441558441558,156.55384545454547,37.0,16.0,strictly prior MUR days at the same source pixel
NORTH_SAN_SIMEON UCSC,35.63504,-121.2116,35.64,-121.21,0.570166398107787,0.05,2014,365,365,1.0,14.989736986301372,18.929,4.151964285714285,667.685,175.0,175.0,strictly prior MUR days at the same source pixel
NORTH_SAN_SIMEON UCSC,35.63504,-121.2116,35.64,-121.21,0.570166398107787,0.05,2015,365,365,1.0,15.36356712328767,19.866,4.350945054945055,741.7860833333334,145.0,135.0,strictly prior MUR days at the same source pixel
NORTH_SAN_SIMEON UCSC,35.63504,-121.2116,35.64,-121.21,0.570166398107787,0.05,2016,366,366,1.0,14.014445355191258,16.866999999999997,2.656835164835165,254.32793956043955,31.0,8.0,strictly prior MUR days at the same source pixel
NORTH_SAN_SIMEON UCSC,35.63504,-121.2116,35.64,-121.21,0.570166398107787,0.05,2017,365,365,1.0,13.926783561643836,18.854,3.262800000000001,221.66020952380953,52.0,35.0,strictly prior MUR days at the same source pixel
NORTH_SAN_SIMEON UCSC,35.63504,-121.2116,35.64,-121.21,0.570166398107787,0.05,2018,365,365,1.0,14.181005479452056,17.522,3.2355089285714276,297.67596249999997,76.0,28.0,strictly prior MUR days at the same source pixel
NORTH_SAN_SIMEON UCSC,35.63504,-121.2116,35.64,-121.21,0.570166398107787,0.05,2019,365,365,1.0,13.94308767123288,16.378999999999998,2.45309243697479,219.31333455882356,20.0,5.0,strictly prior MUR days at the same source pixel
NORTH_SAN_SIMEON UCSC,35.63504,-121.2116,35.64,-121.21,0.570166398107787,0.05,2020,366,366,1.0,13.977245901639346,17.525,2.387420634920635,234.20792973856206,64.0,27.0,strictly prior MUR days at the same source pixel
NORTH_SAN_SIMEON UCSC,35.63504,-121.2116,35.64,-121.21,0.570166398107787,0.05,2021,365,363,0.9945205479452055,13.477181818181817,17.62,2.0360075187969926,128.6863479532164,51.0,31.0,strictly prior MUR days at the same source pixel
OTTER_PT_DC UCSC,36.63648,-121.9212,36.64,-121.92,0.4057871338834966,0.05,2002,214,214,1.0,13.18765887850467,14.956,,,,,strictly prior MUR days at the same source pixel
OTTER_PT_DC UCSC,36.63648,-121.9212,36.64,-121.92,0.4057871338834966,0.05,2003,365,365,1.0,13.45851506849315,17.055,,,,,strictly prior MUR days at the same source pixel
OTTER_PT_DC UCSC,36.63648,-121.9212,36.64,-121.92,0.4057871338834966,0.05,2004,366,366,1.0,13.240871584699455,15.83,1.899428571428571,148.0785,24.0,18.0,strictly prior MUR days at the same source pixel
OTTER_PT_DC UCSC,36.63648,-121.9212,36.64,-121.92,0.4057871338834966,0.05,2005,365,365,1.0,13.43314794520548,15.434,2.3938571428571436,214.04233333333335,30.0,10.0,strictly prior MUR days at the same source pixel
OTTER_PT_DC UCSC,36.63648,-121.9212,36.64,-121.92,0.4057871338834966,0.05,2006,365,365,1.0,13.573567123287669,16.921,2.3787499999999997,214.43991666666668,103.0,52.0,strictly prior MUR days at the same source pixel
OTTER_PT_DC UCSC,36.63648,-121.9212,36.64,-121.92,0.4057871338834966,0.05,2007,365,365,1.0,12.839523287671234,17.146,1.6119428571428578,66.8139,22.0,12.0,strictly prior MUR days at the same source pixel
OTTER_PT_DC UCSC,36.63648,-121.9212,36.64,-121.92,0.4057871338834966,0.05,2008,366,366,1.0,12.69257650273224,16.641,2.4442857142857144,88.01796666666665,54.0,32.0,strictly prior MUR days at the same source pixel
OTTER_PT_DC UCSC,36.63648,-121.9212,36.64,-121.92,0.4057871338834966,0.05,2009,365,365,1.0,12.900134246575345,15.748,2.3982040816326538,96.30754761904761,12.0,4.0,strictly prior MUR days at the same source pixel
OTTER_PT_DC UCSC,36.63648,-121.9212,36.64,-121.92,0.4057871338834966,0.05,2010,365,365,1.0,13.069575342465754,15.241,1.1780816326530614,120.86844642857143,4.0,4.0,strictly prior MUR days at the same source pixel
OTTER_PT_DC UCSC,36.63648,-121.9212,36.64,-121.92,0.4057871338834966,0.05,2011,365,365,1.0,12.990599999999999,15.943,1.91084126984127,91.26012500000002,40.0,30.0,strictly prior MUR days at the same source pixel
OTTER_PT_DC UCSC,36.63648,-121.9212,36.64,-121.92,0.4057871338834966,0.05,2012,366,366,1.0,13.040180327868853,16.098,2.064857142857143,131.72183333333334,35.0,21.0,strictly prior MUR days at the same source pixel
OTTER_PT_DC UCSC,36.63648,-121.9212,36.64,-121.92,0.4057871338834966,0.05,2013,365,365,1.0,12.913493150684932,15.235,1.745649350649351,76.16091818181818,12.0,4.0,strictly prior MUR days at the same source pixel
OTTER_PT_DC UCSC,36.63648,-121.9212,36.64,-121.92,0.4057871338834966,0.05,2014,365,365,1.0,14.628202739726028,18.409,3.433940476190476,579.2086212121212,172.0,172.0,strictly prior MUR days at the same source pixel
OTTER_PT_DC UCSC,36.63648,-121.9212,36.64,-121.92,0.4057871338834966,0.05,2015,365,365,1.0,14.817558904109587,18.383,3.438692307692307,603.8966858974359,130.0,128.0,strictly prior MUR days at the same source pixel
OTTER_PT_DC UCSC,36.63648,-121.9212,36.64,-121.92,0.4057871338834966,0.05,2016,366,366,1.0,13.787803278688523,16.052999999999997,2.1006632653061224,259.79650366300365,39.0,18.0,strictly prior MUR days at the same source pixel
OTTER_PT_DC UCSC,36.63648,-121.9212,36.64,-121.92,0.4057871338834966,0.05,2017,365,365,1.0,13.47284109589041,18.03,2.7526476190476203,154.8003523809524,49.0,42.0,strictly prior MUR days at the same source pixel
OTTER_PT_DC UCSC,36.63648,-121.9212,36.64,-121.92,0.4057871338834966,0.05,2018,365,365,1.0,13.83931780821918,16.924,3.0806964285714287,276.4108,66.0,25.0,strictly prior MUR days at the same source pixel
OTTER_PT_DC UCSC,36.63648,-121.9212,36.64,-121.92,0.4057871338834966,0.05,2019,365,365,1.0,13.903312328767123,16.591,2.458142857142857,244.724875,32.0,14.0,strictly prior MUR days at the same source pixel
OTTER_PT_DC UCSC,36.63648,-121.9212,36.64,-121.92,0.4057871338834966,0.05,2020,366,366,1.0,13.842639344262297,17.141,2.473588235294117,253.29978758169932,45.0,12.0,strictly prior MUR days at the same source pixel
OTTER_PT_DC UCSC,36.63648,-121.9212,36.64,-121.92,0.4057871338834966,0.05,2021,365,363,0.9945205479452055,13.410198347107437,17.657,1.7615112781954898,144.0033274853801,67.0,55.0,strictly prior MUR days at the same source pixel
OTTER_PT_UC UCSC,36.63463,-121.9189,36.64,-121.92,0.6051302231582113,0.05,2002,214,214,1.0,13.18765887850467,14.956,,,,,strictly prior MUR days at the same source pixel
OTTER_PT_UC UCSC,36.63463,-121.9189,36.64,-121.92,0.6051302231582113,0.05,2003,365,365,1.0,13.45851506849315,17.055,,,,,strictly prior MUR days at the same source pixel
OTTER_PT_UC UCSC,36.63463,-121.9189,36.64,-121.92,0.6051302231582113,0.05,2004,366,366,1.0,13.240871584699455,15.83,1.899428571428571,148.0785,24.0,18.0,strictly prior MUR days at the same source pixel
OTTER_PT_UC UCSC,36.63463,-121.9189,36.64,-121.92,0.6051302231582113,0.05,2005,365,365,1.0,13.43314794520548,15.434,2.3938571428571436,214.04233333333335,30.0,10.0,strictly prior MUR days at the same source pixel
OTTER_PT_UC UCSC,36.63463,-121.9189,36.64,-121.92,0.6051302231582113,0.05,2006,365,365,1.0,13.573567123287669,16.921,2.3787499999999997,214.43991666666668,103.0,52.0,strictly prior MUR days at the same source pixel
OTTER_PT_UC UCSC,36.63463,-121.9189,36.64,-121.92,0.6051302231582113,0.05,2007,365,365,1.0,12.839523287671234,17.146,1.6119428571428578,66.8139,22.0,12.0,strictly prior MUR days at the same source pixel
OTTER_PT_UC UCSC,36.63463,-121.9189,36.64,-121.92,0.6051302231582113,0.05,2008,366,366,1.0,12.69257650273224,16.641,2.4442857142857144,88.01796666666665,54.0,32.0,strictly prior MUR days at the same source pixel
OTTER_PT_UC UCSC,36.63463,-121.9189,36.64,-121.92,0.6051302231582113,0.05,2009,365,365,1.0,12.900134246575345,15.748,2.3982040816326538,96.30754761904761,12.0,4.0,strictly prior MUR days at the same source pixel
OTTER_PT_UC UCSC,36.63463,-121.9189,36.64,-121.92,0.6051302231582113,0.05,2010,365,365,1.0,13.069575342465754,15.241,1.1780816326530614,120.86844642857143,4.0,4.0,strictly prior MUR days at the same source pixel
OTTER_PT_UC UCSC,36.63463,-121.9189,36.64,-121.92,0.6051302231582113,0.05,2011,365,365,1.0,12.990599999999999,15.943,1.91084126984127,91.26012500000002,40.0,30.0,strictly prior MUR days at the same source pixel
OTTER_PT_UC UCSC,36.63463,-121.9189,36.64,-121.92,0.6051302231582113,0.05,2012,366,366,1.0,13.040180327868853,16.098,2.064857142857143,131.72183333333334,35.0,21.0,strictly prior MUR days at the same source pixel
OTTER_PT_UC UCSC,36.63463,-121.9189,36.64,-121.92,0.6051302231582113,0.05,2013,365,365,1.0,12.913493150684932,15.235,1.745649350649351,76.16091818181818,12.0,4.0,strictly prior MUR days at the same source pixel
OTTER_PT_UC UCSC,36.63463,-121.9189,36.64,-121.92,0.6051302231582113,0.05,2014,365,365,1.0,14.628202739726028,18.409,3.433940476190476,579.2086212121212,172.0,172.0,strictly prior MUR days at the same source pixel
OTTER_PT_UC UCSC,36.63463,-121.9189,36.64,-121.92,0.6051302231582113,0.05,2015,365,365,1.0,14.817558904109587,18.383,3.438692307692307,603.8966858974359,130.0,128.0,strictly prior MUR days at the same source pixel
OTTER_PT_UC UCSC,36.63463,-121.9189,36.64,-121.92,0.6051302231582113,0.05,2016,366,366,1.0,13.787803278688523,16.052999999999997,2.1006632653061224,259.79650366300365,39.0,18.0,strictly prior MUR days at the same source pixel
OTTER_PT_UC UCSC,36.63463,-121.9189,36.64,-121.92,0.6051302231582113,0.05,2017,365,365,1.0,13.47284109589041,18.03,2.7526476190476203,154.8003523809524,49.0,42.0,strictly prior MUR days at the same source pixel
OTTER_PT_UC UCSC,36.63463,-121.9189,36.64,-121.92,0.6051302231582113,0.05,2018,365,365,1.0,13.83931780821918,16.924,3.0806964285714287,276.4108,66.0,25.0,strictly prior MUR days at the same source pixel
OTTER_PT_UC UCSC,36.63463,-121.9189,36.64,-121.92,0.6051302231582113,0.05,2019,365,365,1.0,13.903312328767123,16.591,2.458142857142857,244.724875,32.0,14.0,strictly prior MUR days at the same source pixel
OTTER_PT_UC UCSC,36.63463,-121.9189,36.64,-121.92,0.6051302231582113,0.05,2020,366,366,1.0,13.842639344262297,17.141,2.473588235294117,253.29978758169932,45.0,12.0,strictly prior MUR days at the same source pixel
OTTER_PT_UC UCSC,36.63463,-121.9189,36.64,-121.92,0.6051302231582113,0.05,2021,365,363,0.9945205479452055,13.410198347107437,17.657,1.7615112781954898,144.0033274853801,67.0,55.0,strictly prior MUR days at the same source pixel
Ocean Cove,38.555119,-123.305664,38.55,-123.31,0.6827635209802866,0.05,2002,214,214,1.0,11.757084112149533,14.145,,,,,strictly prior MUR days at the same source pixel
Ocean Cove,38.555119,-123.305664,38.55,-123.31,0.6827635209802866,0.05,2003,365,365,1.0,11.495350684931507,14.697,,,,,strictly prior MUR days at the same source pixel
Ocean Cove,38.555119,-123.305664,38.55,-123.31,0.6827635209802866,0.05,2004,366,366,1.0,11.735560109289619,16.482,4.331642857142858,199.22050000000002,59.0,19.0,strictly prior MUR days at the same source pixel
Ocean Cove,38.555119,-123.305664,38.55,-123.31,0.6827635209802866,0.05,2005,365,365,1.0,12.03639178082192,13.878,3.3794999999999997,263.5275,52.0,27.0,strictly prior MUR days at the same source pixel
Ocean Cove,38.555119,-123.305664,38.55,-123.31,0.6827635209802866,0.05,2006,365,365,1.0,12.143161643835617,16.396,3.52875,242.48633333333333,83.0,43.0,strictly prior MUR days at the same source pixel
Ocean Cove,38.555119,-123.305664,38.55,-123.31,0.6827635209802866,0.05,2007,365,365,1.0,11.18530410958904,15.435,2.198514285714286,85.27675000000002,37.0,22.0,strictly prior MUR days at the same source pixel
Ocean Cove,38.555119,-123.305664,38.55,-123.31,0.6827635209802866,0.05,2008,366,366,1.0,11.139035519125683,14.794,2.838761904761905,125.73036666666664,49.0,34.0,strictly prior MUR days at the same source pixel
Ocean Cove,38.555119,-123.305664,38.55,-123.31,0.6827635209802866,0.05,2009,365,365,1.0,11.467016438356163,16.002000000000002,2.9046530612244905,151.93583333333333,44.0,23.0,strictly prior MUR days at the same source pixel
Ocean Cove,38.555119,-123.305664,38.55,-123.31,0.6827635209802866,0.05,2010,365,365,1.0,11.610934246575342,14.391,2.0126122448979586,156.28239285714287,5.0,3.0,strictly prior MUR days at the same source pixel
Ocean Cove,38.555119,-123.305664,38.55,-123.31,0.6827635209802866,0.05,2011,365,365,1.0,11.321057534246574,14.476,2.1667619047619047,86.11491666666666,38.0,19.0,strictly prior MUR days at the same source pixel
Ocean Cove,38.555119,-123.305664,38.55,-123.31,0.6827635209802866,0.05,2012,366,366,1.0,11.210032786885247,14.339,2.259828571428572,121.25963333333334,37.0,15.0,strictly prior MUR days at the same source pixel
Ocean Cove,38.555119,-123.305664,38.55,-123.31,0.6827635209802866,0.05,2013,365,365,1.0,11.13970410958904,14.5,2.353545454545455,105.07018181818182,25.0,14.0,strictly prior MUR days at the same source pixel
Ocean Cove,38.555119,-123.305664,38.55,-123.31,0.6827635209802866,0.05,2014,365,365,1.0,13.169019178082191,17.911,5.220023809523809,642.4395075757575,162.0,145.0,strictly prior MUR days at the same source pixel
Ocean Cove,38.555119,-123.305664,38.55,-123.31,0.6827635209802866,0.05,2015,365,365,1.0,13.11742191780822,16.607,4.764329670329671,575.6692756410257,141.0,46.0,strictly prior MUR days at the same source pixel
Ocean Cove,38.555119,-123.305664,38.55,-123.31,0.6827635209802866,0.05,2016,366,366,1.0,12.31103825136612,15.585,2.8707551020408166,309.6665384615385,45.0,23.0,strictly prior MUR days at the same source pixel
Ocean Cove,38.555119,-123.305664,38.55,-123.31,0.6827635209802866,0.05,2017,365,365,1.0,12.142539726027398,15.93,2.4098476190476186,227.29243809523808,56.0,18.0,strictly prior MUR days at the same source pixel
Ocean Cove,38.555119,-123.305664,38.55,-123.31,0.6827635209802866,0.05,2018,365,365,1.0,12.144687671232877,14.824,2.164214285714286,249.54402916666666,33.0,14.0,strictly prior MUR days at the same source pixel
Ocean Cove,38.555119,-123.305664,38.55,-123.31,0.6827635209802866,0.05,2019,365,365,1.0,12.177498630136988,15.475,2.8479642857142857,241.4809080882353,14.0,7.0,strictly prior MUR days at the same source pixel
Ocean Cove,38.555119,-123.305664,38.55,-123.31,0.6827635209802866,0.05,2020,366,366,1.0,12.117486338797814,15.501,2.6369915966386555,228.08678758169935,51.0,26.0,strictly prior MUR days at the same source pixel
Ocean Cove,38.555119,-123.305664,38.55,-123.31,0.6827635209802866,0.05,2021,365,363,0.9945205479452055,12.072002754820936,15.909,2.9099624060150373,266.03437719298245,94.0,48.0,strictly prior MUR days at the same source pixel
PARANOIDS UCSC,35.53717,-121.1002,35.54,-121.1,0.3152019833295039,0.05,2002,214,214,1.0,13.337728971962616,15.067,,,,,strictly prior MUR days at the same source pixel
PARANOIDS UCSC,35.53717,-121.1002,35.54,-121.1,0.3152019833295039,0.05,2003,365,365,1.0,13.142364383561643,16.917,,,,,strictly prior MUR days at the same source pixel
PARANOIDS UCSC,35.53717,-121.1002,35.54,-121.1,0.3152019833295039,0.05,2004,366,366,1.0,13.288229508196721,17.107,2.9865,226.00050000000005,67.0,31.0,strictly prior MUR days at the same source pixel
PARANOIDS UCSC,35.53717,-121.1002,35.54,-121.1,0.3152019833295039,0.05,2005,365,365,1.0,13.222742465753425,15.759,2.584428571428572,193.85183333333333,19.0,18.0,strictly prior MUR days at the same source pixel
PARANOIDS UCSC,35.53717,-121.1002,35.54,-121.1,0.3152019833295039,0.05,2006,365,365,1.0,13.705065753424657,17.481,2.8322142857142842,304.35516666666666,110.0,50.0,strictly prior MUR days at the same source pixel
PARANOIDS UCSC,35.53717,-121.1002,35.54,-121.1,0.3152019833295039,0.05,2007,365,365,1.0,12.946241095890413,16.509999999999998,1.923228571428572,83.71679999999999,17.0,12.0,strictly prior MUR days at the same source pixel
PARANOIDS UCSC,35.53717,-121.1002,35.54,-121.1,0.3152019833295039,0.05,2008,366,366,1.0,13.065969945355192,17.037,1.9883333333333333,166.83686666666668,72.0,38.0,strictly prior MUR days at the same source pixel
PARANOIDS UCSC,35.53717,-121.1002,35.54,-121.1,0.3152019833295039,0.05,2009,365,365,1.0,13.3632,16.490000000000002,2.9641224489795914,178.75147619047618,36.0,8.0,strictly prior MUR days at the same source pixel
PARANOIDS UCSC,35.53717,-121.1002,35.54,-121.1,0.3152019833295039,0.05,2010,365,365,1.0,13.17575616438356,15.691,1.392653061224491,128.23160714285717,3.0,2.0,strictly prior MUR days at the same source pixel
PARANOIDS UCSC,35.53717,-121.1002,35.54,-121.1,0.3152019833295039,0.05,2011,365,365,1.0,13.352901369863014,16.567,1.742839285714286,136.10038888888886,49.0,16.0,strictly prior MUR days at the same source pixel
PARANOIDS UCSC,35.53717,-121.1002,35.54,-121.1,0.3152019833295039,0.05,2012,366,366,1.0,13.413210382513663,17.381,2.502985714285714,191.15793333333338,66.0,27.0,strictly prior MUR days at the same source pixel
PARANOIDS UCSC,35.53717,-121.1002,35.54,-121.1,0.3152019833295039,0.05,2013,365,365,1.0,13.42192876712329,16.39,3.343818181818182,164.4042727272727,42.0,17.0,strictly prior MUR days at the same source pixel
PARANOIDS UCSC,35.53717,-121.1002,35.54,-121.1,0.3152019833295039,0.05,2014,365,365,1.0,15.023720547945205,19.124,4.137380952380952,661.6036818181819,175.0,175.0,strictly prior MUR days at the same source pixel
PARANOIDS UCSC,35.53717,-121.1002,35.54,-121.1,0.3152019833295039,0.05,2015,365,365,1.0,15.418449315068491,19.801,4.294285714285713,743.846237179487,151.0,135.0,strictly prior MUR days at the same source pixel
PARANOIDS UCSC,35.53717,-121.1002,35.54,-121.1,0.3152019833295039,0.05,2016,366,366,1.0,14.059688524590165,16.907,2.6494065934065936,249.70594688644687,26.0,8.0,strictly prior MUR days at the same source pixel
PARANOIDS UCSC,35.53717,-121.1002,35.54,-121.1,0.3152019833295039,0.05,2017,365,365,1.0,14.023276712328768,18.519,3.1139904761904753,229.0078428571428,61.0,37.0,strictly prior MUR days at the same source pixel
PARANOIDS UCSC,35.53717,-121.1002,35.54,-121.1,0.3152019833295039,0.05,2018,365,365,1.0,14.249060273972601,17.796,3.1025178571428578,301.3080666666666,78.0,28.0,strictly prior MUR days at the same source pixel
PARANOIDS UCSC,35.53717,-121.1002,35.54,-121.1,0.3152019833295039,0.05,2019,365,365,1.0,14.00059178082192,16.522,2.3883193277310926,218.39805882352942,16.0,5.0,strictly prior MUR days at the same source pixel
PARANOIDS UCSC,35.53717,-121.1002,35.54,-121.1,0.3152019833295039,0.05,2020,366,366,1.0,14.015248633879782,17.349,2.2314285714285704,233.72601470588233,62.0,25.0,strictly prior MUR days at the same source pixel
PARANOIDS UCSC,35.53717,-121.1002,35.54,-121.1,0.3152019833295039,0.05,2021,365,363,0.9945205479452055,13.490592286501375,17.586,2.0240300751879703,119.7516812865497,46.0,21.0,strictly prior MUR days at the same source pixel
PESCADERO_DC UCSC,36.55941,-121.9552,36.56,-121.96,0.4337072130254313,0.05,2002,214,214,1.0,13.125495327102803,14.769,,,,,strictly prior MUR days at the same source pixel
PESCADERO_DC UCSC,36.55941,-121.9552,36.56,-121.96,0.4337072130254313,0.05,2003,365,365,1.0,13.417175342465752,17.268,,,,,strictly prior MUR days at the same source pixel
PESCADERO_DC UCSC,36.55941,-121.9552,36.56,-121.96,0.4337072130254313,0.05,2004,366,366,1.0,13.157448087431694,15.841,1.8783571428571428,147.8025,21.0,6.0,strictly prior MUR days at the same source pixel
PESCADERO_DC UCSC,36.55941,-121.9552,36.56,-121.96,0.4337072130254313,0.05,2005,365,364,0.9972602739726028,13.375403846153848,15.471,2.6954999999999996,225.90866666666665,24.0,11.0,strictly prior MUR days at the same source pixel
PESCADERO_DC UCSC,36.55941,-121.9552,36.56,-121.96,0.4337072130254313,0.05,2006,365,365,1.0,13.538717808219177,16.755,2.426428571428571,228.2755833333333,109.0,59.0,strictly prior MUR days at the same source pixel
PESCADERO_DC UCSC,36.55941,-121.9552,36.56,-121.96,0.4337072130254313,0.05,2007,365,365,1.0,12.768194520547947,17.244,1.4031142857142864,66.9879,23.0,12.0,strictly prior MUR days at the same source pixel
PESCADERO_DC UCSC,36.55941,-121.9552,36.56,-121.96,0.4337072130254313,0.05,2008,366,366,1.0,12.59668306010929,16.609,2.4612619047619058,88.69596666666665,50.0,33.0,strictly prior MUR days at the same source pixel
PESCADERO_DC UCSC,36.55941,-121.9552,36.56,-121.96,0.4337072130254313,0.05,2009,365,365,1.0,12.869887671232878,15.324,2.5405306122448974,103.68385714285716,12.0,3.0,strictly prior MUR days at the same source pixel
PESCADERO_DC UCSC,36.55941,-121.9552,36.56,-121.96,0.4337072130254313,0.05,2010,365,365,1.0,13.002969863013698,15.246,1.2647499999999996,127.75705357142857,5.0,5.0,strictly prior MUR days at the same source pixel
PESCADERO_DC UCSC,36.55941,-121.9552,36.56,-121.96,0.4337072130254313,0.05,2011,365,365,1.0,12.971986301369862,16.105,2.001285714285715,94.10881944444442,38.0,29.0,strictly prior MUR days at the same source pixel
PESCADERO_DC UCSC,36.55941,-121.9552,36.56,-121.96,0.4337072130254313,0.05,2012,366,366,1.0,13.014341530054644,16.287,2.0085,139.10037777777777,43.0,21.0,strictly prior MUR days at the same source pixel
PESCADERO_DC UCSC,36.55941,-121.9552,36.56,-121.96,0.4337072130254313,0.05,2013,365,365,1.0,12.856526027397258,15.138,1.8572077922077928,82.5544909090909,7.0,2.0,strictly prior MUR days at the same source pixel
PESCADERO_DC UCSC,36.55941,-121.9552,36.56,-121.96,0.4337072130254313,0.05,2014,365,365,1.0,14.620191780821918,18.123,3.5041071428571433,594.5660833333334,171.0,171.0,strictly prior MUR days at the same source pixel
PESCADERO_DC UCSC,36.55941,-121.9552,36.56,-121.96,0.4337072130254313,0.05,2015,365,365,1.0,14.828169863013697,18.431,3.639318681318681,625.706205128205,137.0,131.0,strictly prior MUR days at the same source pixel
PESCADERO_DC UCSC,36.55941,-121.9552,36.56,-121.96,0.4337072130254313,0.05,2016,366,366,1.0,13.758270491803279,16.146,2.190663265306122,263.94891758241755,35.0,9.0,strictly prior MUR days at the same source pixel
PESCADERO_DC UCSC,36.55941,-121.9552,36.56,-121.96,0.4337072130254313,0.05,2017,365,365,1.0,13.466643835616438,18.158,2.834085714285714,157.71366666666665,49.0,43.0,strictly prior MUR days at the same source pixel
PESCADERO_DC UCSC,36.55941,-121.9552,36.56,-121.96,0.4337072130254313,0.05,2018,365,365,1.0,13.818139726027397,16.921,3.0230089285714286,280.5061416666666,71.0,25.0,strictly prior MUR days at the same source pixel
PESCADERO_DC UCSC,36.55941,-121.9552,36.56,-121.96,0.4337072130254313,0.05,2019,365,365,1.0,13.91051506849315,16.783,2.4594374999999995,258.1538823529412,32.0,14.0,strictly prior MUR days at the same source pixel
PESCADERO_DC UCSC,36.55941,-121.9552,36.56,-121.96,0.4337072130254313,0.05,2020,366,366,1.0,13.715898907103826,16.942,2.5646890756302523,238.31779248366013,38.0,10.0,strictly prior MUR days at the same source pixel
PESCADERO_DC UCSC,36.55941,-121.9552,36.56,-121.96,0.4337072130254313,0.05,2021,365,363,0.9945205479452055,13.311093663911844,17.384,1.7077142857142853,135.31936842105264,63.0,31.0,strictly prior MUR days at the same source pixel
PESCADERO_UC UCSC,36.56112,-121.9598,36.56,-121.96,0.1258130438470643,0.05,2002,214,214,1.0,13.125495327102803,14.769,,,,,strictly prior MUR days at the same source pixel
PESCADERO_UC UCSC,36.56112,-121.9598,36.56,-121.96,0.1258130438470643,0.05,2003,365,365,1.0,13.417175342465752,17.268,,,,,strictly prior MUR days at the same source pixel
PESCADERO_UC UCSC,36.56112,-121.9598,36.56,-121.96,0.1258130438470643,0.05,2004,366,366,1.0,13.157448087431694,15.841,1.8783571428571428,147.8025,21.0,6.0,strictly prior MUR days at the same source pixel
PESCADERO_UC UCSC,36.56112,-121.9598,36.56,-121.96,0.1258130438470643,0.05,2005,365,364,0.9972602739726028,13.375403846153848,15.471,2.6954999999999996,225.90866666666665,24.0,11.0,strictly prior MUR days at the same source pixel
PESCADERO_UC UCSC,36.56112,-121.9598,36.56,-121.96,0.1258130438470643,0.05,2006,365,365,1.0,13.538717808219177,16.755,2.426428571428571,228.2755833333333,109.0,59.0,strictly prior MUR days at the same source pixel
PESCADERO_UC UCSC,36.56112,-121.9598,36.56,-121.96,0.1258130438470643,0.05,2007,365,365,1.0,12.768194520547947,17.244,1.4031142857142864,66.9879,23.0,12.0,strictly prior MUR days at the same source pixel
PESCADERO_UC UCSC,36.56112,-121.9598,36.56,-121.96,0.1258130438470643,0.05,2008,366,366,1.0,12.59668306010929,16.609,2.4612619047619058,88.69596666666665,50.0,33.0,strictly prior MUR days at the same source pixel
PESCADERO_UC UCSC,36.56112,-121.9598,36.56,-121.96,0.1258130438470643,0.05,2009,365,365,1.0,12.869887671232878,15.324,2.5405306122448974,103.68385714285716,12.0,3.0,strictly prior MUR days at the same source pixel
PESCADERO_UC UCSC,36.56112,-121.9598,36.56,-121.96,0.1258130438470643,0.05,2010,365,365,1.0,13.002969863013698,15.246,1.2647499999999996,127.75705357142857,5.0,5.0,strictly prior MUR days at the same source pixel
PESCADERO_UC UCSC,36.56112,-121.9598,36.56,-121.96,0.1258130438470643,0.05,2011,365,365,1.0,12.971986301369862,16.105,2.001285714285715,94.10881944444442,38.0,29.0,strictly prior MUR days at the same source pixel
PESCADERO_UC UCSC,36.56112,-121.9598,36.56,-121.96,0.1258130438470643,0.05,2012,366,366,1.0,13.014341530054644,16.287,2.0085,139.10037777777777,43.0,21.0,strictly prior MUR days at the same source pixel
PESCADERO_UC UCSC,36.56112,-121.9598,36.56,-121.96,0.1258130438470643,0.05,2013,365,365,1.0,12.856526027397258,15.138,1.8572077922077928,82.5544909090909,7.0,2.0,strictly prior MUR days at the same source pixel
PESCADERO_UC UCSC,36.56112,-121.9598,36.56,-121.96,0.1258130438470643,0.05,2014,365,365,1.0,14.620191780821918,18.123,3.5041071428571433,594.5660833333334,171.0,171.0,strictly prior MUR days at the same source pixel
PESCADERO_UC UCSC,36.56112,-121.9598,36.56,-121.96,0.1258130438470643,0.05,2015,365,365,1.0,14.828169863013697,18.431,3.639318681318681,625.706205128205,137.0,131.0,strictly prior MUR days at the same source pixel
PESCADERO_UC UCSC,36.56112,-121.9598,36.56,-121.96,0.1258130438470643,0.05,2016,366,366,1.0,13.758270491803279,16.146,2.190663265306122,263.94891758241755,35.0,9.0,strictly prior MUR days at the same source pixel
PESCADERO_UC UCSC,36.56112,-121.9598,36.56,-121.96,0.1258130438470643,0.05,2017,365,365,1.0,13.466643835616438,18.158,2.834085714285714,157.71366666666665,49.0,43.0,strictly prior MUR days at the same source pixel
PESCADERO_UC UCSC,36.56112,-121.9598,36.56,-121.96,0.1258130438470643,0.05,2018,365,365,1.0,13.818139726027397,16.921,3.0230089285714286,280.5061416666666,71.0,25.0,strictly prior MUR days at the same source pixel
PESCADERO_UC UCSC,36.56112,-121.9598,36.56,-121.96,0.1258130438470643,0.05,2019,365,365,1.0,13.91051506849315,16.783,2.4594374999999995,258.1538823529412,32.0,14.0,strictly prior MUR days at the same source pixel
PESCADERO_UC UCSC,36.56112,-121.9598,36.56,-121.96,0.1258130438470643,0.05,2020,366,366,1.0,13.715898907103826,16.942,2.5646890756302523,238.31779248366013,38.0,10.0,strictly prior MUR days at the same source pixel
PESCADERO_UC UCSC,36.56112,-121.9598,36.56,-121.96,0.1258130438470643,0.05,2021,365,363,0.9945205479452055,13.311093663911844,17.384,1.7077142857142853,135.31936842105264,63.0,31.0,strictly prior MUR days at the same source pixel
PICO_CREEK_DC UCSC,35.60532,-121.1507,35.61,-121.15,0.524226644668991,0.05,2002,214,214,1.0,13.27976168224299,15.085,,,,,strictly prior MUR days at the same source pixel
PICO_CREEK_DC UCSC,35.60532,-121.1507,35.61,-121.15,0.524226644668991,0.05,2003,365,365,1.0,13.110821917808218,16.947,,,,,strictly prior MUR days at the same source pixel
PICO_CREEK_DC UCSC,35.60532,-121.1507,35.61,-121.15,0.524226644668991,0.05,2004,366,366,1.0,13.21961475409836,16.89,2.7332857142857145,221.42450000000002,66.0,30.0,strictly prior MUR days at the same source pixel
PICO_CREEK_DC UCSC,35.60532,-121.1507,35.61,-121.15,0.524226644668991,0.05,2005,365,365,1.0,13.191841095890414,15.737,2.4932142857142856,198.34433333333334,18.0,16.0,strictly prior MUR days at the same source pixel
PICO_CREEK_DC UCSC,35.60532,-121.1507,35.61,-121.15,0.524226644668991,0.05,2006,365,365,1.0,13.676635616438357,17.53,2.8286190476190485,309.34066666666666,107.0,50.0,strictly prior MUR days at the same source pixel
PICO_CREEK_DC UCSC,35.60532,-121.1507,35.61,-121.15,0.524226644668991,0.05,2007,365,365,1.0,12.87606301369863,16.503999999999998,1.8310000000000002,79.15309999999997,17.0,12.0,strictly prior MUR days at the same source pixel
PICO_CREEK_DC UCSC,35.60532,-121.1507,35.61,-121.15,0.524226644668991,0.05,2008,366,366,1.0,13.013915300546445,17.079,2.0997380952380946,171.5038,65.0,38.0,strictly prior MUR days at the same source pixel
PICO_CREEK_DC UCSC,35.60532,-121.1507,35.61,-121.15,0.524226644668991,0.05,2009,365,365,1.0,13.325054794520549,16.486,2.9741632653061223,181.91042857142858,35.0,8.0,strictly prior MUR days at the same source pixel
PICO_CREEK_DC UCSC,35.60532,-121.1507,35.61,-121.15,0.524226644668991,0.05,2010,365,365,1.0,13.157249315068494,15.551,1.3634897959183672,129.39526785714287,3.0,2.0,strictly prior MUR days at the same source pixel
PICO_CREEK_DC UCSC,35.60532,-121.1507,35.61,-121.15,0.524226644668991,0.05,2011,365,365,1.0,13.32570410958904,16.505,1.7986071428571428,137.911375,53.0,17.0,strictly prior MUR days at the same source pixel
PICO_CREEK_DC UCSC,35.60532,-121.1507,35.61,-121.15,0.524226644668991,0.05,2012,366,366,1.0,13.37345081967213,17.314,2.488342857142856,193.88677777777772,68.0,36.0,strictly prior MUR days at the same source pixel
PICO_CREEK_DC UCSC,35.60532,-121.1507,35.61,-121.15,0.524226644668991,0.05,2013,365,365,1.0,13.360693150684932,16.183999999999997,3.2132337662337664,160.14783636363643,39.0,17.0,strictly prior MUR days at the same source pixel
PICO_CREEK_DC UCSC,35.60532,-121.1507,35.61,-121.15,0.524226644668991,0.05,2014,365,365,1.0,14.987128767123286,18.837,4.16195238095238,665.4086666666667,175.0,175.0,strictly prior MUR days at the same source pixel
PICO_CREEK_DC UCSC,35.60532,-121.1507,35.61,-121.15,0.524226644668991,0.05,2015,365,365,1.0,15.3537698630137,19.823,4.336648351648351,736.7307179487179,149.0,132.0,strictly prior MUR days at the same source pixel
PICO_CREEK_DC UCSC,35.60532,-121.1507,35.61,-121.15,0.524226644668991,0.05,2016,366,366,1.0,14.006505464480872,16.878999999999998,2.6019560439560436,250.797847985348,32.0,8.0,strictly prior MUR days at the same source pixel
PICO_CREEK_DC UCSC,35.60532,-121.1507,35.61,-121.15,0.524226644668991,0.05,2017,365,365,1.0,13.935901369863014,18.704,3.195752380952381,221.2418142857143,57.0,37.0,strictly prior MUR days at the same source pixel
PICO_CREEK_DC UCSC,35.60532,-121.1507,35.61,-121.15,0.524226644668991,0.05,2018,365,365,1.0,14.18153698630137,17.53,3.2080803571428578,297.0573416666667,78.0,28.0,strictly prior MUR days at the same source pixel
PICO_CREEK_DC UCSC,35.60532,-121.1507,35.61,-121.15,0.524226644668991,0.05,2019,365,365,1.0,13.939000000000002,16.427999999999997,2.4108151260504203,217.59048897058824,20.0,5.0,strictly prior MUR days at the same source pixel
PICO_CREEK_DC UCSC,35.60532,-121.1507,35.61,-121.15,0.524226644668991,0.05,2020,366,366,1.0,13.976062841530053,17.399,2.305515873015873,234.66877124183003,61.0,25.0,strictly prior MUR days at the same source pixel
PICO_CREEK_DC UCSC,35.60532,-121.1507,35.61,-121.15,0.524226644668991,0.05,2021,365,363,0.9945205479452055,13.454939393939394,17.6,2.0533157894736838,124.03812573099415,49.0,30.0,strictly prior MUR days at the same source pixel
PICO_CREEK_UC UCSC,35.61252,-121.1557,35.61,-121.16,0.479188954032986,0.05,2002,214,214,1.0,13.285158878504674,15.097,,,,,strictly prior MUR days at the same source pixel
PICO_CREEK_UC UCSC,35.61252,-121.1557,35.61,-121.16,0.479188954032986,0.05,2003,365,365,1.0,13.116599999999998,16.956,,,,,strictly prior MUR days at the same source pixel
PICO_CREEK_UC UCSC,35.61252,-121.1557,35.61,-121.16,0.479188954032986,0.05,2004,366,366,1.0,13.222420765027325,16.887,2.7265714285714284,220.6855,66.0,30.0,strictly prior MUR days at the same source pixel
PICO_CREEK_UC UCSC,35.61252,-121.1557,35.61,-121.16,0.479188954032986,0.05,2005,365,365,1.0,13.197876712328767,15.746,2.478142857142857,198.58683333333337,18.0,16.0,strictly prior MUR days at the same source pixel
PICO_CREEK_UC UCSC,35.61252,-121.1557,35.61,-121.16,0.479188954032986,0.05,2006,365,365,1.0,13.682098630136988,17.536,2.821619047619048,309.22249999999997,107.0,50.0,strictly prior MUR days at the same source pixel
PICO_CREEK_UC UCSC,35.61252,-121.1557,35.61,-121.16,0.479188954032986,0.05,2007,365,365,1.0,12.881073972602739,16.512,1.8254285714285714,78.72959999999998,17.0,12.0,strictly prior MUR days at the same source pixel
PICO_CREEK_UC UCSC,35.61252,-121.1557,35.61,-121.16,0.479188954032986,0.05,2008,366,366,1.0,13.015989071038254,17.096,2.1316190476190484,171.31723333333335,66.0,38.0,strictly prior MUR days at the same source pixel
PICO_CREEK_UC UCSC,35.61252,-121.1557,35.61,-121.16,0.479188954032986,0.05,2009,365,365,1.0,13.32717808219178,16.490000000000002,2.9869795918367346,181.70316666666665,35.0,8.0,strictly prior MUR days at the same source pixel
PICO_CREEK_UC UCSC,35.61252,-121.1557,35.61,-121.16,0.479188954032986,0.05,2010,365,365,1.0,13.161452054794522,15.563,1.3617142857142863,128.97826785714287,4.0,2.0,strictly prior MUR days at the same source pixel
PICO_CREEK_UC UCSC,35.61252,-121.1557,35.61,-121.16,0.479188954032986,0.05,2011,365,365,1.0,13.332158904109587,16.515,1.7924999999999998,138.38380555555557,53.0,17.0,strictly prior MUR days at the same source pixel
PICO_CREEK_UC UCSC,35.61252,-121.1557,35.61,-121.16,0.479188954032986,0.05,2012,366,366,1.0,13.378560109289618,17.316,2.482585714285714,194.2689888888889,68.0,36.0,strictly prior MUR days at the same source pixel
PICO_CREEK_UC UCSC,35.61252,-121.1557,35.61,-121.16,0.479188954032986,0.05,2013,365,365,1.0,13.363199999999997,16.182000000000002,3.1986363636363637,159.75380909090907,39.0,17.0,strictly prior MUR days at the same source pixel
PICO_CREEK_UC UCSC,35.61252,-121.1557,35.61,-121.16,0.479188954032986,0.05,2014,365,365,1.0,14.993465753424656,18.856,4.156785714285713,666.029,175.0,175.0,strictly prior MUR days at the same source pixel
PICO_CREEK_UC UCSC,35.61252,-121.1557,35.61,-121.16,0.479188954032986,0.05,2015,365,365,1.0,15.359438356164382,19.842,4.33767032967033,737.2763461538461,148.0,132.0,strictly prior MUR days at the same source pixel
PICO_CREEK_UC UCSC,35.61252,-121.1557,35.61,-121.16,0.479188954032986,0.05,2016,366,366,1.0,14.014336065573769,16.887999999999998,2.6142637362637364,251.62559340659342,33.0,8.0,strictly prior MUR days at the same source pixel
PICO_CREEK_UC UCSC,35.61252,-121.1557,35.61,-121.16,0.479188954032986,0.05,2017,365,365,1.0,13.942150684931507,18.726,3.1964952380952383,221.72840952380952,57.0,37.0,strictly prior MUR days at the same source pixel
PICO_CREEK_UC UCSC,35.61252,-121.1557,35.61,-121.16,0.479188954032986,0.05,2018,365,365,1.0,14.185805479452055,17.522,3.1991607142857155,296.8182125,78.0,28.0,strictly prior MUR days at the same source pixel
PICO_CREEK_UC UCSC,35.61252,-121.1557,35.61,-121.16,0.479188954032986,0.05,2019,365,365,1.0,13.943315068493149,16.424999999999997,2.4232352941176467,217.4187794117647,21.0,5.0,strictly prior MUR days at the same source pixel
PICO_CREEK_UC UCSC,35.61252,-121.1557,35.61,-121.16,0.479188954032986,0.05,2020,366,366,1.0,13.980565573770491,17.415,2.318333333333334,234.27413888888893,61.0,25.0,strictly prior MUR days at the same source pixel
PICO_CREEK_UC UCSC,35.61252,-121.1557,35.61,-121.16,0.479188954032986,0.05,2021,365,363,0.9945205479452055,13.460325068870523,17.608,2.0458120300751874,124.1424649122807,49.0,30.0,strictly prior MUR days at the same source pixel
PINNACLES_IN UCSC,36.55948,-121.9661,36.56,-121.97,0.3530985038158468,0.05,2002,214,214,1.0,13.137196261682242,14.776,,,,,strictly prior MUR days at the same source pixel
PINNACLES_IN UCSC,36.55948,-121.9661,36.56,-121.97,0.3530985038158468,0.05,2003,365,365,1.0,13.425534246575342,17.367,,,,,strictly prior MUR days at the same source pixel
PINNACLES_IN UCSC,36.55948,-121.9661,36.56,-121.97,0.3530985038158468,0.05,2004,366,366,1.0,13.160893442622953,15.847,1.8813571428571432,146.65249999999997,21.0,6.0,strictly prior MUR days at the same source pixel
PINNACLES_IN UCSC,36.55948,-121.9661,36.56,-121.97,0.3530985038158468,0.05,2005,365,364,0.9972602739726028,13.382978021978023,15.478,2.7135,226.48616666666666,24.0,11.0,strictly prior MUR days at the same source pixel
PINNACLES_IN UCSC,36.55948,-121.9661,36.56,-121.97,0.3530985038158468,0.05,2006,365,365,1.0,13.546602739726026,16.747,2.4418571428571427,228.33558333333332,108.0,59.0,strictly prior MUR days at the same source pixel
PINNACLES_IN UCSC,36.55948,-121.9661,36.56,-121.97,0.3530985038158468,0.05,2007,365,365,1.0,12.77302191780822,17.265,1.4064285714285722,66.6718,24.0,12.0,strictly prior MUR days at the same source pixel
PINNACLES_IN UCSC,36.55948,-121.9661,36.56,-121.97,0.3530985038158468,0.05,2008,366,366,1.0,12.598158469945357,16.581,2.4660952380952375,88.04443333333333,49.0,33.0,strictly prior MUR days at the same source pixel
PINNACLES_IN UCSC,36.55948,-121.9661,36.56,-121.97,0.3530985038158468,0.05,2009,365,365,1.0,12.875175342465754,15.324,2.5528367346938765,103.11759523809523,11.0,3.0,strictly prior MUR days at the same source pixel
PINNACLES_IN UCSC,36.55948,-121.9661,36.56,-121.97,0.3530985038158468,0.05,2010,365,365,1.0,13.004731506849314,15.25,1.2879821428571427,127.32664285714287,5.0,5.0,strictly prior MUR days at the same source pixel
PINNACLES_IN UCSC,36.55948,-121.9661,36.56,-121.97,0.3530985038158468,0.05,2011,365,365,1.0,12.97747945205479,16.156,2.0226825396825396,94.05033333333334,37.0,28.0,strictly prior MUR days at the same source pixel
PINNACLES_IN UCSC,36.55948,-121.9661,36.56,-121.97,0.3530985038158468,0.05,2012,366,366,1.0,13.017562841530054,16.294,1.997814285714286,138.58774444444447,44.0,21.0,strictly prior MUR days at the same source pixel
PINNACLES_IN UCSC,36.55948,-121.9661,36.56,-121.97,0.3530985038158468,0.05,2013,365,365,1.0,12.86207397260274,15.135,1.8554805194805195,82.96323636363637,7.0,2.0,strictly prior MUR days at the same source pixel
PINNACLES_IN UCSC,36.55948,-121.9661,36.56,-121.97,0.3530985038158468,0.05,2014,365,365,1.0,14.62712602739726,18.12,3.5162499999999985,594.8255681818182,171.0,171.0,strictly prior MUR days at the same source pixel
PINNACLES_IN UCSC,36.55948,-121.9661,36.56,-121.97,0.3530985038158468,0.05,2015,365,365,1.0,14.837254794520549,18.45,3.6516483516483516,626.8619102564103,138.0,131.0,strictly prior MUR days at the same source pixel
PINNACLES_IN UCSC,36.55948,-121.9661,36.56,-121.97,0.3530985038158468,0.05,2016,366,366,1.0,13.770756830601092,16.174,2.191795918367347,265.9532985347986,35.0,9.0,strictly prior MUR days at the same source pixel
PINNACLES_IN UCSC,36.55948,-121.9661,36.56,-121.97,0.3530985038158468,0.05,2017,365,365,1.0,13.47926575342466,18.16,2.833761904761904,158.45710476190476,48.0,43.0,strictly prior MUR days at the same source pixel
PINNACLES_IN UCSC,36.55948,-121.9661,36.56,-121.97,0.3530985038158468,0.05,2018,365,365,1.0,13.825980821917808,16.93,3.0121071428571433,281.04822083333335,71.0,25.0,strictly prior MUR days at the same source pixel
PINNACLES_IN UCSC,36.55948,-121.9661,36.56,-121.97,0.3530985038158468,0.05,2019,365,365,1.0,13.918446575342463,16.799,2.4725982142857146,258.3189852941176,32.0,14.0,strictly prior MUR days at the same source pixel
PINNACLES_IN UCSC,36.55948,-121.9661,36.56,-121.97,0.3530985038158468,0.05,2020,366,366,1.0,13.715726775956284,16.93,2.5669831932773115,236.61304901960784,39.0,10.0,strictly prior MUR days at the same source pixel
PINNACLES_IN UCSC,36.55948,-121.9661,36.56,-121.97,0.3530985038158468,0.05,2021,365,363,0.9945205479452055,13.317096418732781,17.362000000000002,1.7063759398496245,134.92733918128656,60.0,31.0,strictly prior MUR days at the same source pixel
PINNACLES_OUT UCSC,36.55794,-121.9677,36.56,-121.97,0.3076853434842213,0.05,2002,214,214,1.0,13.137196261682242,14.776,,,,,strictly prior MUR days at the same source pixel
PINNACLES_OUT UCSC,36.55794,-121.9677,36.56,-121.97,0.3076853434842213,0.05,2003,365,365,1.0,13.425534246575342,17.367,,,,,strictly prior MUR days at the same source pixel
PINNACLES_OUT UCSC,36.55794,-121.9677,36.56,-121.97,0.3076853434842213,0.05,2004,366,366,1.0,13.160893442622953,15.847,1.8813571428571432,146.65249999999997,21.0,6.0,strictly prior MUR days at the same source pixel
PINNACLES_OUT UCSC,36.55794,-121.9677,36.56,-121.97,0.3076853434842213,0.05,2005,365,364,0.9972602739726028,13.382978021978023,15.478,2.7135,226.48616666666666,24.0,11.0,strictly prior MUR days at the same source pixel
PINNACLES_OUT UCSC,36.55794,-121.9677,36.56,-121.97,0.3076853434842213,0.05,2006,365,365,1.0,13.546602739726026,16.747,2.4418571428571427,228.33558333333332,108.0,59.0,strictly prior MUR days at the same source pixel
PINNACLES_OUT UCSC,36.55794,-121.9677,36.56,-121.97,0.3076853434842213,0.05,2007,365,365,1.0,12.77302191780822,17.265,1.4064285714285722,66.6718,24.0,12.0,strictly prior MUR days at the same source pixel
PINNACLES_OUT UCSC,36.55794,-121.9677,36.56,-121.97,0.3076853434842213,0.05,2008,366,366,1.0,12.598158469945357,16.581,2.4660952380952375,88.04443333333333,49.0,33.0,strictly prior MUR days at the same source pixel
PINNACLES_OUT UCSC,36.55794,-121.9677,36.56,-121.97,0.3076853434842213,0.05,2009,365,365,1.0,12.875175342465754,15.324,2.5528367346938765,103.11759523809523,11.0,3.0,strictly prior MUR days at the same source pixel
PINNACLES_OUT UCSC,36.55794,-121.9677,36.56,-121.97,0.3076853434842213,0.05,2010,365,365,1.0,13.004731506849314,15.25,1.2879821428571427,127.32664285714287,5.0,5.0,strictly prior MUR days at the same source pixel
PINNACLES_OUT UCSC,36.55794,-121.9677,36.56,-121.97,0.3076853434842213,0.05,2011,365,365,1.0,12.97747945205479,16.156,2.0226825396825396,94.05033333333334,37.0,28.0,strictly prior MUR days at the same source pixel
PINNACLES_OUT UCSC,36.55794,-121.9677,36.56,-121.97,0.3076853434842213,0.05,2012,366,366,1.0,13.017562841530054,16.294,1.997814285714286,138.58774444444447,44.0,21.0,strictly prior MUR days at the same source pixel
PINNACLES_OUT UCSC,36.55794,-121.9677,36.56,-121.97,0.3076853434842213,0.05,2013,365,365,1.0,12.86207397260274,15.135,1.8554805194805195,82.96323636363637,7.0,2.0,strictly prior MUR days at the same source pixel
PINNACLES_OUT UCSC,36.55794,-121.9677,36.56,-121.97,0.3076853434842213,0.05,2014,365,365,1.0,14.62712602739726,18.12,3.5162499999999985,594.8255681818182,171.0,171.0,strictly prior MUR days at the same source pixel
PINNACLES_OUT UCSC,36.55794,-121.9677,36.56,-121.97,0.3076853434842213,0.05,2015,365,365,1.0,14.837254794520549,18.45,3.6516483516483516,626.8619102564103,138.0,131.0,strictly prior MUR days at the same source pixel
PINNACLES_OUT UCSC,36.55794,-121.9677,36.56,-121.97,0.3076853434842213,0.05,2016,366,366,1.0,13.770756830601092,16.174,2.191795918367347,265.9532985347986,35.0,9.0,strictly prior MUR days at the same source pixel
PINNACLES_OUT UCSC,36.55794,-121.9677,36.56,-121.97,0.3076853434842213,0.05,2017,365,365,1.0,13.47926575342466,18.16,2.833761904761904,158.45710476190476,48.0,43.0,strictly prior MUR days at the same source pixel
PINNACLES_OUT UCSC,36.55794,-121.9677,36.56,-121.97,0.3076853434842213,0.05,2018,365,365,1.0,13.825980821917808,16.93,3.0121071428571433,281.04822083333335,71.0,25.0,strictly prior MUR days at the same source pixel
PINNACLES_OUT UCSC,36.55794,-121.9677,36.56,-121.97,0.3076853434842213,0.05,2019,365,365,1.0,13.918446575342463,16.799,2.4725982142857146,258.3189852941176,32.0,14.0,strictly prior MUR days at the same source pixel
PINNACLES_OUT UCSC,36.55794,-121.9677,36.56,-121.97,0.3076853434842213,0.05,2020,366,366,1.0,13.715726775956284,16.93,2.5669831932773115,236.61304901960784,39.0,10.0,strictly prior MUR days at the same source pixel
PINNACLES_OUT UCSC,36.55794,-121.9677,36.56,-121.97,0.3076853434842213,0.05,2021,365,363,0.9945205479452055,13.317096418732781,17.362000000000002,1.7063759398496245,134.92733918128656,60.0,31.0,strictly prior MUR days at the same source pixel
PINOS UCSC,36.64045,-121.9287,36.64,-121.93,0.1263224948419202,0.05,2002,214,214,1.0,13.191144859813082,14.962,,,,,strictly prior MUR days at the same source pixel
PINOS UCSC,36.64045,-121.9287,36.64,-121.93,0.1263224948419202,0.05,2003,365,365,1.0,13.453457534246578,17.049,,,,,strictly prior MUR days at the same source pixel
PINOS UCSC,36.64045,-121.9287,36.64,-121.93,0.1263224948419202,0.05,2004,366,366,1.0,13.233606557377046,15.844,1.8944285714285711,146.591,28.0,18.0,strictly prior MUR days at the same source pixel
PINOS UCSC,36.64045,-121.9287,36.64,-121.93,0.1263224948419202,0.05,2005,365,365,1.0,13.425972602739725,15.416,2.4165,213.81600000000003,29.0,10.0,strictly prior MUR days at the same source pixel
PINOS UCSC,36.64045,-121.9287,36.64,-121.93,0.1263224948419202,0.05,2006,365,365,1.0,13.57505205479452,16.913,2.391214285714286,215.18725,103.0,52.0,strictly prior MUR days at the same source pixel
PINOS UCSC,36.64045,-121.9287,36.64,-121.93,0.1263224948419202,0.05,2007,365,365,1.0,12.828975342465755,17.164,1.6183714285714288,66.0621,22.0,12.0,strictly prior MUR days at the same source pixel
PINOS UCSC,36.64045,-121.9287,36.64,-121.93,0.1263224948419202,0.05,2008,366,366,1.0,12.682500000000001,16.581,2.4592619047619046,87.78693333333334,54.0,32.0,strictly prior MUR days at the same source pixel
PINOS UCSC,36.64045,-121.9287,36.64,-121.93,0.1263224948419202,0.05,2009,365,365,1.0,12.89951780821918,15.7,2.438265306122449,97.12826190476193,12.0,4.0,strictly prior MUR days at the same source pixel
PINOS UCSC,36.64045,-121.9287,36.64,-121.93,0.1263224948419202,0.05,2010,365,365,1.0,13.063734246575345,15.243,1.190326530612245,121.3785,4.0,4.0,strictly prior MUR days at the same source pixel
PINOS UCSC,36.64045,-121.9287,36.64,-121.93,0.1263224948419202,0.05,2011,365,365,1.0,12.987764383561643,15.978,1.943873015873016,91.33423611111111,41.0,30.0,strictly prior MUR days at the same source pixel
PINOS UCSC,36.64045,-121.9287,36.64,-121.93,0.1263224948419202,0.05,2012,366,366,1.0,13.036576502732242,16.105,2.0426285714285712,131.9748888888889,36.0,21.0,strictly prior MUR days at the same source pixel
PINOS UCSC,36.64045,-121.9287,36.64,-121.93,0.1263224948419202,0.05,2013,365,365,1.0,12.911778082191784,15.221,1.766077922077922,77.163,10.0,4.0,strictly prior MUR days at the same source pixel
PINOS UCSC,36.64045,-121.9287,36.64,-121.93,0.1263224948419202,0.05,2014,365,365,1.0,14.62736164383562,18.371,3.4556309523809525,580.3661666666667,172.0,172.0,strictly prior MUR days at the same source pixel
PINOS UCSC,36.64045,-121.9287,36.64,-121.93,0.1263224948419202,0.05,2015,365,365,1.0,14.819652054794522,18.373,3.463593406593405,605.8987628205128,130.0,128.0,strictly prior MUR days at the same source pixel
PINOS UCSC,36.64045,-121.9287,36.64,-121.93,0.1263224948419202,0.05,2016,366,366,1.0,13.79134426229508,16.076,2.117387755102041,261.9372545787546,39.0,18.0,strictly prior MUR days at the same source pixel
PINOS UCSC,36.64045,-121.9287,36.64,-121.93,0.1263224948419202,0.05,2017,365,365,1.0,13.481408219178082,18.032,2.761590476190476,156.43969047619046,50.0,43.0,strictly prior MUR days at the same source pixel
PINOS UCSC,36.64045,-121.9287,36.64,-121.93,0.1263224948419202,0.05,2018,365,365,1.0,13.84393698630137,16.935000000000002,3.0952678571428573,277.9276083333333,66.0,25.0,strictly prior MUR days at the same source pixel
PINOS UCSC,36.64045,-121.9287,36.64,-121.93,0.1263224948419202,0.05,2019,365,365,1.0,13.906594520547943,16.6,2.482178571428572,245.82981985294123,32.0,14.0,strictly prior MUR days at the same source pixel
PINOS UCSC,36.64045,-121.9287,36.64,-121.93,0.1263224948419202,0.05,2020,366,366,1.0,13.835833333333333,17.116,2.4795630252100844,252.12776143790848,45.0,12.0,strictly prior MUR days at the same source pixel
PINOS UCSC,36.64045,-121.9287,36.64,-121.93,0.1263224948419202,0.05,2021,365,363,0.9945205479452055,13.404730027548208,17.631,1.7479624060150378,143.48466081871345,67.0,55.0,strictly prior MUR days at the same source pixel
POINT_DUME UCSB,33.99884,-118.8066,34.0,-118.81,0.3389341070636781,0.05,2002,214,214,1.0,16.907327102803738,19.635,,,,,strictly prior MUR days at the same source pixel
POINT_DUME UCSB,33.99884,-118.8066,34.0,-118.81,0.3389341070636781,0.05,2003,365,365,1.0,16.465742465753422,22.029,,,,,strictly prior MUR days at the same source pixel
POINT_DUME UCSB,33.99884,-118.8066,34.0,-118.81,0.3389341070636781,0.05,2004,366,366,1.0,16.826062841530053,22.085,4.261785714285713,332.431,67.0,33.0,strictly prior MUR days at the same source pixel
POINT_DUME UCSB,33.99884,-118.8066,34.0,-118.81,0.3389341070636781,0.05,2005,365,365,1.0,16.299410958904108,20.241,1.5150714285714277,117.94283333333331,24.0,10.0,strictly prior MUR days at the same source pixel
POINT_DUME UCSB,33.99884,-118.8066,34.0,-118.81,0.3389341070636781,0.05,2006,365,365,1.0,16.936756164383564,22.952,3.1709642857142866,323.7959166666667,76.0,71.0,strictly prior MUR days at the same source pixel
POINT_DUME UCSB,33.99884,-118.8066,34.0,-118.81,0.3389341070636781,0.05,2007,365,365,1.0,16.326630136986303,21.069,1.9635142857142864,109.81775,65.0,51.0,strictly prior MUR days at the same source pixel
POINT_DUME UCSB,33.99884,-118.8066,34.0,-118.81,0.3389341070636781,0.05,2008,366,366,1.0,16.65253825136612,21.649,2.964523809523809,196.85666666666665,66.0,38.0,strictly prior MUR days at the same source pixel
POINT_DUME UCSB,33.99884,-118.8066,34.0,-118.81,0.3389341070636781,0.05,2009,365,365,1.0,16.827715068493152,21.765,2.3928333333333334,205.91390476190475,59.0,30.0,strictly prior MUR days at the same source pixel
POINT_DUME UCSB,33.99884,-118.8066,34.0,-118.81,0.3389341070636781,0.05,2010,365,365,1.0,16.045408219178082,19.481,1.2270816326530614,95.12776785714286,0.0,0.0,strictly prior MUR days at the same source pixel
POINT_DUME UCSB,33.99884,-118.8066,34.0,-118.81,0.3389341070636781,0.05,2011,365,365,1.0,16.08217260273973,19.825,1.8429464285714297,62.15806944444444,1.0,1.0,strictly prior MUR days at the same source pixel
POINT_DUME UCSB,33.99884,-118.8066,34.0,-118.81,0.3389341070636781,0.05,2012,366,366,1.0,16.87745081967213,21.529,2.4628571428571426,275.3016777777778,67.0,50.0,strictly prior MUR days at the same source pixel
POINT_DUME UCSB,33.99884,-118.8066,34.0,-118.81,0.3389341070636781,0.05,2013,365,365,1.0,16.8582,20.69,2.8410519480519483,226.44317272727275,23.0,11.0,strictly prior MUR days at the same source pixel
POINT_DUME UCSB,33.99884,-118.8066,34.0,-118.81,0.3389341070636781,0.05,2014,365,365,1.0,18.21762191780822,22.196,3.803833333333334,628.5685151515152,142.0,140.0,strictly prior MUR days at the same source pixel
POINT_DUME UCSB,33.99884,-118.8066,34.0,-118.81,0.3389341070636781,0.05,2015,365,365,1.0,18.510172602739726,23.502,4.373087912087912,684.6699999999998,116.0,87.0,strictly prior MUR days at the same source pixel
POINT_DUME UCSB,33.99884,-118.8066,34.0,-118.81,0.3389341070636781,0.05,2016,366,366,1.0,17.500450819672132,22.222,2.4522857142857135,302.87203663003663,73.0,48.0,strictly prior MUR days at the same source pixel
POINT_DUME UCSB,33.99884,-118.8066,34.0,-118.81,0.3389341070636781,0.05,2017,365,365,1.0,17.389794520547945,22.75,2.5136857142857143,242.17416190476195,55.0,28.0,strictly prior MUR days at the same source pixel
POINT_DUME UCSB,33.99884,-118.8066,34.0,-118.81,0.3389341070636781,0.05,2018,365,365,1.0,17.719665753424657,23.309,3.28844642857143,357.56888333333336,75.0,73.0,strictly prior MUR days at the same source pixel
POINT_DUME UCSB,33.99884,-118.8066,34.0,-118.81,0.3389341070636781,0.05,2019,365,365,1.0,17.194005479452056,22.075,1.9698487394957997,181.38027205882355,59.0,40.0,strictly prior MUR days at the same source pixel
POINT_DUME UCSB,33.99884,-118.8066,34.0,-118.81,0.3389341070636781,0.05,2020,366,366,1.0,17.395398907103825,23.166,2.960084033613446,275.2138725490196,49.0,21.0,strictly prior MUR days at the same source pixel
POINT_DUME UCSB,33.99884,-118.8066,34.0,-118.81,0.3389341070636781,0.05,2021,365,363,0.9945205479452055,16.630550964187325,21.024,1.2606992481203017,81.30053801169596,18.0,8.0,strictly prior MUR days at the same source pixel
POINT_FERMIN VRG,33.70732,-118.3002,33.7,-118.3,0.8141582247938633,0.05,2002,214,213,0.9953271028037384,17.467610328638496,20.515,,,,,strictly prior MUR days at the same source pixel
POINT_FERMIN VRG,33.70732,-118.3002,33.7,-118.3,0.8141582247938633,0.05,2003,365,365,1.0,16.866131506849314,22.05,,,,,strictly prior MUR days at the same source pixel
POINT_FERMIN VRG,33.70732,-118.3002,33.7,-118.3,0.8141582247938633,0.05,2004,366,366,1.0,17.232852459016392,22.698,4.104928571428571,321.1815,57.0,29.0,strictly prior MUR days at the same source pixel
POINT_FERMIN VRG,33.70732,-118.3002,33.7,-118.3,0.8141582247938633,0.05,2005,365,365,1.0,16.731468493150686,21.07,1.7562142857142855,108.2863333333333,16.0,6.0,strictly prior MUR days at the same source pixel
POINT_FERMIN VRG,33.70732,-118.3002,33.7,-118.3,0.8141582247938633,0.05,2006,365,365,1.0,17.371597260273973,23.506,3.301392857142858,314.8414166666667,72.0,68.0,strictly prior MUR days at the same source pixel
POINT_FERMIN VRG,33.70732,-118.3002,33.7,-118.3,0.8141582247938633,0.05,2007,365,365,1.0,16.832383561643834,22.155,1.6752285714285715,106.54894999999999,60.0,38.0,strictly prior MUR days at the same source pixel
POINT_FERMIN VRG,33.70732,-118.3002,33.7,-118.3,0.8141582247938633,0.05,2008,366,366,1.0,17.149079234972678,22.064,3.0556666666666663,193.2484666666667,63.0,19.0,strictly prior MUR days at the same source pixel
POINT_FERMIN VRG,33.70732,-118.3002,33.7,-118.3,0.8141582247938633,0.05,2009,365,365,1.0,17.295764383561643,22.51,2.4711224489795924,199.57090476190473,53.0,31.0,strictly prior MUR days at the same source pixel
POINT_FERMIN VRG,33.70732,-118.3002,33.7,-118.3,0.8141582247938633,0.05,2010,365,365,1.0,16.474402739726028,19.921,1.1793469387755102,85.1483392857143,0.0,0.0,strictly prior MUR days at the same source pixel
POINT_FERMIN VRG,33.70732,-118.3002,33.7,-118.3,0.8141582247938633,0.05,2011,365,365,1.0,16.58262739726027,20.619,1.8751785714285718,67.05699999999997,1.0,1.0,strictly prior MUR days at the same source pixel
POINT_FERMIN VRG,33.70732,-118.3002,33.7,-118.3,0.8141582247938633,0.05,2012,366,366,1.0,17.27191530054645,22.453,2.4765142857142863,248.00258888888888,60.0,42.0,strictly prior MUR days at the same source pixel
POINT_FERMIN VRG,33.70732,-118.3002,33.7,-118.3,0.8141582247938633,0.05,2013,365,365,1.0,17.17491232876712,21.136,2.5001948051948046,186.26189090909088,27.0,10.0,strictly prior MUR days at the same source pixel
POINT_FERMIN VRG,33.70732,-118.3002,33.7,-118.3,0.8141582247938633,0.05,2014,365,365,1.0,18.503794520547945,22.768,3.1101547619047603,575.0416212121212,119.0,78.0,strictly prior MUR days at the same source pixel
POINT_FERMIN VRG,33.70732,-118.3002,33.7,-118.3,0.8141582247938633,0.05,2015,365,365,1.0,18.858789041095893,23.349,4.03423076923077,657.1982115384615,114.0,86.0,strictly prior MUR days at the same source pixel
POINT_FERMIN VRG,33.70732,-118.3002,33.7,-118.3,0.8141582247938633,0.05,2016,366,366,1.0,17.975363387978142,23.213,2.4158061224489797,307.75417582417583,72.0,45.0,strictly prior MUR days at the same source pixel
POINT_FERMIN VRG,33.70732,-118.3002,33.7,-118.3,0.8141582247938633,0.05,2017,365,365,1.0,17.7617698630137,22.841,1.8766285714285718,220.53297142857144,53.0,19.0,strictly prior MUR days at the same source pixel
POINT_FERMIN VRG,33.70732,-118.3002,33.7,-118.3,0.8141582247938633,0.05,2018,365,365,1.0,18.059983561643836,23.667,2.767848214285715,322.4040375,76.0,75.0,strictly prior MUR days at the same source pixel
POINT_FERMIN VRG,33.70732,-118.3002,33.7,-118.3,0.8141582247938633,0.05,2019,365,365,1.0,17.51632602739726,22.493,1.8546890756302514,155.4521323529412,47.0,22.0,strictly prior MUR days at the same source pixel
POINT_FERMIN VRG,33.70732,-118.3002,33.7,-118.3,0.8141582247938633,0.05,2020,366,366,1.0,17.637622950819672,23.765,2.739605042016806,239.97650490196077,27.0,11.0,strictly prior MUR days at the same source pixel
POINT_FERMIN VRG,33.70732,-118.3002,33.7,-118.3,0.8141582247938633,0.05,2021,365,363,0.9945205479452055,16.947790633608818,21.461,1.2789126984126982,53.54722222222222,7.0,4.0,strictly prior MUR days at the same source pixel
POINT_LOMA_CEN VRG,32.7121,-117.263,32.71,-117.26,0.3651143455046597,0.05,2002,214,213,0.9953271028037384,18.129507042253522,20.822,,,,,strictly prior MUR days at the same source pixel
POINT_LOMA_CEN VRG,32.7121,-117.263,32.71,-117.26,0.3651143455046597,0.05,2003,365,365,1.0,17.32601917808219,22.03,,,,,strictly prior MUR days at the same source pixel
POINT_LOMA_CEN VRG,32.7121,-117.263,32.71,-117.26,0.3651143455046597,0.05,2004,366,366,1.0,17.77488524590164,23.116,3.6027142857142853,318.31049999999993,80.0,35.0,strictly prior MUR days at the same source pixel
POINT_LOMA_CEN VRG,32.7121,-117.263,32.71,-117.26,0.3651143455046597,0.05,2005,365,365,1.0,17.515523287671236,21.842,1.8450952380952381,153.491,31.0,22.0,strictly prior MUR days at the same source pixel
POINT_LOMA_CEN VRG,32.7121,-117.263,32.71,-117.26,0.3651143455046597,0.05,2006,365,364,0.9972602739726028,17.822956043956044,24.492,4.252035714285714,283.90558333333337,84.0,77.0,strictly prior MUR days at the same source pixel
POINT_LOMA_CEN VRG,32.7121,-117.263,32.71,-117.26,0.3651143455046597,0.05,2007,365,364,0.9972602739726028,17.521681318681317,23.699,2.765628571428572,135.74820000000003,49.0,46.0,strictly prior MUR days at the same source pixel
POINT_LOMA_CEN VRG,32.7121,-117.263,32.71,-117.26,0.3651143455046597,0.05,2008,366,366,1.0,17.53369398907104,22.873,2.354880952380953,145.06793333333331,38.0,8.0,strictly prior MUR days at the same source pixel
POINT_LOMA_CEN VRG,32.7121,-117.263,32.71,-117.26,0.3651143455046597,0.05,2009,365,365,1.0,17.784408219178083,23.923,2.3374489795918367,159.3145833333333,69.0,34.0,strictly prior MUR days at the same source pixel
POINT_LOMA_CEN VRG,32.7121,-117.263,32.71,-117.26,0.3651143455046597,0.05,2010,365,365,1.0,17.135786301369862,20.813,1.0001250000000006,91.7225464285714,0.0,0.0,strictly prior MUR days at the same source pixel
POINT_LOMA_CEN VRG,32.7121,-117.263,32.71,-117.26,0.3651143455046597,0.05,2011,365,365,1.0,17.013780821917805,21.206,1.9636428571428568,61.948819444444446,2.0,2.0,strictly prior MUR days at the same source pixel
POINT_LOMA_CEN VRG,32.7121,-117.263,32.71,-117.26,0.3651143455046597,0.05,2012,366,366,1.0,17.79880054644809,23.403,2.021885714285715,210.96714444444447,58.0,42.0,strictly prior MUR days at the same source pixel
POINT_LOMA_CEN VRG,32.7121,-117.263,32.71,-117.26,0.3651143455046597,0.05,2013,365,365,1.0,17.641578082191778,22.161,2.247298701298702,160.65480909090905,24.0,9.0,strictly prior MUR days at the same source pixel
POINT_LOMA_CEN VRG,32.7121,-117.263,32.71,-117.26,0.3651143455046597,0.05,2014,365,365,1.0,19.099079452054795,23.612,3.3404761904761897,592.8744772727273,120.0,99.0,strictly prior MUR days at the same source pixel
POINT_LOMA_CEN VRG,32.7121,-117.263,32.71,-117.26,0.3651143455046597,0.05,2015,365,365,1.0,19.394849315068495,24.441,4.086164835164835,665.3621243589743,108.0,80.0,strictly prior MUR days at the same source pixel
POINT_LOMA_CEN VRG,32.7121,-117.263,32.71,-117.26,0.3651143455046597,0.05,2016,366,366,1.0,18.553860655737708,24.381,2.9532551020408158,334.79084165834166,61.0,55.0,strictly prior MUR days at the same source pixel
POINT_LOMA_CEN VRG,32.7121,-117.263,32.71,-117.26,0.3651143455046597,0.05,2017,365,365,1.0,18.4431698630137,24.034,2.3521333333333336,265.03041190476193,62.0,42.0,strictly prior MUR days at the same source pixel
POINT_LOMA_CEN VRG,32.7121,-117.263,32.71,-117.26,0.3651143455046597,0.05,2018,365,365,1.0,18.56509315068493,25.486,3.858473214285714,322.0723935897436,75.0,63.0,strictly prior MUR days at the same source pixel
POINT_LOMA_CEN VRG,32.7121,-117.263,32.71,-117.26,0.3651143455046597,0.05,2019,365,365,1.0,17.960158904109587,23.882,2.0443865546218496,126.99919590336135,31.0,19.0,strictly prior MUR days at the same source pixel
POINT_LOMA_CEN VRG,32.7121,-117.263,32.71,-117.26,0.3651143455046597,0.05,2020,366,366,1.0,18.461273224043712,23.488,3.1288319327731093,274.88134313725493,49.0,14.0,strictly prior MUR days at the same source pixel
POINT_LOMA_CEN VRG,32.7121,-117.263,32.71,-117.26,0.3651143455046597,0.05,2021,365,363,0.9945205479452055,17.681292011019284,22.293,1.0732222222222219,53.88821600877196,17.0,7.0,strictly prior MUR days at the same source pixel
POINT_LOMA_S VRG,32.67412,-117.26,32.67,-117.26,0.4581237305621214,0.05,2002,214,214,1.0,18.093514018691586,20.802,,,,,strictly prior MUR days at the same source pixel
POINT_LOMA_S VRG,32.67412,-117.26,32.67,-117.26,0.4581237305621214,0.05,2003,365,365,1.0,17.31141917808219,22.01,,,,,strictly prior MUR days at the same source pixel
POINT_LOMA_S VRG,32.67412,-117.26,32.67,-117.26,0.4581237305621214,0.05,2004,366,366,1.0,17.757644808743166,23.047,3.567428571428572,320.1825,79.0,35.0,strictly prior MUR days at the same source pixel
POINT_LOMA_S VRG,32.67412,-117.26,32.67,-117.26,0.4581237305621214,0.05,2005,365,365,1.0,17.51015068493151,22.027,1.826071428571429,154.84333333333336,31.0,22.0,strictly prior MUR days at the same source pixel
POINT_LOMA_S VRG,32.67412,-117.26,32.67,-117.26,0.4581237305621214,0.05,2006,365,365,1.0,17.796421917808217,24.46,4.218571428571429,282.10474999999997,79.0,55.0,strictly prior MUR days at the same source pixel
POINT_LOMA_S VRG,32.67412,-117.26,32.67,-117.26,0.4581237305621214,0.05,2007,365,365,1.0,17.473545205479454,23.645,2.5101142857142853,129.11474999999996,48.0,46.0,strictly prior MUR days at the same source pixel
POINT_LOMA_S VRG,32.67412,-117.26,32.67,-117.26,0.4581237305621214,0.05,2008,366,366,1.0,17.507863387978144,22.863,2.2498333333333336,142.20669999999996,39.0,8.0,strictly prior MUR days at the same source pixel
POINT_LOMA_S VRG,32.67412,-117.26,32.67,-117.26,0.4581237305621214,0.05,2009,365,365,1.0,17.74750410958904,23.872,2.348632653061224,154.32390476190474,68.0,34.0,strictly prior MUR days at the same source pixel
POINT_LOMA_S VRG,32.67412,-117.26,32.67,-117.26,0.4581237305621214,0.05,2010,365,365,1.0,17.107347945205483,20.768,0.9984107142857138,90.95076785714285,0.0,0.0,strictly prior MUR days at the same source pixel
POINT_LOMA_S VRG,32.67412,-117.26,32.67,-117.26,0.4581237305621214,0.05,2011,365,365,1.0,16.984246575342464,21.282,2.044124999999999,61.560611111111086,2.0,1.0,strictly prior MUR days at the same source pixel
POINT_LOMA_S VRG,32.67412,-117.26,32.67,-117.26,0.4581237305621214,0.05,2012,366,366,1.0,17.76825956284153,23.117,1.9734142857142862,207.60084444444442,58.0,42.0,strictly prior MUR days at the same source pixel
POINT_LOMA_S VRG,32.67412,-117.26,32.67,-117.26,0.4581237305621214,0.05,2013,365,365,1.0,17.61702191780822,22.026,2.225909090909091,160.70253636363637,23.0,9.0,strictly prior MUR days at the same source pixel
POINT_LOMA_S VRG,32.67412,-117.26,32.67,-117.26,0.4581237305621214,0.05,2014,365,365,1.0,19.09595068493151,23.593,3.3972857142857142,600.4111666666668,122.0,100.0,strictly prior MUR days at the same source pixel
POINT_LOMA_S VRG,32.67412,-117.26,32.67,-117.26,0.4581237305621214,0.05,2015,365,365,1.0,19.381364383561646,24.325,4.157923076923077,667.9575320512821,110.0,81.0,strictly prior MUR days at the same source pixel
POINT_LOMA_S VRG,32.67412,-117.26,32.67,-117.26,0.4581237305621214,0.05,2016,366,366,1.0,18.51594262295082,24.331,2.9097653061224493,329.13552014652015,60.0,48.0,strictly prior MUR days at the same source pixel
POINT_LOMA_S VRG,32.67412,-117.26,32.67,-117.26,0.4581237305621214,0.05,2017,365,365,1.0,18.42627397260274,23.959,2.4168952380952375,267.5030714285714,63.0,42.0,strictly prior MUR days at the same source pixel
POINT_LOMA_S VRG,32.67412,-117.26,32.67,-117.26,0.4581237305621214,0.05,2018,365,365,1.0,18.537797260273972,25.416,3.8476964285714277,322.9412208333333,75.0,63.0,strictly prior MUR days at the same source pixel
POINT_LOMA_S VRG,32.67412,-117.26,32.67,-117.26,0.4581237305621214,0.05,2019,365,365,1.0,17.93589315068493,23.926,2.064058823529412,130.1001286764706,30.0,19.0,strictly prior MUR days at the same source pixel
POINT_LOMA_S VRG,32.67412,-117.26,32.67,-117.26,0.4581237305621214,0.05,2020,366,366,1.0,18.44614480874317,23.477,3.209067226890756,277.45412418300657,51.0,14.0,strictly prior MUR days at the same source pixel
POINT_LOMA_S VRG,32.67412,-117.26,32.67,-117.26,0.4581237305621214,0.05,2021,365,363,0.9945205479452055,17.66578787878788,22.32,1.0724060150375938,54.452649122807,16.0,7.0,strictly prior MUR days at the same source pixel
POINT_VICENTE_W VRG,33.73974,-118.4137,33.74,-118.41,0.3433444823371299,0.05,2002,214,213,0.9953271028037384,17.51007042253521,20.48,,,,,strictly prior MUR days at the same source pixel
POINT_VICENTE_W VRG,33.73974,-118.4137,33.74,-118.41,0.3433444823371299,0.05,2003,365,365,1.0,16.934235616438357,22.111,,,,,strictly prior MUR days at the same source pixel
POINT_VICENTE_W VRG,33.73974,-118.4137,33.74,-118.41,0.3433444823371299,0.05,2004,366,366,1.0,17.286322404371585,23.05,4.143642857142858,308.90700000000004,62.0,46.0,strictly prior MUR days at the same source pixel
POINT_VICENTE_W VRG,33.73974,-118.4137,33.74,-118.41,0.3433444823371299,0.05,2005,365,365,1.0,16.82818904109589,21.154,1.4688571428571429,108.21016666666668,20.0,7.0,strictly prior MUR days at the same source pixel
POINT_VICENTE_W VRG,33.73974,-118.4137,33.74,-118.41,0.3433444823371299,0.05,2006,365,364,0.9972602739726028,17.369175824175823,23.232,2.978857142857142,290.9801666666666,70.0,67.0,strictly prior MUR days at the same source pixel
POINT_VICENTE_W VRG,33.73974,-118.4137,33.74,-118.41,0.3433444823371299,0.05,2007,365,364,0.9972602739726028,16.85632142857143,22.01,1.6372285714285724,102.0744,60.0,37.0,strictly prior MUR days at the same source pixel
POINT_VICENTE_W VRG,33.73974,-118.4137,33.74,-118.41,0.3433444823371299,0.05,2008,366,366,1.0,17.16877049180328,22.201,2.7618571428571426,187.72810000000004,59.0,19.0,strictly prior MUR days at the same source pixel
POINT_VICENTE_W VRG,33.73974,-118.4137,33.74,-118.41,0.3433444823371299,0.05,2009,365,365,1.0,17.280630136986304,22.368,2.221040816326531,186.2642261904762,53.0,30.0,strictly prior MUR days at the same source pixel
POINT_VICENTE_W VRG,33.73974,-118.4137,33.74,-118.41,0.3433444823371299,0.05,2010,365,365,1.0,16.44750410958904,19.755,1.2105510204081629,80.3181607142857,0.0,0.0,strictly prior MUR days at the same source pixel
POINT_VICENTE_W VRG,33.73974,-118.4137,33.74,-118.41,0.3433444823371299,0.05,2011,365,365,1.0,16.565991780821918,20.643,1.6487678571428572,61.60127777777778,2.0,2.0,strictly prior MUR days at the same source pixel
POINT_VICENTE_W VRG,33.73974,-118.4137,33.74,-118.41,0.3433444823371299,0.05,2012,366,366,1.0,17.27241530054645,22.139,2.348471428571429,245.84773333333334,65.0,43.0,strictly prior MUR days at the same source pixel
POINT_VICENTE_W VRG,33.73974,-118.4137,33.74,-118.41,0.3433444823371299,0.05,2013,365,365,1.0,17.202435616438358,21.129,2.364506493506494,189.18088636363635,27.0,10.0,strictly prior MUR days at the same source pixel
POINT_VICENTE_W VRG,33.73974,-118.4137,33.74,-118.41,0.3433444823371299,0.05,2014,365,365,1.0,18.55692602739726,22.878,3.2253095238095235,587.1535984848485,125.0,79.0,strictly prior MUR days at the same source pixel
POINT_VICENTE_W VRG,33.73974,-118.4137,33.74,-118.41,0.3433444823371299,0.05,2015,365,365,1.0,18.934794520547943,23.897,4.119175824175825,679.0442179487179,116.0,112.0,strictly prior MUR days at the same source pixel
POINT_VICENTE_W VRG,33.73974,-118.4137,33.74,-118.41,0.3433444823371299,0.05,2016,366,366,1.0,18.070699453551914,23.184,2.3323296703296696,327.9142512487512,73.0,56.0,strictly prior MUR days at the same source pixel
POINT_VICENTE_W VRG,33.73974,-118.4137,33.74,-118.41,0.3433444823371299,0.05,2017,365,365,1.0,17.83804383561644,22.791,2.1087619047619057,235.02263571428574,60.0,39.0,strictly prior MUR days at the same source pixel
POINT_VICENTE_W VRG,33.73974,-118.4137,33.74,-118.41,0.3433444823371299,0.05,2018,365,365,1.0,18.125104109589042,23.813,2.997089285714286,328.1004551282051,76.0,74.0,strictly prior MUR days at the same source pixel
POINT_VICENTE_W VRG,33.73974,-118.4137,33.74,-118.41,0.3433444823371299,0.05,2019,365,365,1.0,17.642435616438355,22.585,1.8300672268907563,174.7991491596639,57.0,30.0,strictly prior MUR days at the same source pixel
POINT_VICENTE_W VRG,33.73974,-118.4137,33.74,-118.41,0.3433444823371299,0.05,2020,366,366,1.0,17.72005737704918,23.317,2.83555462184874,244.02917156862745,33.0,13.0,strictly prior MUR days at the same source pixel
POINT_VICENTE_W VRG,33.73974,-118.4137,33.74,-118.41,0.3433444823371299,0.05,2021,365,363,0.9945205479452055,17.031305785123966,21.388,1.4588174603174602,61.94101461988305,9.0,7.0,strictly prior MUR days at the same source pixel
PT_JOE UCSC,36.60509,-121.9715,36.61,-121.97,0.5621455938694889,0.05,2002,214,214,1.0,13.180892523364488,14.91,,,,,strictly prior MUR days at the same source pixel
PT_JOE UCSC,36.60509,-121.9715,36.61,-121.97,0.5621455938694889,0.05,2003,365,365,1.0,13.445060273972603,17.099,,,,,strictly prior MUR days at the same source pixel
PT_JOE UCSC,36.60509,-121.9715,36.61,-121.97,0.5621455938694889,0.05,2004,366,366,1.0,13.206377049180327,15.865,1.9185,142.1495,21.0,10.0,strictly prior MUR days at the same source pixel
PT_JOE UCSC,36.60509,-121.9715,36.61,-121.97,0.5621455938694889,0.05,2005,365,365,1.0,13.412452054794521,15.424,2.5885000000000002,219.10433333333333,28.0,11.0,strictly prior MUR days at the same source pixel
PT_JOE UCSC,36.60509,-121.9715,36.61,-121.97,0.5621455938694889,0.05,2006,365,365,1.0,13.574736986301371,16.826999999999998,2.444428571428571,221.37041666666664,105.0,53.0,strictly prior MUR days at the same source pixel
PT_JOE UCSC,36.60509,-121.9715,36.61,-121.97,0.5621455938694889,0.05,2007,365,365,1.0,12.808164383561643,17.265,1.5731428571428567,66.3372,22.0,12.0,strictly prior MUR days at the same source pixel
PT_JOE UCSC,36.60509,-121.9715,36.61,-121.97,0.5621455938694889,0.05,2008,366,366,1.0,12.648008196721312,16.488999999999997,2.4900952380952384,87.01066666666667,50.0,35.0,strictly prior MUR days at the same source pixel
PT_JOE UCSC,36.60509,-121.9715,36.61,-121.97,0.5621455938694889,0.05,2009,365,365,1.0,12.89532602739726,15.342,2.538244897959184,99.55783333333332,15.0,7.0,strictly prior MUR days at the same source pixel
PT_JOE UCSC,36.60509,-121.9715,36.61,-121.97,0.5621455938694889,0.05,2010,365,365,1.0,13.03148493150685,15.251,1.1595306122448987,122.55483928571431,5.0,4.0,strictly prior MUR days at the same source pixel
PT_JOE UCSC,36.60509,-121.9715,36.61,-121.97,0.5621455938694889,0.05,2011,365,365,1.0,12.98578904109589,16.18,2.0460000000000003,91.9924861111111,39.0,30.0,strictly prior MUR days at the same source pixel
PT_JOE UCSC,36.60509,-121.9715,36.61,-121.97,0.5621455938694889,0.05,2012,366,366,1.0,13.033527322404373,16.192,1.997628571428571,134.56969999999998,42.0,21.0,strictly prior MUR days at the same source pixel
PT_JOE UCSC,36.60509,-121.9715,36.61,-121.97,0.5621455938694889,0.05,2013,365,365,1.0,12.896515068493152,15.173,1.810350649350649,80.45619999999997,8.0,3.0,strictly prior MUR days at the same source pixel
PT_JOE UCSC,36.60509,-121.9715,36.61,-121.97,0.5621455938694889,0.05,2014,365,365,1.0,14.637008219178082,18.135,3.558976190476191,587.6486515151515,171.0,171.0,strictly prior MUR days at the same source pixel
PT_JOE UCSC,36.60509,-121.9715,36.61,-121.97,0.5621455938694889,0.05,2015,365,365,1.0,14.83212602739726,18.38,3.5906483516483525,614.3951153846153,137.0,131.0,strictly prior MUR days at the same source pixel
PT_JOE UCSC,36.60509,-121.9715,36.61,-121.97,0.5621455938694889,0.05,2016,366,366,1.0,13.798508196721311,16.158,2.145663265306122,267.6271446886447,35.0,9.0,strictly prior MUR days at the same source pixel
PT_JOE UCSC,36.60509,-121.9715,36.61,-121.97,0.5621455938694889,0.05,2017,365,365,1.0,13.502134246575343,18.086,2.7989238095238096,159.4201238095238,50.0,43.0,strictly prior MUR days at the same source pixel
PT_JOE UCSC,36.60509,-121.9715,36.61,-121.97,0.5621455938694889,0.05,2018,365,365,1.0,13.855315068493152,16.959,3.0896696428571433,282.40571249999994,68.0,25.0,strictly prior MUR days at the same source pixel
PT_JOE UCSC,36.60509,-121.9715,36.61,-121.97,0.5621455938694889,0.05,2019,365,365,1.0,13.921224657534248,16.697,2.495723214285714,251.29162132352943,30.0,10.0,strictly prior MUR days at the same source pixel
PT_JOE UCSC,36.60509,-121.9715,36.61,-121.97,0.5621455938694889,0.05,2020,366,366,1.0,13.777021857923499,16.994999999999997,2.5142184873949582,241.4842385620915,41.0,10.0,strictly prior MUR days at the same source pixel
PT_JOE UCSC,36.60509,-121.9715,36.61,-121.97,0.5621455938694889,0.05,2021,365,363,0.9945205479452055,13.373903581267218,17.454,1.6905338345864653,139.4346520467836,64.0,49.0,strictly prior MUR days at the same source pixel
PURISIMA_N UCSC,34.7295,-120.6317,34.73,-120.63,0.1650041426031307,0.05,2002,214,214,1.0,13.957920560747663,15.444,,,,,strictly prior MUR days at the same source pixel
PURISIMA_N UCSC,34.7295,-120.6317,34.73,-120.63,0.1650041426031307,0.05,2003,365,365,1.0,13.554676712328767,17.743,,,,,strictly prior MUR days at the same source pixel
PURISIMA_N UCSC,34.7295,-120.6317,34.73,-120.63,0.1650041426031307,0.05,2004,366,366,1.0,13.799825136612021,19.207,3.986071428571429,270.9175,75.0,33.0,strictly prior MUR days at the same source pixel
PURISIMA_N UCSC,34.7295,-120.6317,34.73,-120.63,0.1650041426031307,0.05,2005,365,364,0.9972602739726028,13.647706043956042,16.229,2.6193571428571434,205.97783333333334,14.0,8.0,strictly prior MUR days at the same source pixel
PURISIMA_N UCSC,34.7295,-120.6317,34.73,-120.63,0.1650041426031307,0.05,2006,365,365,1.0,14.064887671232878,18.772,3.4859642857142856,286.4589166666666,78.0,40.0,strictly prior MUR days at the same source pixel
PURISIMA_N UCSC,34.7295,-120.6317,34.73,-120.63,0.1650041426031307,0.05,2007,365,365,1.0,13.442931506849312,17.401,2.193428571428572,94.8737,36.0,18.0,strictly prior MUR days at the same source pixel
PURISIMA_N UCSC,34.7295,-120.6317,34.73,-120.63,0.1650041426031307,0.05,2008,366,366,1.0,13.648420765027323,17.914,2.1512857142857142,184.10453333333336,82.0,38.0,strictly prior MUR days at the same source pixel
PURISIMA_N UCSC,34.7295,-120.6317,34.73,-120.63,0.1650041426031307,0.05,2009,365,365,1.0,14.027835616438356,17.975,2.4641020408163277,221.22854761904765,52.0,25.0,strictly prior MUR days at the same source pixel
PURISIMA_N UCSC,34.7295,-120.6317,34.73,-120.63,0.1650041426031307,0.05,2010,365,365,1.0,13.420591780821917,16.349,1.2549387755102042,122.60726785714286,3.0,2.0,strictly prior MUR days at the same source pixel
PURISIMA_N UCSC,34.7295,-120.6317,34.73,-120.63,0.1650041426031307,0.05,2011,365,365,1.0,13.50375890410959,16.662,1.649714285714286,83.91912500000001,23.0,6.0,strictly prior MUR days at the same source pixel
PURISIMA_N UCSC,34.7295,-120.6317,34.73,-120.63,0.1650041426031307,0.05,2012,366,366,1.0,13.997502732240436,18.298,2.7765142857142857,231.4291333333333,90.0,49.0,strictly prior MUR days at the same source pixel
PURISIMA_N UCSC,34.7295,-120.6317,34.73,-120.63,0.1650041426031307,0.05,2013,365,365,1.0,13.936482191780822,17.179000000000002,2.5082857142857145,206.6017818181818,43.0,15.0,strictly prior MUR days at the same source pixel
PURISIMA_N UCSC,34.7295,-120.6317,34.73,-120.63,0.1650041426031307,0.05,2014,365,365,1.0,15.400873972602739,20.029,4.519678571428571,629.5847424242422,167.0,86.0,strictly prior MUR days at the same source pixel
PURISIMA_N UCSC,34.7295,-120.6317,34.73,-120.63,0.1650041426031307,0.05,2015,365,365,1.0,15.804369863013697,21.132,5.064032967032967,723.9416025641026,141.0,126.0,strictly prior MUR days at the same source pixel
PURISIMA_N UCSC,34.7295,-120.6317,34.73,-120.63,0.1650041426031307,0.05,2016,366,366,1.0,14.509549180327868,17.54,2.1250476190476193,251.94885531135532,27.0,9.0,strictly prior MUR days at the same source pixel
PURISIMA_N UCSC,34.7295,-120.6317,34.73,-120.63,0.1650041426031307,0.05,2017,365,365,1.0,14.535564383561644,19.535,3.176942857142858,249.2112,73.0,30.0,strictly prior MUR days at the same source pixel
PURISIMA_N UCSC,34.7295,-120.6317,34.73,-120.63,0.1650041426031307,0.05,2018,365,365,1.0,14.923112328767122,19.41,3.539919642857143,364.0012541666666,102.0,33.0,strictly prior MUR days at the same source pixel
PURISIMA_N UCSC,34.7295,-120.6317,34.73,-120.63,0.1650041426031307,0.05,2019,365,365,1.0,14.542528767123288,18.07,2.249232142857143,228.1992169117647,24.0,10.0,strictly prior MUR days at the same source pixel
PURISIMA_N UCSC,34.7295,-120.6317,34.73,-120.63,0.1650041426031307,0.05,2020,366,366,1.0,14.583459016393443,18.867,2.5305079365079375,286.2475,53.0,28.0,strictly prior MUR days at the same source pixel
PURISIMA_N UCSC,34.7295,-120.6317,34.73,-120.63,0.1650041426031307,0.05,2021,365,363,0.9945205479452055,13.78345179063361,17.237000000000002,2.7212857142857136,102.03678362573098,27.0,6.0,strictly prior MUR days at the same source pixel
PURISIMA_S UCSC,34.72695,-120.6271,34.73,-120.63,0.4304137496916889,0.05,2002,214,214,1.0,13.957920560747663,15.444,,,,,strictly prior MUR days at the same source pixel
PURISIMA_S UCSC,34.72695,-120.6271,34.73,-120.63,0.4304137496916889,0.05,2003,365,365,1.0,13.554676712328767,17.743,,,,,strictly prior MUR days at the same source pixel
PURISIMA_S UCSC,34.72695,-120.6271,34.73,-120.63,0.4304137496916889,0.05,2004,366,366,1.0,13.799825136612021,19.207,3.986071428571429,270.9175,75.0,33.0,strictly prior MUR days at the same source pixel
PURISIMA_S UCSC,34.72695,-120.6271,34.73,-120.63,0.4304137496916889,0.05,2005,365,364,0.9972602739726028,13.647706043956042,16.229,2.6193571428571434,205.97783333333334,14.0,8.0,strictly prior MUR days at the same source pixel
PURISIMA_S UCSC,34.72695,-120.6271,34.73,-120.63,0.4304137496916889,0.05,2006,365,365,1.0,14.064887671232878,18.772,3.4859642857142856,286.4589166666666,78.0,40.0,strictly prior MUR days at the same source pixel
PURISIMA_S UCSC,34.72695,-120.6271,34.73,-120.63,0.4304137496916889,0.05,2007,365,365,1.0,13.442931506849312,17.401,2.193428571428572,94.8737,36.0,18.0,strictly prior MUR days at the same source pixel
PURISIMA_S UCSC,34.72695,-120.6271,34.73,-120.63,0.4304137496916889,0.05,2008,366,366,1.0,13.648420765027323,17.914,2.1512857142857142,184.10453333333336,82.0,38.0,strictly prior MUR days at the same source pixel
PURISIMA_S UCSC,34.72695,-120.6271,34.73,-120.63,0.4304137496916889,0.05,2009,365,365,1.0,14.027835616438356,17.975,2.4641020408163277,221.22854761904765,52.0,25.0,strictly prior MUR days at the same source pixel
PURISIMA_S UCSC,34.72695,-120.6271,34.73,-120.63,0.4304137496916889,0.05,2010,365,365,1.0,13.420591780821917,16.349,1.2549387755102042,122.60726785714286,3.0,2.0,strictly prior MUR days at the same source pixel
PURISIMA_S UCSC,34.72695,-120.6271,34.73,-120.63,0.4304137496916889,0.05,2011,365,365,1.0,13.50375890410959,16.662,1.649714285714286,83.91912500000001,23.0,6.0,strictly prior MUR days at the same source pixel
PURISIMA_S UCSC,34.72695,-120.6271,34.73,-120.63,0.4304137496916889,0.05,2012,366,366,1.0,13.997502732240436,18.298,2.7765142857142857,231.4291333333333,90.0,49.0,strictly prior MUR days at the same source pixel
PURISIMA_S UCSC,34.72695,-120.6271,34.73,-120.63,0.4304137496916889,0.05,2013,365,365,1.0,13.936482191780822,17.179000000000002,2.5082857142857145,206.6017818181818,43.0,15.0,strictly prior MUR days at the same source pixel
PURISIMA_S UCSC,34.72695,-120.6271,34.73,-120.63,0.4304137496916889,0.05,2014,365,365,1.0,15.400873972602739,20.029,4.519678571428571,629.5847424242422,167.0,86.0,strictly prior MUR days at the same source pixel
PURISIMA_S UCSC,34.72695,-120.6271,34.73,-120.63,0.4304137496916889,0.05,2015,365,365,1.0,15.804369863013697,21.132,5.064032967032967,723.9416025641026,141.0,126.0,strictly prior MUR days at the same source pixel
PURISIMA_S UCSC,34.72695,-120.6271,34.73,-120.63,0.4304137496916889,0.05,2016,366,366,1.0,14.509549180327868,17.54,2.1250476190476193,251.94885531135532,27.0,9.0,strictly prior MUR days at the same source pixel
PURISIMA_S UCSC,34.72695,-120.6271,34.73,-120.63,0.4304137496916889,0.05,2017,365,365,1.0,14.535564383561644,19.535,3.176942857142858,249.2112,73.0,30.0,strictly prior MUR days at the same source pixel
PURISIMA_S UCSC,34.72695,-120.6271,34.73,-120.63,0.4304137496916889,0.05,2018,365,365,1.0,14.923112328767122,19.41,3.539919642857143,364.0012541666666,102.0,33.0,strictly prior MUR days at the same source pixel
PURISIMA_S UCSC,34.72695,-120.6271,34.73,-120.63,0.4304137496916889,0.05,2019,365,365,1.0,14.542528767123288,18.07,2.249232142857143,228.1992169117647,24.0,10.0,strictly prior MUR days at the same source pixel
PURISIMA_S UCSC,34.72695,-120.6271,34.73,-120.63,0.4304137496916889,0.05,2020,366,366,1.0,14.583459016393443,18.867,2.5305079365079375,286.2475,53.0,28.0,strictly prior MUR days at the same source pixel
PURISIMA_S UCSC,34.72695,-120.6271,34.73,-120.63,0.4304137496916889,0.05,2021,365,363,0.9945205479452055,13.78345179063361,17.237000000000002,2.7212857142857136,102.03678362573098,27.0,6.0,strictly prior MUR days at the same source pixel
Pebble Beach,38.69121,-123.442,38.69,-123.44,0.2196215872794337,0.05,2002,214,214,1.0,11.650285046728973,14.138,,,,,strictly prior MUR days at the same source pixel
Pebble Beach,38.69121,-123.442,38.69,-123.44,0.2196215872794337,0.05,2003,365,365,1.0,11.433000000000003,14.424,,,,,strictly prior MUR days at the same source pixel
Pebble Beach,38.69121,-123.442,38.69,-123.44,0.2196215872794337,0.05,2004,366,366,1.0,11.757967213114751,16.326,4.1636428571428565,221.342,60.0,19.0,strictly prior MUR days at the same source pixel
Pebble Beach,38.69121,-123.442,38.69,-123.44,0.2196215872794337,0.05,2005,365,365,1.0,12.017386301369863,13.78,3.4697142857142853,264.43733333333336,62.0,32.0,strictly prior MUR days at the same source pixel
Pebble Beach,38.69121,-123.442,38.69,-123.44,0.2196215872794337,0.05,2006,365,365,1.0,12.08153698630137,16.097,3.5299285714285715,238.77733333333333,81.0,43.0,strictly prior MUR days at the same source pixel
Pebble Beach,38.69121,-123.442,38.69,-123.44,0.2196215872794337,0.05,2007,365,365,1.0,11.293509589041097,15.302,2.154142857142857,109.35675,42.0,20.0,strictly prior MUR days at the same source pixel
Pebble Beach,38.69121,-123.442,38.69,-123.44,0.2196215872794337,0.05,2008,366,366,1.0,11.10357650273224,14.857,2.5979523809523806,123.65759999999996,50.0,29.0,strictly prior MUR days at the same source pixel
Pebble Beach,38.69121,-123.442,38.69,-123.44,0.2196215872794337,0.05,2009,365,365,1.0,11.457953424657536,15.579,2.7588163265306127,153.61971428571428,47.0,23.0,strictly prior MUR days at the same source pixel
Pebble Beach,38.69121,-123.442,38.69,-123.44,0.2196215872794337,0.05,2010,365,365,1.0,11.582769863013699,14.181,1.9390892857142856,150.85153571428572,9.0,4.0,strictly prior MUR days at the same source pixel
Pebble Beach,38.69121,-123.442,38.69,-123.44,0.2196215872794337,0.05,2011,365,365,1.0,11.244027397260274,14.537,1.966,73.02816666666668,31.0,12.0,strictly prior MUR days at the same source pixel
Pebble Beach,38.69121,-123.442,38.69,-123.44,0.2196215872794337,0.05,2012,366,366,1.0,11.187669398907104,14.288,2.1133714285714285,118.69144444444444,44.0,17.0,strictly prior MUR days at the same source pixel
Pebble Beach,38.69121,-123.442,38.69,-123.44,0.2196215872794337,0.05,2013,365,365,1.0,11.25568493150685,15.043,2.6664805194805195,127.26264545454545,32.0,14.0,strictly prior MUR days at the same source pixel
Pebble Beach,38.69121,-123.442,38.69,-123.44,0.2196215872794337,0.05,2014,365,365,1.0,13.158643835616438,17.954,5.085607142857143,639.80875,161.0,145.0,strictly prior MUR days at the same source pixel
Pebble Beach,38.69121,-123.442,38.69,-123.44,0.2196215872794337,0.05,2015,365,365,1.0,13.068394520547946,16.794,4.453219780219778,563.5791025641025,155.0,47.0,strictly prior MUR days at the same source pixel
Pebble Beach,38.69121,-123.442,38.69,-123.44,0.2196215872794337,0.05,2016,366,366,1.0,12.26908469945355,15.549,2.5936020408163256,299.33984432234433,47.0,27.0,strictly prior MUR days at the same source pixel
Pebble Beach,38.69121,-123.442,38.69,-123.44,0.2196215872794337,0.05,2017,365,365,1.0,12.152342465753424,15.715,2.2658285714285715,232.2026904761905,60.0,22.0,strictly prior MUR days at the same source pixel
Pebble Beach,38.69121,-123.442,38.69,-123.44,0.2196215872794337,0.05,2018,365,365,1.0,12.12965479452055,15.07,2.030321428571429,242.31751666666668,33.0,14.0,strictly prior MUR days at the same source pixel
Pebble Beach,38.69121,-123.442,38.69,-123.44,0.2196215872794337,0.05,2019,365,365,1.0,12.235295890410958,15.781,2.9841964285714275,251.7156654411765,26.0,8.0,strictly prior MUR days at the same source pixel
Pebble Beach,38.69121,-123.442,38.69,-123.44,0.2196215872794337,0.05,2020,366,366,1.0,12.069795081967213,15.482,2.604857142857143,220.67874836601308,41.0,26.0,strictly prior MUR days at the same source pixel
Pebble Beach,38.69121,-123.442,38.69,-123.44,0.2196215872794337,0.05,2021,365,363,0.9945205479452055,11.939126721763087,15.493,2.6023007518797,235.29897368421052,86.0,47.0,strictly prior MUR days at the same source pixel
Point Arena Lighthouse,38.9512,-123.744,38.95,-123.74,0.3707448861623302,0.05,2002,214,214,1.0,11.754682242990652,14.166,,,,,strictly prior MUR days at the same source pixel
Point Arena Lighthouse,38.9512,-123.744,38.95,-123.74,0.3707448861623302,0.05,2003,365,365,1.0,11.613287671232877,14.81,,,,,strictly prior MUR days at the same source pixel
Point Arena Lighthouse,38.9512,-123.744,38.95,-123.74,0.3707448861623302,0.05,2004,366,366,1.0,12.024065573770491,15.888,3.6660714285714278,240.47350000000003,71.0,17.0,strictly prior MUR days at the same source pixel
Point Arena Lighthouse,38.9512,-123.744,38.95,-123.74,0.3707448861623302,0.05,2005,365,365,1.0,12.113816438356166,13.829,3.282928571428571,225.454,60.0,27.0,strictly prior MUR days at the same source pixel
Point Arena Lighthouse,38.9512,-123.744,38.95,-123.74,0.3707448861623302,0.05,2006,365,365,1.0,12.118871232876712,15.329,2.7556071428571434,203.82041666666663,75.0,21.0,strictly prior MUR days at the same source pixel
Point Arena Lighthouse,38.9512,-123.744,38.95,-123.74,0.3707448861623302,0.05,2007,365,365,1.0,11.658235616438354,15.671,2.789714285714286,170.90654999999998,69.0,36.0,strictly prior MUR days at the same source pixel
Point Arena Lighthouse,38.9512,-123.744,38.95,-123.74,0.3707448861623302,0.05,2008,366,366,1.0,11.072265027322404,14.761,2.330857142857142,107.04923333333333,39.0,26.0,strictly prior MUR days at the same source pixel
Point Arena Lighthouse,38.9512,-123.744,38.95,-123.74,0.3707448861623302,0.05,2009,365,365,1.0,11.469589041095892,15.551,2.6076326530612244,129.73857142857145,37.0,20.0,strictly prior MUR days at the same source pixel
Point Arena Lighthouse,38.9512,-123.744,38.95,-123.74,0.3707448861623302,0.05,2010,365,365,1.0,11.528786301369863,13.855,2.0065714285714287,114.53419642857142,3.0,2.0,strictly prior MUR days at the same source pixel
Point Arena Lighthouse,38.9512,-123.744,38.95,-123.74,0.3707448861623302,0.05,2011,365,365,1.0,11.369353424657534,15.143,2.2710634920634925,74.541875,36.0,13.0,strictly prior MUR days at the same source pixel
Point Arena Lighthouse,38.9512,-123.744,38.95,-123.74,0.3707448861623302,0.05,2012,366,366,1.0,11.556986338797815,14.978,2.471342857142857,171.6320777777778,80.0,24.0,strictly prior MUR days at the same source pixel
Point Arena Lighthouse,38.9512,-123.744,38.95,-123.74,0.3707448861623302,0.05,2013,365,365,1.0,11.673657534246576,15.787,3.0192467532467524,183.65452727272725,70.0,25.0,strictly prior MUR days at the same source pixel
Point Arena Lighthouse,38.9512,-123.744,38.95,-123.74,0.3707448861623302,0.05,2014,365,365,1.0,13.36589315068493,17.621,4.385416666666666,648.2117045454544,158.0,141.0,strictly prior MUR days at the same source pixel
Point Arena Lighthouse,38.9512,-123.744,38.95,-123.74,0.3707448861623302,0.05,2015,365,365,1.0,13.184161643835614,16.544,4.232989010989011,549.2151923076923,135.0,46.0,strictly prior MUR days at the same source pixel
Point Arena Lighthouse,38.9512,-123.744,38.95,-123.74,0.3707448861623302,0.05,2016,366,366,1.0,12.440950819672128,15.282,2.415021978021978,297.07619780219784,33.0,18.0,strictly prior MUR days at the same source pixel
Point Arena Lighthouse,38.9512,-123.744,38.95,-123.74,0.3707448861623302,0.05,2017,365,365,1.0,12.305057534246574,16.07,2.3422952380952387,233.23595238095237,52.0,20.0,strictly prior MUR days at the same source pixel
Point Arena Lighthouse,38.9512,-123.744,38.95,-123.74,0.3707448861623302,0.05,2018,365,365,1.0,12.318887671232877,15.743,2.1604375,239.73275833333332,36.0,11.0,strictly prior MUR days at the same source pixel
Point Arena Lighthouse,38.9512,-123.744,38.95,-123.74,0.3707448861623302,0.05,2019,365,365,1.0,12.55849315068493,16.695,2.8492521008403355,291.4213860294118,68.0,27.0,strictly prior MUR days at the same source pixel
Point Arena Lighthouse,38.9512,-123.744,38.95,-123.74,0.3707448861623302,0.05,2020,366,366,1.0,12.196494535519129,16.919,3.5440873015873016,230.8742091503268,56.0,50.0,strictly prior MUR days at the same source pixel
Point Arena Lighthouse,38.9512,-123.744,38.95,-123.74,0.3707448861623302,0.05,2021,365,363,0.9945205479452055,11.780837465564739,14.646,2.004045112781955,145.6841783625731,32.0,8.0,strictly prior MUR days at the same source pixel
Point Arena MPA (M2),38.9448,-123.741,38.94,-123.74,0.540697885621162,0.05,2002,214,214,1.0,11.754742990654208,14.171,,,,,strictly prior MUR days at the same source pixel
Point Arena MPA (M2),38.9448,-123.741,38.94,-123.74,0.540697885621162,0.05,2003,365,365,1.0,11.613315068493153,14.746,,,,,strictly prior MUR days at the same source pixel
Point Arena MPA (M2),38.9448,-123.741,38.94,-123.74,0.540697885621162,0.05,2004,366,366,1.0,12.029207650273225,15.895,3.6824285714285705,242.5555,73.0,17.0,strictly prior MUR days at the same source pixel
Point Arena MPA (M2),38.9448,-123.741,38.94,-123.74,0.540697885621162,0.05,2005,365,365,1.0,12.116649315068491,13.834,3.309428571428571,224.99283333333332,59.0,23.0,strictly prior MUR days at the same source pixel
Point Arena MPA (M2),38.9448,-123.741,38.94,-123.74,0.540697885621162,0.05,2006,365,365,1.0,12.12391780821918,15.354,2.785714285714285,204.59591666666665,75.0,21.0,strictly prior MUR days at the same source pixel
Point Arena MPA (M2),38.9448,-123.741,38.94,-123.74,0.540697885621162,0.05,2007,365,365,1.0,11.664413698630138,15.653,2.7989142857142855,171.54545,69.0,36.0,strictly prior MUR days at the same source pixel
Point Arena MPA (M2),38.9448,-123.741,38.94,-123.74,0.540697885621162,0.05,2008,366,366,1.0,11.082166666666668,14.794,2.3543571428571433,107.71216666666669,39.0,26.0,strictly prior MUR days at the same source pixel
Point Arena MPA (M2),38.9448,-123.741,38.94,-123.74,0.540697885621162,0.05,2009,365,365,1.0,11.481158904109588,15.58,2.6215510204081633,131.46435714285718,37.0,20.0,strictly prior MUR days at the same source pixel
Point Arena MPA (M2),38.9448,-123.741,38.94,-123.74,0.540697885621162,0.05,2010,365,365,1.0,11.535997260273973,13.887,2.002535714285714,114.02466071428572,4.0,2.0,strictly prior MUR days at the same source pixel
Point Arena MPA (M2),38.9448,-123.741,38.94,-123.74,0.540697885621162,0.05,2011,365,365,1.0,11.374594520547944,15.173,2.284206349206349,74.73474999999999,36.0,13.0,strictly prior MUR days at the same source pixel
Point Arena MPA (M2),38.9448,-123.741,38.94,-123.74,0.540697885621162,0.05,2012,366,366,1.0,11.559975409836065,14.982,2.4363571428571427,170.69866666666664,80.0,24.0,strictly prior MUR days at the same source pixel
Point Arena MPA (M2),38.9448,-123.741,38.94,-123.74,0.540697885621162,0.05,2013,365,365,1.0,11.68398630136986,15.804,3.031012987012988,184.68616363636363,70.0,25.0,strictly prior MUR days at the same source pixel
Point Arena MPA (M2),38.9448,-123.741,38.94,-123.74,0.540697885621162,0.05,2014,365,365,1.0,13.372665753424656,17.641,4.3972976190476185,648.3079015151516,157.0,140.0,strictly prior MUR days at the same source pixel
Point Arena MPA (M2),38.9448,-123.741,38.94,-123.74,0.540697885621162,0.05,2015,365,365,1.0,13.193224657534246,16.570999999999998,4.237175824175824,550.581173076923,138.0,46.0,strictly prior MUR days at the same source pixel
Point Arena MPA (M2),38.9448,-123.741,38.94,-123.74,0.540697885621162,0.05,2016,366,366,1.0,12.446792349726776,15.304,2.416604395604395,297.2940989010989,33.0,18.0,strictly prior MUR days at the same source pixel
Point Arena MPA (M2),38.9448,-123.741,38.94,-123.74,0.540697885621162,0.05,2017,365,365,1.0,12.316498630136985,16.076,2.338828571428572,234.25837142857145,53.0,20.0,strictly prior MUR days at the same source pixel
Point Arena MPA (M2),38.9448,-123.741,38.94,-123.74,0.540697885621162,0.05,2018,365,365,1.0,12.327482191780822,15.742,2.1793660714285714,240.2812541666667,38.0,11.0,strictly prior MUR days at the same source pixel
Point Arena MPA (M2),38.9448,-123.741,38.94,-123.74,0.540697885621162,0.05,2019,365,365,1.0,12.567027397260274,16.714,2.85790756302521,292.0199264705882,68.0,27.0,strictly prior MUR days at the same source pixel
Point Arena MPA (M2),38.9448,-123.741,38.94,-123.74,0.540697885621162,0.05,2020,366,366,1.0,12.201918032786885,16.887999999999998,3.514547619047619,230.4237385620915,56.0,50.0,strictly prior MUR days at the same source pixel
Point Arena MPA (M2),38.9448,-123.741,38.94,-123.74,0.540697885621162,0.05,2021,365,363,0.9945205479452055,11.784209366391183,14.639,2.0043233082706764,145.39985964912282,30.0,8.0,strictly prior MUR days at the same source pixel
Point Arena Ref,38.908,-123.719,38.91,-123.72,0.2386296386710654,0.05,2002,214,214,1.0,11.723897196261683,14.173,,,,,strictly prior MUR days at the same source pixel
Point Arena Ref,38.908,-123.719,38.91,-123.72,0.2386296386710654,0.05,2003,365,365,1.0,11.57793698630137,14.581,,,,,strictly prior MUR days at the same source pixel
Point Arena Ref,38.908,-123.719,38.91,-123.72,0.2386296386710654,0.05,2004,366,366,1.0,12.004784153005465,15.935,3.7465714285714284,246.9425,71.0,14.0,strictly prior MUR days at the same source pixel
Point Arena Ref,38.908,-123.719,38.91,-123.72,0.2386296386710654,0.05,2005,365,365,1.0,12.104249315068493,13.912,3.380214285714286,230.66649999999998,55.0,18.0,strictly prior MUR days at the same source pixel
Point Arena Ref,38.908,-123.719,38.91,-123.72,0.2386296386710654,0.05,2006,365,365,1.0,12.113701369863014,15.436,2.8796785714285713,208.35983333333328,72.0,19.0,strictly prior MUR days at the same source pixel
Point Arena Ref,38.908,-123.719,38.91,-123.72,0.2386296386710654,0.05,2007,365,365,1.0,11.641805479452055,15.558,2.777885714285714,170.00155,68.0,35.0,strictly prior MUR days at the same source pixel
Point Arena Ref,38.908,-123.719,38.91,-123.72,0.2386296386710654,0.05,2008,366,366,1.0,11.088568306010929,14.88,2.4410714285714286,111.15063333333332,44.0,26.0,strictly prior MUR days at the same source pixel
Point Arena Ref,38.908,-123.719,38.91,-123.72,0.2386296386710654,0.05,2009,365,365,1.0,11.490416438356165,15.643,2.682918367346939,136.76642857142858,41.0,22.0,strictly prior MUR days at the same source pixel
Point Arena Ref,38.908,-123.719,38.91,-123.72,0.2386296386710654,0.05,2010,365,365,1.0,11.53876712328767,14.009,2.015,116.2525892857143,4.0,2.0,strictly prior MUR days at the same source pixel
Point Arena Ref,38.908,-123.719,38.91,-123.72,0.2386296386710654,0.05,2011,365,365,1.0,11.356997260273973,15.17,2.2695396825396825,74.32159722222222,35.0,13.0,strictly prior MUR days at the same source pixel
Point Arena Ref,38.908,-123.719,38.91,-123.72,0.2386296386710654,0.05,2012,366,366,1.0,11.527633879781419,14.961,2.2943428571428575,166.0507777777778,80.0,24.0,strictly prior MUR days at the same source pixel
Point Arena Ref,38.908,-123.719,38.91,-123.72,0.2386296386710654,0.05,2013,365,365,1.0,11.667646575342465,15.807,3.0336623376623377,184.27007272727272,68.0,24.0,strictly prior MUR days at the same source pixel
Point Arena Ref,38.908,-123.719,38.91,-123.72,0.2386296386710654,0.05,2014,365,365,1.0,13.358945205479452,17.644,4.433642857142858,647.9454772727272,158.0,141.0,strictly prior MUR days at the same source pixel
Point Arena Ref,38.908,-123.719,38.91,-123.72,0.2386296386710654,0.05,2015,365,365,1.0,13.186082191780821,16.596,4.252472527472528,554.4802628205128,139.0,46.0,strictly prior MUR days at the same source pixel
Point Arena Ref,38.908,-123.719,38.91,-123.72,0.2386296386710654,0.05,2016,366,366,1.0,12.42872131147541,15.345,2.408417582417582,297.3977783882784,33.0,17.0,strictly prior MUR days at the same source pixel
Point Arena Ref,38.908,-123.719,38.91,-123.72,0.2386296386710654,0.05,2017,365,365,1.0,12.31541095890411,16.073,2.2982571428571426,237.0866,57.0,20.0,strictly prior MUR days at the same source pixel
Point Arena Ref,38.908,-123.719,38.91,-123.72,0.2386296386710654,0.05,2018,365,365,1.0,12.306923287671234,15.699,2.1874375,239.90359166666667,37.0,11.0,strictly prior MUR days at the same source pixel
Point Arena Ref,38.908,-123.719,38.91,-123.72,0.2386296386710654,0.05,2019,365,365,1.0,12.549564383561645,16.685000000000002,2.827739495798319,291.6277169117647,63.0,15.0,strictly prior MUR days at the same source pixel
Point Arena Ref,38.908,-123.719,38.91,-123.72,0.2386296386710654,0.05,2020,366,366,1.0,12.183319672131148,16.72,3.3195634920634918,228.7644183006536,56.0,50.0,strictly prior MUR days at the same source pixel
Point Arena Ref,38.908,-123.719,38.91,-123.72,0.2386296386710654,0.05,2021,365,363,0.9945205479452055,11.785732782369145,14.661,2.044714285714286,150.9533187134503,42.0,8.0,strictly prior MUR days at the same source pixel
Portuguese Beach,39.30323,-123.803,39.3,-123.8,0.4423008391665926,0.05,2002,214,214,1.0,11.665957943925234,13.919,,,,,strictly prior MUR days at the same source pixel
Portuguese Beach,39.30323,-123.803,39.3,-123.8,0.4423008391665926,0.05,2003,365,365,1.0,11.566520547945204,14.57,,,,,strictly prior MUR days at the same source pixel
Portuguese Beach,39.30323,-123.803,39.3,-123.8,0.4423008391665926,0.05,2004,366,366,1.0,11.953010928961751,15.935,3.3667142857142855,249.57399999999996,84.0,39.0,strictly prior MUR days at the same source pixel
Portuguese Beach,39.30323,-123.803,39.3,-123.8,0.4423008391665926,0.05,2005,365,365,1.0,11.975865753424657,13.595,2.956428571428571,210.24216666666663,54.0,18.0,strictly prior MUR days at the same source pixel
Portuguese Beach,39.30323,-123.803,39.3,-123.8,0.4423008391665926,0.05,2006,365,365,1.0,12.058249315068494,14.337,2.7657857142857147,225.48166666666668,85.0,25.0,strictly prior MUR days at the same source pixel
Portuguese Beach,39.30323,-123.803,39.3,-123.8,0.4423008391665926,0.05,2007,365,365,1.0,11.519868493150685,15.563,3.151999999999999,171.78844999999998,69.0,36.0,strictly prior MUR days at the same source pixel
Portuguese Beach,39.30323,-123.803,39.3,-123.8,0.4423008391665926,0.05,2008,366,366,1.0,10.881016393442623,14.58,2.2629761904761905,93.3074,38.0,26.0,strictly prior MUR days at the same source pixel
Portuguese Beach,39.30323,-123.803,39.3,-123.8,0.4423008391665926,0.05,2009,365,365,1.0,11.25775890410959,15.258,2.4605306122448973,111.05361904761904,32.0,20.0,strictly prior MUR days at the same source pixel
Portuguese Beach,39.30323,-123.803,39.3,-123.8,0.4423008391665926,0.05,2010,365,365,1.0,11.328219178082191,13.774,1.6352448979591832,122.74780357142858,5.0,3.0,strictly prior MUR days at the same source pixel
Portuguese Beach,39.30323,-123.803,39.3,-123.8,0.4423008391665926,0.05,2011,365,365,1.0,11.284449315068493,14.4,1.9000793650793653,85.93713888888891,25.0,10.0,strictly prior MUR days at the same source pixel
Portuguese Beach,39.30323,-123.803,39.3,-123.8,0.4423008391665926,0.05,2012,366,366,1.0,11.592879781420764,15.479,3.1366714285714283,201.8844,83.0,46.0,strictly prior MUR days at the same source pixel
Portuguese Beach,39.30323,-123.803,39.3,-123.8,0.4423008391665926,0.05,2013,365,365,1.0,11.529200000000001,16.012,3.423883116883116,187.68058181818182,63.0,23.0,strictly prior MUR days at the same source pixel
Portuguese Beach,39.30323,-123.803,39.3,-123.8,0.4423008391665926,0.05,2014,365,365,1.0,13.21929315068493,17.334,4.144428571428572,641.0267424242425,155.0,75.0,strictly prior MUR days at the same source pixel
Portuguese Beach,39.30323,-123.803,39.3,-123.8,0.4423008391665926,0.05,2015,365,365,1.0,13.009652054794524,16.756999999999998,4.168417582417582,538.5515512820513,131.0,70.0,strictly prior MUR days at the same source pixel
Portuguese Beach,39.30323,-123.803,39.3,-123.8,0.4423008391665926,0.05,2016,366,366,1.0,12.330950819672132,15.11,2.466912087912088,295.6233992673993,34.0,18.0,strictly prior MUR days at the same source pixel
Portuguese Beach,39.30323,-123.803,39.3,-123.8,0.4423008391665926,0.05,2017,365,365,1.0,12.17880821917808,16.265,2.4591904761904764,239.33338571428573,56.0,20.0,strictly prior MUR days at the same source pixel
Portuguese Beach,39.30323,-123.803,39.3,-123.8,0.4423008391665926,0.05,2018,365,365,1.0,12.1723698630137,15.945,2.8834375,238.73104583333333,38.0,15.0,strictly prior MUR days at the same source pixel
Portuguese Beach,39.30323,-123.803,39.3,-123.8,0.4423008391665926,0.05,2019,365,365,1.0,12.422490410958906,16.612000000000002,2.8321176470588236,288.6413713235294,70.0,27.0,strictly prior MUR days at the same source pixel
Portuguese Beach,39.30323,-123.803,39.3,-123.8,0.4423008391665926,0.05,2020,366,366,1.0,12.178390710382514,17.971,4.63365873015873,273.6665882352941,58.0,45.0,strictly prior MUR days at the same source pixel
Portuguese Beach,39.30323,-123.803,39.3,-123.8,0.4423008391665926,0.05,2021,365,363,0.9945205479452055,11.654953168044075,14.575,2.0956240601503757,138.86960818713453,30.0,11.0,strictly prior MUR days at the same source pixel
RADAR UCSC,35.51222,-121.0734,35.51,-121.07,0.394516389418771,0.05,2002,214,214,1.0,13.362499999999999,15.035,,,,,strictly prior MUR days at the same source pixel
RADAR UCSC,35.51222,-121.0734,35.51,-121.07,0.394516389418771,0.05,2003,365,365,1.0,13.156309589041095,16.892,,,,,strictly prior MUR days at the same source pixel
RADAR UCSC,35.51222,-121.0734,35.51,-121.07,0.394516389418771,0.05,2004,366,366,1.0,13.294166666666664,17.155,2.9283571428571427,224.2405,66.0,30.0,strictly prior MUR days at the same source pixel
RADAR UCSC,35.51222,-121.0734,35.51,-121.07,0.394516389418771,0.05,2005,365,365,1.0,13.23844109589041,15.771,2.6257857142857146,194.98899999999998,19.0,18.0,strictly prior MUR days at the same source pixel
RADAR UCSC,35.51222,-121.0734,35.51,-121.07,0.394516389418771,0.05,2006,365,365,1.0,13.712835616438355,17.453,2.860357142857142,303.7488333333333,111.0,50.0,strictly prior MUR days at the same source pixel
RADAR UCSC,35.51222,-121.0734,35.51,-121.07,0.394516389418771,0.05,2007,365,365,1.0,12.96871506849315,16.508,1.930142857142857,85.63929999999999,16.0,12.0,strictly prior MUR days at the same source pixel
RADAR UCSC,35.51222,-121.0734,35.51,-121.07,0.394516389418771,0.05,2008,366,366,1.0,13.090579234972678,16.994,1.956619047619048,165.4572,72.0,38.0,strictly prior MUR days at the same source pixel
RADAR UCSC,35.51222,-121.0734,35.51,-121.07,0.394516389418771,0.05,2009,365,365,1.0,13.377249315068493,16.485,2.9490204081632663,178.2585714285714,34.0,8.0,strictly prior MUR days at the same source pixel
RADAR UCSC,35.51222,-121.0734,35.51,-121.07,0.394516389418771,0.05,2010,365,365,1.0,13.17857808219178,15.739,1.3961632653061227,127.08369642857141,3.0,2.0,strictly prior MUR days at the same source pixel
RADAR UCSC,35.51222,-121.0734,35.51,-121.07,0.394516389418771,0.05,2011,365,365,1.0,13.358868493150686,16.595,1.7064285714285712,134.4689861111111,46.0,15.0,strictly prior MUR days at the same source pixel
RADAR UCSC,35.51222,-121.0734,35.51,-121.07,0.394516389418771,0.05,2012,366,366,1.0,13.42054918032787,17.42,2.5091571428571435,187.86916666666664,66.0,27.0,strictly prior MUR days at the same source pixel
RADAR UCSC,35.51222,-121.0734,35.51,-121.07,0.394516389418771,0.05,2013,365,365,1.0,13.439389041095891,16.43,3.3665974025974017,165.61544545454547,45.0,18.0,strictly prior MUR days at the same source pixel
RADAR UCSC,35.51222,-121.0734,35.51,-121.07,0.394516389418771,0.05,2014,365,365,1.0,15.030095890410959,19.29,4.223702380952381,658.3598484848485,173.0,129.0,strictly prior MUR days at the same source pixel
RADAR UCSC,35.51222,-121.0734,35.51,-121.07,0.394516389418771,0.05,2015,365,365,1.0,15.431539726027399,19.752,4.314417582417582,743.8485256410256,153.0,135.0,strictly prior MUR days at the same source pixel
RADAR UCSC,35.51222,-121.0734,35.51,-121.07,0.394516389418771,0.05,2016,366,366,1.0,14.070065573770492,16.89,2.5934395604395606,249.08592857142855,27.0,8.0,strictly prior MUR days at the same source pixel
RADAR UCSC,35.51222,-121.0734,35.51,-121.07,0.394516389418771,0.05,2017,365,365,1.0,14.045430136986303,18.486,3.084780952380953,230.7885142857143,60.0,37.0,strictly prior MUR days at the same source pixel
RADAR UCSC,35.51222,-121.0734,35.51,-121.07,0.394516389418771,0.05,2018,365,365,1.0,14.274005479452056,17.718,3.108812499999999,304.39317083333333,81.0,28.0,strictly prior MUR days at the same source pixel
RADAR UCSC,35.51222,-121.0734,35.51,-121.07,0.394516389418771,0.05,2019,365,365,1.0,14.014142465753425,16.564999999999998,2.3605042016806723,217.58540808823528,17.0,6.0,strictly prior MUR days at the same source pixel
RADAR UCSC,35.51222,-121.0734,35.51,-121.07,0.394516389418771,0.05,2020,366,366,1.0,14.026035519125685,17.349,2.201309523809523,234.992931372549,64.0,28.0,strictly prior MUR days at the same source pixel
RADAR UCSC,35.51222,-121.0734,35.51,-121.07,0.394516389418771,0.05,2021,365,363,0.9945205479452055,13.493774104683196,17.542,2.022142857142857,117.7897134502924,46.0,21.0,strictly prior MUR days at the same source pixel
RESORT_POINT VRG,33.76648,-118.4275,33.77,-118.43,0.4545342508441505,0.05,2002,214,213,0.9953271028037384,17.489530516431927,20.385,,,,,strictly prior MUR days at the same source pixel
RESORT_POINT VRG,33.76648,-118.4275,33.77,-118.43,0.4545342508441505,0.05,2003,365,365,1.0,16.917791780821915,22.216,,,,,strictly prior MUR days at the same source pixel
RESORT_POINT VRG,33.76648,-118.4275,33.77,-118.43,0.4545342508441505,0.05,2004,366,366,1.0,17.28404098360656,23.146,4.198428571428573,316.507,65.0,46.0,strictly prior MUR days at the same source pixel
RESORT_POINT VRG,33.76648,-118.4275,33.77,-118.43,0.4545342508441505,0.05,2005,365,365,1.0,16.841131506849315,21.043,1.4274999999999998,109.47966666666665,19.0,5.0,strictly prior MUR days at the same source pixel
RESORT_POINT VRG,33.76648,-118.4275,33.77,-118.43,0.4545342508441505,0.05,2006,365,364,0.9972602739726028,17.35668956043956,23.317,2.9433214285714295,288.74816666666663,70.0,67.0,strictly prior MUR days at the same source pixel
RESORT_POINT VRG,33.76648,-118.4275,33.77,-118.43,0.4545342508441505,0.05,2007,365,364,0.9972602739726028,16.852052197802198,21.983,1.6973142857142842,107.47105,61.0,48.0,strictly prior MUR days at the same source pixel
RESORT_POINT VRG,33.76648,-118.4275,33.77,-118.43,0.4545342508441505,0.05,2008,366,366,1.0,17.16374863387978,22.145,2.771261904761906,188.31866666666667,59.0,19.0,strictly prior MUR days at the same source pixel
RESORT_POINT VRG,33.76648,-118.4275,33.77,-118.43,0.4545342508441505,0.05,2009,365,365,1.0,17.26804931506849,22.345,2.2513061224489803,184.19857142857143,56.0,30.0,strictly prior MUR days at the same source pixel
RESORT_POINT VRG,33.76648,-118.4275,33.77,-118.43,0.4545342508441505,0.05,2010,365,365,1.0,16.439931506849316,19.693,1.2454285714285713,84.22925000000001,0.0,0.0,strictly prior MUR days at the same source pixel
RESORT_POINT VRG,33.76648,-118.4275,33.77,-118.43,0.4545342508441505,0.05,2011,365,365,1.0,16.54121095890411,20.565,1.5315357142857133,58.82361111111111,2.0,2.0,strictly prior MUR days at the same source pixel
RESORT_POINT VRG,33.76648,-118.4275,33.77,-118.43,0.4545342508441505,0.05,2012,366,366,1.0,17.250833333333333,21.864,2.268171428571427,245.78618888888883,67.0,43.0,strictly prior MUR days at the same source pixel
RESORT_POINT VRG,33.76648,-118.4275,33.77,-118.43,0.4545342508441505,0.05,2013,365,365,1.0,17.189978082191782,21.224,2.3698311688311695,189.33644772727274,28.0,13.0,strictly prior MUR days at the same source pixel
RESORT_POINT VRG,33.76648,-118.4275,33.77,-118.43,0.4545342508441505,0.05,2014,365,365,1.0,18.554873972602742,22.917,3.2525119047619055,590.2415,126.0,46.0,strictly prior MUR days at the same source pixel
RESORT_POINT VRG,33.76648,-118.4275,33.77,-118.43,0.4545342508441505,0.05,2015,365,365,1.0,18.925232876712332,23.934,4.349230769230769,680.4739269230769,116.0,112.0,strictly prior MUR days at the same source pixel
RESORT_POINT VRG,33.76648,-118.4275,33.77,-118.43,0.4545342508441505,0.05,2016,366,366,1.0,18.058890710382514,23.107,2.3230512820512814,326.2277730602731,72.0,56.0,strictly prior MUR days at the same source pixel
RESORT_POINT VRG,33.76648,-118.4275,33.77,-118.43,0.4545342508441505,0.05,2017,365,365,1.0,17.84625205479452,22.865,2.142952380952381,239.61605238095237,59.0,38.0,strictly prior MUR days at the same source pixel
RESORT_POINT VRG,33.76648,-118.4275,33.77,-118.43,0.4545342508441505,0.05,2018,365,365,1.0,18.12711506849315,24.007,3.2746517857142856,331.94640641025643,75.0,74.0,strictly prior MUR days at the same source pixel
RESORT_POINT VRG,33.76648,-118.4275,33.77,-118.43,0.4545342508441505,0.05,2019,365,365,1.0,17.662002739726027,22.787,1.900336134453782,182.84537605042016,56.0,38.0,strictly prior MUR days at the same source pixel
RESORT_POINT VRG,33.76648,-118.4275,33.77,-118.43,0.4545342508441505,0.05,2020,366,366,1.0,17.703207650273225,23.199,2.811310924369747,241.34586928104576,34.0,13.0,strictly prior MUR days at the same source pixel
RESORT_POINT VRG,33.76648,-118.4275,33.77,-118.43,0.4545342508441505,0.05,2021,365,363,0.9945205479452055,17.025115702479336,21.351,1.4042142857142852,63.98776315789473,10.0,9.0,strictly prior MUR days at the same source pixel
RIDGES_N VRG,33.78848,-118.4232,33.79,-118.42,0.340613929417126,0.05,2002,214,213,0.9953271028037384,17.467633802816902,20.335,,,,,strictly prior MUR days at the same source pixel
RIDGES_N VRG,33.78848,-118.4232,33.79,-118.42,0.340613929417126,0.05,2003,365,365,1.0,16.90049589041096,22.283,,,,,strictly prior MUR days at the same source pixel
RIDGES_N VRG,33.78848,-118.4232,33.79,-118.42,0.340613929417126,0.05,2004,366,366,1.0,17.274218579234972,23.105,4.165857142857143,320.4755,63.0,46.0,strictly prior MUR days at the same source pixel
RIDGES_N VRG,33.78848,-118.4232,33.79,-118.42,0.340613929417126,0.05,2005,365,365,1.0,16.83912328767123,20.956,1.4572857142857136,112.42483333333334,17.0,5.0,strictly prior MUR days at the same source pixel
RIDGES_N VRG,33.78848,-118.4232,33.79,-118.42,0.340613929417126,0.05,2006,365,364,0.9972602739726028,17.344115384615385,23.446,2.9931071428571423,290.1414166666667,72.0,66.0,strictly prior MUR days at the same source pixel
RIDGES_N VRG,33.78848,-118.4232,33.79,-118.42,0.340613929417126,0.05,2007,365,364,0.9972602739726028,16.848763736263738,22.064,1.769885714285714,110.94880000000002,61.0,48.0,strictly prior MUR days at the same source pixel
RIDGES_N VRG,33.78848,-118.4232,33.79,-118.42,0.340613929417126,0.05,2008,366,366,1.0,17.16786338797814,22.199,2.7852857142857137,192.59366666666668,63.0,19.0,strictly prior MUR days at the same source pixel
RIDGES_N VRG,33.78848,-118.4232,33.79,-118.42,0.340613929417126,0.05,2009,365,365,1.0,17.2672,22.324,2.2852653061224486,186.26291666666668,56.0,30.0,strictly prior MUR days at the same source pixel
RIDGES_N VRG,33.78848,-118.4232,33.79,-118.42,0.340613929417126,0.05,2010,365,365,1.0,16.43922465753425,19.687,1.239448979591837,87.23292857142859,0.0,0.0,strictly prior MUR days at the same source pixel
RIDGES_N VRG,33.78848,-118.4232,33.79,-118.42,0.340613929417126,0.05,2011,365,365,1.0,16.527386301369862,20.499,1.500535714285714,57.60041666666667,2.0,2.0,strictly prior MUR days at the same source pixel
RIDGES_N VRG,33.78848,-118.4232,33.79,-118.42,0.340613929417126,0.05,2012,366,366,1.0,17.238983606557376,22.021,2.2004428571428574,247.07828888888892,65.0,43.0,strictly prior MUR days at the same source pixel
RIDGES_N VRG,33.78848,-118.4232,33.79,-118.42,0.340613929417126,0.05,2013,365,365,1.0,17.17295890410959,21.343,2.3903896103896103,188.23366136363637,27.0,13.0,strictly prior MUR days at the same source pixel
RIDGES_N VRG,33.78848,-118.4232,33.79,-118.42,0.340613929417126,0.05,2014,365,365,1.0,18.532128767123286,22.893,3.232083333333334,585.9859368686868,124.0,46.0,strictly prior MUR days at the same source pixel
RIDGES_N VRG,33.78848,-118.4232,33.79,-118.42,0.340613929417126,0.05,2015,365,365,1.0,18.9006602739726,23.963,4.483406593406593,675.8371038461539,116.0,112.0,strictly prior MUR days at the same source pixel
RIDGES_N VRG,33.78848,-118.4232,33.79,-118.42,0.340613929417126,0.05,2016,366,366,1.0,18.038204918032786,23.062,2.348069597069597,322.75367998667997,71.0,56.0,strictly prior MUR days at the same source pixel
RIDGES_N VRG,33.78848,-118.4232,33.79,-118.42,0.340613929417126,0.05,2017,365,365,1.0,17.82561095890411,22.839,2.1152190476190476,238.02033809523806,60.0,38.0,strictly prior MUR days at the same source pixel
RIDGES_N VRG,33.78848,-118.4232,33.79,-118.42,0.340613929417126,0.05,2018,365,365,1.0,18.107906849315068,24.08,3.330696428571428,330.7140958333333,76.0,74.0,strictly prior MUR days at the same source pixel
RIDGES_N VRG,33.78848,-118.4232,33.79,-118.42,0.340613929417126,0.05,2019,365,365,1.0,17.65212602739726,22.814,1.8729243697478992,184.05840126050424,53.0,38.0,strictly prior MUR days at the same source pixel
RIDGES_N VRG,33.78848,-118.4232,33.79,-118.42,0.340613929417126,0.05,2020,366,366,1.0,17.677412568306007,23.171,2.8086134453781506,241.0681209150327,34.0,13.0,strictly prior MUR days at the same source pixel
RIDGES_N VRG,33.78848,-118.4232,33.79,-118.42,0.340613929417126,0.05,2021,365,363,0.9945205479452055,17.006038567493114,21.421,1.3829444444444452,64.18265789473685,7.0,5.0,strictly prior MUR days at the same source pixel
RIDGES_S VRG,33.78575,-118.4258,33.79,-118.43,0.6115425310145558,0.05,2002,214,213,0.9953271028037384,17.470107981220657,20.287,,,,,strictly prior MUR days at the same source pixel
RIDGES_S VRG,33.78575,-118.4258,33.79,-118.43,0.6115425310145558,0.05,2003,365,365,1.0,16.90399726027397,22.283,,,,,strictly prior MUR days at the same source pixel
RIDGES_S VRG,33.78575,-118.4258,33.79,-118.43,0.6115425310145558,0.05,2004,366,366,1.0,17.27586338797814,23.122,4.165857142857143,320.09400000000005,64.0,46.0,strictly prior MUR days at the same source pixel
RIDGES_S VRG,33.78575,-118.4258,33.79,-118.43,0.6115425310145558,0.05,2005,365,365,1.0,16.838443835616435,20.919,1.4330714285714288,111.49350000000001,17.0,5.0,strictly prior MUR days at the same source pixel
RIDGES_S VRG,33.78575,-118.4258,33.79,-118.43,0.6115425310145558,0.05,2006,365,364,0.9972602739726028,17.346046703296704,23.404,2.9634285714285715,289.79333333333335,72.0,66.0,strictly prior MUR days at the same source pixel
RIDGES_S VRG,33.78575,-118.4258,33.79,-118.43,0.6115425310145558,0.05,2007,365,364,0.9972602739726028,16.84697802197802,22.072,1.7614857142857143,110.82270000000004,61.0,48.0,strictly prior MUR days at the same source pixel
RIDGES_S VRG,33.78575,-118.4258,33.79,-118.43,0.6115425310145558,0.05,2008,366,366,1.0,17.163489071038253,22.122,2.7852380952380953,191.02516666666665,61.0,19.0,strictly prior MUR days at the same source pixel
RIDGES_S VRG,33.78575,-118.4258,33.79,-118.43,0.6115425310145558,0.05,2009,365,365,1.0,17.26308493150685,22.319,2.2826122448979604,185.0934642857143,56.0,30.0,strictly prior MUR days at the same source pixel
RIDGES_S VRG,33.78575,-118.4258,33.79,-118.43,0.6115425310145558,0.05,2010,365,365,1.0,16.436810958904108,19.672,1.237061224489796,87.08926785714286,0.0,0.0,strictly prior MUR days at the same source pixel
RIDGES_S VRG,33.78575,-118.4258,33.79,-118.43,0.6115425310145558,0.05,2011,365,365,1.0,16.524035616438358,20.5,1.483482142857143,57.40884722222222,2.0,2.0,strictly prior MUR days at the same source pixel
RIDGES_S VRG,33.78575,-118.4258,33.79,-118.43,0.6115425310145558,0.05,2012,366,366,1.0,17.23745081967213,21.998,2.1894285714285693,246.55226666666664,66.0,44.0,strictly prior MUR days at the same source pixel
RIDGES_S VRG,33.78575,-118.4258,33.79,-118.43,0.6115425310145558,0.05,2013,365,365,1.0,17.175476712328766,21.331,2.383987012987014,188.6075818181818,28.0,13.0,strictly prior MUR days at the same source pixel
RIDGES_S VRG,33.78575,-118.4258,33.79,-118.43,0.6115425310145558,0.05,2014,365,365,1.0,18.53869315068493,22.893,3.244511904761904,588.2539823232323,125.0,46.0,strictly prior MUR days at the same source pixel
RIDGES_S VRG,33.78575,-118.4258,33.79,-118.43,0.6115425310145558,0.05,2015,365,365,1.0,18.907304109589038,23.999,4.5100329670329655,678.2687564102564,116.0,112.0,strictly prior MUR days at the same source pixel
RIDGES_S VRG,33.78575,-118.4258,33.79,-118.43,0.6115425310145558,0.05,2016,366,366,1.0,18.042989071038253,23.055,2.3464693877551013,324.23312004662006,70.0,56.0,strictly prior MUR days at the same source pixel
RIDGES_S VRG,33.78575,-118.4258,33.79,-118.43,0.6115425310145558,0.05,2017,365,365,1.0,17.833934246575343,22.863,2.1203238095238097,240.03744761904764,60.0,38.0,strictly prior MUR days at the same source pixel
RIDGES_S VRG,33.78575,-118.4258,33.79,-118.43,0.6115425310145558,0.05,2018,365,365,1.0,18.115556164383563,24.085,3.353758928571429,332.5789544871795,75.0,74.0,strictly prior MUR days at the same source pixel
RIDGES_S VRG,33.78575,-118.4258,33.79,-118.43,0.6115425310145558,0.05,2019,365,365,1.0,17.65961095890411,22.857,1.9087394957983201,185.4983135504202,53.0,38.0,strictly prior MUR days at the same source pixel
RIDGES_S VRG,33.78575,-118.4258,33.79,-118.43,0.6115425310145558,0.05,2020,366,366,1.0,17.686062841530056,23.146,2.8158655462184865,241.6622614379085,34.0,13.0,strictly prior MUR days at the same source pixel
RIDGES_S VRG,33.78575,-118.4258,33.79,-118.43,0.6115425310145558,0.05,2021,365,363,0.9945205479452055,17.010842975206614,21.38,1.3810634920634928,64.47088596491227,9.0,6.0,strictly prior MUR days at the same source pixel
ROCKY_POINT_N VRG,33.78093,-118.43,33.78,-118.43,0.103411424616534,0.05,2002,214,213,0.9953271028037384,17.47955399061033,20.324,,,,,strictly prior MUR days at the same source pixel
ROCKY_POINT_N VRG,33.78093,-118.43,33.78,-118.43,0.103411424616534,0.05,2003,365,365,1.0,16.91013698630137,22.25,,,,,strictly prior MUR days at the same source pixel
ROCKY_POINT_N VRG,33.78093,-118.43,33.78,-118.43,0.103411424616534,0.05,2004,366,366,1.0,17.27993442622951,23.137,4.184857142857144,318.497,64.0,46.0,strictly prior MUR days at the same source pixel
ROCKY_POINT_N VRG,33.78093,-118.43,33.78,-118.43,0.103411424616534,0.05,2005,365,365,1.0,16.84000821917808,20.983,1.4262142857142863,110.5035,17.0,5.0,strictly prior MUR days at the same source pixel
ROCKY_POINT_N VRG,33.78093,-118.43,33.78,-118.43,0.103411424616534,0.05,2006,365,364,0.9972602739726028,17.35075824175824,23.349,2.947964285714286,289.20291666666674,72.0,66.0,strictly prior MUR days at the same source pixel
ROCKY_POINT_N VRG,33.78093,-118.43,33.78,-118.43,0.103411424616534,0.05,2007,365,364,0.9972602739726028,16.849505494505497,21.998,1.732342857142856,109.20845,61.0,48.0,strictly prior MUR days at the same source pixel
ROCKY_POINT_N VRG,33.78093,-118.43,33.78,-118.43,0.103411424616534,0.05,2008,366,366,1.0,17.162926229508194,22.12,2.7801666666666667,189.49953333333332,60.0,19.0,strictly prior MUR days at the same source pixel
ROCKY_POINT_N VRG,33.78093,-118.43,33.78,-118.43,0.103411424616534,0.05,2009,365,365,1.0,17.265435616438356,22.332,2.267061224489797,184.6314404761905,56.0,30.0,strictly prior MUR days at the same source pixel
ROCKY_POINT_N VRG,33.78093,-118.43,33.78,-118.43,0.103411424616534,0.05,2010,365,365,1.0,16.43841095890411,19.682,1.241938775510204,85.68353571428572,0.0,0.0,strictly prior MUR days at the same source pixel
ROCKY_POINT_N VRG,33.78093,-118.43,33.78,-118.43,0.103411424616534,0.05,2011,365,365,1.0,16.532523287671232,20.533,1.5050714285714288,58.09393055555555,2.0,2.0,strictly prior MUR days at the same source pixel
ROCKY_POINT_N VRG,33.78093,-118.43,33.78,-118.43,0.103411424616534,0.05,2012,366,366,1.0,17.243887978142073,21.9,2.228785714285714,246.1164777777778,68.0,44.0,strictly prior MUR days at the same source pixel
ROCKY_POINT_N VRG,33.78093,-118.43,33.78,-118.43,0.103411424616534,0.05,2013,365,365,1.0,17.18272328767123,21.279,2.377428571428571,188.99380000000002,28.0,13.0,strictly prior MUR days at the same source pixel
ROCKY_POINT_N VRG,33.78093,-118.43,33.78,-118.43,0.103411424616534,0.05,2014,365,365,1.0,18.546986301369863,22.907,3.251488095238095,589.3531388888889,126.0,46.0,strictly prior MUR days at the same source pixel
ROCKY_POINT_N VRG,33.78093,-118.43,33.78,-118.43,0.103411424616534,0.05,2015,365,365,1.0,18.916,23.95,4.430593406593406,679.334967948718,116.0,112.0,strictly prior MUR days at the same source pixel
ROCKY_POINT_N VRG,33.78093,-118.43,33.78,-118.43,0.103411424616534,0.05,2016,366,366,1.0,18.050368852459016,23.081,2.329699633699633,325.0867755577755,72.0,56.0,strictly prior MUR days at the same source pixel
ROCKY_POINT_N VRG,33.78093,-118.43,33.78,-118.43,0.103411424616534,0.05,2017,365,365,1.0,17.84018082191781,22.871,2.134361904761904,239.88571428571424,59.0,38.0,strictly prior MUR days at the same source pixel
ROCKY_POINT_N VRG,33.78093,-118.43,33.78,-118.43,0.103411424616534,0.05,2018,365,365,1.0,18.121345205479454,24.052,3.3157053571428574,332.2611217948718,75.0,74.0,strictly prior MUR days at the same source pixel
ROCKY_POINT_N VRG,33.78093,-118.43,33.78,-118.43,0.103411424616534,0.05,2019,365,365,1.0,17.660871232876712,22.835,1.8971176470588236,184.26322321428563,54.0,38.0,strictly prior MUR days at the same source pixel
ROCKY_POINT_N VRG,33.78093,-118.43,33.78,-118.43,0.103411424616534,0.05,2020,366,366,1.0,17.693737704918032,23.173,2.8133697478991597,241.31805718954243,34.0,13.0,strictly prior MUR days at the same source pixel
ROCKY_POINT_N VRG,33.78093,-118.43,33.78,-118.43,0.103411424616534,0.05,2021,365,363,0.9945205479452055,17.01753994490358,21.36,1.3903174603174608,64.20612573099419,10.0,9.0,strictly prior MUR days at the same source pixel
ROCKY_POINT_S VRG,33.77602,-118.4323,33.78,-118.43,0.4909638416090128,0.05,2002,214,213,0.9953271028037384,17.47955399061033,20.324,,,,,strictly prior MUR days at the same source pixel
ROCKY_POINT_S VRG,33.77602,-118.4323,33.78,-118.43,0.4909638416090128,0.05,2003,365,365,1.0,16.91013698630137,22.25,,,,,strictly prior MUR days at the same source pixel
ROCKY_POINT_S VRG,33.77602,-118.4323,33.78,-118.43,0.4909638416090128,0.05,2004,366,366,1.0,17.27993442622951,23.137,4.184857142857144,318.497,64.0,46.0,strictly prior MUR days at the same source pixel
ROCKY_POINT_S VRG,33.77602,-118.4323,33.78,-118.43,0.4909638416090128,0.05,2005,365,365,1.0,16.84000821917808,20.983,1.4262142857142863,110.5035,17.0,5.0,strictly prior MUR days at the same source pixel
ROCKY_POINT_S VRG,33.77602,-118.4323,33.78,-118.43,0.4909638416090128,0.05,2006,365,364,0.9972602739726028,17.35075824175824,23.349,2.947964285714286,289.20291666666674,72.0,66.0,strictly prior MUR days at the same source pixel
ROCKY_POINT_S VRG,33.77602,-118.4323,33.78,-118.43,0.4909638416090128,0.05,2007,365,364,0.9972602739726028,16.849505494505497,21.998,1.732342857142856,109.20845,61.0,48.0,strictly prior MUR days at the same source pixel
ROCKY_POINT_S VRG,33.77602,-118.4323,33.78,-118.43,0.4909638416090128,0.05,2008,366,366,1.0,17.162926229508194,22.12,2.7801666666666667,189.49953333333332,60.0,19.0,strictly prior MUR days at the same source pixel
ROCKY_POINT_S VRG,33.77602,-118.4323,33.78,-118.43,0.4909638416090128,0.05,2009,365,365,1.0,17.265435616438356,22.332,2.267061224489797,184.6314404761905,56.0,30.0,strictly prior MUR days at the same source pixel
ROCKY_POINT_S VRG,33.77602,-118.4323,33.78,-118.43,0.4909638416090128,0.05,2010,365,365,1.0,16.43841095890411,19.682,1.241938775510204,85.68353571428572,0.0,0.0,strictly prior MUR days at the same source pixel
ROCKY_POINT_S VRG,33.77602,-118.4323,33.78,-118.43,0.4909638416090128,0.05,2011,365,365,1.0,16.532523287671232,20.533,1.5050714285714288,58.09393055555555,2.0,2.0,strictly prior MUR days at the same source pixel
ROCKY_POINT_S VRG,33.77602,-118.4323,33.78,-118.43,0.4909638416090128,0.05,2012,366,366,1.0,17.243887978142073,21.9,2.228785714285714,246.1164777777778,68.0,44.0,strictly prior MUR days at the same source pixel
ROCKY_POINT_S VRG,33.77602,-118.4323,33.78,-118.43,0.4909638416090128,0.05,2013,365,365,1.0,17.18272328767123,21.279,2.377428571428571,188.99380000000002,28.0,13.0,strictly prior MUR days at the same source pixel
ROCKY_POINT_S VRG,33.77602,-118.4323,33.78,-118.43,0.4909638416090128,0.05,2014,365,365,1.0,18.546986301369863,22.907,3.251488095238095,589.3531388888889,126.0,46.0,strictly prior MUR days at the same source pixel
ROCKY_POINT_S VRG,33.77602,-118.4323,33.78,-118.43,0.4909638416090128,0.05,2015,365,365,1.0,18.916,23.95,4.430593406593406,679.334967948718,116.0,112.0,strictly prior MUR days at the same source pixel
ROCKY_POINT_S VRG,33.77602,-118.4323,33.78,-118.43,0.4909638416090128,0.05,2016,366,366,1.0,18.050368852459016,23.081,2.329699633699633,325.0867755577755,72.0,56.0,strictly prior MUR days at the same source pixel
ROCKY_POINT_S VRG,33.77602,-118.4323,33.78,-118.43,0.4909638416090128,0.05,2017,365,365,1.0,17.84018082191781,22.871,2.134361904761904,239.88571428571424,59.0,38.0,strictly prior MUR days at the same source pixel
ROCKY_POINT_S VRG,33.77602,-118.4323,33.78,-118.43,0.4909638416090128,0.05,2018,365,365,1.0,18.121345205479454,24.052,3.3157053571428574,332.2611217948718,75.0,74.0,strictly prior MUR days at the same source pixel
ROCKY_POINT_S VRG,33.77602,-118.4323,33.78,-118.43,0.4909638416090128,0.05,2019,365,365,1.0,17.660871232876712,22.835,1.8971176470588236,184.26322321428563,54.0,38.0,strictly prior MUR days at the same source pixel
ROCKY_POINT_S VRG,33.77602,-118.4323,33.78,-118.43,0.4909638416090128,0.05,2020,366,366,1.0,17.693737704918032,23.173,2.8133697478991597,241.31805718954243,34.0,13.0,strictly prior MUR days at the same source pixel
ROCKY_POINT_S VRG,33.77602,-118.4323,33.78,-118.43,0.4909638416090128,0.05,2021,365,363,0.9945205479452055,17.01753994490358,21.36,1.3903174603174608,64.20612573099419,10.0,9.0,strictly prior MUR days at the same source pixel
Russian Gulch,39.32798,-123.809,39.32,-123.81,0.8914962367166659,0.05,2002,214,214,1.0,11.67985981308411,13.918,,,,,strictly prior MUR days at the same source pixel
Russian Gulch,39.32798,-123.809,39.32,-123.81,0.8914962367166659,0.05,2003,365,365,1.0,11.580446575342464,14.606,,,,,strictly prior MUR days at the same source pixel
Russian Gulch,39.32798,-123.809,39.32,-123.81,0.8914962367166659,0.05,2004,366,366,1.0,11.97304918032787,15.934,3.3164285714285713,251.28549999999996,88.0,40.0,strictly prior MUR days at the same source pixel
Russian Gulch,39.32798,-123.809,39.32,-123.81,0.8914962367166659,0.05,2005,365,365,1.0,11.987416438356165,13.608,2.9196428571428563,208.30033333333336,55.0,21.0,strictly prior MUR days at the same source pixel
Russian Gulch,39.32798,-123.809,39.32,-123.81,0.8914962367166659,0.05,2006,365,365,1.0,12.068487671232875,14.374,2.7723214285714284,224.74366666666663,83.0,25.0,strictly prior MUR days at the same source pixel
Russian Gulch,39.32798,-123.809,39.32,-123.81,0.8914962367166659,0.05,2007,365,365,1.0,11.529243835616441,15.541,3.1513428571428572,171.21620000000001,69.0,36.0,strictly prior MUR days at the same source pixel
Russian Gulch,39.32798,-123.809,39.32,-123.81,0.8914962367166659,0.05,2008,366,366,1.0,10.890898907103823,14.614,2.2620952380952386,92.49796666666668,38.0,26.0,strictly prior MUR days at the same source pixel
Russian Gulch,39.32798,-123.809,39.32,-123.81,0.8914962367166659,0.05,2009,365,365,1.0,11.26524383561644,15.258,2.4549795918367345,110.21721428571428,31.0,19.0,strictly prior MUR days at the same source pixel
Russian Gulch,39.32798,-123.809,39.32,-123.81,0.8914962367166659,0.05,2010,365,365,1.0,11.335545205479452,13.812,1.604959183673469,122.16385714285715,6.0,4.0,strictly prior MUR days at the same source pixel
Russian Gulch,39.32798,-123.809,39.32,-123.81,0.8914962367166659,0.05,2011,365,365,1.0,11.294772602739725,14.399,1.8763015873015871,86.59565277777779,27.0,10.0,strictly prior MUR days at the same source pixel
Russian Gulch,39.32798,-123.809,39.32,-123.81,0.8914962367166659,0.05,2012,366,366,1.0,11.60936612021858,15.552,3.158042857142857,201.71034444444442,83.0,46.0,strictly prior MUR days at the same source pixel
Russian Gulch,39.32798,-123.809,39.32,-123.81,0.8914962367166659,0.05,2013,365,365,1.0,11.538065753424657,16.08,3.4848961038961037,188.26245454545457,63.0,23.0,strictly prior MUR days at the same source pixel
Russian Gulch,39.32798,-123.809,39.32,-123.81,0.8914962367166659,0.05,2014,365,365,1.0,13.219030136986301,17.33,4.148142857142856,637.0852878787879,155.0,75.0,strictly prior MUR days at the same source pixel
Russian Gulch,39.32798,-123.809,39.32,-123.81,0.8914962367166659,0.05,2015,365,365,1.0,13.013827397260275,16.78,4.150483516483516,535.9388269230769,130.0,70.0,strictly prior MUR days at the same source pixel
Russian Gulch,39.32798,-123.809,39.32,-123.81,0.8914962367166659,0.05,2016,366,366,1.0,12.345792349726775,15.151,2.4709999999999996,296.95179120879124,34.0,18.0,strictly prior MUR days at the same source pixel
Russian Gulch,39.32798,-123.809,39.32,-123.81,0.8914962367166659,0.05,2017,365,365,1.0,12.190413698630138,16.345,2.4591904761904755,240.17243333333334,57.0,20.0,strictly prior MUR days at the same source pixel
Russian Gulch,39.32798,-123.809,39.32,-123.81,0.8914962367166659,0.05,2018,365,365,1.0,12.182027397260276,15.949,2.900973214285714,238.37007499999999,38.0,15.0,strictly prior MUR days at the same source pixel
Russian Gulch,39.32798,-123.809,39.32,-123.81,0.8914962367166659,0.05,2019,365,365,1.0,12.430334246575343,16.64,2.853420168067226,287.68581250000005,71.0,27.0,strictly prior MUR days at the same source pixel
Russian Gulch,39.32798,-123.809,39.32,-123.81,0.8914962367166659,0.05,2020,366,366,1.0,12.191614754098362,18.019,4.687333333333334,274.76633006535945,58.0,45.0,strictly prior MUR days at the same source pixel
Russian Gulch,39.32798,-123.809,39.32,-123.81,0.8914962367166659,0.05,2021,365,363,0.9945205479452055,11.65318732782369,14.557,2.0916240601503757,134.6038216374269,27.0,8.0,strictly prior MUR days at the same source pixel
SABER_JETS UCSC,36.94802,-122.034,36.95,-122.03,0.4181169057841594,0.05,2002,214,214,1.0,13.108359813084112,15.015,,,,,strictly prior MUR days at the same source pixel
SABER_JETS UCSC,36.94802,-122.034,36.95,-122.03,0.4181169057841594,0.05,2003,365,365,1.0,13.245210958904108,16.569,,,,,strictly prior MUR days at the same source pixel
SABER_JETS UCSC,36.94802,-122.034,36.95,-122.03,0.4181169057841594,0.05,2004,366,366,1.0,13.161076502732243,16.402,2.3147857142857142,165.15599999999995,24.0,16.0,strictly prior MUR days at the same source pixel
SABER_JETS UCSC,36.94802,-122.034,36.95,-122.03,0.4181169057841594,0.05,2005,365,365,1.0,13.37363287671233,16.012999999999998,2.769571428571428,220.2333333333333,25.0,6.0,strictly prior MUR days at the same source pixel
SABER_JETS UCSC,36.94802,-122.034,36.95,-122.03,0.4181169057841594,0.05,2006,365,365,1.0,13.575520547945207,17.384999999999998,2.4010357142857144,250.73291666666665,101.0,49.0,strictly prior MUR days at the same source pixel
SABER_JETS UCSC,36.94802,-122.034,36.95,-122.03,0.4181169057841594,0.05,2007,365,365,1.0,12.858824657534246,17.624,1.9108857142857136,83.74409999999997,35.0,25.0,strictly prior MUR days at the same source pixel
SABER_JETS UCSC,36.94802,-122.034,36.95,-122.03,0.4181169057841594,0.05,2008,366,366,1.0,12.726161202185791,16.608,2.964928571428571,110.66796666666667,61.0,46.0,strictly prior MUR days at the same source pixel
SABER_JETS UCSC,36.94802,-122.034,36.95,-122.03,0.4181169057841594,0.05,2009,365,365,1.0,13.0068602739726,16.651,2.7177959183673464,127.75057142857145,40.0,7.0,strictly prior MUR days at the same source pixel
SABER_JETS UCSC,36.94802,-122.034,36.95,-122.03,0.4181169057841594,0.05,2010,365,365,1.0,13.123986301369861,15.505,1.342326530612245,136.35983928571432,6.0,5.0,strictly prior MUR days at the same source pixel
SABER_JETS UCSC,36.94802,-122.034,36.95,-122.03,0.4181169057841594,0.05,2011,365,365,1.0,12.975956164383563,16.343,2.156682539682539,100.36238888888889,42.0,25.0,strictly prior MUR days at the same source pixel
SABER_JETS UCSC,36.94802,-122.034,36.95,-122.03,0.4181169057841594,0.05,2012,366,366,1.0,13.061306010928963,15.961,2.236185714285714,143.7266666666667,30.0,11.0,strictly prior MUR days at the same source pixel
SABER_JETS UCSC,36.94802,-122.034,36.95,-122.03,0.4181169057841594,0.05,2013,365,365,1.0,12.943027397260273,15.914,1.680246753246753,80.28247272727275,35.0,7.0,strictly prior MUR days at the same source pixel
SABER_JETS UCSC,36.94802,-122.034,36.95,-122.03,0.4181169057841594,0.05,2014,365,365,1.0,14.640282191780821,18.55,3.3474404761904757,589.7639090909091,170.0,131.0,strictly prior MUR days at the same source pixel
SABER_JETS UCSC,36.94802,-122.034,36.95,-122.03,0.4181169057841594,0.05,2015,365,365,1.0,14.730731506849313,18.273,3.4692307692307693,572.9795833333333,123.0,122.0,strictly prior MUR days at the same source pixel
SABER_JETS UCSC,36.94802,-122.034,36.95,-122.03,0.4181169057841594,0.05,2016,366,366,1.0,13.743896174863387,16.083,2.1896122448979587,238.53002747252748,25.0,7.0,strictly prior MUR days at the same source pixel
SABER_JETS UCSC,36.94802,-122.034,36.95,-122.03,0.4181169057841594,0.05,2017,365,365,1.0,13.471334246575344,17.667,2.3572571428571427,155.95954761904758,48.0,37.0,strictly prior MUR days at the same source pixel
SABER_JETS UCSC,36.94802,-122.034,36.95,-122.03,0.4181169057841594,0.05,2018,365,365,1.0,13.733180821917811,17.161,2.782785714285715,248.42340416666664,58.0,17.0,strictly prior MUR days at the same source pixel
SABER_JETS UCSC,36.94802,-122.034,36.95,-122.03,0.4181169057841594,0.05,2019,365,365,1.0,13.865923287671233,16.527,2.482178571428572,225.6375625,35.0,20.0,strictly prior MUR days at the same source pixel
SABER_JETS UCSC,36.94802,-122.034,36.95,-122.03,0.4181169057841594,0.05,2020,366,366,1.0,14.113502732240436,17.93,2.710731092436975,349.28215686274507,90.0,40.0,strictly prior MUR days at the same source pixel
SABER_JETS UCSC,36.94802,-122.034,36.95,-122.03,0.4181169057841594,0.05,2021,365,363,0.9945205479452055,13.68479614325069,18.361,2.5603233082706773,217.11348245614033,84.0,70.0,strictly prior MUR days at the same source pixel
SANDHILL_UC UCSC,36.974306,-122.152109,36.97,-122.15,0.5141573855663708,0.05,2002,214,214,1.0,12.964897196261681,14.896,,,,,strictly prior MUR days at the same source pixel
SANDHILL_UC UCSC,36.974306,-122.152109,36.97,-122.15,0.5141573855663708,0.05,2003,365,365,1.0,13.10782191780822,16.738999999999997,,,,,strictly prior MUR days at the same source pixel
SANDHILL_UC UCSC,36.974306,-122.152109,36.97,-122.15,0.5141573855663708,0.05,2004,366,366,1.0,12.980855191256829,16.369999999999997,2.185428571428571,167.81799999999998,28.0,16.0,strictly prior MUR days at the same source pixel
SANDHILL_UC UCSC,36.974306,-122.152109,36.97,-122.15,0.5141573855663708,0.05,2005,365,364,0.9972602739726028,13.192348901098901,15.54,2.8880000000000003,220.44866666666667,22.0,6.0,strictly prior MUR days at the same source pixel
SANDHILL_UC UCSC,36.974306,-122.152109,36.97,-122.15,0.5141573855663708,0.05,2006,365,365,1.0,13.475306849315068,17.21,2.475892857142856,266.861,109.0,50.0,strictly prior MUR days at the same source pixel
SANDHILL_UC UCSC,36.974306,-122.152109,36.97,-122.15,0.5141573855663708,0.05,2007,365,365,1.0,12.695660273972603,17.495,2.010971428571429,92.99159999999998,36.0,26.0,strictly prior MUR days at the same source pixel
SANDHILL_UC UCSC,36.974306,-122.152109,36.97,-122.15,0.5141573855663708,0.05,2008,366,366,1.0,12.534333333333333,16.667,3.306904761904763,110.68316666666668,61.0,46.0,strictly prior MUR days at the same source pixel
SANDHILL_UC UCSC,36.974306,-122.152109,36.97,-122.15,0.5141573855663708,0.05,2009,365,365,1.0,12.949265753424658,16.523,3.1559591836734695,146.68664285714286,50.0,14.0,strictly prior MUR days at the same source pixel
SANDHILL_UC UCSC,36.974306,-122.152109,36.97,-122.15,0.5141573855663708,0.05,2010,365,365,1.0,13.001821917808218,15.496,1.3707551020408164,145.2751964285714,8.0,7.0,strictly prior MUR days at the same source pixel
SANDHILL_UC UCSC,36.974306,-122.152109,36.97,-122.15,0.5141573855663708,0.05,2011,365,365,1.0,12.873235616438356,16.269,2.198603174603175,109.62981944444445,43.0,22.0,strictly prior MUR days at the same source pixel
SANDHILL_UC UCSC,36.974306,-122.152109,36.97,-122.15,0.5141573855663708,0.05,2012,366,366,1.0,13.019715846994536,16.217,2.2620142857142858,165.7063777777778,47.0,12.0,strictly prior MUR days at the same source pixel
SANDHILL_UC UCSC,36.974306,-122.152109,36.97,-122.15,0.5141573855663708,0.05,2013,365,365,1.0,12.828879452054792,16.191,1.9669740259740258,94.1534181818182,33.0,7.0,strictly prior MUR days at the same source pixel
SANDHILL_UC UCSC,36.974306,-122.152109,36.97,-122.15,0.5141573855663708,0.05,2014,365,365,1.0,14.60665205479452,18.291,3.4209166666666664,619.8551742424243,167.0,128.0,strictly prior MUR days at the same source pixel
SANDHILL_UC UCSC,36.974306,-122.152109,36.97,-122.15,0.5141573855663708,0.05,2015,365,365,1.0,14.70262191780822,18.493,3.6960659340659343,608.8492051282051,124.0,122.0,strictly prior MUR days at the same source pixel
SANDHILL_UC UCSC,36.974306,-122.152109,36.97,-122.15,0.5141573855663708,0.05,2016,366,366,1.0,13.691909836065573,16.055999999999997,2.341061224489796,250.0773553113553,28.0,6.0,strictly prior MUR days at the same source pixel
SANDHILL_UC UCSC,36.974306,-122.152109,36.97,-122.15,0.5141573855663708,0.05,2017,365,365,1.0,13.534701369863011,17.674,2.5319999999999996,194.24827619047622,57.0,49.0,strictly prior MUR days at the same source pixel
SANDHILL_UC UCSC,36.974306,-122.152109,36.97,-122.15,0.5141573855663708,0.05,2018,365,365,1.0,13.654380821917808,17.205,2.69075,245.16679999999997,48.0,16.0,strictly prior MUR days at the same source pixel
SANDHILL_UC UCSC,36.974306,-122.152109,36.97,-122.15,0.5141573855663708,0.05,2019,365,365,1.0,13.855917808219179,16.764,2.644330357142857,253.70700735294116,34.0,29.0,strictly prior MUR days at the same source pixel
SANDHILL_UC UCSC,36.974306,-122.152109,36.97,-122.15,0.5141573855663708,0.05,2020,366,366,1.0,13.935800546448087,17.691,2.449952380952382,328.48903921568626,80.0,21.0,strictly prior MUR days at the same source pixel
SANDHILL_UC UCSC,36.974306,-122.152109,36.97,-122.15,0.5141573855663708,0.05,2021,365,363,0.9945205479452055,13.49194490358127,17.871,2.339781954887218,198.98640350877196,74.0,60.0,strictly prior MUR days at the same source pixel
SAN_SIMEON_BAY UCSC,35.62405,-121.1647,35.62,-121.16,0.6190968707612883,0.05,2002,214,214,1.0,13.27089719626168,15.088,,,,,strictly prior MUR days at the same source pixel
SAN_SIMEON_BAY UCSC,35.62405,-121.1647,35.62,-121.16,0.6190968707612883,0.05,2003,365,365,1.0,13.105438356164385,16.954,,,,,strictly prior MUR days at the same source pixel
SAN_SIMEON_BAY UCSC,35.62405,-121.1647,35.62,-121.16,0.6190968707612883,0.05,2004,366,366,1.0,13.213382513661202,16.853,2.6990000000000003,221.691,67.0,30.0,strictly prior MUR days at the same source pixel
SAN_SIMEON_BAY UCSC,35.62405,-121.1647,35.62,-121.16,0.6190968707612883,0.05,2005,365,365,1.0,13.188353424657533,15.749,2.4776428571428575,199.04133333333334,18.0,16.0,strictly prior MUR days at the same source pixel
SAN_SIMEON_BAY UCSC,35.62405,-121.1647,35.62,-121.16,0.6190968707612883,0.05,2006,365,365,1.0,13.673816438356164,17.538,2.8259999999999996,310.13208333333336,107.0,50.0,strictly prior MUR days at the same source pixel
SAN_SIMEON_BAY UCSC,35.62405,-121.1647,35.62,-121.16,0.6190968707612883,0.05,2007,365,365,1.0,12.870052054794519,16.506,1.8234285714285712,78.68455,17.0,12.0,strictly prior MUR days at the same source pixel
SAN_SIMEON_BAY UCSC,35.62405,-121.1647,35.62,-121.16,0.6190968707612883,0.05,2008,366,366,1.0,13.008366120218579,17.087,2.1429523809523814,172.12206666666665,66.0,38.0,strictly prior MUR days at the same source pixel
SAN_SIMEON_BAY UCSC,35.62405,-121.1647,35.62,-121.16,0.6190968707612883,0.05,2009,365,365,1.0,13.319928767123287,16.487000000000002,2.9762244897959187,182.2779523809524,34.0,8.0,strictly prior MUR days at the same source pixel
SAN_SIMEON_BAY UCSC,35.62405,-121.1647,35.62,-121.16,0.6190968707612883,0.05,2010,365,365,1.0,13.154882191780823,15.551,1.3666326530612245,129.50107142857144,3.0,2.0,strictly prior MUR days at the same source pixel
SAN_SIMEON_BAY UCSC,35.62405,-121.1647,35.62,-121.16,0.6190968707612883,0.05,2011,365,365,1.0,13.324849315068493,16.500999999999998,1.8031964285714286,138.63855555555557,53.0,17.0,strictly prior MUR days at the same source pixel
SAN_SIMEON_BAY UCSC,35.62405,-121.1647,35.62,-121.16,0.6190968707612883,0.05,2012,366,366,1.0,13.368349726775955,17.31,2.4795714285714285,193.86834444444446,68.0,36.0,strictly prior MUR days at the same source pixel
SAN_SIMEON_BAY UCSC,35.62405,-121.1647,35.62,-121.16,0.6190968707612883,0.05,2013,365,365,1.0,13.353463013698633,16.179000000000002,3.18564935064935,159.37179090909092,39.0,17.0,strictly prior MUR days at the same source pixel
SAN_SIMEON_BAY UCSC,35.62405,-121.1647,35.62,-121.16,0.6190968707612883,0.05,2014,365,365,1.0,14.982435616438355,18.848,4.1707261904761905,665.6626363636364,175.0,175.0,strictly prior MUR days at the same source pixel
SAN_SIMEON_BAY UCSC,35.62405,-121.1647,35.62,-121.16,0.6190968707612883,0.05,2015,365,365,1.0,15.347865753424657,19.827,4.337758241758243,736.5576602564104,147.0,132.0,strictly prior MUR days at the same source pixel
SAN_SIMEON_BAY UCSC,35.62405,-121.1647,35.62,-121.16,0.6190968707612883,0.05,2016,366,366,1.0,14.001551912568305,16.872,2.5943956043956047,251.14668315018315,32.0,8.0,strictly prior MUR days at the same source pixel
SAN_SIMEON_BAY UCSC,35.62405,-121.1647,35.62,-121.16,0.6190968707612883,0.05,2017,365,365,1.0,13.926600000000002,18.734,3.209542857142858,220.66642857142858,57.0,37.0,strictly prior MUR days at the same source pixel
SAN_SIMEON_BAY UCSC,35.62405,-121.1647,35.62,-121.16,0.6190968707612883,0.05,2018,365,365,1.0,14.17545479452055,17.506,3.222508928571429,297.02859583333327,77.0,28.0,strictly prior MUR days at the same source pixel
SAN_SIMEON_BAY UCSC,35.62405,-121.1647,35.62,-121.16,0.6190968707612883,0.05,2019,365,365,1.0,13.932906849315067,16.414,2.413941176470588,217.46385661764708,21.0,5.0,strictly prior MUR days at the same source pixel
SAN_SIMEON_BAY UCSC,35.62405,-121.1647,35.62,-121.16,0.6190968707612883,0.05,2020,366,366,1.0,13.972191256830602,17.424,2.3212539682539686,234.7995980392157,61.0,25.0,strictly prior MUR days at the same source pixel
SAN_SIMEON_BAY UCSC,35.62405,-121.1647,35.62,-121.16,0.6190968707612883,0.05,2021,365,363,0.9945205479452055,13.453239669421487,17.601,2.0567443609022553,125.06440350877193,50.0,31.0,strictly prior MUR days at the same source pixel
SAN_SIMEON_DC UCSC,35.631667,-121.190248,35.63,-121.19,0.1867123996216956,0.05,2002,214,214,1.0,13.269355140186915,15.11,,,,,strictly prior MUR days at the same source pixel
SAN_SIMEON_DC UCSC,35.631667,-121.190248,35.63,-121.19,0.1867123996216956,0.05,2003,365,365,1.0,13.106578082191781,16.979,,,,,strictly prior MUR days at the same source pixel
SAN_SIMEON_DC UCSC,35.631667,-121.190248,35.63,-121.19,0.1867123996216956,0.05,2004,366,366,1.0,13.210740437158469,16.810000000000002,2.6658571428571443,220.421,67.0,30.0,strictly prior MUR days at the same source pixel
SAN_SIMEON_DC UCSC,35.631667,-121.190248,35.63,-121.19,0.1867123996216956,0.05,2005,365,365,1.0,13.193616438356164,15.781,2.400571428571429,201.23383333333334,16.0,16.0,strictly prior MUR days at the same source pixel
SAN_SIMEON_DC UCSC,35.631667,-121.190248,35.63,-121.19,0.1867123996216956,0.05,2006,365,365,1.0,13.68084109589041,17.559,2.820476190476191,311.00924999999995,107.0,50.0,strictly prior MUR days at the same source pixel
SAN_SIMEON_DC UCSC,35.631667,-121.190248,35.63,-121.19,0.1867123996216956,0.05,2007,365,365,1.0,12.876194520547944,16.523,1.832028571428571,78.29774999999998,14.0,11.0,strictly prior MUR days at the same source pixel
SAN_SIMEON_DC UCSC,35.631667,-121.190248,35.63,-121.19,0.1867123996216956,0.05,2008,366,366,1.0,13.007978142076503,17.125999999999998,2.2337857142857134,172.4975,68.0,40.0,strictly prior MUR days at the same source pixel
SAN_SIMEON_DC UCSC,35.631667,-121.190248,35.63,-121.19,0.1867123996216956,0.05,2009,365,365,1.0,13.318638356164383,16.496000000000002,3.0033877551020405,182.7065238095238,34.0,8.0,strictly prior MUR days at the same source pixel
SAN_SIMEON_DC UCSC,35.631667,-121.190248,35.63,-121.19,0.1867123996216956,0.05,2010,365,365,1.0,13.160405479452054,15.573,1.3802040816326533,129.74846428571428,4.0,2.0,strictly prior MUR days at the same source pixel
SAN_SIMEON_DC UCSC,35.631667,-121.190248,35.63,-121.19,0.1867123996216956,0.05,2011,365,365,1.0,13.338093150684934,16.519,1.7945178571428573,141.1365277777778,53.0,17.0,strictly prior MUR days at the same source pixel
SAN_SIMEON_DC UCSC,35.631667,-121.190248,35.63,-121.19,0.1867123996216956,0.05,2012,366,366,1.0,13.37360382513661,17.314999999999998,2.4492,194.50263333333334,68.0,36.0,strictly prior MUR days at the same source pixel
SAN_SIMEON_DC UCSC,35.631667,-121.190248,35.63,-121.19,0.1867123996216956,0.05,2013,365,365,1.0,13.35155890410959,16.173000000000002,3.128064935064935,157.6634272727273,38.0,16.0,strictly prior MUR days at the same source pixel
SAN_SIMEON_DC UCSC,35.631667,-121.190248,35.63,-121.19,0.1867123996216956,0.05,2014,365,365,1.0,14.987961643835613,18.902,4.159988095238096,666.5992727272728,175.0,175.0,strictly prior MUR days at the same source pixel
SAN_SIMEON_DC UCSC,35.631667,-121.190248,35.63,-121.19,0.1867123996216956,0.05,2015,365,365,1.0,15.356334246575342,19.859,4.342318681318682,738.7854102564103,144.0,133.0,strictly prior MUR days at the same source pixel
SAN_SIMEON_DC UCSC,35.631667,-121.190248,35.63,-121.19,0.1867123996216956,0.05,2016,366,366,1.0,14.011434426229506,16.875,2.616956043956044,252.91703846153843,31.0,8.0,strictly prior MUR days at the same source pixel
SAN_SIMEON_DC UCSC,35.631667,-121.190248,35.63,-121.19,0.1867123996216956,0.05,2017,365,365,1.0,13.929693150684932,18.807,3.237561904761904,221.36019523809523,54.0,37.0,strictly prior MUR days at the same source pixel
SAN_SIMEON_DC UCSC,35.631667,-121.190248,35.63,-121.19,0.1867123996216956,0.05,2018,365,365,1.0,14.17884109589041,17.509999999999998,3.226616071428571,296.91756250000003,77.0,28.0,strictly prior MUR days at the same source pixel
SAN_SIMEON_DC UCSC,35.631667,-121.190248,35.63,-121.19,0.1867123996216956,0.05,2019,365,365,1.0,13.93873698630137,16.395,2.438386554621848,217.97575,20.0,5.0,strictly prior MUR days at the same source pixel
SAN_SIMEON_DC UCSC,35.631667,-121.190248,35.63,-121.19,0.1867123996216956,0.05,2020,366,366,1.0,13.976565573770491,17.482,2.3621587301587303,234.22953104575163,63.0,26.0,strictly prior MUR days at the same source pixel
SAN_SIMEON_DC UCSC,35.631667,-121.190248,35.63,-121.19,0.1867123996216956,0.05,2021,365,363,0.9945205479452055,13.46536914600551,17.615000000000002,2.043390977443609,126.73954678362574,51.0,31.0,strictly prior MUR days at the same source pixel
SAN_SIMEON_UC UCSC,35.630567,-121.19494,35.63,-121.19,0.4508997942034998,0.05,2002,214,214,1.0,13.269355140186915,15.11,,,,,strictly prior MUR days at the same source pixel
SAN_SIMEON_UC UCSC,35.630567,-121.19494,35.63,-121.19,0.4508997942034998,0.05,2003,365,365,1.0,13.106578082191781,16.979,,,,,strictly prior MUR days at the same source pixel
SAN_SIMEON_UC UCSC,35.630567,-121.19494,35.63,-121.19,0.4508997942034998,0.05,2004,366,366,1.0,13.210740437158469,16.810000000000002,2.6658571428571443,220.421,67.0,30.0,strictly prior MUR days at the same source pixel
SAN_SIMEON_UC UCSC,35.630567,-121.19494,35.63,-121.19,0.4508997942034998,0.05,2005,365,365,1.0,13.193616438356164,15.781,2.400571428571429,201.23383333333334,16.0,16.0,strictly prior MUR days at the same source pixel
SAN_SIMEON_UC UCSC,35.630567,-121.19494,35.63,-121.19,0.4508997942034998,0.05,2006,365,365,1.0,13.68084109589041,17.559,2.820476190476191,311.00924999999995,107.0,50.0,strictly prior MUR days at the same source pixel
SAN_SIMEON_UC UCSC,35.630567,-121.19494,35.63,-121.19,0.4508997942034998,0.05,2007,365,365,1.0,12.876194520547944,16.523,1.832028571428571,78.29774999999998,14.0,11.0,strictly prior MUR days at the same source pixel
SAN_SIMEON_UC UCSC,35.630567,-121.19494,35.63,-121.19,0.4508997942034998,0.05,2008,366,366,1.0,13.007978142076503,17.125999999999998,2.2337857142857134,172.4975,68.0,40.0,strictly prior MUR days at the same source pixel
SAN_SIMEON_UC UCSC,35.630567,-121.19494,35.63,-121.19,0.4508997942034998,0.05,2009,365,365,1.0,13.318638356164383,16.496000000000002,3.0033877551020405,182.7065238095238,34.0,8.0,strictly prior MUR days at the same source pixel
SAN_SIMEON_UC UCSC,35.630567,-121.19494,35.63,-121.19,0.4508997942034998,0.05,2010,365,365,1.0,13.160405479452054,15.573,1.3802040816326533,129.74846428571428,4.0,2.0,strictly prior MUR days at the same source pixel
SAN_SIMEON_UC UCSC,35.630567,-121.19494,35.63,-121.19,0.4508997942034998,0.05,2011,365,365,1.0,13.338093150684934,16.519,1.7945178571428573,141.1365277777778,53.0,17.0,strictly prior MUR days at the same source pixel
SAN_SIMEON_UC UCSC,35.630567,-121.19494,35.63,-121.19,0.4508997942034998,0.05,2012,366,366,1.0,13.37360382513661,17.314999999999998,2.4492,194.50263333333334,68.0,36.0,strictly prior MUR days at the same source pixel
SAN_SIMEON_UC UCSC,35.630567,-121.19494,35.63,-121.19,0.4508997942034998,0.05,2013,365,365,1.0,13.35155890410959,16.173000000000002,3.128064935064935,157.6634272727273,38.0,16.0,strictly prior MUR days at the same source pixel
SAN_SIMEON_UC UCSC,35.630567,-121.19494,35.63,-121.19,0.4508997942034998,0.05,2014,365,365,1.0,14.987961643835613,18.902,4.159988095238096,666.5992727272728,175.0,175.0,strictly prior MUR days at the same source pixel
SAN_SIMEON_UC UCSC,35.630567,-121.19494,35.63,-121.19,0.4508997942034998,0.05,2015,365,365,1.0,15.356334246575342,19.859,4.342318681318682,738.7854102564103,144.0,133.0,strictly prior MUR days at the same source pixel
SAN_SIMEON_UC UCSC,35.630567,-121.19494,35.63,-121.19,0.4508997942034998,0.05,2016,366,366,1.0,14.011434426229506,16.875,2.616956043956044,252.91703846153843,31.0,8.0,strictly prior MUR days at the same source pixel
SAN_SIMEON_UC UCSC,35.630567,-121.19494,35.63,-121.19,0.4508997942034998,0.05,2017,365,365,1.0,13.929693150684932,18.807,3.237561904761904,221.36019523809523,54.0,37.0,strictly prior MUR days at the same source pixel
SAN_SIMEON_UC UCSC,35.630567,-121.19494,35.63,-121.19,0.4508997942034998,0.05,2018,365,365,1.0,14.17884109589041,17.509999999999998,3.226616071428571,296.91756250000003,77.0,28.0,strictly prior MUR days at the same source pixel
SAN_SIMEON_UC UCSC,35.630567,-121.19494,35.63,-121.19,0.4508997942034998,0.05,2019,365,365,1.0,13.93873698630137,16.395,2.438386554621848,217.97575,20.0,5.0,strictly prior MUR days at the same source pixel
SAN_SIMEON_UC UCSC,35.630567,-121.19494,35.63,-121.19,0.4508997942034998,0.05,2020,366,366,1.0,13.976565573770491,17.482,2.3621587301587303,234.22953104575163,63.0,26.0,strictly prior MUR days at the same source pixel
SAN_SIMEON_UC UCSC,35.630567,-121.19494,35.63,-121.19,0.4508997942034998,0.05,2021,365,363,0.9945205479452055,13.46536914600551,17.615000000000002,2.043390977443609,126.73954678362574,51.0,31.0,strictly prior MUR days at the same source pixel
SBI_ARCH_POINT VRG,33.48911,-119.0279,33.49,-119.03,0.218446749956532,0.05,2002,214,213,0.9953271028037384,17.342408450704227,19.479,,,,,strictly prior MUR days at the same source pixel
SBI_ARCH_POINT VRG,33.48911,-119.0279,33.49,-119.03,0.218446749956532,0.05,2003,365,365,1.0,16.376350684931506,20.658,,,,,strictly prior MUR days at the same source pixel
SBI_ARCH_POINT VRG,33.48911,-119.0279,33.49,-119.03,0.218446749956532,0.05,2004,366,366,1.0,16.784918032786887,22.128,3.206857142857142,261.8025,60.0,29.0,strictly prior MUR days at the same source pixel
SBI_ARCH_POINT VRG,33.48911,-119.0279,33.49,-119.03,0.218446749956532,0.05,2005,365,365,1.0,16.572446575342465,20.611,1.3176428571428571,121.489,47.0,37.0,strictly prior MUR days at the same source pixel
SBI_ARCH_POINT VRG,33.48911,-119.0279,33.49,-119.03,0.218446749956532,0.05,2006,365,364,0.9972602739726028,17.055942307692305,23.135,3.2819285714285718,318.24508333333335,73.0,73.0,strictly prior MUR days at the same source pixel
SBI_ARCH_POINT VRG,33.48911,-119.0279,33.49,-119.03,0.218446749956532,0.05,2007,365,364,0.9972602739726028,16.53987637362637,21.25,1.7203714285714296,101.89590000000001,55.0,44.0,strictly prior MUR days at the same source pixel
SBI_ARCH_POINT VRG,33.48911,-119.0279,33.49,-119.03,0.218446749956532,0.05,2008,366,366,1.0,16.601117486338797,21.871,3.021952380952382,152.28583333333333,65.0,45.0,strictly prior MUR days at the same source pixel
SBI_ARCH_POINT VRG,33.48911,-119.0279,33.49,-119.03,0.218446749956532,0.05,2009,365,365,1.0,16.66907397260274,20.985,1.3828367346938795,127.73539285714287,38.0,19.0,strictly prior MUR days at the same source pixel
SBI_ARCH_POINT VRG,33.48911,-119.0279,33.49,-119.03,0.218446749956532,0.05,2010,365,365,1.0,16.09218904109589,19.709,1.721306122448979,82.04308928571426,0.0,0.0,strictly prior MUR days at the same source pixel
SBI_ARCH_POINT VRG,33.48911,-119.0279,33.49,-119.03,0.218446749956532,0.05,2011,365,365,1.0,16.267304109589045,20.856,1.1502499999999998,64.45851388888889,11.0,4.0,strictly prior MUR days at the same source pixel
SBI_ARCH_POINT VRG,33.48911,-119.0279,33.49,-119.03,0.218446749956532,0.05,2012,366,366,1.0,17.019975409836064,22.103,3.108799999999999,272.2544126984127,78.0,78.0,strictly prior MUR days at the same source pixel
SBI_ARCH_POINT VRG,33.48911,-119.0279,33.49,-119.03,0.218446749956532,0.05,2013,365,365,1.0,16.82371506849315,20.909,1.6336103896103893,194.1963840909091,20.0,11.0,strictly prior MUR days at the same source pixel
SBI_ARCH_POINT VRG,33.48911,-119.0279,33.49,-119.03,0.218446749956532,0.05,2014,365,365,1.0,18.353375342465753,22.175,3.0280714285714283,643.786196969697,123.0,109.0,strictly prior MUR days at the same source pixel
SBI_ARCH_POINT VRG,33.48911,-119.0279,33.49,-119.03,0.218446749956532,0.05,2015,365,365,1.0,18.75077534246575,23.551,4.854802197802198,738.7615820512821,117.0,62.0,strictly prior MUR days at the same source pixel
SBI_ARCH_POINT VRG,33.48911,-119.0279,33.49,-119.03,0.218446749956532,0.05,2016,366,366,1.0,17.822128415300543,22.232,2.6921122448979586,363.868477022977,79.0,50.0,strictly prior MUR days at the same source pixel
SBI_ARCH_POINT VRG,33.48911,-119.0279,33.49,-119.03,0.218446749956532,0.05,2017,365,365,1.0,17.721498630136985,22.516,2.430657142857142,306.65102619047616,97.0,37.0,strictly prior MUR days at the same source pixel
SBI_ARCH_POINT VRG,33.48911,-119.0279,33.49,-119.03,0.218446749956532,0.05,2018,365,365,1.0,17.886947945205478,23.409,2.456410714285714,362.89750320512826,76.0,68.0,strictly prior MUR days at the same source pixel
SBI_ARCH_POINT VRG,33.48911,-119.0279,33.49,-119.03,0.218446749956532,0.05,2019,365,365,1.0,17.1848,22.757,1.9204957983193276,114.46710819327731,39.0,18.0,strictly prior MUR days at the same source pixel
SBI_ARCH_POINT VRG,33.48911,-119.0279,33.49,-119.03,0.218446749956532,0.05,2020,366,366,1.0,17.928049180327868,22.386,3.0857460317460323,347.822454248366,76.0,45.0,strictly prior MUR days at the same source pixel
SBI_ARCH_POINT VRG,33.48911,-119.0279,33.49,-119.03,0.218446749956532,0.05,2021,365,363,0.9945205479452055,16.764537190082645,21.376,1.0687142857142855,63.10916666666669,33.0,21.0,strictly prior MUR days at the same source pixel
SBI_CAT_CANYON VRG,33.46442,-119.0441,33.46,-119.04,0.6214571381313254,0.05,2002,214,213,0.9953271028037384,17.300295774647886,19.421,,,,,strictly prior MUR days at the same source pixel
SBI_CAT_CANYON VRG,33.46442,-119.0441,33.46,-119.04,0.6214571381313254,0.05,2003,365,365,1.0,16.35268219178082,20.564,,,,,strictly prior MUR days at the same source pixel
SBI_CAT_CANYON VRG,33.46442,-119.0441,33.46,-119.04,0.6214571381313254,0.05,2004,366,366,1.0,16.74613387978142,22.171,3.149714285714286,259.416,59.0,30.0,strictly prior MUR days at the same source pixel
SBI_CAT_CANYON VRG,33.46442,-119.0441,33.46,-119.04,0.6214571381313254,0.05,2005,365,365,1.0,16.547345205479456,20.528,1.4280714285714284,124.52316666666668,45.0,36.0,strictly prior MUR days at the same source pixel
SBI_CAT_CANYON VRG,33.46442,-119.0441,33.46,-119.04,0.6214571381313254,0.05,2006,365,364,0.9972602739726028,17.02859340659341,23.09,3.4275714285714294,320.4868333333333,73.0,41.0,strictly prior MUR days at the same source pixel
SBI_CAT_CANYON VRG,33.46442,-119.0441,33.46,-119.04,0.6214571381313254,0.05,2007,365,364,0.9972602739726028,16.5130521978022,21.32,1.7249428571428562,101.41879999999999,59.0,33.0,strictly prior MUR days at the same source pixel
SBI_CAT_CANYON VRG,33.46442,-119.0441,33.46,-119.04,0.6214571381313254,0.05,2008,366,366,1.0,16.556486338797814,21.812,3.018190476190475,149.33883333333335,67.0,46.0,strictly prior MUR days at the same source pixel
SBI_CAT_CANYON VRG,33.46442,-119.0441,33.46,-119.04,0.6214571381313254,0.05,2009,365,365,1.0,16.652394520547947,21.02,1.421551020408162,131.28184523809517,42.0,19.0,strictly prior MUR days at the same source pixel
SBI_CAT_CANYON VRG,33.46442,-119.0441,33.46,-119.04,0.6214571381313254,0.05,2010,365,365,1.0,16.051501369863015,19.684,1.705489795918368,80.67755357142858,0.0,0.0,strictly prior MUR days at the same source pixel
SBI_CAT_CANYON VRG,33.46442,-119.0441,33.46,-119.04,0.6214571381313254,0.05,2011,365,365,1.0,16.257153424657535,20.805,1.12925,67.27297222222222,12.0,4.0,strictly prior MUR days at the same source pixel
SBI_CAT_CANYON VRG,33.46442,-119.0441,33.46,-119.04,0.6214571381313254,0.05,2012,366,366,1.0,16.9944043715847,22.095,3.1377571428571427,270.85225714285707,78.0,78.0,strictly prior MUR days at the same source pixel
SBI_CAT_CANYON VRG,33.46442,-119.0441,33.46,-119.04,0.6214571381313254,0.05,2013,365,365,1.0,16.77993698630137,20.885,1.6273246753246755,192.686675,22.0,11.0,strictly prior MUR days at the same source pixel
SBI_CAT_CANYON VRG,33.46442,-119.0441,33.46,-119.04,0.6214571381313254,0.05,2014,365,365,1.0,18.32675616438356,21.928,3.0415476190476194,644.9045303030302,124.0,109.0,strictly prior MUR days at the same source pixel
SBI_CAT_CANYON VRG,33.46442,-119.0441,33.46,-119.04,0.6214571381313254,0.05,2015,365,365,1.0,18.722498630136986,23.475,4.759824175824177,739.1623589743588,116.0,62.0,strictly prior MUR days at the same source pixel
SBI_CAT_CANYON VRG,33.46442,-119.0441,33.46,-119.04,0.6214571381313254,0.05,2016,366,366,1.0,17.796710382513663,22.095,2.715755102040816,365.9806884781885,78.0,50.0,strictly prior MUR days at the same source pixel
SBI_CAT_CANYON VRG,33.46442,-119.0441,33.46,-119.04,0.6214571381313254,0.05,2017,365,365,1.0,17.68915890410959,22.479,2.4386380952380944,305.55266428571423,94.0,34.0,strictly prior MUR days at the same source pixel
SBI_CAT_CANYON VRG,33.46442,-119.0441,33.46,-119.04,0.6214571381313254,0.05,2018,365,365,1.0,17.853290410958905,23.296,2.4959374999999997,362.68473461538457,77.0,68.0,strictly prior MUR days at the same source pixel
SBI_CAT_CANYON VRG,33.46442,-119.0441,33.46,-119.04,0.6214571381313254,0.05,2019,365,365,1.0,17.15267397260274,22.609,1.85010924369748,111.28988760504203,36.0,17.0,strictly prior MUR days at the same source pixel
SBI_CAT_CANYON VRG,33.46442,-119.0441,33.46,-119.04,0.6214571381313254,0.05,2020,366,366,1.0,17.91685519125683,22.426,3.118634920634921,355.1115882352941,77.0,29.0,strictly prior MUR days at the same source pixel
SBI_CAT_CANYON VRG,33.46442,-119.0441,33.46,-119.04,0.6214571381313254,0.05,2021,365,363,0.9945205479452055,16.734275482093665,21.38,1.1869774436090224,63.48876608187132,32.0,20.0,strictly prior MUR days at the same source pixel
SBI_GRAVEYARD_CANYON VRG,33.47471,-119.0268,33.47,-119.03,0.6019875144935907,0.05,2002,214,213,0.9953271028037384,17.32337558685446,19.456,,,,,strictly prior MUR days at the same source pixel
SBI_GRAVEYARD_CANYON VRG,33.47471,-119.0268,33.47,-119.03,0.6019875144935907,0.05,2003,365,365,1.0,16.36920821917808,20.605,,,,,strictly prior MUR days at the same source pixel
SBI_GRAVEYARD_CANYON VRG,33.47471,-119.0268,33.47,-119.03,0.6019875144935907,0.05,2004,366,366,1.0,16.767781420765026,22.155,3.2025714285714284,260.02650000000006,60.0,29.0,strictly prior MUR days at the same source pixel
SBI_GRAVEYARD_CANYON VRG,33.47471,-119.0268,33.47,-119.03,0.6019875144935907,0.05,2005,365,365,1.0,16.564052054794523,20.545,1.3878571428571427,123.17183333333337,46.0,36.0,strictly prior MUR days at the same source pixel
SBI_GRAVEYARD_CANYON VRG,33.47471,-119.0268,33.47,-119.03,0.6019875144935907,0.05,2006,365,364,0.9972602739726028,17.045554945054942,23.154,3.372214285714286,319.6405,73.0,41.0,strictly prior MUR days at the same source pixel
SBI_GRAVEYARD_CANYON VRG,33.47471,-119.0268,33.47,-119.03,0.6019875144935907,0.05,2007,365,364,0.9972602739726028,16.53350824175824,21.341,1.7158285714285704,101.69324999999998,60.0,47.0,strictly prior MUR days at the same source pixel
SBI_GRAVEYARD_CANYON VRG,33.47471,-119.0268,33.47,-119.03,0.6019875144935907,0.05,2008,366,366,1.0,16.57932786885246,21.844,3.0213809523809525,149.99530000000001,66.0,46.0,strictly prior MUR days at the same source pixel
SBI_GRAVEYARD_CANYON VRG,33.47471,-119.0268,33.47,-119.03,0.6019875144935907,0.05,2009,365,365,1.0,16.666742465753426,21.041,1.3976938775510206,130.00132142857143,42.0,19.0,strictly prior MUR days at the same source pixel
SBI_GRAVEYARD_CANYON VRG,33.47471,-119.0268,33.47,-119.03,0.6019875144935907,0.05,2010,365,365,1.0,16.074435616438357,19.695,1.716061224489796,80.77916071428572,0.0,0.0,strictly prior MUR days at the same source pixel
SBI_GRAVEYARD_CANYON VRG,33.47471,-119.0268,33.47,-119.03,0.6019875144935907,0.05,2011,365,365,1.0,16.267964383561647,20.848,1.1320892857142855,65.87390277777777,10.0,4.0,strictly prior MUR days at the same source pixel
SBI_GRAVEYARD_CANYON VRG,33.47471,-119.0268,33.47,-119.03,0.6019875144935907,0.05,2012,366,366,1.0,17.011931693989073,22.111,3.132485714285714,271.445819047619,78.0,78.0,strictly prior MUR days at the same source pixel
SBI_GRAVEYARD_CANYON VRG,33.47471,-119.0268,33.47,-119.03,0.6019875144935907,0.05,2013,365,365,1.0,16.805515068493154,20.93,1.6350389610389604,192.9666340909091,18.0,11.0,strictly prior MUR days at the same source pixel
SBI_GRAVEYARD_CANYON VRG,33.47471,-119.0268,33.47,-119.03,0.6019875144935907,0.05,2014,365,365,1.0,18.34566301369863,21.963,3.0409761904761905,644.9659646464647,123.0,109.0,strictly prior MUR days at the same source pixel
SBI_GRAVEYARD_CANYON VRG,33.47471,-119.0268,33.47,-119.03,0.6019875144935907,0.05,2015,365,365,1.0,18.738380821917808,23.516,4.791043956043955,738.1509,116.0,62.0,strictly prior MUR days at the same source pixel
SBI_GRAVEYARD_CANYON VRG,33.47471,-119.0268,33.47,-119.03,0.6019875144935907,0.05,2016,366,366,1.0,17.812448087431694,22.172,2.7108061224489792,364.5803699633699,79.0,50.0,strictly prior MUR days at the same source pixel
SBI_GRAVEYARD_CANYON VRG,33.47471,-119.0268,33.47,-119.03,0.6019875144935907,0.05,2017,365,365,1.0,17.70970684931507,22.506,2.440761904761905,305.85150476190483,95.0,37.0,strictly prior MUR days at the same source pixel
SBI_GRAVEYARD_CANYON VRG,33.47471,-119.0268,33.47,-119.03,0.6019875144935907,0.05,2018,365,365,1.0,17.875446575342465,23.358,2.4957767857142854,363.3179634615385,76.0,68.0,strictly prior MUR days at the same source pixel
SBI_GRAVEYARD_CANYON VRG,33.47471,-119.0268,33.47,-119.03,0.6019875144935907,0.05,2019,365,365,1.0,17.169169863013696,22.678,1.8698403361344538,111.84181565126049,38.0,18.0,strictly prior MUR days at the same source pixel
SBI_GRAVEYARD_CANYON VRG,33.47471,-119.0268,33.47,-119.03,0.6019875144935907,0.05,2020,366,366,1.0,17.92417486338798,22.42,3.112285714285714,351.1455065359478,76.0,45.0,strictly prior MUR days at the same source pixel
SBI_GRAVEYARD_CANYON VRG,33.47471,-119.0268,33.47,-119.03,0.6019875144935907,0.05,2021,365,363,0.9945205479452055,16.752994490358127,21.328,1.1109548872180457,62.50218713450292,31.0,20.0,strictly prior MUR days at the same source pixel
SBI_SOUTHEAST_REEF VRG,33.46293,-119.0313,33.46,-119.03,0.3474043563508815,0.05,2002,214,213,0.9953271028037384,17.319417840375586,19.445,,,,,strictly prior MUR days at the same source pixel
SBI_SOUTHEAST_REEF VRG,33.46293,-119.0313,33.46,-119.03,0.3474043563508815,0.05,2003,365,365,1.0,16.37007123287671,20.582,,,,,strictly prior MUR days at the same source pixel
SBI_SOUTHEAST_REEF VRG,33.46293,-119.0313,33.46,-119.03,0.3474043563508815,0.05,2004,366,366,1.0,16.765571038251366,22.225,3.2014285714285706,259.274,63.0,29.0,strictly prior MUR days at the same source pixel
SBI_SOUTHEAST_REEF VRG,33.46293,-119.0313,33.46,-119.03,0.3474043563508815,0.05,2005,365,365,1.0,16.564131506849314,20.522,1.4045714285714284,123.39216666666667,46.0,36.0,strictly prior MUR days at the same source pixel
SBI_SOUTHEAST_REEF VRG,33.46293,-119.0313,33.46,-119.03,0.3474043563508815,0.05,2006,365,364,0.9972602739726028,17.04454945054945,23.163,3.4191071428571433,320.0066666666667,73.0,41.0,strictly prior MUR days at the same source pixel
SBI_SOUTHEAST_REEF VRG,33.46293,-119.0313,33.46,-119.03,0.3474043563508815,0.05,2007,365,364,0.9972602739726028,16.53513736263736,21.397,1.712228571428572,101.87760000000003,61.0,47.0,strictly prior MUR days at the same source pixel
SBI_SOUTHEAST_REEF VRG,33.46293,-119.0313,33.46,-119.03,0.3474043563508815,0.05,2008,366,366,1.0,16.57453005464481,21.829,3.0176190476190476,148.9078,65.0,46.0,strictly prior MUR days at the same source pixel
SBI_SOUTHEAST_REEF VRG,33.46293,-119.0313,33.46,-119.03,0.3474043563508815,0.05,2009,365,365,1.0,16.667871232876713,21.064,1.4048571428571424,130.28997619047615,42.0,19.0,strictly prior MUR days at the same source pixel
SBI_SOUTHEAST_REEF VRG,33.46293,-119.0313,33.46,-119.03,0.3474043563508815,0.05,2010,365,365,1.0,16.067635616438356,19.685,1.7087551020408163,80.07669642857144,0.0,0.0,strictly prior MUR days at the same source pixel
SBI_SOUTHEAST_REEF VRG,33.46293,-119.0313,33.46,-119.03,0.3474043563508815,0.05,2011,365,365,1.0,16.270613698630136,20.842,1.1207857142857134,66.59851388888887,12.0,4.0,strictly prior MUR days at the same source pixel
SBI_SOUTHEAST_REEF VRG,33.46293,-119.0313,33.46,-119.03,0.3474043563508815,0.05,2012,366,366,1.0,17.011084699453555,22.121,3.1403,271.1249238095238,78.0,78.0,strictly prior MUR days at the same source pixel
SBI_SOUTHEAST_REEF VRG,33.46293,-119.0313,33.46,-119.03,0.3474043563508815,0.05,2013,365,365,1.0,16.799715068493153,20.938,1.6285064935064928,192.5309590909091,19.0,11.0,strictly prior MUR days at the same source pixel
SBI_SOUTHEAST_REEF VRG,33.46293,-119.0313,33.46,-119.03,0.3474043563508815,0.05,2014,365,365,1.0,18.34567123287671,21.97,3.0469523809523813,645.4937752525252,124.0,109.0,strictly prior MUR days at the same source pixel
SBI_SOUTHEAST_REEF VRG,33.46293,-119.0313,33.46,-119.03,0.3474043563508815,0.05,2015,365,365,1.0,18.735764383561644,23.499,4.7672857142857135,737.684323076923,116.0,62.0,strictly prior MUR days at the same source pixel
SBI_SOUTHEAST_REEF VRG,33.46293,-119.0313,33.46,-119.03,0.3474043563508815,0.05,2016,366,366,1.0,17.813620218579235,22.141,2.7145510204081624,365.47419430569437,80.0,51.0,strictly prior MUR days at the same source pixel
SBI_SOUTHEAST_REEF VRG,33.46293,-119.0313,33.46,-119.03,0.3474043563508815,0.05,2017,365,365,1.0,17.70737808219178,22.499,2.4458952380952383,305.4235880952381,93.0,34.0,strictly prior MUR days at the same source pixel
SBI_SOUTHEAST_REEF VRG,33.46293,-119.0313,33.46,-119.03,0.3474043563508815,0.05,2018,365,365,1.0,17.87279178082192,23.329,2.5099999999999993,363.22310320512815,77.0,68.0,strictly prior MUR days at the same source pixel
SBI_SOUTHEAST_REEF VRG,33.46293,-119.0313,33.46,-119.03,0.3474043563508815,0.05,2019,365,365,1.0,17.1653698630137,22.635,1.8412268907563036,110.48907983193277,37.0,17.0,strictly prior MUR days at the same source pixel
SBI_SOUTHEAST_REEF VRG,33.46293,-119.0313,33.46,-119.03,0.3474043563508815,0.05,2020,366,366,1.0,17.926341530054646,22.434,3.1150634920634923,352.7772140522876,76.0,45.0,strictly prior MUR days at the same source pixel
SBI_SOUTHEAST_REEF VRG,33.46293,-119.0313,33.46,-119.03,0.3474043563508815,0.05,2021,365,363,0.9945205479452055,16.751391184573002,21.336,1.1351428571428575,62.42195906432748,30.0,20.0,strictly prior MUR days at the same source pixel
SBI_SOUTHEAST_SEALION VRG,33.46878,-119.0288,33.47,-119.03,0.1754781820771372,0.05,2002,214,213,0.9953271028037384,17.32337558685446,19.456,,,,,strictly prior MUR days at the same source pixel
SBI_SOUTHEAST_SEALION VRG,33.46878,-119.0288,33.47,-119.03,0.1754781820771372,0.05,2003,365,365,1.0,16.36920821917808,20.605,,,,,strictly prior MUR days at the same source pixel
SBI_SOUTHEAST_SEALION VRG,33.46878,-119.0288,33.47,-119.03,0.1754781820771372,0.05,2004,366,366,1.0,16.767781420765026,22.155,3.2025714285714284,260.02650000000006,60.0,29.0,strictly prior MUR days at the same source pixel
SBI_SOUTHEAST_SEALION VRG,33.46878,-119.0288,33.47,-119.03,0.1754781820771372,0.05,2005,365,365,1.0,16.564052054794523,20.545,1.3878571428571427,123.17183333333337,46.0,36.0,strictly prior MUR days at the same source pixel
SBI_SOUTHEAST_SEALION VRG,33.46878,-119.0288,33.47,-119.03,0.1754781820771372,0.05,2006,365,364,0.9972602739726028,17.045554945054942,23.154,3.372214285714286,319.6405,73.0,41.0,strictly prior MUR days at the same source pixel
SBI_SOUTHEAST_SEALION VRG,33.46878,-119.0288,33.47,-119.03,0.1754781820771372,0.05,2007,365,364,0.9972602739726028,16.53350824175824,21.341,1.7158285714285704,101.69324999999998,60.0,47.0,strictly prior MUR days at the same source pixel
SBI_SOUTHEAST_SEALION VRG,33.46878,-119.0288,33.47,-119.03,0.1754781820771372,0.05,2008,366,366,1.0,16.57932786885246,21.844,3.0213809523809525,149.99530000000001,66.0,46.0,strictly prior MUR days at the same source pixel
SBI_SOUTHEAST_SEALION VRG,33.46878,-119.0288,33.47,-119.03,0.1754781820771372,0.05,2009,365,365,1.0,16.666742465753426,21.041,1.3976938775510206,130.00132142857143,42.0,19.0,strictly prior MUR days at the same source pixel
SBI_SOUTHEAST_SEALION VRG,33.46878,-119.0288,33.47,-119.03,0.1754781820771372,0.05,2010,365,365,1.0,16.074435616438357,19.695,1.716061224489796,80.77916071428572,0.0,0.0,strictly prior MUR days at the same source pixel
SBI_SOUTHEAST_SEALION VRG,33.46878,-119.0288,33.47,-119.03,0.1754781820771372,0.05,2011,365,365,1.0,16.267964383561647,20.848,1.1320892857142855,65.87390277777777,10.0,4.0,strictly prior MUR days at the same source pixel
SBI_SOUTHEAST_SEALION VRG,33.46878,-119.0288,33.47,-119.03,0.1754781820771372,0.05,2012,366,366,1.0,17.011931693989073,22.111,3.132485714285714,271.445819047619,78.0,78.0,strictly prior MUR days at the same source pixel
SBI_SOUTHEAST_SEALION VRG,33.46878,-119.0288,33.47,-119.03,0.1754781820771372,0.05,2013,365,365,1.0,16.805515068493154,20.93,1.6350389610389604,192.9666340909091,18.0,11.0,strictly prior MUR days at the same source pixel
SBI_SOUTHEAST_SEALION VRG,33.46878,-119.0288,33.47,-119.03,0.1754781820771372,0.05,2014,365,365,1.0,18.34566301369863,21.963,3.0409761904761905,644.9659646464647,123.0,109.0,strictly prior MUR days at the same source pixel
SBI_SOUTHEAST_SEALION VRG,33.46878,-119.0288,33.47,-119.03,0.1754781820771372,0.05,2015,365,365,1.0,18.738380821917808,23.516,4.791043956043955,738.1509,116.0,62.0,strictly prior MUR days at the same source pixel
SBI_SOUTHEAST_SEALION VRG,33.46878,-119.0288,33.47,-119.03,0.1754781820771372,0.05,2016,366,366,1.0,17.812448087431694,22.172,2.7108061224489792,364.5803699633699,79.0,50.0,strictly prior MUR days at the same source pixel
SBI_SOUTHEAST_SEALION VRG,33.46878,-119.0288,33.47,-119.03,0.1754781820771372,0.05,2017,365,365,1.0,17.70970684931507,22.506,2.440761904761905,305.85150476190483,95.0,37.0,strictly prior MUR days at the same source pixel
SBI_SOUTHEAST_SEALION VRG,33.46878,-119.0288,33.47,-119.03,0.1754781820771372,0.05,2018,365,365,1.0,17.875446575342465,23.358,2.4957767857142854,363.3179634615385,76.0,68.0,strictly prior MUR days at the same source pixel
SBI_SOUTHEAST_SEALION VRG,33.46878,-119.0288,33.47,-119.03,0.1754781820771372,0.05,2019,365,365,1.0,17.169169863013696,22.678,1.8698403361344538,111.84181565126049,38.0,18.0,strictly prior MUR days at the same source pixel
SBI_SOUTHEAST_SEALION VRG,33.46878,-119.0288,33.47,-119.03,0.1754781820771372,0.05,2020,366,366,1.0,17.92417486338798,22.42,3.112285714285714,351.1455065359478,76.0,45.0,strictly prior MUR days at the same source pixel
SBI_SOUTHEAST_SEALION VRG,33.46878,-119.0288,33.47,-119.03,0.1754781820771372,0.05,2021,365,363,0.9945205479452055,16.752994490358127,21.328,1.1109548872180457,62.50218713450292,31.0,20.0,strictly prior MUR days at the same source pixel
SBI_SUTIL VRG,33.46585,-119.0482,33.47,-119.05,0.4907364507759292,0.05,2002,214,213,0.9953271028037384,17.286877934272304,19.408,,,,,strictly prior MUR days at the same source pixel
SBI_SUTIL VRG,33.46585,-119.0482,33.47,-119.05,0.4907364507759292,0.05,2003,365,365,1.0,16.333843835616438,20.569,,,,,strictly prior MUR days at the same source pixel
SBI_SUTIL VRG,33.46585,-119.0482,33.47,-119.05,0.4907364507759292,0.05,2004,366,366,1.0,16.73184699453552,22.085,3.1324285714285716,260.954,57.0,30.0,strictly prior MUR days at the same source pixel
SBI_SUTIL VRG,33.46585,-119.0482,33.47,-119.05,0.4907364507759292,0.05,2005,365,365,1.0,16.531986301369862,20.568,1.4421428571428572,125.32733333333337,45.0,36.0,strictly prior MUR days at the same source pixel
SBI_SUTIL VRG,33.46585,-119.0482,33.47,-119.05,0.4907364507759292,0.05,2006,365,364,0.9972602739726028,17.01570879120879,23.016,3.372785714285714,320.7645833333334,75.0,75.0,strictly prior MUR days at the same source pixel
SBI_SUTIL VRG,33.46585,-119.0482,33.47,-119.05,0.4907364507759292,0.05,2007,365,364,0.9972602739726028,16.492236263736263,21.163,1.7350857142857135,100.91985,58.0,47.0,strictly prior MUR days at the same source pixel
SBI_SUTIL VRG,33.46585,-119.0482,33.47,-119.05,0.4907364507759292,0.05,2008,366,366,1.0,16.543543715846994,21.808,3.021571428571428,150.52706666666663,66.0,46.0,strictly prior MUR days at the same source pixel
SBI_SUTIL VRG,33.46585,-119.0482,33.47,-119.05,0.4907364507759292,0.05,2009,365,365,1.0,16.636934246575343,20.971,1.4258571428571436,131.85051190476193,40.0,19.0,strictly prior MUR days at the same source pixel
SBI_SUTIL VRG,33.46585,-119.0482,33.47,-119.05,0.4907364507759292,0.05,2010,365,365,1.0,16.042873972602738,19.71,1.7106938775510196,82.14812500000002,0.0,0.0,strictly prior MUR days at the same source pixel
SBI_SUTIL VRG,33.46585,-119.0482,33.47,-119.05,0.4907364507759292,0.05,2011,365,365,1.0,16.242194520547944,20.773,1.1449107142857147,67.06487499999999,10.0,5.0,strictly prior MUR days at the same source pixel
SBI_SUTIL VRG,33.46585,-119.0482,33.47,-119.05,0.4907364507759292,0.05,2012,366,366,1.0,16.980122950819673,22.044,3.1151142857142853,270.9311380952381,78.0,78.0,strictly prior MUR days at the same source pixel
SBI_SUTIL VRG,33.46585,-119.0482,33.47,-119.05,0.4907364507759292,0.05,2013,365,365,1.0,16.766205479452054,20.831,1.6322597402597405,192.77047954545458,21.0,11.0,strictly prior MUR days at the same source pixel
SBI_SUTIL VRG,33.46585,-119.0482,33.47,-119.05,0.4907364507759292,0.05,2014,365,365,1.0,18.310791780821916,21.939,3.0310833333333345,644.3988661616161,123.0,109.0,strictly prior MUR days at the same source pixel
SBI_SUTIL VRG,33.46585,-119.0482,33.47,-119.05,0.4907364507759292,0.05,2015,365,365,1.0,18.712945205479453,23.472,4.76131868131868,740.9692499999999,117.0,63.0,strictly prior MUR days at the same source pixel
SBI_SUTIL VRG,33.46585,-119.0482,33.47,-119.05,0.4907364507759292,0.05,2016,366,366,1.0,17.78071038251366,22.081,2.712040816326531,365.68910805860804,75.0,47.0,strictly prior MUR days at the same source pixel
SBI_SUTIL VRG,33.46585,-119.0482,33.47,-119.05,0.4907364507759292,0.05,2017,365,365,1.0,17.673936986301367,22.466,2.4201904761904767,305.7534214285714,96.0,35.0,strictly prior MUR days at the same source pixel
SBI_SUTIL VRG,33.46585,-119.0482,33.47,-119.05,0.4907364507759292,0.05,2018,365,365,1.0,17.837887671232878,23.288,2.4668125000000005,362.3470878205128,76.0,68.0,strictly prior MUR days at the same source pixel
SBI_SUTIL VRG,33.46585,-119.0482,33.47,-119.05,0.4907364507759292,0.05,2019,365,365,1.0,17.144205479452054,22.623,1.882890756302521,113.16039600840337,36.0,17.0,strictly prior MUR days at the same source pixel
SBI_SUTIL VRG,33.46585,-119.0482,33.47,-119.05,0.4907364507759292,0.05,2020,366,366,1.0,17.90692349726776,22.399,3.1198253968253966,355.9227663398692,80.0,29.0,strictly prior MUR days at the same source pixel
SBI_SUTIL VRG,33.46585,-119.0482,33.47,-119.05,0.4907364507759292,0.05,2021,365,363,0.9945205479452055,16.720429752066117,21.434,1.2065939849624066,64.83209064327485,34.0,21.0,strictly prior MUR days at the same source pixel
SCAI_BIRD_ROCK VRG,33.45217,-118.4877,33.45,-118.49,0.3221116220904875,0.05,2002,214,213,0.9953271028037384,17.85625821596244,20.432,,,,,strictly prior MUR days at the same source pixel
SCAI_BIRD_ROCK VRG,33.45217,-118.4877,33.45,-118.49,0.3221116220904875,0.05,2003,365,365,1.0,17.179586301369863,21.688,,,,,strictly prior MUR days at the same source pixel
SCAI_BIRD_ROCK VRG,33.45217,-118.4877,33.45,-118.49,0.3221116220904875,0.05,2004,366,366,1.0,17.42693442622951,22.977,3.1724999999999994,251.90150000000003,63.0,44.0,strictly prior MUR days at the same source pixel
SCAI_BIRD_ROCK VRG,33.45217,-118.4877,33.45,-118.49,0.3221116220904875,0.05,2005,365,365,1.0,17.19309589041096,20.822,1.8269523809523815,111.57650000000002,15.0,7.0,strictly prior MUR days at the same source pixel
SCAI_BIRD_ROCK VRG,33.45217,-118.4877,33.45,-118.49,0.3221116220904875,0.05,2006,365,365,1.0,17.759909589041097,23.498,3.175785714285715,312.10175,80.0,76.0,strictly prior MUR days at the same source pixel
SCAI_BIRD_ROCK VRG,33.45217,-118.4877,33.45,-118.49,0.3221116220904875,0.05,2007,365,365,1.0,17.172857534246575,22.543,1.6946285714285712,99.89759999999998,52.0,45.0,strictly prior MUR days at the same source pixel
SCAI_BIRD_ROCK VRG,33.45217,-118.4877,33.45,-118.49,0.3221116220904875,0.05,2008,366,366,1.0,17.395292349726777,21.836,3.015285714285714,162.67066666666668,66.0,43.0,strictly prior MUR days at the same source pixel
SCAI_BIRD_ROCK VRG,33.45217,-118.4877,33.45,-118.49,0.3221116220904875,0.05,2009,365,365,1.0,17.46978630136986,22.326,1.8693469387755104,149.33330952380948,55.0,30.0,strictly prior MUR days at the same source pixel
SCAI_BIRD_ROCK VRG,33.45217,-118.4877,33.45,-118.49,0.3221116220904875,0.05,2010,365,365,1.0,16.729487671232874,20.219,1.1660612244897952,69.86496428571428,0.0,0.0,strictly prior MUR days at the same source pixel
SCAI_BIRD_ROCK VRG,33.45217,-118.4877,33.45,-118.49,0.3221116220904875,0.05,2011,365,365,1.0,16.776106849315067,21.003,1.0523392857142855,47.34990277777778,2.0,2.0,strictly prior MUR days at the same source pixel
SCAI_BIRD_ROCK VRG,33.45217,-118.4877,33.45,-118.49,0.3221116220904875,0.05,2012,366,366,1.0,17.62964480874317,22.552,2.5704571428571437,244.5131666666667,75.0,75.0,strictly prior MUR days at the same source pixel
SCAI_BIRD_ROCK VRG,33.45217,-118.4877,33.45,-118.49,0.3221116220904875,0.05,2013,365,365,1.0,17.45202191780822,21.889,1.704194805194805,177.38727272727272,17.0,8.0,strictly prior MUR days at the same source pixel
SCAI_BIRD_ROCK VRG,33.45217,-118.4877,33.45,-118.49,0.3221116220904875,0.05,2014,365,365,1.0,18.98424383561644,24.086,3.5456190476190477,634.617356060606,121.0,120.0,strictly prior MUR days at the same source pixel
SCAI_BIRD_ROCK VRG,33.45217,-118.4877,33.45,-118.49,0.3221116220904875,0.05,2015,365,365,1.0,19.219624657534247,23.601,4.170593406593406,672.4455576923076,106.0,106.0,strictly prior MUR days at the same source pixel
SCAI_BIRD_ROCK VRG,33.45217,-118.4877,33.45,-118.49,0.3221116220904875,0.05,2016,366,366,1.0,18.40666393442623,23.627,2.392918367346939,334.1605128205128,71.0,53.0,strictly prior MUR days at the same source pixel
SCAI_BIRD_ROCK VRG,33.45217,-118.4877,33.45,-118.49,0.3221116220904875,0.05,2017,365,365,1.0,18.23952602739726,23.096,1.8241714285714283,261.6740809523809,54.0,22.0,strictly prior MUR days at the same source pixel
SCAI_BIRD_ROCK VRG,33.45217,-118.4877,33.45,-118.49,0.3221116220904875,0.05,2018,365,365,1.0,18.467161643835617,23.969,2.574410714285715,326.5753666666667,73.0,72.0,strictly prior MUR days at the same source pixel
SCAI_BIRD_ROCK VRG,33.45217,-118.4877,33.45,-118.49,0.3221116220904875,0.05,2019,365,365,1.0,17.867660273972604,22.653,1.3720252100840338,134.35234558823532,47.0,33.0,strictly prior MUR days at the same source pixel
SCAI_BIRD_ROCK VRG,33.45217,-118.4877,33.45,-118.49,0.3221116220904875,0.05,2020,366,366,1.0,18.269732240437158,23.548,2.6847460317460317,278.50545424836605,47.0,17.0,strictly prior MUR days at the same source pixel
SCAI_BIRD_ROCK VRG,33.45217,-118.4877,33.45,-118.49,0.3221116220904875,0.05,2021,365,363,0.9945205479452055,17.326592286501377,21.931,0.6924135338345866,39.653511695906445,7.0,5.0,strictly prior MUR days at the same source pixel
SCAI_INDIAN_HEAD VRG,33.37996,-118.4821,33.38,-118.48,0.1950406721177297,0.05,2002,214,213,0.9953271028037384,17.807450704225353,20.263,,,,,strictly prior MUR days at the same source pixel
SCAI_INDIAN_HEAD VRG,33.37996,-118.4821,33.38,-118.48,0.1950406721177297,0.05,2003,365,365,1.0,17.11029315068493,21.368,,,,,strictly prior MUR days at the same source pixel
SCAI_INDIAN_HEAD VRG,33.37996,-118.4821,33.38,-118.48,0.1950406721177297,0.05,2004,366,366,1.0,17.373959016393446,22.914,2.9731428571428578,248.79199999999997,63.0,45.0,strictly prior MUR days at the same source pixel
SCAI_INDIAN_HEAD VRG,33.37996,-118.4821,33.38,-118.48,0.1950406721177297,0.05,2005,365,365,1.0,17.140986301369864,20.649,1.8235714285714282,110.62933333333334,12.0,3.0,strictly prior MUR days at the same source pixel
SCAI_INDIAN_HEAD VRG,33.37996,-118.4821,33.38,-118.48,0.1950406721177297,0.05,2006,365,364,0.9972602739726028,17.661016483516484,23.195,3.0585357142857137,295.92775,78.0,73.0,strictly prior MUR days at the same source pixel
SCAI_INDIAN_HEAD VRG,33.37996,-118.4821,33.38,-118.48,0.1950406721177297,0.05,2007,365,364,0.9972602739726028,17.153873626373628,22.582,1.944742857142858,108.09725,53.0,46.0,strictly prior MUR days at the same source pixel
SCAI_INDIAN_HEAD VRG,33.37996,-118.4821,33.38,-118.48,0.1950406721177297,0.05,2008,366,366,1.0,17.305707650273224,21.812,3.171047619047619,160.88299999999995,66.0,43.0,strictly prior MUR days at the same source pixel
SCAI_INDIAN_HEAD VRG,33.37996,-118.4821,33.38,-118.48,0.1950406721177297,0.05,2009,365,365,1.0,17.443147945205478,22.286,1.6471020408163273,156.08804761904764,54.0,30.0,strictly prior MUR days at the same source pixel
SCAI_INDIAN_HEAD VRG,33.37996,-118.4821,33.38,-118.48,0.1950406721177297,0.05,2010,365,365,1.0,16.747849315068493,20.314,1.3477142857142856,77.16280357142855,0.0,0.0,strictly prior MUR days at the same source pixel
SCAI_INDIAN_HEAD VRG,33.37996,-118.4821,33.38,-118.48,0.1950406721177297,0.05,2011,365,365,1.0,16.746276712328765,21.004,0.9135892857142854,45.145055555555544,3.0,3.0,strictly prior MUR days at the same source pixel
SCAI_INDIAN_HEAD VRG,33.37996,-118.4821,33.38,-118.48,0.1950406721177297,0.05,2012,366,366,1.0,17.569724043715848,22.462,2.3940142857142868,238.53332857142857,73.0,64.0,strictly prior MUR days at the same source pixel
SCAI_INDIAN_HEAD VRG,33.37996,-118.4821,33.38,-118.48,0.1950406721177297,0.05,2013,365,365,1.0,17.401764383561645,21.517,1.6141298701298692,174.91881590909088,24.0,10.0,strictly prior MUR days at the same source pixel
SCAI_INDIAN_HEAD VRG,33.37996,-118.4821,33.38,-118.48,0.1950406721177297,0.05,2014,365,365,1.0,18.957676712328766,23.821,3.225190476190477,641.7916540404041,120.0,119.0,strictly prior MUR days at the same source pixel
SCAI_INDIAN_HEAD VRG,33.37996,-118.4821,33.38,-118.48,0.1950406721177297,0.05,2015,365,365,1.0,19.157775342465754,23.717,4.231923076923076,665.2894589743589,108.0,108.0,strictly prior MUR days at the same source pixel
SCAI_INDIAN_HEAD VRG,33.37996,-118.4821,33.38,-118.48,0.1950406721177297,0.05,2016,366,366,1.0,18.33833606557377,23.559,2.391867346938775,326.5255201465201,69.0,58.0,strictly prior MUR days at the same source pixel
SCAI_INDIAN_HEAD VRG,33.37996,-118.4821,33.38,-118.48,0.1950406721177297,0.05,2017,365,365,1.0,18.21982739726027,23.031,1.9286476190476185,271.2957976190476,61.0,22.0,strictly prior MUR days at the same source pixel
SCAI_INDIAN_HEAD VRG,33.37996,-118.4821,33.38,-118.48,0.1950406721177297,0.05,2018,365,365,1.0,18.394021917808217,23.682,2.3955803571428573,322.92057596153836,73.0,67.0,strictly prior MUR days at the same source pixel
SCAI_INDIAN_HEAD VRG,33.37996,-118.4821,33.38,-118.48,0.1950406721177297,0.05,2019,365,365,1.0,17.828728767123287,22.482,1.279899159663866,134.04271060924373,46.0,25.0,strictly prior MUR days at the same source pixel
SCAI_INDIAN_HEAD VRG,33.37996,-118.4821,33.38,-118.48,0.1950406721177297,0.05,2020,366,366,1.0,18.309754098360653,23.465,2.7581904761904767,302.00744444444445,60.0,29.0,strictly prior MUR days at the same source pixel
SCAI_INDIAN_HEAD VRG,33.37996,-118.4821,33.38,-118.48,0.1950406721177297,0.05,2021,365,363,0.9945205479452055,17.262146005509642,21.868,0.6584661654135344,34.65133040935674,8.0,5.0,strictly prior MUR days at the same source pixel
SCI_CAVERN_POINT_W UCSB,34.05275,-119.5713,34.05,-119.57,0.3284047827106476,0.05,2002,214,214,1.0,16.369855140186917,18.546,,,,,strictly prior MUR days at the same source pixel
SCI_CAVERN_POINT_W UCSB,34.05275,-119.5713,34.05,-119.57,0.3284047827106476,0.05,2003,365,365,1.0,15.707764383561644,20.972,,,,,strictly prior MUR days at the same source pixel
SCI_CAVERN_POINT_W UCSB,34.05275,-119.5713,34.05,-119.57,0.3284047827106476,0.05,2004,366,366,1.0,15.980721311475408,21.561,4.42057142857143,303.601,76.0,57.0,strictly prior MUR days at the same source pixel
SCI_CAVERN_POINT_W UCSB,34.05275,-119.5713,34.05,-119.57,0.3284047827106476,0.05,2005,365,364,0.9972602739726028,15.631695054945055,19.323,1.6305,142.6031666666667,46.0,23.0,strictly prior MUR days at the same source pixel
SCI_CAVERN_POINT_W UCSB,34.05275,-119.5713,34.05,-119.57,0.3284047827106476,0.05,2006,365,365,1.0,16.32077534246575,22.391,3.612178571428571,345.7799166666667,83.0,56.0,strictly prior MUR days at the same source pixel
SCI_CAVERN_POINT_W UCSB,34.05275,-119.5713,34.05,-119.57,0.3284047827106476,0.05,2007,365,365,1.0,15.622082191780823,20.66,1.991342857142857,123.13555000000002,55.0,42.0,strictly prior MUR days at the same source pixel
SCI_CAVERN_POINT_W UCSB,34.05275,-119.5713,34.05,-119.57,0.3284047827106476,0.05,2008,366,366,1.0,15.868483606557376,20.315,2.039571428571429,181.111,79.0,66.0,strictly prior MUR days at the same source pixel
SCI_CAVERN_POINT_W UCSB,34.05275,-119.5713,34.05,-119.57,0.3284047827106476,0.05,2009,365,365,1.0,16.071317808219177,20.313,1.9591666666666672,182.43947619047617,39.0,20.0,strictly prior MUR days at the same source pixel
SCI_CAVERN_POINT_W UCSB,34.05275,-119.5713,34.05,-119.57,0.3284047827106476,0.05,2010,365,365,1.0,15.212115068493151,18.799,1.788979591836735,90.36760714285714,0.0,0.0,strictly prior MUR days at the same source pixel
SCI_CAVERN_POINT_W UCSB,34.05275,-119.5713,34.05,-119.57,0.3284047827106476,0.05,2011,365,365,1.0,15.381282191780821,19.307,2.131035714285715,66.81545833333334,6.0,3.0,strictly prior MUR days at the same source pixel
SCI_CAVERN_POINT_W UCSB,34.05275,-119.5713,34.05,-119.57,0.3284047827106476,0.05,2012,366,366,1.0,16.27901912568306,20.944,2.579914285714285,302.6932777777777,78.0,78.0,strictly prior MUR days at the same source pixel
SCI_CAVERN_POINT_W UCSB,34.05275,-119.5713,34.05,-119.57,0.3284047827106476,0.05,2013,365,365,1.0,16.187931506849313,20.01,2.763181818181818,234.14328181818183,18.0,15.0,strictly prior MUR days at the same source pixel
SCI_CAVERN_POINT_W UCSB,34.05275,-119.5713,34.05,-119.57,0.3284047827106476,0.05,2014,365,365,1.0,17.629413698630138,21.962,3.8106904761904756,673.4945984848486,131.0,85.0,strictly prior MUR days at the same source pixel
SCI_CAVERN_POINT_W UCSB,34.05275,-119.5713,34.05,-119.57,0.3284047827106476,0.05,2015,365,365,1.0,18.027520547945205,23.028,5.017582417582417,760.0417884615384,114.0,86.0,strictly prior MUR days at the same source pixel
SCI_CAVERN_POINT_W UCSB,34.05275,-119.5713,34.05,-119.57,0.3284047827106476,0.05,2016,366,366,1.0,16.936439890710382,21.606,2.4245494505494514,339.3019230769231,85.0,46.0,strictly prior MUR days at the same source pixel
SCI_CAVERN_POINT_W UCSB,34.05275,-119.5713,34.05,-119.57,0.3284047827106476,0.05,2017,365,365,1.0,16.71158904109589,20.907,1.584657142857143,231.32931428571433,76.0,30.0,strictly prior MUR days at the same source pixel
SCI_CAVERN_POINT_W UCSB,34.05275,-119.5713,34.05,-119.57,0.3284047827106476,0.05,2018,365,365,1.0,17.13722191780822,22.551,3.5533660714285706,384.7623791666666,86.0,84.0,strictly prior MUR days at the same source pixel
SCI_CAVERN_POINT_W UCSB,34.05275,-119.5713,34.05,-119.57,0.3284047827106476,0.05,2019,365,365,1.0,16.551934246575343,21.606,1.8629663865546213,179.54543749999996,39.0,35.0,strictly prior MUR days at the same source pixel
SCI_CAVERN_POINT_W UCSB,34.05275,-119.5713,34.05,-119.57,0.3284047827106476,0.05,2020,366,366,1.0,16.829172131147544,21.443,2.729515873015873,281.2755964052287,60.0,25.0,strictly prior MUR days at the same source pixel
SCI_CAVERN_POINT_W UCSB,34.05275,-119.5713,34.05,-119.57,0.3284047827106476,0.05,2021,365,363,0.9945205479452055,16.03981818181818,20.398,1.4695555555555557,88.2187543859649,24.0,12.0,strictly prior MUR days at the same source pixel
SCI_COCHE_POINT_E UCSB,34.04493,-119.6014,34.04,-119.6,0.5631640264290086,0.05,2002,214,214,1.0,16.32220093457944,18.577,,,,,strictly prior MUR days at the same source pixel
SCI_COCHE_POINT_E UCSB,34.04493,-119.6014,34.04,-119.6,0.5631640264290086,0.05,2003,365,365,1.0,15.678564383561643,20.919,,,,,strictly prior MUR days at the same source pixel
SCI_COCHE_POINT_E UCSB,34.04493,-119.6014,34.04,-119.6,0.5631640264290086,0.05,2004,366,366,1.0,15.932693989071039,21.42,4.336142857142856,299.39099999999996,73.0,56.0,strictly prior MUR days at the same source pixel
SCI_COCHE_POINT_E UCSB,34.04493,-119.6014,34.04,-119.6,0.5631640264290086,0.05,2005,365,364,0.9972602739726028,15.605255494505494,19.298,1.6858571428571427,144.76049999999998,45.0,19.0,strictly prior MUR days at the same source pixel
SCI_COCHE_POINT_E UCSB,34.04493,-119.6014,34.04,-119.6,0.5631640264290086,0.05,2006,365,365,1.0,16.282969863013697,22.344,3.699857142857143,346.0566666666666,83.0,56.0,strictly prior MUR days at the same source pixel
SCI_COCHE_POINT_E UCSB,34.04493,-119.6014,34.04,-119.6,0.5631640264290086,0.05,2007,365,365,1.0,15.592054794520548,20.526,1.9372000000000007,122.41700000000004,54.0,26.0,strictly prior MUR days at the same source pixel
SCI_COCHE_POINT_E UCSB,34.04493,-119.6014,34.04,-119.6,0.5631640264290086,0.05,2008,366,366,1.0,15.837806010928963,20.239,2.0248809523809514,182.20820000000006,78.0,52.0,strictly prior MUR days at the same source pixel
SCI_COCHE_POINT_E UCSB,34.04493,-119.6014,34.04,-119.6,0.5631640264290086,0.05,2009,365,365,1.0,16.044320547945205,20.332,1.9403571428571433,183.366880952381,43.0,20.0,strictly prior MUR days at the same source pixel
SCI_COCHE_POINT_E UCSB,34.04493,-119.6014,34.04,-119.6,0.5631640264290086,0.05,2010,365,365,1.0,15.182076712328769,18.782,1.7693265306122448,89.87460714285713,0.0,0.0,strictly prior MUR days at the same source pixel
SCI_COCHE_POINT_E UCSB,34.04493,-119.6014,34.04,-119.6,0.5631640264290086,0.05,2011,365,365,1.0,15.356071232876713,19.345,2.116482142857143,68.48811111111112,6.0,3.0,strictly prior MUR days at the same source pixel
SCI_COCHE_POINT_E UCSB,34.04493,-119.6014,34.04,-119.6,0.5631640264290086,0.05,2012,366,366,1.0,16.2466174863388,20.941,2.6448857142857136,301.3197666666667,78.0,78.0,strictly prior MUR days at the same source pixel
SCI_COCHE_POINT_E UCSB,34.04493,-119.6014,34.04,-119.6,0.5631640264290086,0.05,2013,365,365,1.0,16.15086575342466,19.979,2.7019090909090906,231.1441363636364,18.0,12.0,strictly prior MUR days at the same source pixel
SCI_COCHE_POINT_E UCSB,34.04493,-119.6014,34.04,-119.6,0.5631640264290086,0.05,2014,365,365,1.0,17.59852602739726,22.045,3.754821428571428,673.8525075757575,133.0,93.0,strictly prior MUR days at the same source pixel
SCI_COCHE_POINT_E UCSB,34.04493,-119.6014,34.04,-119.6,0.5631640264290086,0.05,2015,365,365,1.0,18.000279452054798,23.119,4.995461538461539,762.047935897436,114.0,86.0,strictly prior MUR days at the same source pixel
SCI_COCHE_POINT_E UCSB,34.04493,-119.6014,34.04,-119.6,0.5631640264290086,0.05,2016,366,366,1.0,16.901912568306013,21.451,2.44854945054945,337.94625274725274,86.0,47.0,strictly prior MUR days at the same source pixel
SCI_COCHE_POINT_E UCSB,34.04493,-119.6014,34.04,-119.6,0.5631640264290086,0.05,2017,365,365,1.0,16.67415890410959,20.835,1.540066666666667,229.78904761904766,79.0,33.0,strictly prior MUR days at the same source pixel
SCI_COCHE_POINT_E UCSB,34.04493,-119.6014,34.04,-119.6,0.5631640264290086,0.05,2018,365,365,1.0,17.090917808219178,22.47,3.5361249999999993,379.85433750000004,83.0,57.0,strictly prior MUR days at the same source pixel
SCI_COCHE_POINT_E UCSB,34.04493,-119.6014,34.04,-119.6,0.5631640264290086,0.05,2019,365,365,1.0,16.521734246575345,21.585,1.8980420168067214,181.19601838235297,40.0,35.0,strictly prior MUR days at the same source pixel
SCI_COCHE_POINT_E UCSB,34.04493,-119.6014,34.04,-119.6,0.5631640264290086,0.05,2020,366,366,1.0,16.779655737704918,21.422,2.764666666666667,277.1366568627451,58.0,25.0,strictly prior MUR days at the same source pixel
SCI_COCHE_POINT_E UCSB,34.04493,-119.6014,34.04,-119.6,0.5631640264290086,0.05,2021,365,363,0.9945205479452055,16.01271900826446,20.394,1.399452380952381,89.44451754385963,26.0,11.0,strictly prior MUR days at the same source pixel
SCI_FORNEY_E UCSB,34.05148,-119.9097,34.05,-119.91,0.1668735274574277,0.05,2002,214,214,1.0,15.562163551401868,17.562,,,,,strictly prior MUR days at the same source pixel
SCI_FORNEY_E UCSB,34.05148,-119.9097,34.05,-119.91,0.1668735274574277,0.05,2003,365,365,1.0,15.013778082191783,19.965,,,,,strictly prior MUR days at the same source pixel
SCI_FORNEY_E UCSB,34.05148,-119.9097,34.05,-119.91,0.1668735274574277,0.05,2004,366,366,1.0,15.282303278688525,20.406,3.957285714285715,292.499,72.0,52.0,strictly prior MUR days at the same source pixel
SCI_FORNEY_E UCSB,34.05148,-119.9097,34.05,-119.91,0.1668735274574277,0.05,2005,365,364,0.9972602739726028,15.02986813186813,18.583,1.872047619047618,156.698,46.0,46.0,strictly prior MUR days at the same source pixel
SCI_FORNEY_E UCSB,34.05148,-119.9097,34.05,-119.91,0.1668735274574277,0.05,2006,365,364,0.9972602739726028,15.691760989010987,22.003,3.9442500000000007,355.45483333333334,85.0,67.0,strictly prior MUR days at the same source pixel
SCI_FORNEY_E UCSB,34.05148,-119.9097,34.05,-119.91,0.1668735274574277,0.05,2007,365,364,0.9972602739726028,15.031502747252748,20.068,1.852171428571429,125.7202,43.0,21.0,strictly prior MUR days at the same source pixel
SCI_FORNEY_E UCSB,34.05148,-119.9097,34.05,-119.91,0.1668735274574277,0.05,2008,366,366,1.0,15.247499999999997,19.579,2.494047619047618,201.3081,77.0,57.0,strictly prior MUR days at the same source pixel
SCI_FORNEY_E UCSB,34.05148,-119.9097,34.05,-119.91,0.1668735274574277,0.05,2009,365,365,1.0,15.498049315068494,20.092,2.023142857142856,193.66796428571425,48.0,20.0,strictly prior MUR days at the same source pixel
SCI_FORNEY_E UCSB,34.05148,-119.9097,34.05,-119.91,0.1668735274574277,0.05,2010,365,365,1.0,14.683545205479454,18.955,1.628857142857143,93.03675000000001,3.0,3.0,strictly prior MUR days at the same source pixel
SCI_FORNEY_E UCSB,34.05148,-119.9097,34.05,-119.91,0.1668735274574277,0.05,2011,365,365,1.0,14.791336986301369,18.882,1.6526190476190468,65.127625,7.0,3.0,strictly prior MUR days at the same source pixel
SCI_FORNEY_E UCSB,34.05148,-119.9097,34.05,-119.91,0.1668735274574277,0.05,2012,366,366,1.0,15.672450819672132,20.701,3.2800999999999982,302.4865555555555,87.0,65.0,strictly prior MUR days at the same source pixel
SCI_FORNEY_E UCSB,34.05148,-119.9097,34.05,-119.91,0.1668735274574277,0.05,2013,365,365,1.0,15.517391780821917,19.15,2.8097142857142865,225.31925,26.0,9.0,strictly prior MUR days at the same source pixel
SCI_FORNEY_E UCSB,34.05148,-119.9097,34.05,-119.91,0.1668735274574277,0.05,2014,365,365,1.0,16.99750410958904,21.315,3.8717976190476193,670.1471464646465,156.0,142.0,strictly prior MUR days at the same source pixel
SCI_FORNEY_E UCSB,34.05148,-119.9097,34.05,-119.91,0.1668735274574277,0.05,2015,365,365,1.0,17.390824657534246,22.811,5.004395604395604,755.6885,120.0,113.0,strictly prior MUR days at the same source pixel
SCI_FORNEY_E UCSB,34.05148,-119.9097,34.05,-119.91,0.1668735274574277,0.05,2016,366,366,1.0,16.29622131147541,20.824,2.4190408163265316,337.0226117216117,71.0,41.0,strictly prior MUR days at the same source pixel
SCI_FORNEY_E UCSB,34.05148,-119.9097,34.05,-119.91,0.1668735274574277,0.05,2017,365,365,1.0,16.047569863013702,20.572,1.8970571428571428,226.87551428571425,73.0,30.0,strictly prior MUR days at the same source pixel
SCI_FORNEY_E UCSB,34.05148,-119.9097,34.05,-119.91,0.1668735274574277,0.05,2018,365,365,1.0,16.4892301369863,21.747,3.153223214285714,376.63065096153855,95.0,59.0,strictly prior MUR days at the same source pixel
SCI_FORNEY_E UCSB,34.05148,-119.9097,34.05,-119.91,0.1668735274574277,0.05,2019,365,365,1.0,15.941312328767122,20.696,2.17336974789916,183.07680724789915,35.0,35.0,strictly prior MUR days at the same source pixel
SCI_FORNEY_E UCSB,34.05148,-119.9097,34.05,-119.91,0.1668735274574277,0.05,2020,366,366,1.0,16.14472950819672,20.864,2.62518253968254,268.2001388888889,61.0,32.0,strictly prior MUR days at the same source pixel
SCI_FORNEY_E UCSB,34.05148,-119.9097,34.05,-119.91,0.1668735274574277,0.05,2021,365,363,0.9945205479452055,15.385118457300274,19.743,1.5429365079365078,97.46153216374267,23.0,7.0,strictly prior MUR days at the same source pixel
SCI_FORNEY_W UCSB,34.05388,-119.9182,34.05,-119.92,0.4622097198010214,0.05,2002,214,214,1.0,15.535953271028037,17.529,,,,,strictly prior MUR days at the same source pixel
SCI_FORNEY_W UCSB,34.05388,-119.9182,34.05,-119.92,0.4622097198010214,0.05,2003,365,365,1.0,14.992010958904112,19.953,,,,,strictly prior MUR days at the same source pixel
SCI_FORNEY_W UCSB,34.05388,-119.9182,34.05,-119.92,0.4622097198010214,0.05,2004,366,366,1.0,15.257868852459014,20.351,4.002357142857143,291.308,75.0,52.0,strictly prior MUR days at the same source pixel
SCI_FORNEY_W UCSB,34.05388,-119.9182,34.05,-119.92,0.4622097198010214,0.05,2005,365,364,0.9972602739726028,15.005686813186813,18.518,1.8337619047619067,156.2336666666667,46.0,46.0,strictly prior MUR days at the same source pixel
SCI_FORNEY_W UCSB,34.05388,-119.9182,34.05,-119.92,0.4622097198010214,0.05,2006,365,364,0.9972602739726028,15.674096153846152,21.98,3.9712857142857136,357.26874999999995,88.0,67.0,strictly prior MUR days at the same source pixel
SCI_FORNEY_W UCSB,34.05388,-119.9182,34.05,-119.92,0.4622097198010214,0.05,2007,365,364,0.9972602739726028,15.015722527472528,20.089,1.8639714285714295,127.19084999999998,43.0,21.0,strictly prior MUR days at the same source pixel
SCI_FORNEY_W UCSB,34.05388,-119.9182,34.05,-119.92,0.4622097198010214,0.05,2008,366,366,1.0,15.228461748633878,19.563,2.516785714285714,201.66423333333336,77.0,57.0,strictly prior MUR days at the same source pixel
SCI_FORNEY_W UCSB,34.05388,-119.9182,34.05,-119.92,0.4622097198010214,0.05,2009,365,365,1.0,15.477402739726028,20.077,2.0205952380952383,193.87245238095238,48.0,20.0,strictly prior MUR days at the same source pixel
SCI_FORNEY_W UCSB,34.05388,-119.9182,34.05,-119.92,0.4622097198010214,0.05,2010,365,365,1.0,14.666109589041096,18.957,1.6251020408163268,93.14507142857146,3.0,3.0,strictly prior MUR days at the same source pixel
SCI_FORNEY_W UCSB,34.05388,-119.9182,34.05,-119.92,0.4622097198010214,0.05,2011,365,365,1.0,14.771854794520545,18.863,1.663031746031746,65.106625,7.0,3.0,strictly prior MUR days at the same source pixel
SCI_FORNEY_W UCSB,34.05388,-119.9182,34.05,-119.92,0.4622097198010214,0.05,2012,366,366,1.0,15.65298907103825,20.717,3.3090714285714293,302.6113777777778,87.0,65.0,strictly prior MUR days at the same source pixel
SCI_FORNEY_W UCSB,34.05388,-119.9182,34.05,-119.92,0.4622097198010214,0.05,2013,365,365,1.0,15.495235616438357,19.171,2.814233766233766,225.207375,27.0,9.0,strictly prior MUR days at the same source pixel
SCI_FORNEY_W UCSB,34.05388,-119.9182,34.05,-119.92,0.4622097198010214,0.05,2014,365,365,1.0,16.980550684931508,21.281,3.8718690476190476,671.346601010101,157.0,142.0,strictly prior MUR days at the same source pixel
SCI_FORNEY_W UCSB,34.05388,-119.9182,34.05,-119.92,0.4622097198010214,0.05,2015,365,365,1.0,17.368013698630133,22.811,5.01131868131868,754.6738525641024,120.0,113.0,strictly prior MUR days at the same source pixel
SCI_FORNEY_W UCSB,34.05388,-119.9182,34.05,-119.92,0.4622097198010214,0.05,2016,366,366,1.0,16.27410655737705,20.816,2.4431020408163255,337.16943589743585,71.0,41.0,strictly prior MUR days at the same source pixel
SCI_FORNEY_W UCSB,34.05388,-119.9182,34.05,-119.92,0.4622097198010214,0.05,2017,365,365,1.0,16.024936986301373,20.555,1.9187047619047612,226.5915595238095,73.0,30.0,strictly prior MUR days at the same source pixel
SCI_FORNEY_W UCSB,34.05388,-119.9182,34.05,-119.92,0.4622097198010214,0.05,2018,365,365,1.0,16.464876712328767,21.708,3.13275,375.393582371795,94.0,59.0,strictly prior MUR days at the same source pixel
SCI_FORNEY_W UCSB,34.05388,-119.9182,34.05,-119.92,0.4622097198010214,0.05,2019,365,365,1.0,15.923019178082193,20.704,2.165823529411764,184.13737657563024,33.0,16.0,strictly prior MUR days at the same source pixel
SCI_FORNEY_W UCSB,34.05388,-119.9182,34.05,-119.92,0.4622097198010214,0.05,2020,366,366,1.0,16.119781420765026,20.85,2.610690476190475,267.20899346405224,61.0,32.0,strictly prior MUR days at the same source pixel
SCI_FORNEY_W UCSB,34.05388,-119.9182,34.05,-119.92,0.4622097198010214,0.05,2021,365,363,0.9945205479452055,15.362826446280993,19.719,1.554888888888889,97.44473099415204,24.0,7.0,strictly prior MUR days at the same source pixel
SCI_GULL_ISLE_E UCSB,33.94647,-119.8232,33.95,-119.82,0.4911181003110947,0.05,2002,214,214,1.0,15.980121495327102,17.803,,,,,strictly prior MUR days at the same source pixel
SCI_GULL_ISLE_E UCSB,33.94647,-119.8232,33.95,-119.82,0.4911181003110947,0.05,2003,365,365,1.0,15.370769863013699,20.565,,,,,strictly prior MUR days at the same source pixel
SCI_GULL_ISLE_E UCSB,33.94647,-119.8232,33.95,-119.82,0.4911181003110947,0.05,2004,366,366,1.0,15.643289617486337,21.001,3.929714285714286,300.212,69.0,53.0,strictly prior MUR days at the same source pixel
SCI_GULL_ISLE_E UCSB,33.94647,-119.8232,33.95,-119.82,0.4911181003110947,0.05,2005,365,364,0.9972602739726028,15.442425824175823,19.171,1.6037857142857141,144.38883333333334,51.0,51.0,strictly prior MUR days at the same source pixel
SCI_GULL_ISLE_E UCSB,33.94647,-119.8232,33.95,-119.82,0.4911181003110947,0.05,2006,365,364,0.9972602739726028,16.072434065934065,22.21,3.634357142857144,362.3278333333333,89.0,56.0,strictly prior MUR days at the same source pixel
SCI_GULL_ISLE_E UCSB,33.94647,-119.8232,33.95,-119.82,0.4911181003110947,0.05,2007,365,364,0.9972602739726028,15.436252747252748,20.144,1.9255428571428577,128.6169,44.0,21.0,strictly prior MUR days at the same source pixel
SCI_GULL_ISLE_E UCSB,33.94647,-119.8232,33.95,-119.82,0.4911181003110947,0.05,2008,366,366,1.0,15.603841530054643,20.188,2.411285714285715,185.91513333333336,80.0,51.0,strictly prior MUR days at the same source pixel
SCI_GULL_ISLE_E UCSB,33.94647,-119.8232,33.95,-119.82,0.4911181003110947,0.05,2009,365,365,1.0,15.773123287671234,20.445,1.8403809523809522,169.10621428571432,45.0,25.0,strictly prior MUR days at the same source pixel
SCI_GULL_ISLE_E UCSB,33.94647,-119.8232,33.95,-119.82,0.4911181003110947,0.05,2010,365,365,1.0,14.938632876712328,18.887,1.4542244897959182,79.59396428571428,3.0,3.0,strictly prior MUR days at the same source pixel
SCI_GULL_ISLE_E UCSB,33.94647,-119.8232,33.95,-119.82,0.4911181003110947,0.05,2011,365,365,1.0,15.113230136986301,19.45,1.4351964285714285,70.40186111111109,10.0,3.0,strictly prior MUR days at the same source pixel
SCI_GULL_ISLE_E UCSB,33.94647,-119.8232,33.95,-119.82,0.4911181003110947,0.05,2012,366,366,1.0,16.057724043715847,21.122,3.367757142857143,309.6632222222222,79.0,76.0,strictly prior MUR days at the same source pixel
SCI_GULL_ISLE_E UCSB,33.94647,-119.8232,33.95,-119.82,0.4911181003110947,0.05,2013,365,365,1.0,15.843616438356165,19.736,2.55987012987013,221.27222272727272,28.0,12.0,strictly prior MUR days at the same source pixel
SCI_GULL_ISLE_E UCSB,33.94647,-119.8232,33.95,-119.82,0.4911181003110947,0.05,2014,365,365,1.0,17.374435616438355,22.122,3.870999999999998,680.0982954545455,135.0,89.0,strictly prior MUR days at the same source pixel
SCI_GULL_ISLE_E UCSB,33.94647,-119.8232,33.95,-119.82,0.4911181003110947,0.05,2015,365,365,1.0,17.80141643835616,22.888,5.119505494505495,776.8583602564104,118.0,104.0,strictly prior MUR days at the same source pixel
SCI_GULL_ISLE_E UCSB,33.94647,-119.8232,33.95,-119.82,0.4911181003110947,0.05,2016,366,366,1.0,16.68414480874317,21.295,2.4713877551020405,343.0726978021978,73.0,48.0,strictly prior MUR days at the same source pixel
SCI_GULL_ISLE_E UCSB,33.94647,-119.8232,33.95,-119.82,0.4911181003110947,0.05,2017,365,365,1.0,16.38370136986301,20.868,1.8534857142857146,216.5809166666667,60.0,20.0,strictly prior MUR days at the same source pixel
SCI_GULL_ISLE_E UCSB,33.94647,-119.8232,33.95,-119.82,0.4911181003110947,0.05,2018,365,365,1.0,16.82821917808219,22.09,3.0952232142857143,365.9452307692309,94.0,46.0,strictly prior MUR days at the same source pixel
SCI_GULL_ISLE_E UCSB,33.94647,-119.8232,33.95,-119.82,0.4911181003110947,0.05,2019,365,365,1.0,16.2268602739726,21.283,2.1817226890756305,174.46266386554623,39.0,25.0,strictly prior MUR days at the same source pixel
SCI_GULL_ISLE_E UCSB,33.94647,-119.8232,33.95,-119.82,0.4911181003110947,0.05,2020,366,366,1.0,16.589060109289615,21.378,2.670920634920635,278.8107336601308,61.0,34.0,strictly prior MUR days at the same source pixel
SCI_GULL_ISLE_E UCSB,33.94647,-119.8232,33.95,-119.82,0.4911181003110947,0.05,2021,365,363,0.9945205479452055,15.775801652892563,20.322,1.5176984126984132,93.25818713450295,17.0,6.0,strictly prior MUR days at the same source pixel
SCI_HAZARDS_CEN UCSB,34.05658,-119.8212,34.06,-119.82,0.3960287030494389,0.05,2002,214,214,1.0,15.81756074766355,18.086,,,,,strictly prior MUR days at the same source pixel
SCI_HAZARDS_CEN UCSB,34.05658,-119.8212,34.06,-119.82,0.3960287030494389,0.05,2003,365,365,1.0,15.22508493150685,20.463,,,,,strictly prior MUR days at the same source pixel
SCI_HAZARDS_CEN UCSB,34.05658,-119.8212,34.06,-119.82,0.3960287030494389,0.05,2004,366,366,1.0,15.49058743169399,20.872,4.041642857142856,297.9275,75.0,51.0,strictly prior MUR days at the same source pixel
SCI_HAZARDS_CEN UCSB,34.05658,-119.8212,34.06,-119.82,0.3960287030494389,0.05,2005,365,364,0.9972602739726028,15.206296703296703,19.196,2.307761904761904,160.59866666666667,46.0,46.0,strictly prior MUR days at the same source pixel
SCI_HAZARDS_CEN UCSB,34.05658,-119.8212,34.06,-119.82,0.3960287030494389,0.05,2006,365,364,0.9972602739726028,15.872475274725275,22.137,3.7925000000000013,347.07325000000003,74.0,50.0,strictly prior MUR days at the same source pixel
SCI_HAZARDS_CEN UCSB,34.05658,-119.8212,34.06,-119.82,0.3960287030494389,0.05,2007,365,364,0.9972602739726028,15.160903846153845,19.984,1.9021142857142852,116.65235,44.0,23.0,strictly prior MUR days at the same source pixel
SCI_HAZARDS_CEN UCSB,34.05658,-119.8212,34.06,-119.82,0.3960287030494389,0.05,2008,366,366,1.0,15.420994535519124,19.807,2.2435714285714288,200.36033333333333,80.0,58.0,strictly prior MUR days at the same source pixel
SCI_HAZARDS_CEN UCSB,34.05658,-119.8212,34.06,-119.82,0.3960287030494389,0.05,2009,365,365,1.0,15.662868493150686,20.119,2.1007380952380954,191.55990476190476,47.0,31.0,strictly prior MUR days at the same source pixel
SCI_HAZARDS_CEN UCSB,34.05658,-119.8212,34.06,-119.82,0.3960287030494389,0.05,2010,365,365,1.0,14.841446575342465,18.906,1.6946530612244894,92.26908928571427,3.0,3.0,strictly prior MUR days at the same source pixel
SCI_HAZARDS_CEN UCSB,34.05658,-119.8212,34.06,-119.82,0.3960287030494389,0.05,2011,365,365,1.0,14.951945205479452,18.707,1.6609841269841275,65.87113888888888,8.0,3.0,strictly prior MUR days at the same source pixel
SCI_HAZARDS_CEN UCSB,34.05658,-119.8212,34.06,-119.82,0.3960287030494389,0.05,2012,366,366,1.0,15.8269043715847,20.487,2.973985714285714,296.8126777777778,89.0,84.0,strictly prior MUR days at the same source pixel
SCI_HAZARDS_CEN UCSB,34.05658,-119.8212,34.06,-119.82,0.3960287030494389,0.05,2013,365,365,1.0,15.706161643835616,19.535,2.693636363636364,225.9134909090909,31.0,16.0,strictly prior MUR days at the same source pixel
SCI_HAZARDS_CEN UCSB,34.05658,-119.8212,34.06,-119.82,0.3960287030494389,0.05,2014,365,365,1.0,17.147260273972602,21.585,3.8454761904761905,660.967095959596,146.0,52.0,strictly prior MUR days at the same source pixel
SCI_HAZARDS_CEN UCSB,34.05658,-119.8212,34.06,-119.82,0.3960287030494389,0.05,2015,365,365,1.0,17.55761095890411,22.841,4.834659340659341,753.0894935897436,118.0,106.0,strictly prior MUR days at the same source pixel
SCI_HAZARDS_CEN UCSB,34.05658,-119.8212,34.06,-119.82,0.3960287030494389,0.05,2016,366,366,1.0,16.47613387978142,20.813,2.376582417582417,337.8223021978022,69.0,40.0,strictly prior MUR days at the same source pixel
SCI_HAZARDS_CEN UCSB,34.05658,-119.8212,34.06,-119.82,0.3960287030494389,0.05,2017,365,365,1.0,16.247671232876712,20.668,1.866104761904763,231.3371952380952,75.0,26.0,strictly prior MUR days at the same source pixel
SCI_HAZARDS_CEN UCSB,34.05658,-119.8212,34.06,-119.82,0.3960287030494389,0.05,2018,365,365,1.0,16.706430136986302,22.007,3.569544642857143,391.3189467948717,100.0,59.0,strictly prior MUR days at the same source pixel
SCI_HAZARDS_CEN UCSB,34.05658,-119.8212,34.06,-119.82,0.3960287030494389,0.05,2019,365,365,1.0,16.114060273972605,21.001,2.1213445378151268,177.81365126050423,35.0,26.0,strictly prior MUR days at the same source pixel
SCI_HAZARDS_CEN UCSB,34.05658,-119.8212,34.06,-119.82,0.3960287030494389,0.05,2020,366,366,1.0,16.340270491803278,20.977,2.806253968253968,274.15271895424837,57.0,24.0,strictly prior MUR days at the same source pixel
SCI_HAZARDS_CEN UCSB,34.05658,-119.8212,34.06,-119.82,0.3960287030494389,0.05,2021,365,363,0.9945205479452055,15.571760330578511,19.765,1.4446825396825396,96.32174561403508,20.0,12.0,strictly prior MUR days at the same source pixel
SCI_HAZARDS_W UCSB,34.0581,-119.8248,34.06,-119.82,0.4900593435469746,0.05,2002,214,214,1.0,15.81756074766355,18.086,,,,,strictly prior MUR days at the same source pixel
SCI_HAZARDS_W UCSB,34.0581,-119.8248,34.06,-119.82,0.4900593435469746,0.05,2003,365,365,1.0,15.22508493150685,20.463,,,,,strictly prior MUR days at the same source pixel
SCI_HAZARDS_W UCSB,34.0581,-119.8248,34.06,-119.82,0.4900593435469746,0.05,2004,366,366,1.0,15.49058743169399,20.872,4.041642857142856,297.9275,75.0,51.0,strictly prior MUR days at the same source pixel
SCI_HAZARDS_W UCSB,34.0581,-119.8248,34.06,-119.82,0.4900593435469746,0.05,2005,365,364,0.9972602739726028,15.206296703296703,19.196,2.307761904761904,160.59866666666667,46.0,46.0,strictly prior MUR days at the same source pixel
SCI_HAZARDS_W UCSB,34.0581,-119.8248,34.06,-119.82,0.4900593435469746,0.05,2006,365,364,0.9972602739726028,15.872475274725275,22.137,3.7925000000000013,347.07325000000003,74.0,50.0,strictly prior MUR days at the same source pixel
SCI_HAZARDS_W UCSB,34.0581,-119.8248,34.06,-119.82,0.4900593435469746,0.05,2007,365,364,0.9972602739726028,15.160903846153845,19.984,1.9021142857142852,116.65235,44.0,23.0,strictly prior MUR days at the same source pixel
SCI_HAZARDS_W UCSB,34.0581,-119.8248,34.06,-119.82,0.4900593435469746,0.05,2008,366,366,1.0,15.420994535519124,19.807,2.2435714285714288,200.36033333333333,80.0,58.0,strictly prior MUR days at the same source pixel
SCI_HAZARDS_W UCSB,34.0581,-119.8248,34.06,-119.82,0.4900593435469746,0.05,2009,365,365,1.0,15.662868493150686,20.119,2.1007380952380954,191.55990476190476,47.0,31.0,strictly prior MUR days at the same source pixel
SCI_HAZARDS_W UCSB,34.0581,-119.8248,34.06,-119.82,0.4900593435469746,0.05,2010,365,365,1.0,14.841446575342465,18.906,1.6946530612244894,92.26908928571427,3.0,3.0,strictly prior MUR days at the same source pixel
SCI_HAZARDS_W UCSB,34.0581,-119.8248,34.06,-119.82,0.4900593435469746,0.05,2011,365,365,1.0,14.951945205479452,18.707,1.6609841269841275,65.87113888888888,8.0,3.0,strictly prior MUR days at the same source pixel
SCI_HAZARDS_W UCSB,34.0581,-119.8248,34.06,-119.82,0.4900593435469746,0.05,2012,366,366,1.0,15.8269043715847,20.487,2.973985714285714,296.8126777777778,89.0,84.0,strictly prior MUR days at the same source pixel
SCI_HAZARDS_W UCSB,34.0581,-119.8248,34.06,-119.82,0.4900593435469746,0.05,2013,365,365,1.0,15.706161643835616,19.535,2.693636363636364,225.9134909090909,31.0,16.0,strictly prior MUR days at the same source pixel
SCI_HAZARDS_W UCSB,34.0581,-119.8248,34.06,-119.82,0.4900593435469746,0.05,2014,365,365,1.0,17.147260273972602,21.585,3.8454761904761905,660.967095959596,146.0,52.0,strictly prior MUR days at the same source pixel
SCI_HAZARDS_W UCSB,34.0581,-119.8248,34.06,-119.82,0.4900593435469746,0.05,2015,365,365,1.0,17.55761095890411,22.841,4.834659340659341,753.0894935897436,118.0,106.0,strictly prior MUR days at the same source pixel
SCI_HAZARDS_W UCSB,34.0581,-119.8248,34.06,-119.82,0.4900593435469746,0.05,2016,366,366,1.0,16.47613387978142,20.813,2.376582417582417,337.8223021978022,69.0,40.0,strictly prior MUR days at the same source pixel
SCI_HAZARDS_W UCSB,34.0581,-119.8248,34.06,-119.82,0.4900593435469746,0.05,2017,365,365,1.0,16.247671232876712,20.668,1.866104761904763,231.3371952380952,75.0,26.0,strictly prior MUR days at the same source pixel
SCI_HAZARDS_W UCSB,34.0581,-119.8248,34.06,-119.82,0.4900593435469746,0.05,2018,365,365,1.0,16.706430136986302,22.007,3.569544642857143,391.3189467948717,100.0,59.0,strictly prior MUR days at the same source pixel
SCI_HAZARDS_W UCSB,34.0581,-119.8248,34.06,-119.82,0.4900593435469746,0.05,2019,365,365,1.0,16.114060273972605,21.001,2.1213445378151268,177.81365126050423,35.0,26.0,strictly prior MUR days at the same source pixel
SCI_HAZARDS_W UCSB,34.0581,-119.8248,34.06,-119.82,0.4900593435469746,0.05,2020,366,366,1.0,16.340270491803278,20.977,2.806253968253968,274.15271895424837,57.0,24.0,strictly prior MUR days at the same source pixel
SCI_HAZARDS_W UCSB,34.0581,-119.8248,34.06,-119.82,0.4900593435469746,0.05,2021,365,363,0.9945205479452055,15.571760330578511,19.765,1.4446825396825396,96.32174561403508,20.0,12.0,strictly prior MUR days at the same source pixel
SCI_POTATO_PASTURE_E UCSB,34.05098,-119.5759,34.05,-119.58,0.3931375762209345,0.05,2002,214,214,1.0,16.346350467289717,18.571,,,,,strictly prior MUR days at the same source pixel
SCI_POTATO_PASTURE_E UCSB,34.05098,-119.5759,34.05,-119.58,0.3931375762209345,0.05,2003,365,365,1.0,15.6905397260274,20.951,,,,,strictly prior MUR days at the same source pixel
SCI_POTATO_PASTURE_E UCSB,34.05098,-119.5759,34.05,-119.58,0.3931375762209345,0.05,2004,366,366,1.0,15.958040983606557,21.52,4.407571428571428,302.2765,77.0,56.0,strictly prior MUR days at the same source pixel
SCI_POTATO_PASTURE_E UCSB,34.05098,-119.5759,34.05,-119.58,0.3931375762209345,0.05,2005,365,364,0.9972602739726028,15.609115384615386,19.298,1.6276428571428576,143.643,46.0,23.0,strictly prior MUR days at the same source pixel
SCI_POTATO_PASTURE_E UCSB,34.05098,-119.5759,34.05,-119.58,0.3931375762209345,0.05,2006,365,365,1.0,16.301668493150686,22.375,3.649000000000001,346.25333333333333,83.0,56.0,strictly prior MUR days at the same source pixel
SCI_POTATO_PASTURE_E UCSB,34.05098,-119.5759,34.05,-119.58,0.3931375762209345,0.05,2007,365,365,1.0,15.601731506849314,20.61,1.9797428571428577,123.10845000000002,55.0,42.0,strictly prior MUR days at the same source pixel
SCI_POTATO_PASTURE_E UCSB,34.05098,-119.5759,34.05,-119.58,0.3931375762209345,0.05,2008,366,366,1.0,15.850133879781419,20.286,2.034523809523809,181.89813333333333,76.0,58.0,strictly prior MUR days at the same source pixel
SCI_POTATO_PASTURE_E UCSB,34.05098,-119.5759,34.05,-119.58,0.3931375762209345,0.05,2009,365,365,1.0,16.057550684931506,20.305,1.965047619047619,184.13361904761902,41.0,20.0,strictly prior MUR days at the same source pixel
SCI_POTATO_PASTURE_E UCSB,34.05098,-119.5759,34.05,-119.58,0.3931375762209345,0.05,2010,365,365,1.0,15.19685479452055,18.789,1.7837142857142854,90.4784642857143,0.0,0.0,strictly prior MUR days at the same source pixel
SCI_POTATO_PASTURE_E UCSB,34.05098,-119.5759,34.05,-119.58,0.3931375762209345,0.05,2011,365,365,1.0,15.36668493150685,19.296,2.1295357142857148,67.39691666666667,6.0,3.0,strictly prior MUR days at the same source pixel
SCI_POTATO_PASTURE_E UCSB,34.05098,-119.5759,34.05,-119.58,0.3931375762209345,0.05,2012,366,366,1.0,16.258491803278687,20.926,2.5823000000000005,301.91198888888897,78.0,78.0,strictly prior MUR days at the same source pixel
SCI_POTATO_PASTURE_E UCSB,34.05098,-119.5759,34.05,-119.58,0.3931375762209345,0.05,2013,365,365,1.0,16.16986301369863,20.004,2.7567142857142852,233.7079,18.0,15.0,strictly prior MUR days at the same source pixel
SCI_POTATO_PASTURE_E UCSB,34.05098,-119.5759,34.05,-119.58,0.3931375762209345,0.05,2014,365,365,1.0,17.608939726027398,21.957,3.7924523809523807,672.7477196969696,131.0,85.0,strictly prior MUR days at the same source pixel
SCI_POTATO_PASTURE_E UCSB,34.05098,-119.5759,34.05,-119.58,0.3931375762209345,0.05,2015,365,365,1.0,18.009928767123288,23.026,5.0145824175824165,760.4516282051281,114.0,86.0,strictly prior MUR days at the same source pixel
SCI_POTATO_PASTURE_E UCSB,34.05098,-119.5759,34.05,-119.58,0.3931375762209345,0.05,2016,366,366,1.0,16.917273224043715,21.552,2.4317326007326017,339.0823095238096,85.0,46.0,strictly prior MUR days at the same source pixel
SCI_POTATO_PASTURE_E UCSB,34.05098,-119.5759,34.05,-119.58,0.3931375762209345,0.05,2017,365,365,1.0,16.69312328767123,20.882,1.548914285714287,230.96611428571433,77.0,32.0,strictly prior MUR days at the same source pixel
SCI_POTATO_PASTURE_E UCSB,34.05098,-119.5759,34.05,-119.58,0.3931375762209345,0.05,2018,365,365,1.0,17.118599999999997,22.524,3.5686875,384.72390000000007,86.0,58.0,strictly prior MUR days at the same source pixel
SCI_POTATO_PASTURE_E UCSB,34.05098,-119.5759,34.05,-119.58,0.3931375762209345,0.05,2019,365,365,1.0,16.538153424657533,21.59,1.8807563025210083,180.88780514705886,40.0,35.0,strictly prior MUR days at the same source pixel
SCI_POTATO_PASTURE_E UCSB,34.05098,-119.5759,34.05,-119.58,0.3931375762209345,0.05,2020,366,366,1.0,16.80389617486339,21.422,2.7516269841269834,279.9821454248366,60.0,25.0,strictly prior MUR days at the same source pixel
SCI_POTATO_PASTURE_E UCSB,34.05098,-119.5759,34.05,-119.58,0.3931375762209345,0.05,2021,365,363,0.9945205479452055,16.022820936639118,20.372,1.4481507936507936,88.36893859649123,26.0,12.0,strictly prior MUR days at the same source pixel
SCI_SCORPION_E UCSB,34.04847,-119.5464,34.05,-119.55,0.3727610269508805,0.05,2002,214,214,1.0,16.415845794392524,18.489,,,,,strictly prior MUR days at the same source pixel
SCI_SCORPION_E UCSB,34.04847,-119.5464,34.05,-119.55,0.3727610269508805,0.05,2003,365,365,1.0,15.744465753424656,21.008,,,,,strictly prior MUR days at the same source pixel
SCI_SCORPION_E UCSB,34.04847,-119.5464,34.05,-119.55,0.3727610269508805,0.05,2004,366,366,1.0,16.027642076502733,21.629,4.436428571428572,306.7215,70.0,49.0,strictly prior MUR days at the same source pixel
SCI_SCORPION_E UCSB,34.04847,-119.5464,34.05,-119.55,0.3727610269508805,0.05,2005,365,364,0.9972602739726028,15.680769230769231,19.387,1.6613571428571425,140.79583333333335,45.0,23.0,strictly prior MUR days at the same source pixel
SCI_SCORPION_E UCSB,34.04847,-119.5464,34.05,-119.55,0.3727610269508805,0.05,2006,365,365,1.0,16.35711506849315,22.424,3.5495714285714297,343.95033333333333,84.0,56.0,strictly prior MUR days at the same source pixel
SCI_SCORPION_E UCSB,34.04847,-119.5464,34.05,-119.55,0.3727610269508805,0.05,2007,365,365,1.0,15.660243835616438,20.747,2.0038857142857145,122.6185,56.0,42.0,strictly prior MUR days at the same source pixel
SCI_SCORPION_E UCSB,34.04847,-119.5464,34.05,-119.55,0.3727610269508805,0.05,2008,366,366,1.0,15.903464480874316,20.371,2.047285714285714,178.91736666666662,80.0,66.0,strictly prior MUR days at the same source pixel
SCI_SCORPION_E UCSB,34.04847,-119.5464,34.05,-119.55,0.3727610269508805,0.05,2009,365,365,1.0,16.098720547945206,20.328,1.9405714285714275,178.98869047619047,41.0,20.0,strictly prior MUR days at the same source pixel
SCI_SCORPION_E UCSB,34.04847,-119.5464,34.05,-119.55,0.3727610269508805,0.05,2010,365,365,1.0,15.243460273972602,18.819,1.7933877551020407,90.14364285714286,0.0,0.0,strictly prior MUR days at the same source pixel
SCI_SCORPION_E UCSB,34.04847,-119.5464,34.05,-119.55,0.3727610269508805,0.05,2011,365,365,1.0,15.409293150684931,19.316,2.1335714285714285,65.64526388888889,6.0,3.0,strictly prior MUR days at the same source pixel
SCI_SCORPION_E UCSB,34.04847,-119.5464,34.05,-119.55,0.3727610269508805,0.05,2012,366,366,1.0,16.3186912568306,20.973,2.5651714285714284,303.66993333333335,78.0,78.0,strictly prior MUR days at the same source pixel
SCI_SCORPION_E UCSB,34.04847,-119.5464,34.05,-119.55,0.3727610269508805,0.05,2013,365,365,1.0,16.221515068493147,20.024,2.7687662337662333,234.48966363636367,20.0,15.0,strictly prior MUR days at the same source pixel
SCI_SCORPION_E UCSB,34.04847,-119.5464,34.05,-119.55,0.3727610269508805,0.05,2014,365,365,1.0,17.66901917808219,21.982,3.853071428571429,674.6701439393939,129.0,84.0,strictly prior MUR days at the same source pixel
SCI_SCORPION_E UCSB,34.04847,-119.5464,34.05,-119.55,0.3727610269508805,0.05,2015,365,365,1.0,18.061361643835617,23.097,5.017087912087914,758.8695897435896,114.0,86.0,strictly prior MUR days at the same source pixel
SCI_SCORPION_E UCSB,34.04847,-119.5464,34.05,-119.55,0.3727610269508805,0.05,2016,366,366,1.0,16.971819672131147,21.692,2.445622448979593,339.2884102564102,86.0,46.0,strictly prior MUR days at the same source pixel
SCI_SCORPION_E UCSB,34.04847,-119.5464,34.05,-119.55,0.3727610269508805,0.05,2017,365,365,1.0,16.74733698630137,20.956,1.6522952380952372,232.0713714285714,76.0,30.0,strictly prior MUR days at the same source pixel
SCI_SCORPION_E UCSB,34.04847,-119.5464,34.05,-119.55,0.3727610269508805,0.05,2018,365,365,1.0,17.170230136986305,22.615,3.502375,383.65055,88.0,86.0,strictly prior MUR days at the same source pixel
SCI_SCORPION_E UCSB,34.04847,-119.5464,34.05,-119.55,0.3727610269508805,0.05,2019,365,365,1.0,16.578446575342465,21.637,1.82390756302521,176.71555882352945,39.0,35.0,strictly prior MUR days at the same source pixel
SCI_SCORPION_E UCSB,34.04847,-119.5464,34.05,-119.55,0.3727610269508805,0.05,2020,366,366,1.0,16.87686885245902,21.484,2.685817460317461,283.4593676470588,59.0,25.0,strictly prior MUR days at the same source pixel
SCI_SCORPION_E UCSB,34.04847,-119.5464,34.05,-119.55,0.3727610269508805,0.05,2021,365,363,0.9945205479452055,16.072859504132232,20.452,1.505079365079366,88.53911988304098,25.0,13.0,strictly prior MUR days at the same source pixel
SCI_SCORPION_W UCSB,34.0525,-119.5553,34.05,-119.56,0.5145606000119147,0.05,2002,214,214,1.0,16.392915887850467,18.52,,,,,strictly prior MUR days at the same source pixel
SCI_SCORPION_W UCSB,34.0525,-119.5553,34.05,-119.56,0.5145606000119147,0.05,2003,365,365,1.0,15.725841095890413,20.991,,,,,strictly prior MUR days at the same source pixel
SCI_SCORPION_W UCSB,34.0525,-119.5553,34.05,-119.56,0.5145606000119147,0.05,2004,366,366,1.0,16.003797814207648,21.596,4.429285714285715,305.07349999999997,69.0,52.0,strictly prior MUR days at the same source pixel
SCI_SCORPION_W UCSB,34.0525,-119.5553,34.05,-119.56,0.5145606000119147,0.05,2005,365,364,0.9972602739726028,15.655598901098898,19.352,1.6420714285714286,141.66049999999998,46.0,23.0,strictly prior MUR days at the same source pixel
SCI_SCORPION_W UCSB,34.0525,-119.5553,34.05,-119.56,0.5145606000119147,0.05,2006,365,365,1.0,16.339295890410963,22.408,3.5791785714285718,345.04850000000005,84.0,56.0,strictly prior MUR days at the same source pixel
SCI_SCORPION_W UCSB,34.0525,-119.5553,34.05,-119.56,0.5145606000119147,0.05,2007,365,365,1.0,15.641468493150684,20.707,2.0000571428571434,122.9508,55.0,42.0,strictly prior MUR days at the same source pixel
SCI_SCORPION_W UCSB,34.0525,-119.5553,34.05,-119.56,0.5145606000119147,0.05,2008,366,366,1.0,15.88606010928962,20.343,2.0435952380952385,180.09846666666667,80.0,66.0,strictly prior MUR days at the same source pixel
SCI_SCORPION_W UCSB,34.0525,-119.5553,34.05,-119.56,0.5145606000119147,0.05,2009,365,365,1.0,16.084895890410955,20.321,1.9513809523809513,180.67335714285716,41.0,20.0,strictly prior MUR days at the same source pixel
SCI_SCORPION_W UCSB,34.0525,-119.5553,34.05,-119.56,0.5145606000119147,0.05,2010,365,365,1.0,15.227649315068492,18.809,1.7923673469387749,90.24999999999999,0.0,0.0,strictly prior MUR days at the same source pixel
SCI_SCORPION_W UCSB,34.0525,-119.5553,34.05,-119.56,0.5145606000119147,0.05,2011,365,365,1.0,15.39545479452055,19.313,2.132678571428571,66.24847222222226,6.0,3.0,strictly prior MUR days at the same source pixel
SCI_SCORPION_W UCSB,34.0525,-119.5553,34.05,-119.56,0.5145606000119147,0.05,2012,366,366,1.0,16.29905737704918,20.96,2.573657142857143,303.2917,78.0,78.0,strictly prior MUR days at the same source pixel
SCI_SCORPION_W UCSB,34.0525,-119.5553,34.05,-119.56,0.5145606000119147,0.05,2013,365,365,1.0,16.205101369863012,20.016,2.7670909090909084,234.42599090909093,19.0,15.0,strictly prior MUR days at the same source pixel
SCI_SCORPION_W UCSB,34.0525,-119.5553,34.05,-119.56,0.5145606000119147,0.05,2014,365,365,1.0,17.6494904109589,21.97,3.830988095238095,674.1274772727272,130.0,84.0,strictly prior MUR days at the same source pixel
SCI_SCORPION_W UCSB,34.0525,-119.5553,34.05,-119.56,0.5145606000119147,0.05,2015,365,365,1.0,18.044605479452056,23.064,5.017945054945055,759.5094551282051,114.0,86.0,strictly prior MUR days at the same source pixel
SCI_SCORPION_W UCSB,34.0525,-119.5553,34.05,-119.56,0.5145606000119147,0.05,2016,366,366,1.0,16.954573770491802,21.652,2.435040816326531,339.4109706959708,85.0,46.0,strictly prior MUR days at the same source pixel
SCI_SCORPION_W UCSB,34.0525,-119.5553,34.05,-119.56,0.5145606000119147,0.05,2017,365,365,1.0,16.729591780821917,20.931,1.619914285714287,231.71951904761906,76.0,30.0,strictly prior MUR days at the same source pixel
SCI_SCORPION_W UCSB,34.0525,-119.5553,34.05,-119.56,0.5145606000119147,0.05,2018,365,365,1.0,17.154312328767123,22.582,3.5296607142857144,384.40101666666664,87.0,84.0,strictly prior MUR days at the same source pixel
SCI_SCORPION_W UCSB,34.0525,-119.5553,34.05,-119.56,0.5145606000119147,0.05,2019,365,365,1.0,16.565312328767124,21.622,1.8444705882352939,178.13894852941175,39.0,35.0,strictly prior MUR days at the same source pixel
SCI_SCORPION_W UCSB,34.0525,-119.5553,34.05,-119.56,0.5145606000119147,0.05,2020,366,366,1.0,16.85343442622951,21.464,2.707269841269841,282.42928921568625,59.0,25.0,strictly prior MUR days at the same source pixel
SCI_SCORPION_W UCSB,34.0525,-119.5553,34.05,-119.56,0.5145606000119147,0.05,2021,365,363,0.9945205479452055,16.0564435261708,20.427,1.4888571428571422,88.25503508771928,24.0,12.0,strictly prior MUR days at the same source pixel
SCI_VALLEY_E UCSB,33.98355,-119.6203,33.98,-119.62,0.3957105279886195,0.05,2002,214,214,1.0,16.456004672897194,18.699,,,,,strictly prior MUR days at the same source pixel
SCI_VALLEY_E UCSB,33.98355,-119.6203,33.98,-119.62,0.3957105279886195,0.05,2003,365,365,1.0,15.785194520547943,20.959,,,,,strictly prior MUR days at the same source pixel
SCI_VALLEY_E UCSB,33.98355,-119.6203,33.98,-119.62,0.3957105279886195,0.05,2004,366,366,1.0,16.089571038251368,21.462,4.234,312.89050000000003,64.0,46.0,strictly prior MUR days at the same source pixel
SCI_VALLEY_E UCSB,33.98355,-119.6203,33.98,-119.62,0.3957105279886195,0.05,2005,365,364,0.9972602739726028,15.856233516483517,19.692,1.8410000000000004,146.2208333333333,46.0,26.0,strictly prior MUR days at the same source pixel
SCI_VALLEY_E UCSB,33.98355,-119.6203,33.98,-119.62,0.3957105279886195,0.05,2006,365,365,1.0,16.439282191780823,22.269,3.4084285714285705,347.56825000000003,86.0,57.0,strictly prior MUR days at the same source pixel
SCI_VALLEY_E UCSB,33.98355,-119.6203,33.98,-119.62,0.3957105279886195,0.05,2007,365,365,1.0,15.829224657534247,20.659,1.8341428571428569,126.44425000000001,51.0,25.0,strictly prior MUR days at the same source pixel
SCI_VALLEY_E UCSB,33.98355,-119.6203,33.98,-119.62,0.3957105279886195,0.05,2008,366,366,1.0,16.00772950819672,20.562,2.0215714285714292,173.5402666666667,76.0,51.0,strictly prior MUR days at the same source pixel
SCI_VALLEY_E UCSB,33.98355,-119.6203,33.98,-119.62,0.3957105279886195,0.05,2009,365,365,1.0,16.128687671232875,20.601,1.721428571428571,158.0752142857143,40.0,28.0,strictly prior MUR days at the same source pixel
SCI_VALLEY_E UCSB,33.98355,-119.6203,33.98,-119.62,0.3957105279886195,0.05,2010,365,365,1.0,15.270547945205479,18.915,1.6904285714285712,80.62566071428571,0.0,0.0,strictly prior MUR days at the same source pixel
SCI_VALLEY_E UCSB,33.98355,-119.6203,33.98,-119.62,0.3957105279886195,0.05,2011,365,365,1.0,15.454049315068492,19.772,1.943375,65.82176388888888,7.0,3.0,strictly prior MUR days at the same source pixel
SCI_VALLEY_E UCSB,33.98355,-119.6203,33.98,-119.62,0.3957105279886195,0.05,2012,366,366,1.0,16.417822404371584,21.218,3.0450142857142866,304.91515555555554,78.0,78.0,strictly prior MUR days at the same source pixel
SCI_VALLEY_E UCSB,33.98355,-119.6203,33.98,-119.62,0.3957105279886195,0.05,2013,365,365,1.0,16.243487671232877,20.1,2.4740909090909082,218.62329090909088,23.0,13.0,strictly prior MUR days at the same source pixel
SCI_VALLEY_E UCSB,33.98355,-119.6203,33.98,-119.62,0.3957105279886195,0.05,2014,365,365,1.0,17.775361643835616,22.666,3.7847738095238097,685.387893939394,128.0,87.0,strictly prior MUR days at the same source pixel
SCI_VALLEY_E UCSB,33.98355,-119.6203,33.98,-119.62,0.3957105279886195,0.05,2015,365,365,1.0,18.174939726027397,23.178,5.048879120879121,772.0196282051284,115.0,105.0,strictly prior MUR days at the same source pixel
SCI_VALLEY_E UCSB,33.98355,-119.6203,33.98,-119.62,0.3957105279886195,0.05,2016,366,366,1.0,17.07298907103825,21.493,2.5171941391941393,341.39029304029305,73.0,44.0,strictly prior MUR days at the same source pixel
SCI_VALLEY_E UCSB,33.98355,-119.6203,33.98,-119.62,0.3957105279886195,0.05,2017,365,365,1.0,16.79216712328767,21.074,1.5986761904761901,224.25436190476188,61.0,24.0,strictly prior MUR days at the same source pixel
SCI_VALLEY_E UCSB,33.98355,-119.6203,33.98,-119.62,0.3957105279886195,0.05,2018,365,365,1.0,17.19523287671233,22.512,3.2364107142857144,364.0340166666666,81.0,57.0,strictly prior MUR days at the same source pixel
SCI_VALLEY_E UCSB,33.98355,-119.6203,33.98,-119.62,0.3957105279886195,0.05,2019,365,365,1.0,16.58421643835616,21.729,1.8041764705882362,168.27222058823526,41.0,35.0,strictly prior MUR days at the same source pixel
SCI_VALLEY_E UCSB,33.98355,-119.6203,33.98,-119.62,0.3957105279886195,0.05,2020,366,366,1.0,16.97714480874317,21.606,2.6020793650793643,283.1605637254902,62.0,25.0,strictly prior MUR days at the same source pixel
SCI_VALLEY_E UCSB,33.98355,-119.6203,33.98,-119.62,0.3957105279886195,0.05,2021,365,363,0.9945205479452055,16.1812782369146,20.777,1.4151349206349206,95.22169298245612,30.0,11.0,strictly prior MUR days at the same source pixel
SCI_VALLEY_W UCSB,33.9817,-119.6637,33.98,-119.66,0.3900304983198168,0.05,2002,214,214,1.0,16.368775700934577,18.642,,,,,strictly prior MUR days at the same source pixel
SCI_VALLEY_W UCSB,33.9817,-119.6637,33.98,-119.66,0.3900304983198168,0.05,2003,365,365,1.0,15.722783561643835,20.866,,,,,strictly prior MUR days at the same source pixel
SCI_VALLEY_W UCSB,33.9817,-119.6637,33.98,-119.66,0.3900304983198168,0.05,2004,366,366,1.0,16.026456284153006,21.238,4.128714285714286,313.537,70.0,47.0,strictly prior MUR days at the same source pixel
SCI_VALLEY_W UCSB,33.9817,-119.6637,33.98,-119.66,0.3900304983198168,0.05,2005,365,364,0.9972602739726028,15.779945054945054,19.644,1.7684285714285717,145.4305,48.0,26.0,strictly prior MUR days at the same source pixel
SCI_VALLEY_W UCSB,33.9817,-119.6637,33.98,-119.66,0.3900304983198168,0.05,2006,365,365,1.0,16.371923287671233,22.172,3.3621785714285726,347.23974999999996,85.0,56.0,strictly prior MUR days at the same source pixel
SCI_VALLEY_W UCSB,33.9817,-119.6637,33.98,-119.66,0.3900304983198168,0.05,2007,365,365,1.0,15.75481095890411,20.451,1.8118000000000005,125.05870000000003,50.0,25.0,strictly prior MUR days at the same source pixel
SCI_VALLEY_W UCSB,33.9817,-119.6637,33.98,-119.66,0.3900304983198168,0.05,2008,366,366,1.0,15.925002732240436,20.47,2.0640238095238095,169.9861666666667,76.0,50.0,strictly prior MUR days at the same source pixel
SCI_VALLEY_W UCSB,33.9817,-119.6637,33.98,-119.66,0.3900304983198168,0.05,2009,365,365,1.0,16.064232876712328,20.534,1.6983333333333326,158.73773809523806,43.0,29.0,strictly prior MUR days at the same source pixel
SCI_VALLEY_W UCSB,33.9817,-119.6637,33.98,-119.66,0.3900304983198168,0.05,2010,365,365,1.0,15.19468219178082,18.789,1.629897959183674,78.07448214285714,0.0,0.0,strictly prior MUR days at the same source pixel
SCI_VALLEY_W UCSB,33.9817,-119.6637,33.98,-119.66,0.3900304983198168,0.05,2011,365,365,1.0,15.38527397260274,19.632,1.878178571428571,65.48002777777782,7.0,3.0,strictly prior MUR days at the same source pixel
SCI_VALLEY_W UCSB,33.9817,-119.6637,33.98,-119.66,0.3900304983198168,0.05,2012,366,366,1.0,16.336191256830602,21.138,3.1233142857142857,301.27546666666666,78.0,78.0,strictly prior MUR days at the same source pixel
SCI_VALLEY_W UCSB,33.9817,-119.6637,33.98,-119.66,0.3900304983198168,0.05,2013,365,365,1.0,16.165580821917807,20.018,2.460961038961039,217.09604545454548,22.0,13.0,strictly prior MUR days at the same source pixel
SCI_VALLEY_W UCSB,33.9817,-119.6637,33.98,-119.66,0.3900304983198168,0.05,2014,365,365,1.0,17.707857534246575,22.643,3.773761904761904,687.1854318181818,129.0,120.0,strictly prior MUR days at the same source pixel
SCI_VALLEY_W UCSB,33.9817,-119.6637,33.98,-119.66,0.3900304983198168,0.05,2015,365,365,1.0,18.109008219178083,23.133,5.050087912087912,774.2895576923077,114.0,105.0,strictly prior MUR days at the same source pixel
SCI_VALLEY_W UCSB,33.9817,-119.6637,33.98,-119.66,0.3900304983198168,0.05,2016,366,366,1.0,17.0068087431694,21.448,2.5376483516483503,342.857587912088,75.0,44.0,strictly prior MUR days at the same source pixel
SCI_VALLEY_W UCSB,33.9817,-119.6637,33.98,-119.66,0.3900304983198168,0.05,2017,365,365,1.0,16.721301369863014,21.04,1.6150380952380938,222.48789047619047,63.0,31.0,strictly prior MUR days at the same source pixel
SCI_VALLEY_W UCSB,33.9817,-119.6637,33.98,-119.66,0.3900304983198168,0.05,2018,365,365,1.0,17.12976712328767,22.445,3.255214285714286,365.40690416666666,80.0,57.0,strictly prior MUR days at the same source pixel
SCI_VALLEY_W UCSB,33.9817,-119.6637,33.98,-119.66,0.3900304983198168,0.05,2019,365,365,1.0,16.527986301369864,21.651,1.8739075630252096,169.98183088235294,41.0,35.0,strictly prior MUR days at the same source pixel
SCI_VALLEY_W UCSB,33.9817,-119.6637,33.98,-119.66,0.3900304983198168,0.05,2020,366,366,1.0,16.88885792349727,21.531,2.6281746031746023,277.21416176470586,60.0,25.0,strictly prior MUR days at the same source pixel
SCI_VALLEY_W UCSB,33.9817,-119.6637,33.98,-119.66,0.3900304983198168,0.05,2021,365,363,0.9945205479452055,16.11179614325069,20.595,1.415007936507936,92.68533333333335,27.0,10.0,strictly prior MUR days at the same source pixel
SCI_YELLOWBANKS_CEN UCSB,33.98853,-119.547,33.99,-119.55,0.3212786108722216,0.05,2002,214,214,1.0,16.569761682242987,18.723,,,,,strictly prior MUR days at the same source pixel
SCI_YELLOWBANKS_CEN UCSB,33.98853,-119.547,33.99,-119.55,0.3212786108722216,0.05,2003,365,365,1.0,15.853635616438357,21.027,,,,,strictly prior MUR days at the same source pixel
SCI_YELLOWBANKS_CEN UCSB,33.98853,-119.547,33.99,-119.55,0.3212786108722216,0.05,2004,366,366,1.0,16.150691256830598,21.667,4.451285714285715,303.9415,71.0,55.0,strictly prior MUR days at the same source pixel
SCI_YELLOWBANKS_CEN UCSB,33.98853,-119.547,33.99,-119.55,0.3212786108722216,0.05,2005,365,364,0.9972602739726028,15.903126373626371,19.66,1.8202142857142856,139.0933333333333,43.0,26.0,strictly prior MUR days at the same source pixel
SCI_YELLOWBANKS_CEN UCSB,33.98853,-119.547,33.99,-119.55,0.3212786108722216,0.05,2006,365,365,1.0,16.510819178082194,22.512,3.436142857142856,348.85383333333334,90.0,71.0,strictly prior MUR days at the same source pixel
SCI_YELLOWBANKS_CEN UCSB,33.98853,-119.547,33.99,-119.55,0.3212786108722216,0.05,2007,365,365,1.0,15.888035616438355,20.821,1.9817428571428575,129.37339999999998,56.0,26.0,strictly prior MUR days at the same source pixel
SCI_YELLOWBANKS_CEN UCSB,33.98853,-119.547,33.99,-119.55,0.3212786108722216,0.05,2008,366,366,1.0,16.08128961748634,20.443,2.066928571428573,174.8247666666667,80.0,59.0,strictly prior MUR days at the same source pixel
SCI_YELLOWBANKS_CEN UCSB,33.98853,-119.547,33.99,-119.55,0.3212786108722216,0.05,2009,365,365,1.0,16.205964383561643,20.613,1.7465476190476192,160.64776190476195,44.0,19.0,strictly prior MUR days at the same source pixel
SCI_YELLOWBANKS_CEN UCSB,33.98853,-119.547,33.99,-119.55,0.3212786108722216,0.05,2010,365,365,1.0,15.362630136986303,19.039,1.7625306122448987,86.49008928571433,0.0,0.0,strictly prior MUR days at the same source pixel
SCI_YELLOWBANKS_CEN UCSB,33.98853,-119.547,33.99,-119.55,0.3212786108722216,0.05,2011,365,365,1.0,15.540339726027398,19.776,2.032767857142857,67.15477777777777,8.0,3.0,strictly prior MUR days at the same source pixel
SCI_YELLOWBANKS_CEN UCSB,33.98853,-119.547,33.99,-119.55,0.3212786108722216,0.05,2012,366,366,1.0,16.500418032786886,21.354,2.768771428571429,309.2912666666666,78.0,78.0,strictly prior MUR days at the same source pixel
SCI_YELLOWBANKS_CEN UCSB,33.98853,-119.547,33.99,-119.55,0.3212786108722216,0.05,2013,365,365,1.0,16.347824657534247,20.186,2.5841558441558434,230.53214545454546,25.0,13.0,strictly prior MUR days at the same source pixel
SCI_YELLOWBANKS_CEN UCSB,33.98853,-119.547,33.99,-119.55,0.3212786108722216,0.05,2014,365,365,1.0,17.848950684931506,22.309,3.9150476190476198,684.950946969697,125.0,45.0,strictly prior MUR days at the same source pixel
SCI_YELLOWBANKS_CEN UCSB,33.98853,-119.547,33.99,-119.55,0.3212786108722216,0.05,2015,365,365,1.0,18.237189041095892,23.36,5.025747252747253,766.7775512820513,116.0,106.0,strictly prior MUR days at the same source pixel
SCI_YELLOWBANKS_CEN UCSB,33.98853,-119.547,33.99,-119.55,0.3212786108722216,0.05,2016,366,366,1.0,17.15141256830601,21.778,2.426336996336995,344.3678205128205,80.0,46.0,strictly prior MUR days at the same source pixel
SCI_YELLOWBANKS_CEN UCSB,33.98853,-119.547,33.99,-119.55,0.3212786108722216,0.05,2017,365,365,1.0,16.88713698630137,21.094,1.6698380952380947,232.6494476190476,67.0,25.0,strictly prior MUR days at the same source pixel
SCI_YELLOWBANKS_CEN UCSB,33.98853,-119.547,33.99,-119.55,0.3212786108722216,0.05,2018,365,365,1.0,17.274912328767126,22.621,3.2363125000000004,366.5479916666667,82.0,57.0,strictly prior MUR days at the same source pixel
SCI_YELLOWBANKS_CEN UCSB,33.98853,-119.547,33.99,-119.55,0.3212786108722216,0.05,2019,365,365,1.0,16.67221917808219,21.811,1.7681260504201681,170.33240073529413,43.0,35.0,strictly prior MUR days at the same source pixel
SCI_YELLOWBANKS_CEN UCSB,33.98853,-119.547,33.99,-119.55,0.3212786108722216,0.05,2020,366,366,1.0,17.07262295081967,21.776,2.585031746031746,289.3791552287582,58.0,25.0,strictly prior MUR days at the same source pixel
SCI_YELLOWBANKS_CEN UCSB,33.98853,-119.547,33.99,-119.55,0.3212786108722216,0.05,2021,365,363,0.9945205479452055,16.254504132231407,21.175,1.5147777777777787,98.80959356725153,33.0,13.0,strictly prior MUR days at the same source pixel
SCI_YELLOWBANKS_W UCSB,33.9893,-119.5649,33.99,-119.56,0.4584174564791256,0.05,2002,214,214,1.0,16.54878037383178,18.713,,,,,strictly prior MUR days at the same source pixel
SCI_YELLOWBANKS_W UCSB,33.9893,-119.5649,33.99,-119.56,0.4584174564791256,0.05,2003,365,365,1.0,15.837794520547945,21.021,,,,,strictly prior MUR days at the same source pixel
SCI_YELLOWBANKS_W UCSB,33.9893,-119.5649,33.99,-119.56,0.4584174564791256,0.05,2004,366,366,1.0,16.13148087431694,21.635,4.4215,304.264,66.0,52.0,strictly prior MUR days at the same source pixel
SCI_YELLOWBANKS_W UCSB,33.9893,-119.5649,33.99,-119.56,0.4584174564791256,0.05,2005,365,364,0.9972602739726028,15.887532967032966,19.656,1.8245000000000007,140.455,43.0,26.0,strictly prior MUR days at the same source pixel
SCI_YELLOWBANKS_W UCSB,33.9893,-119.5649,33.99,-119.56,0.4584174564791256,0.05,2006,365,365,1.0,16.49367397260274,22.482,3.4215357142857146,348.89025,90.0,71.0,strictly prior MUR days at the same source pixel
SCI_YELLOWBANKS_W UCSB,33.9893,-119.5649,33.99,-119.56,0.4584174564791256,0.05,2007,365,365,1.0,15.87304383561644,20.803,1.9793428571428575,129.59189999999998,56.0,26.0,strictly prior MUR days at the same source pixel
SCI_YELLOWBANKS_W UCSB,33.9893,-119.5649,33.99,-119.56,0.4584174564791256,0.05,2008,366,366,1.0,16.06520218579235,20.438,2.031714285714286,174.80076666666665,80.0,59.0,strictly prior MUR days at the same source pixel
SCI_YELLOWBANKS_W UCSB,33.9893,-119.5649,33.99,-119.56,0.4584174564791256,0.05,2009,365,365,1.0,16.190854794520547,20.616,1.7571666666666679,160.81873809523807,44.0,19.0,strictly prior MUR days at the same source pixel
SCI_YELLOWBANKS_W UCSB,33.9893,-119.5649,33.99,-119.56,0.4584174564791256,0.05,2010,365,365,1.0,15.346917808219178,19.019,1.7594081632653062,86.07973214285714,0.0,0.0,strictly prior MUR days at the same source pixel
SCI_YELLOWBANKS_W UCSB,33.9893,-119.5649,33.99,-119.56,0.4584174564791256,0.05,2011,365,365,1.0,15.52555068493151,19.792,2.031410714285714,67.39145833333333,8.0,3.0,strictly prior MUR days at the same source pixel
SCI_YELLOWBANKS_W UCSB,33.9893,-119.5649,33.99,-119.56,0.4584174564791256,0.05,2012,366,366,1.0,16.48346994535519,21.268,2.7890000000000006,308.7959,78.0,78.0,strictly prior MUR days at the same source pixel
SCI_YELLOWBANKS_W UCSB,33.9893,-119.5649,33.99,-119.56,0.4584174564791256,0.05,2013,365,365,1.0,16.330997260273975,20.172,2.5769090909090915,229.2426090909091,25.0,13.0,strictly prior MUR days at the same source pixel
SCI_YELLOWBANKS_W UCSB,33.9893,-119.5649,33.99,-119.56,0.4584174564791256,0.05,2014,365,365,1.0,17.831413698630136,22.362,3.8974166666666656,684.3928636363637,125.0,45.0,strictly prior MUR days at the same source pixel
SCI_YELLOWBANKS_W UCSB,33.9893,-119.5649,33.99,-119.56,0.4584174564791256,0.05,2015,365,365,1.0,18.222317808219174,23.356,5.028263736263737,767.3837115384615,115.0,105.0,strictly prior MUR days at the same source pixel
SCI_YELLOWBANKS_W UCSB,33.9893,-119.5649,33.99,-119.56,0.4584174564791256,0.05,2016,366,366,1.0,17.13355737704918,21.743,2.438857142857142,343.7026483516483,81.0,46.0,strictly prior MUR days at the same source pixel
SCI_YELLOWBANKS_W UCSB,33.9893,-119.5649,33.99,-119.56,0.4584174564791256,0.05,2017,365,365,1.0,16.868402739726022,21.039,1.6557714285714293,231.60172857142862,63.0,25.0,strictly prior MUR days at the same source pixel
SCI_YELLOWBANKS_W UCSB,33.9893,-119.5649,33.99,-119.56,0.4584174564791256,0.05,2018,365,365,1.0,17.259408219178084,22.564,3.243535714285715,366.7604625,82.0,57.0,strictly prior MUR days at the same source pixel
SCI_YELLOWBANKS_W UCSB,33.9893,-119.5649,33.99,-119.56,0.4584174564791256,0.05,2019,365,365,1.0,16.656008219178084,21.796,1.775512605042017,170.28942279411766,43.0,35.0,strictly prior MUR days at the same source pixel
SCI_YELLOWBANKS_W UCSB,33.9893,-119.5649,33.99,-119.56,0.4584174564791256,0.05,2020,366,366,1.0,17.05327868852459,21.746,2.5889761904761897,288.67123366013067,60.0,25.0,strictly prior MUR days at the same source pixel
SCI_YELLOWBANKS_W UCSB,33.9893,-119.5649,33.99,-119.56,0.4584174564791256,0.05,2021,365,363,0.9945205479452055,16.238539944903582,21.117,1.5072698412698404,98.27362280701753,33.0,13.0,strictly prior MUR days at the same source pixel
SIREN UCSC,36.63073,-121.9186,36.63,-121.91,0.7716951884666189,0.05,2002,214,214,1.0,13.172976635514019,14.924,,,,,strictly prior MUR days at the same source pixel
SIREN UCSC,36.63073,-121.9186,36.63,-121.91,0.7716951884666189,0.05,2003,365,365,1.0,13.460558904109588,17.067,,,,,strictly prior MUR days at the same source pixel
SIREN UCSC,36.63073,-121.9186,36.63,-121.91,0.7716951884666189,0.05,2004,366,366,1.0,13.241920765027322,15.812,1.8962857142857141,150.607,24.0,18.0,strictly prior MUR days at the same source pixel
SIREN UCSC,36.63073,-121.9186,36.63,-121.91,0.7716951884666189,0.05,2005,365,365,1.0,13.436295890410959,15.395,2.399571428571428,215.3528333333333,31.0,11.0,strictly prior MUR days at the same source pixel
SIREN UCSC,36.63073,-121.9186,36.63,-121.91,0.7716951884666189,0.05,2006,365,365,1.0,13.56603287671233,16.911,2.3700357142857142,214.3409166666667,104.0,52.0,strictly prior MUR days at the same source pixel
SIREN UCSC,36.63073,-121.9186,36.63,-121.91,0.7716951884666189,0.05,2007,365,365,1.0,12.850063013698628,17.134999999999998,1.5955714285714293,69.03184999999999,22.0,12.0,strictly prior MUR days at the same source pixel
SIREN UCSC,36.63073,-121.9186,36.63,-121.91,0.7716951884666189,0.05,2008,366,366,1.0,12.700114754098362,16.759999999999998,2.4365238095238095,88.67846666666667,51.0,21.0,strictly prior MUR days at the same source pixel
SIREN UCSC,36.63073,-121.9186,36.63,-121.91,0.7716951884666189,0.05,2009,365,365,1.0,12.896594520547945,15.782,2.3574489795918367,95.99714285714289,11.0,4.0,strictly prior MUR days at the same source pixel
SIREN UCSC,36.63073,-121.9186,36.63,-121.91,0.7716951884666189,0.05,2010,365,365,1.0,13.069334246575341,15.239,1.159734693877551,120.59626785714285,4.0,4.0,strictly prior MUR days at the same source pixel
SIREN UCSC,36.63073,-121.9186,36.63,-121.91,0.7716951884666189,0.05,2011,365,365,1.0,12.992180821917808,15.917,1.8735238095238091,91.06147222222222,41.0,30.0,strictly prior MUR days at the same source pixel
SIREN UCSC,36.63073,-121.9186,36.63,-121.91,0.7716951884666189,0.05,2012,366,366,1.0,13.042945355191259,16.109,2.0745285714285706,132.52254444444446,36.0,21.0,strictly prior MUR days at the same source pixel
SIREN UCSC,36.63073,-121.9186,36.63,-121.91,0.7716951884666189,0.05,2013,365,365,1.0,12.907775342465753,15.335,1.7328051948051948,75.16052727272726,11.0,4.0,strictly prior MUR days at the same source pixel
SIREN UCSC,36.63073,-121.9186,36.63,-121.91,0.7716951884666189,0.05,2014,365,365,1.0,14.626884931506849,18.385,3.4215119047619047,579.046462121212,172.0,172.0,strictly prior MUR days at the same source pixel
SIREN UCSC,36.63073,-121.9186,36.63,-121.91,0.7716951884666189,0.05,2015,365,365,1.0,14.812471232876712,18.387,3.4284835164835163,602.3379487179486,130.0,128.0,strictly prior MUR days at the same source pixel
SIREN UCSC,36.63073,-121.9186,36.63,-121.91,0.7716951884666189,0.05,2016,366,366,1.0,13.777117486338796,16.025,2.080632653061224,256.9778956043956,39.0,18.0,strictly prior MUR days at the same source pixel
SIREN UCSC,36.63073,-121.9186,36.63,-121.91,0.7716951884666189,0.05,2017,365,365,1.0,13.457049315068494,18.041,2.7465809523809526,152.1160904761905,49.0,42.0,strictly prior MUR days at the same source pixel
SIREN UCSC,36.63073,-121.9186,36.63,-121.91,0.7716951884666189,0.05,2018,365,365,1.0,13.830701369863014,16.932000000000002,3.0600089285714285,274.9838291666666,66.0,25.0,strictly prior MUR days at the same source pixel
SIREN UCSC,36.63073,-121.9186,36.63,-121.91,0.7716951884666189,0.05,2019,365,365,1.0,13.899734246575344,16.595,2.4146696428571426,244.78734926470588,32.0,14.0,strictly prior MUR days at the same source pixel
SIREN UCSC,36.63073,-121.9186,36.63,-121.91,0.7716951884666189,0.05,2020,366,366,1.0,13.833519125683063,17.145,2.4967899159663864,252.38013071895426,43.0,12.0,strictly prior MUR days at the same source pixel
SIREN UCSC,36.63073,-121.9186,36.63,-121.91,0.7716951884666189,0.05,2021,365,363,0.9945205479452055,13.405922865013775,17.656,1.7507969924812028,143.88879239766084,66.0,55.0,strictly prior MUR days at the same source pixel
SMI_CROOK_POINT_E UCSB,34.01587,-120.3305,34.02,-120.33,0.4615420107761228,0.05,2002,214,214,1.0,14.844728971962617,17.024,,,,,strictly prior MUR days at the same source pixel
SMI_CROOK_POINT_E UCSB,34.01587,-120.3305,34.02,-120.33,0.4615420107761228,0.05,2003,365,365,1.0,14.328424657534246,18.327,,,,,strictly prior MUR days at the same source pixel
SMI_CROOK_POINT_E UCSB,34.01587,-120.3305,34.02,-120.33,0.4615420107761228,0.05,2004,366,366,1.0,14.419379781420766,19.002,3.754142857142857,232.624,62.0,46.0,strictly prior MUR days at the same source pixel
SMI_CROOK_POINT_E UCSB,34.01587,-120.3305,34.02,-120.33,0.4615420107761228,0.05,2005,365,364,0.9972602739726028,14.260884615384613,17.593,1.8747857142857143,167.72183333333334,34.0,17.0,strictly prior MUR days at the same source pixel
SMI_CROOK_POINT_E UCSB,34.01587,-120.3305,34.02,-120.33,0.4615420107761228,0.05,2006,365,365,1.0,14.992452054794521,20.733,4.246821428571429,359.207,116.0,87.0,strictly prior MUR days at the same source pixel
SMI_CROOK_POINT_E UCSB,34.01587,-120.3305,34.02,-120.33,0.4615420107761228,0.05,2007,365,365,1.0,14.321750684931507,18.934,2.172742857142858,112.79399999999998,44.0,18.0,strictly prior MUR days at the same source pixel
SMI_CROOK_POINT_E UCSB,34.01587,-120.3305,34.02,-120.33,0.4615420107761228,0.05,2008,366,366,1.0,14.42746994535519,18.6,2.0524285714285706,184.53959999999992,84.0,57.0,strictly prior MUR days at the same source pixel
SMI_CROOK_POINT_E UCSB,34.01587,-120.3305,34.02,-120.33,0.4615420107761228,0.05,2009,365,365,1.0,14.751509589041094,19.006,2.502510204081633,203.65369047619043,47.0,20.0,strictly prior MUR days at the same source pixel
SMI_CROOK_POINT_E UCSB,34.01587,-120.3305,34.02,-120.33,0.4615420107761228,0.05,2010,365,365,1.0,14.081361643835617,18.184,1.487265306122449,97.0938392857143,3.0,3.0,strictly prior MUR days at the same source pixel
SMI_CROOK_POINT_E UCSB,34.01587,-120.3305,34.02,-120.33,0.4615420107761228,0.05,2011,365,365,1.0,14.214668493150683,17.915,2.0333650793650793,85.63677777777778,21.0,6.0,strictly prior MUR days at the same source pixel
SMI_CROOK_POINT_E UCSB,34.01587,-120.3305,34.02,-120.33,0.4615420107761228,0.05,2012,366,366,1.0,14.865434426229507,19.844,3.295242857142857,273.93674444444446,85.0,62.0,strictly prior MUR days at the same source pixel
SMI_CROOK_POINT_E UCSB,34.01587,-120.3305,34.02,-120.33,0.4615420107761228,0.05,2013,365,365,1.0,14.693397260273972,17.864,2.5114675324675315,195.30375454545452,29.0,8.0,strictly prior MUR days at the same source pixel
SMI_CROOK_POINT_E UCSB,34.01587,-120.3305,34.02,-120.33,0.4615420107761228,0.05,2014,365,365,1.0,16.23108219178082,20.193,3.863845238095238,653.3598257575758,163.0,153.0,strictly prior MUR days at the same source pixel
SMI_CROOK_POINT_E UCSB,34.01587,-120.3305,34.02,-120.33,0.4615420107761228,0.05,2015,365,365,1.0,16.693197260273973,21.954,4.915527472527472,769.4111282051281,121.0,116.0,strictly prior MUR days at the same source pixel
SMI_CROOK_POINT_E UCSB,34.01587,-120.3305,34.02,-120.33,0.4615420107761228,0.05,2016,366,366,1.0,15.530508196721312,19.748,2.5427040816326536,324.0569377289378,60.0,18.0,strictly prior MUR days at the same source pixel
SMI_CROOK_POINT_E UCSB,34.01587,-120.3305,34.02,-120.33,0.4615420107761228,0.05,2017,365,365,1.0,15.347082191780821,19.727,2.309828571428572,240.7983857142857,70.0,25.0,strictly prior MUR days at the same source pixel
SMI_CROOK_POINT_E UCSB,34.01587,-120.3305,34.02,-120.33,0.4615420107761228,0.05,2018,365,365,1.0,15.727635616438356,20.163,3.1728125,357.68471666666665,104.0,30.0,strictly prior MUR days at the same source pixel
SMI_CROOK_POINT_E UCSB,34.01587,-120.3305,34.02,-120.33,0.4615420107761228,0.05,2019,365,365,1.0,15.31946301369863,19.446,1.8037310924369743,216.88914338235296,26.0,15.0,strictly prior MUR days at the same source pixel
SMI_CROOK_POINT_E UCSB,34.01587,-120.3305,34.02,-120.33,0.4615420107761228,0.05,2020,366,366,1.0,15.424830601092895,19.926,2.678492063492062,276.0184264705882,67.0,35.0,strictly prior MUR days at the same source pixel
SMI_CROOK_POINT_E UCSB,34.01587,-120.3305,34.02,-120.33,0.4615420107761228,0.05,2021,365,363,0.9945205479452055,14.699575757575758,18.72,2.0283007518797,110.18254970760236,31.0,17.0,strictly prior MUR days at the same source pixel
SMI_CROOK_POINT_W UCSB,34.01385,-120.3373,34.01,-120.34,0.4951807215157824,0.05,2002,214,214,1.0,14.848196261682244,17.109,,,,,strictly prior MUR days at the same source pixel
SMI_CROOK_POINT_W UCSB,34.01385,-120.3373,34.01,-120.34,0.4951807215157824,0.05,2003,365,365,1.0,14.315347945205481,18.325,,,,,strictly prior MUR days at the same source pixel
SMI_CROOK_POINT_W UCSB,34.01385,-120.3373,34.01,-120.34,0.4951807215157824,0.05,2004,366,366,1.0,14.418338797814206,19.045,3.7894285714285725,234.197,62.0,46.0,strictly prior MUR days at the same source pixel
SMI_CROOK_POINT_W UCSB,34.01385,-120.3373,34.01,-120.34,0.4951807215157824,0.05,2005,365,364,0.9972602739726028,14.257307692307695,17.563,1.8954285714285717,168.06199999999998,33.0,17.0,strictly prior MUR days at the same source pixel
SMI_CROOK_POINT_W UCSB,34.01385,-120.3373,34.01,-120.34,0.4951807215157824,0.05,2006,365,365,1.0,14.986512328767121,20.738,4.229535714285714,358.5316666666667,111.0,86.0,strictly prior MUR days at the same source pixel
SMI_CROOK_POINT_W UCSB,34.01385,-120.3373,34.01,-120.34,0.4951807215157824,0.05,2007,365,365,1.0,14.322479452054797,18.885,2.2028571428571424,111.13964999999996,45.0,18.0,strictly prior MUR days at the same source pixel
SMI_CROOK_POINT_W UCSB,34.01385,-120.3373,34.01,-120.34,0.4951807215157824,0.05,2008,366,366,1.0,14.419412568306011,18.594,2.0376666666666665,183.52490000000003,86.0,58.0,strictly prior MUR days at the same source pixel
SMI_CROOK_POINT_W UCSB,34.01385,-120.3373,34.01,-120.34,0.4951807215157824,0.05,2009,365,365,1.0,14.739183561643834,19.044,2.5316326530612243,202.31150000000002,42.0,20.0,strictly prior MUR days at the same source pixel
SMI_CROOK_POINT_W UCSB,34.01385,-120.3373,34.01,-120.34,0.4951807215157824,0.05,2010,365,365,1.0,14.07261095890411,18.16,1.4952448979591837,97.11260714285714,3.0,3.0,strictly prior MUR days at the same source pixel
SMI_CROOK_POINT_W UCSB,34.01385,-120.3373,34.01,-120.34,0.4951807215157824,0.05,2011,365,365,1.0,14.214802739726029,17.938,2.0690317460317464,87.33013888888887,23.0,6.0,strictly prior MUR days at the same source pixel
SMI_CROOK_POINT_W UCSB,34.01385,-120.3373,34.01,-120.34,0.4951807215157824,0.05,2012,366,366,1.0,14.861601092896173,19.902,3.3479714285714293,274.5804222222222,85.0,62.0,strictly prior MUR days at the same source pixel
SMI_CROOK_POINT_W UCSB,34.01385,-120.3373,34.01,-120.34,0.4951807215157824,0.05,2013,365,365,1.0,14.691364383561643,17.86,2.531844155844157,196.93600909090907,30.0,8.0,strictly prior MUR days at the same source pixel
SMI_CROOK_POINT_W UCSB,34.01385,-120.3373,34.01,-120.34,0.4951807215157824,0.05,2014,365,365,1.0,16.231350684931506,20.199,3.8825595238095247,655.0728863636364,162.0,89.0,strictly prior MUR days at the same source pixel
SMI_CROOK_POINT_W UCSB,34.01385,-120.3373,34.01,-120.34,0.4951807215157824,0.05,2015,365,365,1.0,16.689769863013698,21.926,4.868967032967033,769.7711410256411,120.0,116.0,strictly prior MUR days at the same source pixel
SMI_CROOK_POINT_W UCSB,34.01385,-120.3373,34.01,-120.34,0.4951807215157824,0.05,2016,366,366,1.0,15.526931693989072,19.757,2.541551020408164,324.16023260073257,59.0,17.0,strictly prior MUR days at the same source pixel
SMI_CROOK_POINT_W UCSB,34.01385,-120.3373,34.01,-120.34,0.4951807215157824,0.05,2017,365,365,1.0,15.340835616438358,19.718,2.2998190476190468,240.30615238095237,71.0,25.0,strictly prior MUR days at the same source pixel
SMI_CROOK_POINT_W UCSB,34.01385,-120.3373,34.01,-120.34,0.4951807215157824,0.05,2018,365,365,1.0,15.720876712328769,20.167,3.1305267857142853,357.72338333333335,102.0,29.0,strictly prior MUR days at the same source pixel
SMI_CROOK_POINT_W UCSB,34.01385,-120.3373,34.01,-120.34,0.4951807215157824,0.05,2019,365,365,1.0,15.316638356164384,19.461,1.7990924369747898,218.5109889705882,27.0,15.0,strictly prior MUR days at the same source pixel
SMI_CROOK_POINT_W UCSB,34.01385,-120.3373,34.01,-120.34,0.4951807215157824,0.05,2020,366,366,1.0,15.426855191256829,19.924,2.6954682539682535,276.9682630718955,68.0,35.0,strictly prior MUR days at the same source pixel
SMI_CROOK_POINT_W UCSB,34.01385,-120.3373,34.01,-120.34,0.4951807215157824,0.05,2021,365,363,0.9945205479452055,14.698840220385675,18.692,1.9944661654135334,110.56981286549706,33.0,17.0,strictly prior MUR days at the same source pixel
SMI_CUYLER_E UCSB,34.05172,-120.3462,34.05,-120.35,0.3989280713079223,0.05,2002,214,214,1.0,14.788042056074765,16.762,,,,,strictly prior MUR days at the same source pixel
SMI_CUYLER_E UCSB,34.05172,-120.3462,34.05,-120.35,0.3989280713079223,0.05,2003,365,365,1.0,14.302230136986303,18.389,,,,,strictly prior MUR days at the same source pixel
SMI_CUYLER_E UCSB,34.05172,-120.3462,34.05,-120.35,0.3989280713079223,0.05,2004,366,366,1.0,14.37870218579235,18.745,3.648857142857144,231.856,59.0,46.0,strictly prior MUR days at the same source pixel
SMI_CUYLER_E UCSB,34.05172,-120.3462,34.05,-120.35,0.3989280713079223,0.05,2005,365,364,0.9972602739726028,14.217164835164837,17.533,1.93947619047619,168.46633333333332,33.0,17.0,strictly prior MUR days at the same source pixel
SMI_CUYLER_E UCSB,34.05172,-120.3462,34.05,-120.35,0.3989280713079223,0.05,2006,365,365,1.0,14.965443835616437,20.82,4.3239285714285725,362.35283333333325,121.0,88.0,strictly prior MUR days at the same source pixel
SMI_CUYLER_E UCSB,34.05172,-120.3462,34.05,-120.35,0.3989280713079223,0.05,2007,365,365,1.0,14.261443835616438,18.869,2.152657142857142,113.54759999999999,45.0,18.0,strictly prior MUR days at the same source pixel
SMI_CUYLER_E UCSB,34.05172,-120.3462,34.05,-120.35,0.3989280713079223,0.05,2008,366,366,1.0,14.375918032786887,18.479,1.984952380952381,181.8402333333333,87.0,57.0,strictly prior MUR days at the same source pixel
SMI_CUYLER_E UCSB,34.05172,-120.3462,34.05,-120.35,0.3989280713079223,0.05,2009,365,365,1.0,14.721295890410959,18.675,2.485285714285714,207.78302380952383,48.0,20.0,strictly prior MUR days at the same source pixel
SMI_CUYLER_E UCSB,34.05172,-120.3462,34.05,-120.35,0.3989280713079223,0.05,2010,365,365,1.0,14.064279452054793,18.058,1.418387755102041,98.32005357142855,3.0,3.0,strictly prior MUR days at the same source pixel
SMI_CUYLER_E UCSB,34.05172,-120.3462,34.05,-120.35,0.3989280713079223,0.05,2011,365,365,1.0,14.183312328767123,17.83,2.0259999999999994,85.05045833333331,22.0,6.0,strictly prior MUR days at the same source pixel
SMI_CUYLER_E UCSB,34.05172,-120.3462,34.05,-120.35,0.3989280713079223,0.05,2012,366,366,1.0,14.803781420765025,19.723,3.1804571428571435,266.9709444444444,85.0,62.0,strictly prior MUR days at the same source pixel
SMI_CUYLER_E UCSB,34.05172,-120.3462,34.05,-120.35,0.3989280713079223,0.05,2013,365,365,1.0,14.647419178082192,17.858,2.452935064935065,192.03839090909088,26.0,8.0,strictly prior MUR days at the same source pixel
SMI_CUYLER_E UCSB,34.05172,-120.3462,34.05,-120.35,0.3989280713079223,0.05,2014,365,365,1.0,16.180772602739726,20.223,3.874440476190476,649.5620606060606,166.0,166.0,strictly prior MUR days at the same source pixel
SMI_CUYLER_E UCSB,34.05172,-120.3462,34.05,-120.35,0.3989280713079223,0.05,2015,365,365,1.0,16.667279452054792,21.992,5.014483516483517,774.6190961538462,125.0,116.0,strictly prior MUR days at the same source pixel
SMI_CUYLER_E UCSB,34.05172,-120.3462,34.05,-120.35,0.3989280713079223,0.05,2016,366,366,1.0,15.488669398907104,19.624,2.5025510204081636,323.5931684981685,57.0,18.0,strictly prior MUR days at the same source pixel
SMI_CUYLER_E UCSB,34.05172,-120.3462,34.05,-120.35,0.3989280713079223,0.05,2017,365,365,1.0,15.312095890410959,19.551,2.3003047619047625,241.30865714285713,67.0,25.0,strictly prior MUR days at the same source pixel
SMI_CUYLER_E UCSB,34.05172,-120.3462,34.05,-120.35,0.3989280713079223,0.05,2018,365,365,1.0,15.69498082191781,19.935,3.1892946428571434,358.9011291666667,108.0,41.0,strictly prior MUR days at the same source pixel
SMI_CUYLER_E UCSB,34.05172,-120.3462,34.05,-120.35,0.3989280713079223,0.05,2019,365,365,1.0,15.280501369863012,19.295,1.8084196428571429,217.37880147058823,26.0,15.0,strictly prior MUR days at the same source pixel
SMI_CUYLER_E UCSB,34.05172,-120.3462,34.05,-120.35,0.3989280713079223,0.05,2020,366,366,1.0,15.37031693989071,19.824,2.647825396825398,273.5406977124183,67.0,35.0,strictly prior MUR days at the same source pixel
SMI_CUYLER_E UCSB,34.05172,-120.3462,34.05,-120.35,0.3989280713079223,0.05,2021,365,363,0.9945205479452055,14.653355371900826,18.71,2.1150902255639106,109.63630701754388,27.0,13.0,strictly prior MUR days at the same source pixel
SMI_CUYLER_W UCSB,34.05705,-120.3526,34.06,-120.35,0.4061630020660552,0.05,2002,214,214,1.0,14.782443925233645,16.685000000000002,,,,,strictly prior MUR days at the same source pixel
SMI_CUYLER_W UCSB,34.05705,-120.3526,34.06,-120.35,0.4061630020660552,0.05,2003,365,365,1.0,14.305997260273973,18.407,,,,,strictly prior MUR days at the same source pixel
SMI_CUYLER_W UCSB,34.05705,-120.3526,34.06,-120.35,0.4061630020660552,0.05,2004,366,366,1.0,14.3776174863388,18.689,3.6289285714285717,232.164,62.0,49.0,strictly prior MUR days at the same source pixel
SMI_CUYLER_W UCSB,34.05705,-120.3526,34.06,-120.35,0.4061630020660552,0.05,2005,365,364,0.9972602739726028,14.217524725274725,17.573999999999998,1.9817619047619037,169.52566666666667,31.0,17.0,strictly prior MUR days at the same source pixel
SMI_CUYLER_W UCSB,34.05705,-120.3526,34.06,-120.35,0.4061630020660552,0.05,2006,365,365,1.0,14.967139726027398,20.877,4.351214285714286,362.8570833333333,121.0,88.0,strictly prior MUR days at the same source pixel
SMI_CUYLER_W UCSB,34.05705,-120.3526,34.06,-120.35,0.4061630020660552,0.05,2007,365,365,1.0,14.255139726027398,18.875,2.1353999999999993,114.5046,45.0,18.0,strictly prior MUR days at the same source pixel
SMI_CUYLER_W UCSB,34.05705,-120.3526,34.06,-120.35,0.4061630020660552,0.05,2008,366,366,1.0,14.374467213114755,18.456,1.973904761904762,181.3134,89.0,57.0,strictly prior MUR days at the same source pixel
SMI_CUYLER_W UCSB,34.05705,-120.3526,34.06,-120.35,0.4061630020660552,0.05,2009,365,365,1.0,14.722972602739727,18.598,2.4693673469387756,208.79480952380953,49.0,20.0,strictly prior MUR days at the same source pixel
SMI_CUYLER_W UCSB,34.05705,-120.3526,34.06,-120.35,0.4061630020660552,0.05,2010,365,365,1.0,14.066457534246574,18.043,1.3968979591836737,98.15130357142854,3.0,3.0,strictly prior MUR days at the same source pixel
SMI_CUYLER_W UCSB,34.05705,-120.3526,34.06,-120.35,0.4061630020660552,0.05,2011,365,365,1.0,14.178605479452052,17.819,2.013761904761904,83.75951388888888,21.0,6.0,strictly prior MUR days at the same source pixel
SMI_CUYLER_W UCSB,34.05705,-120.3526,34.06,-120.35,0.4061630020660552,0.05,2012,366,366,1.0,14.796303278688525,19.682,3.1358142857142854,265.30988888888885,86.0,62.0,strictly prior MUR days at the same source pixel
SMI_CUYLER_W UCSB,34.05705,-120.3526,34.06,-120.35,0.4061630020660552,0.05,2013,365,365,1.0,14.643690410958904,17.903,2.4326753246753237,191.69065454545455,25.0,8.0,strictly prior MUR days at the same source pixel
SMI_CUYLER_W UCSB,34.05705,-120.3526,34.06,-120.35,0.4061630020660552,0.05,2014,365,365,1.0,16.175553424657537,20.281,3.8965,648.2234393939394,166.0,166.0,strictly prior MUR days at the same source pixel
SMI_CUYLER_W UCSB,34.05705,-120.3526,34.06,-120.35,0.4061630020660552,0.05,2015,365,365,1.0,16.67078904109589,22.015,5.0529010989011,776.5159487179487,127.0,116.0,strictly prior MUR days at the same source pixel
SMI_CUYLER_W UCSB,34.05705,-120.3526,34.06,-120.35,0.4061630020660552,0.05,2016,366,366,1.0,15.48611475409836,19.594,2.490224489795918,323.7335183150183,58.0,18.0,strictly prior MUR days at the same source pixel
SMI_CUYLER_W UCSB,34.05705,-120.3526,34.06,-120.35,0.4061630020660552,0.05,2017,365,365,1.0,15.311819178082192,19.52,2.300533333333334,241.73479523809522,69.0,25.0,strictly prior MUR days at the same source pixel
SMI_CUYLER_W UCSB,34.05705,-120.3526,34.06,-120.35,0.4061630020660552,0.05,2018,365,365,1.0,15.696605479452057,19.917,3.1980535714285714,359.6309708333333,109.0,42.0,strictly prior MUR days at the same source pixel
SMI_CUYLER_W UCSB,34.05705,-120.3526,34.06,-120.35,0.4061630020660552,0.05,2019,365,365,1.0,15.276819178082194,19.258,1.8116071428571427,217.0544742647059,26.0,15.0,strictly prior MUR days at the same source pixel
SMI_CUYLER_W UCSB,34.05705,-120.3526,34.06,-120.35,0.4061630020660552,0.05,2020,366,366,1.0,15.362948087431693,19.801,2.629214285714285,272.721112745098,68.0,35.0,strictly prior MUR days at the same source pixel
SMI_CUYLER_W UCSB,34.05705,-120.3526,34.06,-120.35,0.4061630020660552,0.05,2021,365,363,0.9945205479452055,14.649856749311295,18.72,2.142015037593984,109.30337426900579,28.0,13.0,strictly prior MUR days at the same source pixel
SMI_HARRIS_PT_RESERVE_E UCSB,34.05278,-120.3374,34.05,-120.34,0.3910676834234222,0.05,2002,214,214,1.0,14.797953271028035,16.714,,,,,strictly prior MUR days at the same source pixel
SMI_HARRIS_PT_RESERVE_E UCSB,34.05278,-120.3374,34.05,-120.34,0.3910676834234222,0.05,2003,365,365,1.0,14.316317808219178,18.376,,,,,strictly prior MUR days at the same source pixel
SMI_HARRIS_PT_RESERVE_E UCSB,34.05278,-120.3374,34.05,-120.34,0.3910676834234222,0.05,2004,366,366,1.0,14.387374316939889,18.745,3.6455714285714285,231.30899999999997,59.0,46.0,strictly prior MUR days at the same source pixel
SMI_HARRIS_PT_RESERVE_E UCSB,34.05278,-120.3374,34.05,-120.34,0.3910676834234222,0.05,2005,365,364,0.9972602739726028,14.229035714285713,17.563,1.9511904761904753,168.66716666666667,35.0,17.0,strictly prior MUR days at the same source pixel
SMI_HARRIS_PT_RESERVE_E UCSB,34.05278,-120.3374,34.05,-120.34,0.3910676834234222,0.05,2006,365,365,1.0,14.976517808219178,20.845,4.330928571428571,362.44641666666666,119.0,88.0,strictly prior MUR days at the same source pixel
SMI_HARRIS_PT_RESERVE_E UCSB,34.05278,-120.3374,34.05,-120.34,0.3910676834234222,0.05,2007,365,365,1.0,14.27530410958904,18.909,2.145571428571428,114.92294999999999,46.0,19.0,strictly prior MUR days at the same source pixel
SMI_HARRIS_PT_RESERVE_E UCSB,34.05278,-120.3374,34.05,-120.34,0.3910676834234222,0.05,2008,366,366,1.0,14.392439890710381,18.504,2.009333333333333,183.1435666666667,86.0,57.0,strictly prior MUR days at the same source pixel
SMI_HARRIS_PT_RESERVE_E UCSB,34.05278,-120.3374,34.05,-120.34,0.3910676834234222,0.05,2009,365,365,1.0,14.736964383561645,18.697,2.4731224489795918,208.5318333333333,49.0,20.0,strictly prior MUR days at the same source pixel
SMI_HARRIS_PT_RESERVE_E UCSB,34.05278,-120.3374,34.05,-120.34,0.3910676834234222,0.05,2010,365,365,1.0,14.073778082191781,18.099,1.424591836734694,98.23064285714288,3.0,3.0,strictly prior MUR days at the same source pixel
SMI_HARRIS_PT_RESERVE_E UCSB,34.05278,-120.3374,34.05,-120.34,0.3910676834234222,0.05,2011,365,365,1.0,14.18938082191781,17.833,1.9941746031746024,83.99154166666665,19.0,6.0,strictly prior MUR days at the same source pixel
SMI_HARRIS_PT_RESERVE_E UCSB,34.05278,-120.3374,34.05,-120.34,0.3910676834234222,0.05,2012,366,366,1.0,14.819166666666666,19.713,3.173942857142858,268.02202222222223,87.0,63.0,strictly prior MUR days at the same source pixel
SMI_HARRIS_PT_RESERVE_E UCSB,34.05278,-120.3374,34.05,-120.34,0.3910676834234222,0.05,2013,365,365,1.0,14.659799999999999,17.875,2.453298701298702,192.21085454545454,26.0,8.0,strictly prior MUR days at the same source pixel
SMI_HARRIS_PT_RESERVE_E UCSB,34.05278,-120.3374,34.05,-120.34,0.3910676834234222,0.05,2014,365,365,1.0,16.193397260273972,20.247,3.8899285714285705,649.8281818181819,166.0,166.0,strictly prior MUR days at the same source pixel
SMI_HARRIS_PT_RESERVE_E UCSB,34.05278,-120.3374,34.05,-120.34,0.3910676834234222,0.05,2015,365,365,1.0,16.678117808219177,22.003,5.023307692307692,774.2314743589743,125.0,116.0,strictly prior MUR days at the same source pixel
SMI_HARRIS_PT_RESERVE_E UCSB,34.05278,-120.3374,34.05,-120.34,0.3910676834234222,0.05,2016,366,366,1.0,15.501456284153004,19.642,2.5096122448979585,324.2949432234432,60.0,18.0,strictly prior MUR days at the same source pixel
SMI_HARRIS_PT_RESERVE_E UCSB,34.05278,-120.3374,34.05,-120.34,0.3910676834234222,0.05,2017,365,365,1.0,15.32470410958904,19.593,2.2983238095238105,241.6657047619048,68.0,25.0,strictly prior MUR days at the same source pixel
SMI_HARRIS_PT_RESERVE_E UCSB,34.05278,-120.3374,34.05,-120.34,0.3910676834234222,0.05,2018,365,365,1.0,15.706991780821918,19.948,3.1949196428571436,358.9408708333333,109.0,42.0,strictly prior MUR days at the same source pixel
SMI_HARRIS_PT_RESERVE_E UCSB,34.05278,-120.3374,34.05,-120.34,0.3910676834234222,0.05,2019,365,365,1.0,15.290830136986303,19.317,1.8043750000000005,216.59684191176473,26.0,15.0,strictly prior MUR days at the same source pixel
SMI_HARRIS_PT_RESERVE_E UCSB,34.05278,-120.3374,34.05,-120.34,0.3910676834234222,0.05,2020,366,366,1.0,15.380081967213114,19.845,2.644079365079364,273.2046029411765,67.0,35.0,strictly prior MUR days at the same source pixel
SMI_HARRIS_PT_RESERVE_E UCSB,34.05278,-120.3374,34.05,-120.34,0.3910676834234222,0.05,2021,365,363,0.9945205479452055,14.664743801652891,18.73,2.116721804511277,109.71352339181286,29.0,13.0,strictly prior MUR days at the same source pixel
SMI_HARRIS_PT_RESERVE_W UCSB,34.06368,-120.356,34.06,-120.36,0.5506484813191387,0.05,2002,214,214,1.0,14.772644859813086,16.719,,,,,strictly prior MUR days at the same source pixel
SMI_HARRIS_PT_RESERVE_W UCSB,34.06368,-120.356,34.06,-120.36,0.5506484813191387,0.05,2003,365,365,1.0,14.292802739726026,18.421,,,,,strictly prior MUR days at the same source pixel
SMI_HARRIS_PT_RESERVE_W UCSB,34.06368,-120.356,34.06,-120.36,0.5506484813191387,0.05,2004,366,366,1.0,14.36918306010929,18.688,3.632714285714285,232.5385,62.0,49.0,strictly prior MUR days at the same source pixel
SMI_HARRIS_PT_RESERVE_W UCSB,34.06368,-120.356,34.06,-120.36,0.5506484813191387,0.05,2005,365,364,0.9972602739726028,14.207057692307695,17.552,1.9855714285714277,169.44716666666665,30.0,17.0,strictly prior MUR days at the same source pixel
SMI_HARRIS_PT_RESERVE_W UCSB,34.06368,-120.356,34.06,-120.36,0.5506484813191387,0.05,2006,365,365,1.0,14.956263013698633,20.833,4.331821428571429,362.54374999999993,121.0,88.0,strictly prior MUR days at the same source pixel
SMI_HARRIS_PT_RESERVE_W UCSB,34.06368,-120.356,34.06,-120.36,0.5506484813191387,0.05,2007,365,365,1.0,14.24128219178082,18.835,2.1452857142857136,113.04855,44.0,16.0,strictly prior MUR days at the same source pixel
SMI_HARRIS_PT_RESERVE_W UCSB,34.06368,-120.356,34.06,-120.36,0.5506484813191387,0.05,2008,366,366,1.0,14.358379781420764,18.433,1.9491190476190472,180.0202,91.0,57.0,strictly prior MUR days at the same source pixel
SMI_HARRIS_PT_RESERVE_W UCSB,34.06368,-120.356,34.06,-120.36,0.5506484813191387,0.05,2009,365,365,1.0,14.707043835616439,18.588,2.482102040816327,207.73119047619048,47.0,20.0,strictly prior MUR days at the same source pixel
SMI_HARRIS_PT_RESERVE_W UCSB,34.06368,-120.356,34.06,-120.36,0.5506484813191387,0.05,2010,365,365,1.0,14.057542465753427,18.000999999999998,1.3898979591836735,98.29669642857142,3.0,3.0,strictly prior MUR days at the same source pixel
SMI_HARRIS_PT_RESERVE_W UCSB,34.06368,-120.356,34.06,-120.36,0.5506484813191387,0.05,2011,365,365,1.0,14.17341095890411,17.831,2.0442063492063496,84.8892083333333,23.0,6.0,strictly prior MUR days at the same source pixel
SMI_HARRIS_PT_RESERVE_W UCSB,34.06368,-120.356,34.06,-120.36,0.5506484813191387,0.05,2012,366,366,1.0,14.780975409836064,19.691,3.1402,264.1149222222222,85.0,61.0,strictly prior MUR days at the same source pixel
SMI_HARRIS_PT_RESERVE_W UCSB,34.06368,-120.356,34.06,-120.36,0.5506484813191387,0.05,2013,365,365,1.0,14.63131780821918,17.89,2.4324545454545468,191.4012909090909,25.0,8.0,strictly prior MUR days at the same source pixel
SMI_HARRIS_PT_RESERVE_W UCSB,34.06368,-120.356,34.06,-120.36,0.5506484813191387,0.05,2014,365,365,1.0,16.163235616438353,20.252,3.8767857142857145,647.8992499999999,166.0,166.0,strictly prior MUR days at the same source pixel
SMI_HARRIS_PT_RESERVE_W UCSB,34.06368,-120.356,34.06,-120.36,0.5506484813191387,0.05,2015,365,365,1.0,16.6599397260274,22.003,5.049714285714286,776.747532051282,127.0,116.0,strictly prior MUR days at the same source pixel
SMI_HARRIS_PT_RESERVE_W UCSB,34.06368,-120.356,34.06,-120.36,0.5506484813191387,0.05,2016,366,366,1.0,15.473363387978143,19.575,2.4833571428571437,322.8359432234432,57.0,18.0,strictly prior MUR days at the same source pixel
SMI_HARRIS_PT_RESERVE_W UCSB,34.06368,-120.356,34.06,-120.36,0.5506484813191387,0.05,2017,365,365,1.0,15.299339726027398,19.476,2.3088761904761896,241.31432380952384,68.0,25.0,strictly prior MUR days at the same source pixel
SMI_HARRIS_PT_RESERVE_W UCSB,34.06368,-120.356,34.06,-120.36,0.5506484813191387,0.05,2018,365,365,1.0,15.685153424657535,19.901,3.196249999999999,359.4927916666666,108.0,41.0,strictly prior MUR days at the same source pixel
SMI_HARRIS_PT_RESERVE_W UCSB,34.06368,-120.356,34.06,-120.36,0.5506484813191387,0.05,2019,365,365,1.0,15.267071232876711,19.236,1.8163749999999996,217.86241911764705,26.0,15.0,strictly prior MUR days at the same source pixel
SMI_HARRIS_PT_RESERVE_W UCSB,34.06368,-120.356,34.06,-120.36,0.5506484813191387,0.05,2020,366,366,1.0,15.354535519125683,19.78,2.6329682539682544,273.24098529411765,68.0,35.0,strictly prior MUR days at the same source pixel
SMI_HARRIS_PT_RESERVE_W UCSB,34.06368,-120.356,34.06,-120.36,0.5506484813191387,0.05,2021,365,363,0.9945205479452055,14.638749311294767,18.699,2.1405714285714286,109.19904678362572,26.0,12.0,strictly prior MUR days at the same source pixel
SMI_TYLER_BIGHT_E UCSB,34.02547,-120.4067,34.03,-120.41,0.58839687884433,0.05,2002,214,214,1.0,14.760331775700935,17.067999999999998,,,,,strictly prior MUR days at the same source pixel
SMI_TYLER_BIGHT_E UCSB,34.02547,-120.4067,34.03,-120.41,0.58839687884433,0.05,2003,365,365,1.0,14.229013698630137,18.434,,,,,strictly prior MUR days at the same source pixel
SMI_TYLER_BIGHT_E UCSB,34.02547,-120.4067,34.03,-120.41,0.58839687884433,0.05,2004,366,366,1.0,14.333568306010926,18.954,3.644357142857143,232.832,63.0,49.0,strictly prior MUR days at the same source pixel
SMI_TYLER_BIGHT_E UCSB,34.02547,-120.4067,34.03,-120.41,0.58839687884433,0.05,2005,365,364,0.9972602739726028,14.160546703296705,17.359,1.9201428571428576,168.14433333333332,29.0,16.0,strictly prior MUR days at the same source pixel
SMI_TYLER_BIGHT_E UCSB,34.02547,-120.4067,34.03,-120.41,0.58839687884433,0.05,2006,365,364,0.9972602739726028,14.916799450549451,20.243,4.162785714285714,359.0464166666667,117.0,87.0,strictly prior MUR days at the same source pixel
SMI_TYLER_BIGHT_E UCSB,34.02547,-120.4067,34.03,-120.41,0.58839687884433,0.05,2007,365,364,0.9972602739726028,14.20645879120879,18.597,2.253142857142858,105.67830000000002,45.0,16.0,strictly prior MUR days at the same source pixel
SMI_TYLER_BIGHT_E UCSB,34.02547,-120.4067,34.03,-120.41,0.58839687884433,0.05,2008,366,366,1.0,14.284273224043716,18.378,1.8714047619047622,173.73313333333334,88.0,57.0,strictly prior MUR days at the same source pixel
SMI_TYLER_BIGHT_E UCSB,34.02547,-120.4067,34.03,-120.41,0.58839687884433,0.05,2009,365,365,1.0,14.638487671232877,18.748,2.6064081632653067,202.6920238095238,41.0,20.0,strictly prior MUR days at the same source pixel
SMI_TYLER_BIGHT_E UCSB,34.02547,-120.4067,34.03,-120.41,0.58839687884433,0.05,2010,365,365,1.0,14.01783287671233,17.832,1.4869387755102037,99.90823214285714,3.0,3.0,strictly prior MUR days at the same source pixel
SMI_TYLER_BIGHT_E UCSB,34.02547,-120.4067,34.03,-120.41,0.58839687884433,0.05,2011,365,365,1.0,14.167695890410961,17.891,2.161603174603175,94.26051388888888,30.0,12.0,strictly prior MUR days at the same source pixel
SMI_TYLER_BIGHT_E UCSB,34.02547,-120.4067,34.03,-120.41,0.58839687884433,0.05,2012,366,366,1.0,14.735057377049182,19.906,3.2988714285714287,262.7401555555556,84.0,61.0,strictly prior MUR days at the same source pixel
SMI_TYLER_BIGHT_E UCSB,34.02547,-120.4067,34.03,-120.41,0.58839687884433,0.05,2013,365,365,1.0,14.595383561643837,17.679000000000002,2.507415584415584,192.84471363636362,32.0,8.0,strictly prior MUR days at the same source pixel
SMI_TYLER_BIGHT_E UCSB,34.02547,-120.4067,34.03,-120.41,0.58839687884433,0.05,2014,365,365,1.0,16.129,20.174,3.7856785714285706,650.3100075757576,166.0,166.0,strictly prior MUR days at the same source pixel
SMI_TYLER_BIGHT_E UCSB,34.02547,-120.4067,34.03,-120.41,0.58839687884433,0.05,2015,365,365,1.0,16.614693150684932,21.852,4.888604395604396,775.2633448717947,126.0,117.0,strictly prior MUR days at the same source pixel
SMI_TYLER_BIGHT_E UCSB,34.02547,-120.4067,34.03,-120.41,0.58839687884433,0.05,2016,366,366,1.0,15.431483606557379,19.571,2.5246703296703292,321.7402021312022,60.0,18.0,strictly prior MUR days at the same source pixel
SMI_TYLER_BIGHT_E UCSB,34.02547,-120.4067,34.03,-120.41,0.58839687884433,0.05,2017,365,365,1.0,15.249158904109587,19.53,2.3393904761904762,238.5555,71.0,25.0,strictly prior MUR days at the same source pixel
SMI_TYLER_BIGHT_E UCSB,34.02547,-120.4067,34.03,-120.41,0.58839687884433,0.05,2018,365,365,1.0,15.629389041095893,19.883,3.1015178571428565,356.6900634615385,102.0,37.0,strictly prior MUR days at the same source pixel
SMI_TYLER_BIGHT_E UCSB,34.02547,-120.4067,34.03,-120.41,0.58839687884433,0.05,2019,365,365,1.0,15.241460273972603,19.234,1.8466875,224.02345168067222,26.0,14.0,strictly prior MUR days at the same source pixel
SMI_TYLER_BIGHT_E UCSB,34.02547,-120.4067,34.03,-120.41,0.58839687884433,0.05,2020,366,366,1.0,15.344967213114753,19.753,2.7172857142857145,278.25019444444445,71.0,35.0,strictly prior MUR days at the same source pixel
SMI_TYLER_BIGHT_E UCSB,34.02547,-120.4067,34.03,-120.41,0.58839687884433,0.05,2021,365,363,0.9945205479452055,14.610953168044077,18.645,2.041120300751879,111.0565789473684,27.0,13.0,strictly prior MUR days at the same source pixel
SMI_TYLER_BIGHT_W UCSB,34.02729,-120.4117,34.03,-120.41,0.3396289242708818,0.05,2002,214,214,1.0,14.760331775700935,17.067999999999998,,,,,strictly prior MUR days at the same source pixel
SMI_TYLER_BIGHT_W UCSB,34.02729,-120.4117,34.03,-120.41,0.3396289242708818,0.05,2003,365,365,1.0,14.229013698630137,18.434,,,,,strictly prior MUR days at the same source pixel
SMI_TYLER_BIGHT_W UCSB,34.02729,-120.4117,34.03,-120.41,0.3396289242708818,0.05,2004,366,366,1.0,14.333568306010926,18.954,3.644357142857143,232.832,63.0,49.0,strictly prior MUR days at the same source pixel
SMI_TYLER_BIGHT_W UCSB,34.02729,-120.4117,34.03,-120.41,0.3396289242708818,0.05,2005,365,364,0.9972602739726028,14.160546703296705,17.359,1.9201428571428576,168.14433333333332,29.0,16.0,strictly prior MUR days at the same source pixel
SMI_TYLER_BIGHT_W UCSB,34.02729,-120.4117,34.03,-120.41,0.3396289242708818,0.05,2006,365,364,0.9972602739726028,14.916799450549451,20.243,4.162785714285714,359.0464166666667,117.0,87.0,strictly prior MUR days at the same source pixel
SMI_TYLER_BIGHT_W UCSB,34.02729,-120.4117,34.03,-120.41,0.3396289242708818,0.05,2007,365,364,0.9972602739726028,14.20645879120879,18.597,2.253142857142858,105.67830000000002,45.0,16.0,strictly prior MUR days at the same source pixel
SMI_TYLER_BIGHT_W UCSB,34.02729,-120.4117,34.03,-120.41,0.3396289242708818,0.05,2008,366,366,1.0,14.284273224043716,18.378,1.8714047619047622,173.73313333333334,88.0,57.0,strictly prior MUR days at the same source pixel
SMI_TYLER_BIGHT_W UCSB,34.02729,-120.4117,34.03,-120.41,0.3396289242708818,0.05,2009,365,365,1.0,14.638487671232877,18.748,2.6064081632653067,202.6920238095238,41.0,20.0,strictly prior MUR days at the same source pixel
SMI_TYLER_BIGHT_W UCSB,34.02729,-120.4117,34.03,-120.41,0.3396289242708818,0.05,2010,365,365,1.0,14.01783287671233,17.832,1.4869387755102037,99.90823214285714,3.0,3.0,strictly prior MUR days at the same source pixel
SMI_TYLER_BIGHT_W UCSB,34.02729,-120.4117,34.03,-120.41,0.3396289242708818,0.05,2011,365,365,1.0,14.167695890410961,17.891,2.161603174603175,94.26051388888888,30.0,12.0,strictly prior MUR days at the same source pixel
SMI_TYLER_BIGHT_W UCSB,34.02729,-120.4117,34.03,-120.41,0.3396289242708818,0.05,2012,366,366,1.0,14.735057377049182,19.906,3.2988714285714287,262.7401555555556,84.0,61.0,strictly prior MUR days at the same source pixel
SMI_TYLER_BIGHT_W UCSB,34.02729,-120.4117,34.03,-120.41,0.3396289242708818,0.05,2013,365,365,1.0,14.595383561643837,17.679000000000002,2.507415584415584,192.84471363636362,32.0,8.0,strictly prior MUR days at the same source pixel
SMI_TYLER_BIGHT_W UCSB,34.02729,-120.4117,34.03,-120.41,0.3396289242708818,0.05,2014,365,365,1.0,16.129,20.174,3.7856785714285706,650.3100075757576,166.0,166.0,strictly prior MUR days at the same source pixel
SMI_TYLER_BIGHT_W UCSB,34.02729,-120.4117,34.03,-120.41,0.3396289242708818,0.05,2015,365,365,1.0,16.614693150684932,21.852,4.888604395604396,775.2633448717947,126.0,117.0,strictly prior MUR days at the same source pixel
SMI_TYLER_BIGHT_W UCSB,34.02729,-120.4117,34.03,-120.41,0.3396289242708818,0.05,2016,366,366,1.0,15.431483606557379,19.571,2.5246703296703292,321.7402021312022,60.0,18.0,strictly prior MUR days at the same source pixel
SMI_TYLER_BIGHT_W UCSB,34.02729,-120.4117,34.03,-120.41,0.3396289242708818,0.05,2017,365,365,1.0,15.249158904109587,19.53,2.3393904761904762,238.5555,71.0,25.0,strictly prior MUR days at the same source pixel
SMI_TYLER_BIGHT_W UCSB,34.02729,-120.4117,34.03,-120.41,0.3396289242708818,0.05,2018,365,365,1.0,15.629389041095893,19.883,3.1015178571428565,356.6900634615385,102.0,37.0,strictly prior MUR days at the same source pixel
SMI_TYLER_BIGHT_W UCSB,34.02729,-120.4117,34.03,-120.41,0.3396289242708818,0.05,2019,365,365,1.0,15.241460273972603,19.234,1.8466875,224.02345168067222,26.0,14.0,strictly prior MUR days at the same source pixel
SMI_TYLER_BIGHT_W UCSB,34.02729,-120.4117,34.03,-120.41,0.3396289242708818,0.05,2020,366,366,1.0,15.344967213114753,19.753,2.7172857142857145,278.25019444444445,71.0,35.0,strictly prior MUR days at the same source pixel
SMI_TYLER_BIGHT_W UCSB,34.02729,-120.4117,34.03,-120.41,0.3396289242708818,0.05,2021,365,363,0.9945205479452055,14.610953168044077,18.645,2.041120300751879,111.0565789473684,27.0,13.0,strictly prior MUR days at the same source pixel
SNI_BOILERS VRG,33.276,-119.6069,33.28,-119.61,0.5299782141686793,0.05,2002,214,214,1.0,16.31803271028037,18.428,,,,,strictly prior MUR days at the same source pixel
SNI_BOILERS VRG,33.276,-119.6069,33.28,-119.61,0.5299782141686793,0.05,2003,365,365,1.0,15.4231698630137,19.058,,,,,strictly prior MUR days at the same source pixel
SNI_BOILERS VRG,33.276,-119.6069,33.28,-119.61,0.5299782141686793,0.05,2004,366,366,1.0,15.42807650273224,19.199,1.7895000000000003,137.81750000000002,40.0,34.0,strictly prior MUR days at the same source pixel
SNI_BOILERS VRG,33.276,-119.6069,33.28,-119.61,0.5299782141686793,0.05,2005,365,365,1.0,15.584575342465756,19.558,1.782666666666667,168.59950000000003,48.0,31.0,strictly prior MUR days at the same source pixel
SNI_BOILERS VRG,33.276,-119.6069,33.28,-119.61,0.5299782141686793,0.05,2006,365,365,1.0,15.801950684931505,20.505,2.6316785714285715,230.89541666666665,57.0,45.0,strictly prior MUR days at the same source pixel
SNI_BOILERS VRG,33.276,-119.6069,33.28,-119.61,0.5299782141686793,0.05,2007,365,365,1.0,15.249827397260274,19.344,1.773000000000001,74.9743,24.0,14.0,strictly prior MUR days at the same source pixel
SNI_BOILERS VRG,33.276,-119.6069,33.28,-119.61,0.5299782141686793,0.05,2008,366,366,1.0,15.342677595628416,20.1,2.279404761904762,126.41579999999999,55.0,34.0,strictly prior MUR days at the same source pixel
SNI_BOILERS VRG,33.276,-119.6069,33.28,-119.61,0.5299782141686793,0.05,2009,365,365,1.0,15.462893150684932,19.6,1.2329591836734692,96.4812380952381,36.0,11.0,strictly prior MUR days at the same source pixel
SNI_BOILERS VRG,33.276,-119.6069,33.28,-119.61,0.5299782141686793,0.05,2010,365,365,1.0,14.923219178082192,18.618,1.4752244897959188,92.81030357142858,5.0,3.0,strictly prior MUR days at the same source pixel
SNI_BOILERS VRG,33.276,-119.6069,33.28,-119.61,0.5299782141686793,0.05,2011,365,365,1.0,15.185802739726029,19.495,1.223349206349207,78.27147222222227,30.0,6.0,strictly prior MUR days at the same source pixel
SNI_BOILERS VRG,33.276,-119.6069,33.28,-119.61,0.5299782141686793,0.05,2012,366,366,1.0,15.828622950819671,20.102,2.5493714285714293,250.66936666666672,102.0,83.0,strictly prior MUR days at the same source pixel
SNI_BOILERS VRG,33.276,-119.6069,33.28,-119.61,0.5299782141686793,0.05,2013,365,365,1.0,15.4488,18.225,2.166785714285715,134.87992727272726,8.0,3.0,strictly prior MUR days at the same source pixel
SNI_BOILERS VRG,33.276,-119.6069,33.28,-119.61,0.5299782141686793,0.05,2014,365,365,1.0,17.091465753424657,20.706,3.164049783549783,613.2912954545454,147.0,133.0,strictly prior MUR days at the same source pixel
SNI_BOILERS VRG,33.276,-119.6069,33.28,-119.61,0.5299782141686793,0.05,2015,365,365,1.0,17.44340821917808,21.711,3.7657802197802206,692.3913269230769,129.0,123.0,strictly prior MUR days at the same source pixel
SNI_BOILERS VRG,33.276,-119.6069,33.28,-119.61,0.5299782141686793,0.05,2016,366,366,1.0,16.537254098360656,20.347,2.262538461538461,328.48650915750915,72.0,33.0,strictly prior MUR days at the same source pixel
SNI_BOILERS VRG,33.276,-119.6069,33.28,-119.61,0.5299782141686793,0.05,2017,365,365,1.0,16.301879452054795,20.222,1.7157999999999993,229.7100380952381,73.0,32.0,strictly prior MUR days at the same source pixel
SNI_BOILERS VRG,33.276,-119.6069,33.28,-119.61,0.5299782141686793,0.05,2018,365,365,1.0,16.498443835616442,22.088,2.937598214285715,300.0315666666667,72.0,36.0,strictly prior MUR days at the same source pixel
SNI_BOILERS VRG,33.276,-119.6069,33.28,-119.61,0.5299782141686793,0.05,2019,365,365,1.0,16.114997260273974,19.6,1.3927946428571427,156.69868014705884,32.0,16.0,strictly prior MUR days at the same source pixel
SNI_BOILERS VRG,33.276,-119.6069,33.28,-119.61,0.5299782141686793,0.05,2020,366,366,1.0,16.521601092896177,20.963,2.6735952380952375,293.8195147058824,80.0,42.0,strictly prior MUR days at the same source pixel
SNI_BOILERS VRG,33.276,-119.6069,33.28,-119.61,0.5299782141686793,0.05,2021,365,363,0.9945205479452055,15.848688705234162,19.913,1.530736842105263,113.52631286549706,58.0,35.0,strictly prior MUR days at the same source pixel
SOUTH_LA_JOLLA VRG,32.81593,-117.2837,32.82,-117.28,0.5695282421644411,0.05,2002,214,214,1.0,18.19445327102804,20.918,,,,,strictly prior MUR days at the same source pixel
SOUTH_LA_JOLLA VRG,32.81593,-117.2837,32.82,-117.28,0.5695282421644411,0.05,2003,365,365,1.0,17.395443835616437,22.211,,,,,strictly prior MUR days at the same source pixel
SOUTH_LA_JOLLA VRG,32.81593,-117.2837,32.82,-117.28,0.5695282421644411,0.05,2004,366,366,1.0,17.84933879781421,23.33,3.4509999999999996,317.006,75.0,58.0,strictly prior MUR days at the same source pixel
SOUTH_LA_JOLLA VRG,32.81593,-117.2837,32.82,-117.28,0.5695282421644411,0.05,2005,365,365,1.0,17.593731506849313,22.158,2.1664761904761902,160.6568333333333,30.0,16.0,strictly prior MUR days at the same source pixel
SOUTH_LA_JOLLA VRG,32.81593,-117.2837,32.82,-117.28,0.5695282421644411,0.05,2006,365,364,0.9972602739726028,17.915002747252746,24.442,4.2587857142857155,286.34816666666666,86.0,80.0,strictly prior MUR days at the same source pixel
SOUTH_LA_JOLLA VRG,32.81593,-117.2837,32.82,-117.28,0.5695282421644411,0.05,2007,365,364,0.9972602739726028,17.633483516483516,24.131,3.0054000000000007,145.76295,53.0,46.0,strictly prior MUR days at the same source pixel
SOUTH_LA_JOLLA VRG,32.81593,-117.2837,32.82,-117.28,0.5695282421644411,0.05,2008,366,366,1.0,17.656491803278687,22.864,2.694619047619047,150.47750000000002,38.0,10.0,strictly prior MUR days at the same source pixel
SOUTH_LA_JOLLA VRG,32.81593,-117.2837,32.82,-117.28,0.5695282421644411,0.05,2009,365,365,1.0,17.918164383561642,23.962,2.2601224489795926,171.63713809523807,70.0,27.0,strictly prior MUR days at the same source pixel
SOUTH_LA_JOLLA VRG,32.81593,-117.2837,32.82,-117.28,0.5695282421644411,0.05,2010,365,365,1.0,17.21645205479452,21.055,0.9924642857142852,89.84017857142857,0.0,0.0,strictly prior MUR days at the same source pixel
SOUTH_LA_JOLLA VRG,32.81593,-117.2837,32.82,-117.28,0.5695282421644411,0.05,2011,365,365,1.0,17.10852876712329,21.485,1.8017857142857139,63.50114484126984,8.0,4.0,strictly prior MUR days at the same source pixel
SOUTH_LA_JOLLA VRG,32.81593,-117.2837,32.82,-117.28,0.5695282421644411,0.05,2012,366,366,1.0,17.882128415300546,23.194,2.1451285714285713,211.06142222222223,56.0,45.0,strictly prior MUR days at the same source pixel
SOUTH_LA_JOLLA VRG,32.81593,-117.2837,32.82,-117.28,0.5695282421644411,0.05,2013,365,365,1.0,17.730624657534246,22.401,2.2020649350649353,159.9117696969697,33.0,23.0,strictly prior MUR days at the same source pixel
SOUTH_LA_JOLLA VRG,32.81593,-117.2837,32.82,-117.28,0.5695282421644411,0.05,2014,365,365,1.0,19.156523287671234,23.775,3.1571666666666656,580.2339803030303,115.0,68.0,strictly prior MUR days at the same source pixel
SOUTH_LA_JOLLA VRG,32.81593,-117.2837,32.82,-117.28,0.5695282421644411,0.05,2015,365,365,1.0,19.460695890410957,24.58,3.9421428571428585,657.5081649184149,104.0,77.0,strictly prior MUR days at the same source pixel
SOUTH_LA_JOLLA VRG,32.81593,-117.2837,32.82,-117.28,0.5695282421644411,0.05,2016,366,366,1.0,18.680500000000002,24.697,3.1747244897959184,348.79983333333337,59.0,55.0,strictly prior MUR days at the same source pixel
SOUTH_LA_JOLLA VRG,32.81593,-117.2837,32.82,-117.28,0.5695282421644411,0.05,2017,365,365,1.0,18.50489589041096,23.974,2.200161904761905,257.5551417582418,62.0,41.0,strictly prior MUR days at the same source pixel
SOUTH_LA_JOLLA VRG,32.81593,-117.2837,32.82,-117.28,0.5695282421644411,0.05,2018,365,365,1.0,18.668846575342464,25.719,3.765348214285715,322.00936309523814,75.0,65.0,strictly prior MUR days at the same source pixel
SOUTH_LA_JOLLA VRG,32.81593,-117.2837,32.82,-117.28,0.5695282421644411,0.05,2019,365,365,1.0,18.086887671232876,24.545,2.3478319327731088,132.00510416666668,35.0,16.0,strictly prior MUR days at the same source pixel
SOUTH_LA_JOLLA VRG,32.81593,-117.2837,32.82,-117.28,0.5695282421644411,0.05,2020,366,366,1.0,18.53195355191257,24.327,3.167445378151261,268.0899117647059,46.0,12.0,strictly prior MUR days at the same source pixel
SOUTH_LA_JOLLA VRG,32.81593,-117.2837,32.82,-117.28,0.5695282421644411,0.05,2021,365,363,0.9945205479452055,17.770225895316802,22.874,1.3459285714285711,58.54823718610253,14.0,7.0,strictly prior MUR days at the same source pixel
SOUTH_WRECK_DC UCSC,36.22386,-121.7874,36.22,-121.79,0.488488778789305,0.05,2002,214,214,1.0,13.21485981308411,14.999,,,,,strictly prior MUR days at the same source pixel
SOUTH_WRECK_DC UCSC,36.22386,-121.7874,36.22,-121.79,0.488488778789305,0.05,2003,365,365,1.0,13.266638356164384,17.561,,,,,strictly prior MUR days at the same source pixel
SOUTH_WRECK_DC UCSC,36.22386,-121.7874,36.22,-121.79,0.488488778789305,0.05,2004,366,366,1.0,13.107120218579235,15.846,2.07,171.671,41.0,9.0,strictly prior MUR days at the same source pixel
SOUTH_WRECK_DC UCSC,36.22386,-121.7874,36.22,-121.79,0.488488778789305,0.05,2005,365,365,1.0,13.338164383561645,15.629,3.0912857142857137,233.378,15.0,12.0,strictly prior MUR days at the same source pixel
SOUTH_WRECK_DC UCSC,36.22386,-121.7874,36.22,-121.79,0.488488778789305,0.05,2006,365,365,1.0,13.64112602739726,17.215,2.598321428571428,282.9951666666666,103.0,50.0,strictly prior MUR days at the same source pixel
SOUTH_WRECK_DC UCSC,36.22386,-121.7874,36.22,-121.79,0.488488778789305,0.05,2007,365,365,1.0,12.763578082191781,16.813000000000002,1.7677142857142858,65.68700000000001,20.0,11.0,strictly prior MUR days at the same source pixel
SOUTH_WRECK_DC UCSC,36.22386,-121.7874,36.22,-121.79,0.488488778789305,0.05,2008,366,366,1.0,12.716330601092896,16.964,2.1751904761904766,119.45906666666667,49.0,42.0,strictly prior MUR days at the same source pixel
SOUTH_WRECK_DC UCSC,36.22386,-121.7874,36.22,-121.79,0.488488778789305,0.05,2009,365,365,1.0,12.977342465753424,15.698,2.695204081632653,123.45019047619049,9.0,4.0,strictly prior MUR days at the same source pixel
SOUTH_WRECK_DC UCSC,36.22386,-121.7874,36.22,-121.79,0.488488778789305,0.05,2010,365,365,1.0,13.0528,15.348,1.1807142857142856,126.32698214285713,5.0,3.0,strictly prior MUR days at the same source pixel
SOUTH_WRECK_DC UCSC,36.22386,-121.7874,36.22,-121.79,0.488488778789305,0.05,2011,365,365,1.0,13.15862191780822,16.969,2.5656507936507933,129.07076388888888,60.0,26.0,strictly prior MUR days at the same source pixel
SOUTH_WRECK_DC UCSC,36.22386,-121.7874,36.22,-121.79,0.488488778789305,0.05,2012,366,366,1.0,13.089415300546447,16.77,2.039142857142857,165.37666666666672,43.0,23.0,strictly prior MUR days at the same source pixel
SOUTH_WRECK_DC UCSC,36.22386,-121.7874,36.22,-121.79,0.488488778789305,0.05,2013,365,365,1.0,12.94501095890411,15.625,2.0321168831168834,96.71625454545456,11.0,3.0,strictly prior MUR days at the same source pixel
SOUTH_WRECK_DC UCSC,36.22386,-121.7874,36.22,-121.79,0.488488778789305,0.05,2014,365,365,1.0,14.68579178082192,18.641,4.00272619047619,609.3400454545454,173.0,173.0,strictly prior MUR days at the same source pixel
SOUTH_WRECK_DC UCSC,36.22386,-121.7874,36.22,-121.79,0.488488778789305,0.05,2015,365,365,1.0,15.08959726027397,19.196,3.9718131868131863,702.3148397435896,141.0,121.0,strictly prior MUR days at the same source pixel
SOUTH_WRECK_DC UCSC,36.22386,-121.7874,36.22,-121.79,0.488488778789305,0.05,2016,366,366,1.0,13.712218579234975,16.477,2.4743877551020406,242.8642344322344,17.0,5.0,strictly prior MUR days at the same source pixel
SOUTH_WRECK_DC UCSC,36.22386,-121.7874,36.22,-121.79,0.488488778789305,0.05,2017,365,365,1.0,13.550756164383564,18.853,3.1513523809523813,170.62443809523808,36.0,18.0,strictly prior MUR days at the same source pixel
SOUTH_WRECK_DC UCSC,36.22386,-121.7874,36.22,-121.79,0.488488778789305,0.05,2018,365,365,1.0,13.886673972602742,17.171,3.0009017857142863,277.4557,63.0,19.0,strictly prior MUR days at the same source pixel
SOUTH_WRECK_DC UCSC,36.22386,-121.7874,36.22,-121.79,0.488488778789305,0.05,2019,365,365,1.0,13.949495890410962,16.671,2.3628839285714287,264.77292647058823,33.0,11.0,strictly prior MUR days at the same source pixel
SOUTH_WRECK_DC UCSC,36.22386,-121.7874,36.22,-121.79,0.488488778789305,0.05,2020,366,366,1.0,13.71460655737705,17.205,2.0872100840336136,224.2944918300653,46.0,10.0,strictly prior MUR days at the same source pixel
SOUTH_WRECK_DC UCSC,36.22386,-121.7874,36.22,-121.79,0.488488778789305,0.05,2021,365,363,0.9945205479452055,13.353506887052342,17.634,1.9785037593984958,139.6509561403509,50.0,41.0,strictly prior MUR days at the same source pixel
SOUTH_WRECK_UC UCSC,36.2253,-121.7905,36.23,-121.79,0.5245377461133602,0.05,2002,214,214,1.0,13.19591588785047,14.965,,,,,strictly prior MUR days at the same source pixel
SOUTH_WRECK_UC UCSC,36.2253,-121.7905,36.23,-121.79,0.5245377461133602,0.05,2003,365,365,1.0,13.257687671232878,17.553,,,,,strictly prior MUR days at the same source pixel
SOUTH_WRECK_UC UCSC,36.2253,-121.7905,36.23,-121.79,0.5245377461133602,0.05,2004,366,366,1.0,13.096846994535518,15.835,2.0657142857142854,171.4015,40.0,9.0,strictly prior MUR days at the same source pixel
SOUTH_WRECK_UC UCSC,36.2253,-121.7905,36.23,-121.79,0.5245377461133602,0.05,2005,365,365,1.0,13.327526027397258,15.621,3.0875714285714286,233.97966666666667,14.0,12.0,strictly prior MUR days at the same source pixel
SOUTH_WRECK_UC UCSC,36.2253,-121.7905,36.23,-121.79,0.5245377461133602,0.05,2006,365,365,1.0,13.62730684931507,17.191,2.581321428571428,282.2313333333333,102.0,50.0,strictly prior MUR days at the same source pixel
SOUTH_WRECK_UC UCSC,36.2253,-121.7905,36.23,-121.79,0.5245377461133602,0.05,2007,365,365,1.0,12.749854794520548,16.816,1.746371428571429,65.28045,20.0,11.0,strictly prior MUR days at the same source pixel
SOUTH_WRECK_UC UCSC,36.2253,-121.7905,36.23,-121.79,0.5245377461133602,0.05,2008,366,366,1.0,12.702658469945355,16.948999999999998,2.183190476190476,119.00283333333333,50.0,42.0,strictly prior MUR days at the same source pixel
SOUTH_WRECK_UC UCSC,36.2253,-121.7905,36.23,-121.79,0.5245377461133602,0.05,2009,365,365,1.0,12.967235616438353,15.675,2.6856326530612242,123.74771428571428,9.0,4.0,strictly prior MUR days at the same source pixel
SOUTH_WRECK_UC UCSC,36.2253,-121.7905,36.23,-121.79,0.5245377461133602,0.05,2010,365,365,1.0,13.04430684931507,15.333,1.1849183673469386,127.32301785714284,5.0,3.0,strictly prior MUR days at the same source pixel
SOUTH_WRECK_UC UCSC,36.2253,-121.7905,36.23,-121.79,0.5245377461133602,0.05,2011,365,365,1.0,13.143586301369862,16.93,2.5567142857142855,127.90945833333335,60.0,26.0,strictly prior MUR days at the same source pixel
SOUTH_WRECK_UC UCSC,36.2253,-121.7905,36.23,-121.79,0.5245377461133602,0.05,2012,366,366,1.0,13.078284153005464,16.752000000000002,2.035428571428572,164.95202222222218,43.0,23.0,strictly prior MUR days at the same source pixel
SOUTH_WRECK_UC UCSC,36.2253,-121.7905,36.23,-121.79,0.5245377461133602,0.05,2013,365,365,1.0,12.932454794520547,15.614,2.0393376623376622,96.23479090909089,12.0,3.0,strictly prior MUR days at the same source pixel
SOUTH_WRECK_UC UCSC,36.2253,-121.7905,36.23,-121.79,0.5245377461133602,0.05,2014,365,365,1.0,14.676167123287673,18.612,3.9674404761904762,610.0793333333332,173.0,173.0,strictly prior MUR days at the same source pixel
SOUTH_WRECK_UC UCSC,36.2253,-121.7905,36.23,-121.79,0.5245377461133602,0.05,2015,365,365,1.0,15.069671232876713,19.157,3.9496483516483516,699.4420961538461,141.0,122.0,strictly prior MUR days at the same source pixel
SOUTH_WRECK_UC UCSC,36.2253,-121.7905,36.23,-121.79,0.5245377461133602,0.05,2016,366,366,1.0,13.70120218579235,16.441,2.473704081632653,242.78128205128206,18.0,5.0,strictly prior MUR days at the same source pixel
SOUTH_WRECK_UC UCSC,36.2253,-121.7905,36.23,-121.79,0.5245377461133602,0.05,2017,365,365,1.0,13.533238356164382,18.834,3.1501142857142854,169.5455523809524,36.0,18.0,strictly prior MUR days at the same source pixel
SOUTH_WRECK_UC UCSC,36.2253,-121.7905,36.23,-121.79,0.5245377461133602,0.05,2018,365,365,1.0,13.874523287671233,17.157,3.0265267857142866,277.5166791666667,63.0,19.0,strictly prior MUR days at the same source pixel
SOUTH_WRECK_UC UCSC,36.2253,-121.7905,36.23,-121.79,0.5245377461133602,0.05,2019,365,365,1.0,13.940413698630138,16.675,2.3537500000000002,265.3986029411765,31.0,11.0,strictly prior MUR days at the same source pixel
SOUTH_WRECK_UC UCSC,36.2253,-121.7905,36.23,-121.79,0.5245377461133602,0.05,2020,366,366,1.0,13.707021857923499,17.191,2.1142016806722688,226.09164215686272,46.0,10.0,strictly prior MUR days at the same source pixel
SOUTH_WRECK_UC UCSC,36.2253,-121.7905,36.23,-121.79,0.5245377461133602,0.05,2021,365,363,0.9945205479452055,13.33867217630854,17.628999999999998,1.9754511278195495,139.09727777777778,50.0,41.0,strictly prior MUR days at the same source pixel
SPANISH_BAY_DC UCSC,36.61666,-121.9546,36.62,-121.95,0.5536027194850328,0.05,2002,214,214,1.0,13.17957476635514,14.923,,,,,strictly prior MUR days at the same source pixel
SPANISH_BAY_DC UCSC,36.61666,-121.9546,36.62,-121.95,0.5536027194850328,0.05,2003,365,365,1.0,13.445873972602739,17.08,,,,,strictly prior MUR days at the same source pixel
SPANISH_BAY_DC UCSC,36.61666,-121.9546,36.62,-121.95,0.5536027194850328,0.05,2004,366,366,1.0,13.216715846994536,15.853,1.9031428571428575,144.8735,24.0,17.0,strictly prior MUR days at the same source pixel
SPANISH_BAY_DC UCSC,36.61666,-121.9546,36.62,-121.95,0.5536027194850328,0.05,2005,365,365,1.0,13.415923287671232,15.404,2.5273571428571424,217.55083333333334,26.0,10.0,strictly prior MUR days at the same source pixel
SPANISH_BAY_DC UCSC,36.61666,-121.9546,36.62,-121.95,0.5536027194850328,0.05,2006,365,365,1.0,13.569934246575345,16.861,2.416392857142857,217.85441666666668,105.0,53.0,strictly prior MUR days at the same source pixel
SPANISH_BAY_DC UCSC,36.61666,-121.9546,36.62,-121.95,0.5536027194850328,0.05,2007,365,365,1.0,12.814991780821916,17.217,1.5963428571428566,66.54605000000001,22.0,12.0,strictly prior MUR days at the same source pixel
SPANISH_BAY_DC UCSC,36.61666,-121.9546,36.62,-121.95,0.5536027194850328,0.05,2008,366,366,1.0,12.661461748633881,16.552999999999997,2.474333333333333,87.24369999999999,51.0,32.0,strictly prior MUR days at the same source pixel
SPANISH_BAY_DC UCSC,36.61666,-121.9546,36.62,-121.95,0.5536027194850328,0.05,2009,365,365,1.0,12.895405479452055,15.54,2.4939999999999998,98.82383333333334,14.0,7.0,strictly prior MUR days at the same source pixel
SPANISH_BAY_DC UCSC,36.61666,-121.9546,36.62,-121.95,0.5536027194850328,0.05,2010,365,365,1.0,13.043794520547944,15.246,1.1785714285714288,122.18692857142858,4.0,4.0,strictly prior MUR days at the same source pixel
SPANISH_BAY_DC UCSC,36.61666,-121.9546,36.62,-121.95,0.5536027194850328,0.05,2011,365,365,1.0,12.983813698630138,16.08,1.9888253968253977,91.41336111111113,40.0,30.0,strictly prior MUR days at the same source pixel
SPANISH_BAY_DC UCSC,36.61666,-121.9546,36.62,-121.95,0.5536027194850328,0.05,2012,366,366,1.0,13.033161202185793,16.159,1.9891428571428573,133.87053333333333,37.0,21.0,strictly prior MUR days at the same source pixel
SPANISH_BAY_DC UCSC,36.61666,-121.9546,36.62,-121.95,0.5536027194850328,0.05,2013,365,365,1.0,12.899764383561646,15.191,1.7982207792207787,78.78209999999999,9.0,3.0,strictly prior MUR days at the same source pixel
SPANISH_BAY_DC UCSC,36.61666,-121.9546,36.62,-121.95,0.5536027194850328,0.05,2014,365,365,1.0,14.629019178082194,18.23,3.5121428571428575,584.1491818181818,172.0,172.0,strictly prior MUR days at the same source pixel
SPANISH_BAY_DC UCSC,36.61666,-121.9546,36.62,-121.95,0.5536027194850328,0.05,2015,365,365,1.0,14.822320547945207,18.343,3.5347252747252744,610.0999102564102,133.0,129.0,strictly prior MUR days at the same source pixel
SPANISH_BAY_DC UCSC,36.61666,-121.9546,36.62,-121.95,0.5536027194850328,0.05,2016,366,366,1.0,13.789715846994536,16.113999999999997,2.133887755102041,264.51681684981685,38.0,18.0,strictly prior MUR days at the same source pixel
SPANISH_BAY_DC UCSC,36.61666,-121.9546,36.62,-121.95,0.5536027194850328,0.05,2017,365,365,1.0,13.486435616438357,18.066,2.784057142857143,157.2454238095238,50.0,43.0,strictly prior MUR days at the same source pixel
SPANISH_BAY_DC UCSC,36.61666,-121.9546,36.62,-121.95,0.5536027194850328,0.05,2018,365,365,1.0,13.846254794520547,16.945,3.0982589285714286,280.13600833333334,68.0,25.0,strictly prior MUR days at the same source pixel
SPANISH_BAY_DC UCSC,36.61666,-121.9546,36.62,-121.95,0.5536027194850328,0.05,2019,365,365,1.0,13.911934246575342,16.654,2.4740714285714285,248.99029044117646,31.0,11.0,strictly prior MUR days at the same source pixel
SPANISH_BAY_DC UCSC,36.61666,-121.9546,36.62,-121.95,0.5536027194850328,0.05,2020,366,366,1.0,13.796743169398908,17.041,2.502663865546219,245.81110130718955,45.0,11.0,strictly prior MUR days at the same source pixel
SPANISH_BAY_DC UCSC,36.61666,-121.9546,36.62,-121.95,0.5536027194850328,0.05,2021,365,363,0.9945205479452055,13.381024793388429,17.527,1.7071353383458645,140.89654093567248,66.0,55.0,strictly prior MUR days at the same source pixel
SPANISH_BAY_UC UCSC,36.61881,-121.9538,36.62,-121.95,0.3640382796478962,0.05,2002,214,214,1.0,13.17957476635514,14.923,,,,,strictly prior MUR days at the same source pixel
SPANISH_BAY_UC UCSC,36.61881,-121.9538,36.62,-121.95,0.3640382796478962,0.05,2003,365,365,1.0,13.445873972602739,17.08,,,,,strictly prior MUR days at the same source pixel
SPANISH_BAY_UC UCSC,36.61881,-121.9538,36.62,-121.95,0.3640382796478962,0.05,2004,366,366,1.0,13.216715846994536,15.853,1.9031428571428575,144.8735,24.0,17.0,strictly prior MUR days at the same source pixel
SPANISH_BAY_UC UCSC,36.61881,-121.9538,36.62,-121.95,0.3640382796478962,0.05,2005,365,365,1.0,13.415923287671232,15.404,2.5273571428571424,217.55083333333334,26.0,10.0,strictly prior MUR days at the same source pixel
SPANISH_BAY_UC UCSC,36.61881,-121.9538,36.62,-121.95,0.3640382796478962,0.05,2006,365,365,1.0,13.569934246575345,16.861,2.416392857142857,217.85441666666668,105.0,53.0,strictly prior MUR days at the same source pixel
SPANISH_BAY_UC UCSC,36.61881,-121.9538,36.62,-121.95,0.3640382796478962,0.05,2007,365,365,1.0,12.814991780821916,17.217,1.5963428571428566,66.54605000000001,22.0,12.0,strictly prior MUR days at the same source pixel
SPANISH_BAY_UC UCSC,36.61881,-121.9538,36.62,-121.95,0.3640382796478962,0.05,2008,366,366,1.0,12.661461748633881,16.552999999999997,2.474333333333333,87.24369999999999,51.0,32.0,strictly prior MUR days at the same source pixel
SPANISH_BAY_UC UCSC,36.61881,-121.9538,36.62,-121.95,0.3640382796478962,0.05,2009,365,365,1.0,12.895405479452055,15.54,2.4939999999999998,98.82383333333334,14.0,7.0,strictly prior MUR days at the same source pixel
SPANISH_BAY_UC UCSC,36.61881,-121.9538,36.62,-121.95,0.3640382796478962,0.05,2010,365,365,1.0,13.043794520547944,15.246,1.1785714285714288,122.18692857142858,4.0,4.0,strictly prior MUR days at the same source pixel
SPANISH_BAY_UC UCSC,36.61881,-121.9538,36.62,-121.95,0.3640382796478962,0.05,2011,365,365,1.0,12.983813698630138,16.08,1.9888253968253977,91.41336111111113,40.0,30.0,strictly prior MUR days at the same source pixel
SPANISH_BAY_UC UCSC,36.61881,-121.9538,36.62,-121.95,0.3640382796478962,0.05,2012,366,366,1.0,13.033161202185793,16.159,1.9891428571428573,133.87053333333333,37.0,21.0,strictly prior MUR days at the same source pixel
SPANISH_BAY_UC UCSC,36.61881,-121.9538,36.62,-121.95,0.3640382796478962,0.05,2013,365,365,1.0,12.899764383561646,15.191,1.7982207792207787,78.78209999999999,9.0,3.0,strictly prior MUR days at the same source pixel
SPANISH_BAY_UC UCSC,36.61881,-121.9538,36.62,-121.95,0.3640382796478962,0.05,2014,365,365,1.0,14.629019178082194,18.23,3.5121428571428575,584.1491818181818,172.0,172.0,strictly prior MUR days at the same source pixel
SPANISH_BAY_UC UCSC,36.61881,-121.9538,36.62,-121.95,0.3640382796478962,0.05,2015,365,365,1.0,14.822320547945207,18.343,3.5347252747252744,610.0999102564102,133.0,129.0,strictly prior MUR days at the same source pixel
SPANISH_BAY_UC UCSC,36.61881,-121.9538,36.62,-121.95,0.3640382796478962,0.05,2016,366,366,1.0,13.789715846994536,16.113999999999997,2.133887755102041,264.51681684981685,38.0,18.0,strictly prior MUR days at the same source pixel
SPANISH_BAY_UC UCSC,36.61881,-121.9538,36.62,-121.95,0.3640382796478962,0.05,2017,365,365,1.0,13.486435616438357,18.066,2.784057142857143,157.2454238095238,50.0,43.0,strictly prior MUR days at the same source pixel
SPANISH_BAY_UC UCSC,36.61881,-121.9538,36.62,-121.95,0.3640382796478962,0.05,2018,365,365,1.0,13.846254794520547,16.945,3.0982589285714286,280.13600833333334,68.0,25.0,strictly prior MUR days at the same source pixel
SPANISH_BAY_UC UCSC,36.61881,-121.9538,36.62,-121.95,0.3640382796478962,0.05,2019,365,365,1.0,13.911934246575342,16.654,2.4740714285714285,248.99029044117646,31.0,11.0,strictly prior MUR days at the same source pixel
SPANISH_BAY_UC UCSC,36.61881,-121.9538,36.62,-121.95,0.3640382796478962,0.05,2020,366,366,1.0,13.796743169398908,17.041,2.502663865546219,245.81110130718955,45.0,11.0,strictly prior MUR days at the same source pixel
SPANISH_BAY_UC UCSC,36.61881,-121.9538,36.62,-121.95,0.3640382796478962,0.05,2021,365,363,0.9945205479452055,13.381024793388429,17.527,1.7071353383458645,140.89654093567248,66.0,55.0,strictly prior MUR days at the same source pixel
SRI_CLUSTER_POINT_N UCSB,33.93167,-120.1974,33.93,-120.2,0.3033534005485343,0.05,2002,214,214,1.0,15.250780373831777,17.719,,,,,strictly prior MUR days at the same source pixel
SRI_CLUSTER_POINT_N UCSB,33.93167,-120.1974,33.93,-120.2,0.3033534005485343,0.05,2003,365,365,1.0,14.63381917808219,18.884,,,,,strictly prior MUR days at the same source pixel
SRI_CLUSTER_POINT_N UCSB,33.93167,-120.1974,33.93,-120.2,0.3033534005485343,0.05,2004,366,366,1.0,14.7938087431694,19.674,3.818357142857143,237.957,61.0,48.0,strictly prior MUR days at the same source pixel
SRI_CLUSTER_POINT_N UCSB,33.93167,-120.1974,33.93,-120.2,0.3033534005485343,0.05,2005,365,364,0.9972602739726028,14.659203296703296,18.535,1.8250952380952365,159.0748333333333,42.0,15.0,strictly prior MUR days at the same source pixel
SRI_CLUSTER_POINT_N UCSB,33.93167,-120.1974,33.93,-120.2,0.3033534005485343,0.05,2006,365,365,1.0,15.266583561643836,20.975,3.6509642857142857,339.2969999999999,88.0,67.0,strictly prior MUR days at the same source pixel
SRI_CLUSTER_POINT_N UCSB,33.93167,-120.1974,33.93,-120.2,0.3033534005485343,0.05,2007,365,365,1.0,14.70267397260274,19.494,1.983914285714285,120.48564999999999,46.0,22.0,strictly prior MUR days at the same source pixel
SRI_CLUSTER_POINT_N UCSB,33.93167,-120.1974,33.93,-120.2,0.3033534005485343,0.05,2008,366,366,1.0,14.792885245901639,19.25,2.4777142857142858,189.78473333333338,85.0,37.0,strictly prior MUR days at the same source pixel
SRI_CLUSTER_POINT_N UCSB,33.93167,-120.1974,33.93,-120.2,0.3033534005485343,0.05,2009,365,365,1.0,15.044312328767123,20.155,2.5082653061224494,188.30307142857137,41.0,20.0,strictly prior MUR days at the same source pixel
SRI_CLUSTER_POINT_N UCSB,33.93167,-120.1974,33.93,-120.2,0.3033534005485343,0.05,2010,365,365,1.0,14.292928767123287,18.705,1.6168571428571437,89.3643392857143,3.0,3.0,strictly prior MUR days at the same source pixel
SRI_CLUSTER_POINT_N UCSB,33.93167,-120.1974,33.93,-120.2,0.3033534005485343,0.05,2011,365,365,1.0,14.457465753424659,18.455,1.8746984126984125,77.13636111111111,14.0,5.0,strictly prior MUR days at the same source pixel
SRI_CLUSTER_POINT_N UCSB,33.93167,-120.1974,33.93,-120.2,0.3033534005485343,0.05,2012,366,366,1.0,15.217147540983605,20.519,3.455057142857143,282.33736666666675,89.0,61.0,strictly prior MUR days at the same source pixel
SRI_CLUSTER_POINT_N UCSB,33.93167,-120.1974,33.93,-120.2,0.3033534005485343,0.05,2013,365,365,1.0,15.022783561643836,18.388,2.604545454545455,204.05685454545454,22.0,8.0,strictly prior MUR days at the same source pixel
SRI_CLUSTER_POINT_N UCSB,33.93167,-120.1974,33.93,-120.2,0.3033534005485343,0.05,2014,365,365,1.0,16.578071232876713,20.853,3.9504761904761914,664.1150984848484,151.0,136.0,strictly prior MUR days at the same source pixel
SRI_CLUSTER_POINT_N UCSB,33.93167,-120.1974,33.93,-120.2,0.3033534005485343,0.05,2015,365,365,1.0,16.998931506849317,22.654,4.775307692307694,762.709076923077,119.0,114.0,strictly prior MUR days at the same source pixel
SRI_CLUSTER_POINT_N UCSB,33.93167,-120.1974,33.93,-120.2,0.3033534005485343,0.05,2016,366,366,1.0,15.844948087431694,20.262,2.518336734693878,323.0062435897436,59.0,18.0,strictly prior MUR days at the same source pixel
SRI_CLUSTER_POINT_N UCSB,33.93167,-120.1974,33.93,-120.2,0.3033534005485343,0.05,2017,365,365,1.0,15.595323287671231,20.255,2.1270285714285704,223.7936,63.0,20.0,strictly prior MUR days at the same source pixel
SRI_CLUSTER_POINT_N UCSB,33.93167,-120.1974,33.93,-120.2,0.3033534005485343,0.05,2018,365,365,1.0,15.982301369863011,20.584,2.936723214285714,340.52446666666674,96.0,29.0,strictly prior MUR days at the same source pixel
SRI_CLUSTER_POINT_N UCSB,33.93167,-120.1974,33.93,-120.2,0.3033534005485343,0.05,2019,365,365,1.0,15.577334246575342,20.22,1.99101680672269,206.1882169117647,29.0,15.0,strictly prior MUR days at the same source pixel
SRI_CLUSTER_POINT_N UCSB,33.93167,-120.1974,33.93,-120.2,0.3033534005485343,0.05,2020,366,366,1.0,15.78185519125683,20.361,2.610912698412698,279.3444836601307,64.0,36.0,strictly prior MUR days at the same source pixel
SRI_CLUSTER_POINT_N UCSB,33.93167,-120.1974,33.93,-120.2,0.3033534005485343,0.05,2021,365,363,0.9945205479452055,15.060013774104682,19.085,1.7389097744360906,109.93802631578947,34.0,12.0,strictly prior MUR days at the same source pixel
SRI_CLUSTER_POINT_S UCSB,33.92383,-120.192,33.92,-120.19,0.4641401036528959,0.05,2002,214,214,1.0,15.291607476635512,17.745,,,,,strictly prior MUR days at the same source pixel
SRI_CLUSTER_POINT_S UCSB,33.92383,-120.192,33.92,-120.19,0.4641401036528959,0.05,2003,365,365,1.0,14.672106849315067,18.972,,,,,strictly prior MUR days at the same source pixel
SRI_CLUSTER_POINT_S UCSB,33.92383,-120.192,33.92,-120.19,0.4641401036528959,0.05,2004,366,366,1.0,14.830868852459016,19.697,3.7756428571428566,237.6385,59.0,48.0,strictly prior MUR days at the same source pixel
SRI_CLUSTER_POINT_S UCSB,33.92383,-120.192,33.92,-120.19,0.4641401036528959,0.05,2005,365,364,0.9972602739726028,14.694293956043955,18.624,1.813904761904762,157.32016666666667,44.0,21.0,strictly prior MUR days at the same source pixel
SRI_CLUSTER_POINT_S UCSB,33.92383,-120.192,33.92,-120.19,0.4641401036528959,0.05,2006,365,365,1.0,15.30214520547945,21.021,3.608107142857144,339.56025,89.0,67.0,strictly prior MUR days at the same source pixel
SRI_CLUSTER_POINT_S UCSB,33.92383,-120.192,33.92,-120.19,0.4641401036528959,0.05,2007,365,365,1.0,14.741550684931507,19.54,1.9990571428571424,121.30539999999999,46.0,22.0,strictly prior MUR days at the same source pixel
SRI_CLUSTER_POINT_S UCSB,33.92383,-120.192,33.92,-120.19,0.4641401036528959,0.05,2008,366,366,1.0,14.831234972677596,19.312,2.503452380952381,190.71813333333333,87.0,37.0,strictly prior MUR days at the same source pixel
SRI_CLUSTER_POINT_S UCSB,33.92383,-120.192,33.92,-120.19,0.4641401036528959,0.05,2009,365,365,1.0,15.074473972602739,20.155,2.503612244897959,186.7322619047619,41.0,20.0,strictly prior MUR days at the same source pixel
SRI_CLUSTER_POINT_S UCSB,33.92383,-120.192,33.92,-120.19,0.4641401036528959,0.05,2010,365,365,1.0,14.318534246575343,18.738,1.6129387755102038,88.22708928571427,3.0,3.0,strictly prior MUR days at the same source pixel
SRI_CLUSTER_POINT_S UCSB,33.92383,-120.192,33.92,-120.19,0.4641401036528959,0.05,2011,365,365,1.0,14.48707397260274,18.541,1.8640317460317457,76.86327777777778,15.0,5.0,strictly prior MUR days at the same source pixel
SRI_CLUSTER_POINT_S UCSB,33.92383,-120.192,33.92,-120.19,0.4641401036528959,0.05,2012,366,366,1.0,15.253497267759561,20.583,3.464571428571428,282.37605555555564,89.0,61.0,strictly prior MUR days at the same source pixel
SRI_CLUSTER_POINT_S UCSB,33.92383,-120.192,33.92,-120.19,0.4641401036528959,0.05,2013,365,365,1.0,15.056695890410957,18.458,2.6077012987012997,204.59227272727273,22.0,8.0,strictly prior MUR days at the same source pixel
SRI_CLUSTER_POINT_S UCSB,33.92383,-120.192,33.92,-120.19,0.4641401036528959,0.05,2014,365,365,1.0,16.621246575342465,20.894,3.926761904761906,667.4118787878788,150.0,135.0,strictly prior MUR days at the same source pixel
SRI_CLUSTER_POINT_S UCSB,33.92383,-120.192,33.92,-120.19,0.4641401036528959,0.05,2015,365,365,1.0,17.03753424657534,22.617,4.787912087912089,763.8700897435897,119.0,114.0,strictly prior MUR days at the same source pixel
SRI_CLUSTER_POINT_S UCSB,33.92383,-120.192,33.92,-120.19,0.4641401036528959,0.05,2016,366,366,1.0,15.876655737704917,20.306,2.4982857142857156,321.9323021978022,58.0,17.0,strictly prior MUR days at the same source pixel
SRI_CLUSTER_POINT_S UCSB,33.92383,-120.192,33.92,-120.19,0.4641401036528959,0.05,2017,365,365,1.0,15.62332602739726,20.284,2.0927714285714276,221.41875714285715,63.0,20.0,strictly prior MUR days at the same source pixel
SRI_CLUSTER_POINT_S UCSB,33.92383,-120.192,33.92,-120.19,0.4641401036528959,0.05,2018,365,365,1.0,16.015123287671233,20.63,2.8965089285714285,339.26547916666664,95.0,29.0,strictly prior MUR days at the same source pixel
SRI_CLUSTER_POINT_S UCSB,33.92383,-120.192,33.92,-120.19,0.4641401036528959,0.05,2019,365,365,1.0,15.605208219178081,20.29,1.9959159663865533,205.4045294117647,32.0,15.0,strictly prior MUR days at the same source pixel
SRI_CLUSTER_POINT_S UCSB,33.92383,-120.192,33.92,-120.19,0.4641401036528959,0.05,2020,366,366,1.0,15.822653005464481,20.408,2.5979682539682556,280.97541013071896,66.0,55.0,strictly prior MUR days at the same source pixel
SRI_CLUSTER_POINT_S UCSB,33.92383,-120.192,33.92,-120.19,0.4641401036528959,0.05,2021,365,363,0.9945205479452055,15.098479338842976,19.157,1.7173759398496233,109.88808479532162,33.0,12.0,strictly prior MUR days at the same source pixel
SRI_JOHNSONS_LEE_NORTH_E UCSB,33.90295,-120.0992,33.9,-120.1,0.3362321866099032,0.05,2002,214,214,1.0,15.555317757009346,17.828,,,,,strictly prior MUR days at the same source pixel
SRI_JOHNSONS_LEE_NORTH_E UCSB,33.90295,-120.0992,33.9,-120.1,0.3362321866099032,0.05,2003,365,365,1.0,14.929301369863014,19.626,,,,,strictly prior MUR days at the same source pixel
SRI_JOHNSONS_LEE_NORTH_E UCSB,33.90295,-120.0992,33.9,-120.1,0.3362321866099032,0.05,2004,366,366,1.0,15.050338797814206,19.967,3.6730714285714283,235.518,50.0,39.0,strictly prior MUR days at the same source pixel
SRI_JOHNSONS_LEE_NORTH_E UCSB,33.90295,-120.0992,33.9,-120.1,0.3362321866099032,0.05,2005,365,364,0.9972602739726028,14.924598901098902,18.66,1.7092380952380954,149.48666666666662,45.0,33.0,strictly prior MUR days at the same source pixel
SRI_JOHNSONS_LEE_NORTH_E UCSB,33.90295,-120.0992,33.9,-120.1,0.3362321866099032,0.05,2006,365,365,1.0,15.535101369863014,21.443,3.4846428571428576,347.4204166666667,92.0,67.0,strictly prior MUR days at the same source pixel
SRI_JOHNSONS_LEE_NORTH_E UCSB,33.90295,-120.0992,33.9,-120.1,0.3362321866099032,0.05,2007,365,365,1.0,14.97494520547945,20.072,2.0184571428571427,123.38144999999999,45.0,25.0,strictly prior MUR days at the same source pixel
SRI_JOHNSONS_LEE_NORTH_E UCSB,33.90295,-120.0992,33.9,-120.1,0.3362321866099032,0.05,2008,366,366,1.0,15.094265027322406,19.644,2.745809523809523,198.68213333333333,91.0,58.0,strictly prior MUR days at the same source pixel
SRI_JOHNSONS_LEE_NORTH_E UCSB,33.90295,-120.0992,33.9,-120.1,0.3362321866099032,0.05,2009,365,365,1.0,15.283076712328766,20.274,2.300122448979592,173.77821428571428,44.0,20.0,strictly prior MUR days at the same source pixel
SRI_JOHNSONS_LEE_NORTH_E UCSB,33.90295,-120.0992,33.9,-120.1,0.3362321866099032,0.05,2010,365,365,1.0,14.484104109589042,18.901,1.5453469387755105,82.85857142857144,3.0,3.0,strictly prior MUR days at the same source pixel
SRI_JOHNSONS_LEE_NORTH_E UCSB,33.90295,-120.0992,33.9,-120.1,0.3362321866099032,0.05,2011,365,365,1.0,14.678742465753425,18.876,1.7933809523809532,74.58801388888888,12.0,3.0,strictly prior MUR days at the same source pixel
SRI_JOHNSONS_LEE_NORTH_E UCSB,33.90295,-120.0992,33.9,-120.1,0.3362321866099032,0.05,2012,366,366,1.0,15.512005464480875,20.782,3.485128571428572,293.25611111111107,89.0,89.0,strictly prior MUR days at the same source pixel
SRI_JOHNSONS_LEE_NORTH_E UCSB,33.90295,-120.0992,33.9,-120.1,0.3362321866099032,0.05,2013,365,365,1.0,15.297454794520547,18.974,2.605636363636364,209.25985454545454,18.0,7.0,strictly prior MUR days at the same source pixel
SRI_JOHNSONS_LEE_NORTH_E UCSB,33.90295,-120.0992,33.9,-120.1,0.3362321866099032,0.05,2014,365,365,1.0,16.860994520547944,21.403,3.9324880952380954,672.9620454545454,144.0,134.0,strictly prior MUR days at the same source pixel
SRI_JOHNSONS_LEE_NORTH_E UCSB,33.90295,-120.0992,33.9,-120.1,0.3362321866099032,0.05,2015,365,365,1.0,17.254276712328767,22.451,4.9966923076923075,759.0330705128206,118.0,113.0,strictly prior MUR days at the same source pixel
SRI_JOHNSONS_LEE_NORTH_E UCSB,33.90295,-120.0992,33.9,-120.1,0.3362321866099032,0.05,2016,366,366,1.0,16.08604098360656,20.65,2.4093163265306115,320.5074633699634,65.0,19.0,strictly prior MUR days at the same source pixel
SRI_JOHNSONS_LEE_NORTH_E UCSB,33.90295,-120.0992,33.9,-120.1,0.3362321866099032,0.05,2017,365,365,1.0,15.81337808219178,20.354,1.8241523809523805,208.84481904761907,63.0,25.0,strictly prior MUR days at the same source pixel
SRI_JOHNSONS_LEE_NORTH_E UCSB,33.90295,-120.0992,33.9,-120.1,0.3362321866099032,0.05,2018,365,365,1.0,16.23412602739726,21.034,2.8503125000000002,336.6215708333333,100.0,35.0,strictly prior MUR days at the same source pixel
SRI_JOHNSONS_LEE_NORTH_E UCSB,33.90295,-120.0992,33.9,-120.1,0.3362321866099032,0.05,2019,365,365,1.0,15.774328767123288,20.604,2.046873949579831,192.3614448529412,32.0,17.0,strictly prior MUR days at the same source pixel
SRI_JOHNSONS_LEE_NORTH_E UCSB,33.90295,-120.0992,33.9,-120.1,0.3362321866099032,0.05,2020,366,366,1.0,16.035882513661203,20.844,2.6351507936507934,276.07255065359476,61.0,39.0,strictly prior MUR days at the same source pixel
SRI_JOHNSONS_LEE_NORTH_E UCSB,33.90295,-120.0992,33.9,-120.1,0.3362321866099032,0.05,2021,365,363,0.9945205479452055,15.306939393939393,19.67,1.5900676691729327,108.75864619883039,27.0,8.0,strictly prior MUR days at the same source pixel
SRI_JOHNSONS_LEE_NORTH_W UCSB,33.9009,-120.0991,33.9,-120.1,0.1300564025366399,0.05,2002,214,214,1.0,15.555317757009346,17.828,,,,,strictly prior MUR days at the same source pixel
SRI_JOHNSONS_LEE_NORTH_W UCSB,33.9009,-120.0991,33.9,-120.1,0.1300564025366399,0.05,2003,365,365,1.0,14.929301369863014,19.626,,,,,strictly prior MUR days at the same source pixel
SRI_JOHNSONS_LEE_NORTH_W UCSB,33.9009,-120.0991,33.9,-120.1,0.1300564025366399,0.05,2004,366,366,1.0,15.050338797814206,19.967,3.6730714285714283,235.518,50.0,39.0,strictly prior MUR days at the same source pixel
SRI_JOHNSONS_LEE_NORTH_W UCSB,33.9009,-120.0991,33.9,-120.1,0.1300564025366399,0.05,2005,365,364,0.9972602739726028,14.924598901098902,18.66,1.7092380952380954,149.48666666666662,45.0,33.0,strictly prior MUR days at the same source pixel
SRI_JOHNSONS_LEE_NORTH_W UCSB,33.9009,-120.0991,33.9,-120.1,0.1300564025366399,0.05,2006,365,365,1.0,15.535101369863014,21.443,3.4846428571428576,347.4204166666667,92.0,67.0,strictly prior MUR days at the same source pixel
SRI_JOHNSONS_LEE_NORTH_W UCSB,33.9009,-120.0991,33.9,-120.1,0.1300564025366399,0.05,2007,365,365,1.0,14.97494520547945,20.072,2.0184571428571427,123.38144999999999,45.0,25.0,strictly prior MUR days at the same source pixel
SRI_JOHNSONS_LEE_NORTH_W UCSB,33.9009,-120.0991,33.9,-120.1,0.1300564025366399,0.05,2008,366,366,1.0,15.094265027322406,19.644,2.745809523809523,198.68213333333333,91.0,58.0,strictly prior MUR days at the same source pixel
SRI_JOHNSONS_LEE_NORTH_W UCSB,33.9009,-120.0991,33.9,-120.1,0.1300564025366399,0.05,2009,365,365,1.0,15.283076712328766,20.274,2.300122448979592,173.77821428571428,44.0,20.0,strictly prior MUR days at the same source pixel
SRI_JOHNSONS_LEE_NORTH_W UCSB,33.9009,-120.0991,33.9,-120.1,0.1300564025366399,0.05,2010,365,365,1.0,14.484104109589042,18.901,1.5453469387755105,82.85857142857144,3.0,3.0,strictly prior MUR days at the same source pixel
SRI_JOHNSONS_LEE_NORTH_W UCSB,33.9009,-120.0991,33.9,-120.1,0.1300564025366399,0.05,2011,365,365,1.0,14.678742465753425,18.876,1.7933809523809532,74.58801388888888,12.0,3.0,strictly prior MUR days at the same source pixel
SRI_JOHNSONS_LEE_NORTH_W UCSB,33.9009,-120.0991,33.9,-120.1,0.1300564025366399,0.05,2012,366,366,1.0,15.512005464480875,20.782,3.485128571428572,293.25611111111107,89.0,89.0,strictly prior MUR days at the same source pixel
SRI_JOHNSONS_LEE_NORTH_W UCSB,33.9009,-120.0991,33.9,-120.1,0.1300564025366399,0.05,2013,365,365,1.0,15.297454794520547,18.974,2.605636363636364,209.25985454545454,18.0,7.0,strictly prior MUR days at the same source pixel
SRI_JOHNSONS_LEE_NORTH_W UCSB,33.9009,-120.0991,33.9,-120.1,0.1300564025366399,0.05,2014,365,365,1.0,16.860994520547944,21.403,3.9324880952380954,672.9620454545454,144.0,134.0,strictly prior MUR days at the same source pixel
SRI_JOHNSONS_LEE_NORTH_W UCSB,33.9009,-120.0991,33.9,-120.1,0.1300564025366399,0.05,2015,365,365,1.0,17.254276712328767,22.451,4.9966923076923075,759.0330705128206,118.0,113.0,strictly prior MUR days at the same source pixel
SRI_JOHNSONS_LEE_NORTH_W UCSB,33.9009,-120.0991,33.9,-120.1,0.1300564025366399,0.05,2016,366,366,1.0,16.08604098360656,20.65,2.4093163265306115,320.5074633699634,65.0,19.0,strictly prior MUR days at the same source pixel
SRI_JOHNSONS_LEE_NORTH_W UCSB,33.9009,-120.0991,33.9,-120.1,0.1300564025366399,0.05,2017,365,365,1.0,15.81337808219178,20.354,1.8241523809523805,208.84481904761907,63.0,25.0,strictly prior MUR days at the same source pixel
SRI_JOHNSONS_LEE_NORTH_W UCSB,33.9009,-120.0991,33.9,-120.1,0.1300564025366399,0.05,2018,365,365,1.0,16.23412602739726,21.034,2.8503125000000002,336.6215708333333,100.0,35.0,strictly prior MUR days at the same source pixel
SRI_JOHNSONS_LEE_NORTH_W UCSB,33.9009,-120.0991,33.9,-120.1,0.1300564025366399,0.05,2019,365,365,1.0,15.774328767123288,20.604,2.046873949579831,192.3614448529412,32.0,17.0,strictly prior MUR days at the same source pixel
SRI_JOHNSONS_LEE_NORTH_W UCSB,33.9009,-120.0991,33.9,-120.1,0.1300564025366399,0.05,2020,366,366,1.0,16.035882513661203,20.844,2.6351507936507934,276.07255065359476,61.0,39.0,strictly prior MUR days at the same source pixel
SRI_JOHNSONS_LEE_NORTH_W UCSB,33.9009,-120.0991,33.9,-120.1,0.1300564025366399,0.05,2021,365,363,0.9945205479452055,15.306939393939393,19.67,1.5900676691729327,108.75864619883039,27.0,8.0,strictly prior MUR days at the same source pixel
SRI_JOHNSONS_LEE_SOUTH_E UCSB,33.89743,-120.1004,33.9,-120.1,0.2881461384535813,0.05,2002,214,214,1.0,15.555317757009346,17.828,,,,,strictly prior MUR days at the same source pixel
SRI_JOHNSONS_LEE_SOUTH_E UCSB,33.89743,-120.1004,33.9,-120.1,0.2881461384535813,0.05,2003,365,365,1.0,14.929301369863014,19.626,,,,,strictly prior MUR days at the same source pixel
SRI_JOHNSONS_LEE_SOUTH_E UCSB,33.89743,-120.1004,33.9,-120.1,0.2881461384535813,0.05,2004,366,366,1.0,15.050338797814206,19.967,3.6730714285714283,235.518,50.0,39.0,strictly prior MUR days at the same source pixel
SRI_JOHNSONS_LEE_SOUTH_E UCSB,33.89743,-120.1004,33.9,-120.1,0.2881461384535813,0.05,2005,365,364,0.9972602739726028,14.924598901098902,18.66,1.7092380952380954,149.48666666666662,45.0,33.0,strictly prior MUR days at the same source pixel
SRI_JOHNSONS_LEE_SOUTH_E UCSB,33.89743,-120.1004,33.9,-120.1,0.2881461384535813,0.05,2006,365,365,1.0,15.535101369863014,21.443,3.4846428571428576,347.4204166666667,92.0,67.0,strictly prior MUR days at the same source pixel
SRI_JOHNSONS_LEE_SOUTH_E UCSB,33.89743,-120.1004,33.9,-120.1,0.2881461384535813,0.05,2007,365,365,1.0,14.97494520547945,20.072,2.0184571428571427,123.38144999999999,45.0,25.0,strictly prior MUR days at the same source pixel
SRI_JOHNSONS_LEE_SOUTH_E UCSB,33.89743,-120.1004,33.9,-120.1,0.2881461384535813,0.05,2008,366,366,1.0,15.094265027322406,19.644,2.745809523809523,198.68213333333333,91.0,58.0,strictly prior MUR days at the same source pixel
SRI_JOHNSONS_LEE_SOUTH_E UCSB,33.89743,-120.1004,33.9,-120.1,0.2881461384535813,0.05,2009,365,365,1.0,15.283076712328766,20.274,2.300122448979592,173.77821428571428,44.0,20.0,strictly prior MUR days at the same source pixel
SRI_JOHNSONS_LEE_SOUTH_E UCSB,33.89743,-120.1004,33.9,-120.1,0.2881461384535813,0.05,2010,365,365,1.0,14.484104109589042,18.901,1.5453469387755105,82.85857142857144,3.0,3.0,strictly prior MUR days at the same source pixel
SRI_JOHNSONS_LEE_SOUTH_E UCSB,33.89743,-120.1004,33.9,-120.1,0.2881461384535813,0.05,2011,365,365,1.0,14.678742465753425,18.876,1.7933809523809532,74.58801388888888,12.0,3.0,strictly prior MUR days at the same source pixel
SRI_JOHNSONS_LEE_SOUTH_E UCSB,33.89743,-120.1004,33.9,-120.1,0.2881461384535813,0.05,2012,366,366,1.0,15.512005464480875,20.782,3.485128571428572,293.25611111111107,89.0,89.0,strictly prior MUR days at the same source pixel
SRI_JOHNSONS_LEE_SOUTH_E UCSB,33.89743,-120.1004,33.9,-120.1,0.2881461384535813,0.05,2013,365,365,1.0,15.297454794520547,18.974,2.605636363636364,209.25985454545454,18.0,7.0,strictly prior MUR days at the same source pixel
SRI_JOHNSONS_LEE_SOUTH_E UCSB,33.89743,-120.1004,33.9,-120.1,0.2881461384535813,0.05,2014,365,365,1.0,16.860994520547944,21.403,3.9324880952380954,672.9620454545454,144.0,134.0,strictly prior MUR days at the same source pixel
SRI_JOHNSONS_LEE_SOUTH_E UCSB,33.89743,-120.1004,33.9,-120.1,0.2881461384535813,0.05,2015,365,365,1.0,17.254276712328767,22.451,4.9966923076923075,759.0330705128206,118.0,113.0,strictly prior MUR days at the same source pixel
SRI_JOHNSONS_LEE_SOUTH_E UCSB,33.89743,-120.1004,33.9,-120.1,0.2881461384535813,0.05,2016,366,366,1.0,16.08604098360656,20.65,2.4093163265306115,320.5074633699634,65.0,19.0,strictly prior MUR days at the same source pixel
SRI_JOHNSONS_LEE_SOUTH_E UCSB,33.89743,-120.1004,33.9,-120.1,0.2881461384535813,0.05,2017,365,365,1.0,15.81337808219178,20.354,1.8241523809523805,208.84481904761907,63.0,25.0,strictly prior MUR days at the same source pixel
SRI_JOHNSONS_LEE_SOUTH_E UCSB,33.89743,-120.1004,33.9,-120.1,0.2881461384535813,0.05,2018,365,365,1.0,16.23412602739726,21.034,2.8503125000000002,336.6215708333333,100.0,35.0,strictly prior MUR days at the same source pixel
SRI_JOHNSONS_LEE_SOUTH_E UCSB,33.89743,-120.1004,33.9,-120.1,0.2881461384535813,0.05,2019,365,365,1.0,15.774328767123288,20.604,2.046873949579831,192.3614448529412,32.0,17.0,strictly prior MUR days at the same source pixel
SRI_JOHNSONS_LEE_SOUTH_E UCSB,33.89743,-120.1004,33.9,-120.1,0.2881461384535813,0.05,2020,366,366,1.0,16.035882513661203,20.844,2.6351507936507934,276.07255065359476,61.0,39.0,strictly prior MUR days at the same source pixel
SRI_JOHNSONS_LEE_SOUTH_E UCSB,33.89743,-120.1004,33.9,-120.1,0.2881461384535813,0.05,2021,365,363,0.9945205479452055,15.306939393939393,19.67,1.5900676691729327,108.75864619883039,27.0,8.0,strictly prior MUR days at the same source pixel
SRI_JOHNSONS_LEE_SOUTH_W UCSB,33.89513,-120.1043,33.9,-120.1,0.6713804395989339,0.05,2002,214,214,1.0,15.555317757009346,17.828,,,,,strictly prior MUR days at the same source pixel
SRI_JOHNSONS_LEE_SOUTH_W UCSB,33.89513,-120.1043,33.9,-120.1,0.6713804395989339,0.05,2003,365,365,1.0,14.929301369863014,19.626,,,,,strictly prior MUR days at the same source pixel
SRI_JOHNSONS_LEE_SOUTH_W UCSB,33.89513,-120.1043,33.9,-120.1,0.6713804395989339,0.05,2004,366,366,1.0,15.050338797814206,19.967,3.6730714285714283,235.518,50.0,39.0,strictly prior MUR days at the same source pixel
SRI_JOHNSONS_LEE_SOUTH_W UCSB,33.89513,-120.1043,33.9,-120.1,0.6713804395989339,0.05,2005,365,364,0.9972602739726028,14.924598901098902,18.66,1.7092380952380954,149.48666666666662,45.0,33.0,strictly prior MUR days at the same source pixel
SRI_JOHNSONS_LEE_SOUTH_W UCSB,33.89513,-120.1043,33.9,-120.1,0.6713804395989339,0.05,2006,365,365,1.0,15.535101369863014,21.443,3.4846428571428576,347.4204166666667,92.0,67.0,strictly prior MUR days at the same source pixel
SRI_JOHNSONS_LEE_SOUTH_W UCSB,33.89513,-120.1043,33.9,-120.1,0.6713804395989339,0.05,2007,365,365,1.0,14.97494520547945,20.072,2.0184571428571427,123.38144999999999,45.0,25.0,strictly prior MUR days at the same source pixel
SRI_JOHNSONS_LEE_SOUTH_W UCSB,33.89513,-120.1043,33.9,-120.1,0.6713804395989339,0.05,2008,366,366,1.0,15.094265027322406,19.644,2.745809523809523,198.68213333333333,91.0,58.0,strictly prior MUR days at the same source pixel
SRI_JOHNSONS_LEE_SOUTH_W UCSB,33.89513,-120.1043,33.9,-120.1,0.6713804395989339,0.05,2009,365,365,1.0,15.283076712328766,20.274,2.300122448979592,173.77821428571428,44.0,20.0,strictly prior MUR days at the same source pixel
SRI_JOHNSONS_LEE_SOUTH_W UCSB,33.89513,-120.1043,33.9,-120.1,0.6713804395989339,0.05,2010,365,365,1.0,14.484104109589042,18.901,1.5453469387755105,82.85857142857144,3.0,3.0,strictly prior MUR days at the same source pixel
SRI_JOHNSONS_LEE_SOUTH_W UCSB,33.89513,-120.1043,33.9,-120.1,0.6713804395989339,0.05,2011,365,365,1.0,14.678742465753425,18.876,1.7933809523809532,74.58801388888888,12.0,3.0,strictly prior MUR days at the same source pixel
SRI_JOHNSONS_LEE_SOUTH_W UCSB,33.89513,-120.1043,33.9,-120.1,0.6713804395989339,0.05,2012,366,366,1.0,15.512005464480875,20.782,3.485128571428572,293.25611111111107,89.0,89.0,strictly prior MUR days at the same source pixel
SRI_JOHNSONS_LEE_SOUTH_W UCSB,33.89513,-120.1043,33.9,-120.1,0.6713804395989339,0.05,2013,365,365,1.0,15.297454794520547,18.974,2.605636363636364,209.25985454545454,18.0,7.0,strictly prior MUR days at the same source pixel
SRI_JOHNSONS_LEE_SOUTH_W UCSB,33.89513,-120.1043,33.9,-120.1,0.6713804395989339,0.05,2014,365,365,1.0,16.860994520547944,21.403,3.9324880952380954,672.9620454545454,144.0,134.0,strictly prior MUR days at the same source pixel
SRI_JOHNSONS_LEE_SOUTH_W UCSB,33.89513,-120.1043,33.9,-120.1,0.6713804395989339,0.05,2015,365,365,1.0,17.254276712328767,22.451,4.9966923076923075,759.0330705128206,118.0,113.0,strictly prior MUR days at the same source pixel
SRI_JOHNSONS_LEE_SOUTH_W UCSB,33.89513,-120.1043,33.9,-120.1,0.6713804395989339,0.05,2016,366,366,1.0,16.08604098360656,20.65,2.4093163265306115,320.5074633699634,65.0,19.0,strictly prior MUR days at the same source pixel
SRI_JOHNSONS_LEE_SOUTH_W UCSB,33.89513,-120.1043,33.9,-120.1,0.6713804395989339,0.05,2017,365,365,1.0,15.81337808219178,20.354,1.8241523809523805,208.84481904761907,63.0,25.0,strictly prior MUR days at the same source pixel
SRI_JOHNSONS_LEE_SOUTH_W UCSB,33.89513,-120.1043,33.9,-120.1,0.6713804395989339,0.05,2018,365,365,1.0,16.23412602739726,21.034,2.8503125000000002,336.6215708333333,100.0,35.0,strictly prior MUR days at the same source pixel
SRI_JOHNSONS_LEE_SOUTH_W UCSB,33.89513,-120.1043,33.9,-120.1,0.6713804395989339,0.05,2019,365,365,1.0,15.774328767123288,20.604,2.046873949579831,192.3614448529412,32.0,17.0,strictly prior MUR days at the same source pixel
SRI_JOHNSONS_LEE_SOUTH_W UCSB,33.89513,-120.1043,33.9,-120.1,0.6713804395989339,0.05,2020,366,366,1.0,16.035882513661203,20.844,2.6351507936507934,276.07255065359476,61.0,39.0,strictly prior MUR days at the same source pixel
SRI_JOHNSONS_LEE_SOUTH_W UCSB,33.89513,-120.1043,33.9,-120.1,0.6713804395989339,0.05,2021,365,363,0.9945205479452055,15.306939393939393,19.67,1.5900676691729327,108.75864619883039,27.0,8.0,strictly prior MUR days at the same source pixel
SRI_SOUTH_POINT_E UCSB,33.89157,-120.1192,33.89,-120.12,0.1895510654526697,0.05,2002,214,213,0.9953271028037384,15.539948356807512,17.901,,,,,strictly prior MUR days at the same source pixel
SRI_SOUTH_POINT_E UCSB,33.89157,-120.1192,33.89,-120.12,0.1895510654526697,0.05,2003,365,365,1.0,14.902520547945207,19.539,,,,,strictly prior MUR days at the same source pixel
SRI_SOUTH_POINT_E UCSB,33.89157,-120.1192,33.89,-120.12,0.1895510654526697,0.05,2004,366,366,1.0,15.024713114754098,19.918,3.6602142857142854,233.154,52.0,39.0,strictly prior MUR days at the same source pixel
SRI_SOUTH_POINT_E UCSB,33.89157,-120.1192,33.89,-120.12,0.1895510654526697,0.05,2005,365,365,1.0,14.89181369863014,18.753,1.6916666666666662,148.83299999999997,45.0,34.0,strictly prior MUR days at the same source pixel
SRI_SOUTH_POINT_E UCSB,33.89157,-120.1192,33.89,-120.12,0.1895510654526697,0.05,2006,365,364,0.9972602739726028,15.50637912087912,21.344,3.5218571428571437,344.1386666666667,93.0,67.0,strictly prior MUR days at the same source pixel
SRI_SOUTH_POINT_E UCSB,33.89157,-120.1192,33.89,-120.12,0.1895510654526697,0.05,2007,365,364,0.9972602739726028,14.960480769230768,19.926,2.0754571428571422,122.80605,47.0,25.0,strictly prior MUR days at the same source pixel
SRI_SOUTH_POINT_E UCSB,33.89157,-120.1192,33.89,-120.12,0.1895510654526697,0.05,2008,366,366,1.0,15.056273224043714,19.623,2.674261904761905,194.6584666666667,89.0,58.0,strictly prior MUR days at the same source pixel
SRI_SOUTH_POINT_E UCSB,33.89157,-120.1192,33.89,-120.12,0.1895510654526697,0.05,2009,365,365,1.0,15.250449315068492,20.251,2.3544285714285715,173.49153571428567,43.0,20.0,strictly prior MUR days at the same source pixel
SRI_SOUTH_POINT_E UCSB,33.89157,-120.1192,33.89,-120.12,0.1895510654526697,0.05,2010,365,365,1.0,14.465671232876714,18.883,1.5353469387755108,82.56880357142856,3.0,3.0,strictly prior MUR days at the same source pixel
SRI_SOUTH_POINT_E UCSB,33.89157,-120.1192,33.89,-120.12,0.1895510654526697,0.05,2011,365,365,1.0,14.652517808219178,18.894,1.821206349206349,75.42323611111111,12.0,3.0,strictly prior MUR days at the same source pixel
SRI_SOUTH_POINT_E UCSB,33.89157,-120.1192,33.89,-120.12,0.1895510654526697,0.05,2012,366,366,1.0,15.47401912568306,20.794,3.487942857142857,290.7110555555555,89.0,89.0,strictly prior MUR days at the same source pixel
SRI_SOUTH_POINT_E UCSB,33.89157,-120.1192,33.89,-120.12,0.1895510654526697,0.05,2013,365,365,1.0,15.25938904109589,18.951,2.5897662337662335,206.9355681818182,21.0,7.0,strictly prior MUR days at the same source pixel
SRI_SOUTH_POINT_E UCSB,33.89157,-120.1192,33.89,-120.12,0.1895510654526697,0.05,2014,365,365,1.0,16.83316712328767,21.366,3.9278452380952373,673.1347196969697,145.0,134.0,strictly prior MUR days at the same source pixel
SRI_SOUTH_POINT_E UCSB,33.89157,-120.1192,33.89,-120.12,0.1895510654526697,0.05,2015,365,365,1.0,17.23527671232877,22.507,4.926252747252747,762.6471384615385,118.0,113.0,strictly prior MUR days at the same source pixel
SRI_SOUTH_POINT_E UCSB,33.89157,-120.1192,33.89,-120.12,0.1895510654526697,0.05,2016,366,366,1.0,16.058579234972676,20.582,2.410704081632653,319.91543406593405,62.0,18.0,strictly prior MUR days at the same source pixel
SRI_SOUTH_POINT_E UCSB,33.89157,-120.1192,33.89,-120.12,0.1895510654526697,0.05,2017,365,365,1.0,15.787008219178082,20.376,1.8642285714285716,209.7106119047619,63.0,25.0,strictly prior MUR days at the same source pixel
SRI_SOUTH_POINT_E UCSB,33.89157,-120.1192,33.89,-120.12,0.1895510654526697,0.05,2018,365,365,1.0,16.20465753424658,20.935,2.779785714285714,335.60089294871796,96.0,28.0,strictly prior MUR days at the same source pixel
SRI_SOUTH_POINT_E UCSB,33.89157,-120.1192,33.89,-120.12,0.1895510654526697,0.05,2019,365,365,1.0,15.757602739726027,20.546,2.0193361344537806,195.95873581932773,31.0,16.0,strictly prior MUR days at the same source pixel
SRI_SOUTH_POINT_E UCSB,33.89157,-120.1192,33.89,-120.12,0.1895510654526697,0.05,2020,366,366,1.0,16.01904644808743,20.755,2.5824841269841277,278.9927287581699,63.0,40.0,strictly prior MUR days at the same source pixel
SRI_SOUTH_POINT_E UCSB,33.89157,-120.1192,33.89,-120.12,0.1895510654526697,0.05,2021,365,363,0.9945205479452055,15.287404958677685,19.6,1.6330375939849628,110.04949415204682,30.0,9.0,strictly prior MUR days at the same source pixel
SRI_SOUTH_POINT_W UCSB,33.89417,-120.1249,33.89,-120.12,0.6477335274318045,0.05,2002,214,213,0.9953271028037384,15.539948356807512,17.901,,,,,strictly prior MUR days at the same source pixel
SRI_SOUTH_POINT_W UCSB,33.89417,-120.1249,33.89,-120.12,0.6477335274318045,0.05,2003,365,365,1.0,14.902520547945207,19.539,,,,,strictly prior MUR days at the same source pixel
SRI_SOUTH_POINT_W UCSB,33.89417,-120.1249,33.89,-120.12,0.6477335274318045,0.05,2004,366,366,1.0,15.024713114754098,19.918,3.6602142857142854,233.154,52.0,39.0,strictly prior MUR days at the same source pixel
SRI_SOUTH_POINT_W UCSB,33.89417,-120.1249,33.89,-120.12,0.6477335274318045,0.05,2005,365,365,1.0,14.89181369863014,18.753,1.6916666666666662,148.83299999999997,45.0,34.0,strictly prior MUR days at the same source pixel
SRI_SOUTH_POINT_W UCSB,33.89417,-120.1249,33.89,-120.12,0.6477335274318045,0.05,2006,365,364,0.9972602739726028,15.50637912087912,21.344,3.5218571428571437,344.1386666666667,93.0,67.0,strictly prior MUR days at the same source pixel
SRI_SOUTH_POINT_W UCSB,33.89417,-120.1249,33.89,-120.12,0.6477335274318045,0.05,2007,365,364,0.9972602739726028,14.960480769230768,19.926,2.0754571428571422,122.80605,47.0,25.0,strictly prior MUR days at the same source pixel
SRI_SOUTH_POINT_W UCSB,33.89417,-120.1249,33.89,-120.12,0.6477335274318045,0.05,2008,366,366,1.0,15.056273224043714,19.623,2.674261904761905,194.6584666666667,89.0,58.0,strictly prior MUR days at the same source pixel
SRI_SOUTH_POINT_W UCSB,33.89417,-120.1249,33.89,-120.12,0.6477335274318045,0.05,2009,365,365,1.0,15.250449315068492,20.251,2.3544285714285715,173.49153571428567,43.0,20.0,strictly prior MUR days at the same source pixel
SRI_SOUTH_POINT_W UCSB,33.89417,-120.1249,33.89,-120.12,0.6477335274318045,0.05,2010,365,365,1.0,14.465671232876714,18.883,1.5353469387755108,82.56880357142856,3.0,3.0,strictly prior MUR days at the same source pixel
SRI_SOUTH_POINT_W UCSB,33.89417,-120.1249,33.89,-120.12,0.6477335274318045,0.05,2011,365,365,1.0,14.652517808219178,18.894,1.821206349206349,75.42323611111111,12.0,3.0,strictly prior MUR days at the same source pixel
SRI_SOUTH_POINT_W UCSB,33.89417,-120.1249,33.89,-120.12,0.6477335274318045,0.05,2012,366,366,1.0,15.47401912568306,20.794,3.487942857142857,290.7110555555555,89.0,89.0,strictly prior MUR days at the same source pixel
SRI_SOUTH_POINT_W UCSB,33.89417,-120.1249,33.89,-120.12,0.6477335274318045,0.05,2013,365,365,1.0,15.25938904109589,18.951,2.5897662337662335,206.9355681818182,21.0,7.0,strictly prior MUR days at the same source pixel
SRI_SOUTH_POINT_W UCSB,33.89417,-120.1249,33.89,-120.12,0.6477335274318045,0.05,2014,365,365,1.0,16.83316712328767,21.366,3.9278452380952373,673.1347196969697,145.0,134.0,strictly prior MUR days at the same source pixel
SRI_SOUTH_POINT_W UCSB,33.89417,-120.1249,33.89,-120.12,0.6477335274318045,0.05,2015,365,365,1.0,17.23527671232877,22.507,4.926252747252747,762.6471384615385,118.0,113.0,strictly prior MUR days at the same source pixel
SRI_SOUTH_POINT_W UCSB,33.89417,-120.1249,33.89,-120.12,0.6477335274318045,0.05,2016,366,366,1.0,16.058579234972676,20.582,2.410704081632653,319.91543406593405,62.0,18.0,strictly prior MUR days at the same source pixel
SRI_SOUTH_POINT_W UCSB,33.89417,-120.1249,33.89,-120.12,0.6477335274318045,0.05,2017,365,365,1.0,15.787008219178082,20.376,1.8642285714285716,209.7106119047619,63.0,25.0,strictly prior MUR days at the same source pixel
SRI_SOUTH_POINT_W UCSB,33.89417,-120.1249,33.89,-120.12,0.6477335274318045,0.05,2018,365,365,1.0,16.20465753424658,20.935,2.779785714285714,335.60089294871796,96.0,28.0,strictly prior MUR days at the same source pixel
SRI_SOUTH_POINT_W UCSB,33.89417,-120.1249,33.89,-120.12,0.6477335274318045,0.05,2019,365,365,1.0,15.757602739726027,20.546,2.0193361344537806,195.95873581932773,31.0,16.0,strictly prior MUR days at the same source pixel
SRI_SOUTH_POINT_W UCSB,33.89417,-120.1249,33.89,-120.12,0.6477335274318045,0.05,2020,366,366,1.0,16.01904644808743,20.755,2.5824841269841277,278.9927287581699,63.0,40.0,strictly prior MUR days at the same source pixel
SRI_SOUTH_POINT_W UCSB,33.89417,-120.1249,33.89,-120.12,0.6477335274318045,0.05,2021,365,363,0.9945205479452055,15.287404958677685,19.6,1.6330375939849628,110.04949415204682,30.0,9.0,strictly prior MUR days at the same source pixel
STILLWATER_DC UCSC,36.55973,-121.944,36.56,-121.94,0.3585223495461279,0.05,2002,214,214,1.0,13.11146261682243,14.755,,,,,strictly prior MUR days at the same source pixel
STILLWATER_DC UCSC,36.55973,-121.944,36.56,-121.94,0.3585223495461279,0.05,2003,365,365,1.0,13.407293150684932,17.174,,,,,strictly prior MUR days at the same source pixel
STILLWATER_DC UCSC,36.55973,-121.944,36.56,-121.94,0.3585223495461279,0.05,2004,366,366,1.0,13.157428961748632,15.831,1.8622857142857145,149.64100000000002,24.0,7.0,strictly prior MUR days at the same source pixel
STILLWATER_DC UCSC,36.55973,-121.944,36.56,-121.94,0.3585223495461279,0.05,2005,365,364,0.9972602739726028,13.369063186813186,15.457,2.652357142857143,224.51733333333334,25.0,11.0,strictly prior MUR days at the same source pixel
STILLWATER_DC UCSC,36.55973,-121.944,36.56,-121.94,0.3585223495461279,0.05,2006,365,365,1.0,13.53040821917808,16.77,2.395857142857143,227.69075,109.0,59.0,strictly prior MUR days at the same source pixel
STILLWATER_DC UCSC,36.55973,-121.944,36.56,-121.94,0.3585223495461279,0.05,2007,365,365,1.0,12.76801917808219,17.203,1.395428571428571,67.19505000000001,22.0,12.0,strictly prior MUR days at the same source pixel
STILLWATER_DC UCSC,36.55973,-121.944,36.56,-121.94,0.3585223495461279,0.05,2008,366,366,1.0,12.6018087431694,16.669,2.458428571428572,89.42723333333333,50.0,34.0,strictly prior MUR days at the same source pixel
STILLWATER_DC UCSC,36.55973,-121.944,36.56,-121.94,0.3585223495461279,0.05,2009,365,365,1.0,12.86334520547945,15.355,2.507469387755102,103.76261904761907,11.0,3.0,strictly prior MUR days at the same source pixel
STILLWATER_DC UCSC,36.55973,-121.944,36.56,-121.94,0.3585223495461279,0.05,2010,365,365,1.0,13.005172602739727,15.239,1.2008035714285714,127.86499999999998,4.0,4.0,strictly prior MUR days at the same source pixel
STILLWATER_DC UCSC,36.55973,-121.944,36.56,-121.94,0.3585223495461279,0.05,2011,365,365,1.0,12.965556164383562,16.014,1.9612063492063492,93.86208333333335,38.0,29.0,strictly prior MUR days at the same source pixel
STILLWATER_DC UCSC,36.55973,-121.944,36.56,-121.94,0.3585223495461279,0.05,2012,366,366,1.0,13.011560109289617,16.273,2.0232285714285716,139.43571111111112,42.0,21.0,strictly prior MUR days at the same source pixel
STILLWATER_DC UCSC,36.55973,-121.944,36.56,-121.94,0.3585223495461279,0.05,2013,365,365,1.0,12.850808219178083,15.163,1.8560519480519482,81.3019090909091,6.0,2.0,strictly prior MUR days at the same source pixel
STILLWATER_DC UCSC,36.55973,-121.944,36.56,-121.94,0.3585223495461279,0.05,2014,365,365,1.0,14.610120547945204,18.133,3.4842380952380947,592.9431893939393,171.0,171.0,strictly prior MUR days at the same source pixel
STILLWATER_DC UCSC,36.55973,-121.944,36.56,-121.94,0.3585223495461279,0.05,2015,365,365,1.0,14.815775342465752,18.392,3.608945054945056,623.0104487179487,137.0,131.0,strictly prior MUR days at the same source pixel
STILLWATER_DC UCSC,36.55973,-121.944,36.56,-121.94,0.3585223495461279,0.05,2016,366,366,1.0,13.740918032786883,16.09,2.1810612244897962,260.46942124542124,36.0,9.0,strictly prior MUR days at the same source pixel
STILLWATER_DC UCSC,36.55973,-121.944,36.56,-121.94,0.3585223495461279,0.05,2017,365,365,1.0,13.446399999999999,18.154,2.8299238095238093,155.75184761904762,49.0,43.0,strictly prior MUR days at the same source pixel
STILLWATER_DC UCSC,36.55973,-121.944,36.56,-121.94,0.3585223495461279,0.05,2018,365,365,1.0,13.807939726027396,16.903,3.034857142857144,279.3574041666667,71.0,25.0,strictly prior MUR days at the same source pixel
STILLWATER_DC UCSC,36.55973,-121.944,36.56,-121.94,0.3585223495461279,0.05,2019,365,365,1.0,13.899202739726029,16.752000000000002,2.4385446428571425,257.3575441176471,32.0,14.0,strictly prior MUR days at the same source pixel
STILLWATER_DC UCSC,36.55973,-121.944,36.56,-121.94,0.3585223495461279,0.05,2020,366,366,1.0,13.721724043715847,16.968,2.562949579831933,241.17050490196078,39.0,10.0,strictly prior MUR days at the same source pixel
STILLWATER_DC UCSC,36.55973,-121.944,36.56,-121.94,0.3585223495461279,0.05,2021,365,363,0.9945205479452055,13.308046831955922,17.43,1.709714285714286,136.23285380116957,64.0,49.0,strictly prior MUR days at the same source pixel
STILLWATER_UC UCSC,36.56012,-121.9473,36.56,-121.95,0.2415208523435834,0.05,2002,214,214,1.0,13.1172476635514,14.762,,,,,strictly prior MUR days at the same source pixel
STILLWATER_UC UCSC,36.56012,-121.9473,36.56,-121.95,0.2415208523435834,0.05,2003,365,365,1.0,13.411342465753423,17.18,,,,,strictly prior MUR days at the same source pixel
STILLWATER_UC UCSC,36.56012,-121.9473,36.56,-121.95,0.2415208523435834,0.05,2004,366,366,1.0,13.156560109289616,15.836,1.8716428571428563,148.777,23.0,6.0,strictly prior MUR days at the same source pixel
STILLWATER_UC UCSC,36.56012,-121.9473,36.56,-121.95,0.2415208523435834,0.05,2005,365,364,0.9972602739726028,13.37104120879121,15.464,2.6740714285714295,225.2146666666667,25.0,11.0,strictly prior MUR days at the same source pixel
STILLWATER_UC UCSC,36.56012,-121.9473,36.56,-121.95,0.2415208523435834,0.05,2006,365,365,1.0,13.533528767123286,16.762,2.410999999999999,228.01708333333335,109.0,59.0,strictly prior MUR days at the same source pixel
STILLWATER_UC UCSC,36.56012,-121.9473,36.56,-121.95,0.2415208523435834,0.05,2007,365,365,1.0,12.76683287671233,17.224,1.3998571428571422,67.15859999999999,21.0,12.0,strictly prior MUR days at the same source pixel
STILLWATER_UC UCSC,36.56012,-121.9473,36.56,-121.95,0.2415208523435834,0.05,2008,366,366,1.0,12.598147540983607,16.639,2.459547619047619,89.13629999999999,50.0,34.0,strictly prior MUR days at the same source pixel
STILLWATER_UC UCSC,36.56012,-121.9473,36.56,-121.95,0.2415208523435834,0.05,2009,365,365,1.0,12.866049315068494,15.326,2.5251020408163263,103.89116666666666,12.0,3.0,strictly prior MUR days at the same source pixel
STILLWATER_UC UCSC,36.56012,-121.9473,36.56,-121.95,0.2415208523435834,0.05,2010,365,365,1.0,13.003372602739727,15.242,1.2350714285714284,127.94325,4.0,4.0,strictly prior MUR days at the same source pixel
STILLWATER_UC UCSC,36.56012,-121.9473,36.56,-121.95,0.2415208523435834,0.05,2011,365,365,1.0,12.968109589041097,16.058,1.9815079365079364,94.01479166666667,38.0,29.0,strictly prior MUR days at the same source pixel
STILLWATER_UC UCSC,36.56012,-121.9473,36.56,-121.95,0.2415208523435834,0.05,2012,366,366,1.0,13.012480874316942,16.281,2.0164999999999997,139.36455555555554,44.0,21.0,strictly prior MUR days at the same source pixel
STILLWATER_UC UCSC,36.56012,-121.9473,36.56,-121.95,0.2415208523435834,0.05,2013,365,365,1.0,12.852950684931505,15.15,1.8569740259740262,81.97977272727273,7.0,2.0,strictly prior MUR days at the same source pixel
STILLWATER_UC UCSC,36.56012,-121.9473,36.56,-121.95,0.2415208523435834,0.05,2014,365,365,1.0,14.614627397260273,18.127,3.493511904761904,593.8857424242424,171.0,171.0,strictly prior MUR days at the same source pixel
STILLWATER_UC UCSC,36.56012,-121.9473,36.56,-121.95,0.2415208523435834,0.05,2015,365,365,1.0,14.821150684931505,18.411,3.624516483516484,624.4095064102564,137.0,131.0,strictly prior MUR days at the same source pixel
STILLWATER_UC UCSC,36.56012,-121.9473,36.56,-121.95,0.2415208523435834,0.05,2016,366,366,1.0,13.748549180327869,16.118000000000002,2.1865918367346944,262.1328644688645,36.0,9.0,strictly prior MUR days at the same source pixel
STILLWATER_UC UCSC,36.56012,-121.9473,36.56,-121.95,0.2415208523435834,0.05,2017,365,365,1.0,13.455887671232878,18.156,2.832914285714286,156.8105904761905,49.0,43.0,strictly prior MUR days at the same source pixel
STILLWATER_UC UCSC,36.56012,-121.9473,36.56,-121.95,0.2415208523435834,0.05,2018,365,365,1.0,13.812254794520548,16.912,3.0302946428571422,279.93695833333334,71.0,25.0,strictly prior MUR days at the same source pixel
STILLWATER_UC UCSC,36.56012,-121.9473,36.56,-121.95,0.2415208523435834,0.05,2019,365,365,1.0,13.904238356164385,16.768,2.446169642857143,257.82170588235294,32.0,14.0,strictly prior MUR days at the same source pixel
STILLWATER_UC UCSC,36.56012,-121.9473,36.56,-121.95,0.2415208523435834,0.05,2020,366,366,1.0,13.718071038251367,16.954,2.5635798319327727,239.8067091503268,39.0,10.0,strictly prior MUR days at the same source pixel
STILLWATER_UC UCSC,36.56012,-121.9473,36.56,-121.95,0.2415208523435834,0.05,2021,365,363,0.9945205479452055,13.3083608815427,17.407,1.7089624060150364,135.73966666666666,63.0,31.0,strictly prior MUR days at the same source pixel
STOCKTON UCSC,36.94623,-122.05,36.94,-122.05,0.6927453498552687,0.05,2002,214,214,1.0,13.1037523364486,15.027,,,,,strictly prior MUR days at the same source pixel
STOCKTON UCSC,36.94623,-122.05,36.94,-122.05,0.6927453498552687,0.05,2003,365,365,1.0,13.228095890410959,16.616999999999997,,,,,strictly prior MUR days at the same source pixel
STOCKTON UCSC,36.94623,-122.05,36.94,-122.05,0.6927453498552687,0.05,2004,366,366,1.0,13.147142076502734,16.427999999999997,2.3145000000000002,165.667,24.0,16.0,strictly prior MUR days at the same source pixel
STOCKTON UCSC,36.94623,-122.05,36.94,-122.05,0.6927453498552687,0.05,2005,365,365,1.0,13.347810958904113,16.031,2.799928571428571,219.734,28.0,6.0,strictly prior MUR days at the same source pixel
STOCKTON UCSC,36.94623,-122.05,36.94,-122.05,0.6927453498552687,0.05,2006,365,365,1.0,13.557882191780823,17.357,2.3955714285714285,249.231,102.0,49.0,strictly prior MUR days at the same source pixel
STOCKTON UCSC,36.94623,-122.05,36.94,-122.05,0.6927453498552687,0.05,2007,365,365,1.0,12.820397260273971,17.594,1.8730857142857151,81.4154,35.0,25.0,strictly prior MUR days at the same source pixel
STOCKTON UCSC,36.94623,-122.05,36.94,-122.05,0.6927453498552687,0.05,2008,366,366,1.0,12.688166666666666,16.585,2.9867380952380946,108.70863333333332,61.0,46.0,strictly prior MUR days at the same source pixel
STOCKTON UCSC,36.94623,-122.05,36.94,-122.05,0.6927453498552687,0.05,2009,365,365,1.0,12.990989041095892,16.664,2.7733877551020414,129.14450000000002,38.0,6.0,strictly prior MUR days at the same source pixel
STOCKTON UCSC,36.94623,-122.05,36.94,-122.05,0.6927453498552687,0.05,2010,365,365,1.0,13.100989041095893,15.488,1.347102040816327,137.998,6.0,5.0,strictly prior MUR days at the same source pixel
STOCKTON UCSC,36.94623,-122.05,36.94,-122.05,0.6927453498552687,0.05,2011,365,365,1.0,12.95524931506849,16.343,2.1350317460317463,100.88511111111113,43.0,33.0,strictly prior MUR days at the same source pixel
STOCKTON UCSC,36.94623,-122.05,36.94,-122.05,0.6927453498552687,0.05,2012,366,366,1.0,13.05556557377049,15.984,2.2082714285714293,147.78897777777775,33.0,11.0,strictly prior MUR days at the same source pixel
STOCKTON UCSC,36.94623,-122.05,36.94,-122.05,0.6927453498552687,0.05,2013,365,365,1.0,12.919972602739728,15.977,1.7353506493506488,81.0627181818182,31.0,6.0,strictly prior MUR days at the same source pixel
STOCKTON UCSC,36.94623,-122.05,36.94,-122.05,0.6927453498552687,0.05,2014,365,365,1.0,14.634589041095891,18.499,3.336880952380952,595.9089469696971,170.0,131.0,strictly prior MUR days at the same source pixel
STOCKTON UCSC,36.94623,-122.05,36.94,-122.05,0.6927453498552687,0.05,2015,365,365,1.0,14.720323287671231,18.3,3.5258241758241753,577.6384423076923,124.0,122.0,strictly prior MUR days at the same source pixel
STOCKTON UCSC,36.94623,-122.05,36.94,-122.05,0.6927453498552687,0.05,2016,366,366,1.0,13.740483606557376,16.060000000000002,2.1482040816326533,241.44611172161171,27.0,7.0,strictly prior MUR days at the same source pixel
STOCKTON UCSC,36.94623,-122.05,36.94,-122.05,0.6927453498552687,0.05,2017,365,365,1.0,13.485224657534246,17.681,2.450714285714286,162.89906666666667,50.0,37.0,strictly prior MUR days at the same source pixel
STOCKTON UCSC,36.94623,-122.05,36.94,-122.05,0.6927453498552687,0.05,2018,365,365,1.0,13.720556164383563,17.169,2.741937500000001,247.13813333333337,57.0,15.0,strictly prior MUR days at the same source pixel
STOCKTON UCSC,36.94623,-122.05,36.94,-122.05,0.6927453498552687,0.05,2019,365,365,1.0,13.862386301369865,16.552,2.4995535714285717,229.15755882352937,33.0,20.0,strictly prior MUR days at the same source pixel
STOCKTON UCSC,36.94623,-122.05,36.94,-122.05,0.6927453498552687,0.05,2020,366,366,1.0,14.057587431693987,17.826999999999998,2.64272268907563,336.8449248366013,84.0,21.0,strictly prior MUR days at the same source pixel
STOCKTON UCSC,36.94623,-122.05,36.94,-122.05,0.6927453498552687,0.05,2021,365,363,0.9945205479452055,13.624462809917356,18.239,2.486533834586466,207.77562865497077,81.0,61.0,strictly prior MUR days at the same source pixel
Salt Point,38.5649,-123.329,38.56,-123.33,0.5517496434308654,0.05,2002,214,214,1.0,11.75193925233645,14.15,,,,,strictly prior MUR days at the same source pixel
Salt Point,38.5649,-123.329,38.56,-123.33,0.5517496434308654,0.05,2003,365,365,1.0,11.503065753424657,14.801,,,,,strictly prior MUR days at the same source pixel
Salt Point,38.5649,-123.329,38.56,-123.33,0.5517496434308654,0.05,2004,366,366,1.0,11.75124316939891,16.477,4.311857142857144,201.19,59.0,19.0,strictly prior MUR days at the same source pixel
Salt Point,38.5649,-123.329,38.56,-123.33,0.5517496434308654,0.05,2005,365,365,1.0,12.043336986301371,13.839,3.3578571428571427,262.85650000000004,52.0,27.0,strictly prior MUR days at the same source pixel
Salt Point,38.5649,-123.329,38.56,-123.33,0.5517496434308654,0.05,2006,365,365,1.0,12.1428904109589,16.362000000000002,3.5398928571428567,240.7935,84.0,43.0,strictly prior MUR days at the same source pixel
Salt Point,38.5649,-123.329,38.56,-123.33,0.5517496434308654,0.05,2007,365,365,1.0,11.203394520547944,15.4,2.177142857142857,86.25650000000002,38.0,22.0,strictly prior MUR days at the same source pixel
Salt Point,38.5649,-123.329,38.56,-123.33,0.5517496434308654,0.05,2008,366,366,1.0,11.143120218579234,14.786,2.7838571428571433,124.81629999999998,51.0,34.0,strictly prior MUR days at the same source pixel
Salt Point,38.5649,-123.329,38.56,-123.33,0.5517496434308654,0.05,2009,365,365,1.0,11.475421917808221,16.022,2.9287142857142854,152.53769047619048,45.0,23.0,strictly prior MUR days at the same source pixel
Salt Point,38.5649,-123.329,38.56,-123.33,0.5517496434308654,0.05,2010,365,365,1.0,11.614712328767123,14.37,1.9787551020408167,154.82426785714287,5.0,3.0,strictly prior MUR days at the same source pixel
Salt Point,38.5649,-123.329,38.56,-123.33,0.5517496434308654,0.05,2011,365,365,1.0,11.31685205479452,14.523,2.141222222222222,83.90269444444445,38.0,19.0,strictly prior MUR days at the same source pixel
Salt Point,38.5649,-123.329,38.56,-123.33,0.5517496434308654,0.05,2012,366,366,1.0,11.21524043715847,14.361,2.2446571428571427,120.38212222222221,36.0,15.0,strictly prior MUR days at the same source pixel
Salt Point,38.5649,-123.329,38.56,-123.33,0.5517496434308654,0.05,2013,365,365,1.0,11.162619178082192,14.559,2.392324675324675,107.25857272727272,25.0,14.0,strictly prior MUR days at the same source pixel
Salt Point,38.5649,-123.329,38.56,-123.33,0.5517496434308654,0.05,2014,365,365,1.0,13.177271232876711,17.921,5.236607142857144,642.798106060606,162.0,145.0,strictly prior MUR days at the same source pixel
Salt Point,38.5649,-123.329,38.56,-123.33,0.5517496434308654,0.05,2015,365,365,1.0,13.120449315068493,16.602,4.719967032967033,574.145641025641,144.0,46.0,strictly prior MUR days at the same source pixel
Salt Point,38.5649,-123.329,38.56,-123.33,0.5517496434308654,0.05,2016,366,366,1.0,12.319978142076502,15.594,2.8527857142857145,309.2103644688645,45.0,23.0,strictly prior MUR days at the same source pixel
Salt Point,38.5649,-123.329,38.56,-123.33,0.5517496434308654,0.05,2017,365,365,1.0,12.159923287671232,15.9,2.3984857142857137,230.5180857142857,57.0,20.0,strictly prior MUR days at the same source pixel
Salt Point,38.5649,-123.329,38.56,-123.33,0.5517496434308654,0.05,2018,365,365,1.0,12.156602739726027,14.83,2.1763839285714286,249.808375,33.0,14.0,strictly prior MUR days at the same source pixel
Salt Point,38.5649,-123.329,38.56,-123.33,0.5517496434308654,0.05,2019,365,365,1.0,12.18991506849315,15.523,2.845866071428571,241.10305882352944,15.0,7.0,strictly prior MUR days at the same source pixel
Salt Point,38.5649,-123.329,38.56,-123.33,0.5517496434308654,0.05,2020,366,366,1.0,12.108459016393443,15.501,2.621386554621849,223.0582189542484,49.0,26.0,strictly prior MUR days at the same source pixel
Salt Point,38.5649,-123.329,38.56,-123.33,0.5517496434308654,0.05,2021,365,363,0.9945205479452055,12.051611570247935,15.855,2.8536842105263163,259.2896666666667,90.0,48.0,strictly prior MUR days at the same source pixel
Stillwater Sonoma,38.540298,-123.288803,38.54,-123.29,0.109253679514238,0.05,2002,214,214,1.0,11.765677570093455,14.139,,,,,strictly prior MUR days at the same source pixel
Stillwater Sonoma,38.540298,-123.288803,38.54,-123.29,0.109253679514238,0.05,2003,365,365,1.0,11.491180821917808,14.554,,,,,strictly prior MUR days at the same source pixel
Stillwater Sonoma,38.540298,-123.288803,38.54,-123.29,0.109253679514238,0.05,2004,366,366,1.0,11.725573770491804,16.485,4.351714285714285,197.2705,57.0,19.0,strictly prior MUR days at the same source pixel
Stillwater Sonoma,38.540298,-123.288803,38.54,-123.29,0.109253679514238,0.05,2005,365,365,1.0,12.032767123287673,13.913,3.399142857142857,264.1693333333333,53.0,27.0,strictly prior MUR days at the same source pixel
Stillwater Sonoma,38.540298,-123.288803,38.54,-123.29,0.109253679514238,0.05,2006,365,365,1.0,12.146827397260276,16.348,3.4988571428571427,244.10150000000002,84.0,43.0,strictly prior MUR days at the same source pixel
Stillwater Sonoma,38.540298,-123.288803,38.54,-123.29,0.109253679514238,0.05,2007,365,365,1.0,11.170884931506851,15.47,2.2210285714285716,84.38499999999999,34.0,11.0,strictly prior MUR days at the same source pixel
Stillwater Sonoma,38.540298,-123.288803,38.54,-123.29,0.109253679514238,0.05,2008,366,366,1.0,11.136270491803279,14.799,2.8889523809523814,126.32336666666666,49.0,34.0,strictly prior MUR days at the same source pixel
Stillwater Sonoma,38.540298,-123.288803,38.54,-123.29,0.109253679514238,0.05,2009,365,365,1.0,11.460731506849314,15.97,2.8617959183673465,151.04216666666667,43.0,23.0,strictly prior MUR days at the same source pixel
Stillwater Sonoma,38.540298,-123.288803,38.54,-123.29,0.109253679514238,0.05,2010,365,365,1.0,11.608210958904108,14.397,2.0437142857142856,157.29871428571425,4.0,3.0,strictly prior MUR days at the same source pixel
Stillwater Sonoma,38.540298,-123.288803,38.54,-123.29,0.109253679514238,0.05,2011,365,365,1.0,11.326789041095891,14.477,2.203063492063492,87.86298611111113,38.0,19.0,strictly prior MUR days at the same source pixel
Stillwater Sonoma,38.540298,-123.288803,38.54,-123.29,0.109253679514238,0.05,2012,366,366,1.0,11.207459016393441,14.313,2.2726142857142855,122.19157777777778,38.0,15.0,strictly prior MUR days at the same source pixel
Stillwater Sonoma,38.540298,-123.288803,38.54,-123.29,0.109253679514238,0.05,2013,365,365,1.0,11.120991780821917,14.48,2.3139610389610388,103.01398181818182,24.0,14.0,strictly prior MUR days at the same source pixel
Stillwater Sonoma,38.540298,-123.288803,38.54,-123.29,0.109253679514238,0.05,2014,365,365,1.0,13.162345205479452,17.901,5.194738095238094,641.6101515151515,162.0,145.0,strictly prior MUR days at the same source pixel
Stillwater Sonoma,38.540298,-123.288803,38.54,-123.29,0.109253679514238,0.05,2015,365,365,1.0,13.116238356164382,16.634,4.807736263736262,576.9597756410255,143.0,56.0,strictly prior MUR days at the same source pixel
Stillwater Sonoma,38.540298,-123.288803,38.54,-123.29,0.109253679514238,0.05,2016,366,366,1.0,12.304431693989072,15.577,2.8842448979591837,309.9550073260074,45.0,23.0,strictly prior MUR days at the same source pixel
Stillwater Sonoma,38.540298,-123.288803,38.54,-123.29,0.109253679514238,0.05,2017,365,365,1.0,12.126778082191782,15.96,2.418419047619049,224.01694285714288,53.0,17.0,strictly prior MUR days at the same source pixel
Stillwater Sonoma,38.540298,-123.288803,38.54,-123.29,0.109253679514238,0.05,2018,365,365,1.0,12.13410684931507,14.818,2.148455357142857,248.86078750000001,33.0,14.0,strictly prior MUR days at the same source pixel
Stillwater Sonoma,38.540298,-123.288803,38.54,-123.29,0.109253679514238,0.05,2019,365,365,1.0,12.167849315068494,15.431,2.8519375000000005,241.4700330882353,13.0,7.0,strictly prior MUR days at the same source pixel
Stillwater Sonoma,38.540298,-123.288803,38.54,-123.29,0.109253679514238,0.05,2020,366,366,1.0,12.130248633879782,15.505,2.6516050420168074,233.27406862745102,51.0,26.0,strictly prior MUR days at the same source pixel
Stillwater Sonoma,38.540298,-123.288803,38.54,-123.29,0.109253679514238,0.05,2021,365,363,0.9945205479452055,12.093404958677686,15.962,2.962458646616542,272.2801286549707,95.0,48.0,strictly prior MUR days at the same source pixel
Stornetta,38.93724,-123.732,38.94,-123.74,0.7569259313190313,0.05,2002,214,214,1.0,11.754742990654208,14.171,,,,,strictly prior MUR days at the same source pixel
Stornetta,38.93724,-123.732,38.94,-123.74,0.7569259313190313,0.05,2003,365,365,1.0,11.613315068493153,14.746,,,,,strictly prior MUR days at the same source pixel
Stornetta,38.93724,-123.732,38.94,-123.74,0.7569259313190313,0.05,2004,366,366,1.0,12.029207650273225,15.895,3.6824285714285705,242.5555,73.0,17.0,strictly prior MUR days at the same source pixel
Stornetta,38.93724,-123.732,38.94,-123.74,0.7569259313190313,0.05,2005,365,365,1.0,12.116649315068491,13.834,3.309428571428571,224.99283333333332,59.0,23.0,strictly prior MUR days at the same source pixel
Stornetta,38.93724,-123.732,38.94,-123.74,0.7569259313190313,0.05,2006,365,365,1.0,12.12391780821918,15.354,2.785714285714285,204.59591666666665,75.0,21.0,strictly prior MUR days at the same source pixel
Stornetta,38.93724,-123.732,38.94,-123.74,0.7569259313190313,0.05,2007,365,365,1.0,11.664413698630138,15.653,2.7989142857142855,171.54545,69.0,36.0,strictly prior MUR days at the same source pixel
Stornetta,38.93724,-123.732,38.94,-123.74,0.7569259313190313,0.05,2008,366,366,1.0,11.082166666666668,14.794,2.3543571428571433,107.71216666666669,39.0,26.0,strictly prior MUR days at the same source pixel
Stornetta,38.93724,-123.732,38.94,-123.74,0.7569259313190313,0.05,2009,365,365,1.0,11.481158904109588,15.58,2.6215510204081633,131.46435714285718,37.0,20.0,strictly prior MUR days at the same source pixel
Stornetta,38.93724,-123.732,38.94,-123.74,0.7569259313190313,0.05,2010,365,365,1.0,11.535997260273973,13.887,2.002535714285714,114.02466071428572,4.0,2.0,strictly prior MUR days at the same source pixel
Stornetta,38.93724,-123.732,38.94,-123.74,0.7569259313190313,0.05,2011,365,365,1.0,11.374594520547944,15.173,2.284206349206349,74.73474999999999,36.0,13.0,strictly prior MUR days at the same source pixel
Stornetta,38.93724,-123.732,38.94,-123.74,0.7569259313190313,0.05,2012,366,366,1.0,11.559975409836065,14.982,2.4363571428571427,170.69866666666664,80.0,24.0,strictly prior MUR days at the same source pixel
Stornetta,38.93724,-123.732,38.94,-123.74,0.7569259313190313,0.05,2013,365,365,1.0,11.68398630136986,15.804,3.031012987012988,184.68616363636363,70.0,25.0,strictly prior MUR days at the same source pixel
Stornetta,38.93724,-123.732,38.94,-123.74,0.7569259313190313,0.05,2014,365,365,1.0,13.372665753424656,17.641,4.3972976190476185,648.3079015151516,157.0,140.0,strictly prior MUR days at the same source pixel
Stornetta,38.93724,-123.732,38.94,-123.74,0.7569259313190313,0.05,2015,365,365,1.0,13.193224657534246,16.570999999999998,4.237175824175824,550.581173076923,138.0,46.0,strictly prior MUR days at the same source pixel
Stornetta,38.93724,-123.732,38.94,-123.74,0.7569259313190313,0.05,2016,366,366,1.0,12.446792349726776,15.304,2.416604395604395,297.2940989010989,33.0,18.0,strictly prior MUR days at the same source pixel
Stornetta,38.93724,-123.732,38.94,-123.74,0.7569259313190313,0.05,2017,365,365,1.0,12.316498630136985,16.076,2.338828571428572,234.25837142857145,53.0,20.0,strictly prior MUR days at the same source pixel
Stornetta,38.93724,-123.732,38.94,-123.74,0.7569259313190313,0.05,2018,365,365,1.0,12.327482191780822,15.742,2.1793660714285714,240.2812541666667,38.0,11.0,strictly prior MUR days at the same source pixel
Stornetta,38.93724,-123.732,38.94,-123.74,0.7569259313190313,0.05,2019,365,365,1.0,12.567027397260274,16.714,2.85790756302521,292.0199264705882,68.0,27.0,strictly prior MUR days at the same source pixel
Stornetta,38.93724,-123.732,38.94,-123.74,0.7569259313190313,0.05,2020,366,366,1.0,12.201918032786885,16.887999999999998,3.514547619047619,230.4237385620915,56.0,50.0,strictly prior MUR days at the same source pixel
Stornetta,38.93724,-123.732,38.94,-123.74,0.7569259313190313,0.05,2021,365,363,0.9945205479452055,11.784209366391183,14.639,2.0043233082706764,145.39985964912282,30.0,8.0,strictly prior MUR days at the same source pixel
TENERA UCSC,35.23863,-120.8955,35.24,-120.9,0.43615203959425,0.05,2002,214,214,1.0,13.655892523364487,15.321,,,,,strictly prior MUR days at the same source pixel
TENERA UCSC,35.23863,-120.8955,35.24,-120.9,0.43615203959425,0.05,2003,365,365,1.0,13.381506849315068,16.685000000000002,,,,,strictly prior MUR days at the same source pixel
TENERA UCSC,35.23863,-120.8955,35.24,-120.9,0.43615203959425,0.05,2004,366,366,1.0,13.482000000000001,17.712,3.187357142857143,215.84449999999998,55.0,30.0,strictly prior MUR days at the same source pixel
TENERA UCSC,35.23863,-120.8955,35.24,-120.9,0.43615203959425,0.05,2005,365,364,0.9972602739726028,13.408912087912086,15.842,2.5543571428571425,187.7205,16.0,10.0,strictly prior MUR days at the same source pixel
TENERA UCSC,35.23863,-120.8955,35.24,-120.9,0.43615203959425,0.05,2006,365,365,1.0,13.810838356164384,17.591,2.9861071428571435,271.25700000000006,105.0,63.0,strictly prior MUR days at the same source pixel
TENERA UCSC,35.23863,-120.8955,35.24,-120.9,0.43615203959425,0.05,2007,365,365,1.0,13.200742465753427,17.13,1.8581428571428567,83.86435,16.0,13.0,strictly prior MUR days at the same source pixel
TENERA UCSC,35.23863,-120.8955,35.24,-120.9,0.43615203959425,0.05,2008,366,366,1.0,13.317601092896176,16.773,1.8265476190476193,163.81006666666664,73.0,18.0,strictly prior MUR days at the same source pixel
TENERA UCSC,35.23863,-120.8955,35.24,-120.9,0.43615203959425,0.05,2009,365,365,1.0,13.545473972602743,16.561,2.7680816326530615,169.32261904761907,42.0,11.0,strictly prior MUR days at the same source pixel
TENERA UCSC,35.23863,-120.8955,35.24,-120.9,0.43615203959425,0.05,2010,365,365,1.0,13.241964383561646,15.984,1.4554693877551015,112.48728571428572,4.0,3.0,strictly prior MUR days at the same source pixel
TENERA UCSC,35.23863,-120.8955,35.24,-120.9,0.43615203959425,0.05,2011,365,365,1.0,13.481895890410959,16.894,1.6705555555555567,125.31851388888889,43.0,15.0,strictly prior MUR days at the same source pixel
TENERA UCSC,35.23863,-120.8955,35.24,-120.9,0.43615203959425,0.05,2012,366,366,1.0,13.601669398907104,17.954,2.7523285714285715,191.45928888888892,70.0,25.0,strictly prior MUR days at the same source pixel
TENERA UCSC,35.23863,-120.8955,35.24,-120.9,0.43615203959425,0.05,2013,365,365,1.0,13.65333424657534,16.634999999999998,2.821064935064935,176.57743636363637,36.0,10.0,strictly prior MUR days at the same source pixel
TENERA UCSC,35.23863,-120.8955,35.24,-120.9,0.43615203959425,0.05,2014,365,365,1.0,15.133347945205479,20.137,4.995726190476191,627.4458863636364,174.0,120.0,strictly prior MUR days at the same source pixel
TENERA UCSC,35.23863,-120.8955,35.24,-120.9,0.43615203959425,0.05,2015,365,365,1.0,15.634328767123288,20.374,4.503978021978023,755.2238205128206,145.0,127.0,strictly prior MUR days at the same source pixel
TENERA UCSC,35.23863,-120.8955,35.24,-120.9,0.43615203959425,0.05,2016,366,366,1.0,14.21419398907104,16.695,1.9600439560439564,232.00866666666667,31.0,7.0,strictly prior MUR days at the same source pixel
TENERA UCSC,35.23863,-120.8955,35.24,-120.9,0.43615203959425,0.05,2017,365,365,1.0,14.24519178082192,18.429,2.80267619047619,241.23436666666663,70.0,38.0,strictly prior MUR days at the same source pixel
TENERA UCSC,35.23863,-120.8955,35.24,-120.9,0.43615203959425,0.05,2018,365,365,1.0,14.47570410958904,17.921,3.259383928571429,310.5759875,93.0,31.0,strictly prior MUR days at the same source pixel
TENERA UCSC,35.23863,-120.8955,35.24,-120.9,0.43615203959425,0.05,2019,365,365,1.0,14.199772602739728,16.884,1.9410672268907558,214.31693014705877,21.0,8.0,strictly prior MUR days at the same source pixel
TENERA UCSC,35.23863,-120.8955,35.24,-120.9,0.43615203959425,0.05,2020,366,366,1.0,14.21044262295082,17.707,2.076705882352941,245.48377287581695,70.0,28.0,strictly prior MUR days at the same source pixel
TENERA UCSC,35.23863,-120.8955,35.24,-120.9,0.43615203959425,0.05,2021,365,363,0.9945205479452055,13.56978787878788,16.948,1.949593984962405,100.53307017543861,37.0,15.0,strictly prior MUR days at the same source pixel
TERRACE_DC UCSC,36.944871,-122.064289,36.94,-122.06,0.6623103125721596,0.05,2002,214,214,1.0,13.091728971962617,15.021,,,,,strictly prior MUR days at the same source pixel
TERRACE_DC UCSC,36.944871,-122.064289,36.94,-122.06,0.6623103125721596,0.05,2003,365,365,1.0,13.21347123287671,16.63,,,,,strictly prior MUR days at the same source pixel
TERRACE_DC UCSC,36.944871,-122.064289,36.94,-122.06,0.6623103125721596,0.05,2004,366,366,1.0,13.131964480874316,16.429000000000002,2.2754285714285714,166.6595,24.0,16.0,strictly prior MUR days at the same source pixel
TERRACE_DC UCSC,36.944871,-122.064289,36.94,-122.06,0.6623103125721596,0.05,2005,365,365,1.0,13.330575342465755,15.989,2.8089285714285714,220.00316666666666,27.0,6.0,strictly prior MUR days at the same source pixel
TERRACE_DC UCSC,36.944871,-122.064289,36.94,-122.06,0.6623103125721596,0.05,2006,365,365,1.0,13.545882191780823,17.341,2.4025357142857144,249.39433333333335,102.0,49.0,strictly prior MUR days at the same source pixel
TERRACE_DC UCSC,36.944871,-122.064289,36.94,-122.06,0.6623103125721596,0.05,2007,365,365,1.0,12.801542465753425,17.584,1.891657142857142,81.93764999999999,35.0,25.0,strictly prior MUR days at the same source pixel
TERRACE_DC UCSC,36.944871,-122.064289,36.94,-122.06,0.6623103125721596,0.05,2008,366,366,1.0,12.66670218579235,16.595,3.010880952380952,108.44466666666666,61.0,46.0,strictly prior MUR days at the same source pixel
TERRACE_DC UCSC,36.944871,-122.064289,36.94,-122.06,0.6623103125721596,0.05,2009,365,365,1.0,12.983249315068495,16.673000000000002,2.8141632653061217,130.46388095238092,40.0,6.0,strictly prior MUR days at the same source pixel
TERRACE_DC UCSC,36.944871,-122.064289,36.94,-122.06,0.6623103125721596,0.05,2010,365,365,1.0,13.088898630136987,15.486,1.3536530612244897,139.50739285714286,6.0,5.0,strictly prior MUR days at the same source pixel
TERRACE_DC UCSC,36.944871,-122.064289,36.94,-122.06,0.6623103125721596,0.05,2011,365,365,1.0,12.943890410958906,16.341,2.1320793650793646,101.51881944444446,43.0,33.0,strictly prior MUR days at the same source pixel
TERRACE_DC UCSC,36.944871,-122.064289,36.94,-122.06,0.6623103125721596,0.05,2012,366,366,1.0,13.0515,16.003,2.2041,149.95180000000005,34.0,11.0,strictly prior MUR days at the same source pixel
TERRACE_DC UCSC,36.944871,-122.064289,36.94,-122.06,0.6623103125721596,0.05,2013,365,365,1.0,12.906161643835615,16.015,1.765857142857143,81.94669999999999,31.0,6.0,strictly prior MUR days at the same source pixel
TERRACE_DC UCSC,36.944871,-122.064289,36.94,-122.06,0.6623103125721596,0.05,2014,365,365,1.0,14.630884931506847,18.474,3.3444404761904756,599.2176969696969,170.0,131.0,strictly prior MUR days at the same source pixel
TERRACE_DC UCSC,36.944871,-122.064289,36.94,-122.06,0.6623103125721596,0.05,2015,365,365,1.0,14.714495890410959,18.316,3.5460329670329664,580.6067435897436,124.0,122.0,strictly prior MUR days at the same source pixel
TERRACE_DC UCSC,36.944871,-122.064289,36.94,-122.06,0.6623103125721596,0.05,2016,366,366,1.0,13.734601092896176,16.048000000000002,2.1691020408163264,242.6884413919414,29.0,7.0,strictly prior MUR days at the same source pixel
TERRACE_DC UCSC,36.944871,-122.064289,36.94,-122.06,0.6623103125721596,0.05,2017,365,365,1.0,13.489219178082191,17.682,2.4877619047619044,166.21006666666665,51.0,39.0,strictly prior MUR days at the same source pixel
TERRACE_DC UCSC,36.944871,-122.064289,36.94,-122.06,0.6623103125721596,0.05,2018,365,365,1.0,13.710635616438354,17.174,2.7280535714285716,246.31266666666664,54.0,15.0,strictly prior MUR days at the same source pixel
TERRACE_DC UCSC,36.944871,-122.064289,36.94,-122.06,0.6623103125721596,0.05,2019,365,365,1.0,13.85881095890411,16.57,2.503446428571429,231.55451470588233,33.0,20.0,strictly prior MUR days at the same source pixel
TERRACE_DC UCSC,36.944871,-122.064289,36.94,-122.06,0.6623103125721596,0.05,2020,366,366,1.0,14.038275956284153,17.798000000000002,2.6342605042016802,334.76126470588235,81.0,21.0,strictly prior MUR days at the same source pixel
TERRACE_DC UCSC,36.944871,-122.064289,36.94,-122.06,0.6623103125721596,0.05,2021,365,363,0.9945205479452055,13.601506887052341,18.198,2.4620451127819556,205.42447076023387,80.0,60.0,strictly prior MUR days at the same source pixel
Timber Cove,38.5306,-123.277,38.53,-123.28,0.269350238188307,0.05,2002,214,214,1.0,11.777467289719628,14.14,,,,,strictly prior MUR days at the same source pixel
Timber Cove,38.5306,-123.277,38.53,-123.28,0.269350238188307,0.05,2003,365,365,1.0,11.499756164383562,14.566,,,,,strictly prior MUR days at the same source pixel
Timber Cove,38.5306,-123.277,38.53,-123.28,0.269350238188307,0.05,2004,366,366,1.0,11.726907103825136,16.491999999999997,4.359642857142856,195.36399999999998,55.0,19.0,strictly prior MUR days at the same source pixel
Timber Cove,38.5306,-123.277,38.53,-123.28,0.269350238188307,0.05,2005,365,365,1.0,12.03692602739726,13.918,3.405785714285714,264.0686666666667,50.0,27.0,strictly prior MUR days at the same source pixel
Timber Cove,38.5306,-123.277,38.53,-123.28,0.269350238188307,0.05,2006,365,365,1.0,12.155613698630138,16.295,3.4667857142857144,244.3876666666667,84.0,43.0,strictly prior MUR days at the same source pixel
Timber Cove,38.5306,-123.277,38.53,-123.28,0.269350238188307,0.05,2007,365,365,1.0,11.16707397260274,15.484,2.2258,83.44579999999999,34.0,11.0,strictly prior MUR days at the same source pixel
Timber Cove,38.5306,-123.277,38.53,-123.28,0.269350238188307,0.05,2008,366,366,1.0,11.140295081967212,14.801,2.9157619047619057,126.402,49.0,34.0,strictly prior MUR days at the same source pixel
Timber Cove,38.5306,-123.277,38.53,-123.28,0.269350238188307,0.05,2009,365,365,1.0,11.462224657534245,15.962,2.8345510204081634,150.2349761904762,43.0,23.0,strictly prior MUR days at the same source pixel
Timber Cove,38.5306,-123.277,38.53,-123.28,0.269350238188307,0.05,2010,365,365,1.0,11.609468493150688,14.403,2.0558571428571435,157.09528571428575,4.0,3.0,strictly prior MUR days at the same source pixel
Timber Cove,38.5306,-123.277,38.53,-123.28,0.269350238188307,0.05,2011,365,365,1.0,11.336950684931507,14.494,2.2224285714285714,88.90872222222222,38.0,19.0,strictly prior MUR days at the same source pixel
Timber Cove,38.5306,-123.277,38.53,-123.28,0.269350238188307,0.05,2012,366,366,1.0,11.214620218579233,14.306,2.2844999999999995,123.10195555555555,38.0,15.0,strictly prior MUR days at the same source pixel
Timber Cove,38.5306,-123.277,38.53,-123.28,0.269350238188307,0.05,2013,365,365,1.0,11.119145205479454,14.521,2.2848831168831167,101.91739090909091,23.0,14.0,strictly prior MUR days at the same source pixel
Timber Cove,38.5306,-123.277,38.53,-123.28,0.269350238188307,0.05,2014,365,365,1.0,13.164408219178082,17.902,5.177654761904762,640.8013636363636,162.0,145.0,strictly prior MUR days at the same source pixel
Timber Cove,38.5306,-123.277,38.53,-123.28,0.269350238188307,0.05,2015,365,365,1.0,13.125084931506851,16.661,4.842472527472528,578.4903974358974,142.0,56.0,strictly prior MUR days at the same source pixel
Timber Cove,38.5306,-123.277,38.53,-123.28,0.269350238188307,0.05,2016,366,366,1.0,12.308737704918032,15.588,2.8902857142857137,310.10084432234436,43.0,21.0,strictly prior MUR days at the same source pixel
Timber Cove,38.5306,-123.277,38.53,-123.28,0.269350238188307,0.05,2017,365,365,1.0,12.125630136986302,15.994,2.425314285714286,222.3722380952381,55.0,17.0,strictly prior MUR days at the same source pixel
Timber Cove,38.5306,-123.277,38.53,-123.28,0.269350238188307,0.05,2018,365,365,1.0,12.13626575342466,14.815,2.1343214285714285,248.73325833333337,34.0,14.0,strictly prior MUR days at the same source pixel
Timber Cove,38.5306,-123.277,38.53,-123.28,0.269350238188307,0.05,2019,365,365,1.0,12.16910410958904,15.415,2.8479642857142866,241.11028676470588,13.0,7.0,strictly prior MUR days at the same source pixel
Timber Cove,38.5306,-123.277,38.53,-123.28,0.269350238188307,0.05,2020,366,366,1.0,12.138724043715845,15.509,2.651084033613446,234.4760163398693,51.0,26.0,strictly prior MUR days at the same source pixel
Timber Cove,38.5306,-123.277,38.53,-123.28,0.269350238188307,0.05,2021,365,363,0.9945205479452055,12.103909090909088,15.983,2.975857142857143,273.7533187134503,94.0,48.0,strictly prior MUR days at the same source pixel
Trinidad,41.055,-124.14,41.05,-124.14,0.5559754011683372,0.05,2002,214,214,1.0,11.382509345794393,12.797,,,,,strictly prior MUR days at the same source pixel
Trinidad,41.055,-124.14,41.05,-124.14,0.5559754011683372,0.05,2003,365,365,1.0,11.614378082191779,14.679,,,,,strictly prior MUR days at the same source pixel
Trinidad,41.055,-124.14,41.05,-124.14,0.5559754011683372,0.05,2004,366,366,1.0,11.562079234972677,14.543,2.3924285714285713,155.413,54.0,30.0,strictly prior MUR days at the same source pixel
Trinidad,41.055,-124.14,41.05,-124.14,0.5559754011683372,0.05,2005,365,365,1.0,11.816813698630138,14.386,3.2849285714285714,202.4235,50.0,25.0,strictly prior MUR days at the same source pixel
Trinidad,41.055,-124.14,41.05,-124.14,0.5559754011683372,0.05,2006,365,365,1.0,11.409139726027396,14.43,2.8295,116.78233333333336,26.0,10.0,strictly prior MUR days at the same source pixel
Trinidad,41.055,-124.14,41.05,-124.14,0.5559754011683372,0.05,2007,365,365,1.0,11.291575342465753,15.796,3.266771428571429,169.80634999999998,73.0,25.0,strictly prior MUR days at the same source pixel
Trinidad,41.055,-124.14,41.05,-124.14,0.5559754011683372,0.05,2008,366,366,1.0,10.58503005464481,14.189,1.727071428571428,78.29856666666666,37.0,13.0,strictly prior MUR days at the same source pixel
Trinidad,41.055,-124.14,41.05,-124.14,0.5559754011683372,0.05,2009,365,365,1.0,11.128315068493151,15.431,3.239142857142857,151.11866666666666,52.0,17.0,strictly prior MUR days at the same source pixel
Trinidad,41.055,-124.14,41.05,-124.14,0.5559754011683372,0.05,2010,365,365,1.0,11.293983561643836,13.895,1.8193571428571433,138.65416071428572,18.0,10.0,strictly prior MUR days at the same source pixel
Trinidad,41.055,-124.14,41.05,-124.14,0.5559754011683372,0.05,2011,365,365,1.0,11.050342465753424,14.669,2.4162698412698407,103.22637499999999,45.0,14.0,strictly prior MUR days at the same source pixel
Trinidad,41.055,-124.14,41.05,-124.14,0.5559754011683372,0.05,2012,366,366,1.0,11.223169398907105,14.532,2.4422142857142854,140.09398888888887,28.0,13.0,strictly prior MUR days at the same source pixel
Trinidad,41.055,-124.14,41.05,-124.14,0.5559754011683372,0.05,2013,365,365,1.0,10.934109589041096,16.228,4.028207792207793,177.02096363636366,65.0,43.0,strictly prior MUR days at the same source pixel
Trinidad,41.055,-124.14,41.05,-124.14,0.5559754011683372,0.05,2014,365,365,1.0,12.435405479452056,16.036,4.603488095238094,490.38013636363644,160.0,108.0,strictly prior MUR days at the same source pixel
Trinidad,41.055,-124.14,41.05,-124.14,0.5559754011683372,0.05,2015,365,365,1.0,12.62457808219178,16.43,3.806461538461538,509.14215384615386,107.0,72.0,strictly prior MUR days at the same source pixel
Trinidad,41.055,-124.14,41.05,-124.14,0.5559754011683372,0.05,2016,366,366,1.0,12.118904371584703,15.222,3.2002959183673463,333.832738095238,41.0,35.0,strictly prior MUR days at the same source pixel
Trinidad,41.055,-124.14,41.05,-124.14,0.5559754011683372,0.05,2017,365,365,1.0,11.67651780821918,14.816,1.9591333333333336,185.61799523809523,44.0,17.0,strictly prior MUR days at the same source pixel
Trinidad,41.055,-124.14,41.05,-124.14,0.5559754011683372,0.05,2018,365,365,1.0,11.377556164383561,14.314,1.582142857142857,114.1991375,10.0,5.0,strictly prior MUR days at the same source pixel
Trinidad,41.055,-124.14,41.05,-124.14,0.5559754011683372,0.05,2019,365,365,1.0,11.86358082191781,16.63,3.5499663865546216,239.59412867647058,66.0,30.0,strictly prior MUR days at the same source pixel
Trinidad,41.055,-124.14,41.05,-124.14,0.5559754011683372,0.05,2020,366,366,1.0,11.71998087431694,16.715,3.6316269841269837,255.124022875817,69.0,43.0,strictly prior MUR days at the same source pixel
Trinidad,41.055,-124.14,41.05,-124.14,0.5559754011683372,0.05,2021,365,363,0.9945205479452055,11.103253443526171,14.858,2.0370225563909776,106.17853801169592,14.0,4.0,strictly prior MUR days at the same source pixel
UNDERWATER_ARCH VRG,33.75146,-118.4171,33.75,-118.42,0.3134377059032436,0.05,2002,214,213,0.9953271028037384,17.50604694835681,20.514,,,,,strictly prior MUR days at the same source pixel
UNDERWATER_ARCH VRG,33.75146,-118.4171,33.75,-118.42,0.3134377059032436,0.05,2003,365,365,1.0,16.93191506849315,22.147,,,,,strictly prior MUR days at the same source pixel
UNDERWATER_ARCH VRG,33.75146,-118.4171,33.75,-118.42,0.3134377059032436,0.05,2004,366,366,1.0,17.288669398907103,23.101,4.176142857142857,311.404,64.0,46.0,strictly prior MUR days at the same source pixel
UNDERWATER_ARCH VRG,33.75146,-118.4171,33.75,-118.42,0.3134377059032436,0.05,2005,365,365,1.0,16.836263013698634,21.033,1.4555000000000005,108.51266666666663,20.0,7.0,strictly prior MUR days at the same source pixel
UNDERWATER_ARCH VRG,33.75146,-118.4171,33.75,-118.42,0.3134377059032436,0.05,2006,365,364,0.9972602739726028,17.36760989010989,23.263,2.9717142857142873,289.7370833333333,70.0,67.0,strictly prior MUR days at the same source pixel
UNDERWATER_ARCH VRG,33.75146,-118.4171,33.75,-118.42,0.3134377059032436,0.05,2007,365,364,0.9972602739726028,16.856002747252745,21.991,1.6481999999999997,103.79125000000002,60.0,37.0,strictly prior MUR days at the same source pixel
UNDERWATER_ARCH VRG,33.75146,-118.4171,33.75,-118.42,0.3134377059032436,0.05,2008,366,366,1.0,17.168371584699454,22.188,2.7501666666666673,187.38213333333334,58.0,19.0,strictly prior MUR days at the same source pixel
UNDERWATER_ARCH VRG,33.75146,-118.4171,33.75,-118.42,0.3134377059032436,0.05,2009,365,365,1.0,17.276249315068494,22.364,2.228367346938776,184.84335714285717,53.0,30.0,strictly prior MUR days at the same source pixel
UNDERWATER_ARCH VRG,33.75146,-118.4171,33.75,-118.42,0.3134377059032436,0.05,2010,365,365,1.0,16.44433424657534,19.729,1.2284081632653068,81.24919642857142,0.0,0.0,strictly prior MUR days at the same source pixel
UNDERWATER_ARCH VRG,33.75146,-118.4171,33.75,-118.42,0.3134377059032436,0.05,2011,365,365,1.0,16.558619178082193,20.622,1.6050535714285719,60.52327777777781,2.0,2.0,strictly prior MUR days at the same source pixel
UNDERWATER_ARCH VRG,33.75146,-118.4171,33.75,-118.42,0.3134377059032436,0.05,2012,366,366,1.0,17.266051912568305,22.036,2.3312714285714287,245.5675666666667,66.0,43.0,strictly prior MUR days at the same source pixel
UNDERWATER_ARCH VRG,33.75146,-118.4171,33.75,-118.42,0.3134377059032436,0.05,2013,365,365,1.0,17.200249315068493,21.121,2.361246753246754,189.32639090909092,27.0,10.0,strictly prior MUR days at the same source pixel
UNDERWATER_ARCH VRG,33.75146,-118.4171,33.75,-118.42,0.3134377059032436,0.05,2014,365,365,1.0,18.560186301369864,22.835,3.239273809523809,588.9693106060606,125.0,79.0,strictly prior MUR days at the same source pixel
UNDERWATER_ARCH VRG,33.75146,-118.4171,33.75,-118.42,0.3134377059032436,0.05,2015,365,365,1.0,18.93592054794521,23.882,4.188934065934066,680.4865756410256,116.0,112.0,strictly prior MUR days at the same source pixel
UNDERWATER_ARCH VRG,33.75146,-118.4171,33.75,-118.42,0.3134377059032436,0.05,2016,366,366,1.0,18.070234972677596,23.16,2.3257216117216126,327.8277081252081,72.0,56.0,strictly prior MUR days at the same source pixel
UNDERWATER_ARCH VRG,33.75146,-118.4171,33.75,-118.42,0.3134377059032436,0.05,2017,365,365,1.0,17.845890410958905,22.826,2.13267619047619,237.1304071428571,60.0,39.0,strictly prior MUR days at the same source pixel
UNDERWATER_ARCH VRG,33.75146,-118.4171,33.75,-118.42,0.3134377059032436,0.05,2018,365,365,1.0,18.12945205479452,23.837,3.1122053571428574,329.73736410256413,75.0,74.0,strictly prior MUR days at the same source pixel
UNDERWATER_ARCH VRG,33.75146,-118.4171,33.75,-118.42,0.3134377059032436,0.05,2019,365,365,1.0,17.653180821917807,22.59,1.8625882352941174,178.01197058823527,57.0,41.0,strictly prior MUR days at the same source pixel
UNDERWATER_ARCH VRG,33.75146,-118.4171,33.75,-118.42,0.3134377059032436,0.05,2020,366,366,1.0,17.717420765027324,23.27,2.8196134453781503,242.78392320261437,34.0,13.0,strictly prior MUR days at the same source pixel
UNDERWATER_ARCH VRG,33.75146,-118.4171,33.75,-118.42,0.3134377059032436,0.05,2021,365,363,0.9945205479452055,17.033347107438015,21.361,1.4421984126984129,63.076163742690056,10.0,8.0,strictly prior MUR days at the same source pixel
Van Damme,39.271915,-123.795914,39.27,-123.8,0.4111693013781872,0.05,2002,214,214,1.0,11.670275700934582,13.936,,,,,strictly prior MUR days at the same source pixel
Van Damme,39.271915,-123.795914,39.27,-123.8,0.4111693013781872,0.05,2003,365,365,1.0,11.578378082191781,14.569,,,,,strictly prior MUR days at the same source pixel
Van Damme,39.271915,-123.795914,39.27,-123.8,0.4111693013781872,0.05,2004,366,366,1.0,11.949808743169399,15.929,3.4332857142857143,245.87099999999998,78.0,39.0,strictly prior MUR days at the same source pixel
Van Damme,39.271915,-123.795914,39.27,-123.8,0.4111693013781872,0.05,2005,365,365,1.0,11.980057534246574,13.501,2.962928571428571,210.58283333333333,55.0,18.0,strictly prior MUR days at the same source pixel
Van Damme,39.271915,-123.795914,39.27,-123.8,0.4111693013781872,0.05,2006,365,365,1.0,12.062087671232877,14.313,2.7596785714285708,224.67425000000003,85.0,25.0,strictly prior MUR days at the same source pixel
Van Damme,39.271915,-123.795914,39.27,-123.8,0.4111693013781872,0.05,2007,365,365,1.0,11.532013698630136,15.63,3.138085714285715,172.42544999999998,68.0,36.0,strictly prior MUR days at the same source pixel
Van Damme,39.271915,-123.795914,39.27,-123.8,0.4111693013781872,0.05,2008,366,366,1.0,10.89018306010929,14.544,2.244761904761905,93.61586666666665,39.0,26.0,strictly prior MUR days at the same source pixel
Van Damme,39.271915,-123.795914,39.27,-123.8,0.4111693013781872,0.05,2009,365,365,1.0,11.269295890410959,15.315,2.4815918367346943,112.18857142857144,32.0,20.0,strictly prior MUR days at the same source pixel
Van Damme,39.271915,-123.795914,39.27,-123.8,0.4111693013781872,0.05,2010,365,365,1.0,11.338027397260275,13.78,1.665816326530612,122.00725,7.0,5.0,strictly prior MUR days at the same source pixel
Van Damme,39.271915,-123.795914,39.27,-123.8,0.4111693013781872,0.05,2011,365,365,1.0,11.294758904109587,14.445,1.945825396825397,85.1842777777778,24.0,10.0,strictly prior MUR days at the same source pixel
Van Damme,39.271915,-123.795914,39.27,-123.8,0.4111693013781872,0.05,2012,366,366,1.0,11.600344262295081,15.413,3.1103714285714283,203.25467777777774,82.0,45.0,strictly prior MUR days at the same source pixel
Van Damme,39.271915,-123.795914,39.27,-123.8,0.4111693013781872,0.05,2013,365,365,1.0,11.550504109589042,15.977,3.357142857142857,189.78103636363636,64.0,23.0,strictly prior MUR days at the same source pixel
Van Damme,39.271915,-123.795914,39.27,-123.8,0.4111693013781872,0.05,2014,365,365,1.0,13.23740821917808,17.363,4.127523809523811,644.0330606060605,154.0,75.0,strictly prior MUR days at the same source pixel
Van Damme,39.271915,-123.795914,39.27,-123.8,0.4111693013781872,0.05,2015,365,365,1.0,13.029419178082193,16.755,4.182956043956044,541.7843846153846,133.0,70.0,strictly prior MUR days at the same source pixel
Van Damme,39.271915,-123.795914,39.27,-123.8,0.4111693013781872,0.05,2016,366,366,1.0,12.337243169398908,15.065,2.4559120879120875,294.2480934065934,34.0,26.0,strictly prior MUR days at the same source pixel
Van Damme,39.271915,-123.795914,39.27,-123.8,0.4111693013781872,0.05,2017,365,365,1.0,12.193350684931508,16.201,2.460390476190476,239.31131904761904,56.0,20.0,strictly prior MUR days at the same source pixel
Van Damme,39.271915,-123.795914,39.27,-123.8,0.4111693013781872,0.05,2018,365,365,1.0,12.18930410958904,15.973,2.8652053571428575,240.336275,39.0,16.0,strictly prior MUR days at the same source pixel
Van Damme,39.271915,-123.795914,39.27,-123.8,0.4111693013781872,0.05,2019,365,365,1.0,12.437504109589042,16.642,2.832235294117646,289.7091580882353,69.0,27.0,strictly prior MUR days at the same source pixel
Van Damme,39.271915,-123.795914,39.27,-123.8,0.4111693013781872,0.05,2020,366,366,1.0,12.178628415300546,17.933,4.579492063492064,270.4318071895425,58.0,45.0,strictly prior MUR days at the same source pixel
Van Damme,39.271915,-123.795914,39.27,-123.8,0.4111693013781872,0.05,2021,365,363,0.9945205479452055,11.66576859504132,14.582,2.0807894736842107,140.372701754386,27.0,11.0,strictly prior MUR days at the same source pixel
WESTON_DC UCSC,36.51035,-121.9458,36.51,-121.95,0.3773794998973359,0.05,2002,214,214,1.0,13.10036448598131,14.611,,,,,strictly prior MUR days at the same source pixel
WESTON_DC UCSC,36.51035,-121.9458,36.51,-121.95,0.3773794998973359,0.05,2003,365,365,1.0,13.395389041095891,17.351,,,,,strictly prior MUR days at the same source pixel
WESTON_DC UCSC,36.51035,-121.9458,36.51,-121.95,0.3773794998973359,0.05,2004,366,366,1.0,13.13553825136612,15.876,1.7603571428571432,149.39800000000002,21.0,6.0,strictly prior MUR days at the same source pixel
WESTON_DC UCSC,36.51035,-121.9458,36.51,-121.95,0.3773794998973359,0.05,2005,365,364,0.9972602739726028,13.346587912087912,15.521,2.7767857142857144,228.27633333333335,23.0,11.0,strictly prior MUR days at the same source pixel
WESTON_DC UCSC,36.51035,-121.9458,36.51,-121.95,0.3773794998973359,0.05,2006,365,365,1.0,13.524589041095892,16.692999999999998,2.3783928571428565,233.73524999999995,109.0,59.0,strictly prior MUR days at the same source pixel
WESTON_DC UCSC,36.51035,-121.9458,36.51,-121.95,0.3773794998973359,0.05,2007,365,365,1.0,12.740734246575343,17.187,1.5739714285714292,65.46025000000002,21.0,11.0,strictly prior MUR days at the same source pixel
WESTON_DC UCSC,36.51035,-121.9458,36.51,-121.95,0.3773794998973359,0.05,2008,366,366,1.0,12.571035519125683,16.581,2.464261904761905,90.90893333333332,47.0,33.0,strictly prior MUR days at the same source pixel
WESTON_DC UCSC,36.51035,-121.9458,36.51,-121.95,0.3773794998973359,0.05,2009,365,365,1.0,12.857602739726026,15.344,2.5523877551020404,107.06047619047621,9.0,3.0,strictly prior MUR days at the same source pixel
WESTON_DC UCSC,36.51035,-121.9458,36.51,-121.95,0.3773794998973359,0.05,2010,365,365,1.0,12.990301369863012,15.24,1.427107142857143,131.12810714285715,8.0,4.0,strictly prior MUR days at the same source pixel
WESTON_DC UCSC,36.51035,-121.9458,36.51,-121.95,0.3773794998973359,0.05,2011,365,365,1.0,12.959131506849317,15.922,1.8989365079365081,95.02976388888887,38.0,24.0,strictly prior MUR days at the same source pixel
WESTON_DC UCSC,36.51035,-121.9458,36.51,-121.95,0.3773794998973359,0.05,2012,366,366,1.0,13.007202185792352,16.391,2.0258000000000003,143.3418777777778,43.0,21.0,strictly prior MUR days at the same source pixel
WESTON_DC UCSC,36.51035,-121.9458,36.51,-121.95,0.3773794998973359,0.05,2013,365,365,1.0,12.833545205479453,15.231,1.9166883116883116,84.7386,9.0,3.0,strictly prior MUR days at the same source pixel
WESTON_DC UCSC,36.51035,-121.9458,36.51,-121.95,0.3773794998973359,0.05,2014,365,365,1.0,14.60345479452055,18.074,3.4472142857142853,595.8176666666667,170.0,170.0,strictly prior MUR days at the same source pixel
WESTON_DC UCSC,36.51035,-121.9458,36.51,-121.95,0.3773794998973359,0.05,2015,365,365,1.0,14.847482191780822,18.491,3.666714285714287,639.3228717948718,141.0,134.0,strictly prior MUR days at the same source pixel
WESTON_DC UCSC,36.51035,-121.9458,36.51,-121.95,0.3773794998973359,0.05,2016,366,366,1.0,13.73220218579235,16.094,2.2409897959183676,260.1888241758242,36.0,9.0,strictly prior MUR days at the same source pixel
WESTON_DC UCSC,36.51035,-121.9458,36.51,-121.95,0.3773794998973359,0.05,2017,365,365,1.0,13.453619178082192,18.232,2.9095904761904756,157.70030952380955,45.0,35.0,strictly prior MUR days at the same source pixel
WESTON_DC UCSC,36.51035,-121.9458,36.51,-121.95,0.3773794998973359,0.05,2018,365,365,1.0,13.806531506849316,16.898,3.0172232142857136,279.48002500000007,69.0,20.0,strictly prior MUR days at the same source pixel
WESTON_DC UCSC,36.51035,-121.9458,36.51,-121.95,0.3773794998973359,0.05,2019,365,365,1.0,13.90810410958904,16.866,2.405955357142857,262.29695220588235,29.0,12.0,strictly prior MUR days at the same source pixel
WESTON_DC UCSC,36.51035,-121.9458,36.51,-121.95,0.3773794998973359,0.05,2020,366,366,1.0,13.688136612021859,16.913,2.6443613445378156,237.31438071895425,44.0,10.0,strictly prior MUR days at the same source pixel
WESTON_DC UCSC,36.51035,-121.9458,36.51,-121.95,0.3773794998973359,0.05,2021,365,363,0.9945205479452055,13.264209366391183,17.349,1.692751879699248,131.31740935672516,58.0,28.0,strictly prior MUR days at the same source pixel
WESTON_UC UCSC,36.51261,-121.9488,36.51,-121.95,0.3094009031879615,0.05,2002,214,214,1.0,13.10036448598131,14.611,,,,,strictly prior MUR days at the same source pixel
WESTON_UC UCSC,36.51261,-121.9488,36.51,-121.95,0.3094009031879615,0.05,2003,365,365,1.0,13.395389041095891,17.351,,,,,strictly prior MUR days at the same source pixel
WESTON_UC UCSC,36.51261,-121.9488,36.51,-121.95,0.3094009031879615,0.05,2004,366,366,1.0,13.13553825136612,15.876,1.7603571428571432,149.39800000000002,21.0,6.0,strictly prior MUR days at the same source pixel
WESTON_UC UCSC,36.51261,-121.9488,36.51,-121.95,0.3094009031879615,0.05,2005,365,364,0.9972602739726028,13.346587912087912,15.521,2.7767857142857144,228.27633333333335,23.0,11.0,strictly prior MUR days at the same source pixel
WESTON_UC UCSC,36.51261,-121.9488,36.51,-121.95,0.3094009031879615,0.05,2006,365,365,1.0,13.524589041095892,16.692999999999998,2.3783928571428565,233.73524999999995,109.0,59.0,strictly prior MUR days at the same source pixel
WESTON_UC UCSC,36.51261,-121.9488,36.51,-121.95,0.3094009031879615,0.05,2007,365,365,1.0,12.740734246575343,17.187,1.5739714285714292,65.46025000000002,21.0,11.0,strictly prior MUR days at the same source pixel
WESTON_UC UCSC,36.51261,-121.9488,36.51,-121.95,0.3094009031879615,0.05,2008,366,366,1.0,12.571035519125683,16.581,2.464261904761905,90.90893333333332,47.0,33.0,strictly prior MUR days at the same source pixel
WESTON_UC UCSC,36.51261,-121.9488,36.51,-121.95,0.3094009031879615,0.05,2009,365,365,1.0,12.857602739726026,15.344,2.5523877551020404,107.06047619047621,9.0,3.0,strictly prior MUR days at the same source pixel
WESTON_UC UCSC,36.51261,-121.9488,36.51,-121.95,0.3094009031879615,0.05,2010,365,365,1.0,12.990301369863012,15.24,1.427107142857143,131.12810714285715,8.0,4.0,strictly prior MUR days at the same source pixel
WESTON_UC UCSC,36.51261,-121.9488,36.51,-121.95,0.3094009031879615,0.05,2011,365,365,1.0,12.959131506849317,15.922,1.8989365079365081,95.02976388888887,38.0,24.0,strictly prior MUR days at the same source pixel
WESTON_UC UCSC,36.51261,-121.9488,36.51,-121.95,0.3094009031879615,0.05,2012,366,366,1.0,13.007202185792352,16.391,2.0258000000000003,143.3418777777778,43.0,21.0,strictly prior MUR days at the same source pixel
WESTON_UC UCSC,36.51261,-121.9488,36.51,-121.95,0.3094009031879615,0.05,2013,365,365,1.0,12.833545205479453,15.231,1.9166883116883116,84.7386,9.0,3.0,strictly prior MUR days at the same source pixel
WESTON_UC UCSC,36.51261,-121.9488,36.51,-121.95,0.3094009031879615,0.05,2014,365,365,1.0,14.60345479452055,18.074,3.4472142857142853,595.8176666666667,170.0,170.0,strictly prior MUR days at the same source pixel
WESTON_UC UCSC,36.51261,-121.9488,36.51,-121.95,0.3094009031879615,0.05,2015,365,365,1.0,14.847482191780822,18.491,3.666714285714287,639.3228717948718,141.0,134.0,strictly prior MUR days at the same source pixel
WESTON_UC UCSC,36.51261,-121.9488,36.51,-121.95,0.3094009031879615,0.05,2016,366,366,1.0,13.73220218579235,16.094,2.2409897959183676,260.1888241758242,36.0,9.0,strictly prior MUR days at the same source pixel
WESTON_UC UCSC,36.51261,-121.9488,36.51,-121.95,0.3094009031879615,0.05,2017,365,365,1.0,13.453619178082192,18.232,2.9095904761904756,157.70030952380955,45.0,35.0,strictly prior MUR days at the same source pixel
WESTON_UC UCSC,36.51261,-121.9488,36.51,-121.95,0.3094009031879615,0.05,2018,365,365,1.0,13.806531506849316,16.898,3.0172232142857136,279.48002500000007,69.0,20.0,strictly prior MUR days at the same source pixel
WESTON_UC UCSC,36.51261,-121.9488,36.51,-121.95,0.3094009031879615,0.05,2019,365,365,1.0,13.90810410958904,16.866,2.405955357142857,262.29695220588235,29.0,12.0,strictly prior MUR days at the same source pixel
WESTON_UC UCSC,36.51261,-121.9488,36.51,-121.95,0.3094009031879615,0.05,2020,366,366,1.0,13.688136612021859,16.913,2.6443613445378156,237.31438071895425,44.0,10.0,strictly prior MUR days at the same source pixel
WESTON_UC UCSC,36.51261,-121.9488,36.51,-121.95,0.3094009031879615,0.05,2021,365,363,0.9945205479452055,13.264209366391183,17.349,1.692751879699248,131.31740935672516,58.0,28.0,strictly prior MUR days at the same source pixel
WHITES_POINT VRG,33.71588,-118.3253,33.72,-118.33,0.631540634246658,0.05,2002,214,213,0.9953271028037384,17.463187793427227,20.481,,,,,strictly prior MUR days at the same source pixel
WHITES_POINT VRG,33.71588,-118.3253,33.72,-118.33,0.631540634246658,0.05,2003,365,365,1.0,16.870035616438358,22.061,,,,,strictly prior MUR days at the same source pixel
WHITES_POINT VRG,33.71588,-118.3253,33.72,-118.33,0.631540634246658,0.05,2004,366,366,1.0,17.238849726775957,22.787,4.119357142857143,318.3235000000001,59.0,45.0,strictly prior MUR days at the same source pixel
WHITES_POINT VRG,33.71588,-118.3253,33.72,-118.33,0.631540634246658,0.05,2005,365,365,1.0,16.744920547945206,21.196,1.6703571428571429,108.29166666666666,16.0,5.0,strictly prior MUR days at the same source pixel
WHITES_POINT VRG,33.71588,-118.3253,33.72,-118.33,0.631540634246658,0.05,2006,365,365,1.0,17.349654794520546,23.453,3.211035714285715,306.30425,72.0,68.0,strictly prior MUR days at the same source pixel
WHITES_POINT VRG,33.71588,-118.3253,33.72,-118.33,0.631540634246658,0.05,2007,365,365,1.0,16.82136164383562,22.125,1.6952000000000003,104.12599999999999,60.0,37.0,strictly prior MUR days at the same source pixel
WHITES_POINT VRG,33.71588,-118.3253,33.72,-118.33,0.631540634246658,0.05,2008,366,366,1.0,17.14949726775956,22.117,2.991571428571428,194.6628,61.0,19.0,strictly prior MUR days at the same source pixel
WHITES_POINT VRG,33.71588,-118.3253,33.72,-118.33,0.631540634246658,0.05,2009,365,365,1.0,17.284657534246573,22.449,2.3703877551020414,198.29595238095246,54.0,31.0,strictly prior MUR days at the same source pixel
WHITES_POINT VRG,33.71588,-118.3253,33.72,-118.33,0.631540634246658,0.05,2010,365,365,1.0,16.459928767123287,19.876,1.189448979591837,84.6113392857143,0.0,0.0,strictly prior MUR days at the same source pixel
WHITES_POINT VRG,33.71588,-118.3253,33.72,-118.33,0.631540634246658,0.05,2011,365,365,1.0,16.56973424657534,20.622,1.8283571428571428,65.90748611111108,1.0,1.0,strictly prior MUR days at the same source pixel
WHITES_POINT VRG,33.71588,-118.3253,33.72,-118.33,0.631540634246658,0.05,2012,366,366,1.0,17.261945355191255,22.317,2.4214714285714285,248.18236666666672,61.0,42.0,strictly prior MUR days at the same source pixel
WHITES_POINT VRG,33.71588,-118.3253,33.72,-118.33,0.631540634246658,0.05,2013,365,365,1.0,17.16991506849315,21.085,2.4720259740259745,187.79346363636367,26.0,9.0,strictly prior MUR days at the same source pixel
WHITES_POINT VRG,33.71588,-118.3253,33.72,-118.33,0.631540634246658,0.05,2014,365,365,1.0,18.501060273972602,22.819,3.0723452380952385,576.5531893939394,119.0,78.0,strictly prior MUR days at the same source pixel
WHITES_POINT VRG,33.71588,-118.3253,33.72,-118.33,0.631540634246658,0.05,2015,365,365,1.0,18.857972602739725,23.555,4.036296703296703,659.3620064102564,115.0,112.0,strictly prior MUR days at the same source pixel
WHITES_POINT VRG,33.71588,-118.3253,33.72,-118.33,0.631540634246658,0.05,2016,366,366,1.0,17.990710382513658,23.203,2.3117216117216097,313.2143424908425,74.0,57.0,strictly prior MUR days at the same source pixel
WHITES_POINT VRG,33.71588,-118.3253,33.72,-118.33,0.631540634246658,0.05,2017,365,365,1.0,17.764320547945204,22.805,1.9234857142857134,223.80909999999997,57.0,39.0,strictly prior MUR days at the same source pixel
WHITES_POINT VRG,33.71588,-118.3253,33.72,-118.33,0.631540634246658,0.05,2018,365,365,1.0,18.059087671232877,23.708,2.8260714285714283,321.6479208333333,76.0,75.0,strictly prior MUR days at the same source pixel
WHITES_POINT VRG,33.71588,-118.3253,33.72,-118.33,0.631540634246658,0.05,2019,365,365,1.0,17.546257534246575,22.534,1.8171932773109236,161.6343088235294,49.0,24.0,strictly prior MUR days at the same source pixel
WHITES_POINT VRG,33.71588,-118.3253,33.72,-118.33,0.631540634246658,0.05,2020,366,366,1.0,17.64627049180328,23.608,2.8056218487394946,241.1445833333333,30.0,13.0,strictly prior MUR days at the same source pixel
WHITES_POINT VRG,33.71588,-118.3253,33.72,-118.33,0.631540634246658,0.05,2021,365,363,0.9945205479452055,16.95708815426997,21.471,1.3582777777777786,55.56409649122806,7.0,4.0,strictly prior MUR days at the same source pixel
WHITE_ROCK_UC UCSC,35.5271,-121.0898995,35.53,-121.09,0.3225939558592496,0.05,2002,214,214,1.0,13.344514018691589,15.057,,,,,strictly prior MUR days at the same source pixel
WHITE_ROCK_UC UCSC,35.5271,-121.0898995,35.53,-121.09,0.3225939558592496,0.05,2003,365,365,1.0,13.146027397260275,16.91,,,,,strictly prior MUR days at the same source pixel
WHITE_ROCK_UC UCSC,35.5271,-121.0898995,35.53,-121.09,0.3225939558592496,0.05,2004,366,366,1.0,13.291180327868853,17.127,2.986785714285713,225.913,67.0,30.0,strictly prior MUR days at the same source pixel
WHITE_ROCK_UC UCSC,35.5271,-121.0898995,35.53,-121.09,0.3225939558592496,0.05,2005,365,365,1.0,13.226816438356165,15.763,2.595214285714287,193.7275,19.0,18.0,strictly prior MUR days at the same source pixel
WHITE_ROCK_UC UCSC,35.5271,-121.0898995,35.53,-121.09,0.3225939558592496,0.05,2006,365,365,1.0,13.706435616438354,17.472,2.841285714285714,303.98325,110.0,50.0,strictly prior MUR days at the same source pixel
WHITE_ROCK_UC UCSC,35.5271,-121.0898995,35.53,-121.09,0.3225939558592496,0.05,2007,365,365,1.0,12.954282191780822,16.509,1.9276285714285717,84.4416,17.0,12.0,strictly prior MUR days at the same source pixel
WHITE_ROCK_UC UCSC,35.5271,-121.0898995,35.53,-121.09,0.3225939558592496,0.05,2008,366,366,1.0,13.073997267759562,17.023,1.9766190476190477,166.34713333333332,73.0,38.0,strictly prior MUR days at the same source pixel
WHITE_ROCK_UC UCSC,35.5271,-121.0898995,35.53,-121.09,0.3225939558592496,0.05,2009,365,365,1.0,13.36742191780822,16.488,2.963,178.66821428571427,35.0,8.0,strictly prior MUR days at the same source pixel
WHITE_ROCK_UC UCSC,35.5271,-121.0898995,35.53,-121.09,0.3225939558592496,0.05,2010,365,365,1.0,13.176443835616439,15.708,1.3991632653061228,128.05739285714284,3.0,2.0,strictly prior MUR days at the same source pixel
WHITE_ROCK_UC UCSC,35.5271,-121.0898995,35.53,-121.09,0.3225939558592496,0.05,2011,365,365,1.0,13.355057534246576,16.576,1.7318392857142855,135.72991666666667,49.0,15.0,strictly prior MUR days at the same source pixel
WHITE_ROCK_UC UCSC,35.5271,-121.0898995,35.53,-121.09,0.3225939558592496,0.05,2012,366,366,1.0,13.415948087431694,17.394,2.500914285714285,190.0710111111111,66.0,27.0,strictly prior MUR days at the same source pixel
WHITE_ROCK_UC UCSC,35.5271,-121.0898995,35.53,-121.09,0.3225939558592496,0.05,2013,365,365,1.0,13.428134246575343,16.411,3.354649350649351,164.82682727272726,45.0,18.0,strictly prior MUR days at the same source pixel
WHITE_ROCK_UC UCSC,35.5271,-121.0898995,35.53,-121.09,0.3225939558592496,0.05,2014,365,365,1.0,15.02548219178082,19.177,4.164607142857142,660.466287878788,175.0,175.0,strictly prior MUR days at the same source pixel
WHITE_ROCK_UC UCSC,35.5271,-121.0898995,35.53,-121.09,0.3225939558592496,0.05,2015,365,365,1.0,15.423334246575342,19.786,4.298967032967032,744.0911923076924,152.0,135.0,strictly prior MUR days at the same source pixel
WHITE_ROCK_UC UCSC,35.5271,-121.0898995,35.53,-121.09,0.3225939558592496,0.05,2016,366,366,1.0,14.063557377049179,16.901,2.6364395604395616,249.66073626373623,26.0,8.0,strictly prior MUR days at the same source pixel
WHITE_ROCK_UC UCSC,35.5271,-121.0898995,35.53,-121.09,0.3225939558592496,0.05,2017,365,365,1.0,14.03158904109589,18.491,3.1036571428571436,229.94475238095242,61.0,37.0,strictly prior MUR days at the same source pixel
WHITE_ROCK_UC UCSC,35.5271,-121.0898995,35.53,-121.09,0.3225939558592496,0.05,2018,365,365,1.0,14.257671232876715,17.78,3.0999285714285705,302.48371249999997,79.0,28.0,strictly prior MUR days at the same source pixel
WHITE_ROCK_UC UCSC,35.5271,-121.0898995,35.53,-121.09,0.3225939558592496,0.05,2019,365,365,1.0,14.005734246575345,16.536,2.3804537815126046,218.22508823529412,17.0,5.0,strictly prior MUR days at the same source pixel
WHITE_ROCK_UC UCSC,35.5271,-121.0898995,35.53,-121.09,0.3225939558592496,0.05,2020,366,366,1.0,14.018942622950822,17.349,2.2206031746031756,234.09464215686276,64.0,26.0,strictly prior MUR days at the same source pixel
WHITE_ROCK_UC UCSC,35.5271,-121.0898995,35.53,-121.09,0.3225939558592496,0.05,2021,365,363,0.9945205479452055,13.49205785123967,17.573999999999998,2.021857142857143,119.1101461988304,46.0,21.0,strictly prior MUR days at the same source pixel
