domain,model_family,feature_set,budget_fraction,year,n_candidates,selected_n,events,true_positives,precision,recall
full_oisst_domain,logistic,current_only,0.05,2005,312,16,186,14,0.875,0.07526881720430108
full_oisst_domain,logistic,current_only,0.05,2006,285,15,54,11,0.7333333333333333,0.2037037037037037
full_oisst_domain,logistic,current_only,0.05,2007,328,17,94,12,0.7058823529411765,0.1276595744680851
full_oisst_domain,logistic,current_only,0.05,2008,331,17,95,13,0.7647058823529411,0.1368421052631579
full_oisst_domain,logistic,current_only,0.05,2009,341,18,163,11,0.6111111111111112,0.06748466257668712
full_oisst_domain,logistic,current_only,0.05,2010,328,17,162,16,0.9411764705882353,0.09876543209876543
full_oisst_domain,logistic,current_only,0.05,2011,280,14,109,11,0.7857142857142857,0.10091743119266056
full_oisst_domain,logistic,current_only,0.05,2012,290,15,63,13,0.8666666666666667,0.20634920634920634
full_oisst_domain,logistic,current_only,0.05,2013,335,17,213,13,0.7647058823529411,0.06103286384976526
full_oisst_domain,logistic,current_only,0.05,2014,293,15,116,11,0.7333333333333333,0.09482758620689655
full_oisst_domain,logistic,current_only,0.05,2015,253,13,123,10,0.7692307692307693,0.08130081300813008
full_oisst_domain,logistic,current_only,0.05,2016,232,12,80,8,0.6666666666666666,0.1
full_oisst_domain,logistic,current_only,0.05,2017,251,13,49,6,0.46153846153846156,0.12244897959183673
full_oisst_domain,logistic,current_only,0.05,2018,277,14,208,12,0.8571428571428571,0.057692307692307696
full_oisst_domain,logistic,current_only,0.05,2019,199,10,63,5,0.5,0.07936507936507936
full_oisst_domain,logistic,current_only,0.05,2020,239,12,90,5,0.4166666666666667,0.05555555555555555
full_oisst_domain,logistic,current_only,0.05,2021,229,12,83,4,0.3333333333333333,0.04819277108433735
full_oisst_domain,logistic,current_only,0.05,2022,225,12,150,11,0.9166666666666666,0.07333333333333333
full_oisst_domain,logistic,current_only,0.05,2023,179,9,32,3,0.3333333333333333,0.09375
full_oisst_domain,logistic,current_only,0.05,2024,204,11,51,4,0.36363636363636365,0.0784313725490196
full_oisst_domain,logistic,current_only,0.1,2005,312,32,186,29,0.90625,0.15591397849462366
full_oisst_domain,logistic,current_only,0.1,2006,285,29,54,15,0.5172413793103449,0.2777777777777778
full_oisst_domain,logistic,current_only,0.1,2007,328,33,94,27,0.8181818181818182,0.2872340425531915
full_oisst_domain,logistic,current_only,0.1,2008,331,34,95,23,0.6764705882352942,0.24210526315789474
full_oisst_domain,logistic,current_only,0.1,2009,341,35,163,20,0.5714285714285714,0.12269938650306748
full_oisst_domain,logistic,current_only,0.1,2010,328,33,162,26,0.7878787878787878,0.16049382716049382
full_oisst_domain,logistic,current_only,0.1,2011,280,28,109,20,0.7142857142857143,0.1834862385321101
full_oisst_domain,logistic,current_only,0.1,2012,290,29,63,23,0.7931034482758621,0.36507936507936506
full_oisst_domain,logistic,current_only,0.1,2013,335,34,213,28,0.8235294117647058,0.13145539906103287
full_oisst_domain,logistic,current_only,0.1,2014,293,30,116,23,0.7666666666666667,0.19827586206896552
full_oisst_domain,logistic,current_only,0.1,2015,253,26,123,21,0.8076923076923077,0.17073170731707318
full_oisst_domain,logistic,current_only,0.1,2016,232,24,80,16,0.6666666666666666,0.2
full_oisst_domain,logistic,current_only,0.1,2017,251,26,49,10,0.38461538461538464,0.20408163265306123
full_oisst_domain,logistic,current_only,0.1,2018,277,28,208,26,0.9285714285714286,0.125
full_oisst_domain,logistic,current_only,0.1,2019,199,20,63,14,0.7,0.2222222222222222
full_oisst_domain,logistic,current_only,0.1,2020,239,24,90,11,0.4583333333333333,0.12222222222222222
full_oisst_domain,logistic,current_only,0.1,2021,229,23,83,10,0.43478260869565216,0.12048192771084337
full_oisst_domain,logistic,current_only,0.1,2022,225,23,150,21,0.9130434782608695,0.14
full_oisst_domain,logistic,current_only,0.1,2023,179,18,32,4,0.2222222222222222,0.125
full_oisst_domain,logistic,current_only,0.1,2024,204,21,51,5,0.23809523809523808,0.09803921568627451
full_oisst_domain,logistic,current_only,0.2,2005,312,63,186,53,0.8412698412698413,0.2849462365591398
full_oisst_domain,logistic,current_only,0.2,2006,285,57,54,27,0.47368421052631576,0.5
full_oisst_domain,logistic,current_only,0.2,2007,328,66,94,37,0.5606060606060606,0.39361702127659576
full_oisst_domain,logistic,current_only,0.2,2008,331,67,95,37,0.5522388059701493,0.3894736842105263
full_oisst_domain,logistic,current_only,0.2,2009,341,69,163,42,0.6086956521739131,0.25766871165644173
full_oisst_domain,logistic,current_only,0.2,2010,328,66,162,48,0.7272727272727273,0.2962962962962963
full_oisst_domain,logistic,current_only,0.2,2011,280,56,109,34,0.6071428571428571,0.3119266055045872
full_oisst_domain,logistic,current_only,0.2,2012,290,58,63,28,0.4827586206896552,0.4444444444444444
full_oisst_domain,logistic,current_only,0.2,2013,335,67,213,52,0.7761194029850746,0.24413145539906103
full_oisst_domain,logistic,current_only,0.2,2014,293,59,116,40,0.6779661016949152,0.3448275862068966
full_oisst_domain,logistic,current_only,0.2,2015,253,51,123,35,0.6862745098039216,0.2845528455284553
full_oisst_domain,logistic,current_only,0.2,2016,232,47,80,30,0.6382978723404256,0.375
full_oisst_domain,logistic,current_only,0.2,2017,251,51,49,12,0.23529411764705882,0.24489795918367346
full_oisst_domain,logistic,current_only,0.2,2018,277,56,208,51,0.9107142857142857,0.24519230769230768
full_oisst_domain,logistic,current_only,0.2,2019,199,40,63,24,0.6,0.38095238095238093
full_oisst_domain,logistic,current_only,0.2,2020,239,48,90,18,0.375,0.2
full_oisst_domain,logistic,current_only,0.2,2021,229,46,83,23,0.5,0.27710843373493976
full_oisst_domain,logistic,current_only,0.2,2022,225,45,150,39,0.8666666666666667,0.26
full_oisst_domain,logistic,current_only,0.2,2023,179,36,32,8,0.2222222222222222,0.25
full_oisst_domain,logistic,current_only,0.2,2024,204,41,51,10,0.24390243902439024,0.19607843137254902
full_oisst_domain,logistic,current_only,0.3,2005,312,94,186,71,0.7553191489361702,0.3817204301075269
full_oisst_domain,logistic,current_only,0.3,2006,285,86,54,31,0.36046511627906974,0.5740740740740741
full_oisst_domain,logistic,current_only,0.3,2007,328,99,94,47,0.47474747474747475,0.5
full_oisst_domain,logistic,current_only,0.3,2008,331,100,95,48,0.48,0.5052631578947369
full_oisst_domain,logistic,current_only,0.3,2009,341,103,163,65,0.6310679611650486,0.3987730061349693
full_oisst_domain,logistic,current_only,0.3,2010,328,99,162,70,0.7070707070707071,0.43209876543209874
full_oisst_domain,logistic,current_only,0.3,2011,280,84,109,44,0.5238095238095238,0.4036697247706422
full_oisst_domain,logistic,current_only,0.3,2012,290,87,63,37,0.42528735632183906,0.5873015873015873
full_oisst_domain,logistic,current_only,0.3,2013,335,101,213,80,0.7920792079207921,0.3755868544600939
full_oisst_domain,logistic,current_only,0.3,2014,293,88,116,49,0.5568181818181818,0.4224137931034483
full_oisst_domain,logistic,current_only,0.3,2015,253,76,123,46,0.6052631578947368,0.37398373983739835
full_oisst_domain,logistic,current_only,0.3,2016,232,70,80,40,0.5714285714285714,0.5
full_oisst_domain,logistic,current_only,0.3,2017,251,76,49,17,0.2236842105263158,0.3469387755102041
full_oisst_domain,logistic,current_only,0.3,2018,277,84,208,71,0.8452380952380952,0.34134615384615385
full_oisst_domain,logistic,current_only,0.3,2019,199,60,63,29,0.48333333333333334,0.4603174603174603
full_oisst_domain,logistic,current_only,0.3,2020,239,72,90,28,0.3888888888888889,0.3111111111111111
full_oisst_domain,logistic,current_only,0.3,2021,229,69,83,34,0.4927536231884058,0.40963855421686746
full_oisst_domain,logistic,current_only,0.3,2022,225,68,150,58,0.8529411764705882,0.38666666666666666
full_oisst_domain,logistic,current_only,0.3,2023,179,54,32,11,0.2037037037037037,0.34375
full_oisst_domain,logistic,current_only,0.3,2024,204,62,51,17,0.27419354838709675,0.3333333333333333
full_oisst_domain,logistic,current_plus_trajectory,0.05,2005,312,16,186,14,0.875,0.07526881720430108
full_oisst_domain,logistic,current_plus_trajectory,0.05,2006,285,15,54,14,0.9333333333333333,0.25925925925925924
full_oisst_domain,logistic,current_plus_trajectory,0.05,2007,328,17,94,15,0.8823529411764706,0.1595744680851064
full_oisst_domain,logistic,current_plus_trajectory,0.05,2008,331,17,95,13,0.7647058823529411,0.1368421052631579
full_oisst_domain,logistic,current_plus_trajectory,0.05,2009,341,18,163,11,0.6111111111111112,0.06748466257668712
full_oisst_domain,logistic,current_plus_trajectory,0.05,2010,328,17,162,17,1.0,0.10493827160493827
full_oisst_domain,logistic,current_plus_trajectory,0.05,2011,280,14,109,9,0.6428571428571429,0.08256880733944955
full_oisst_domain,logistic,current_plus_trajectory,0.05,2012,290,15,63,13,0.8666666666666667,0.20634920634920634
full_oisst_domain,logistic,current_plus_trajectory,0.05,2013,335,17,213,14,0.8235294117647058,0.06572769953051644
full_oisst_domain,logistic,current_plus_trajectory,0.05,2014,293,15,116,12,0.8,0.10344827586206896
full_oisst_domain,logistic,current_plus_trajectory,0.05,2015,253,13,123,11,0.8461538461538461,0.08943089430894309
full_oisst_domain,logistic,current_plus_trajectory,0.05,2016,232,12,80,7,0.5833333333333334,0.0875
full_oisst_domain,logistic,current_plus_trajectory,0.05,2017,251,13,49,7,0.5384615384615384,0.14285714285714285
full_oisst_domain,logistic,current_plus_trajectory,0.05,2018,277,14,208,14,1.0,0.0673076923076923
full_oisst_domain,logistic,current_plus_trajectory,0.05,2019,199,10,63,7,0.7,0.1111111111111111
full_oisst_domain,logistic,current_plus_trajectory,0.05,2020,239,12,90,7,0.5833333333333334,0.07777777777777778
full_oisst_domain,logistic,current_plus_trajectory,0.05,2021,229,12,83,6,0.5,0.07228915662650602
full_oisst_domain,logistic,current_plus_trajectory,0.05,2022,225,12,150,11,0.9166666666666666,0.07333333333333333
full_oisst_domain,logistic,current_plus_trajectory,0.05,2023,179,9,32,4,0.4444444444444444,0.125
full_oisst_domain,logistic,current_plus_trajectory,0.05,2024,204,11,51,4,0.36363636363636365,0.0784313725490196
full_oisst_domain,logistic,current_plus_trajectory,0.1,2005,312,32,186,30,0.9375,0.16129032258064516
full_oisst_domain,logistic,current_plus_trajectory,0.1,2006,285,29,54,22,0.7586206896551724,0.4074074074074074
full_oisst_domain,logistic,current_plus_trajectory,0.1,2007,328,33,94,26,0.7878787878787878,0.2765957446808511
full_oisst_domain,logistic,current_plus_trajectory,0.1,2008,331,34,95,26,0.7647058823529411,0.2736842105263158
full_oisst_domain,logistic,current_plus_trajectory,0.1,2009,341,35,163,21,0.6,0.12883435582822086
full_oisst_domain,logistic,current_plus_trajectory,0.1,2010,328,33,162,29,0.8787878787878788,0.17901234567901234
full_oisst_domain,logistic,current_plus_trajectory,0.1,2011,280,28,109,18,0.6428571428571429,0.1651376146788991
full_oisst_domain,logistic,current_plus_trajectory,0.1,2012,290,29,63,22,0.7586206896551724,0.3492063492063492
full_oisst_domain,logistic,current_plus_trajectory,0.1,2013,335,34,213,27,0.7941176470588235,0.1267605633802817
full_oisst_domain,logistic,current_plus_trajectory,0.1,2014,293,30,116,25,0.8333333333333334,0.21551724137931033
full_oisst_domain,logistic,current_plus_trajectory,0.1,2015,253,26,123,20,0.7692307692307693,0.16260162601626016
full_oisst_domain,logistic,current_plus_trajectory,0.1,2016,232,24,80,17,0.7083333333333334,0.2125
full_oisst_domain,logistic,current_plus_trajectory,0.1,2017,251,26,49,11,0.4230769230769231,0.22448979591836735
full_oisst_domain,logistic,current_plus_trajectory,0.1,2018,277,28,208,26,0.9285714285714286,0.125
full_oisst_domain,logistic,current_plus_trajectory,0.1,2019,199,20,63,12,0.6,0.19047619047619047
full_oisst_domain,logistic,current_plus_trajectory,0.1,2020,239,24,90,13,0.5416666666666666,0.14444444444444443
full_oisst_domain,logistic,current_plus_trajectory,0.1,2021,229,23,83,12,0.5217391304347826,0.14457831325301204
full_oisst_domain,logistic,current_plus_trajectory,0.1,2022,225,23,150,21,0.9130434782608695,0.14
full_oisst_domain,logistic,current_plus_trajectory,0.1,2023,179,18,32,7,0.3888888888888889,0.21875
full_oisst_domain,logistic,current_plus_trajectory,0.1,2024,204,21,51,9,0.42857142857142855,0.17647058823529413
full_oisst_domain,logistic,current_plus_trajectory,0.2,2005,312,63,186,54,0.8571428571428571,0.2903225806451613
full_oisst_domain,logistic,current_plus_trajectory,0.2,2006,285,57,54,30,0.5263157894736842,0.5555555555555556
full_oisst_domain,logistic,current_plus_trajectory,0.2,2007,328,66,94,40,0.6060606060606061,0.425531914893617
full_oisst_domain,logistic,current_plus_trajectory,0.2,2008,331,67,95,38,0.5671641791044776,0.4
full_oisst_domain,logistic,current_plus_trajectory,0.2,2009,341,69,163,43,0.6231884057971014,0.26380368098159507
full_oisst_domain,logistic,current_plus_trajectory,0.2,2010,328,66,162,50,0.7575757575757576,0.30864197530864196
full_oisst_domain,logistic,current_plus_trajectory,0.2,2011,280,56,109,33,0.5892857142857143,0.30275229357798167
full_oisst_domain,logistic,current_plus_trajectory,0.2,2012,290,58,63,32,0.5517241379310345,0.5079365079365079
full_oisst_domain,logistic,current_plus_trajectory,0.2,2013,335,67,213,51,0.7611940298507462,0.23943661971830985
full_oisst_domain,logistic,current_plus_trajectory,0.2,2014,293,59,116,41,0.6949152542372882,0.35344827586206895
full_oisst_domain,logistic,current_plus_trajectory,0.2,2015,253,51,123,33,0.6470588235294118,0.2682926829268293
full_oisst_domain,logistic,current_plus_trajectory,0.2,2016,232,47,80,31,0.6595744680851063,0.3875
full_oisst_domain,logistic,current_plus_trajectory,0.2,2017,251,51,49,17,0.3333333333333333,0.3469387755102041
full_oisst_domain,logistic,current_plus_trajectory,0.2,2018,277,56,208,51,0.9107142857142857,0.24519230769230768
full_oisst_domain,logistic,current_plus_trajectory,0.2,2019,199,40,63,25,0.625,0.3968253968253968
full_oisst_domain,logistic,current_plus_trajectory,0.2,2020,239,48,90,26,0.5416666666666666,0.28888888888888886
full_oisst_domain,logistic,current_plus_trajectory,0.2,2021,229,46,83,23,0.5,0.27710843373493976
full_oisst_domain,logistic,current_plus_trajectory,0.2,2022,225,45,150,39,0.8666666666666667,0.26
full_oisst_domain,logistic,current_plus_trajectory,0.2,2023,179,36,32,12,0.3333333333333333,0.375
full_oisst_domain,logistic,current_plus_trajectory,0.2,2024,204,41,51,16,0.3902439024390244,0.3137254901960784
full_oisst_domain,logistic,current_plus_trajectory,0.3,2005,312,94,186,73,0.776595744680851,0.3924731182795699
full_oisst_domain,logistic,current_plus_trajectory,0.3,2006,285,86,54,36,0.4186046511627907,0.6666666666666666
full_oisst_domain,logistic,current_plus_trajectory,0.3,2007,328,99,94,47,0.47474747474747475,0.5
full_oisst_domain,logistic,current_plus_trajectory,0.3,2008,331,100,95,43,0.43,0.45263157894736844
full_oisst_domain,logistic,current_plus_trajectory,0.3,2009,341,103,163,64,0.6213592233009708,0.39263803680981596
full_oisst_domain,logistic,current_plus_trajectory,0.3,2010,328,99,162,73,0.7373737373737373,0.4506172839506173
full_oisst_domain,logistic,current_plus_trajectory,0.3,2011,280,84,109,44,0.5238095238095238,0.4036697247706422
full_oisst_domain,logistic,current_plus_trajectory,0.3,2012,290,87,63,36,0.41379310344827586,0.5714285714285714
full_oisst_domain,logistic,current_plus_trajectory,0.3,2013,335,101,213,78,0.7722772277227723,0.36619718309859156
full_oisst_domain,logistic,current_plus_trajectory,0.3,2014,293,88,116,49,0.5568181818181818,0.4224137931034483
full_oisst_domain,logistic,current_plus_trajectory,0.3,2015,253,76,123,44,0.5789473684210527,0.35772357723577236
full_oisst_domain,logistic,current_plus_trajectory,0.3,2016,232,70,80,45,0.6428571428571429,0.5625
full_oisst_domain,logistic,current_plus_trajectory,0.3,2017,251,76,49,21,0.27631578947368424,0.42857142857142855
full_oisst_domain,logistic,current_plus_trajectory,0.3,2018,277,84,208,77,0.9166666666666666,0.3701923076923077
full_oisst_domain,logistic,current_plus_trajectory,0.3,2019,199,60,63,35,0.5833333333333334,0.5555555555555556
full_oisst_domain,logistic,current_plus_trajectory,0.3,2020,239,72,90,34,0.4722222222222222,0.37777777777777777
full_oisst_domain,logistic,current_plus_trajectory,0.3,2021,229,69,83,31,0.4492753623188406,0.37349397590361444
full_oisst_domain,logistic,current_plus_trajectory,0.3,2022,225,68,150,59,0.8676470588235294,0.3933333333333333
full_oisst_domain,logistic,current_plus_trajectory,0.3,2023,179,54,32,16,0.2962962962962963,0.5
full_oisst_domain,logistic,current_plus_trajectory,0.3,2024,204,62,51,21,0.3387096774193548,0.4117647058823529
full_oisst_domain,logistic,trajectory_plus_oisst,0.05,2005,312,16,186,14,0.875,0.07526881720430108
full_oisst_domain,logistic,trajectory_plus_oisst,0.05,2006,285,15,54,10,0.6666666666666666,0.18518518518518517
full_oisst_domain,logistic,trajectory_plus_oisst,0.05,2007,328,17,94,14,0.8235294117647058,0.14893617021276595
full_oisst_domain,logistic,trajectory_plus_oisst,0.05,2008,331,17,95,13,0.7647058823529411,0.1368421052631579
full_oisst_domain,logistic,trajectory_plus_oisst,0.05,2009,341,18,163,11,0.6111111111111112,0.06748466257668712
full_oisst_domain,logistic,trajectory_plus_oisst,0.05,2010,328,17,162,17,1.0,0.10493827160493827
full_oisst_domain,logistic,trajectory_plus_oisst,0.05,2011,280,14,109,11,0.7857142857142857,0.10091743119266056
full_oisst_domain,logistic,trajectory_plus_oisst,0.05,2012,290,15,63,13,0.8666666666666667,0.20634920634920634
full_oisst_domain,logistic,trajectory_plus_oisst,0.05,2013,335,17,213,13,0.7647058823529411,0.06103286384976526
full_oisst_domain,logistic,trajectory_plus_oisst,0.05,2014,293,15,116,11,0.7333333333333333,0.09482758620689655
full_oisst_domain,logistic,trajectory_plus_oisst,0.05,2015,253,13,123,12,0.9230769230769231,0.0975609756097561
full_oisst_domain,logistic,trajectory_plus_oisst,0.05,2016,232,12,80,8,0.6666666666666666,0.1
full_oisst_domain,logistic,trajectory_plus_oisst,0.05,2017,251,13,49,7,0.5384615384615384,0.14285714285714285
full_oisst_domain,logistic,trajectory_plus_oisst,0.05,2018,277,14,208,14,1.0,0.0673076923076923
full_oisst_domain,logistic,trajectory_plus_oisst,0.05,2019,199,10,63,5,0.5,0.07936507936507936
full_oisst_domain,logistic,trajectory_plus_oisst,0.05,2020,239,12,90,8,0.6666666666666666,0.08888888888888889
full_oisst_domain,logistic,trajectory_plus_oisst,0.05,2021,229,12,83,8,0.6666666666666666,0.0963855421686747
full_oisst_domain,logistic,trajectory_plus_oisst,0.05,2022,225,12,150,11,0.9166666666666666,0.07333333333333333
full_oisst_domain,logistic,trajectory_plus_oisst,0.05,2023,179,9,32,4,0.4444444444444444,0.125
full_oisst_domain,logistic,trajectory_plus_oisst,0.05,2024,204,11,51,4,0.36363636363636365,0.0784313725490196
full_oisst_domain,logistic,trajectory_plus_oisst,0.1,2005,312,32,186,29,0.90625,0.15591397849462366
full_oisst_domain,logistic,trajectory_plus_oisst,0.1,2006,285,29,54,17,0.5862068965517241,0.3148148148148148
full_oisst_domain,logistic,trajectory_plus_oisst,0.1,2007,328,33,94,23,0.696969696969697,0.24468085106382978
full_oisst_domain,logistic,trajectory_plus_oisst,0.1,2008,331,34,95,23,0.6764705882352942,0.24210526315789474
full_oisst_domain,logistic,trajectory_plus_oisst,0.1,2009,341,35,163,21,0.6,0.12883435582822086
full_oisst_domain,logistic,trajectory_plus_oisst,0.1,2010,328,33,162,25,0.7575757575757576,0.15432098765432098
full_oisst_domain,logistic,trajectory_plus_oisst,0.1,2011,280,28,109,20,0.7142857142857143,0.1834862385321101
full_oisst_domain,logistic,trajectory_plus_oisst,0.1,2012,290,29,63,22,0.7586206896551724,0.3492063492063492
full_oisst_domain,logistic,trajectory_plus_oisst,0.1,2013,335,34,213,26,0.7647058823529411,0.12206572769953052
full_oisst_domain,logistic,trajectory_plus_oisst,0.1,2014,293,30,116,21,0.7,0.1810344827586207
full_oisst_domain,logistic,trajectory_plus_oisst,0.1,2015,253,26,123,22,0.8461538461538461,0.17886178861788618
full_oisst_domain,logistic,trajectory_plus_oisst,0.1,2016,232,24,80,16,0.6666666666666666,0.2
full_oisst_domain,logistic,trajectory_plus_oisst,0.1,2017,251,26,49,10,0.38461538461538464,0.20408163265306123
full_oisst_domain,logistic,trajectory_plus_oisst,0.1,2018,277,28,208,26,0.9285714285714286,0.125
full_oisst_domain,logistic,trajectory_plus_oisst,0.1,2019,199,20,63,9,0.45,0.14285714285714285
full_oisst_domain,logistic,trajectory_plus_oisst,0.1,2020,239,24,90,13,0.5416666666666666,0.14444444444444443
full_oisst_domain,logistic,trajectory_plus_oisst,0.1,2021,229,23,83,13,0.5652173913043478,0.1566265060240964
full_oisst_domain,logistic,trajectory_plus_oisst,0.1,2022,225,23,150,19,0.8260869565217391,0.12666666666666668
full_oisst_domain,logistic,trajectory_plus_oisst,0.1,2023,179,18,32,6,0.3333333333333333,0.1875
full_oisst_domain,logistic,trajectory_plus_oisst,0.1,2024,204,21,51,7,0.3333333333333333,0.13725490196078433
full_oisst_domain,logistic,trajectory_plus_oisst,0.2,2005,312,63,186,53,0.8412698412698413,0.2849462365591398
full_oisst_domain,logistic,trajectory_plus_oisst,0.2,2006,285,57,54,25,0.43859649122807015,0.46296296296296297
full_oisst_domain,logistic,trajectory_plus_oisst,0.2,2007,328,66,94,39,0.5909090909090909,0.4148936170212766
full_oisst_domain,logistic,trajectory_plus_oisst,0.2,2008,331,67,95,38,0.5671641791044776,0.4
full_oisst_domain,logistic,trajectory_plus_oisst,0.2,2009,341,69,163,40,0.5797101449275363,0.24539877300613497
full_oisst_domain,logistic,trajectory_plus_oisst,0.2,2010,328,66,162,43,0.6515151515151515,0.2654320987654321
full_oisst_domain,logistic,trajectory_plus_oisst,0.2,2011,280,56,109,33,0.5892857142857143,0.30275229357798167
full_oisst_domain,logistic,trajectory_plus_oisst,0.2,2012,290,58,63,29,0.5,0.4603174603174603
full_oisst_domain,logistic,trajectory_plus_oisst,0.2,2013,335,67,213,47,0.7014925373134329,0.22065727699530516
full_oisst_domain,logistic,trajectory_plus_oisst,0.2,2014,293,59,116,39,0.6610169491525424,0.33620689655172414
full_oisst_domain,logistic,trajectory_plus_oisst,0.2,2015,253,51,123,34,0.6666666666666666,0.2764227642276423
full_oisst_domain,logistic,trajectory_plus_oisst,0.2,2016,232,47,80,28,0.5957446808510638,0.35
full_oisst_domain,logistic,trajectory_plus_oisst,0.2,2017,251,51,49,17,0.3333333333333333,0.3469387755102041
full_oisst_domain,logistic,trajectory_plus_oisst,0.2,2018,277,56,208,53,0.9464285714285714,0.2548076923076923
full_oisst_domain,logistic,trajectory_plus_oisst,0.2,2019,199,40,63,23,0.575,0.36507936507936506
full_oisst_domain,logistic,trajectory_plus_oisst,0.2,2020,239,48,90,24,0.5,0.26666666666666666
full_oisst_domain,logistic,trajectory_plus_oisst,0.2,2021,229,46,83,24,0.5217391304347826,0.2891566265060241
full_oisst_domain,logistic,trajectory_plus_oisst,0.2,2022,225,45,150,36,0.8,0.24
full_oisst_domain,logistic,trajectory_plus_oisst,0.2,2023,179,36,32,13,0.3611111111111111,0.40625
full_oisst_domain,logistic,trajectory_plus_oisst,0.2,2024,204,41,51,16,0.3902439024390244,0.3137254901960784
full_oisst_domain,logistic,trajectory_plus_oisst,0.3,2005,312,94,186,71,0.7553191489361702,0.3817204301075269
full_oisst_domain,logistic,trajectory_plus_oisst,0.3,2006,285,86,54,30,0.3488372093023256,0.5555555555555556
full_oisst_domain,logistic,trajectory_plus_oisst,0.3,2007,328,99,94,45,0.45454545454545453,0.4787234042553192
full_oisst_domain,logistic,trajectory_plus_oisst,0.3,2008,331,100,95,50,0.5,0.5263157894736842
full_oisst_domain,logistic,trajectory_plus_oisst,0.3,2009,341,103,163,57,0.5533980582524272,0.3496932515337423
full_oisst_domain,logistic,trajectory_plus_oisst,0.3,2010,328,99,162,65,0.6565656565656566,0.4012345679012346
full_oisst_domain,logistic,trajectory_plus_oisst,0.3,2011,280,84,109,51,0.6071428571428571,0.46788990825688076
full_oisst_domain,logistic,trajectory_plus_oisst,0.3,2012,290,87,63,34,0.39080459770114945,0.5396825396825397
full_oisst_domain,logistic,trajectory_plus_oisst,0.3,2013,335,101,213,76,0.7524752475247525,0.3568075117370892
full_oisst_domain,logistic,trajectory_plus_oisst,0.3,2014,293,88,116,51,0.5795454545454546,0.4396551724137931
full_oisst_domain,logistic,trajectory_plus_oisst,0.3,2015,253,76,123,54,0.7105263157894737,0.43902439024390244
full_oisst_domain,logistic,trajectory_plus_oisst,0.3,2016,232,70,80,41,0.5857142857142857,0.5125
full_oisst_domain,logistic,trajectory_plus_oisst,0.3,2017,251,76,49,22,0.2894736842105263,0.4489795918367347
full_oisst_domain,logistic,trajectory_plus_oisst,0.3,2018,277,84,208,78,0.9285714285714286,0.375
full_oisst_domain,logistic,trajectory_plus_oisst,0.3,2019,199,60,63,31,0.5166666666666667,0.49206349206349204
full_oisst_domain,logistic,trajectory_plus_oisst,0.3,2020,239,72,90,31,0.4305555555555556,0.34444444444444444
full_oisst_domain,logistic,trajectory_plus_oisst,0.3,2021,229,69,83,36,0.5217391304347826,0.43373493975903615
full_oisst_domain,logistic,trajectory_plus_oisst,0.3,2022,225,68,150,56,0.8235294117647058,0.37333333333333335
full_oisst_domain,logistic,trajectory_plus_oisst,0.3,2023,179,54,32,15,0.2777777777777778,0.46875
full_oisst_domain,logistic,trajectory_plus_oisst,0.3,2024,204,62,51,20,0.3225806451612903,0.39215686274509803
full_oisst_domain,random_forest,current_only,0.05,2005,312,16,186,15,0.9375,0.08064516129032258
full_oisst_domain,random_forest,current_only,0.05,2006,285,15,54,11,0.7333333333333333,0.2037037037037037
full_oisst_domain,random_forest,current_only,0.05,2007,328,17,94,12,0.7058823529411765,0.1276595744680851
full_oisst_domain,random_forest,current_only,0.05,2008,331,17,95,9,0.5294117647058824,0.09473684210526316
full_oisst_domain,random_forest,current_only,0.05,2009,341,18,163,10,0.5555555555555556,0.06134969325153374
full_oisst_domain,random_forest,current_only,0.05,2010,328,17,162,15,0.8823529411764706,0.09259259259259259
full_oisst_domain,random_forest,current_only,0.05,2011,280,14,109,12,0.8571428571428571,0.11009174311926606
full_oisst_domain,random_forest,current_only,0.05,2012,290,15,63,14,0.9333333333333333,0.2222222222222222
full_oisst_domain,random_forest,current_only,0.05,2013,335,17,213,13,0.7647058823529411,0.06103286384976526
full_oisst_domain,random_forest,current_only,0.05,2014,293,15,116,12,0.8,0.10344827586206896
full_oisst_domain,random_forest,current_only,0.05,2015,253,13,123,11,0.8461538461538461,0.08943089430894309
full_oisst_domain,random_forest,current_only,0.05,2016,232,12,80,9,0.75,0.1125
full_oisst_domain,random_forest,current_only,0.05,2017,251,13,49,6,0.46153846153846156,0.12244897959183673
full_oisst_domain,random_forest,current_only,0.05,2018,277,14,208,11,0.7857142857142857,0.052884615384615384
full_oisst_domain,random_forest,current_only,0.05,2019,199,10,63,6,0.6,0.09523809523809523
full_oisst_domain,random_forest,current_only,0.05,2020,239,12,90,6,0.5,0.06666666666666667
full_oisst_domain,random_forest,current_only,0.05,2021,229,12,83,5,0.4166666666666667,0.060240963855421686
full_oisst_domain,random_forest,current_only,0.05,2022,225,12,150,11,0.9166666666666666,0.07333333333333333
full_oisst_domain,random_forest,current_only,0.05,2023,179,9,32,3,0.3333333333333333,0.09375
full_oisst_domain,random_forest,current_only,0.05,2024,204,11,51,4,0.36363636363636365,0.0784313725490196
full_oisst_domain,random_forest,current_only,0.1,2005,312,32,186,27,0.84375,0.14516129032258066
full_oisst_domain,random_forest,current_only,0.1,2006,285,29,54,16,0.5517241379310345,0.2962962962962963
full_oisst_domain,random_forest,current_only,0.1,2007,328,33,94,27,0.8181818181818182,0.2872340425531915
full_oisst_domain,random_forest,current_only,0.1,2008,331,34,95,22,0.6470588235294118,0.23157894736842105
full_oisst_domain,random_forest,current_only,0.1,2009,341,35,163,20,0.5714285714285714,0.12269938650306748
full_oisst_domain,random_forest,current_only,0.1,2010,328,33,162,27,0.8181818181818182,0.16666666666666666
full_oisst_domain,random_forest,current_only,0.1,2011,280,28,109,20,0.7142857142857143,0.1834862385321101
full_oisst_domain,random_forest,current_only,0.1,2012,290,29,63,22,0.7586206896551724,0.3492063492063492
full_oisst_domain,random_forest,current_only,0.1,2013,335,34,213,28,0.8235294117647058,0.13145539906103287
full_oisst_domain,random_forest,current_only,0.1,2014,293,30,116,24,0.8,0.20689655172413793
full_oisst_domain,random_forest,current_only,0.1,2015,253,26,123,20,0.7692307692307693,0.16260162601626016
full_oisst_domain,random_forest,current_only,0.1,2016,232,24,80,16,0.6666666666666666,0.2
full_oisst_domain,random_forest,current_only,0.1,2017,251,26,49,10,0.38461538461538464,0.20408163265306123
full_oisst_domain,random_forest,current_only,0.1,2018,277,28,208,25,0.8928571428571429,0.1201923076923077
full_oisst_domain,random_forest,current_only,0.1,2019,199,20,63,15,0.75,0.23809523809523808
full_oisst_domain,random_forest,current_only,0.1,2020,239,24,90,10,0.4166666666666667,0.1111111111111111
full_oisst_domain,random_forest,current_only,0.1,2021,229,23,83,10,0.43478260869565216,0.12048192771084337
full_oisst_domain,random_forest,current_only,0.1,2022,225,23,150,21,0.9130434782608695,0.14
full_oisst_domain,random_forest,current_only,0.1,2023,179,18,32,4,0.2222222222222222,0.125
full_oisst_domain,random_forest,current_only,0.1,2024,204,21,51,5,0.23809523809523808,0.09803921568627451
full_oisst_domain,random_forest,current_only,0.2,2005,312,63,186,49,0.7777777777777778,0.26344086021505375
full_oisst_domain,random_forest,current_only,0.2,2006,285,57,54,24,0.42105263157894735,0.4444444444444444
full_oisst_domain,random_forest,current_only,0.2,2007,328,66,94,39,0.5909090909090909,0.4148936170212766
full_oisst_domain,random_forest,current_only,0.2,2008,331,67,95,39,0.582089552238806,0.4105263157894737
full_oisst_domain,random_forest,current_only,0.2,2009,341,69,163,42,0.6086956521739131,0.25766871165644173
full_oisst_domain,random_forest,current_only,0.2,2010,328,66,162,49,0.7424242424242424,0.30246913580246915
full_oisst_domain,random_forest,current_only,0.2,2011,280,56,109,36,0.6428571428571429,0.3302752293577982
full_oisst_domain,random_forest,current_only,0.2,2012,290,58,63,28,0.4827586206896552,0.4444444444444444
full_oisst_domain,random_forest,current_only,0.2,2013,335,67,213,54,0.8059701492537313,0.2535211267605634
full_oisst_domain,random_forest,current_only,0.2,2014,293,59,116,39,0.6610169491525424,0.33620689655172414
full_oisst_domain,random_forest,current_only,0.2,2015,253,51,123,34,0.6666666666666666,0.2764227642276423
full_oisst_domain,random_forest,current_only,0.2,2016,232,47,80,29,0.6170212765957447,0.3625
full_oisst_domain,random_forest,current_only,0.2,2017,251,51,49,12,0.23529411764705882,0.24489795918367346
full_oisst_domain,random_forest,current_only,0.2,2018,277,56,208,51,0.9107142857142857,0.24519230769230768
full_oisst_domain,random_forest,current_only,0.2,2019,199,40,63,25,0.625,0.3968253968253968
full_oisst_domain,random_forest,current_only,0.2,2020,239,48,90,20,0.4166666666666667,0.2222222222222222
full_oisst_domain,random_forest,current_only,0.2,2021,229,46,83,22,0.4782608695652174,0.26506024096385544
full_oisst_domain,random_forest,current_only,0.2,2022,225,45,150,40,0.8888888888888888,0.26666666666666666
full_oisst_domain,random_forest,current_only,0.2,2023,179,36,32,7,0.19444444444444445,0.21875
full_oisst_domain,random_forest,current_only,0.2,2024,204,41,51,12,0.2926829268292683,0.23529411764705882
full_oisst_domain,random_forest,current_only,0.3,2005,312,94,186,72,0.7659574468085106,0.3870967741935484
full_oisst_domain,random_forest,current_only,0.3,2006,285,86,54,26,0.3023255813953488,0.48148148148148145
full_oisst_domain,random_forest,current_only,0.3,2007,328,99,94,48,0.48484848484848486,0.5106382978723404
full_oisst_domain,random_forest,current_only,0.3,2008,331,100,95,48,0.48,0.5052631578947369
full_oisst_domain,random_forest,current_only,0.3,2009,341,103,163,66,0.6407766990291263,0.4049079754601227
full_oisst_domain,random_forest,current_only,0.3,2010,328,99,162,68,0.6868686868686869,0.41975308641975306
full_oisst_domain,random_forest,current_only,0.3,2011,280,84,109,45,0.5357142857142857,0.41284403669724773
full_oisst_domain,random_forest,current_only,0.3,2012,290,87,63,35,0.40229885057471265,0.5555555555555556
full_oisst_domain,random_forest,current_only,0.3,2013,335,101,213,74,0.7326732673267327,0.3474178403755869
full_oisst_domain,random_forest,current_only,0.3,2014,293,88,116,48,0.5454545454545454,0.41379310344827586
full_oisst_domain,random_forest,current_only,0.3,2015,253,76,123,48,0.631578947368421,0.3902439024390244
full_oisst_domain,random_forest,current_only,0.3,2016,232,70,80,40,0.5714285714285714,0.5
full_oisst_domain,random_forest,current_only,0.3,2017,251,76,49,16,0.21052631578947367,0.32653061224489793
full_oisst_domain,random_forest,current_only,0.3,2018,277,84,208,71,0.8452380952380952,0.34134615384615385
full_oisst_domain,random_forest,current_only,0.3,2019,199,60,63,29,0.48333333333333334,0.4603174603174603
full_oisst_domain,random_forest,current_only,0.3,2020,239,72,90,30,0.4166666666666667,0.3333333333333333
full_oisst_domain,random_forest,current_only,0.3,2021,229,69,83,33,0.4782608695652174,0.39759036144578314
full_oisst_domain,random_forest,current_only,0.3,2022,225,68,150,59,0.8676470588235294,0.3933333333333333
full_oisst_domain,random_forest,current_only,0.3,2023,179,54,32,12,0.2222222222222222,0.375
full_oisst_domain,random_forest,current_only,0.3,2024,204,62,51,15,0.24193548387096775,0.29411764705882354
full_oisst_domain,random_forest,current_plus_trajectory,0.05,2005,312,16,186,14,0.875,0.07526881720430108
full_oisst_domain,random_forest,current_plus_trajectory,0.05,2006,285,15,54,11,0.7333333333333333,0.2037037037037037
full_oisst_domain,random_forest,current_plus_trajectory,0.05,2007,328,17,94,14,0.8235294117647058,0.14893617021276595
full_oisst_domain,random_forest,current_plus_trajectory,0.05,2008,331,17,95,12,0.7058823529411765,0.12631578947368421
full_oisst_domain,random_forest,current_plus_trajectory,0.05,2009,341,18,163,13,0.7222222222222222,0.07975460122699386
full_oisst_domain,random_forest,current_plus_trajectory,0.05,2010,328,17,162,16,0.9411764705882353,0.09876543209876543
full_oisst_domain,random_forest,current_plus_trajectory,0.05,2011,280,14,109,10,0.7142857142857143,0.09174311926605505
full_oisst_domain,random_forest,current_plus_trajectory,0.05,2012,290,15,63,13,0.8666666666666667,0.20634920634920634
full_oisst_domain,random_forest,current_plus_trajectory,0.05,2013,335,17,213,15,0.8823529411764706,0.07042253521126761
full_oisst_domain,random_forest,current_plus_trajectory,0.05,2014,293,15,116,12,0.8,0.10344827586206896
full_oisst_domain,random_forest,current_plus_trajectory,0.05,2015,253,13,123,12,0.9230769230769231,0.0975609756097561
full_oisst_domain,random_forest,current_plus_trajectory,0.05,2016,232,12,80,7,0.5833333333333334,0.0875
full_oisst_domain,random_forest,current_plus_trajectory,0.05,2017,251,13,49,7,0.5384615384615384,0.14285714285714285
full_oisst_domain,random_forest,current_plus_trajectory,0.05,2018,277,14,208,13,0.9285714285714286,0.0625
full_oisst_domain,random_forest,current_plus_trajectory,0.05,2019,199,10,63,5,0.5,0.07936507936507936
full_oisst_domain,random_forest,current_plus_trajectory,0.05,2020,239,12,90,8,0.6666666666666666,0.08888888888888889
full_oisst_domain,random_forest,current_plus_trajectory,0.05,2021,229,12,83,6,0.5,0.07228915662650602
full_oisst_domain,random_forest,current_plus_trajectory,0.05,2022,225,12,150,12,1.0,0.08
full_oisst_domain,random_forest,current_plus_trajectory,0.05,2023,179,9,32,3,0.3333333333333333,0.09375
full_oisst_domain,random_forest,current_plus_trajectory,0.05,2024,204,11,51,5,0.45454545454545453,0.09803921568627451
full_oisst_domain,random_forest,current_plus_trajectory,0.1,2005,312,32,186,29,0.90625,0.15591397849462366
full_oisst_domain,random_forest,current_plus_trajectory,0.1,2006,285,29,54,21,0.7241379310344828,0.3888888888888889
full_oisst_domain,random_forest,current_plus_trajectory,0.1,2007,328,33,94,26,0.7878787878787878,0.2765957446808511
full_oisst_domain,random_forest,current_plus_trajectory,0.1,2008,331,34,95,22,0.6470588235294118,0.23157894736842105
full_oisst_domain,random_forest,current_plus_trajectory,0.1,2009,341,35,163,22,0.6285714285714286,0.13496932515337423
full_oisst_domain,random_forest,current_plus_trajectory,0.1,2010,328,33,162,27,0.8181818181818182,0.16666666666666666
full_oisst_domain,random_forest,current_plus_trajectory,0.1,2011,280,28,109,20,0.7142857142857143,0.1834862385321101
full_oisst_domain,random_forest,current_plus_trajectory,0.1,2012,290,29,63,24,0.8275862068965517,0.38095238095238093
full_oisst_domain,random_forest,current_plus_trajectory,0.1,2013,335,34,213,27,0.7941176470588235,0.1267605633802817
full_oisst_domain,random_forest,current_plus_trajectory,0.1,2014,293,30,116,24,0.8,0.20689655172413793
full_oisst_domain,random_forest,current_plus_trajectory,0.1,2015,253,26,123,19,0.7307692307692307,0.15447154471544716
full_oisst_domain,random_forest,current_plus_trajectory,0.1,2016,232,24,80,18,0.75,0.225
full_oisst_domain,random_forest,current_plus_trajectory,0.1,2017,251,26,49,11,0.4230769230769231,0.22448979591836735
full_oisst_domain,random_forest,current_plus_trajectory,0.1,2018,277,28,208,26,0.9285714285714286,0.125
full_oisst_domain,random_forest,current_plus_trajectory,0.1,2019,199,20,63,12,0.6,0.19047619047619047
full_oisst_domain,random_forest,current_plus_trajectory,0.1,2020,239,24,90,14,0.5833333333333334,0.15555555555555556
full_oisst_domain,random_forest,current_plus_trajectory,0.1,2021,229,23,83,13,0.5652173913043478,0.1566265060240964
full_oisst_domain,random_forest,current_plus_trajectory,0.1,2022,225,23,150,21,0.9130434782608695,0.14
full_oisst_domain,random_forest,current_plus_trajectory,0.1,2023,179,18,32,7,0.3888888888888889,0.21875
full_oisst_domain,random_forest,current_plus_trajectory,0.1,2024,204,21,51,7,0.3333333333333333,0.13725490196078433
full_oisst_domain,random_forest,current_plus_trajectory,0.2,2005,312,63,186,53,0.8412698412698413,0.2849462365591398
full_oisst_domain,random_forest,current_plus_trajectory,0.2,2006,285,57,54,28,0.49122807017543857,0.5185185185185185
full_oisst_domain,random_forest,current_plus_trajectory,0.2,2007,328,66,94,40,0.6060606060606061,0.425531914893617
full_oisst_domain,random_forest,current_plus_trajectory,0.2,2008,331,67,95,39,0.582089552238806,0.4105263157894737
full_oisst_domain,random_forest,current_plus_trajectory,0.2,2009,341,69,163,42,0.6086956521739131,0.25766871165644173
full_oisst_domain,random_forest,current_plus_trajectory,0.2,2010,328,66,162,50,0.7575757575757576,0.30864197530864196
full_oisst_domain,random_forest,current_plus_trajectory,0.2,2011,280,56,109,35,0.625,0.3211009174311927
full_oisst_domain,random_forest,current_plus_trajectory,0.2,2012,290,58,63,29,0.5,0.4603174603174603
full_oisst_domain,random_forest,current_plus_trajectory,0.2,2013,335,67,213,53,0.7910447761194029,0.24882629107981222
full_oisst_domain,random_forest,current_plus_trajectory,0.2,2014,293,59,116,37,0.6271186440677966,0.31896551724137934
full_oisst_domain,random_forest,current_plus_trajectory,0.2,2015,253,51,123,35,0.6862745098039216,0.2845528455284553
full_oisst_domain,random_forest,current_plus_trajectory,0.2,2016,232,47,80,31,0.6595744680851063,0.3875
full_oisst_domain,random_forest,current_plus_trajectory,0.2,2017,251,51,49,17,0.3333333333333333,0.3469387755102041
full_oisst_domain,random_forest,current_plus_trajectory,0.2,2018,277,56,208,52,0.9285714285714286,0.25
full_oisst_domain,random_forest,current_plus_trajectory,0.2,2019,199,40,63,23,0.575,0.36507936507936506
full_oisst_domain,random_forest,current_plus_trajectory,0.2,2020,239,48,90,22,0.4583333333333333,0.24444444444444444
full_oisst_domain,random_forest,current_plus_trajectory,0.2,2021,229,46,83,21,0.45652173913043476,0.25301204819277107
full_oisst_domain,random_forest,current_plus_trajectory,0.2,2022,225,45,150,38,0.8444444444444444,0.25333333333333335
full_oisst_domain,random_forest,current_plus_trajectory,0.2,2023,179,36,32,10,0.2777777777777778,0.3125
full_oisst_domain,random_forest,current_plus_trajectory,0.2,2024,204,41,51,16,0.3902439024390244,0.3137254901960784
full_oisst_domain,random_forest,current_plus_trajectory,0.3,2005,312,94,186,72,0.7659574468085106,0.3870967741935484
full_oisst_domain,random_forest,current_plus_trajectory,0.3,2006,285,86,54,36,0.4186046511627907,0.6666666666666666
full_oisst_domain,random_forest,current_plus_trajectory,0.3,2007,328,99,94,51,0.5151515151515151,0.5425531914893617
full_oisst_domain,random_forest,current_plus_trajectory,0.3,2008,331,100,95,45,0.45,0.47368421052631576
full_oisst_domain,random_forest,current_plus_trajectory,0.3,2009,341,103,163,62,0.6019417475728155,0.3803680981595092
full_oisst_domain,random_forest,current_plus_trajectory,0.3,2010,328,99,162,73,0.7373737373737373,0.4506172839506173
full_oisst_domain,random_forest,current_plus_trajectory,0.3,2011,280,84,109,46,0.5476190476190477,0.42201834862385323
full_oisst_domain,random_forest,current_plus_trajectory,0.3,2012,290,87,63,37,0.42528735632183906,0.5873015873015873
full_oisst_domain,random_forest,current_plus_trajectory,0.3,2013,335,101,213,77,0.7623762376237624,0.3615023474178404
full_oisst_domain,random_forest,current_plus_trajectory,0.3,2014,293,88,116,50,0.5681818181818182,0.43103448275862066
full_oisst_domain,random_forest,current_plus_trajectory,0.3,2015,253,76,123,48,0.631578947368421,0.3902439024390244
full_oisst_domain,random_forest,current_plus_trajectory,0.3,2016,232,70,80,44,0.6285714285714286,0.55
full_oisst_domain,random_forest,current_plus_trajectory,0.3,2017,251,76,49,24,0.3157894736842105,0.4897959183673469
full_oisst_domain,random_forest,current_plus_trajectory,0.3,2018,277,84,208,75,0.8928571428571429,0.3605769230769231
full_oisst_domain,random_forest,current_plus_trajectory,0.3,2019,199,60,63,31,0.5166666666666667,0.49206349206349204
full_oisst_domain,random_forest,current_plus_trajectory,0.3,2020,239,72,90,36,0.5,0.4
full_oisst_domain,random_forest,current_plus_trajectory,0.3,2021,229,69,83,30,0.43478260869565216,0.3614457831325301
full_oisst_domain,random_forest,current_plus_trajectory,0.3,2022,225,68,150,59,0.8676470588235294,0.3933333333333333
full_oisst_domain,random_forest,current_plus_trajectory,0.3,2023,179,54,32,19,0.35185185185185186,0.59375
full_oisst_domain,random_forest,current_plus_trajectory,0.3,2024,204,62,51,24,0.3870967741935484,0.47058823529411764
full_oisst_domain,random_forest,trajectory_plus_oisst,0.05,2005,312,16,186,14,0.875,0.07526881720430108
full_oisst_domain,random_forest,trajectory_plus_oisst,0.05,2006,285,15,54,13,0.8666666666666667,0.24074074074074073
full_oisst_domain,random_forest,trajectory_plus_oisst,0.05,2007,328,17,94,14,0.8235294117647058,0.14893617021276595
full_oisst_domain,random_forest,trajectory_plus_oisst,0.05,2008,331,17,95,14,0.8235294117647058,0.14736842105263157
full_oisst_domain,random_forest,trajectory_plus_oisst,0.05,2009,341,18,163,11,0.6111111111111112,0.06748466257668712
full_oisst_domain,random_forest,trajectory_plus_oisst,0.05,2010,328,17,162,17,1.0,0.10493827160493827
full_oisst_domain,random_forest,trajectory_plus_oisst,0.05,2011,280,14,109,12,0.8571428571428571,0.11009174311926606
full_oisst_domain,random_forest,trajectory_plus_oisst,0.05,2012,290,15,63,13,0.8666666666666667,0.20634920634920634
full_oisst_domain,random_forest,trajectory_plus_oisst,0.05,2013,335,17,213,15,0.8823529411764706,0.07042253521126761
full_oisst_domain,random_forest,trajectory_plus_oisst,0.05,2014,293,15,116,11,0.7333333333333333,0.09482758620689655
full_oisst_domain,random_forest,trajectory_plus_oisst,0.05,2015,253,13,123,11,0.8461538461538461,0.08943089430894309
full_oisst_domain,random_forest,trajectory_plus_oisst,0.05,2016,232,12,80,8,0.6666666666666666,0.1
full_oisst_domain,random_forest,trajectory_plus_oisst,0.05,2017,251,13,49,6,0.46153846153846156,0.12244897959183673
full_oisst_domain,random_forest,trajectory_plus_oisst,0.05,2018,277,14,208,14,1.0,0.0673076923076923
full_oisst_domain,random_forest,trajectory_plus_oisst,0.05,2019,199,10,63,6,0.6,0.09523809523809523
full_oisst_domain,random_forest,trajectory_plus_oisst,0.05,2020,239,12,90,9,0.75,0.1
full_oisst_domain,random_forest,trajectory_plus_oisst,0.05,2021,229,12,83,7,0.5833333333333334,0.08433734939759036
full_oisst_domain,random_forest,trajectory_plus_oisst,0.05,2022,225,12,150,10,0.8333333333333334,0.06666666666666667
full_oisst_domain,random_forest,trajectory_plus_oisst,0.05,2023,179,9,32,4,0.4444444444444444,0.125
full_oisst_domain,random_forest,trajectory_plus_oisst,0.05,2024,204,11,51,4,0.36363636363636365,0.0784313725490196
full_oisst_domain,random_forest,trajectory_plus_oisst,0.1,2005,312,32,186,30,0.9375,0.16129032258064516
full_oisst_domain,random_forest,trajectory_plus_oisst,0.1,2006,285,29,54,21,0.7241379310344828,0.3888888888888889
full_oisst_domain,random_forest,trajectory_plus_oisst,0.1,2007,328,33,94,24,0.7272727272727273,0.2553191489361702
full_oisst_domain,random_forest,trajectory_plus_oisst,0.1,2008,331,34,95,25,0.7352941176470589,0.2631578947368421
full_oisst_domain,random_forest,trajectory_plus_oisst,0.1,2009,341,35,163,21,0.6,0.12883435582822086
full_oisst_domain,random_forest,trajectory_plus_oisst,0.1,2010,328,33,162,28,0.8484848484848485,0.1728395061728395
full_oisst_domain,random_forest,trajectory_plus_oisst,0.1,2011,280,28,109,22,0.7857142857142857,0.2018348623853211
full_oisst_domain,random_forest,trajectory_plus_oisst,0.1,2012,290,29,63,25,0.8620689655172413,0.3968253968253968
full_oisst_domain,random_forest,trajectory_plus_oisst,0.1,2013,335,34,213,29,0.8529411764705882,0.13615023474178403
full_oisst_domain,random_forest,trajectory_plus_oisst,0.1,2014,293,30,116,18,0.6,0.15517241379310345
full_oisst_domain,random_forest,trajectory_plus_oisst,0.1,2015,253,26,123,21,0.8076923076923077,0.17073170731707318
full_oisst_domain,random_forest,trajectory_plus_oisst,0.1,2016,232,24,80,17,0.7083333333333334,0.2125
full_oisst_domain,random_forest,trajectory_plus_oisst,0.1,2017,251,26,49,10,0.38461538461538464,0.20408163265306123
full_oisst_domain,random_forest,trajectory_plus_oisst,0.1,2018,277,28,208,27,0.9642857142857143,0.12980769230769232
full_oisst_domain,random_forest,trajectory_plus_oisst,0.1,2019,199,20,63,12,0.6,0.19047619047619047
full_oisst_domain,random_forest,trajectory_plus_oisst,0.1,2020,239,24,90,16,0.6666666666666666,0.17777777777777778
full_oisst_domain,random_forest,trajectory_plus_oisst,0.1,2021,229,23,83,13,0.5652173913043478,0.1566265060240964
full_oisst_domain,random_forest,trajectory_plus_oisst,0.1,2022,225,23,150,20,0.8695652173913043,0.13333333333333333
full_oisst_domain,random_forest,trajectory_plus_oisst,0.1,2023,179,18,32,8,0.4444444444444444,0.25
full_oisst_domain,random_forest,trajectory_plus_oisst,0.1,2024,204,21,51,6,0.2857142857142857,0.11764705882352941
full_oisst_domain,random_forest,trajectory_plus_oisst,0.2,2005,312,63,186,53,0.8412698412698413,0.2849462365591398
full_oisst_domain,random_forest,trajectory_plus_oisst,0.2,2006,285,57,54,26,0.45614035087719296,0.48148148148148145
full_oisst_domain,random_forest,trajectory_plus_oisst,0.2,2007,328,66,94,38,0.5757575757575758,0.40425531914893614
full_oisst_domain,random_forest,trajectory_plus_oisst,0.2,2008,331,67,95,41,0.6119402985074627,0.43157894736842106
full_oisst_domain,random_forest,trajectory_plus_oisst,0.2,2009,341,69,163,43,0.6231884057971014,0.26380368098159507
full_oisst_domain,random_forest,trajectory_plus_oisst,0.2,2010,328,66,162,47,0.7121212121212122,0.29012345679012347
full_oisst_domain,random_forest,trajectory_plus_oisst,0.2,2011,280,56,109,34,0.6071428571428571,0.3119266055045872
full_oisst_domain,random_forest,trajectory_plus_oisst,0.2,2012,290,58,63,32,0.5517241379310345,0.5079365079365079
full_oisst_domain,random_forest,trajectory_plus_oisst,0.2,2013,335,67,213,54,0.8059701492537313,0.2535211267605634
full_oisst_domain,random_forest,trajectory_plus_oisst,0.2,2014,293,59,116,33,0.559322033898305,0.28448275862068967
full_oisst_domain,random_forest,trajectory_plus_oisst,0.2,2015,253,51,123,35,0.6862745098039216,0.2845528455284553
full_oisst_domain,random_forest,trajectory_plus_oisst,0.2,2016,232,47,80,34,0.723404255319149,0.425
full_oisst_domain,random_forest,trajectory_plus_oisst,0.2,2017,251,51,49,17,0.3333333333333333,0.3469387755102041
full_oisst_domain,random_forest,trajectory_plus_oisst,0.2,2018,277,56,208,53,0.9464285714285714,0.2548076923076923
full_oisst_domain,random_forest,trajectory_plus_oisst,0.2,2019,199,40,63,24,0.6,0.38095238095238093
full_oisst_domain,random_forest,trajectory_plus_oisst,0.2,2020,239,48,90,24,0.5,0.26666666666666666
full_oisst_domain,random_forest,trajectory_plus_oisst,0.2,2021,229,46,83,25,0.5434782608695652,0.30120481927710846
full_oisst_domain,random_forest,trajectory_plus_oisst,0.2,2022,225,45,150,37,0.8222222222222222,0.24666666666666667
full_oisst_domain,random_forest,trajectory_plus_oisst,0.2,2023,179,36,32,12,0.3333333333333333,0.375
full_oisst_domain,random_forest,trajectory_plus_oisst,0.2,2024,204,41,51,16,0.3902439024390244,0.3137254901960784
full_oisst_domain,random_forest,trajectory_plus_oisst,0.3,2005,312,94,186,69,0.7340425531914894,0.3709677419354839
full_oisst_domain,random_forest,trajectory_plus_oisst,0.3,2006,285,86,54,32,0.37209302325581395,0.5925925925925926
full_oisst_domain,random_forest,trajectory_plus_oisst,0.3,2007,328,99,94,52,0.5252525252525253,0.5531914893617021
full_oisst_domain,random_forest,trajectory_plus_oisst,0.3,2008,331,100,95,45,0.45,0.47368421052631576
full_oisst_domain,random_forest,trajectory_plus_oisst,0.3,2009,341,103,163,63,0.6116504854368932,0.38650306748466257
full_oisst_domain,random_forest,trajectory_plus_oisst,0.3,2010,328,99,162,71,0.7171717171717171,0.4382716049382716
full_oisst_domain,random_forest,trajectory_plus_oisst,0.3,2011,280,84,109,46,0.5476190476190477,0.42201834862385323
full_oisst_domain,random_forest,trajectory_plus_oisst,0.3,2012,290,87,63,40,0.45977011494252873,0.6349206349206349
full_oisst_domain,random_forest,trajectory_plus_oisst,0.3,2013,335,101,213,78,0.7722772277227723,0.36619718309859156
full_oisst_domain,random_forest,trajectory_plus_oisst,0.3,2014,293,88,116,46,0.5227272727272727,0.39655172413793105
full_oisst_domain,random_forest,trajectory_plus_oisst,0.3,2015,253,76,123,49,0.6447368421052632,0.3983739837398374
full_oisst_domain,random_forest,trajectory_plus_oisst,0.3,2016,232,70,80,45,0.6428571428571429,0.5625
full_oisst_domain,random_forest,trajectory_plus_oisst,0.3,2017,251,76,49,22,0.2894736842105263,0.4489795918367347
full_oisst_domain,random_forest,trajectory_plus_oisst,0.3,2018,277,84,208,76,0.9047619047619048,0.36538461538461536
full_oisst_domain,random_forest,trajectory_plus_oisst,0.3,2019,199,60,63,33,0.55,0.5238095238095238
full_oisst_domain,random_forest,trajectory_plus_oisst,0.3,2020,239,72,90,36,0.5,0.4
full_oisst_domain,random_forest,trajectory_plus_oisst,0.3,2021,229,69,83,33,0.4782608695652174,0.39759036144578314
full_oisst_domain,random_forest,trajectory_plus_oisst,0.3,2022,225,68,150,53,0.7794117647058824,0.35333333333333333
full_oisst_domain,random_forest,trajectory_plus_oisst,0.3,2023,179,54,32,18,0.3333333333333333,0.5625
full_oisst_domain,random_forest,trajectory_plus_oisst,0.3,2024,204,62,51,25,0.4032258064516129,0.49019607843137253
full_oisst_domain,xgboost,current_only,0.05,2005,312,16,186,14,0.875,0.07526881720430108
full_oisst_domain,xgboost,current_only,0.05,2006,285,15,54,9,0.6,0.16666666666666666
full_oisst_domain,xgboost,current_only,0.05,2007,328,17,94,12,0.7058823529411765,0.1276595744680851
full_oisst_domain,xgboost,current_only,0.05,2008,331,17,95,11,0.6470588235294118,0.11578947368421053
full_oisst_domain,xgboost,current_only,0.05,2009,341,18,163,11,0.6111111111111112,0.06748466257668712
full_oisst_domain,xgboost,current_only,0.05,2010,328,17,162,16,0.9411764705882353,0.09876543209876543
full_oisst_domain,xgboost,current_only,0.05,2011,280,14,109,11,0.7857142857142857,0.10091743119266056
full_oisst_domain,xgboost,current_only,0.05,2012,290,15,63,13,0.8666666666666667,0.20634920634920634
full_oisst_domain,xgboost,current_only,0.05,2013,335,17,213,14,0.8235294117647058,0.06572769953051644
full_oisst_domain,xgboost,current_only,0.05,2014,293,15,116,13,0.8666666666666667,0.11206896551724138
full_oisst_domain,xgboost,current_only,0.05,2015,253,13,123,9,0.6923076923076923,0.07317073170731707
full_oisst_domain,xgboost,current_only,0.05,2016,232,12,80,8,0.6666666666666666,0.1
full_oisst_domain,xgboost,current_only,0.05,2017,251,13,49,6,0.46153846153846156,0.12244897959183673
full_oisst_domain,xgboost,current_only,0.05,2018,277,14,208,11,0.7857142857142857,0.052884615384615384
full_oisst_domain,xgboost,current_only,0.05,2019,199,10,63,5,0.5,0.07936507936507936
full_oisst_domain,xgboost,current_only,0.05,2020,239,12,90,7,0.5833333333333334,0.07777777777777778
full_oisst_domain,xgboost,current_only,0.05,2021,229,12,83,5,0.4166666666666667,0.060240963855421686
full_oisst_domain,xgboost,current_only,0.05,2022,225,12,150,11,0.9166666666666666,0.07333333333333333
full_oisst_domain,xgboost,current_only,0.05,2023,179,9,32,3,0.3333333333333333,0.09375
full_oisst_domain,xgboost,current_only,0.05,2024,204,11,51,4,0.36363636363636365,0.0784313725490196
full_oisst_domain,xgboost,current_only,0.1,2005,312,32,186,27,0.84375,0.14516129032258066
full_oisst_domain,xgboost,current_only,0.1,2006,285,29,54,17,0.5862068965517241,0.3148148148148148
full_oisst_domain,xgboost,current_only,0.1,2007,328,33,94,26,0.7878787878787878,0.2765957446808511
full_oisst_domain,xgboost,current_only,0.1,2008,331,34,95,23,0.6764705882352942,0.24210526315789474
full_oisst_domain,xgboost,current_only,0.1,2009,341,35,163,22,0.6285714285714286,0.13496932515337423
full_oisst_domain,xgboost,current_only,0.1,2010,328,33,162,26,0.7878787878787878,0.16049382716049382
full_oisst_domain,xgboost,current_only,0.1,2011,280,28,109,21,0.75,0.1926605504587156
full_oisst_domain,xgboost,current_only,0.1,2012,290,29,63,22,0.7586206896551724,0.3492063492063492
full_oisst_domain,xgboost,current_only,0.1,2013,335,34,213,27,0.7941176470588235,0.1267605633802817
full_oisst_domain,xgboost,current_only,0.1,2014,293,30,116,23,0.7666666666666667,0.19827586206896552
full_oisst_domain,xgboost,current_only,0.1,2015,253,26,123,20,0.7692307692307693,0.16260162601626016
full_oisst_domain,xgboost,current_only,0.1,2016,232,24,80,16,0.6666666666666666,0.2
full_oisst_domain,xgboost,current_only,0.1,2017,251,26,49,9,0.34615384615384615,0.1836734693877551
full_oisst_domain,xgboost,current_only,0.1,2018,277,28,208,24,0.8571428571428571,0.11538461538461539
full_oisst_domain,xgboost,current_only,0.1,2019,199,20,63,14,0.7,0.2222222222222222
full_oisst_domain,xgboost,current_only,0.1,2020,239,24,90,9,0.375,0.1
full_oisst_domain,xgboost,current_only,0.1,2021,229,23,83,12,0.5217391304347826,0.14457831325301204
full_oisst_domain,xgboost,current_only,0.1,2022,225,23,150,21,0.9130434782608695,0.14
full_oisst_domain,xgboost,current_only,0.1,2023,179,18,32,4,0.2222222222222222,0.125
full_oisst_domain,xgboost,current_only,0.1,2024,204,21,51,5,0.23809523809523808,0.09803921568627451
full_oisst_domain,xgboost,current_only,0.2,2005,312,63,186,49,0.7777777777777778,0.26344086021505375
full_oisst_domain,xgboost,current_only,0.2,2006,285,57,54,25,0.43859649122807015,0.46296296296296297
full_oisst_domain,xgboost,current_only,0.2,2007,328,66,94,39,0.5909090909090909,0.4148936170212766
full_oisst_domain,xgboost,current_only,0.2,2008,331,67,95,39,0.582089552238806,0.4105263157894737
full_oisst_domain,xgboost,current_only,0.2,2009,341,69,163,42,0.6086956521739131,0.25766871165644173
full_oisst_domain,xgboost,current_only,0.2,2010,328,66,162,49,0.7424242424242424,0.30246913580246915
full_oisst_domain,xgboost,current_only,0.2,2011,280,56,109,36,0.6428571428571429,0.3302752293577982
full_oisst_domain,xgboost,current_only,0.2,2012,290,58,63,28,0.4827586206896552,0.4444444444444444
full_oisst_domain,xgboost,current_only,0.2,2013,335,67,213,53,0.7910447761194029,0.24882629107981222
full_oisst_domain,xgboost,current_only,0.2,2014,293,59,116,39,0.6610169491525424,0.33620689655172414
full_oisst_domain,xgboost,current_only,0.2,2015,253,51,123,34,0.6666666666666666,0.2764227642276423
full_oisst_domain,xgboost,current_only,0.2,2016,232,47,80,27,0.574468085106383,0.3375
full_oisst_domain,xgboost,current_only,0.2,2017,251,51,49,11,0.21568627450980393,0.22448979591836735
full_oisst_domain,xgboost,current_only,0.2,2018,277,56,208,51,0.9107142857142857,0.24519230769230768
full_oisst_domain,xgboost,current_only,0.2,2019,199,40,63,25,0.625,0.3968253968253968
full_oisst_domain,xgboost,current_only,0.2,2020,239,48,90,18,0.375,0.2
full_oisst_domain,xgboost,current_only,0.2,2021,229,46,83,22,0.4782608695652174,0.26506024096385544
full_oisst_domain,xgboost,current_only,0.2,2022,225,45,150,41,0.9111111111111111,0.2733333333333333
full_oisst_domain,xgboost,current_only,0.2,2023,179,36,32,7,0.19444444444444445,0.21875
full_oisst_domain,xgboost,current_only,0.2,2024,204,41,51,10,0.24390243902439024,0.19607843137254902
full_oisst_domain,xgboost,current_only,0.3,2005,312,94,186,72,0.7659574468085106,0.3870967741935484
full_oisst_domain,xgboost,current_only,0.3,2006,285,86,54,28,0.32558139534883723,0.5185185185185185
full_oisst_domain,xgboost,current_only,0.3,2007,328,99,94,45,0.45454545454545453,0.4787234042553192
full_oisst_domain,xgboost,current_only,0.3,2008,331,100,95,49,0.49,0.5157894736842106
full_oisst_domain,xgboost,current_only,0.3,2009,341,103,163,65,0.6310679611650486,0.3987730061349693
full_oisst_domain,xgboost,current_only,0.3,2010,328,99,162,67,0.6767676767676768,0.41358024691358025
full_oisst_domain,xgboost,current_only,0.3,2011,280,84,109,46,0.5476190476190477,0.42201834862385323
full_oisst_domain,xgboost,current_only,0.3,2012,290,87,63,36,0.41379310344827586,0.5714285714285714
full_oisst_domain,xgboost,current_only,0.3,2013,335,101,213,77,0.7623762376237624,0.3615023474178404
full_oisst_domain,xgboost,current_only,0.3,2014,293,88,116,48,0.5454545454545454,0.41379310344827586
full_oisst_domain,xgboost,current_only,0.3,2015,253,76,123,48,0.631578947368421,0.3902439024390244
full_oisst_domain,xgboost,current_only,0.3,2016,232,70,80,39,0.5571428571428572,0.4875
full_oisst_domain,xgboost,current_only,0.3,2017,251,76,49,16,0.21052631578947367,0.32653061224489793
full_oisst_domain,xgboost,current_only,0.3,2018,277,84,208,71,0.8452380952380952,0.34134615384615385
full_oisst_domain,xgboost,current_only,0.3,2019,199,60,63,29,0.48333333333333334,0.4603174603174603
full_oisst_domain,xgboost,current_only,0.3,2020,239,72,90,30,0.4166666666666667,0.3333333333333333
full_oisst_domain,xgboost,current_only,0.3,2021,229,69,83,33,0.4782608695652174,0.39759036144578314
full_oisst_domain,xgboost,current_only,0.3,2022,225,68,150,59,0.8676470588235294,0.3933333333333333
full_oisst_domain,xgboost,current_only,0.3,2023,179,54,32,11,0.2037037037037037,0.34375
full_oisst_domain,xgboost,current_only,0.3,2024,204,62,51,16,0.25806451612903225,0.3137254901960784
full_oisst_domain,xgboost,current_plus_trajectory,0.05,2005,312,16,186,14,0.875,0.07526881720430108
full_oisst_domain,xgboost,current_plus_trajectory,0.05,2006,285,15,54,9,0.6,0.16666666666666666
full_oisst_domain,xgboost,current_plus_trajectory,0.05,2007,328,17,94,14,0.8235294117647058,0.14893617021276595
full_oisst_domain,xgboost,current_plus_trajectory,0.05,2008,331,17,95,10,0.5882352941176471,0.10526315789473684
full_oisst_domain,xgboost,current_plus_trajectory,0.05,2009,341,18,163,12,0.6666666666666666,0.0736196319018405
full_oisst_domain,xgboost,current_plus_trajectory,0.05,2010,328,17,162,16,0.9411764705882353,0.09876543209876543
full_oisst_domain,xgboost,current_plus_trajectory,0.05,2011,280,14,109,10,0.7142857142857143,0.09174311926605505
full_oisst_domain,xgboost,current_plus_trajectory,0.05,2012,290,15,63,14,0.9333333333333333,0.2222222222222222
full_oisst_domain,xgboost,current_plus_trajectory,0.05,2013,335,17,213,13,0.7647058823529411,0.06103286384976526
full_oisst_domain,xgboost,current_plus_trajectory,0.05,2014,293,15,116,12,0.8,0.10344827586206896
full_oisst_domain,xgboost,current_plus_trajectory,0.05,2015,253,13,123,11,0.8461538461538461,0.08943089430894309
full_oisst_domain,xgboost,current_plus_trajectory,0.05,2016,232,12,80,7,0.5833333333333334,0.0875
full_oisst_domain,xgboost,current_plus_trajectory,0.05,2017,251,13,49,6,0.46153846153846156,0.12244897959183673
full_oisst_domain,xgboost,current_plus_trajectory,0.05,2018,277,14,208,14,1.0,0.0673076923076923
full_oisst_domain,xgboost,current_plus_trajectory,0.05,2019,199,10,63,4,0.4,0.06349206349206349
full_oisst_domain,xgboost,current_plus_trajectory,0.05,2020,239,12,90,4,0.3333333333333333,0.044444444444444446
full_oisst_domain,xgboost,current_plus_trajectory,0.05,2021,229,12,83,7,0.5833333333333334,0.08433734939759036
full_oisst_domain,xgboost,current_plus_trajectory,0.05,2022,225,12,150,11,0.9166666666666666,0.07333333333333333
full_oisst_domain,xgboost,current_plus_trajectory,0.05,2023,179,9,32,3,0.3333333333333333,0.09375
full_oisst_domain,xgboost,current_plus_trajectory,0.05,2024,204,11,51,5,0.45454545454545453,0.09803921568627451
full_oisst_domain,xgboost,current_plus_trajectory,0.1,2005,312,32,186,29,0.90625,0.15591397849462366
full_oisst_domain,xgboost,current_plus_trajectory,0.1,2006,285,29,54,16,0.5517241379310345,0.2962962962962963
full_oisst_domain,xgboost,current_plus_trajectory,0.1,2007,328,33,94,27,0.8181818181818182,0.2872340425531915
full_oisst_domain,xgboost,current_plus_trajectory,0.1,2008,331,34,95,21,0.6176470588235294,0.22105263157894736
full_oisst_domain,xgboost,current_plus_trajectory,0.1,2009,341,35,163,21,0.6,0.12883435582822086
full_oisst_domain,xgboost,current_plus_trajectory,0.1,2010,328,33,162,29,0.8787878787878788,0.17901234567901234
full_oisst_domain,xgboost,current_plus_trajectory,0.1,2011,280,28,109,19,0.6785714285714286,0.1743119266055046
full_oisst_domain,xgboost,current_plus_trajectory,0.1,2012,290,29,63,22,0.7586206896551724,0.3492063492063492
full_oisst_domain,xgboost,current_plus_trajectory,0.1,2013,335,34,213,26,0.7647058823529411,0.12206572769953052
full_oisst_domain,xgboost,current_plus_trajectory,0.1,2014,293,30,116,24,0.8,0.20689655172413793
full_oisst_domain,xgboost,current_plus_trajectory,0.1,2015,253,26,123,20,0.7692307692307693,0.16260162601626016
full_oisst_domain,xgboost,current_plus_trajectory,0.1,2016,232,24,80,17,0.7083333333333334,0.2125
full_oisst_domain,xgboost,current_plus_trajectory,0.1,2017,251,26,49,9,0.34615384615384615,0.1836734693877551
full_oisst_domain,xgboost,current_plus_trajectory,0.1,2018,277,28,208,27,0.9642857142857143,0.12980769230769232
full_oisst_domain,xgboost,current_plus_trajectory,0.1,2019,199,20,63,10,0.5,0.15873015873015872
full_oisst_domain,xgboost,current_plus_trajectory,0.1,2020,239,24,90,12,0.5,0.13333333333333333
full_oisst_domain,xgboost,current_plus_trajectory,0.1,2021,229,23,83,11,0.4782608695652174,0.13253012048192772
full_oisst_domain,xgboost,current_plus_trajectory,0.1,2022,225,23,150,21,0.9130434782608695,0.14
full_oisst_domain,xgboost,current_plus_trajectory,0.1,2023,179,18,32,7,0.3888888888888889,0.21875
full_oisst_domain,xgboost,current_plus_trajectory,0.1,2024,204,21,51,7,0.3333333333333333,0.13725490196078433
full_oisst_domain,xgboost,current_plus_trajectory,0.2,2005,312,63,186,53,0.8412698412698413,0.2849462365591398
full_oisst_domain,xgboost,current_plus_trajectory,0.2,2006,285,57,54,27,0.47368421052631576,0.5
full_oisst_domain,xgboost,current_plus_trajectory,0.2,2007,328,66,94,41,0.6212121212121212,0.43617021276595747
full_oisst_domain,xgboost,current_plus_trajectory,0.2,2008,331,67,95,36,0.5373134328358209,0.37894736842105264
full_oisst_domain,xgboost,current_plus_trajectory,0.2,2009,341,69,163,42,0.6086956521739131,0.25766871165644173
full_oisst_domain,xgboost,current_plus_trajectory,0.2,2010,328,66,162,52,0.7878787878787878,0.32098765432098764
full_oisst_domain,xgboost,current_plus_trajectory,0.2,2011,280,56,109,34,0.6071428571428571,0.3119266055045872
full_oisst_domain,xgboost,current_plus_trajectory,0.2,2012,290,58,63,27,0.46551724137931033,0.42857142857142855
full_oisst_domain,xgboost,current_plus_trajectory,0.2,2013,335,67,213,54,0.8059701492537313,0.2535211267605634
full_oisst_domain,xgboost,current_plus_trajectory,0.2,2014,293,59,116,38,0.6440677966101694,0.3275862068965517
full_oisst_domain,xgboost,current_plus_trajectory,0.2,2015,253,51,123,35,0.6862745098039216,0.2845528455284553
full_oisst_domain,xgboost,current_plus_trajectory,0.2,2016,232,47,80,27,0.574468085106383,0.3375
full_oisst_domain,xgboost,current_plus_trajectory,0.2,2017,251,51,49,17,0.3333333333333333,0.3469387755102041
full_oisst_domain,xgboost,current_plus_trajectory,0.2,2018,277,56,208,50,0.8928571428571429,0.2403846153846154
full_oisst_domain,xgboost,current_plus_trajectory,0.2,2019,199,40,63,21,0.525,0.3333333333333333
full_oisst_domain,xgboost,current_plus_trajectory,0.2,2020,239,48,90,26,0.5416666666666666,0.28888888888888886
full_oisst_domain,xgboost,current_plus_trajectory,0.2,2021,229,46,83,24,0.5217391304347826,0.2891566265060241
full_oisst_domain,xgboost,current_plus_trajectory,0.2,2022,225,45,150,39,0.8666666666666667,0.26
full_oisst_domain,xgboost,current_plus_trajectory,0.2,2023,179,36,32,13,0.3611111111111111,0.40625
full_oisst_domain,xgboost,current_plus_trajectory,0.2,2024,204,41,51,14,0.34146341463414637,0.27450980392156865
full_oisst_domain,xgboost,current_plus_trajectory,0.3,2005,312,94,186,73,0.776595744680851,0.3924731182795699
full_oisst_domain,xgboost,current_plus_trajectory,0.3,2006,285,86,54,32,0.37209302325581395,0.5925925925925926
full_oisst_domain,xgboost,current_plus_trajectory,0.3,2007,328,99,94,49,0.494949494949495,0.5212765957446809
full_oisst_domain,xgboost,current_plus_trajectory,0.3,2008,331,100,95,47,0.47,0.49473684210526314
full_oisst_domain,xgboost,current_plus_trajectory,0.3,2009,341,103,163,63,0.6116504854368932,0.38650306748466257
full_oisst_domain,xgboost,current_plus_trajectory,0.3,2010,328,99,162,75,0.7575757575757576,0.46296296296296297
full_oisst_domain,xgboost,current_plus_trajectory,0.3,2011,280,84,109,44,0.5238095238095238,0.4036697247706422
full_oisst_domain,xgboost,current_plus_trajectory,0.3,2012,290,87,63,33,0.3793103448275862,0.5238095238095238
full_oisst_domain,xgboost,current_plus_trajectory,0.3,2013,335,101,213,77,0.7623762376237624,0.3615023474178404
full_oisst_domain,xgboost,current_plus_trajectory,0.3,2014,293,88,116,51,0.5795454545454546,0.4396551724137931
full_oisst_domain,xgboost,current_plus_trajectory,0.3,2015,253,76,123,45,0.5921052631578947,0.36585365853658536
full_oisst_domain,xgboost,current_plus_trajectory,0.3,2016,232,70,80,42,0.6,0.525
full_oisst_domain,xgboost,current_plus_trajectory,0.3,2017,251,76,49,23,0.3026315789473684,0.46938775510204084
full_oisst_domain,xgboost,current_plus_trajectory,0.3,2018,277,84,208,74,0.8809523809523809,0.3557692307692308
full_oisst_domain,xgboost,current_plus_trajectory,0.3,2019,199,60,63,31,0.5166666666666667,0.49206349206349204
full_oisst_domain,xgboost,current_plus_trajectory,0.3,2020,239,72,90,35,0.4861111111111111,0.3888888888888889
full_oisst_domain,xgboost,current_plus_trajectory,0.3,2021,229,69,83,34,0.4927536231884058,0.40963855421686746
full_oisst_domain,xgboost,current_plus_trajectory,0.3,2022,225,68,150,58,0.8529411764705882,0.38666666666666666
full_oisst_domain,xgboost,current_plus_trajectory,0.3,2023,179,54,32,15,0.2777777777777778,0.46875
full_oisst_domain,xgboost,current_plus_trajectory,0.3,2024,204,62,51,23,0.3709677419354839,0.45098039215686275
full_oisst_domain,xgboost,trajectory_plus_oisst,0.05,2005,312,16,186,14,0.875,0.07526881720430108
full_oisst_domain,xgboost,trajectory_plus_oisst,0.05,2006,285,15,54,13,0.8666666666666667,0.24074074074074073
full_oisst_domain,xgboost,trajectory_plus_oisst,0.05,2007,328,17,94,10,0.5882352941176471,0.10638297872340426
full_oisst_domain,xgboost,trajectory_plus_oisst,0.05,2008,331,17,95,14,0.8235294117647058,0.14736842105263157
full_oisst_domain,xgboost,trajectory_plus_oisst,0.05,2009,341,18,163,12,0.6666666666666666,0.0736196319018405
full_oisst_domain,xgboost,trajectory_plus_oisst,0.05,2010,328,17,162,16,0.9411764705882353,0.09876543209876543
full_oisst_domain,xgboost,trajectory_plus_oisst,0.05,2011,280,14,109,13,0.9285714285714286,0.11926605504587157
full_oisst_domain,xgboost,trajectory_plus_oisst,0.05,2012,290,15,63,14,0.9333333333333333,0.2222222222222222
full_oisst_domain,xgboost,trajectory_plus_oisst,0.05,2013,335,17,213,16,0.9411764705882353,0.07511737089201878
full_oisst_domain,xgboost,trajectory_plus_oisst,0.05,2014,293,15,116,13,0.8666666666666667,0.11206896551724138
full_oisst_domain,xgboost,trajectory_plus_oisst,0.05,2015,253,13,123,12,0.9230769230769231,0.0975609756097561
full_oisst_domain,xgboost,trajectory_plus_oisst,0.05,2016,232,12,80,8,0.6666666666666666,0.1
full_oisst_domain,xgboost,trajectory_plus_oisst,0.05,2017,251,13,49,6,0.46153846153846156,0.12244897959183673
full_oisst_domain,xgboost,trajectory_plus_oisst,0.05,2018,277,14,208,14,1.0,0.0673076923076923
full_oisst_domain,xgboost,trajectory_plus_oisst,0.05,2019,199,10,63,5,0.5,0.07936507936507936
full_oisst_domain,xgboost,trajectory_plus_oisst,0.05,2020,239,12,90,6,0.5,0.06666666666666667
full_oisst_domain,xgboost,trajectory_plus_oisst,0.05,2021,229,12,83,7,0.5833333333333334,0.08433734939759036
full_oisst_domain,xgboost,trajectory_plus_oisst,0.05,2022,225,12,150,9,0.75,0.06
full_oisst_domain,xgboost,trajectory_plus_oisst,0.05,2023,179,9,32,5,0.5555555555555556,0.15625
full_oisst_domain,xgboost,trajectory_plus_oisst,0.05,2024,204,11,51,4,0.36363636363636365,0.0784313725490196
full_oisst_domain,xgboost,trajectory_plus_oisst,0.1,2005,312,32,186,29,0.90625,0.15591397849462366
full_oisst_domain,xgboost,trajectory_plus_oisst,0.1,2006,285,29,54,18,0.6206896551724138,0.3333333333333333
full_oisst_domain,xgboost,trajectory_plus_oisst,0.1,2007,328,33,94,21,0.6363636363636364,0.22340425531914893
full_oisst_domain,xgboost,trajectory_plus_oisst,0.1,2008,331,34,95,26,0.7647058823529411,0.2736842105263158
full_oisst_domain,xgboost,trajectory_plus_oisst,0.1,2009,341,35,163,25,0.7142857142857143,0.15337423312883436
full_oisst_domain,xgboost,trajectory_plus_oisst,0.1,2010,328,33,162,29,0.8787878787878788,0.17901234567901234
full_oisst_domain,xgboost,trajectory_plus_oisst,0.1,2011,280,28,109,21,0.75,0.1926605504587156
full_oisst_domain,xgboost,trajectory_plus_oisst,0.1,2012,290,29,63,24,0.8275862068965517,0.38095238095238093
full_oisst_domain,xgboost,trajectory_plus_oisst,0.1,2013,335,34,213,30,0.8823529411764706,0.14084507042253522
full_oisst_domain,xgboost,trajectory_plus_oisst,0.1,2014,293,30,116,19,0.6333333333333333,0.16379310344827586
full_oisst_domain,xgboost,trajectory_plus_oisst,0.1,2015,253,26,123,21,0.8076923076923077,0.17073170731707318
full_oisst_domain,xgboost,trajectory_plus_oisst,0.1,2016,232,24,80,15,0.625,0.1875
full_oisst_domain,xgboost,trajectory_plus_oisst,0.1,2017,251,26,49,13,0.5,0.2653061224489796
full_oisst_domain,xgboost,trajectory_plus_oisst,0.1,2018,277,28,208,27,0.9642857142857143,0.12980769230769232
full_oisst_domain,xgboost,trajectory_plus_oisst,0.1,2019,199,20,63,12,0.6,0.19047619047619047
full_oisst_domain,xgboost,trajectory_plus_oisst,0.1,2020,239,24,90,16,0.6666666666666666,0.17777777777777778
full_oisst_domain,xgboost,trajectory_plus_oisst,0.1,2021,229,23,83,14,0.6086956521739131,0.1686746987951807
full_oisst_domain,xgboost,trajectory_plus_oisst,0.1,2022,225,23,150,18,0.782608695652174,0.12
full_oisst_domain,xgboost,trajectory_plus_oisst,0.1,2023,179,18,32,7,0.3888888888888889,0.21875
full_oisst_domain,xgboost,trajectory_plus_oisst,0.1,2024,204,21,51,8,0.38095238095238093,0.1568627450980392
full_oisst_domain,xgboost,trajectory_plus_oisst,0.2,2005,312,63,186,50,0.7936507936507936,0.26881720430107525
full_oisst_domain,xgboost,trajectory_plus_oisst,0.2,2006,285,57,54,25,0.43859649122807015,0.46296296296296297
full_oisst_domain,xgboost,trajectory_plus_oisst,0.2,2007,328,66,94,41,0.6212121212121212,0.43617021276595747
full_oisst_domain,xgboost,trajectory_plus_oisst,0.2,2008,331,67,95,39,0.582089552238806,0.4105263157894737
full_oisst_domain,xgboost,trajectory_plus_oisst,0.2,2009,341,69,163,42,0.6086956521739131,0.25766871165644173
full_oisst_domain,xgboost,trajectory_plus_oisst,0.2,2010,328,66,162,47,0.7121212121212122,0.29012345679012347
full_oisst_domain,xgboost,trajectory_plus_oisst,0.2,2011,280,56,109,37,0.6607142857142857,0.3394495412844037
full_oisst_domain,xgboost,trajectory_plus_oisst,0.2,2012,290,58,63,34,0.5862068965517241,0.5396825396825397
full_oisst_domain,xgboost,trajectory_plus_oisst,0.2,2013,335,67,213,58,0.8656716417910447,0.27230046948356806
full_oisst_domain,xgboost,trajectory_plus_oisst,0.2,2014,293,59,116,32,0.5423728813559322,0.27586206896551724
full_oisst_domain,xgboost,trajectory_plus_oisst,0.2,2015,253,51,123,37,0.7254901960784313,0.3008130081300813
full_oisst_domain,xgboost,trajectory_plus_oisst,0.2,2016,232,47,80,29,0.6170212765957447,0.3625
full_oisst_domain,xgboost,trajectory_plus_oisst,0.2,2017,251,51,49,18,0.35294117647058826,0.3673469387755102
full_oisst_domain,xgboost,trajectory_plus_oisst,0.2,2018,277,56,208,52,0.9285714285714286,0.25
full_oisst_domain,xgboost,trajectory_plus_oisst,0.2,2019,199,40,63,24,0.6,0.38095238095238093
full_oisst_domain,xgboost,trajectory_plus_oisst,0.2,2020,239,48,90,25,0.5208333333333334,0.2777777777777778
full_oisst_domain,xgboost,trajectory_plus_oisst,0.2,2021,229,46,83,27,0.5869565217391305,0.3253012048192771
full_oisst_domain,xgboost,trajectory_plus_oisst,0.2,2022,225,45,150,35,0.7777777777777778,0.23333333333333334
full_oisst_domain,xgboost,trajectory_plus_oisst,0.2,2023,179,36,32,13,0.3611111111111111,0.40625
full_oisst_domain,xgboost,trajectory_plus_oisst,0.2,2024,204,41,51,16,0.3902439024390244,0.3137254901960784
full_oisst_domain,xgboost,trajectory_plus_oisst,0.3,2005,312,94,186,67,0.7127659574468085,0.3602150537634409
full_oisst_domain,xgboost,trajectory_plus_oisst,0.3,2006,285,86,54,34,0.3953488372093023,0.6296296296296297
full_oisst_domain,xgboost,trajectory_plus_oisst,0.3,2007,328,99,94,53,0.5353535353535354,0.5638297872340425
full_oisst_domain,xgboost,trajectory_plus_oisst,0.3,2008,331,100,95,47,0.47,0.49473684210526314
full_oisst_domain,xgboost,trajectory_plus_oisst,0.3,2009,341,103,163,66,0.6407766990291263,0.4049079754601227
full_oisst_domain,xgboost,trajectory_plus_oisst,0.3,2010,328,99,162,63,0.6363636363636364,0.3888888888888889
full_oisst_domain,xgboost,trajectory_plus_oisst,0.3,2011,280,84,109,49,0.5833333333333334,0.44954128440366975
full_oisst_domain,xgboost,trajectory_plus_oisst,0.3,2012,290,87,63,43,0.4942528735632184,0.6825396825396826
full_oisst_domain,xgboost,trajectory_plus_oisst,0.3,2013,335,101,213,80,0.7920792079207921,0.3755868544600939
full_oisst_domain,xgboost,trajectory_plus_oisst,0.3,2014,293,88,116,46,0.5227272727272727,0.39655172413793105
full_oisst_domain,xgboost,trajectory_plus_oisst,0.3,2015,253,76,123,48,0.631578947368421,0.3902439024390244
full_oisst_domain,xgboost,trajectory_plus_oisst,0.3,2016,232,70,80,38,0.5428571428571428,0.475
full_oisst_domain,xgboost,trajectory_plus_oisst,0.3,2017,251,76,49,23,0.3026315789473684,0.46938775510204084
full_oisst_domain,xgboost,trajectory_plus_oisst,0.3,2018,277,84,208,76,0.9047619047619048,0.36538461538461536
full_oisst_domain,xgboost,trajectory_plus_oisst,0.3,2019,199,60,63,30,0.5,0.47619047619047616
full_oisst_domain,xgboost,trajectory_plus_oisst,0.3,2020,239,72,90,36,0.5,0.4
full_oisst_domain,xgboost,trajectory_plus_oisst,0.3,2021,229,69,83,33,0.4782608695652174,0.39759036144578314
full_oisst_domain,xgboost,trajectory_plus_oisst,0.3,2022,225,68,150,52,0.7647058823529411,0.3466666666666667
full_oisst_domain,xgboost,trajectory_plus_oisst,0.3,2023,179,54,32,19,0.35185185185185186,0.59375
full_oisst_domain,xgboost,trajectory_plus_oisst,0.3,2024,204,62,51,24,0.3870967741935484,0.47058823529411764
upwelling_supported_domain,logistic,current_only,0.05,2005,207,11,129,9,0.8181818181818182,0.06976744186046512
upwelling_supported_domain,logistic,current_only,0.05,2006,191,10,39,9,0.9,0.23076923076923078
upwelling_supported_domain,logistic,current_only,0.05,2007,217,11,71,10,0.9090909090909091,0.14084507042253522
upwelling_supported_domain,logistic,current_only,0.05,2008,216,11,61,7,0.6363636363636364,0.11475409836065574
upwelling_supported_domain,logistic,current_only,0.05,2009,228,12,99,6,0.5,0.06060606060606061
upwelling_supported_domain,logistic,current_only,0.05,2010,225,12,136,12,1.0,0.08823529411764706
upwelling_supported_domain,logistic,current_only,0.05,2011,186,10,65,8,0.8,0.12307692307692308
upwelling_supported_domain,logistic,current_only,0.05,2012,196,10,28,8,0.8,0.2857142857142857
upwelling_supported_domain,logistic,current_only,0.05,2013,230,12,185,9,0.75,0.04864864864864865
upwelling_supported_domain,logistic,current_only,0.05,2014,188,10,73,6,0.6,0.0821917808219178
upwelling_supported_domain,logistic,current_only,0.05,2015,163,9,53,6,0.6666666666666666,0.11320754716981132
upwelling_supported_domain,logistic,current_only,0.05,2016,168,9,71,7,0.7777777777777778,0.09859154929577464
upwelling_supported_domain,logistic,current_only,0.05,2017,175,9,36,4,0.4444444444444444,0.1111111111111111
upwelling_supported_domain,logistic,current_only,0.05,2018,181,10,156,8,0.8,0.05128205128205128
upwelling_supported_domain,logistic,current_only,0.05,2019,123,7,21,2,0.2857142857142857,0.09523809523809523
upwelling_supported_domain,logistic,current_only,0.05,2020,156,8,56,3,0.375,0.05357142857142857
upwelling_supported_domain,logistic,current_only,0.05,2021,161,9,46,2,0.2222222222222222,0.043478260869565216
upwelling_supported_domain,logistic,current_only,0.05,2022,160,8,126,7,0.875,0.05555555555555555
upwelling_supported_domain,logistic,current_only,0.05,2023,111,6,10,2,0.3333333333333333,0.2
upwelling_supported_domain,logistic,current_only,0.05,2024,138,7,39,1,0.14285714285714285,0.02564102564102564
upwelling_supported_domain,logistic,current_only,0.1,2005,207,21,129,19,0.9047619047619048,0.14728682170542637
upwelling_supported_domain,logistic,current_only,0.1,2006,191,20,39,14,0.7,0.358974358974359
upwelling_supported_domain,logistic,current_only,0.1,2007,217,22,71,19,0.8636363636363636,0.2676056338028169
upwelling_supported_domain,logistic,current_only,0.1,2008,216,22,61,15,0.6818181818181818,0.2459016393442623
upwelling_supported_domain,logistic,current_only,0.1,2009,228,23,99,12,0.5217391304347826,0.12121212121212122
upwelling_supported_domain,logistic,current_only,0.1,2010,225,23,136,21,0.9130434782608695,0.15441176470588236
upwelling_supported_domain,logistic,current_only,0.1,2011,186,19,65,12,0.631578947368421,0.18461538461538463
upwelling_supported_domain,logistic,current_only,0.1,2012,196,20,28,13,0.65,0.4642857142857143
upwelling_supported_domain,logistic,current_only,0.1,2013,230,23,185,20,0.8695652173913043,0.10810810810810811
upwelling_supported_domain,logistic,current_only,0.1,2014,188,19,73,9,0.47368421052631576,0.1232876712328767
upwelling_supported_domain,logistic,current_only,0.1,2015,163,17,53,10,0.5882352941176471,0.18867924528301888
upwelling_supported_domain,logistic,current_only,0.1,2016,168,17,71,13,0.7647058823529411,0.18309859154929578
upwelling_supported_domain,logistic,current_only,0.1,2017,175,18,36,5,0.2777777777777778,0.1388888888888889
upwelling_supported_domain,logistic,current_only,0.1,2018,181,19,156,17,0.8947368421052632,0.10897435897435898
upwelling_supported_domain,logistic,current_only,0.1,2019,123,13,21,3,0.23076923076923078,0.14285714285714285
upwelling_supported_domain,logistic,current_only,0.1,2020,156,16,56,5,0.3125,0.08928571428571429
upwelling_supported_domain,logistic,current_only,0.1,2021,161,17,46,6,0.35294117647058826,0.13043478260869565
upwelling_supported_domain,logistic,current_only,0.1,2022,160,16,126,15,0.9375,0.11904761904761904
upwelling_supported_domain,logistic,current_only,0.1,2023,111,12,10,2,0.16666666666666666,0.2
upwelling_supported_domain,logistic,current_only,0.1,2024,138,14,39,4,0.2857142857142857,0.10256410256410256
upwelling_supported_domain,logistic,current_only,0.2,2005,207,42,129,33,0.7857142857142857,0.2558139534883721
upwelling_supported_domain,logistic,current_only,0.2,2006,191,39,39,20,0.5128205128205128,0.5128205128205128
upwelling_supported_domain,logistic,current_only,0.2,2007,217,44,71,24,0.5454545454545454,0.3380281690140845
upwelling_supported_domain,logistic,current_only,0.2,2008,216,44,61,23,0.5227272727272727,0.3770491803278688
upwelling_supported_domain,logistic,current_only,0.2,2009,228,46,99,28,0.6086956521739131,0.2828282828282828
upwelling_supported_domain,logistic,current_only,0.2,2010,225,45,136,37,0.8222222222222222,0.27205882352941174
upwelling_supported_domain,logistic,current_only,0.2,2011,186,38,65,20,0.5263157894736842,0.3076923076923077
upwelling_supported_domain,logistic,current_only,0.2,2012,196,40,28,15,0.375,0.5357142857142857
upwelling_supported_domain,logistic,current_only,0.2,2013,230,46,185,39,0.8478260869565217,0.21081081081081082
upwelling_supported_domain,logistic,current_only,0.2,2014,188,38,73,16,0.42105263157894735,0.2191780821917808
upwelling_supported_domain,logistic,current_only,0.2,2015,163,33,53,14,0.42424242424242425,0.2641509433962264
upwelling_supported_domain,logistic,current_only,0.2,2016,168,34,71,25,0.7352941176470589,0.352112676056338
upwelling_supported_domain,logistic,current_only,0.2,2017,175,35,36,10,0.2857142857142857,0.2777777777777778
upwelling_supported_domain,logistic,current_only,0.2,2018,181,37,156,34,0.918918918918919,0.21794871794871795
upwelling_supported_domain,logistic,current_only,0.2,2019,123,25,21,5,0.2,0.23809523809523808
upwelling_supported_domain,logistic,current_only,0.2,2020,156,32,56,10,0.3125,0.17857142857142858
upwelling_supported_domain,logistic,current_only,0.2,2021,161,33,46,11,0.3333333333333333,0.2391304347826087
upwelling_supported_domain,logistic,current_only,0.2,2022,160,32,126,29,0.90625,0.23015873015873015
upwelling_supported_domain,logistic,current_only,0.2,2023,111,23,10,3,0.13043478260869565,0.3
upwelling_supported_domain,logistic,current_only,0.2,2024,138,28,39,9,0.32142857142857145,0.23076923076923078
upwelling_supported_domain,logistic,current_only,0.3,2005,207,63,129,48,0.7619047619047619,0.37209302325581395
upwelling_supported_domain,logistic,current_only,0.3,2006,191,58,39,26,0.4482758620689655,0.6666666666666666
upwelling_supported_domain,logistic,current_only,0.3,2007,217,66,71,31,0.4696969696969697,0.43661971830985913
upwelling_supported_domain,logistic,current_only,0.3,2008,216,65,61,29,0.4461538461538462,0.47540983606557374
upwelling_supported_domain,logistic,current_only,0.3,2009,228,69,99,42,0.6086956521739131,0.42424242424242425
upwelling_supported_domain,logistic,current_only,0.3,2010,225,68,136,53,0.7794117647058824,0.3897058823529412
upwelling_supported_domain,logistic,current_only,0.3,2011,186,56,65,27,0.48214285714285715,0.4153846153846154
upwelling_supported_domain,logistic,current_only,0.3,2012,196,59,28,16,0.2711864406779661,0.5714285714285714
upwelling_supported_domain,logistic,current_only,0.3,2013,230,69,185,57,0.8260869565217391,0.3081081081081081
upwelling_supported_domain,logistic,current_only,0.3,2014,188,57,73,26,0.45614035087719296,0.3561643835616438
upwelling_supported_domain,logistic,current_only,0.3,2015,163,49,53,21,0.42857142857142855,0.39622641509433965
upwelling_supported_domain,logistic,current_only,0.3,2016,168,51,71,36,0.7058823529411765,0.5070422535211268
upwelling_supported_domain,logistic,current_only,0.3,2017,175,53,36,13,0.24528301886792453,0.3611111111111111
upwelling_supported_domain,logistic,current_only,0.3,2018,181,55,156,49,0.8909090909090909,0.3141025641025641
upwelling_supported_domain,logistic,current_only,0.3,2019,123,37,21,7,0.1891891891891892,0.3333333333333333
upwelling_supported_domain,logistic,current_only,0.3,2020,156,47,56,16,0.3404255319148936,0.2857142857142857
upwelling_supported_domain,logistic,current_only,0.3,2021,161,49,46,17,0.3469387755102041,0.3695652173913043
upwelling_supported_domain,logistic,current_only,0.3,2022,160,48,126,44,0.9166666666666666,0.3492063492063492
upwelling_supported_domain,logistic,current_only,0.3,2023,111,34,10,4,0.11764705882352941,0.4
upwelling_supported_domain,logistic,current_only,0.3,2024,138,42,39,15,0.35714285714285715,0.38461538461538464
upwelling_supported_domain,logistic,current_plus_trajectory,0.05,2005,207,11,129,9,0.8181818181818182,0.06976744186046512
upwelling_supported_domain,logistic,current_plus_trajectory,0.05,2006,191,10,39,9,0.9,0.23076923076923078
upwelling_supported_domain,logistic,current_plus_trajectory,0.05,2007,217,11,71,11,1.0,0.15492957746478872
upwelling_supported_domain,logistic,current_plus_trajectory,0.05,2008,216,11,61,8,0.7272727272727273,0.13114754098360656
upwelling_supported_domain,logistic,current_plus_trajectory,0.05,2009,228,12,99,7,0.5833333333333334,0.0707070707070707
upwelling_supported_domain,logistic,current_plus_trajectory,0.05,2010,225,12,136,12,1.0,0.08823529411764706
upwelling_supported_domain,logistic,current_plus_trajectory,0.05,2011,186,10,65,8,0.8,0.12307692307692308
upwelling_supported_domain,logistic,current_plus_trajectory,0.05,2012,196,10,28,8,0.8,0.2857142857142857
upwelling_supported_domain,logistic,current_plus_trajectory,0.05,2013,230,12,185,9,0.75,0.04864864864864865
upwelling_supported_domain,logistic,current_plus_trajectory,0.05,2014,188,10,73,7,0.7,0.0958904109589041
upwelling_supported_domain,logistic,current_plus_trajectory,0.05,2015,163,9,53,5,0.5555555555555556,0.09433962264150944
upwelling_supported_domain,logistic,current_plus_trajectory,0.05,2016,168,9,71,6,0.6666666666666666,0.08450704225352113
upwelling_supported_domain,logistic,current_plus_trajectory,0.05,2017,175,9,36,4,0.4444444444444444,0.1111111111111111
upwelling_supported_domain,logistic,current_plus_trajectory,0.05,2018,181,10,156,9,0.9,0.057692307692307696
upwelling_supported_domain,logistic,current_plus_trajectory,0.05,2019,123,7,21,3,0.42857142857142855,0.14285714285714285
upwelling_supported_domain,logistic,current_plus_trajectory,0.05,2020,156,8,56,4,0.5,0.07142857142857142
upwelling_supported_domain,logistic,current_plus_trajectory,0.05,2021,161,9,46,5,0.5555555555555556,0.10869565217391304
upwelling_supported_domain,logistic,current_plus_trajectory,0.05,2022,160,8,126,7,0.875,0.05555555555555555
upwelling_supported_domain,logistic,current_plus_trajectory,0.05,2023,111,6,10,2,0.3333333333333333,0.2
upwelling_supported_domain,logistic,current_plus_trajectory,0.05,2024,138,7,39,2,0.2857142857142857,0.05128205128205128
upwelling_supported_domain,logistic,current_plus_trajectory,0.1,2005,207,21,129,16,0.7619047619047619,0.12403100775193798
upwelling_supported_domain,logistic,current_plus_trajectory,0.1,2006,191,20,39,17,0.85,0.4358974358974359
upwelling_supported_domain,logistic,current_plus_trajectory,0.1,2007,217,22,71,19,0.8636363636363636,0.2676056338028169
upwelling_supported_domain,logistic,current_plus_trajectory,0.1,2008,216,22,61,17,0.7727272727272727,0.2786885245901639
upwelling_supported_domain,logistic,current_plus_trajectory,0.1,2009,228,23,99,14,0.6086956521739131,0.1414141414141414
upwelling_supported_domain,logistic,current_plus_trajectory,0.1,2010,225,23,136,22,0.9565217391304348,0.16176470588235295
upwelling_supported_domain,logistic,current_plus_trajectory,0.1,2011,186,19,65,13,0.6842105263157895,0.2
upwelling_supported_domain,logistic,current_plus_trajectory,0.1,2012,196,20,28,12,0.6,0.42857142857142855
upwelling_supported_domain,logistic,current_plus_trajectory,0.1,2013,230,23,185,18,0.782608695652174,0.0972972972972973
upwelling_supported_domain,logistic,current_plus_trajectory,0.1,2014,188,19,73,11,0.5789473684210527,0.1506849315068493
upwelling_supported_domain,logistic,current_plus_trajectory,0.1,2015,163,17,53,10,0.5882352941176471,0.18867924528301888
upwelling_supported_domain,logistic,current_plus_trajectory,0.1,2016,168,17,71,12,0.7058823529411765,0.16901408450704225
upwelling_supported_domain,logistic,current_plus_trajectory,0.1,2017,175,18,36,6,0.3333333333333333,0.16666666666666666
upwelling_supported_domain,logistic,current_plus_trajectory,0.1,2018,181,19,156,17,0.8947368421052632,0.10897435897435898
upwelling_supported_domain,logistic,current_plus_trajectory,0.1,2019,123,13,21,3,0.23076923076923078,0.14285714285714285
upwelling_supported_domain,logistic,current_plus_trajectory,0.1,2020,156,16,56,6,0.375,0.10714285714285714
upwelling_supported_domain,logistic,current_plus_trajectory,0.1,2021,161,17,46,9,0.5294117647058824,0.1956521739130435
upwelling_supported_domain,logistic,current_plus_trajectory,0.1,2022,160,16,126,15,0.9375,0.11904761904761904
upwelling_supported_domain,logistic,current_plus_trajectory,0.1,2023,111,12,10,3,0.25,0.3
upwelling_supported_domain,logistic,current_plus_trajectory,0.1,2024,138,14,39,6,0.42857142857142855,0.15384615384615385
upwelling_supported_domain,logistic,current_plus_trajectory,0.2,2005,207,42,129,32,0.7619047619047619,0.24806201550387597
upwelling_supported_domain,logistic,current_plus_trajectory,0.2,2006,191,39,39,25,0.6410256410256411,0.6410256410256411
upwelling_supported_domain,logistic,current_plus_trajectory,0.2,2007,217,44,71,23,0.5227272727272727,0.323943661971831
upwelling_supported_domain,logistic,current_plus_trajectory,0.2,2008,216,44,61,24,0.5454545454545454,0.39344262295081966
upwelling_supported_domain,logistic,current_plus_trajectory,0.2,2009,228,46,99,30,0.6521739130434783,0.30303030303030304
upwelling_supported_domain,logistic,current_plus_trajectory,0.2,2010,225,45,136,37,0.8222222222222222,0.27205882352941174
upwelling_supported_domain,logistic,current_plus_trajectory,0.2,2011,186,38,65,21,0.5526315789473685,0.3230769230769231
upwelling_supported_domain,logistic,current_plus_trajectory,0.2,2012,196,40,28,16,0.4,0.5714285714285714
upwelling_supported_domain,logistic,current_plus_trajectory,0.2,2013,230,46,185,35,0.7608695652173914,0.1891891891891892
upwelling_supported_domain,logistic,current_plus_trajectory,0.2,2014,188,38,73,14,0.3684210526315789,0.1917808219178082
upwelling_supported_domain,logistic,current_plus_trajectory,0.2,2015,163,33,53,16,0.48484848484848486,0.3018867924528302
upwelling_supported_domain,logistic,current_plus_trajectory,0.2,2016,168,34,71,25,0.7352941176470589,0.352112676056338
upwelling_supported_domain,logistic,current_plus_trajectory,0.2,2017,175,35,36,11,0.3142857142857143,0.3055555555555556
upwelling_supported_domain,logistic,current_plus_trajectory,0.2,2018,181,37,156,32,0.8648648648648649,0.20512820512820512
upwelling_supported_domain,logistic,current_plus_trajectory,0.2,2019,123,25,21,9,0.36,0.42857142857142855
upwelling_supported_domain,logistic,current_plus_trajectory,0.2,2020,156,32,56,14,0.4375,0.25
upwelling_supported_domain,logistic,current_plus_trajectory,0.2,2021,161,33,46,15,0.45454545454545453,0.32608695652173914
upwelling_supported_domain,logistic,current_plus_trajectory,0.2,2022,160,32,126,27,0.84375,0.21428571428571427
upwelling_supported_domain,logistic,current_plus_trajectory,0.2,2023,111,23,10,5,0.21739130434782608,0.5
upwelling_supported_domain,logistic,current_plus_trajectory,0.2,2024,138,28,39,13,0.4642857142857143,0.3333333333333333
upwelling_supported_domain,logistic,current_plus_trajectory,0.3,2005,207,63,129,46,0.7301587301587301,0.35658914728682173
upwelling_supported_domain,logistic,current_plus_trajectory,0.3,2006,191,58,39,28,0.4827586206896552,0.717948717948718
upwelling_supported_domain,logistic,current_plus_trajectory,0.3,2007,217,66,71,27,0.4090909090909091,0.38028169014084506
upwelling_supported_domain,logistic,current_plus_trajectory,0.3,2008,216,65,61,27,0.4153846153846154,0.4426229508196721
upwelling_supported_domain,logistic,current_plus_trajectory,0.3,2009,228,69,99,41,0.5942028985507246,0.41414141414141414
upwelling_supported_domain,logistic,current_plus_trajectory,0.3,2010,225,68,136,56,0.8235294117647058,0.4117647058823529
upwelling_supported_domain,logistic,current_plus_trajectory,0.3,2011,186,56,65,27,0.48214285714285715,0.4153846153846154
upwelling_supported_domain,logistic,current_plus_trajectory,0.3,2012,196,59,28,16,0.2711864406779661,0.5714285714285714
upwelling_supported_domain,logistic,current_plus_trajectory,0.3,2013,230,69,185,54,0.782608695652174,0.2918918918918919
upwelling_supported_domain,logistic,current_plus_trajectory,0.3,2014,188,57,73,19,0.3333333333333333,0.2602739726027397
upwelling_supported_domain,logistic,current_plus_trajectory,0.3,2015,163,49,53,21,0.42857142857142855,0.39622641509433965
upwelling_supported_domain,logistic,current_plus_trajectory,0.3,2016,168,51,71,37,0.7254901960784313,0.5211267605633803
upwelling_supported_domain,logistic,current_plus_trajectory,0.3,2017,175,53,36,13,0.24528301886792453,0.3611111111111111
upwelling_supported_domain,logistic,current_plus_trajectory,0.3,2018,181,55,156,50,0.9090909090909091,0.32051282051282054
upwelling_supported_domain,logistic,current_plus_trajectory,0.3,2019,123,37,21,10,0.2702702702702703,0.47619047619047616
upwelling_supported_domain,logistic,current_plus_trajectory,0.3,2020,156,47,56,18,0.3829787234042553,0.32142857142857145
upwelling_supported_domain,logistic,current_plus_trajectory,0.3,2021,161,49,46,18,0.3673469387755102,0.391304347826087
upwelling_supported_domain,logistic,current_plus_trajectory,0.3,2022,160,48,126,40,0.8333333333333334,0.31746031746031744
upwelling_supported_domain,logistic,current_plus_trajectory,0.3,2023,111,34,10,6,0.17647058823529413,0.6
upwelling_supported_domain,logistic,current_plus_trajectory,0.3,2024,138,42,39,18,0.42857142857142855,0.46153846153846156
upwelling_supported_domain,logistic,trajectory_plus_oisst,0.05,2005,207,11,129,9,0.8181818181818182,0.06976744186046512
upwelling_supported_domain,logistic,trajectory_plus_oisst,0.05,2006,191,10,39,8,0.8,0.20512820512820512
upwelling_supported_domain,logistic,trajectory_plus_oisst,0.05,2007,217,11,71,10,0.9090909090909091,0.14084507042253522
upwelling_supported_domain,logistic,trajectory_plus_oisst,0.05,2008,216,11,61,8,0.7272727272727273,0.13114754098360656
upwelling_supported_domain,logistic,trajectory_plus_oisst,0.05,2009,228,12,99,6,0.5,0.06060606060606061
upwelling_supported_domain,logistic,trajectory_plus_oisst,0.05,2010,225,12,136,12,1.0,0.08823529411764706
upwelling_supported_domain,logistic,trajectory_plus_oisst,0.05,2011,186,10,65,9,0.9,0.13846153846153847
upwelling_supported_domain,logistic,trajectory_plus_oisst,0.05,2012,196,10,28,9,0.9,0.32142857142857145
upwelling_supported_domain,logistic,trajectory_plus_oisst,0.05,2013,230,12,185,9,0.75,0.04864864864864865
upwelling_supported_domain,logistic,trajectory_plus_oisst,0.05,2014,188,10,73,5,0.5,0.0684931506849315
upwelling_supported_domain,logistic,trajectory_plus_oisst,0.05,2015,163,9,53,7,0.7777777777777778,0.1320754716981132
upwelling_supported_domain,logistic,trajectory_plus_oisst,0.05,2016,168,9,71,7,0.7777777777777778,0.09859154929577464
upwelling_supported_domain,logistic,trajectory_plus_oisst,0.05,2017,175,9,36,4,0.4444444444444444,0.1111111111111111
upwelling_supported_domain,logistic,trajectory_plus_oisst,0.05,2018,181,10,156,9,0.9,0.057692307692307696
upwelling_supported_domain,logistic,trajectory_plus_oisst,0.05,2019,123,7,21,2,0.2857142857142857,0.09523809523809523
upwelling_supported_domain,logistic,trajectory_plus_oisst,0.05,2020,156,8,56,4,0.5,0.07142857142857142
upwelling_supported_domain,logistic,trajectory_plus_oisst,0.05,2021,161,9,46,6,0.6666666666666666,0.13043478260869565
upwelling_supported_domain,logistic,trajectory_plus_oisst,0.05,2022,160,8,126,7,0.875,0.05555555555555555
upwelling_supported_domain,logistic,trajectory_plus_oisst,0.05,2023,111,6,10,2,0.3333333333333333,0.2
upwelling_supported_domain,logistic,trajectory_plus_oisst,0.05,2024,138,7,39,2,0.2857142857142857,0.05128205128205128
upwelling_supported_domain,logistic,trajectory_plus_oisst,0.1,2005,207,21,129,19,0.9047619047619048,0.14728682170542637
upwelling_supported_domain,logistic,trajectory_plus_oisst,0.1,2006,191,20,39,14,0.7,0.358974358974359
upwelling_supported_domain,logistic,trajectory_plus_oisst,0.1,2007,217,22,71,17,0.7727272727272727,0.23943661971830985
upwelling_supported_domain,logistic,trajectory_plus_oisst,0.1,2008,216,22,61,13,0.5909090909090909,0.21311475409836064
upwelling_supported_domain,logistic,trajectory_plus_oisst,0.1,2009,228,23,99,14,0.6086956521739131,0.1414141414141414
upwelling_supported_domain,logistic,trajectory_plus_oisst,0.1,2010,225,23,136,21,0.9130434782608695,0.15441176470588236
upwelling_supported_domain,logistic,trajectory_plus_oisst,0.1,2011,186,19,65,13,0.6842105263157895,0.2
upwelling_supported_domain,logistic,trajectory_plus_oisst,0.1,2012,196,20,28,13,0.65,0.4642857142857143
upwelling_supported_domain,logistic,trajectory_plus_oisst,0.1,2013,230,23,185,18,0.782608695652174,0.0972972972972973
upwelling_supported_domain,logistic,trajectory_plus_oisst,0.1,2014,188,19,73,11,0.5789473684210527,0.1506849315068493
upwelling_supported_domain,logistic,trajectory_plus_oisst,0.1,2015,163,17,53,11,0.6470588235294118,0.20754716981132076
upwelling_supported_domain,logistic,trajectory_plus_oisst,0.1,2016,168,17,71,14,0.8235294117647058,0.19718309859154928
upwelling_supported_domain,logistic,trajectory_plus_oisst,0.1,2017,175,18,36,8,0.4444444444444444,0.2222222222222222
upwelling_supported_domain,logistic,trajectory_plus_oisst,0.1,2018,181,19,156,16,0.8421052631578947,0.10256410256410256
upwelling_supported_domain,logistic,trajectory_plus_oisst,0.1,2019,123,13,21,4,0.3076923076923077,0.19047619047619047
upwelling_supported_domain,logistic,trajectory_plus_oisst,0.1,2020,156,16,56,6,0.375,0.10714285714285714
upwelling_supported_domain,logistic,trajectory_plus_oisst,0.1,2021,161,17,46,9,0.5294117647058824,0.1956521739130435
upwelling_supported_domain,logistic,trajectory_plus_oisst,0.1,2022,160,16,126,15,0.9375,0.11904761904761904
upwelling_supported_domain,logistic,trajectory_plus_oisst,0.1,2023,111,12,10,3,0.25,0.3
upwelling_supported_domain,logistic,trajectory_plus_oisst,0.1,2024,138,14,39,6,0.42857142857142855,0.15384615384615385
upwelling_supported_domain,logistic,trajectory_plus_oisst,0.2,2005,207,42,129,31,0.7380952380952381,0.24031007751937986
upwelling_supported_domain,logistic,trajectory_plus_oisst,0.2,2006,191,39,39,21,0.5384615384615384,0.5384615384615384
upwelling_supported_domain,logistic,trajectory_plus_oisst,0.2,2007,217,44,71,23,0.5227272727272727,0.323943661971831
upwelling_supported_domain,logistic,trajectory_plus_oisst,0.2,2008,216,44,61,24,0.5454545454545454,0.39344262295081966
upwelling_supported_domain,logistic,trajectory_plus_oisst,0.2,2009,228,46,99,28,0.6086956521739131,0.2828282828282828
upwelling_supported_domain,logistic,trajectory_plus_oisst,0.2,2010,225,45,136,38,0.8444444444444444,0.27941176470588236
upwelling_supported_domain,logistic,trajectory_plus_oisst,0.2,2011,186,38,65,21,0.5526315789473685,0.3230769230769231
upwelling_supported_domain,logistic,trajectory_plus_oisst,0.2,2012,196,40,28,15,0.375,0.5357142857142857
upwelling_supported_domain,logistic,trajectory_plus_oisst,0.2,2013,230,46,185,33,0.717391304347826,0.1783783783783784
upwelling_supported_domain,logistic,trajectory_plus_oisst,0.2,2014,188,38,73,18,0.47368421052631576,0.2465753424657534
upwelling_supported_domain,logistic,trajectory_plus_oisst,0.2,2015,163,33,53,18,0.5454545454545454,0.33962264150943394
upwelling_supported_domain,logistic,trajectory_plus_oisst,0.2,2016,168,34,71,21,0.6176470588235294,0.29577464788732394
upwelling_supported_domain,logistic,trajectory_plus_oisst,0.2,2017,175,35,36,12,0.34285714285714286,0.3333333333333333
upwelling_supported_domain,logistic,trajectory_plus_oisst,0.2,2018,181,37,156,34,0.918918918918919,0.21794871794871795
upwelling_supported_domain,logistic,trajectory_plus_oisst,0.2,2019,123,25,21,7,0.28,0.3333333333333333
upwelling_supported_domain,logistic,trajectory_plus_oisst,0.2,2020,156,32,56,12,0.375,0.21428571428571427
upwelling_supported_domain,logistic,trajectory_plus_oisst,0.2,2021,161,33,46,16,0.48484848484848486,0.34782608695652173
upwelling_supported_domain,logistic,trajectory_plus_oisst,0.2,2022,160,32,126,27,0.84375,0.21428571428571427
upwelling_supported_domain,logistic,trajectory_plus_oisst,0.2,2023,111,23,10,3,0.13043478260869565,0.3
upwelling_supported_domain,logistic,trajectory_plus_oisst,0.2,2024,138,28,39,12,0.42857142857142855,0.3076923076923077
upwelling_supported_domain,logistic,trajectory_plus_oisst,0.3,2005,207,63,129,45,0.7142857142857143,0.3488372093023256
upwelling_supported_domain,logistic,trajectory_plus_oisst,0.3,2006,191,58,39,25,0.43103448275862066,0.6410256410256411
upwelling_supported_domain,logistic,trajectory_plus_oisst,0.3,2007,217,66,71,28,0.42424242424242425,0.39436619718309857
upwelling_supported_domain,logistic,trajectory_plus_oisst,0.3,2008,216,65,61,29,0.4461538461538462,0.47540983606557374
upwelling_supported_domain,logistic,trajectory_plus_oisst,0.3,2009,228,69,99,41,0.5942028985507246,0.41414141414141414
upwelling_supported_domain,logistic,trajectory_plus_oisst,0.3,2010,225,68,136,57,0.8382352941176471,0.41911764705882354
upwelling_supported_domain,logistic,trajectory_plus_oisst,0.3,2011,186,56,65,28,0.5,0.4307692307692308
upwelling_supported_domain,logistic,trajectory_plus_oisst,0.3,2012,196,59,28,20,0.3389830508474576,0.7142857142857143
upwelling_supported_domain,logistic,trajectory_plus_oisst,0.3,2013,230,69,185,54,0.782608695652174,0.2918918918918919
upwelling_supported_domain,logistic,trajectory_plus_oisst,0.3,2014,188,57,73,25,0.43859649122807015,0.3424657534246575
upwelling_supported_domain,logistic,trajectory_plus_oisst,0.3,2015,163,49,53,24,0.4897959183673469,0.4528301886792453
upwelling_supported_domain,logistic,trajectory_plus_oisst,0.3,2016,168,51,71,34,0.6666666666666666,0.4788732394366197
upwelling_supported_domain,logistic,trajectory_plus_oisst,0.3,2017,175,53,36,17,0.32075471698113206,0.4722222222222222
upwelling_supported_domain,logistic,trajectory_plus_oisst,0.3,2018,181,55,156,50,0.9090909090909091,0.32051282051282054
upwelling_supported_domain,logistic,trajectory_plus_oisst,0.3,2019,123,37,21,9,0.24324324324324326,0.42857142857142855
upwelling_supported_domain,logistic,trajectory_plus_oisst,0.3,2020,156,47,56,18,0.3829787234042553,0.32142857142857145
upwelling_supported_domain,logistic,trajectory_plus_oisst,0.3,2021,161,49,46,18,0.3673469387755102,0.391304347826087
upwelling_supported_domain,logistic,trajectory_plus_oisst,0.3,2022,160,48,126,40,0.8333333333333334,0.31746031746031744
upwelling_supported_domain,logistic,trajectory_plus_oisst,0.3,2023,111,34,10,6,0.17647058823529413,0.6
upwelling_supported_domain,logistic,trajectory_plus_oisst,0.3,2024,138,42,39,16,0.38095238095238093,0.41025641025641024
upwelling_supported_domain,logistic,trajectory_plus_oisst_cuti_beuti,0.05,2005,207,11,129,9,0.8181818181818182,0.06976744186046512
upwelling_supported_domain,logistic,trajectory_plus_oisst_cuti_beuti,0.05,2006,191,10,39,8,0.8,0.20512820512820512
upwelling_supported_domain,logistic,trajectory_plus_oisst_cuti_beuti,0.05,2007,217,11,71,10,0.9090909090909091,0.14084507042253522
upwelling_supported_domain,logistic,trajectory_plus_oisst_cuti_beuti,0.05,2008,216,11,61,8,0.7272727272727273,0.13114754098360656
upwelling_supported_domain,logistic,trajectory_plus_oisst_cuti_beuti,0.05,2009,228,12,99,6,0.5,0.06060606060606061
upwelling_supported_domain,logistic,trajectory_plus_oisst_cuti_beuti,0.05,2010,225,12,136,12,1.0,0.08823529411764706
upwelling_supported_domain,logistic,trajectory_plus_oisst_cuti_beuti,0.05,2011,186,10,65,8,0.8,0.12307692307692308
upwelling_supported_domain,logistic,trajectory_plus_oisst_cuti_beuti,0.05,2012,196,10,28,9,0.9,0.32142857142857145
upwelling_supported_domain,logistic,trajectory_plus_oisst_cuti_beuti,0.05,2013,230,12,185,9,0.75,0.04864864864864865
upwelling_supported_domain,logistic,trajectory_plus_oisst_cuti_beuti,0.05,2014,188,10,73,6,0.6,0.0821917808219178
upwelling_supported_domain,logistic,trajectory_plus_oisst_cuti_beuti,0.05,2015,163,9,53,7,0.7777777777777778,0.1320754716981132
upwelling_supported_domain,logistic,trajectory_plus_oisst_cuti_beuti,0.05,2016,168,9,71,7,0.7777777777777778,0.09859154929577464
upwelling_supported_domain,logistic,trajectory_plus_oisst_cuti_beuti,0.05,2017,175,9,36,4,0.4444444444444444,0.1111111111111111
upwelling_supported_domain,logistic,trajectory_plus_oisst_cuti_beuti,0.05,2018,181,10,156,9,0.9,0.057692307692307696
upwelling_supported_domain,logistic,trajectory_plus_oisst_cuti_beuti,0.05,2019,123,7,21,2,0.2857142857142857,0.09523809523809523
upwelling_supported_domain,logistic,trajectory_plus_oisst_cuti_beuti,0.05,2020,156,8,56,3,0.375,0.05357142857142857
upwelling_supported_domain,logistic,trajectory_plus_oisst_cuti_beuti,0.05,2021,161,9,46,4,0.4444444444444444,0.08695652173913043
upwelling_supported_domain,logistic,trajectory_plus_oisst_cuti_beuti,0.05,2022,160,8,126,7,0.875,0.05555555555555555
upwelling_supported_domain,logistic,trajectory_plus_oisst_cuti_beuti,0.05,2023,111,6,10,2,0.3333333333333333,0.2
upwelling_supported_domain,logistic,trajectory_plus_oisst_cuti_beuti,0.05,2024,138,7,39,2,0.2857142857142857,0.05128205128205128
upwelling_supported_domain,logistic,trajectory_plus_oisst_cuti_beuti,0.1,2005,207,21,129,19,0.9047619047619048,0.14728682170542637
upwelling_supported_domain,logistic,trajectory_plus_oisst_cuti_beuti,0.1,2006,191,20,39,17,0.85,0.4358974358974359
upwelling_supported_domain,logistic,trajectory_plus_oisst_cuti_beuti,0.1,2007,217,22,71,12,0.5454545454545454,0.16901408450704225
upwelling_supported_domain,logistic,trajectory_plus_oisst_cuti_beuti,0.1,2008,216,22,61,12,0.5454545454545454,0.19672131147540983
upwelling_supported_domain,logistic,trajectory_plus_oisst_cuti_beuti,0.1,2009,228,23,99,14,0.6086956521739131,0.1414141414141414
upwelling_supported_domain,logistic,trajectory_plus_oisst_cuti_beuti,0.1,2010,225,23,136,20,0.8695652173913043,0.14705882352941177
upwelling_supported_domain,logistic,trajectory_plus_oisst_cuti_beuti,0.1,2011,186,19,65,13,0.6842105263157895,0.2
upwelling_supported_domain,logistic,trajectory_plus_oisst_cuti_beuti,0.1,2012,196,20,28,13,0.65,0.4642857142857143
upwelling_supported_domain,logistic,trajectory_plus_oisst_cuti_beuti,0.1,2013,230,23,185,18,0.782608695652174,0.0972972972972973
upwelling_supported_domain,logistic,trajectory_plus_oisst_cuti_beuti,0.1,2014,188,19,73,11,0.5789473684210527,0.1506849315068493
upwelling_supported_domain,logistic,trajectory_plus_oisst_cuti_beuti,0.1,2015,163,17,53,11,0.6470588235294118,0.20754716981132076
upwelling_supported_domain,logistic,trajectory_plus_oisst_cuti_beuti,0.1,2016,168,17,71,12,0.7058823529411765,0.16901408450704225
upwelling_supported_domain,logistic,trajectory_plus_oisst_cuti_beuti,0.1,2017,175,18,36,8,0.4444444444444444,0.2222222222222222
upwelling_supported_domain,logistic,trajectory_plus_oisst_cuti_beuti,0.1,2018,181,19,156,17,0.8947368421052632,0.10897435897435898
upwelling_supported_domain,logistic,trajectory_plus_oisst_cuti_beuti,0.1,2019,123,13,21,5,0.38461538461538464,0.23809523809523808
upwelling_supported_domain,logistic,trajectory_plus_oisst_cuti_beuti,0.1,2020,156,16,56,6,0.375,0.10714285714285714
upwelling_supported_domain,logistic,trajectory_plus_oisst_cuti_beuti,0.1,2021,161,17,46,9,0.5294117647058824,0.1956521739130435
upwelling_supported_domain,logistic,trajectory_plus_oisst_cuti_beuti,0.1,2022,160,16,126,15,0.9375,0.11904761904761904
upwelling_supported_domain,logistic,trajectory_plus_oisst_cuti_beuti,0.1,2023,111,12,10,3,0.25,0.3
upwelling_supported_domain,logistic,trajectory_plus_oisst_cuti_beuti,0.1,2024,138,14,39,6,0.42857142857142855,0.15384615384615385
upwelling_supported_domain,logistic,trajectory_plus_oisst_cuti_beuti,0.2,2005,207,42,129,32,0.7619047619047619,0.24806201550387597
upwelling_supported_domain,logistic,trajectory_plus_oisst_cuti_beuti,0.2,2006,191,39,39,22,0.5641025641025641,0.5641025641025641
upwelling_supported_domain,logistic,trajectory_plus_oisst_cuti_beuti,0.2,2007,217,44,71,19,0.4318181818181818,0.2676056338028169
upwelling_supported_domain,logistic,trajectory_plus_oisst_cuti_beuti,0.2,2008,216,44,61,22,0.5,0.36065573770491804
upwelling_supported_domain,logistic,trajectory_plus_oisst_cuti_beuti,0.2,2009,228,46,99,28,0.6086956521739131,0.2828282828282828
upwelling_supported_domain,logistic,trajectory_plus_oisst_cuti_beuti,0.2,2010,225,45,136,38,0.8444444444444444,0.27941176470588236
upwelling_supported_domain,logistic,trajectory_plus_oisst_cuti_beuti,0.2,2011,186,38,65,22,0.5789473684210527,0.3384615384615385
upwelling_supported_domain,logistic,trajectory_plus_oisst_cuti_beuti,0.2,2012,196,40,28,15,0.375,0.5357142857142857
upwelling_supported_domain,logistic,trajectory_plus_oisst_cuti_beuti,0.2,2013,230,46,185,35,0.7608695652173914,0.1891891891891892
upwelling_supported_domain,logistic,trajectory_plus_oisst_cuti_beuti,0.2,2014,188,38,73,15,0.39473684210526316,0.2054794520547945
upwelling_supported_domain,logistic,trajectory_plus_oisst_cuti_beuti,0.2,2015,163,33,53,18,0.5454545454545454,0.33962264150943394
upwelling_supported_domain,logistic,trajectory_plus_oisst_cuti_beuti,0.2,2016,168,34,71,21,0.6176470588235294,0.29577464788732394
upwelling_supported_domain,logistic,trajectory_plus_oisst_cuti_beuti,0.2,2017,175,35,36,12,0.34285714285714286,0.3333333333333333
upwelling_supported_domain,logistic,trajectory_plus_oisst_cuti_beuti,0.2,2018,181,37,156,34,0.918918918918919,0.21794871794871795
upwelling_supported_domain,logistic,trajectory_plus_oisst_cuti_beuti,0.2,2019,123,25,21,7,0.28,0.3333333333333333
upwelling_supported_domain,logistic,trajectory_plus_oisst_cuti_beuti,0.2,2020,156,32,56,10,0.3125,0.17857142857142858
upwelling_supported_domain,logistic,trajectory_plus_oisst_cuti_beuti,0.2,2021,161,33,46,15,0.45454545454545453,0.32608695652173914
upwelling_supported_domain,logistic,trajectory_plus_oisst_cuti_beuti,0.2,2022,160,32,126,29,0.90625,0.23015873015873015
upwelling_supported_domain,logistic,trajectory_plus_oisst_cuti_beuti,0.2,2023,111,23,10,4,0.17391304347826086,0.4
upwelling_supported_domain,logistic,trajectory_plus_oisst_cuti_beuti,0.2,2024,138,28,39,12,0.42857142857142855,0.3076923076923077
upwelling_supported_domain,logistic,trajectory_plus_oisst_cuti_beuti,0.3,2005,207,63,129,44,0.6984126984126984,0.34108527131782945
upwelling_supported_domain,logistic,trajectory_plus_oisst_cuti_beuti,0.3,2006,191,58,39,28,0.4827586206896552,0.717948717948718
upwelling_supported_domain,logistic,trajectory_plus_oisst_cuti_beuti,0.3,2007,217,66,71,25,0.3787878787878788,0.352112676056338
upwelling_supported_domain,logistic,trajectory_plus_oisst_cuti_beuti,0.3,2008,216,65,61,26,0.4,0.4262295081967213
upwelling_supported_domain,logistic,trajectory_plus_oisst_cuti_beuti,0.3,2009,228,69,99,41,0.5942028985507246,0.41414141414141414
upwelling_supported_domain,logistic,trajectory_plus_oisst_cuti_beuti,0.3,2010,225,68,136,56,0.8235294117647058,0.4117647058823529
upwelling_supported_domain,logistic,trajectory_plus_oisst_cuti_beuti,0.3,2011,186,56,65,27,0.48214285714285715,0.4153846153846154
upwelling_supported_domain,logistic,trajectory_plus_oisst_cuti_beuti,0.3,2012,196,59,28,18,0.3050847457627119,0.6428571428571429
upwelling_supported_domain,logistic,trajectory_plus_oisst_cuti_beuti,0.3,2013,230,69,185,56,0.8115942028985508,0.3027027027027027
upwelling_supported_domain,logistic,trajectory_plus_oisst_cuti_beuti,0.3,2014,188,57,73,25,0.43859649122807015,0.3424657534246575
upwelling_supported_domain,logistic,trajectory_plus_oisst_cuti_beuti,0.3,2015,163,49,53,23,0.46938775510204084,0.4339622641509434
upwelling_supported_domain,logistic,trajectory_plus_oisst_cuti_beuti,0.3,2016,168,51,71,33,0.6470588235294118,0.4647887323943662
upwelling_supported_domain,logistic,trajectory_plus_oisst_cuti_beuti,0.3,2017,175,53,36,17,0.32075471698113206,0.4722222222222222
upwelling_supported_domain,logistic,trajectory_plus_oisst_cuti_beuti,0.3,2018,181,55,156,51,0.9272727272727272,0.3269230769230769
upwelling_supported_domain,logistic,trajectory_plus_oisst_cuti_beuti,0.3,2019,123,37,21,8,0.21621621621621623,0.38095238095238093
upwelling_supported_domain,logistic,trajectory_plus_oisst_cuti_beuti,0.3,2020,156,47,56,18,0.3829787234042553,0.32142857142857145
upwelling_supported_domain,logistic,trajectory_plus_oisst_cuti_beuti,0.3,2021,161,49,46,18,0.3673469387755102,0.391304347826087
upwelling_supported_domain,logistic,trajectory_plus_oisst_cuti_beuti,0.3,2022,160,48,126,43,0.8958333333333334,0.3412698412698413
upwelling_supported_domain,logistic,trajectory_plus_oisst_cuti_beuti,0.3,2023,111,34,10,6,0.17647058823529413,0.6
upwelling_supported_domain,logistic,trajectory_plus_oisst_cuti_beuti,0.3,2024,138,42,39,18,0.42857142857142855,0.46153846153846156
upwelling_supported_domain,random_forest,current_only,0.05,2005,207,11,129,9,0.8181818181818182,0.06976744186046512
upwelling_supported_domain,random_forest,current_only,0.05,2006,191,10,39,8,0.8,0.20512820512820512
upwelling_supported_domain,random_forest,current_only,0.05,2007,217,11,71,10,0.9090909090909091,0.14084507042253522
upwelling_supported_domain,random_forest,current_only,0.05,2008,216,11,61,4,0.36363636363636365,0.06557377049180328
upwelling_supported_domain,random_forest,current_only,0.05,2009,228,12,99,7,0.5833333333333334,0.0707070707070707
upwelling_supported_domain,random_forest,current_only,0.05,2010,225,12,136,12,1.0,0.08823529411764706
upwelling_supported_domain,random_forest,current_only,0.05,2011,186,10,65,7,0.7,0.1076923076923077
upwelling_supported_domain,random_forest,current_only,0.05,2012,196,10,28,8,0.8,0.2857142857142857
upwelling_supported_domain,random_forest,current_only,0.05,2013,230,12,185,9,0.75,0.04864864864864865
upwelling_supported_domain,random_forest,current_only,0.05,2014,188,10,73,7,0.7,0.0958904109589041
upwelling_supported_domain,random_forest,current_only,0.05,2015,163,9,53,6,0.6666666666666666,0.11320754716981132
upwelling_supported_domain,random_forest,current_only,0.05,2016,168,9,71,7,0.7777777777777778,0.09859154929577464
upwelling_supported_domain,random_forest,current_only,0.05,2017,175,9,36,4,0.4444444444444444,0.1111111111111111
upwelling_supported_domain,random_forest,current_only,0.05,2018,181,10,156,9,0.9,0.057692307692307696
upwelling_supported_domain,random_forest,current_only,0.05,2019,123,7,21,3,0.42857142857142855,0.14285714285714285
upwelling_supported_domain,random_forest,current_only,0.05,2020,156,8,56,3,0.375,0.05357142857142857
upwelling_supported_domain,random_forest,current_only,0.05,2021,161,9,46,3,0.3333333333333333,0.06521739130434782
upwelling_supported_domain,random_forest,current_only,0.05,2022,160,8,126,7,0.875,0.05555555555555555
upwelling_supported_domain,random_forest,current_only,0.05,2023,111,6,10,2,0.3333333333333333,0.2
upwelling_supported_domain,random_forest,current_only,0.05,2024,138,7,39,3,0.42857142857142855,0.07692307692307693
upwelling_supported_domain,random_forest,current_only,0.1,2005,207,21,129,18,0.8571428571428571,0.13953488372093023
upwelling_supported_domain,random_forest,current_only,0.1,2006,191,20,39,12,0.6,0.3076923076923077
upwelling_supported_domain,random_forest,current_only,0.1,2007,217,22,71,20,0.9090909090909091,0.28169014084507044
upwelling_supported_domain,random_forest,current_only,0.1,2008,216,22,61,14,0.6363636363636364,0.22950819672131148
upwelling_supported_domain,random_forest,current_only,0.1,2009,228,23,99,13,0.5652173913043478,0.13131313131313133
upwelling_supported_domain,random_forest,current_only,0.1,2010,225,23,136,21,0.9130434782608695,0.15441176470588236
upwelling_supported_domain,random_forest,current_only,0.1,2011,186,19,65,13,0.6842105263157895,0.2
upwelling_supported_domain,random_forest,current_only,0.1,2012,196,20,28,12,0.6,0.42857142857142855
upwelling_supported_domain,random_forest,current_only,0.1,2013,230,23,185,19,0.8260869565217391,0.10270270270270271
upwelling_supported_domain,random_forest,current_only,0.1,2014,188,19,73,11,0.5789473684210527,0.1506849315068493
upwelling_supported_domain,random_forest,current_only,0.1,2015,163,17,53,10,0.5882352941176471,0.18867924528301888
upwelling_supported_domain,random_forest,current_only,0.1,2016,168,17,71,14,0.8235294117647058,0.19718309859154928
upwelling_supported_domain,random_forest,current_only,0.1,2017,175,18,36,5,0.2777777777777778,0.1388888888888889
upwelling_supported_domain,random_forest,current_only,0.1,2018,181,19,156,17,0.8947368421052632,0.10897435897435898
upwelling_supported_domain,random_forest,current_only,0.1,2019,123,13,21,3,0.23076923076923078,0.14285714285714285
upwelling_supported_domain,random_forest,current_only,0.1,2020,156,16,56,5,0.3125,0.08928571428571429
upwelling_supported_domain,random_forest,current_only,0.1,2021,161,17,46,6,0.35294117647058826,0.13043478260869565
upwelling_supported_domain,random_forest,current_only,0.1,2022,160,16,126,15,0.9375,0.11904761904761904
upwelling_supported_domain,random_forest,current_only,0.1,2023,111,12,10,2,0.16666666666666666,0.2
upwelling_supported_domain,random_forest,current_only,0.1,2024,138,14,39,6,0.42857142857142855,0.15384615384615385
upwelling_supported_domain,random_forest,current_only,0.2,2005,207,42,129,35,0.8333333333333334,0.2713178294573643
upwelling_supported_domain,random_forest,current_only,0.2,2006,191,39,39,19,0.48717948717948717,0.48717948717948717
upwelling_supported_domain,random_forest,current_only,0.2,2007,217,44,71,28,0.6363636363636364,0.39436619718309857
upwelling_supported_domain,random_forest,current_only,0.2,2008,216,44,61,24,0.5454545454545454,0.39344262295081966
upwelling_supported_domain,random_forest,current_only,0.2,2009,228,46,99,29,0.6304347826086957,0.29292929292929293
upwelling_supported_domain,random_forest,current_only,0.2,2010,225,45,136,38,0.8444444444444444,0.27941176470588236
upwelling_supported_domain,random_forest,current_only,0.2,2011,186,38,65,21,0.5526315789473685,0.3230769230769231
upwelling_supported_domain,random_forest,current_only,0.2,2012,196,40,28,15,0.375,0.5357142857142857
upwelling_supported_domain,random_forest,current_only,0.2,2013,230,46,185,39,0.8478260869565217,0.21081081081081082
upwelling_supported_domain,random_forest,current_only,0.2,2014,188,38,73,19,0.5,0.2602739726027397
upwelling_supported_domain,random_forest,current_only,0.2,2015,163,33,53,13,0.3939393939393939,0.24528301886792453
upwelling_supported_domain,random_forest,current_only,0.2,2016,168,34,71,23,0.6764705882352942,0.323943661971831
upwelling_supported_domain,random_forest,current_only,0.2,2017,175,35,36,10,0.2857142857142857,0.2777777777777778
upwelling_supported_domain,random_forest,current_only,0.2,2018,181,37,156,33,0.8918918918918919,0.21153846153846154
upwelling_supported_domain,random_forest,current_only,0.2,2019,123,25,21,7,0.28,0.3333333333333333
upwelling_supported_domain,random_forest,current_only,0.2,2020,156,32,56,9,0.28125,0.16071428571428573
upwelling_supported_domain,random_forest,current_only,0.2,2021,161,33,46,11,0.3333333333333333,0.2391304347826087
upwelling_supported_domain,random_forest,current_only,0.2,2022,160,32,126,29,0.90625,0.23015873015873015
upwelling_supported_domain,random_forest,current_only,0.2,2023,111,23,10,3,0.13043478260869565,0.3
upwelling_supported_domain,random_forest,current_only,0.2,2024,138,28,39,9,0.32142857142857145,0.23076923076923078
upwelling_supported_domain,random_forest,current_only,0.3,2005,207,63,129,48,0.7619047619047619,0.37209302325581395
upwelling_supported_domain,random_forest,current_only,0.3,2006,191,58,39,25,0.43103448275862066,0.6410256410256411
upwelling_supported_domain,random_forest,current_only,0.3,2007,217,66,71,33,0.5,0.4647887323943662
upwelling_supported_domain,random_forest,current_only,0.3,2008,216,65,61,30,0.46153846153846156,0.4918032786885246
upwelling_supported_domain,random_forest,current_only,0.3,2009,228,69,99,44,0.6376811594202898,0.4444444444444444
upwelling_supported_domain,random_forest,current_only,0.3,2010,225,68,136,51,0.75,0.375
upwelling_supported_domain,random_forest,current_only,0.3,2011,186,56,65,28,0.5,0.4307692307692308
upwelling_supported_domain,random_forest,current_only,0.3,2012,196,59,28,18,0.3050847457627119,0.6428571428571429
upwelling_supported_domain,random_forest,current_only,0.3,2013,230,69,185,55,0.7971014492753623,0.2972972972972973
upwelling_supported_domain,random_forest,current_only,0.3,2014,188,57,73,27,0.47368421052631576,0.3698630136986301
upwelling_supported_domain,random_forest,current_only,0.3,2015,163,49,53,19,0.3877551020408163,0.3584905660377358
upwelling_supported_domain,random_forest,current_only,0.3,2016,168,51,71,34,0.6666666666666666,0.4788732394366197
upwelling_supported_domain,random_forest,current_only,0.3,2017,175,53,36,13,0.24528301886792453,0.3611111111111111
upwelling_supported_domain,random_forest,current_only,0.3,2018,181,55,156,50,0.9090909090909091,0.32051282051282054
upwelling_supported_domain,random_forest,current_only,0.3,2019,123,37,21,7,0.1891891891891892,0.3333333333333333
upwelling_supported_domain,random_forest,current_only,0.3,2020,156,47,56,18,0.3829787234042553,0.32142857142857145
upwelling_supported_domain,random_forest,current_only,0.3,2021,161,49,46,18,0.3673469387755102,0.391304347826087
upwelling_supported_domain,random_forest,current_only,0.3,2022,160,48,126,43,0.8958333333333334,0.3412698412698413
upwelling_supported_domain,random_forest,current_only,0.3,2023,111,34,10,4,0.11764705882352941,0.4
upwelling_supported_domain,random_forest,current_only,0.3,2024,138,42,39,14,0.3333333333333333,0.358974358974359
upwelling_supported_domain,random_forest,current_plus_trajectory,0.05,2005,207,11,129,9,0.8181818181818182,0.06976744186046512
upwelling_supported_domain,random_forest,current_plus_trajectory,0.05,2006,191,10,39,9,0.9,0.23076923076923078
upwelling_supported_domain,random_forest,current_plus_trajectory,0.05,2007,217,11,71,10,0.9090909090909091,0.14084507042253522
upwelling_supported_domain,random_forest,current_plus_trajectory,0.05,2008,216,11,61,7,0.6363636363636364,0.11475409836065574
upwelling_supported_domain,random_forest,current_plus_trajectory,0.05,2009,228,12,99,7,0.5833333333333334,0.0707070707070707
upwelling_supported_domain,random_forest,current_plus_trajectory,0.05,2010,225,12,136,12,1.0,0.08823529411764706
upwelling_supported_domain,random_forest,current_plus_trajectory,0.05,2011,186,10,65,9,0.9,0.13846153846153847
upwelling_supported_domain,random_forest,current_plus_trajectory,0.05,2012,196,10,28,8,0.8,0.2857142857142857
upwelling_supported_domain,random_forest,current_plus_trajectory,0.05,2013,230,12,185,10,0.8333333333333334,0.05405405405405406
upwelling_supported_domain,random_forest,current_plus_trajectory,0.05,2014,188,10,73,6,0.6,0.0821917808219178
upwelling_supported_domain,random_forest,current_plus_trajectory,0.05,2015,163,9,53,6,0.6666666666666666,0.11320754716981132
upwelling_supported_domain,random_forest,current_plus_trajectory,0.05,2016,168,9,71,7,0.7777777777777778,0.09859154929577464
upwelling_supported_domain,random_forest,current_plus_trajectory,0.05,2017,175,9,36,5,0.5555555555555556,0.1388888888888889
upwelling_supported_domain,random_forest,current_plus_trajectory,0.05,2018,181,10,156,9,0.9,0.057692307692307696
upwelling_supported_domain,random_forest,current_plus_trajectory,0.05,2019,123,7,21,2,0.2857142857142857,0.09523809523809523
upwelling_supported_domain,random_forest,current_plus_trajectory,0.05,2020,156,8,56,5,0.625,0.08928571428571429
upwelling_supported_domain,random_forest,current_plus_trajectory,0.05,2021,161,9,46,4,0.4444444444444444,0.08695652173913043
upwelling_supported_domain,random_forest,current_plus_trajectory,0.05,2022,160,8,126,8,1.0,0.06349206349206349
upwelling_supported_domain,random_forest,current_plus_trajectory,0.05,2023,111,6,10,2,0.3333333333333333,0.2
upwelling_supported_domain,random_forest,current_plus_trajectory,0.05,2024,138,7,39,2,0.2857142857142857,0.05128205128205128
upwelling_supported_domain,random_forest,current_plus_trajectory,0.1,2005,207,21,129,19,0.9047619047619048,0.14728682170542637
upwelling_supported_domain,random_forest,current_plus_trajectory,0.1,2006,191,20,39,16,0.8,0.41025641025641024
upwelling_supported_domain,random_forest,current_plus_trajectory,0.1,2007,217,22,71,17,0.7727272727272727,0.23943661971830985
upwelling_supported_domain,random_forest,current_plus_trajectory,0.1,2008,216,22,61,12,0.5454545454545454,0.19672131147540983
upwelling_supported_domain,random_forest,current_plus_trajectory,0.1,2009,228,23,99,14,0.6086956521739131,0.1414141414141414
upwelling_supported_domain,random_forest,current_plus_trajectory,0.1,2010,225,23,136,22,0.9565217391304348,0.16176470588235295
upwelling_supported_domain,random_forest,current_plus_trajectory,0.1,2011,186,19,65,16,0.8421052631578947,0.24615384615384617
upwelling_supported_domain,random_forest,current_plus_trajectory,0.1,2012,196,20,28,12,0.6,0.42857142857142855
upwelling_supported_domain,random_forest,current_plus_trajectory,0.1,2013,230,23,185,18,0.782608695652174,0.0972972972972973
upwelling_supported_domain,random_forest,current_plus_trajectory,0.1,2014,188,19,73,9,0.47368421052631576,0.1232876712328767
upwelling_supported_domain,random_forest,current_plus_trajectory,0.1,2015,163,17,53,10,0.5882352941176471,0.18867924528301888
upwelling_supported_domain,random_forest,current_plus_trajectory,0.1,2016,168,17,71,13,0.7647058823529411,0.18309859154929578
upwelling_supported_domain,random_forest,current_plus_trajectory,0.1,2017,175,18,36,7,0.3888888888888889,0.19444444444444445
upwelling_supported_domain,random_forest,current_plus_trajectory,0.1,2018,181,19,156,18,0.9473684210526315,0.11538461538461539
upwelling_supported_domain,random_forest,current_plus_trajectory,0.1,2019,123,13,21,3,0.23076923076923078,0.14285714285714285
upwelling_supported_domain,random_forest,current_plus_trajectory,0.1,2020,156,16,56,6,0.375,0.10714285714285714
upwelling_supported_domain,random_forest,current_plus_trajectory,0.1,2021,161,17,46,7,0.4117647058823529,0.15217391304347827
upwelling_supported_domain,random_forest,current_plus_trajectory,0.1,2022,160,16,126,15,0.9375,0.11904761904761904
upwelling_supported_domain,random_forest,current_plus_trajectory,0.1,2023,111,12,10,3,0.25,0.3
upwelling_supported_domain,random_forest,current_plus_trajectory,0.1,2024,138,14,39,4,0.2857142857142857,0.10256410256410256
upwelling_supported_domain,random_forest,current_plus_trajectory,0.2,2005,207,42,129,32,0.7619047619047619,0.24806201550387597
upwelling_supported_domain,random_forest,current_plus_trajectory,0.2,2006,191,39,39,24,0.6153846153846154,0.6153846153846154
upwelling_supported_domain,random_forest,current_plus_trajectory,0.2,2007,217,44,71,26,0.5909090909090909,0.36619718309859156
upwelling_supported_domain,random_forest,current_plus_trajectory,0.2,2008,216,44,61,24,0.5454545454545454,0.39344262295081966
upwelling_supported_domain,random_forest,current_plus_trajectory,0.2,2009,228,46,99,26,0.5652173913043478,0.26262626262626265
upwelling_supported_domain,random_forest,current_plus_trajectory,0.2,2010,225,45,136,40,0.8888888888888888,0.29411764705882354
upwelling_supported_domain,random_forest,current_plus_trajectory,0.2,2011,186,38,65,22,0.5789473684210527,0.3384615384615385
upwelling_supported_domain,random_forest,current_plus_trajectory,0.2,2012,196,40,28,14,0.35,0.5
upwelling_supported_domain,random_forest,current_plus_trajectory,0.2,2013,230,46,185,37,0.8043478260869565,0.2
upwelling_supported_domain,random_forest,current_plus_trajectory,0.2,2014,188,38,73,17,0.4473684210526316,0.2328767123287671
upwelling_supported_domain,random_forest,current_plus_trajectory,0.2,2015,163,33,53,15,0.45454545454545453,0.2830188679245283
upwelling_supported_domain,random_forest,current_plus_trajectory,0.2,2016,168,34,71,24,0.7058823529411765,0.3380281690140845
upwelling_supported_domain,random_forest,current_plus_trajectory,0.2,2017,175,35,36,12,0.34285714285714286,0.3333333333333333
upwelling_supported_domain,random_forest,current_plus_trajectory,0.2,2018,181,37,156,33,0.8918918918918919,0.21153846153846154
upwelling_supported_domain,random_forest,current_plus_trajectory,0.2,2019,123,25,21,7,0.28,0.3333333333333333
upwelling_supported_domain,random_forest,current_plus_trajectory,0.2,2020,156,32,56,14,0.4375,0.25
upwelling_supported_domain,random_forest,current_plus_trajectory,0.2,2021,161,33,46,13,0.3939393939393939,0.2826086956521739
upwelling_supported_domain,random_forest,current_plus_trajectory,0.2,2022,160,32,126,29,0.90625,0.23015873015873015
upwelling_supported_domain,random_forest,current_plus_trajectory,0.2,2023,111,23,10,4,0.17391304347826086,0.4
upwelling_supported_domain,random_forest,current_plus_trajectory,0.2,2024,138,28,39,11,0.39285714285714285,0.28205128205128205
upwelling_supported_domain,random_forest,current_plus_trajectory,0.3,2005,207,63,129,48,0.7619047619047619,0.37209302325581395
upwelling_supported_domain,random_forest,current_plus_trajectory,0.3,2006,191,58,39,26,0.4482758620689655,0.6666666666666666
upwelling_supported_domain,random_forest,current_plus_trajectory,0.3,2007,217,66,71,34,0.5151515151515151,0.4788732394366197
upwelling_supported_domain,random_forest,current_plus_trajectory,0.3,2008,216,65,61,29,0.4461538461538462,0.47540983606557374
upwelling_supported_domain,random_forest,current_plus_trajectory,0.3,2009,228,69,99,43,0.6231884057971014,0.43434343434343436
upwelling_supported_domain,random_forest,current_plus_trajectory,0.3,2010,225,68,136,57,0.8382352941176471,0.41911764705882354
upwelling_supported_domain,random_forest,current_plus_trajectory,0.3,2011,186,56,65,28,0.5,0.4307692307692308
upwelling_supported_domain,random_forest,current_plus_trajectory,0.3,2012,196,59,28,17,0.288135593220339,0.6071428571428571
upwelling_supported_domain,random_forest,current_plus_trajectory,0.3,2013,230,69,185,55,0.7971014492753623,0.2972972972972973
upwelling_supported_domain,random_forest,current_plus_trajectory,0.3,2014,188,57,73,20,0.3508771929824561,0.273972602739726
upwelling_supported_domain,random_forest,current_plus_trajectory,0.3,2015,163,49,53,23,0.46938775510204084,0.4339622641509434
upwelling_supported_domain,random_forest,current_plus_trajectory,0.3,2016,168,51,71,37,0.7254901960784313,0.5211267605633803
upwelling_supported_domain,random_forest,current_plus_trajectory,0.3,2017,175,53,36,15,0.2830188679245283,0.4166666666666667
upwelling_supported_domain,random_forest,current_plus_trajectory,0.3,2018,181,55,156,50,0.9090909090909091,0.32051282051282054
upwelling_supported_domain,random_forest,current_plus_trajectory,0.3,2019,123,37,21,9,0.24324324324324326,0.42857142857142855
upwelling_supported_domain,random_forest,current_plus_trajectory,0.3,2020,156,47,56,18,0.3829787234042553,0.32142857142857145
upwelling_supported_domain,random_forest,current_plus_trajectory,0.3,2021,161,49,46,19,0.3877551020408163,0.41304347826086957
upwelling_supported_domain,random_forest,current_plus_trajectory,0.3,2022,160,48,126,39,0.8125,0.30952380952380953
upwelling_supported_domain,random_forest,current_plus_trajectory,0.3,2023,111,34,10,6,0.17647058823529413,0.6
upwelling_supported_domain,random_forest,current_plus_trajectory,0.3,2024,138,42,39,20,0.47619047619047616,0.5128205128205128
upwelling_supported_domain,random_forest,trajectory_plus_oisst,0.05,2005,207,11,129,10,0.9090909090909091,0.07751937984496124
upwelling_supported_domain,random_forest,trajectory_plus_oisst,0.05,2006,191,10,39,10,1.0,0.2564102564102564
upwelling_supported_domain,random_forest,trajectory_plus_oisst,0.05,2007,217,11,71,10,0.9090909090909091,0.14084507042253522
upwelling_supported_domain,random_forest,trajectory_plus_oisst,0.05,2008,216,11,61,7,0.6363636363636364,0.11475409836065574
upwelling_supported_domain,random_forest,trajectory_plus_oisst,0.05,2009,228,12,99,8,0.6666666666666666,0.08080808080808081
upwelling_supported_domain,random_forest,trajectory_plus_oisst,0.05,2010,225,12,136,12,1.0,0.08823529411764706
upwelling_supported_domain,random_forest,trajectory_plus_oisst,0.05,2011,186,10,65,10,1.0,0.15384615384615385
upwelling_supported_domain,random_forest,trajectory_plus_oisst,0.05,2012,196,10,28,9,0.9,0.32142857142857145
upwelling_supported_domain,random_forest,trajectory_plus_oisst,0.05,2013,230,12,185,11,0.9166666666666666,0.05945945945945946
upwelling_supported_domain,random_forest,trajectory_plus_oisst,0.05,2014,188,10,73,7,0.7,0.0958904109589041
upwelling_supported_domain,random_forest,trajectory_plus_oisst,0.05,2015,163,9,53,6,0.6666666666666666,0.11320754716981132
upwelling_supported_domain,random_forest,trajectory_plus_oisst,0.05,2016,168,9,71,7,0.7777777777777778,0.09859154929577464
upwelling_supported_domain,random_forest,trajectory_plus_oisst,0.05,2017,175,9,36,4,0.4444444444444444,0.1111111111111111
upwelling_supported_domain,random_forest,trajectory_plus_oisst,0.05,2018,181,10,156,9,0.9,0.057692307692307696
upwelling_supported_domain,random_forest,trajectory_plus_oisst,0.05,2019,123,7,21,2,0.2857142857142857,0.09523809523809523
upwelling_supported_domain,random_forest,trajectory_plus_oisst,0.05,2020,156,8,56,5,0.625,0.08928571428571429
upwelling_supported_domain,random_forest,trajectory_plus_oisst,0.05,2021,161,9,46,6,0.6666666666666666,0.13043478260869565
upwelling_supported_domain,random_forest,trajectory_plus_oisst,0.05,2022,160,8,126,8,1.0,0.06349206349206349
upwelling_supported_domain,random_forest,trajectory_plus_oisst,0.05,2023,111,6,10,2,0.3333333333333333,0.2
upwelling_supported_domain,random_forest,trajectory_plus_oisst,0.05,2024,138,7,39,2,0.2857142857142857,0.05128205128205128
upwelling_supported_domain,random_forest,trajectory_plus_oisst,0.1,2005,207,21,129,19,0.9047619047619048,0.14728682170542637
upwelling_supported_domain,random_forest,trajectory_plus_oisst,0.1,2006,191,20,39,16,0.8,0.41025641025641024
upwelling_supported_domain,random_forest,trajectory_plus_oisst,0.1,2007,217,22,71,14,0.6363636363636364,0.19718309859154928
upwelling_supported_domain,random_forest,trajectory_plus_oisst,0.1,2008,216,22,61,15,0.6818181818181818,0.2459016393442623
upwelling_supported_domain,random_forest,trajectory_plus_oisst,0.1,2009,228,23,99,13,0.5652173913043478,0.13131313131313133
upwelling_supported_domain,random_forest,trajectory_plus_oisst,0.1,2010,225,23,136,21,0.9130434782608695,0.15441176470588236
upwelling_supported_domain,random_forest,trajectory_plus_oisst,0.1,2011,186,19,65,16,0.8421052631578947,0.24615384615384617
upwelling_supported_domain,random_forest,trajectory_plus_oisst,0.1,2012,196,20,28,14,0.7,0.5
upwelling_supported_domain,random_forest,trajectory_plus_oisst,0.1,2013,230,23,185,20,0.8695652173913043,0.10810810810810811
upwelling_supported_domain,random_forest,trajectory_plus_oisst,0.1,2014,188,19,73,10,0.5263157894736842,0.136986301369863
upwelling_supported_domain,random_forest,trajectory_plus_oisst,0.1,2015,163,17,53,10,0.5882352941176471,0.18867924528301888
upwelling_supported_domain,random_forest,trajectory_plus_oisst,0.1,2016,168,17,71,12,0.7058823529411765,0.16901408450704225
upwelling_supported_domain,random_forest,trajectory_plus_oisst,0.1,2017,175,18,36,8,0.4444444444444444,0.2222222222222222
upwelling_supported_domain,random_forest,trajectory_plus_oisst,0.1,2018,181,19,156,18,0.9473684210526315,0.11538461538461539
upwelling_supported_domain,random_forest,trajectory_plus_oisst,0.1,2019,123,13,21,5,0.38461538461538464,0.23809523809523808
upwelling_supported_domain,random_forest,trajectory_plus_oisst,0.1,2020,156,16,56,9,0.5625,0.16071428571428573
upwelling_supported_domain,random_forest,trajectory_plus_oisst,0.1,2021,161,17,46,8,0.47058823529411764,0.17391304347826086
upwelling_supported_domain,random_forest,trajectory_plus_oisst,0.1,2022,160,16,126,14,0.875,0.1111111111111111
upwelling_supported_domain,random_forest,trajectory_plus_oisst,0.1,2023,111,12,10,3,0.25,0.3
upwelling_supported_domain,random_forest,trajectory_plus_oisst,0.1,2024,138,14,39,4,0.2857142857142857,0.10256410256410256
upwelling_supported_domain,random_forest,trajectory_plus_oisst,0.2,2005,207,42,129,34,0.8095238095238095,0.26356589147286824
upwelling_supported_domain,random_forest,trajectory_plus_oisst,0.2,2006,191,39,39,23,0.5897435897435898,0.5897435897435898
upwelling_supported_domain,random_forest,trajectory_plus_oisst,0.2,2007,217,44,71,20,0.45454545454545453,0.28169014084507044
upwelling_supported_domain,random_forest,trajectory_plus_oisst,0.2,2008,216,44,61,25,0.5681818181818182,0.4098360655737705
upwelling_supported_domain,random_forest,trajectory_plus_oisst,0.2,2009,228,46,99,27,0.5869565217391305,0.2727272727272727
upwelling_supported_domain,random_forest,trajectory_plus_oisst,0.2,2010,225,45,136,39,0.8666666666666667,0.2867647058823529
upwelling_supported_domain,random_forest,trajectory_plus_oisst,0.2,2011,186,38,65,25,0.6578947368421053,0.38461538461538464
upwelling_supported_domain,random_forest,trajectory_plus_oisst,0.2,2012,196,40,28,17,0.425,0.6071428571428571
upwelling_supported_domain,random_forest,trajectory_plus_oisst,0.2,2013,230,46,185,39,0.8478260869565217,0.21081081081081082
upwelling_supported_domain,random_forest,trajectory_plus_oisst,0.2,2014,188,38,73,15,0.39473684210526316,0.2054794520547945
upwelling_supported_domain,random_forest,trajectory_plus_oisst,0.2,2015,163,33,53,15,0.45454545454545453,0.2830188679245283
upwelling_supported_domain,random_forest,trajectory_plus_oisst,0.2,2016,168,34,71,25,0.7352941176470589,0.352112676056338
upwelling_supported_domain,random_forest,trajectory_plus_oisst,0.2,2017,175,35,36,11,0.3142857142857143,0.3055555555555556
upwelling_supported_domain,random_forest,trajectory_plus_oisst,0.2,2018,181,37,156,35,0.9459459459459459,0.22435897435897437
upwelling_supported_domain,random_forest,trajectory_plus_oisst,0.2,2019,123,25,21,7,0.28,0.3333333333333333
upwelling_supported_domain,random_forest,trajectory_plus_oisst,0.2,2020,156,32,56,13,0.40625,0.23214285714285715
upwelling_supported_domain,random_forest,trajectory_plus_oisst,0.2,2021,161,33,46,14,0.42424242424242425,0.30434782608695654
upwelling_supported_domain,random_forest,trajectory_plus_oisst,0.2,2022,160,32,126,27,0.84375,0.21428571428571427
upwelling_supported_domain,random_forest,trajectory_plus_oisst,0.2,2023,111,23,10,3,0.13043478260869565,0.3
upwelling_supported_domain,random_forest,trajectory_plus_oisst,0.2,2024,138,28,39,13,0.4642857142857143,0.3333333333333333
upwelling_supported_domain,random_forest,trajectory_plus_oisst,0.3,2005,207,63,129,49,0.7777777777777778,0.3798449612403101
upwelling_supported_domain,random_forest,trajectory_plus_oisst,0.3,2006,191,58,39,28,0.4827586206896552,0.717948717948718
upwelling_supported_domain,random_forest,trajectory_plus_oisst,0.3,2007,217,66,71,32,0.48484848484848486,0.4507042253521127
upwelling_supported_domain,random_forest,trajectory_plus_oisst,0.3,2008,216,65,61,30,0.46153846153846156,0.4918032786885246
upwelling_supported_domain,random_forest,trajectory_plus_oisst,0.3,2009,228,69,99,42,0.6086956521739131,0.42424242424242425
upwelling_supported_domain,random_forest,trajectory_plus_oisst,0.3,2010,225,68,136,56,0.8235294117647058,0.4117647058823529
upwelling_supported_domain,random_forest,trajectory_plus_oisst,0.3,2011,186,56,65,31,0.5535714285714286,0.47692307692307695
upwelling_supported_domain,random_forest,trajectory_plus_oisst,0.3,2012,196,59,28,22,0.3728813559322034,0.7857142857142857
upwelling_supported_domain,random_forest,trajectory_plus_oisst,0.3,2013,230,69,185,58,0.8405797101449275,0.31351351351351353
upwelling_supported_domain,random_forest,trajectory_plus_oisst,0.3,2014,188,57,73,20,0.3508771929824561,0.273972602739726
upwelling_supported_domain,random_forest,trajectory_plus_oisst,0.3,2015,163,49,53,22,0.4489795918367347,0.41509433962264153
upwelling_supported_domain,random_forest,trajectory_plus_oisst,0.3,2016,168,51,71,38,0.7450980392156863,0.5352112676056338
upwelling_supported_domain,random_forest,trajectory_plus_oisst,0.3,2017,175,53,36,17,0.32075471698113206,0.4722222222222222
upwelling_supported_domain,random_forest,trajectory_plus_oisst,0.3,2018,181,55,156,51,0.9272727272727272,0.3269230769230769
upwelling_supported_domain,random_forest,trajectory_plus_oisst,0.3,2019,123,37,21,10,0.2702702702702703,0.47619047619047616
upwelling_supported_domain,random_forest,trajectory_plus_oisst,0.3,2020,156,47,56,17,0.3617021276595745,0.30357142857142855
upwelling_supported_domain,random_forest,trajectory_plus_oisst,0.3,2021,161,49,46,18,0.3673469387755102,0.391304347826087
upwelling_supported_domain,random_forest,trajectory_plus_oisst,0.3,2022,160,48,126,39,0.8125,0.30952380952380953
upwelling_supported_domain,random_forest,trajectory_plus_oisst,0.3,2023,111,34,10,7,0.20588235294117646,0.7
upwelling_supported_domain,random_forest,trajectory_plus_oisst,0.3,2024,138,42,39,21,0.5,0.5384615384615384
upwelling_supported_domain,random_forest,trajectory_plus_oisst_cuti_beuti,0.05,2005,207,11,129,10,0.9090909090909091,0.07751937984496124
upwelling_supported_domain,random_forest,trajectory_plus_oisst_cuti_beuti,0.05,2006,191,10,39,10,1.0,0.2564102564102564
upwelling_supported_domain,random_forest,trajectory_plus_oisst_cuti_beuti,0.05,2007,217,11,71,9,0.8181818181818182,0.1267605633802817
upwelling_supported_domain,random_forest,trajectory_plus_oisst_cuti_beuti,0.05,2008,216,11,61,8,0.7272727272727273,0.13114754098360656
upwelling_supported_domain,random_forest,trajectory_plus_oisst_cuti_beuti,0.05,2009,228,12,99,6,0.5,0.06060606060606061
upwelling_supported_domain,random_forest,trajectory_plus_oisst_cuti_beuti,0.05,2010,225,12,136,11,0.9166666666666666,0.08088235294117647
upwelling_supported_domain,random_forest,trajectory_plus_oisst_cuti_beuti,0.05,2011,186,10,65,9,0.9,0.13846153846153847
upwelling_supported_domain,random_forest,trajectory_plus_oisst_cuti_beuti,0.05,2012,196,10,28,10,1.0,0.35714285714285715
upwelling_supported_domain,random_forest,trajectory_plus_oisst_cuti_beuti,0.05,2013,230,12,185,12,1.0,0.06486486486486487
upwelling_supported_domain,random_forest,trajectory_plus_oisst_cuti_beuti,0.05,2014,188,10,73,6,0.6,0.0821917808219178
upwelling_supported_domain,random_forest,trajectory_plus_oisst_cuti_beuti,0.05,2015,163,9,53,6,0.6666666666666666,0.11320754716981132
upwelling_supported_domain,random_forest,trajectory_plus_oisst_cuti_beuti,0.05,2016,168,9,71,7,0.7777777777777778,0.09859154929577464
upwelling_supported_domain,random_forest,trajectory_plus_oisst_cuti_beuti,0.05,2017,175,9,36,4,0.4444444444444444,0.1111111111111111
upwelling_supported_domain,random_forest,trajectory_plus_oisst_cuti_beuti,0.05,2018,181,10,156,10,1.0,0.0641025641025641
upwelling_supported_domain,random_forest,trajectory_plus_oisst_cuti_beuti,0.05,2019,123,7,21,2,0.2857142857142857,0.09523809523809523
upwelling_supported_domain,random_forest,trajectory_plus_oisst_cuti_beuti,0.05,2020,156,8,56,4,0.5,0.07142857142857142
upwelling_supported_domain,random_forest,trajectory_plus_oisst_cuti_beuti,0.05,2021,161,9,46,7,0.7777777777777778,0.15217391304347827
upwelling_supported_domain,random_forest,trajectory_plus_oisst_cuti_beuti,0.05,2022,160,8,126,8,1.0,0.06349206349206349
upwelling_supported_domain,random_forest,trajectory_plus_oisst_cuti_beuti,0.05,2023,111,6,10,3,0.5,0.3
upwelling_supported_domain,random_forest,trajectory_plus_oisst_cuti_beuti,0.05,2024,138,7,39,2,0.2857142857142857,0.05128205128205128
upwelling_supported_domain,random_forest,trajectory_plus_oisst_cuti_beuti,0.1,2005,207,21,129,19,0.9047619047619048,0.14728682170542637
upwelling_supported_domain,random_forest,trajectory_plus_oisst_cuti_beuti,0.1,2006,191,20,39,17,0.85,0.4358974358974359
upwelling_supported_domain,random_forest,trajectory_plus_oisst_cuti_beuti,0.1,2007,217,22,71,13,0.5909090909090909,0.18309859154929578
upwelling_supported_domain,random_forest,trajectory_plus_oisst_cuti_beuti,0.1,2008,216,22,61,17,0.7727272727272727,0.2786885245901639
upwelling_supported_domain,random_forest,trajectory_plus_oisst_cuti_beuti,0.1,2009,228,23,99,14,0.6086956521739131,0.1414141414141414
upwelling_supported_domain,random_forest,trajectory_plus_oisst_cuti_beuti,0.1,2010,225,23,136,21,0.9130434782608695,0.15441176470588236
upwelling_supported_domain,random_forest,trajectory_plus_oisst_cuti_beuti,0.1,2011,186,19,65,16,0.8421052631578947,0.24615384615384617
upwelling_supported_domain,random_forest,trajectory_plus_oisst_cuti_beuti,0.1,2012,196,20,28,14,0.7,0.5
upwelling_supported_domain,random_forest,trajectory_plus_oisst_cuti_beuti,0.1,2013,230,23,185,19,0.8260869565217391,0.10270270270270271
upwelling_supported_domain,random_forest,trajectory_plus_oisst_cuti_beuti,0.1,2014,188,19,73,11,0.5789473684210527,0.1506849315068493
upwelling_supported_domain,random_forest,trajectory_plus_oisst_cuti_beuti,0.1,2015,163,17,53,10,0.5882352941176471,0.18867924528301888
upwelling_supported_domain,random_forest,trajectory_plus_oisst_cuti_beuti,0.1,2016,168,17,71,12,0.7058823529411765,0.16901408450704225
upwelling_supported_domain,random_forest,trajectory_plus_oisst_cuti_beuti,0.1,2017,175,18,36,8,0.4444444444444444,0.2222222222222222
upwelling_supported_domain,random_forest,trajectory_plus_oisst_cuti_beuti,0.1,2018,181,19,156,19,1.0,0.12179487179487179
upwelling_supported_domain,random_forest,trajectory_plus_oisst_cuti_beuti,0.1,2019,123,13,21,5,0.38461538461538464,0.23809523809523808
upwelling_supported_domain,random_forest,trajectory_plus_oisst_cuti_beuti,0.1,2020,156,16,56,9,0.5625,0.16071428571428573
upwelling_supported_domain,random_forest,trajectory_plus_oisst_cuti_beuti,0.1,2021,161,17,46,11,0.6470588235294118,0.2391304347826087
upwelling_supported_domain,random_forest,trajectory_plus_oisst_cuti_beuti,0.1,2022,160,16,126,15,0.9375,0.11904761904761904
upwelling_supported_domain,random_forest,trajectory_plus_oisst_cuti_beuti,0.1,2023,111,12,10,3,0.25,0.3
upwelling_supported_domain,random_forest,trajectory_plus_oisst_cuti_beuti,0.1,2024,138,14,39,4,0.2857142857142857,0.10256410256410256
upwelling_supported_domain,random_forest,trajectory_plus_oisst_cuti_beuti,0.2,2005,207,42,129,32,0.7619047619047619,0.24806201550387597
upwelling_supported_domain,random_forest,trajectory_plus_oisst_cuti_beuti,0.2,2006,191,39,39,24,0.6153846153846154,0.6153846153846154
upwelling_supported_domain,random_forest,trajectory_plus_oisst_cuti_beuti,0.2,2007,217,44,71,15,0.3409090909090909,0.2112676056338028
upwelling_supported_domain,random_forest,trajectory_plus_oisst_cuti_beuti,0.2,2008,216,44,61,22,0.5,0.36065573770491804
upwelling_supported_domain,random_forest,trajectory_plus_oisst_cuti_beuti,0.2,2009,228,46,99,27,0.5869565217391305,0.2727272727272727
upwelling_supported_domain,random_forest,trajectory_plus_oisst_cuti_beuti,0.2,2010,225,45,136,38,0.8444444444444444,0.27941176470588236
upwelling_supported_domain,random_forest,trajectory_plus_oisst_cuti_beuti,0.2,2011,186,38,65,27,0.7105263157894737,0.4153846153846154
upwelling_supported_domain,random_forest,trajectory_plus_oisst_cuti_beuti,0.2,2012,196,40,28,16,0.4,0.5714285714285714
upwelling_supported_domain,random_forest,trajectory_plus_oisst_cuti_beuti,0.2,2013,230,46,185,38,0.8260869565217391,0.20540540540540542
upwelling_supported_domain,random_forest,trajectory_plus_oisst_cuti_beuti,0.2,2014,188,38,73,15,0.39473684210526316,0.2054794520547945
upwelling_supported_domain,random_forest,trajectory_plus_oisst_cuti_beuti,0.2,2015,163,33,53,19,0.5757575757575758,0.3584905660377358
upwelling_supported_domain,random_forest,trajectory_plus_oisst_cuti_beuti,0.2,2016,168,34,71,24,0.7058823529411765,0.3380281690140845
upwelling_supported_domain,random_forest,trajectory_plus_oisst_cuti_beuti,0.2,2017,175,35,36,12,0.34285714285714286,0.3333333333333333
upwelling_supported_domain,random_forest,trajectory_plus_oisst_cuti_beuti,0.2,2018,181,37,156,34,0.918918918918919,0.21794871794871795
upwelling_supported_domain,random_forest,trajectory_plus_oisst_cuti_beuti,0.2,2019,123,25,21,7,0.28,0.3333333333333333
upwelling_supported_domain,random_forest,trajectory_plus_oisst_cuti_beuti,0.2,2020,156,32,56,12,0.375,0.21428571428571427
upwelling_supported_domain,random_forest,trajectory_plus_oisst_cuti_beuti,0.2,2021,161,33,46,15,0.45454545454545453,0.32608695652173914
upwelling_supported_domain,random_forest,trajectory_plus_oisst_cuti_beuti,0.2,2022,160,32,126,25,0.78125,0.1984126984126984
upwelling_supported_domain,random_forest,trajectory_plus_oisst_cuti_beuti,0.2,2023,111,23,10,4,0.17391304347826086,0.4
upwelling_supported_domain,random_forest,trajectory_plus_oisst_cuti_beuti,0.2,2024,138,28,39,12,0.42857142857142855,0.3076923076923077
upwelling_supported_domain,random_forest,trajectory_plus_oisst_cuti_beuti,0.3,2005,207,63,129,47,0.746031746031746,0.3643410852713178
upwelling_supported_domain,random_forest,trajectory_plus_oisst_cuti_beuti,0.3,2006,191,58,39,29,0.5,0.7435897435897436
upwelling_supported_domain,random_forest,trajectory_plus_oisst_cuti_beuti,0.3,2007,217,66,71,16,0.24242424242424243,0.22535211267605634
upwelling_supported_domain,random_forest,trajectory_plus_oisst_cuti_beuti,0.3,2008,216,65,61,28,0.4307692307692308,0.45901639344262296
upwelling_supported_domain,random_forest,trajectory_plus_oisst_cuti_beuti,0.3,2009,228,69,99,42,0.6086956521739131,0.42424242424242425
upwelling_supported_domain,random_forest,trajectory_plus_oisst_cuti_beuti,0.3,2010,225,68,136,58,0.8529411764705882,0.4264705882352941
upwelling_supported_domain,random_forest,trajectory_plus_oisst_cuti_beuti,0.3,2011,186,56,65,39,0.6964285714285714,0.6
upwelling_supported_domain,random_forest,trajectory_plus_oisst_cuti_beuti,0.3,2012,196,59,28,18,0.3050847457627119,0.6428571428571429
upwelling_supported_domain,random_forest,trajectory_plus_oisst_cuti_beuti,0.3,2013,230,69,185,61,0.8840579710144928,0.32972972972972975
upwelling_supported_domain,random_forest,trajectory_plus_oisst_cuti_beuti,0.3,2014,188,57,73,21,0.3684210526315789,0.2876712328767123
upwelling_supported_domain,random_forest,trajectory_plus_oisst_cuti_beuti,0.3,2015,163,49,53,25,0.5102040816326531,0.4716981132075472
upwelling_supported_domain,random_forest,trajectory_plus_oisst_cuti_beuti,0.3,2016,168,51,71,36,0.7058823529411765,0.5070422535211268
upwelling_supported_domain,random_forest,trajectory_plus_oisst_cuti_beuti,0.3,2017,175,53,36,17,0.32075471698113206,0.4722222222222222
upwelling_supported_domain,random_forest,trajectory_plus_oisst_cuti_beuti,0.3,2018,181,55,156,51,0.9272727272727272,0.3269230769230769
upwelling_supported_domain,random_forest,trajectory_plus_oisst_cuti_beuti,0.3,2019,123,37,21,10,0.2702702702702703,0.47619047619047616
upwelling_supported_domain,random_forest,trajectory_plus_oisst_cuti_beuti,0.3,2020,156,47,56,17,0.3617021276595745,0.30357142857142855
upwelling_supported_domain,random_forest,trajectory_plus_oisst_cuti_beuti,0.3,2021,161,49,46,19,0.3877551020408163,0.41304347826086957
upwelling_supported_domain,random_forest,trajectory_plus_oisst_cuti_beuti,0.3,2022,160,48,126,39,0.8125,0.30952380952380953
upwelling_supported_domain,random_forest,trajectory_plus_oisst_cuti_beuti,0.3,2023,111,34,10,6,0.17647058823529413,0.6
upwelling_supported_domain,random_forest,trajectory_plus_oisst_cuti_beuti,0.3,2024,138,42,39,18,0.42857142857142855,0.46153846153846156
upwelling_supported_domain,xgboost,current_only,0.05,2005,207,11,129,9,0.8181818181818182,0.06976744186046512
upwelling_supported_domain,xgboost,current_only,0.05,2006,191,10,39,8,0.8,0.20512820512820512
upwelling_supported_domain,xgboost,current_only,0.05,2007,217,11,71,10,0.9090909090909091,0.14084507042253522
upwelling_supported_domain,xgboost,current_only,0.05,2008,216,11,61,7,0.6363636363636364,0.11475409836065574
upwelling_supported_domain,xgboost,current_only,0.05,2009,228,12,99,5,0.4166666666666667,0.050505050505050504
upwelling_supported_domain,xgboost,current_only,0.05,2010,225,12,136,12,1.0,0.08823529411764706
upwelling_supported_domain,xgboost,current_only,0.05,2011,186,10,65,8,0.8,0.12307692307692308
upwelling_supported_domain,xgboost,current_only,0.05,2012,196,10,28,7,0.7,0.25
upwelling_supported_domain,xgboost,current_only,0.05,2013,230,12,185,9,0.75,0.04864864864864865
upwelling_supported_domain,xgboost,current_only,0.05,2014,188,10,73,7,0.7,0.0958904109589041
upwelling_supported_domain,xgboost,current_only,0.05,2015,163,9,53,6,0.6666666666666666,0.11320754716981132
upwelling_supported_domain,xgboost,current_only,0.05,2016,168,9,71,8,0.8888888888888888,0.11267605633802817
upwelling_supported_domain,xgboost,current_only,0.05,2017,175,9,36,4,0.4444444444444444,0.1111111111111111
upwelling_supported_domain,xgboost,current_only,0.05,2018,181,10,156,8,0.8,0.05128205128205128
upwelling_supported_domain,xgboost,current_only,0.05,2019,123,7,21,3,0.42857142857142855,0.14285714285714285
upwelling_supported_domain,xgboost,current_only,0.05,2020,156,8,56,2,0.25,0.03571428571428571
upwelling_supported_domain,xgboost,current_only,0.05,2021,161,9,46,2,0.2222222222222222,0.043478260869565216
upwelling_supported_domain,xgboost,current_only,0.05,2022,160,8,126,7,0.875,0.05555555555555555
upwelling_supported_domain,xgboost,current_only,0.05,2023,111,6,10,2,0.3333333333333333,0.2
upwelling_supported_domain,xgboost,current_only,0.05,2024,138,7,39,2,0.2857142857142857,0.05128205128205128
upwelling_supported_domain,xgboost,current_only,0.1,2005,207,21,129,18,0.8571428571428571,0.13953488372093023
upwelling_supported_domain,xgboost,current_only,0.1,2006,191,20,39,12,0.6,0.3076923076923077
upwelling_supported_domain,xgboost,current_only,0.1,2007,217,22,71,20,0.9090909090909091,0.28169014084507044
upwelling_supported_domain,xgboost,current_only,0.1,2008,216,22,61,14,0.6363636363636364,0.22950819672131148
upwelling_supported_domain,xgboost,current_only,0.1,2009,228,23,99,13,0.5652173913043478,0.13131313131313133
upwelling_supported_domain,xgboost,current_only,0.1,2010,225,23,136,22,0.9565217391304348,0.16176470588235295
upwelling_supported_domain,xgboost,current_only,0.1,2011,186,19,65,12,0.631578947368421,0.18461538461538463
upwelling_supported_domain,xgboost,current_only,0.1,2012,196,20,28,13,0.65,0.4642857142857143
upwelling_supported_domain,xgboost,current_only,0.1,2013,230,23,185,19,0.8260869565217391,0.10270270270270271
upwelling_supported_domain,xgboost,current_only,0.1,2014,188,19,73,10,0.5263157894736842,0.136986301369863
upwelling_supported_domain,xgboost,current_only,0.1,2015,163,17,53,10,0.5882352941176471,0.18867924528301888
upwelling_supported_domain,xgboost,current_only,0.1,2016,168,17,71,13,0.7647058823529411,0.18309859154929578
upwelling_supported_domain,xgboost,current_only,0.1,2017,175,18,36,5,0.2777777777777778,0.1388888888888889
upwelling_supported_domain,xgboost,current_only,0.1,2018,181,19,156,17,0.8947368421052632,0.10897435897435898
upwelling_supported_domain,xgboost,current_only,0.1,2019,123,13,21,5,0.38461538461538464,0.23809523809523808
upwelling_supported_domain,xgboost,current_only,0.1,2020,156,16,56,5,0.3125,0.08928571428571429
upwelling_supported_domain,xgboost,current_only,0.1,2021,161,17,46,6,0.35294117647058826,0.13043478260869565
upwelling_supported_domain,xgboost,current_only,0.1,2022,160,16,126,15,0.9375,0.11904761904761904
upwelling_supported_domain,xgboost,current_only,0.1,2023,111,12,10,3,0.25,0.3
upwelling_supported_domain,xgboost,current_only,0.1,2024,138,14,39,6,0.42857142857142855,0.15384615384615385
upwelling_supported_domain,xgboost,current_only,0.2,2005,207,42,129,36,0.8571428571428571,0.27906976744186046
upwelling_supported_domain,xgboost,current_only,0.2,2006,191,39,39,17,0.4358974358974359,0.4358974358974359
upwelling_supported_domain,xgboost,current_only,0.2,2007,217,44,71,26,0.5909090909090909,0.36619718309859156
upwelling_supported_domain,xgboost,current_only,0.2,2008,216,44,61,24,0.5454545454545454,0.39344262295081966
upwelling_supported_domain,xgboost,current_only,0.2,2009,228,46,99,27,0.5869565217391305,0.2727272727272727
upwelling_supported_domain,xgboost,current_only,0.2,2010,225,45,136,38,0.8444444444444444,0.27941176470588236
upwelling_supported_domain,xgboost,current_only,0.2,2011,186,38,65,20,0.5263157894736842,0.3076923076923077
upwelling_supported_domain,xgboost,current_only,0.2,2012,196,40,28,14,0.35,0.5
upwelling_supported_domain,xgboost,current_only,0.2,2013,230,46,185,39,0.8478260869565217,0.21081081081081082
upwelling_supported_domain,xgboost,current_only,0.2,2014,188,38,73,20,0.5263157894736842,0.273972602739726
upwelling_supported_domain,xgboost,current_only,0.2,2015,163,33,53,13,0.3939393939393939,0.24528301886792453
upwelling_supported_domain,xgboost,current_only,0.2,2016,168,34,71,23,0.6764705882352942,0.323943661971831
upwelling_supported_domain,xgboost,current_only,0.2,2017,175,35,36,9,0.2571428571428571,0.25
upwelling_supported_domain,xgboost,current_only,0.2,2018,181,37,156,34,0.918918918918919,0.21794871794871795
upwelling_supported_domain,xgboost,current_only,0.2,2019,123,25,21,7,0.28,0.3333333333333333
upwelling_supported_domain,xgboost,current_only,0.2,2020,156,32,56,11,0.34375,0.19642857142857142
upwelling_supported_domain,xgboost,current_only,0.2,2021,161,33,46,11,0.3333333333333333,0.2391304347826087
upwelling_supported_domain,xgboost,current_only,0.2,2022,160,32,126,29,0.90625,0.23015873015873015
upwelling_supported_domain,xgboost,current_only,0.2,2023,111,23,10,4,0.17391304347826086,0.4
upwelling_supported_domain,xgboost,current_only,0.2,2024,138,28,39,9,0.32142857142857145,0.23076923076923078
upwelling_supported_domain,xgboost,current_only,0.3,2005,207,63,129,49,0.7777777777777778,0.3798449612403101
upwelling_supported_domain,xgboost,current_only,0.3,2006,191,58,39,22,0.3793103448275862,0.5641025641025641
upwelling_supported_domain,xgboost,current_only,0.3,2007,217,66,71,34,0.5151515151515151,0.4788732394366197
upwelling_supported_domain,xgboost,current_only,0.3,2008,216,65,61,31,0.47692307692307695,0.5081967213114754
upwelling_supported_domain,xgboost,current_only,0.3,2009,228,69,99,41,0.5942028985507246,0.41414141414141414
upwelling_supported_domain,xgboost,current_only,0.3,2010,225,68,136,50,0.7352941176470589,0.36764705882352944
upwelling_supported_domain,xgboost,current_only,0.3,2011,186,56,65,29,0.5178571428571429,0.4461538461538462
upwelling_supported_domain,xgboost,current_only,0.3,2012,196,59,28,17,0.288135593220339,0.6071428571428571
upwelling_supported_domain,xgboost,current_only,0.3,2013,230,69,185,57,0.8260869565217391,0.3081081081081081
upwelling_supported_domain,xgboost,current_only,0.3,2014,188,57,73,28,0.49122807017543857,0.3835616438356164
upwelling_supported_domain,xgboost,current_only,0.3,2015,163,49,53,18,0.3673469387755102,0.33962264150943394
upwelling_supported_domain,xgboost,current_only,0.3,2016,168,51,71,33,0.6470588235294118,0.4647887323943662
upwelling_supported_domain,xgboost,current_only,0.3,2017,175,53,36,13,0.24528301886792453,0.3611111111111111
upwelling_supported_domain,xgboost,current_only,0.3,2018,181,55,156,50,0.9090909090909091,0.32051282051282054
upwelling_supported_domain,xgboost,current_only,0.3,2019,123,37,21,7,0.1891891891891892,0.3333333333333333
upwelling_supported_domain,xgboost,current_only,0.3,2020,156,47,56,19,0.40425531914893614,0.3392857142857143
upwelling_supported_domain,xgboost,current_only,0.3,2021,161,49,46,16,0.32653061224489793,0.34782608695652173
upwelling_supported_domain,xgboost,current_only,0.3,2022,160,48,126,43,0.8958333333333334,0.3412698412698413
upwelling_supported_domain,xgboost,current_only,0.3,2023,111,34,10,4,0.11764705882352941,0.4
upwelling_supported_domain,xgboost,current_only,0.3,2024,138,42,39,14,0.3333333333333333,0.358974358974359
upwelling_supported_domain,xgboost,current_plus_trajectory,0.05,2005,207,11,129,9,0.8181818181818182,0.06976744186046512
upwelling_supported_domain,xgboost,current_plus_trajectory,0.05,2006,191,10,39,7,0.7,0.1794871794871795
upwelling_supported_domain,xgboost,current_plus_trajectory,0.05,2007,217,11,71,10,0.9090909090909091,0.14084507042253522
upwelling_supported_domain,xgboost,current_plus_trajectory,0.05,2008,216,11,61,5,0.45454545454545453,0.08196721311475409
upwelling_supported_domain,xgboost,current_plus_trajectory,0.05,2009,228,12,99,7,0.5833333333333334,0.0707070707070707
upwelling_supported_domain,xgboost,current_plus_trajectory,0.05,2010,225,12,136,11,0.9166666666666666,0.08088235294117647
upwelling_supported_domain,xgboost,current_plus_trajectory,0.05,2011,186,10,65,8,0.8,0.12307692307692308
upwelling_supported_domain,xgboost,current_plus_trajectory,0.05,2012,196,10,28,7,0.7,0.25
upwelling_supported_domain,xgboost,current_plus_trajectory,0.05,2013,230,12,185,11,0.9166666666666666,0.05945945945945946
upwelling_supported_domain,xgboost,current_plus_trajectory,0.05,2014,188,10,73,6,0.6,0.0821917808219178
upwelling_supported_domain,xgboost,current_plus_trajectory,0.05,2015,163,9,53,6,0.6666666666666666,0.11320754716981132
upwelling_supported_domain,xgboost,current_plus_trajectory,0.05,2016,168,9,71,7,0.7777777777777778,0.09859154929577464
upwelling_supported_domain,xgboost,current_plus_trajectory,0.05,2017,175,9,36,4,0.4444444444444444,0.1111111111111111
upwelling_supported_domain,xgboost,current_plus_trajectory,0.05,2018,181,10,156,10,1.0,0.0641025641025641
upwelling_supported_domain,xgboost,current_plus_trajectory,0.05,2019,123,7,21,2,0.2857142857142857,0.09523809523809523
upwelling_supported_domain,xgboost,current_plus_trajectory,0.05,2020,156,8,56,2,0.25,0.03571428571428571
upwelling_supported_domain,xgboost,current_plus_trajectory,0.05,2021,161,9,46,4,0.4444444444444444,0.08695652173913043
upwelling_supported_domain,xgboost,current_plus_trajectory,0.05,2022,160,8,126,8,1.0,0.06349206349206349
upwelling_supported_domain,xgboost,current_plus_trajectory,0.05,2023,111,6,10,2,0.3333333333333333,0.2
upwelling_supported_domain,xgboost,current_plus_trajectory,0.05,2024,138,7,39,2,0.2857142857142857,0.05128205128205128
upwelling_supported_domain,xgboost,current_plus_trajectory,0.1,2005,207,21,129,19,0.9047619047619048,0.14728682170542637
upwelling_supported_domain,xgboost,current_plus_trajectory,0.1,2006,191,20,39,12,0.6,0.3076923076923077
upwelling_supported_domain,xgboost,current_plus_trajectory,0.1,2007,217,22,71,16,0.7272727272727273,0.22535211267605634
upwelling_supported_domain,xgboost,current_plus_trajectory,0.1,2008,216,22,61,13,0.5909090909090909,0.21311475409836064
upwelling_supported_domain,xgboost,current_plus_trajectory,0.1,2009,228,23,99,13,0.5652173913043478,0.13131313131313133
upwelling_supported_domain,xgboost,current_plus_trajectory,0.1,2010,225,23,136,22,0.9565217391304348,0.16176470588235295
upwelling_supported_domain,xgboost,current_plus_trajectory,0.1,2011,186,19,65,12,0.631578947368421,0.18461538461538463
upwelling_supported_domain,xgboost,current_plus_trajectory,0.1,2012,196,20,28,12,0.6,0.42857142857142855
upwelling_supported_domain,xgboost,current_plus_trajectory,0.1,2013,230,23,185,19,0.8260869565217391,0.10270270270270271
upwelling_supported_domain,xgboost,current_plus_trajectory,0.1,2014,188,19,73,10,0.5263157894736842,0.136986301369863
upwelling_supported_domain,xgboost,current_plus_trajectory,0.1,2015,163,17,53,9,0.5294117647058824,0.16981132075471697
upwelling_supported_domain,xgboost,current_plus_trajectory,0.1,2016,168,17,71,10,0.5882352941176471,0.14084507042253522
upwelling_supported_domain,xgboost,current_plus_trajectory,0.1,2017,175,18,36,7,0.3888888888888889,0.19444444444444445
upwelling_supported_domain,xgboost,current_plus_trajectory,0.1,2018,181,19,156,17,0.8947368421052632,0.10897435897435898
upwelling_supported_domain,xgboost,current_plus_trajectory,0.1,2019,123,13,21,3,0.23076923076923078,0.14285714285714285
upwelling_supported_domain,xgboost,current_plus_trajectory,0.1,2020,156,16,56,7,0.4375,0.125
upwelling_supported_domain,xgboost,current_plus_trajectory,0.1,2021,161,17,46,6,0.35294117647058826,0.13043478260869565
upwelling_supported_domain,xgboost,current_plus_trajectory,0.1,2022,160,16,126,14,0.875,0.1111111111111111
upwelling_supported_domain,xgboost,current_plus_trajectory,0.1,2023,111,12,10,4,0.3333333333333333,0.4
upwelling_supported_domain,xgboost,current_plus_trajectory,0.1,2024,138,14,39,4,0.2857142857142857,0.10256410256410256
upwelling_supported_domain,xgboost,current_plus_trajectory,0.2,2005,207,42,129,33,0.7857142857142857,0.2558139534883721
upwelling_supported_domain,xgboost,current_plus_trajectory,0.2,2006,191,39,39,18,0.46153846153846156,0.46153846153846156
upwelling_supported_domain,xgboost,current_plus_trajectory,0.2,2007,217,44,71,26,0.5909090909090909,0.36619718309859156
upwelling_supported_domain,xgboost,current_plus_trajectory,0.2,2008,216,44,61,23,0.5227272727272727,0.3770491803278688
upwelling_supported_domain,xgboost,current_plus_trajectory,0.2,2009,228,46,99,29,0.6304347826086957,0.29292929292929293
upwelling_supported_domain,xgboost,current_plus_trajectory,0.2,2010,225,45,136,41,0.9111111111111111,0.3014705882352941
upwelling_supported_domain,xgboost,current_plus_trajectory,0.2,2011,186,38,65,21,0.5526315789473685,0.3230769230769231
upwelling_supported_domain,xgboost,current_plus_trajectory,0.2,2012,196,40,28,13,0.325,0.4642857142857143
upwelling_supported_domain,xgboost,current_plus_trajectory,0.2,2013,230,46,185,37,0.8043478260869565,0.2
upwelling_supported_domain,xgboost,current_plus_trajectory,0.2,2014,188,38,73,16,0.42105263157894735,0.2191780821917808
upwelling_supported_domain,xgboost,current_plus_trajectory,0.2,2015,163,33,53,18,0.5454545454545454,0.33962264150943394
upwelling_supported_domain,xgboost,current_plus_trajectory,0.2,2016,168,34,71,23,0.6764705882352942,0.323943661971831
upwelling_supported_domain,xgboost,current_plus_trajectory,0.2,2017,175,35,36,13,0.37142857142857144,0.3611111111111111
upwelling_supported_domain,xgboost,current_plus_trajectory,0.2,2018,181,37,156,31,0.8378378378378378,0.1987179487179487
upwelling_supported_domain,xgboost,current_plus_trajectory,0.2,2019,123,25,21,6,0.24,0.2857142857142857
upwelling_supported_domain,xgboost,current_plus_trajectory,0.2,2020,156,32,56,14,0.4375,0.25
upwelling_supported_domain,xgboost,current_plus_trajectory,0.2,2021,161,33,46,16,0.48484848484848486,0.34782608695652173
upwelling_supported_domain,xgboost,current_plus_trajectory,0.2,2022,160,32,126,29,0.90625,0.23015873015873015
upwelling_supported_domain,xgboost,current_plus_trajectory,0.2,2023,111,23,10,4,0.17391304347826086,0.4
upwelling_supported_domain,xgboost,current_plus_trajectory,0.2,2024,138,28,39,9,0.32142857142857145,0.23076923076923078
upwelling_supported_domain,xgboost,current_plus_trajectory,0.3,2005,207,63,129,48,0.7619047619047619,0.37209302325581395
upwelling_supported_domain,xgboost,current_plus_trajectory,0.3,2006,191,58,39,25,0.43103448275862066,0.6410256410256411
upwelling_supported_domain,xgboost,current_plus_trajectory,0.3,2007,217,66,71,32,0.48484848484848486,0.4507042253521127
upwelling_supported_domain,xgboost,current_plus_trajectory,0.3,2008,216,65,61,27,0.4153846153846154,0.4426229508196721
upwelling_supported_domain,xgboost,current_plus_trajectory,0.3,2009,228,69,99,42,0.6086956521739131,0.42424242424242425
upwelling_supported_domain,xgboost,current_plus_trajectory,0.3,2010,225,68,136,54,0.7941176470588235,0.39705882352941174
upwelling_supported_domain,xgboost,current_plus_trajectory,0.3,2011,186,56,65,27,0.48214285714285715,0.4153846153846154
upwelling_supported_domain,xgboost,current_plus_trajectory,0.3,2012,196,59,28,16,0.2711864406779661,0.5714285714285714
upwelling_supported_domain,xgboost,current_plus_trajectory,0.3,2013,230,69,185,54,0.782608695652174,0.2918918918918919
upwelling_supported_domain,xgboost,current_plus_trajectory,0.3,2014,188,57,73,23,0.40350877192982454,0.3150684931506849
upwelling_supported_domain,xgboost,current_plus_trajectory,0.3,2015,163,49,53,23,0.46938775510204084,0.4339622641509434
upwelling_supported_domain,xgboost,current_plus_trajectory,0.3,2016,168,51,71,34,0.6666666666666666,0.4788732394366197
upwelling_supported_domain,xgboost,current_plus_trajectory,0.3,2017,175,53,36,15,0.2830188679245283,0.4166666666666667
upwelling_supported_domain,xgboost,current_plus_trajectory,0.3,2018,181,55,156,49,0.8909090909090909,0.3141025641025641
upwelling_supported_domain,xgboost,current_plus_trajectory,0.3,2019,123,37,21,9,0.24324324324324326,0.42857142857142855
upwelling_supported_domain,xgboost,current_plus_trajectory,0.3,2020,156,47,56,19,0.40425531914893614,0.3392857142857143
upwelling_supported_domain,xgboost,current_plus_trajectory,0.3,2021,161,49,46,22,0.4489795918367347,0.4782608695652174
upwelling_supported_domain,xgboost,current_plus_trajectory,0.3,2022,160,48,126,41,0.8541666666666666,0.3253968253968254
upwelling_supported_domain,xgboost,current_plus_trajectory,0.3,2023,111,34,10,6,0.17647058823529413,0.6
upwelling_supported_domain,xgboost,current_plus_trajectory,0.3,2024,138,42,39,16,0.38095238095238093,0.41025641025641024
upwelling_supported_domain,xgboost,trajectory_plus_oisst,0.05,2005,207,11,129,9,0.8181818181818182,0.06976744186046512
upwelling_supported_domain,xgboost,trajectory_plus_oisst,0.05,2006,191,10,39,8,0.8,0.20512820512820512
upwelling_supported_domain,xgboost,trajectory_plus_oisst,0.05,2007,217,11,71,9,0.8181818181818182,0.1267605633802817
upwelling_supported_domain,xgboost,trajectory_plus_oisst,0.05,2008,216,11,61,9,0.8181818181818182,0.14754098360655737
upwelling_supported_domain,xgboost,trajectory_plus_oisst,0.05,2009,228,12,99,7,0.5833333333333334,0.0707070707070707
upwelling_supported_domain,xgboost,trajectory_plus_oisst,0.05,2010,225,12,136,11,0.9166666666666666,0.08088235294117647
upwelling_supported_domain,xgboost,trajectory_plus_oisst,0.05,2011,186,10,65,8,0.8,0.12307692307692308
upwelling_supported_domain,xgboost,trajectory_plus_oisst,0.05,2012,196,10,28,9,0.9,0.32142857142857145
upwelling_supported_domain,xgboost,trajectory_plus_oisst,0.05,2013,230,12,185,12,1.0,0.06486486486486487
upwelling_supported_domain,xgboost,trajectory_plus_oisst,0.05,2014,188,10,73,6,0.6,0.0821917808219178
upwelling_supported_domain,xgboost,trajectory_plus_oisst,0.05,2015,163,9,53,6,0.6666666666666666,0.11320754716981132
upwelling_supported_domain,xgboost,trajectory_plus_oisst,0.05,2016,168,9,71,6,0.6666666666666666,0.08450704225352113
upwelling_supported_domain,xgboost,trajectory_plus_oisst,0.05,2017,175,9,36,2,0.2222222222222222,0.05555555555555555
upwelling_supported_domain,xgboost,trajectory_plus_oisst,0.05,2018,181,10,156,10,1.0,0.0641025641025641
upwelling_supported_domain,xgboost,trajectory_plus_oisst,0.05,2019,123,7,21,2,0.2857142857142857,0.09523809523809523
upwelling_supported_domain,xgboost,trajectory_plus_oisst,0.05,2020,156,8,56,4,0.5,0.07142857142857142
upwelling_supported_domain,xgboost,trajectory_plus_oisst,0.05,2021,161,9,46,4,0.4444444444444444,0.08695652173913043
upwelling_supported_domain,xgboost,trajectory_plus_oisst,0.05,2022,160,8,126,7,0.875,0.05555555555555555
upwelling_supported_domain,xgboost,trajectory_plus_oisst,0.05,2023,111,6,10,2,0.3333333333333333,0.2
upwelling_supported_domain,xgboost,trajectory_plus_oisst,0.05,2024,138,7,39,2,0.2857142857142857,0.05128205128205128
upwelling_supported_domain,xgboost,trajectory_plus_oisst,0.1,2005,207,21,129,19,0.9047619047619048,0.14728682170542637
upwelling_supported_domain,xgboost,trajectory_plus_oisst,0.1,2006,191,20,39,15,0.75,0.38461538461538464
upwelling_supported_domain,xgboost,trajectory_plus_oisst,0.1,2007,217,22,71,13,0.5909090909090909,0.18309859154929578
upwelling_supported_domain,xgboost,trajectory_plus_oisst,0.1,2008,216,22,61,17,0.7727272727272727,0.2786885245901639
upwelling_supported_domain,xgboost,trajectory_plus_oisst,0.1,2009,228,23,99,13,0.5652173913043478,0.13131313131313133
upwelling_supported_domain,xgboost,trajectory_plus_oisst,0.1,2010,225,23,136,21,0.9130434782608695,0.15441176470588236
upwelling_supported_domain,xgboost,trajectory_plus_oisst,0.1,2011,186,19,65,15,0.7894736842105263,0.23076923076923078
upwelling_supported_domain,xgboost,trajectory_plus_oisst,0.1,2012,196,20,28,14,0.7,0.5
upwelling_supported_domain,xgboost,trajectory_plus_oisst,0.1,2013,230,23,185,23,1.0,0.12432432432432433
upwelling_supported_domain,xgboost,trajectory_plus_oisst,0.1,2014,188,19,73,10,0.5263157894736842,0.136986301369863
upwelling_supported_domain,xgboost,trajectory_plus_oisst,0.1,2015,163,17,53,9,0.5294117647058824,0.16981132075471697
upwelling_supported_domain,xgboost,trajectory_plus_oisst,0.1,2016,168,17,71,10,0.5882352941176471,0.14084507042253522
upwelling_supported_domain,xgboost,trajectory_plus_oisst,0.1,2017,175,18,36,7,0.3888888888888889,0.19444444444444445
upwelling_supported_domain,xgboost,trajectory_plus_oisst,0.1,2018,181,19,156,18,0.9473684210526315,0.11538461538461539
upwelling_supported_domain,xgboost,trajectory_plus_oisst,0.1,2019,123,13,21,3,0.23076923076923078,0.14285714285714285
upwelling_supported_domain,xgboost,trajectory_plus_oisst,0.1,2020,156,16,56,6,0.375,0.10714285714285714
upwelling_supported_domain,xgboost,trajectory_plus_oisst,0.1,2021,161,17,46,7,0.4117647058823529,0.15217391304347827
upwelling_supported_domain,xgboost,trajectory_plus_oisst,0.1,2022,160,16,126,15,0.9375,0.11904761904761904
upwelling_supported_domain,xgboost,trajectory_plus_oisst,0.1,2023,111,12,10,3,0.25,0.3
upwelling_supported_domain,xgboost,trajectory_plus_oisst,0.1,2024,138,14,39,5,0.35714285714285715,0.1282051282051282
upwelling_supported_domain,xgboost,trajectory_plus_oisst,0.2,2005,207,42,129,34,0.8095238095238095,0.26356589147286824
upwelling_supported_domain,xgboost,trajectory_plus_oisst,0.2,2006,191,39,39,19,0.48717948717948717,0.48717948717948717
upwelling_supported_domain,xgboost,trajectory_plus_oisst,0.2,2007,217,44,71,23,0.5227272727272727,0.323943661971831
upwelling_supported_domain,xgboost,trajectory_plus_oisst,0.2,2008,216,44,61,28,0.6363636363636364,0.45901639344262296
upwelling_supported_domain,xgboost,trajectory_plus_oisst,0.2,2009,228,46,99,29,0.6304347826086957,0.29292929292929293
upwelling_supported_domain,xgboost,trajectory_plus_oisst,0.2,2010,225,45,136,37,0.8222222222222222,0.27205882352941174
upwelling_supported_domain,xgboost,trajectory_plus_oisst,0.2,2011,186,38,65,23,0.6052631578947368,0.35384615384615387
upwelling_supported_domain,xgboost,trajectory_plus_oisst,0.2,2012,196,40,28,21,0.525,0.75
upwelling_supported_domain,xgboost,trajectory_plus_oisst,0.2,2013,230,46,185,45,0.9782608695652174,0.24324324324324326
upwelling_supported_domain,xgboost,trajectory_plus_oisst,0.2,2014,188,38,73,16,0.42105263157894735,0.2191780821917808
upwelling_supported_domain,xgboost,trajectory_plus_oisst,0.2,2015,163,33,53,17,0.5151515151515151,0.32075471698113206
upwelling_supported_domain,xgboost,trajectory_plus_oisst,0.2,2016,168,34,71,24,0.7058823529411765,0.3380281690140845
upwelling_supported_domain,xgboost,trajectory_plus_oisst,0.2,2017,175,35,36,13,0.37142857142857144,0.3611111111111111
upwelling_supported_domain,xgboost,trajectory_plus_oisst,0.2,2018,181,37,156,35,0.9459459459459459,0.22435897435897437
upwelling_supported_domain,xgboost,trajectory_plus_oisst,0.2,2019,123,25,21,5,0.2,0.23809523809523808
upwelling_supported_domain,xgboost,trajectory_plus_oisst,0.2,2020,156,32,56,11,0.34375,0.19642857142857142
upwelling_supported_domain,xgboost,trajectory_plus_oisst,0.2,2021,161,33,46,13,0.3939393939393939,0.2826086956521739
upwelling_supported_domain,xgboost,trajectory_plus_oisst,0.2,2022,160,32,126,26,0.8125,0.20634920634920634
upwelling_supported_domain,xgboost,trajectory_plus_oisst,0.2,2023,111,23,10,5,0.21739130434782608,0.5
upwelling_supported_domain,xgboost,trajectory_plus_oisst,0.2,2024,138,28,39,12,0.42857142857142855,0.3076923076923077
upwelling_supported_domain,xgboost,trajectory_plus_oisst,0.3,2005,207,63,129,48,0.7619047619047619,0.37209302325581395
upwelling_supported_domain,xgboost,trajectory_plus_oisst,0.3,2006,191,58,39,25,0.43103448275862066,0.6410256410256411
upwelling_supported_domain,xgboost,trajectory_plus_oisst,0.3,2007,217,66,71,31,0.4696969696969697,0.43661971830985913
upwelling_supported_domain,xgboost,trajectory_plus_oisst,0.3,2008,216,65,61,33,0.5076923076923077,0.5409836065573771
upwelling_supported_domain,xgboost,trajectory_plus_oisst,0.3,2009,228,69,99,46,0.6666666666666666,0.46464646464646464
upwelling_supported_domain,xgboost,trajectory_plus_oisst,0.3,2010,225,68,136,51,0.75,0.375
upwelling_supported_domain,xgboost,trajectory_plus_oisst,0.3,2011,186,56,65,27,0.48214285714285715,0.4153846153846154
upwelling_supported_domain,xgboost,trajectory_plus_oisst,0.3,2012,196,59,28,23,0.3898305084745763,0.8214285714285714
upwelling_supported_domain,xgboost,trajectory_plus_oisst,0.3,2013,230,69,185,63,0.9130434782608695,0.34054054054054056
upwelling_supported_domain,xgboost,trajectory_plus_oisst,0.3,2014,188,57,73,26,0.45614035087719296,0.3561643835616438
upwelling_supported_domain,xgboost,trajectory_plus_oisst,0.3,2015,163,49,53,21,0.42857142857142855,0.39622641509433965
upwelling_supported_domain,xgboost,trajectory_plus_oisst,0.3,2016,168,51,71,32,0.6274509803921569,0.4507042253521127
upwelling_supported_domain,xgboost,trajectory_plus_oisst,0.3,2017,175,53,36,17,0.32075471698113206,0.4722222222222222
upwelling_supported_domain,xgboost,trajectory_plus_oisst,0.3,2018,181,55,156,52,0.9454545454545454,0.3333333333333333
upwelling_supported_domain,xgboost,trajectory_plus_oisst,0.3,2019,123,37,21,7,0.1891891891891892,0.3333333333333333
upwelling_supported_domain,xgboost,trajectory_plus_oisst,0.3,2020,156,47,56,13,0.2765957446808511,0.23214285714285715
upwelling_supported_domain,xgboost,trajectory_plus_oisst,0.3,2021,161,49,46,16,0.32653061224489793,0.34782608695652173
upwelling_supported_domain,xgboost,trajectory_plus_oisst,0.3,2022,160,48,126,39,0.8125,0.30952380952380953
upwelling_supported_domain,xgboost,trajectory_plus_oisst,0.3,2023,111,34,10,7,0.20588235294117646,0.7
upwelling_supported_domain,xgboost,trajectory_plus_oisst,0.3,2024,138,42,39,19,0.4523809523809524,0.48717948717948717
upwelling_supported_domain,xgboost,trajectory_plus_oisst_cuti_beuti,0.05,2005,207,11,129,9,0.8181818181818182,0.06976744186046512
upwelling_supported_domain,xgboost,trajectory_plus_oisst_cuti_beuti,0.05,2006,191,10,39,10,1.0,0.2564102564102564
upwelling_supported_domain,xgboost,trajectory_plus_oisst_cuti_beuti,0.05,2007,217,11,71,2,0.18181818181818182,0.028169014084507043
upwelling_supported_domain,xgboost,trajectory_plus_oisst_cuti_beuti,0.05,2008,216,11,61,10,0.9090909090909091,0.16393442622950818
upwelling_supported_domain,xgboost,trajectory_plus_oisst_cuti_beuti,0.05,2009,228,12,99,5,0.4166666666666667,0.050505050505050504
upwelling_supported_domain,xgboost,trajectory_plus_oisst_cuti_beuti,0.05,2010,225,12,136,11,0.9166666666666666,0.08088235294117647
upwelling_supported_domain,xgboost,trajectory_plus_oisst_cuti_beuti,0.05,2011,186,10,65,9,0.9,0.13846153846153847
upwelling_supported_domain,xgboost,trajectory_plus_oisst_cuti_beuti,0.05,2012,196,10,28,10,1.0,0.35714285714285715
upwelling_supported_domain,xgboost,trajectory_plus_oisst_cuti_beuti,0.05,2013,230,12,185,12,1.0,0.06486486486486487
upwelling_supported_domain,xgboost,trajectory_plus_oisst_cuti_beuti,0.05,2014,188,10,73,3,0.3,0.0410958904109589
upwelling_supported_domain,xgboost,trajectory_plus_oisst_cuti_beuti,0.05,2015,163,9,53,6,0.6666666666666666,0.11320754716981132
upwelling_supported_domain,xgboost,trajectory_plus_oisst_cuti_beuti,0.05,2016,168,9,71,4,0.4444444444444444,0.056338028169014086
upwelling_supported_domain,xgboost,trajectory_plus_oisst_cuti_beuti,0.05,2017,175,9,36,4,0.4444444444444444,0.1111111111111111
upwelling_supported_domain,xgboost,trajectory_plus_oisst_cuti_beuti,0.05,2018,181,10,156,7,0.7,0.04487179487179487
upwelling_supported_domain,xgboost,trajectory_plus_oisst_cuti_beuti,0.05,2019,123,7,21,3,0.42857142857142855,0.14285714285714285
upwelling_supported_domain,xgboost,trajectory_plus_oisst_cuti_beuti,0.05,2020,156,8,56,2,0.25,0.03571428571428571
upwelling_supported_domain,xgboost,trajectory_plus_oisst_cuti_beuti,0.05,2021,161,9,46,4,0.4444444444444444,0.08695652173913043
upwelling_supported_domain,xgboost,trajectory_plus_oisst_cuti_beuti,0.05,2022,160,8,126,7,0.875,0.05555555555555555
upwelling_supported_domain,xgboost,trajectory_plus_oisst_cuti_beuti,0.05,2023,111,6,10,2,0.3333333333333333,0.2
upwelling_supported_domain,xgboost,trajectory_plus_oisst_cuti_beuti,0.05,2024,138,7,39,1,0.14285714285714285,0.02564102564102564
upwelling_supported_domain,xgboost,trajectory_plus_oisst_cuti_beuti,0.1,2005,207,21,129,19,0.9047619047619048,0.14728682170542637
upwelling_supported_domain,xgboost,trajectory_plus_oisst_cuti_beuti,0.1,2006,191,20,39,15,0.75,0.38461538461538464
upwelling_supported_domain,xgboost,trajectory_plus_oisst_cuti_beuti,0.1,2007,217,22,71,7,0.3181818181818182,0.09859154929577464
upwelling_supported_domain,xgboost,trajectory_plus_oisst_cuti_beuti,0.1,2008,216,22,61,17,0.7727272727272727,0.2786885245901639
upwelling_supported_domain,xgboost,trajectory_plus_oisst_cuti_beuti,0.1,2009,228,23,99,11,0.4782608695652174,0.1111111111111111
upwelling_supported_domain,xgboost,trajectory_plus_oisst_cuti_beuti,0.1,2010,225,23,136,20,0.8695652173913043,0.14705882352941177
upwelling_supported_domain,xgboost,trajectory_plus_oisst_cuti_beuti,0.1,2011,186,19,65,17,0.8947368421052632,0.26153846153846155
upwelling_supported_domain,xgboost,trajectory_plus_oisst_cuti_beuti,0.1,2012,196,20,28,15,0.75,0.5357142857142857
upwelling_supported_domain,xgboost,trajectory_plus_oisst_cuti_beuti,0.1,2013,230,23,185,22,0.9565217391304348,0.11891891891891893
upwelling_supported_domain,xgboost,trajectory_plus_oisst_cuti_beuti,0.1,2014,188,19,73,9,0.47368421052631576,0.1232876712328767
upwelling_supported_domain,xgboost,trajectory_plus_oisst_cuti_beuti,0.1,2015,163,17,53,11,0.6470588235294118,0.20754716981132076
upwelling_supported_domain,xgboost,trajectory_plus_oisst_cuti_beuti,0.1,2016,168,17,71,12,0.7058823529411765,0.16901408450704225
upwelling_supported_domain,xgboost,trajectory_plus_oisst_cuti_beuti,0.1,2017,175,18,36,7,0.3888888888888889,0.19444444444444445
upwelling_supported_domain,xgboost,trajectory_plus_oisst_cuti_beuti,0.1,2018,181,19,156,16,0.8421052631578947,0.10256410256410256
upwelling_supported_domain,xgboost,trajectory_plus_oisst_cuti_beuti,0.1,2019,123,13,21,3,0.23076923076923078,0.14285714285714285
upwelling_supported_domain,xgboost,trajectory_plus_oisst_cuti_beuti,0.1,2020,156,16,56,6,0.375,0.10714285714285714
upwelling_supported_domain,xgboost,trajectory_plus_oisst_cuti_beuti,0.1,2021,161,17,46,10,0.5882352941176471,0.21739130434782608
upwelling_supported_domain,xgboost,trajectory_plus_oisst_cuti_beuti,0.1,2022,160,16,126,13,0.8125,0.10317460317460317
upwelling_supported_domain,xgboost,trajectory_plus_oisst_cuti_beuti,0.1,2023,111,12,10,3,0.25,0.3
upwelling_supported_domain,xgboost,trajectory_plus_oisst_cuti_beuti,0.1,2024,138,14,39,4,0.2857142857142857,0.10256410256410256
upwelling_supported_domain,xgboost,trajectory_plus_oisst_cuti_beuti,0.2,2005,207,42,129,31,0.7380952380952381,0.24031007751937986
upwelling_supported_domain,xgboost,trajectory_plus_oisst_cuti_beuti,0.2,2006,191,39,39,21,0.5384615384615384,0.5384615384615384
upwelling_supported_domain,xgboost,trajectory_plus_oisst_cuti_beuti,0.2,2007,217,44,71,12,0.2727272727272727,0.16901408450704225
upwelling_supported_domain,xgboost,trajectory_plus_oisst_cuti_beuti,0.2,2008,216,44,61,29,0.6590909090909091,0.47540983606557374
upwelling_supported_domain,xgboost,trajectory_plus_oisst_cuti_beuti,0.2,2009,228,46,99,26,0.5652173913043478,0.26262626262626265
upwelling_supported_domain,xgboost,trajectory_plus_oisst_cuti_beuti,0.2,2010,225,45,136,37,0.8222222222222222,0.27205882352941174
upwelling_supported_domain,xgboost,trajectory_plus_oisst_cuti_beuti,0.2,2011,186,38,65,29,0.7631578947368421,0.4461538461538462
upwelling_supported_domain,xgboost,trajectory_plus_oisst_cuti_beuti,0.2,2012,196,40,28,16,0.4,0.5714285714285714
upwelling_supported_domain,xgboost,trajectory_plus_oisst_cuti_beuti,0.2,2013,230,46,185,44,0.9565217391304348,0.23783783783783785
upwelling_supported_domain,xgboost,trajectory_plus_oisst_cuti_beuti,0.2,2014,188,38,73,18,0.47368421052631576,0.2465753424657534
upwelling_supported_domain,xgboost,trajectory_plus_oisst_cuti_beuti,0.2,2015,163,33,53,18,0.5454545454545454,0.33962264150943394
upwelling_supported_domain,xgboost,trajectory_plus_oisst_cuti_beuti,0.2,2016,168,34,71,24,0.7058823529411765,0.3380281690140845
upwelling_supported_domain,xgboost,trajectory_plus_oisst_cuti_beuti,0.2,2017,175,35,36,12,0.34285714285714286,0.3333333333333333
upwelling_supported_domain,xgboost,trajectory_plus_oisst_cuti_beuti,0.2,2018,181,37,156,34,0.918918918918919,0.21794871794871795
upwelling_supported_domain,xgboost,trajectory_plus_oisst_cuti_beuti,0.2,2019,123,25,21,5,0.2,0.23809523809523808
upwelling_supported_domain,xgboost,trajectory_plus_oisst_cuti_beuti,0.2,2020,156,32,56,10,0.3125,0.17857142857142858
upwelling_supported_domain,xgboost,trajectory_plus_oisst_cuti_beuti,0.2,2021,161,33,46,14,0.42424242424242425,0.30434782608695654
upwelling_supported_domain,xgboost,trajectory_plus_oisst_cuti_beuti,0.2,2022,160,32,126,27,0.84375,0.21428571428571427
upwelling_supported_domain,xgboost,trajectory_plus_oisst_cuti_beuti,0.2,2023,111,23,10,7,0.30434782608695654,0.7
upwelling_supported_domain,xgboost,trajectory_plus_oisst_cuti_beuti,0.2,2024,138,28,39,9,0.32142857142857145,0.23076923076923078
upwelling_supported_domain,xgboost,trajectory_plus_oisst_cuti_beuti,0.3,2005,207,63,129,48,0.7619047619047619,0.37209302325581395
upwelling_supported_domain,xgboost,trajectory_plus_oisst_cuti_beuti,0.3,2006,191,58,39,27,0.46551724137931033,0.6923076923076923
upwelling_supported_domain,xgboost,trajectory_plus_oisst_cuti_beuti,0.3,2007,217,66,71,17,0.25757575757575757,0.23943661971830985
upwelling_supported_domain,xgboost,trajectory_plus_oisst_cuti_beuti,0.3,2008,216,65,61,30,0.46153846153846156,0.4918032786885246
upwelling_supported_domain,xgboost,trajectory_plus_oisst_cuti_beuti,0.3,2009,228,69,99,41,0.5942028985507246,0.41414141414141414
upwelling_supported_domain,xgboost,trajectory_plus_oisst_cuti_beuti,0.3,2010,225,68,136,50,0.7352941176470589,0.36764705882352944
upwelling_supported_domain,xgboost,trajectory_plus_oisst_cuti_beuti,0.3,2011,186,56,65,40,0.7142857142857143,0.6153846153846154
upwelling_supported_domain,xgboost,trajectory_plus_oisst_cuti_beuti,0.3,2012,196,59,28,20,0.3389830508474576,0.7142857142857143
upwelling_supported_domain,xgboost,trajectory_plus_oisst_cuti_beuti,0.3,2013,230,69,185,62,0.8985507246376812,0.33513513513513515
upwelling_supported_domain,xgboost,trajectory_plus_oisst_cuti_beuti,0.3,2014,188,57,73,23,0.40350877192982454,0.3150684931506849
upwelling_supported_domain,xgboost,trajectory_plus_oisst_cuti_beuti,0.3,2015,163,49,53,23,0.46938775510204084,0.4339622641509434
upwelling_supported_domain,xgboost,trajectory_plus_oisst_cuti_beuti,0.3,2016,168,51,71,31,0.6078431372549019,0.43661971830985913
upwelling_supported_domain,xgboost,trajectory_plus_oisst_cuti_beuti,0.3,2017,175,53,36,18,0.33962264150943394,0.5
upwelling_supported_domain,xgboost,trajectory_plus_oisst_cuti_beuti,0.3,2018,181,55,156,50,0.9090909090909091,0.32051282051282054
upwelling_supported_domain,xgboost,trajectory_plus_oisst_cuti_beuti,0.3,2019,123,37,21,9,0.24324324324324326,0.42857142857142855
upwelling_supported_domain,xgboost,trajectory_plus_oisst_cuti_beuti,0.3,2020,156,47,56,18,0.3829787234042553,0.32142857142857145
upwelling_supported_domain,xgboost,trajectory_plus_oisst_cuti_beuti,0.3,2021,161,49,46,19,0.3877551020408163,0.41304347826086957
upwelling_supported_domain,xgboost,trajectory_plus_oisst_cuti_beuti,0.3,2022,160,48,126,40,0.8333333333333334,0.31746031746031744
upwelling_supported_domain,xgboost,trajectory_plus_oisst_cuti_beuti,0.3,2023,111,34,10,7,0.20588235294117646,0.7
upwelling_supported_domain,xgboost,trajectory_plus_oisst_cuti_beuti,0.3,2024,138,42,39,16,0.38095238095238093,0.41025641025641024
