domain,model_family,feature_set,protocol,year,n,events,prevalence,average_precision,ap_lift,estimable,decline_threshold,canopy_cutoff
full_oisst_domain,logistic,current_only,expanding_window,2005,329,201,0.6109422492401215,0.7998777920876801,0.18893554284755854,True,0.2,0.02
full_oisst_domain,logistic,current_only,expanding_window,2006,312,74,0.23717948717948717,0.557951510809673,0.3207720236301858,True,0.2,0.02
full_oisst_domain,logistic,current_only,expanding_window,2007,337,101,0.2997032640949555,0.5447741899036785,0.24507092580872303,True,0.2,0.02
full_oisst_domain,logistic,current_only,expanding_window,2008,338,108,0.31952662721893493,0.5631399214151365,0.24361329419620154,True,0.2,0.02
full_oisst_domain,logistic,current_only,expanding_window,2009,348,183,0.5258620689655172,0.7079026571022344,0.1820405881367172,True,0.2,0.02
full_oisst_domain,logistic,current_only,expanding_window,2010,339,178,0.5250737463126843,0.7324106706365092,0.2073369243238249,True,0.2,0.02
full_oisst_domain,logistic,current_only,expanding_window,2011,306,128,0.41830065359477125,0.6355623704479072,0.21726171685313594,True,0.2,0.02
full_oisst_domain,logistic,current_only,expanding_window,2012,312,73,0.23397435897435898,0.5710344971723368,0.3370601381979778,True,0.2,0.02
full_oisst_domain,logistic,current_only,expanding_window,2013,350,230,0.6571428571428571,0.7647235437719502,0.10758068662909304,True,0.2,0.02
full_oisst_domain,logistic,current_only,expanding_window,2014,326,137,0.42024539877300615,0.5679271554539358,0.14768175668092964,True,0.2,0.02
full_oisst_domain,logistic,current_only,expanding_window,2015,278,140,0.5035971223021583,0.6698444516392571,0.16624732933709885,True,0.2,0.02
full_oisst_domain,logistic,current_only,expanding_window,2016,263,97,0.3688212927756654,0.5888007845515889,0.21997949177592352,True,0.2,0.02
full_oisst_domain,logistic,current_only,expanding_window,2017,285,70,0.24561403508771928,0.276209072249099,0.030595037161379735,True,0.2,0.02
full_oisst_domain,logistic,current_only,expanding_window,2018,296,230,0.777027027027027,0.8616308292683479,0.08460380224132091,True,0.2,0.02
full_oisst_domain,logistic,current_only,expanding_window,2019,245,83,0.33877551020408164,0.5746360979167666,0.23586058771268498,True,0.2,0.02
full_oisst_domain,logistic,current_only,expanding_window,2020,270,120,0.4444444444444444,0.46989228827950646,0.025447843835062045,True,0.2,0.02
full_oisst_domain,logistic,current_only,expanding_window,2021,265,124,0.4679245283018868,0.5348739924108512,0.06694946410896441,True,0.2,0.02
full_oisst_domain,logistic,current_only,expanding_window,2022,253,175,0.691699604743083,0.8053281257000867,0.11362852095700371,True,0.2,0.02
full_oisst_domain,logistic,current_only,expanding_window,2023,226,51,0.22566371681415928,0.2660461341384839,0.0403824173243246,True,0.2,0.02
full_oisst_domain,logistic,current_only,expanding_window,2024,235,71,0.3021276595744681,0.3768423152221101,0.07471465564764201,True,0.2,0.02
full_oisst_domain,logistic,current_plus_trajectory,expanding_window,2005,329,201,0.6109422492401215,0.8055570552311777,0.19461480599105618,True,0.2,0.02
full_oisst_domain,logistic,current_plus_trajectory,expanding_window,2006,312,74,0.23717948717948717,0.6330069893472251,0.39582750216773793,True,0.2,0.02
full_oisst_domain,logistic,current_plus_trajectory,expanding_window,2007,337,101,0.2997032640949555,0.5914150404284035,0.291711776333448,True,0.2,0.02
full_oisst_domain,logistic,current_plus_trajectory,expanding_window,2008,338,108,0.31952662721893493,0.5566622499353969,0.237135622716462,True,0.2,0.02
full_oisst_domain,logistic,current_plus_trajectory,expanding_window,2009,348,183,0.5258620689655172,0.6902710079160841,0.16440893895056685,True,0.2,0.02
full_oisst_domain,logistic,current_plus_trajectory,expanding_window,2010,339,178,0.5250737463126843,0.7524573214106537,0.22738357509796936,True,0.2,0.02
full_oisst_domain,logistic,current_plus_trajectory,expanding_window,2011,306,128,0.41830065359477125,0.6227372411710768,0.2044365875763055,True,0.2,0.02
full_oisst_domain,logistic,current_plus_trajectory,expanding_window,2012,312,73,0.23397435897435898,0.5650464053382359,0.33107204636387694,True,0.2,0.02
full_oisst_domain,logistic,current_plus_trajectory,expanding_window,2013,350,230,0.6571428571428571,0.7861288569123501,0.128985999769493,True,0.2,0.02
full_oisst_domain,logistic,current_plus_trajectory,expanding_window,2014,326,137,0.42024539877300615,0.5700432046998474,0.14979780592684122,True,0.2,0.02
full_oisst_domain,logistic,current_plus_trajectory,expanding_window,2015,278,140,0.5035971223021583,0.6614099476554453,0.157812825353287,True,0.2,0.02
full_oisst_domain,logistic,current_plus_trajectory,expanding_window,2016,263,97,0.3688212927756654,0.6180397902458704,0.24921849747020502,True,0.2,0.02
full_oisst_domain,logistic,current_plus_trajectory,expanding_window,2017,285,70,0.24561403508771928,0.31454557642473846,0.06893154133701918,True,0.2,0.02
full_oisst_domain,logistic,current_plus_trajectory,expanding_window,2018,296,230,0.777027027027027,0.8866843325176159,0.10965730549058894,True,0.2,0.02
full_oisst_domain,logistic,current_plus_trajectory,expanding_window,2019,245,83,0.33877551020408164,0.5937628108634271,0.25498730065934544,True,0.2,0.02
full_oisst_domain,logistic,current_plus_trajectory,expanding_window,2020,270,120,0.4444444444444444,0.5093299820837777,0.06488553763933325,True,0.2,0.02
full_oisst_domain,logistic,current_plus_trajectory,expanding_window,2021,265,124,0.4679245283018868,0.5804610150105729,0.1125364867086861,True,0.2,0.02
full_oisst_domain,logistic,current_plus_trajectory,expanding_window,2022,253,175,0.691699604743083,0.8520378264406089,0.16033822169752587,True,0.2,0.02
full_oisst_domain,logistic,current_plus_trajectory,expanding_window,2023,226,51,0.22566371681415928,0.3824025023095817,0.15673878549542244,True,0.2,0.02
full_oisst_domain,logistic,current_plus_trajectory,expanding_window,2024,235,71,0.3021276595744681,0.4522464081920151,0.15011874861754704,True,0.2,0.02
full_oisst_domain,logistic,trajectory_plus_oisst,expanding_window,2005,329,201,0.6109422492401215,0.7907445216057047,0.17980227236558322,True,0.2,0.02
full_oisst_domain,logistic,trajectory_plus_oisst,expanding_window,2006,312,74,0.23717948717948717,0.5162605011861392,0.27908101400665203,True,0.2,0.02
full_oisst_domain,logistic,trajectory_plus_oisst,expanding_window,2007,337,101,0.2997032640949555,0.5651970158191678,0.2654937517242123,True,0.2,0.02
full_oisst_domain,logistic,trajectory_plus_oisst,expanding_window,2008,338,108,0.31952662721893493,0.5459856177882655,0.22645899056933055,True,0.2,0.02
full_oisst_domain,logistic,trajectory_plus_oisst,expanding_window,2009,348,183,0.5258620689655172,0.6561689117943914,0.13030684282887417,True,0.2,0.02
full_oisst_domain,logistic,trajectory_plus_oisst,expanding_window,2010,339,178,0.5250737463126843,0.7017270895272905,0.17665334321460613,True,0.2,0.02
full_oisst_domain,logistic,trajectory_plus_oisst,expanding_window,2011,306,128,0.41830065359477125,0.6546296676433729,0.23632901404860168,True,0.2,0.02
full_oisst_domain,logistic,trajectory_plus_oisst,expanding_window,2012,312,73,0.23397435897435898,0.5737228885255727,0.33974852955121376,True,0.2,0.02
full_oisst_domain,logistic,trajectory_plus_oisst,expanding_window,2013,350,230,0.6571428571428571,0.7580086403236901,0.10086578318083295,True,0.2,0.02
full_oisst_domain,logistic,trajectory_plus_oisst,expanding_window,2014,326,137,0.42024539877300615,0.5732018927596318,0.1529564939866257,True,0.2,0.02
full_oisst_domain,logistic,trajectory_plus_oisst,expanding_window,2015,278,140,0.5035971223021583,0.724588330030375,0.2209912077282168,True,0.2,0.02
full_oisst_domain,logistic,trajectory_plus_oisst,expanding_window,2016,263,97,0.3688212927756654,0.5884159023658675,0.2195946095902021,True,0.2,0.02
full_oisst_domain,logistic,trajectory_plus_oisst,expanding_window,2017,285,70,0.24561403508771928,0.31368630622778915,0.06807227114006986,True,0.2,0.02
full_oisst_domain,logistic,trajectory_plus_oisst,expanding_window,2018,296,230,0.777027027027027,0.8967391129781134,0.1197120859510864,True,0.2,0.02
full_oisst_domain,logistic,trajectory_plus_oisst,expanding_window,2019,245,83,0.33877551020408164,0.5443853576070596,0.205609847402978,True,0.2,0.02
full_oisst_domain,logistic,trajectory_plus_oisst,expanding_window,2020,270,120,0.4444444444444444,0.5345559525788874,0.09011150813444302,True,0.2,0.02
full_oisst_domain,logistic,trajectory_plus_oisst,expanding_window,2021,265,124,0.4679245283018868,0.6132268797009265,0.1453023513990397,True,0.2,0.02
full_oisst_domain,logistic,trajectory_plus_oisst,expanding_window,2022,253,175,0.691699604743083,0.8291367245482907,0.13743711980520767,True,0.2,0.02
full_oisst_domain,logistic,trajectory_plus_oisst,expanding_window,2023,226,51,0.22566371681415928,0.37017302339661295,0.14450930658245367,True,0.2,0.02
full_oisst_domain,logistic,trajectory_plus_oisst,expanding_window,2024,235,71,0.3021276595744681,0.44810988681918945,0.14598222724472137,True,0.2,0.02
upwelling_supported_domain,logistic,current_only,expanding_window,2005,218,141,0.6467889908256881,0.8151647237453199,0.16837573291963182,True,0.2,0.02
upwelling_supported_domain,logistic,current_only,expanding_window,2006,211,47,0.22274881516587677,0.5817486197230877,0.3589998045572109,True,0.2,0.02
upwelling_supported_domain,logistic,current_only,expanding_window,2007,221,74,0.334841628959276,0.6039368084722472,0.2690951795129712,True,0.2,0.02
upwelling_supported_domain,logistic,current_only,expanding_window,2008,221,68,0.3076923076923077,0.5486883710648197,0.240996063372512,True,0.2,0.02
upwelling_supported_domain,logistic,current_only,expanding_window,2009,235,114,0.4851063829787234,0.7040820753095871,0.21897569233086372,True,0.2,0.02
upwelling_supported_domain,logistic,current_only,expanding_window,2010,233,149,0.6394849785407726,0.8036004727459374,0.1641154942051648,True,0.2,0.02
upwelling_supported_domain,logistic,current_only,expanding_window,2011,208,76,0.36538461538461536,0.6485052023345609,0.2831205869499455,True,0.2,0.02
upwelling_supported_domain,logistic,current_only,expanding_window,2012,211,32,0.15165876777251186,0.49280172846410425,0.3411429606915924,True,0.2,0.02
upwelling_supported_domain,logistic,current_only,expanding_window,2013,238,200,0.8403361344537815,0.8686082970035971,0.02827216254981557,True,0.2,0.02
upwelling_supported_domain,logistic,current_only,expanding_window,2014,213,89,0.41784037558685444,0.4703075764986667,0.052467200911812284,True,0.2,0.02
upwelling_supported_domain,logistic,current_only,expanding_window,2015,184,66,0.358695652173913,0.49880557383585195,0.14010992166193892,True,0.2,0.02
upwelling_supported_domain,logistic,current_only,expanding_window,2016,191,85,0.44502617801047123,0.6767958878871629,0.2317697098766917,True,0.2,0.02
upwelling_supported_domain,logistic,current_only,expanding_window,2017,196,51,0.2602040816326531,0.2625627623558611,0.002358680723208051,True,0.2,0.02
upwelling_supported_domain,logistic,current_only,expanding_window,2018,194,172,0.8865979381443299,0.9340086029420795,0.04741066479774969,True,0.2,0.02
upwelling_supported_domain,logistic,current_only,expanding_window,2019,156,30,0.19230769230769232,0.2818778723788856,0.0895701800711933,True,0.2,0.02
upwelling_supported_domain,logistic,current_only,expanding_window,2020,177,73,0.4124293785310734,0.46523696156662697,0.05280758303555355,True,0.2,0.02
upwelling_supported_domain,logistic,current_only,expanding_window,2021,189,72,0.38095238095238093,0.4098362060711812,0.028883825118800277,True,0.2,0.02
upwelling_supported_domain,logistic,current_only,expanding_window,2022,178,147,0.8258426966292135,0.8759833123369496,0.05014061570773609,True,0.2,0.02
upwelling_supported_domain,logistic,current_only,expanding_window,2023,144,19,0.13194444444444445,0.19589816914595953,0.06395372470151509,True,0.2,0.02
upwelling_supported_domain,logistic,current_only,expanding_window,2024,159,50,0.31446540880503143,0.436800782861992,0.12233537405696054,True,0.2,0.02
upwelling_supported_domain,logistic,current_plus_trajectory,expanding_window,2005,218,141,0.6467889908256881,0.806250360945848,0.15946137012015993,True,0.2,0.02
upwelling_supported_domain,logistic,current_plus_trajectory,expanding_window,2006,211,47,0.22274881516587677,0.6610768260596052,0.4383280108937284,True,0.2,0.02
upwelling_supported_domain,logistic,current_plus_trajectory,expanding_window,2007,221,74,0.334841628959276,0.6131010761350355,0.2782594471757595,True,0.2,0.02
upwelling_supported_domain,logistic,current_plus_trajectory,expanding_window,2008,221,68,0.3076923076923077,0.556306145325794,0.24861383763348632,True,0.2,0.02
upwelling_supported_domain,logistic,current_plus_trajectory,expanding_window,2009,235,114,0.4851063829787234,0.7070820572749379,0.2219756742962145,True,0.2,0.02
upwelling_supported_domain,logistic,current_plus_trajectory,expanding_window,2010,233,149,0.6394849785407726,0.8149339179819751,0.17544893944120254,True,0.2,0.02
upwelling_supported_domain,logistic,current_plus_trajectory,expanding_window,2011,208,76,0.36538461538461536,0.6333378650814303,0.26795324969681494,True,0.2,0.02
upwelling_supported_domain,logistic,current_plus_trajectory,expanding_window,2012,211,32,0.15165876777251186,0.5031329049928134,0.3514741372203015,True,0.2,0.02
upwelling_supported_domain,logistic,current_plus_trajectory,expanding_window,2013,238,200,0.8403361344537815,0.8561746890554942,0.015838554601712684,True,0.2,0.02
upwelling_supported_domain,logistic,current_plus_trajectory,expanding_window,2014,213,89,0.41784037558685444,0.45502028995950716,0.03717991437265272,True,0.2,0.02
upwelling_supported_domain,logistic,current_plus_trajectory,expanding_window,2015,184,66,0.358695652173913,0.49959353374114945,0.14089788156723643,True,0.2,0.02
upwelling_supported_domain,logistic,current_plus_trajectory,expanding_window,2016,191,85,0.44502617801047123,0.6713383296374273,0.22631215162695612,True,0.2,0.02
upwelling_supported_domain,logistic,current_plus_trajectory,expanding_window,2017,196,51,0.2602040816326531,0.3062313056229662,0.046027223990313115,True,0.2,0.02
upwelling_supported_domain,logistic,current_plus_trajectory,expanding_window,2018,194,172,0.8865979381443299,0.9336246572124671,0.04702671906813727,True,0.2,0.02
upwelling_supported_domain,logistic,current_plus_trajectory,expanding_window,2019,156,30,0.19230769230769232,0.30940114002274144,0.11709344771504912,True,0.2,0.02
upwelling_supported_domain,logistic,current_plus_trajectory,expanding_window,2020,177,73,0.4124293785310734,0.4721509180275678,0.05972153949649439,True,0.2,0.02
upwelling_supported_domain,logistic,current_plus_trajectory,expanding_window,2021,189,72,0.38095238095238093,0.49151321334723413,0.1105608323948532,True,0.2,0.02
upwelling_supported_domain,logistic,current_plus_trajectory,expanding_window,2022,178,147,0.8258426966292135,0.8797055973670813,0.053862900737867814,True,0.2,0.02
upwelling_supported_domain,logistic,current_plus_trajectory,expanding_window,2023,144,19,0.13194444444444445,0.330314622634044,0.19837017818959954,True,0.2,0.02
upwelling_supported_domain,logistic,current_plus_trajectory,expanding_window,2024,159,50,0.31446540880503143,0.5127816947314089,0.19831628592637746,True,0.2,0.02
upwelling_supported_domain,logistic,trajectory_plus_oisst,expanding_window,2005,218,141,0.6467889908256881,0.7884101659443442,0.14162117511865613,True,0.2,0.02
upwelling_supported_domain,logistic,trajectory_plus_oisst,expanding_window,2006,211,47,0.22274881516587677,0.5929230725985578,0.37017425743268106,True,0.2,0.02
upwelling_supported_domain,logistic,trajectory_plus_oisst,expanding_window,2007,221,74,0.334841628959276,0.6012231418337401,0.26638151287446415,True,0.2,0.02
upwelling_supported_domain,logistic,trajectory_plus_oisst,expanding_window,2008,221,68,0.3076923076923077,0.5200390744858647,0.21234676679355702,True,0.2,0.02
upwelling_supported_domain,logistic,trajectory_plus_oisst,expanding_window,2009,235,114,0.4851063829787234,0.6805759619251937,0.19546957894647027,True,0.2,0.02
upwelling_supported_domain,logistic,trajectory_plus_oisst,expanding_window,2010,233,149,0.6394849785407726,0.8051536752025229,0.16566869666175033,True,0.2,0.02
upwelling_supported_domain,logistic,trajectory_plus_oisst,expanding_window,2011,208,76,0.36538461538461536,0.6579001053645556,0.2925154899799402,True,0.2,0.02
upwelling_supported_domain,logistic,trajectory_plus_oisst,expanding_window,2012,211,32,0.15165876777251186,0.5445015418347491,0.3928427740622372,True,0.2,0.02
upwelling_supported_domain,logistic,trajectory_plus_oisst,expanding_window,2013,238,200,0.8403361344537815,0.8530558251734786,0.01271969071969703,True,0.2,0.02
upwelling_supported_domain,logistic,trajectory_plus_oisst,expanding_window,2014,213,89,0.41784037558685444,0.4802567586608844,0.06241638307402997,True,0.2,0.02
upwelling_supported_domain,logistic,trajectory_plus_oisst,expanding_window,2015,184,66,0.358695652173913,0.5508710583452971,0.19217540617138412,True,0.2,0.02
upwelling_supported_domain,logistic,trajectory_plus_oisst,expanding_window,2016,191,85,0.44502617801047123,0.6443231906133849,0.19929701260291371,True,0.2,0.02
upwelling_supported_domain,logistic,trajectory_plus_oisst,expanding_window,2017,196,51,0.2602040816326531,0.3097383977256316,0.049534316092978536,True,0.2,0.02
upwelling_supported_domain,logistic,trajectory_plus_oisst,expanding_window,2018,194,172,0.8865979381443299,0.9402506501164578,0.05365271197212795,True,0.2,0.02
upwelling_supported_domain,logistic,trajectory_plus_oisst,expanding_window,2019,156,30,0.19230769230769232,0.27012019571023965,0.07781250340254733,True,0.2,0.02
upwelling_supported_domain,logistic,trajectory_plus_oisst,expanding_window,2020,177,73,0.4124293785310734,0.4809208986905168,0.06849152015944338,True,0.2,0.02
upwelling_supported_domain,logistic,trajectory_plus_oisst,expanding_window,2021,189,72,0.38095238095238093,0.5150683541483739,0.134115973195993,True,0.2,0.02
upwelling_supported_domain,logistic,trajectory_plus_oisst,expanding_window,2022,178,147,0.8258426966292135,0.8704275631704861,0.04458486654127258,True,0.2,0.02
upwelling_supported_domain,logistic,trajectory_plus_oisst,expanding_window,2023,144,19,0.13194444444444445,0.31413097744702073,0.18218653300257628,True,0.2,0.02
upwelling_supported_domain,logistic,trajectory_plus_oisst,expanding_window,2024,159,50,0.31446540880503143,0.5080305216618457,0.19356511285681427,True,0.2,0.02
upwelling_supported_domain,logistic,trajectory_plus_oisst_cuti_beuti,expanding_window,2005,218,141,0.6467889908256881,0.7856150065323677,0.13882601570667963,True,0.2,0.02
upwelling_supported_domain,logistic,trajectory_plus_oisst_cuti_beuti,expanding_window,2006,211,47,0.22274881516587677,0.6460570219461561,0.42330820678027936,True,0.2,0.02
upwelling_supported_domain,logistic,trajectory_plus_oisst_cuti_beuti,expanding_window,2007,221,74,0.334841628959276,0.5279016218611443,0.19305999290186832,True,0.2,0.02
upwelling_supported_domain,logistic,trajectory_plus_oisst_cuti_beuti,expanding_window,2008,221,68,0.3076923076923077,0.5135035087976643,0.20581120110535656,True,0.2,0.02
upwelling_supported_domain,logistic,trajectory_plus_oisst_cuti_beuti,expanding_window,2009,235,114,0.4851063829787234,0.6599516841670323,0.17484530118830893,True,0.2,0.02
upwelling_supported_domain,logistic,trajectory_plus_oisst_cuti_beuti,expanding_window,2010,233,149,0.6394849785407726,0.799363752783208,0.15987877424243546,True,0.2,0.02
upwelling_supported_domain,logistic,trajectory_plus_oisst_cuti_beuti,expanding_window,2011,208,76,0.36538461538461536,0.61851890209043,0.25313428670581467,True,0.2,0.02
upwelling_supported_domain,logistic,trajectory_plus_oisst_cuti_beuti,expanding_window,2012,211,32,0.15165876777251186,0.5205603668118879,0.368901599039376,True,0.2,0.02
upwelling_supported_domain,logistic,trajectory_plus_oisst_cuti_beuti,expanding_window,2013,238,200,0.8403361344537815,0.8558188978623111,0.01548276340852961,True,0.2,0.02
upwelling_supported_domain,logistic,trajectory_plus_oisst_cuti_beuti,expanding_window,2014,213,89,0.41784037558685444,0.47143079230761986,0.05359041672076542,True,0.2,0.02
upwelling_supported_domain,logistic,trajectory_plus_oisst_cuti_beuti,expanding_window,2015,184,66,0.358695652173913,0.5555689031632951,0.19687325098938208,True,0.2,0.02
upwelling_supported_domain,logistic,trajectory_plus_oisst_cuti_beuti,expanding_window,2016,191,85,0.44502617801047123,0.6120496589589355,0.16702348094846425,True,0.2,0.02
upwelling_supported_domain,logistic,trajectory_plus_oisst_cuti_beuti,expanding_window,2017,196,51,0.2602040816326531,0.29606568187229343,0.03586160023964036,True,0.2,0.02
upwelling_supported_domain,logistic,trajectory_plus_oisst_cuti_beuti,expanding_window,2018,194,172,0.8865979381443299,0.9438197560296899,0.05722181788536007,True,0.2,0.02
upwelling_supported_domain,logistic,trajectory_plus_oisst_cuti_beuti,expanding_window,2019,156,30,0.19230769230769232,0.2962738995048204,0.1039662071971281,True,0.2,0.02
upwelling_supported_domain,logistic,trajectory_plus_oisst_cuti_beuti,expanding_window,2020,177,73,0.4124293785310734,0.456914488419348,0.04448510988827459,True,0.2,0.02
upwelling_supported_domain,logistic,trajectory_plus_oisst_cuti_beuti,expanding_window,2021,189,72,0.38095238095238093,0.45754950648609194,0.07659712553371101,True,0.2,0.02
upwelling_supported_domain,logistic,trajectory_plus_oisst_cuti_beuti,expanding_window,2022,178,147,0.8258426966292135,0.89013526250289,0.06429256587367649,True,0.2,0.02
upwelling_supported_domain,logistic,trajectory_plus_oisst_cuti_beuti,expanding_window,2023,144,19,0.13194444444444445,0.31702715127966324,0.1850827068352188,True,0.2,0.02
upwelling_supported_domain,logistic,trajectory_plus_oisst_cuti_beuti,expanding_window,2024,159,50,0.31446540880503143,0.5084515275166817,0.19398611871165022,True,0.2,0.02
full_oisst_domain,logistic,current_only,expanding_window,2005,312,198,0.6346153846153846,0.8026325767294202,0.16801719211403565,True,0.2,0.05
full_oisst_domain,logistic,current_only,expanding_window,2006,285,72,0.25263157894736843,0.5665520157395714,0.31392043679220294,True,0.2,0.05
full_oisst_domain,logistic,current_only,expanding_window,2007,328,101,0.3079268292682927,0.5447741899036785,0.23684736063538586,True,0.2,0.05
full_oisst_domain,logistic,current_only,expanding_window,2008,331,108,0.32628398791540786,0.5631399214151365,0.2368559334997286,True,0.2,0.05
full_oisst_domain,logistic,current_only,expanding_window,2009,341,183,0.5366568914956011,0.7079026571022343,0.17124576560663318,True,0.2,0.05
full_oisst_domain,logistic,current_only,expanding_window,2010,328,176,0.5365853658536586,0.7347302956511548,0.1981449297974962,True,0.2,0.05
full_oisst_domain,logistic,current_only,expanding_window,2011,280,123,0.4392857142857143,0.6437117741507474,0.20442605986503315,True,0.2,0.05
full_oisst_domain,logistic,current_only,expanding_window,2012,290,72,0.2482758620689655,0.575505160220853,0.32722929815188745,True,0.2,0.05
full_oisst_domain,logistic,current_only,expanding_window,2013,335,226,0.6746268656716418,0.7664493911917164,0.09182252552007464,True,0.2,0.05
full_oisst_domain,logistic,current_only,expanding_window,2014,293,128,0.43686006825938567,0.5779279334426523,0.14106786518326658,True,0.2,0.05
full_oisst_domain,logistic,current_only,expanding_window,2015,253,133,0.525691699604743,0.6782617851327649,0.15257008552802187,True,0.2,0.05
full_oisst_domain,logistic,current_only,expanding_window,2016,232,89,0.38362068965517243,0.607659184893462,0.22403849523828961,True,0.2,0.05
full_oisst_domain,logistic,current_only,expanding_window,2017,251,59,0.2350597609561753,0.28336735247038064,0.04830759151420533,True,0.2,0.05
full_oisst_domain,logistic,current_only,expanding_window,2018,277,215,0.776173285198556,0.8674464565634716,0.09127317136491564,True,0.2,0.05
full_oisst_domain,logistic,current_only,expanding_window,2019,199,76,0.38190954773869346,0.5935802893946076,0.21167074165591415,True,0.2,0.05
full_oisst_domain,logistic,current_only,expanding_window,2020,239,107,0.4476987447698745,0.4723638747605364,0.024665129990661894,True,0.2,0.05
full_oisst_domain,logistic,current_only,expanding_window,2021,229,105,0.4585152838427948,0.5481939293192836,0.0896786454764888,True,0.2,0.05
full_oisst_domain,logistic,current_only,expanding_window,2022,225,157,0.6977777777777778,0.8176002590401992,0.11982248126242134,True,0.2,0.05
full_oisst_domain,logistic,current_only,expanding_window,2023,179,40,0.22346368715083798,0.2758262109892362,0.052362523838398234,True,0.2,0.05
full_oisst_domain,logistic,current_only,expanding_window,2024,204,61,0.29901960784313725,0.389921399438862,0.09090179159572476,True,0.2,0.05
full_oisst_domain,logistic,current_plus_trajectory,expanding_window,2005,312,198,0.6346153846153846,0.811318700869287,0.17670331625390245,True,0.2,0.05
full_oisst_domain,logistic,current_plus_trajectory,expanding_window,2006,285,72,0.25263157894736843,0.6406331751485531,0.3880015962011847,True,0.2,0.05
full_oisst_domain,logistic,current_plus_trajectory,expanding_window,2007,328,101,0.3079268292682927,0.59565937142898,0.2877325421606873,True,0.2,0.05
full_oisst_domain,logistic,current_plus_trajectory,expanding_window,2008,331,108,0.32628398791540786,0.5539619377507422,0.22767794983533435,True,0.2,0.05
full_oisst_domain,logistic,current_plus_trajectory,expanding_window,2009,341,183,0.5366568914956011,0.6913503079781289,0.15469341648252777,True,0.2,0.05
full_oisst_domain,logistic,current_plus_trajectory,expanding_window,2010,328,176,0.5365853658536586,0.7575475296300488,0.22096216377639022,True,0.2,0.05
full_oisst_domain,logistic,current_plus_trajectory,expanding_window,2011,280,123,0.4392857142857143,0.6268313783823785,0.18754566409666418,True,0.2,0.05
full_oisst_domain,logistic,current_plus_trajectory,expanding_window,2012,290,72,0.2482758620689655,0.5715495462307303,0.3232736841617648,True,0.2,0.05
full_oisst_domain,logistic,current_plus_trajectory,expanding_window,2013,335,226,0.6746268656716418,0.7901907476656355,0.1155638819939937,True,0.2,0.05
full_oisst_domain,logistic,current_plus_trajectory,expanding_window,2014,293,128,0.43686006825938567,0.585386516235073,0.14852644797568731,True,0.2,0.05
full_oisst_domain,logistic,current_plus_trajectory,expanding_window,2015,253,133,0.525691699604743,0.6702749785189095,0.14458327891416645,True,0.2,0.05
full_oisst_domain,logistic,current_plus_trajectory,expanding_window,2016,232,89,0.38362068965517243,0.6353628957059416,0.2517422060507692,True,0.2,0.05
full_oisst_domain,logistic,current_plus_trajectory,expanding_window,2017,251,59,0.2350597609561753,0.32638605882163013,0.09132629786545482,True,0.2,0.05
full_oisst_domain,logistic,current_plus_trajectory,expanding_window,2018,277,215,0.776173285198556,0.8943692962828003,0.11819601108424427,True,0.2,0.05
full_oisst_domain,logistic,current_plus_trajectory,expanding_window,2019,199,76,0.38190954773869346,0.6186737409393663,0.23676419320067288,True,0.2,0.05
full_oisst_domain,logistic,current_plus_trajectory,expanding_window,2020,239,107,0.4476987447698745,0.5229346155271604,0.07523587075728588,True,0.2,0.05
full_oisst_domain,logistic,current_plus_trajectory,expanding_window,2021,229,105,0.4585152838427948,0.5859634628420738,0.12744817899927902,True,0.2,0.05
full_oisst_domain,logistic,current_plus_trajectory,expanding_window,2022,225,157,0.6977777777777778,0.8663230140134792,0.1685452362357014,True,0.2,0.05
full_oisst_domain,logistic,current_plus_trajectory,expanding_window,2023,179,40,0.22346368715083798,0.39380579882937106,0.17034211167853308,True,0.2,0.05
full_oisst_domain,logistic,current_plus_trajectory,expanding_window,2024,204,61,0.29901960784313725,0.46821443981521205,0.1691948319720748,True,0.2,0.05
full_oisst_domain,logistic,trajectory_plus_oisst,expanding_window,2005,312,198,0.6346153846153846,0.7969224273955575,0.16230704278017294,True,0.2,0.05
full_oisst_domain,logistic,trajectory_plus_oisst,expanding_window,2006,285,72,0.25263157894736843,0.5389789364537021,0.28634735750633367,True,0.2,0.05
full_oisst_domain,logistic,trajectory_plus_oisst,expanding_window,2007,328,101,0.3079268292682927,0.5648454658438589,0.2569186365755662,True,0.2,0.05
full_oisst_domain,logistic,trajectory_plus_oisst,expanding_window,2008,331,108,0.32628398791540786,0.5457371967220689,0.21945320880666103,True,0.2,0.05
full_oisst_domain,logistic,trajectory_plus_oisst,expanding_window,2009,341,183,0.5366568914956011,0.6542837362018408,0.11762684470623963,True,0.2,0.05
full_oisst_domain,logistic,trajectory_plus_oisst,expanding_window,2010,328,176,0.5365853658536586,0.6997509181215558,0.1631655522678972,True,0.2,0.05
full_oisst_domain,logistic,trajectory_plus_oisst,expanding_window,2011,280,123,0.4392857142857143,0.6581806478493804,0.21889493356366607,True,0.2,0.05
full_oisst_domain,logistic,trajectory_plus_oisst,expanding_window,2012,290,72,0.2482758620689655,0.5795053759460236,0.33122951387705807,True,0.2,0.05
full_oisst_domain,logistic,trajectory_plus_oisst,expanding_window,2013,335,226,0.6746268656716418,0.7610355595319322,0.08640869386029049,True,0.2,0.05
full_oisst_domain,logistic,trajectory_plus_oisst,expanding_window,2014,293,128,0.43686006825938567,0.586215015792155,0.1493549475327693,True,0.2,0.05
full_oisst_domain,logistic,trajectory_plus_oisst,expanding_window,2015,253,133,0.525691699604743,0.7398014353790372,0.21410973577429415,True,0.2,0.05
full_oisst_domain,logistic,trajectory_plus_oisst,expanding_window,2016,232,89,0.38362068965517243,0.6049034238698919,0.2212827342147195,True,0.2,0.05
full_oisst_domain,logistic,trajectory_plus_oisst,expanding_window,2017,251,59,0.2350597609561753,0.3288913400343782,0.09383157907820289,True,0.2,0.05
full_oisst_domain,logistic,trajectory_plus_oisst,expanding_window,2018,277,215,0.776173285198556,0.904925807877698,0.12875252267914206,True,0.2,0.05
full_oisst_domain,logistic,trajectory_plus_oisst,expanding_window,2019,199,76,0.38190954773869346,0.5572952367799672,0.17538568904127372,True,0.2,0.05
full_oisst_domain,logistic,trajectory_plus_oisst,expanding_window,2020,239,107,0.4476987447698745,0.5494779629925584,0.10177921822268388,True,0.2,0.05
full_oisst_domain,logistic,trajectory_plus_oisst,expanding_window,2021,229,105,0.4585152838427948,0.6246254349414515,0.16611015109865673,True,0.2,0.05
full_oisst_domain,logistic,trajectory_plus_oisst,expanding_window,2022,225,157,0.6977777777777778,0.8391917895717742,0.14141401179399637,True,0.2,0.05
full_oisst_domain,logistic,trajectory_plus_oisst,expanding_window,2023,179,40,0.22346368715083798,0.38448027139394897,0.161016584243111,True,0.2,0.05
full_oisst_domain,logistic,trajectory_plus_oisst,expanding_window,2024,204,61,0.29901960784313725,0.4626232406085115,0.16360363276537426,True,0.2,0.05
upwelling_supported_domain,logistic,current_only,expanding_window,2005,207,139,0.6714975845410628,0.8175559299752999,0.14605834543423712,True,0.2,0.05
upwelling_supported_domain,logistic,current_only,expanding_window,2006,191,45,0.2356020942408377,0.5971924534147325,0.3615903591738948,True,0.2,0.05
upwelling_supported_domain,logistic,current_only,expanding_window,2007,217,74,0.34101382488479265,0.6039368084722472,0.26292298358745453,True,0.2,0.05
upwelling_supported_domain,logistic,current_only,expanding_window,2008,216,68,0.3148148148148148,0.5486883710648197,0.2338735562500049,True,0.2,0.05
upwelling_supported_domain,logistic,current_only,expanding_window,2009,228,114,0.5,0.7040820753095871,0.2040820753095871,True,0.2,0.05
upwelling_supported_domain,logistic,current_only,expanding_window,2010,225,147,0.6533333333333333,0.8057683051035873,0.152434971770254,True,0.2,0.05
upwelling_supported_domain,logistic,current_only,expanding_window,2011,186,72,0.3870967741935484,0.6632252658431568,0.2761284916496084,True,0.2,0.05
upwelling_supported_domain,logistic,current_only,expanding_window,2012,196,31,0.15816326530612246,0.5035113319597043,0.34534806665358186,True,0.2,0.05
upwelling_supported_domain,logistic,current_only,expanding_window,2013,230,196,0.8521739130434782,0.869021913655716,0.01684800061223779,True,0.2,0.05
upwelling_supported_domain,logistic,current_only,expanding_window,2014,188,81,0.4308510638297872,0.4747732191864191,0.04392215535663191,True,0.2,0.05
upwelling_supported_domain,logistic,current_only,expanding_window,2015,163,61,0.37423312883435583,0.5099790511764178,0.135745922342062,True,0.2,0.05
upwelling_supported_domain,logistic,current_only,expanding_window,2016,168,77,0.4583333333333333,0.6998036712061431,0.24147033787280975,True,0.2,0.05
upwelling_supported_domain,logistic,current_only,expanding_window,2017,175,41,0.2342857142857143,0.2666175832846802,0.032331868998965924,True,0.2,0.05
upwelling_supported_domain,logistic,current_only,expanding_window,2018,181,160,0.8839779005524862,0.9376658546195975,0.053687954067111354,True,0.2,0.05
upwelling_supported_domain,logistic,current_only,expanding_window,2019,123,26,0.21138211382113822,0.2930145427021593,0.0816324288810211,True,0.2,0.05
upwelling_supported_domain,logistic,current_only,expanding_window,2020,156,68,0.4358974358974359,0.46808950966293267,0.032192073765496765,True,0.2,0.05
upwelling_supported_domain,logistic,current_only,expanding_window,2021,161,58,0.36024844720496896,0.4200769579965799,0.059828510791610945,True,0.2,0.05
upwelling_supported_domain,logistic,current_only,expanding_window,2022,160,132,0.825,0.8818744858135779,0.0568744858135779,True,0.2,0.05
upwelling_supported_domain,logistic,current_only,expanding_window,2023,111,13,0.11711711711711711,0.22700996382607355,0.10989284670895644,True,0.2,0.05
upwelling_supported_domain,logistic,current_only,expanding_window,2024,138,46,0.3333333333333333,0.44687343017559616,0.11354009684226285,True,0.2,0.05
upwelling_supported_domain,logistic,current_plus_trajectory,expanding_window,2005,207,139,0.6714975845410628,0.8112761123075121,0.13977852776644928,True,0.2,0.05
upwelling_supported_domain,logistic,current_plus_trajectory,expanding_window,2006,191,45,0.2356020942408377,0.6627217678839219,0.42711967364308423,True,0.2,0.05
upwelling_supported_domain,logistic,current_plus_trajectory,expanding_window,2007,217,74,0.34101382488479265,0.6191116764534843,0.27809785156869166,True,0.2,0.05
upwelling_supported_domain,logistic,current_plus_trajectory,expanding_window,2008,216,68,0.3148148148148148,0.5595501321995225,0.24473531738470772,True,0.2,0.05
upwelling_supported_domain,logistic,current_plus_trajectory,expanding_window,2009,228,114,0.5,0.7091079932507391,0.20910799325073914,True,0.2,0.05
upwelling_supported_domain,logistic,current_plus_trajectory,expanding_window,2010,225,147,0.6533333333333333,0.8203690018203218,0.16703566848698848,True,0.2,0.05
upwelling_supported_domain,logistic,current_plus_trajectory,expanding_window,2011,186,72,0.3870967741935484,0.6334093242635453,0.24631255006999697,True,0.2,0.05
upwelling_supported_domain,logistic,current_plus_trajectory,expanding_window,2012,196,31,0.15816326530612246,0.5118814273133704,0.3537181620072479,True,0.2,0.05
upwelling_supported_domain,logistic,current_plus_trajectory,expanding_window,2013,230,196,0.8521739130434782,0.8573150864630951,0.00514117341961684,True,0.2,0.05
upwelling_supported_domain,logistic,current_plus_trajectory,expanding_window,2014,188,81,0.4308510638297872,0.4548737448979615,0.02402268106817429,True,0.2,0.05
upwelling_supported_domain,logistic,current_plus_trajectory,expanding_window,2015,163,61,0.37423312883435583,0.5140749311636384,0.13984180232928262,True,0.2,0.05
upwelling_supported_domain,logistic,current_plus_trajectory,expanding_window,2016,168,77,0.4583333333333333,0.6870949290003424,0.2287615956670091,True,0.2,0.05
upwelling_supported_domain,logistic,current_plus_trajectory,expanding_window,2017,175,41,0.2342857142857143,0.31732194300050987,0.08303622871479557,True,0.2,0.05
upwelling_supported_domain,logistic,current_plus_trajectory,expanding_window,2018,181,160,0.8839779005524862,0.9375480202390034,0.05357011968651726,True,0.2,0.05
upwelling_supported_domain,logistic,current_plus_trajectory,expanding_window,2019,123,26,0.21138211382113822,0.33056574964794594,0.11918363582680772,True,0.2,0.05
upwelling_supported_domain,logistic,current_plus_trajectory,expanding_window,2020,156,68,0.4358974358974359,0.47801245332902786,0.04211501743159196,True,0.2,0.05
upwelling_supported_domain,logistic,current_plus_trajectory,expanding_window,2021,161,58,0.36024844720496896,0.49598941553027215,0.1357409683253032,True,0.2,0.05
upwelling_supported_domain,logistic,current_plus_trajectory,expanding_window,2022,160,132,0.825,0.8827031486402506,0.05770314864025061,True,0.2,0.05
upwelling_supported_domain,logistic,current_plus_trajectory,expanding_window,2023,111,13,0.11711711711711711,0.3739207772934275,0.2568036601763104,True,0.2,0.05
upwelling_supported_domain,logistic,current_plus_trajectory,expanding_window,2024,138,46,0.3333333333333333,0.5176856146491032,0.18435228131576992,True,0.2,0.05
upwelling_supported_domain,logistic,trajectory_plus_oisst,expanding_window,2005,207,139,0.6714975845410628,0.788889208737495,0.11739162419643223,True,0.2,0.05
upwelling_supported_domain,logistic,trajectory_plus_oisst,expanding_window,2006,191,45,0.2356020942408377,0.6117378779467946,0.3761357837059569,True,0.2,0.05
upwelling_supported_domain,logistic,trajectory_plus_oisst,expanding_window,2007,217,74,0.34101382488479265,0.6062541327827374,0.2652403078979448,True,0.2,0.05
upwelling_supported_domain,logistic,trajectory_plus_oisst,expanding_window,2008,216,68,0.3148148148148148,0.5242662765463194,0.20945146173150458,True,0.2,0.05
upwelling_supported_domain,logistic,trajectory_plus_oisst,expanding_window,2009,228,114,0.5,0.6830340085273203,0.18303400852732032,True,0.2,0.05
upwelling_supported_domain,logistic,trajectory_plus_oisst,expanding_window,2010,225,147,0.6533333333333333,0.8101951904895666,0.15686185715623324,True,0.2,0.05
upwelling_supported_domain,logistic,trajectory_plus_oisst,expanding_window,2011,186,72,0.3870967741935484,0.6576116779057593,0.2705149037122109,True,0.2,0.05
upwelling_supported_domain,logistic,trajectory_plus_oisst,expanding_window,2012,196,31,0.15816326530612246,0.5560898226238887,0.39792655731776627,True,0.2,0.05
upwelling_supported_domain,logistic,trajectory_plus_oisst,expanding_window,2013,230,196,0.8521739130434782,0.855252623973036,0.003078710929557804,True,0.2,0.05
upwelling_supported_domain,logistic,trajectory_plus_oisst,expanding_window,2014,188,81,0.4308510638297872,0.4951355964327007,0.0642845326029135,True,0.2,0.05
upwelling_supported_domain,logistic,trajectory_plus_oisst,expanding_window,2015,163,61,0.37423312883435583,0.5665408560097553,0.1923077271753995,True,0.2,0.05
upwelling_supported_domain,logistic,trajectory_plus_oisst,expanding_window,2016,168,77,0.4583333333333333,0.658887324642722,0.20055399130938872,True,0.2,0.05
upwelling_supported_domain,logistic,trajectory_plus_oisst,expanding_window,2017,175,41,0.2342857142857143,0.3216274142703203,0.08734169998460603,True,0.2,0.05
upwelling_supported_domain,logistic,trajectory_plus_oisst,expanding_window,2018,181,160,0.8839779005524862,0.9428428106725096,0.058864910120023484,True,0.2,0.05
upwelling_supported_domain,logistic,trajectory_plus_oisst,expanding_window,2019,123,26,0.21138211382113822,0.28250257713398963,0.0711204633128514,True,0.2,0.05
upwelling_supported_domain,logistic,trajectory_plus_oisst,expanding_window,2020,156,68,0.4358974358974359,0.49327248944967195,0.057375053552236044,True,0.2,0.05
upwelling_supported_domain,logistic,trajectory_plus_oisst,expanding_window,2021,161,58,0.36024844720496896,0.5253780416778062,0.16512959447283726,True,0.2,0.05
upwelling_supported_domain,logistic,trajectory_plus_oisst,expanding_window,2022,160,132,0.825,0.8724674799094803,0.047467479909480303,True,0.2,0.05
upwelling_supported_domain,logistic,trajectory_plus_oisst,expanding_window,2023,111,13,0.11711711711711711,0.34134865514504925,0.22423153802793214,True,0.2,0.05
upwelling_supported_domain,logistic,trajectory_plus_oisst,expanding_window,2024,138,46,0.3333333333333333,0.5128278548043268,0.17949452147099348,True,0.2,0.05
upwelling_supported_domain,logistic,trajectory_plus_oisst_cuti_beuti,expanding_window,2005,207,139,0.6714975845410628,0.7864784489398657,0.11498086439880295,True,0.2,0.05
upwelling_supported_domain,logistic,trajectory_plus_oisst_cuti_beuti,expanding_window,2006,191,45,0.2356020942408377,0.6562295107622901,0.4206274165214524,True,0.2,0.05
upwelling_supported_domain,logistic,trajectory_plus_oisst_cuti_beuti,expanding_window,2007,217,74,0.34101382488479265,0.5323426898764225,0.19132886499162988,True,0.2,0.05
upwelling_supported_domain,logistic,trajectory_plus_oisst_cuti_beuti,expanding_window,2008,216,68,0.3148148148148148,0.5198922610118994,0.20507744619708462,True,0.2,0.05
upwelling_supported_domain,logistic,trajectory_plus_oisst_cuti_beuti,expanding_window,2009,228,114,0.5,0.6647364936810082,0.16473649368100818,True,0.2,0.05
upwelling_supported_domain,logistic,trajectory_plus_oisst_cuti_beuti,expanding_window,2010,225,147,0.6533333333333333,0.8055454397328756,0.1522121063995423,True,0.2,0.05
upwelling_supported_domain,logistic,trajectory_plus_oisst_cuti_beuti,expanding_window,2011,186,72,0.3870967741935484,0.621655077650658,0.2345583034571096,True,0.2,0.05
upwelling_supported_domain,logistic,trajectory_plus_oisst_cuti_beuti,expanding_window,2012,196,31,0.15816326530612246,0.5289823920280552,0.37081912672193273,True,0.2,0.05
upwelling_supported_domain,logistic,trajectory_plus_oisst_cuti_beuti,expanding_window,2013,230,196,0.8521739130434782,0.8588900630304328,0.006716149986954578,True,0.2,0.05
upwelling_supported_domain,logistic,trajectory_plus_oisst_cuti_beuti,expanding_window,2014,188,81,0.4308510638297872,0.4803929617746645,0.04954189794487729,True,0.2,0.05
upwelling_supported_domain,logistic,trajectory_plus_oisst_cuti_beuti,expanding_window,2015,163,61,0.37423312883435583,0.5804025061021065,0.2061693772677507,True,0.2,0.05
upwelling_supported_domain,logistic,trajectory_plus_oisst_cuti_beuti,expanding_window,2016,168,77,0.4583333333333333,0.6319374560264273,0.17360412269309394,True,0.2,0.05
upwelling_supported_domain,logistic,trajectory_plus_oisst_cuti_beuti,expanding_window,2017,175,41,0.2342857142857143,0.3064204424093803,0.07213472812366603,True,0.2,0.05
upwelling_supported_domain,logistic,trajectory_plus_oisst_cuti_beuti,expanding_window,2018,181,160,0.8839779005524862,0.9476816869965157,0.06370378644402952,True,0.2,0.05
upwelling_supported_domain,logistic,trajectory_plus_oisst_cuti_beuti,expanding_window,2019,123,26,0.21138211382113822,0.3134526293238462,0.10207051550270799,True,0.2,0.05
upwelling_supported_domain,logistic,trajectory_plus_oisst_cuti_beuti,expanding_window,2020,156,68,0.4358974358974359,0.4625324705958525,0.026635034698416604,True,0.2,0.05
upwelling_supported_domain,logistic,trajectory_plus_oisst_cuti_beuti,expanding_window,2021,161,58,0.36024844720496896,0.45825050852592947,0.09800206132096051,True,0.2,0.05
upwelling_supported_domain,logistic,trajectory_plus_oisst_cuti_beuti,expanding_window,2022,160,132,0.825,0.8909878102653752,0.06598781026537526,True,0.2,0.05
upwelling_supported_domain,logistic,trajectory_plus_oisst_cuti_beuti,expanding_window,2023,111,13,0.11711711711711711,0.3644480250353223,0.2473309079182052,True,0.2,0.05
upwelling_supported_domain,logistic,trajectory_plus_oisst_cuti_beuti,expanding_window,2024,138,46,0.3333333333333333,0.5229148778412952,0.18958154450796189,True,0.2,0.05
full_oisst_domain,logistic,current_only,expanding_window,2005,293,190,0.6484641638225256,0.809531013884452,0.16106685006192645,True,0.2,0.1
full_oisst_domain,logistic,current_only,expanding_window,2006,241,66,0.27385892116182575,0.5937208674582555,0.3198619462964297,True,0.2,0.1
full_oisst_domain,logistic,current_only,expanding_window,2007,310,98,0.3161290322580645,0.5517626560434836,0.23563362378541913,True,0.2,0.1
full_oisst_domain,logistic,current_only,expanding_window,2008,315,107,0.3396825396825397,0.5652682970666043,0.2255857573840646,True,0.2,0.1
full_oisst_domain,logistic,current_only,expanding_window,2009,317,180,0.5678233438485805,0.7106093645627231,0.1427860207141426,True,0.2,0.1
full_oisst_domain,logistic,current_only,expanding_window,2010,301,166,0.5514950166112956,0.7460585511391485,0.1945635345278529,True,0.2,0.1
full_oisst_domain,logistic,current_only,expanding_window,2011,245,118,0.4816326530612245,0.6516797762840877,0.1700471232228632,True,0.2,0.1
full_oisst_domain,logistic,current_only,expanding_window,2012,255,70,0.27450980392156865,0.5843897076307595,0.30987990370919083,True,0.2,0.1
full_oisst_domain,logistic,current_only,expanding_window,2013,317,215,0.6782334384858044,0.7711331341853842,0.09289969569957979,True,0.2,0.1
full_oisst_domain,logistic,current_only,expanding_window,2014,256,117,0.45703125,0.5902007237479038,0.13316947374790378,True,0.2,0.1
full_oisst_domain,logistic,current_only,expanding_window,2015,222,125,0.5630630630630631,0.6869797402920477,0.12391667722898458,True,0.2,0.1
full_oisst_domain,logistic,current_only,expanding_window,2016,187,79,0.42245989304812837,0.6331885356474523,0.2107286425993239,True,0.2,0.1
full_oisst_domain,logistic,current_only,expanding_window,2017,224,51,0.22767857142857142,0.29139442242815383,0.06371585099958241,True,0.2,0.1
full_oisst_domain,logistic,current_only,expanding_window,2018,251,200,0.796812749003984,0.8737584416641339,0.07694569266014983,True,0.2,0.1
full_oisst_domain,logistic,current_only,expanding_window,2019,158,63,0.3987341772151899,0.6353624380632403,0.23662826084805044,True,0.2,0.1
full_oisst_domain,logistic,current_only,expanding_window,2020,206,94,0.4563106796116505,0.4743701808601425,0.018059501248491983,True,0.2,0.1
full_oisst_domain,logistic,current_only,expanding_window,2021,188,88,0.46808510638297873,0.5630388187925587,0.09495371240957995,True,0.2,0.1
full_oisst_domain,logistic,current_only,expanding_window,2022,198,143,0.7222222222222222,0.8290644618902744,0.10684223966805217,True,0.2,0.1
full_oisst_domain,logistic,current_only,expanding_window,2023,134,29,0.21641791044776118,0.29486515523845835,0.07844724479069717,True,0.2,0.1
full_oisst_domain,logistic,current_only,expanding_window,2024,170,53,0.31176470588235294,0.40210079680795885,0.0903360909256059,True,0.2,0.1
full_oisst_domain,logistic,current_plus_trajectory,expanding_window,2005,293,190,0.6484641638225256,0.822297717520582,0.17383355369805642,True,0.2,0.1
full_oisst_domain,logistic,current_plus_trajectory,expanding_window,2006,241,66,0.27385892116182575,0.615342981035305,0.3414840598734793,True,0.2,0.1
full_oisst_domain,logistic,current_plus_trajectory,expanding_window,2007,310,98,0.3161290322580645,0.605760991480432,0.28963195922236756,True,0.2,0.1
full_oisst_domain,logistic,current_plus_trajectory,expanding_window,2008,315,107,0.3396825396825397,0.5502716218650203,0.21058908218248062,True,0.2,0.1
full_oisst_domain,logistic,current_plus_trajectory,expanding_window,2009,317,180,0.5678233438485805,0.6981825189347647,0.13035917508618422,True,0.2,0.1
full_oisst_domain,logistic,current_plus_trajectory,expanding_window,2010,301,166,0.5514950166112956,0.765727140501863,0.21423212389056734,True,0.2,0.1
full_oisst_domain,logistic,current_plus_trajectory,expanding_window,2011,245,118,0.4816326530612245,0.6396164221562828,0.1579837690950583,True,0.2,0.1
full_oisst_domain,logistic,current_plus_trajectory,expanding_window,2012,255,70,0.27450980392156865,0.5844984897917502,0.3099886858701816,True,0.2,0.1
full_oisst_domain,logistic,current_plus_trajectory,expanding_window,2013,317,215,0.6782334384858044,0.7956603539695432,0.11742691548373874,True,0.2,0.1
full_oisst_domain,logistic,current_plus_trajectory,expanding_window,2014,256,117,0.45703125,0.599623408869809,0.14259215886980903,True,0.2,0.1
full_oisst_domain,logistic,current_plus_trajectory,expanding_window,2015,222,125,0.5630630630630631,0.6824740452135545,0.1194109821504914,True,0.2,0.1
full_oisst_domain,logistic,current_plus_trajectory,expanding_window,2016,187,79,0.42245989304812837,0.6579101153268889,0.23545022227876056,True,0.2,0.1
full_oisst_domain,logistic,current_plus_trajectory,expanding_window,2017,224,51,0.22767857142857142,0.337339467895419,0.1096608964668476,True,0.2,0.1
full_oisst_domain,logistic,current_plus_trajectory,expanding_window,2018,251,200,0.796812749003984,0.9031754231193339,0.10636267411534983,True,0.2,0.1
full_oisst_domain,logistic,current_plus_trajectory,expanding_window,2019,158,63,0.3987341772151899,0.6211307413119277,0.2223965640967378,True,0.2,0.1
full_oisst_domain,logistic,current_plus_trajectory,expanding_window,2020,206,94,0.4563106796116505,0.5342174694820259,0.07790678987037536,True,0.2,0.1
full_oisst_domain,logistic,current_plus_trajectory,expanding_window,2021,188,88,0.46808510638297873,0.5933074613907645,0.12522235500778578,True,0.2,0.1
full_oisst_domain,logistic,current_plus_trajectory,expanding_window,2022,198,143,0.7222222222222222,0.8808870693912914,0.15866484716906915,True,0.2,0.1
full_oisst_domain,logistic,current_plus_trajectory,expanding_window,2023,134,29,0.21641791044776118,0.42025809416388554,0.20384018371612436,True,0.2,0.1
full_oisst_domain,logistic,current_plus_trajectory,expanding_window,2024,170,53,0.31176470588235294,0.48356225211436454,0.1717975462320116,True,0.2,0.1
full_oisst_domain,logistic,trajectory_plus_oisst,expanding_window,2005,293,190,0.6484641638225256,0.807029232114564,0.15856506829203842,True,0.2,0.1
full_oisst_domain,logistic,trajectory_plus_oisst,expanding_window,2006,241,66,0.27385892116182575,0.5293236936128778,0.25546477245105204,True,0.2,0.1
full_oisst_domain,logistic,trajectory_plus_oisst,expanding_window,2007,310,98,0.3161290322580645,0.572109676673745,0.2559806444156805,True,0.2,0.1
full_oisst_domain,logistic,trajectory_plus_oisst,expanding_window,2008,315,107,0.3396825396825397,0.5378638793677679,0.19818133968522822,True,0.2,0.1
full_oisst_domain,logistic,trajectory_plus_oisst,expanding_window,2009,317,180,0.5678233438485805,0.658757462075331,0.09093411822675057,True,0.2,0.1
full_oisst_domain,logistic,trajectory_plus_oisst,expanding_window,2010,301,166,0.5514950166112956,0.7051052866334006,0.15361027002210492,True,0.2,0.1
full_oisst_domain,logistic,trajectory_plus_oisst,expanding_window,2011,245,118,0.4816326530612245,0.669925464005587,0.18829281094436245,True,0.2,0.1
full_oisst_domain,logistic,trajectory_plus_oisst,expanding_window,2012,255,70,0.27450980392156865,0.5945420023062522,0.32003219838468355,True,0.2,0.1
full_oisst_domain,logistic,trajectory_plus_oisst,expanding_window,2013,317,215,0.6782334384858044,0.766747342469269,0.08851390398346459,True,0.2,0.1
full_oisst_domain,logistic,trajectory_plus_oisst,expanding_window,2014,256,117,0.45703125,0.6057690749010481,0.14873782490104814,True,0.2,0.1
full_oisst_domain,logistic,trajectory_plus_oisst,expanding_window,2015,222,125,0.5630630630630631,0.7539753095087376,0.1909122464456745,True,0.2,0.1
full_oisst_domain,logistic,trajectory_plus_oisst,expanding_window,2016,187,79,0.42245989304812837,0.6307169503504704,0.208257057302342,True,0.2,0.1
full_oisst_domain,logistic,trajectory_plus_oisst,expanding_window,2017,224,51,0.22767857142857142,0.3452813361077058,0.11760276467913436,True,0.2,0.1
full_oisst_domain,logistic,trajectory_plus_oisst,expanding_window,2018,251,200,0.796812749003984,0.9152924060837878,0.11847965707980379,True,0.2,0.1
full_oisst_domain,logistic,trajectory_plus_oisst,expanding_window,2019,158,63,0.3987341772151899,0.5430599618287069,0.14432578461351697,True,0.2,0.1
full_oisst_domain,logistic,trajectory_plus_oisst,expanding_window,2020,206,94,0.4563106796116505,0.5581574566483485,0.10184677703669798,True,0.2,0.1
full_oisst_domain,logistic,trajectory_plus_oisst,expanding_window,2021,188,88,0.46808510638297873,0.6356657187858938,0.1675806124029151,True,0.2,0.1
full_oisst_domain,logistic,trajectory_plus_oisst,expanding_window,2022,198,143,0.7222222222222222,0.849798609420334,0.12757638719811182,True,0.2,0.1
full_oisst_domain,logistic,trajectory_plus_oisst,expanding_window,2023,134,29,0.21641791044776118,0.40602238051818684,0.18960447007042566,True,0.2,0.1
full_oisst_domain,logistic,trajectory_plus_oisst,expanding_window,2024,170,53,0.31176470588235294,0.4782073910166848,0.16644268513433186,True,0.2,0.1
upwelling_supported_domain,logistic,current_only,expanding_window,2005,191,132,0.6910994764397905,0.8249990683061037,0.13389959186631317,True,0.2,0.1
upwelling_supported_domain,logistic,current_only,expanding_window,2006,154,40,0.2597402597402597,0.6399904121361364,0.3802501523958767,True,0.2,0.1
upwelling_supported_domain,logistic,current_only,expanding_window,2007,204,71,0.3480392156862745,0.6146491010213526,0.2666098853350781,True,0.2,0.1
upwelling_supported_domain,logistic,current_only,expanding_window,2008,203,67,0.33004926108374383,0.5519983008281293,0.22194903974438546,True,0.2,0.1
upwelling_supported_domain,logistic,current_only,expanding_window,2009,207,111,0.5362318840579711,0.7093732090073188,0.17314132494934775,True,0.2,0.1
upwelling_supported_domain,logistic,current_only,expanding_window,2010,206,138,0.6699029126213593,0.8152195585754575,0.1453166459540982,True,0.2,0.1
upwelling_supported_domain,logistic,current_only,expanding_window,2011,152,67,0.4407894736842105,0.6822698899362333,0.24148041625202277,True,0.2,0.1
upwelling_supported_domain,logistic,current_only,expanding_window,2012,169,30,0.17751479289940827,0.5149409843030934,0.3374261914036851,True,0.2,0.1
upwelling_supported_domain,logistic,current_only,expanding_window,2013,223,190,0.852017937219731,0.86954590200299,0.01752796478325902,True,0.2,0.1
upwelling_supported_domain,logistic,current_only,expanding_window,2014,158,70,0.4430379746835443,0.4803161784341452,0.037278203750600925,True,0.2,0.1
upwelling_supported_domain,logistic,current_only,expanding_window,2015,134,55,0.41044776119402987,0.5228892168849034,0.11244145569087355,True,0.2,0.1
upwelling_supported_domain,logistic,current_only,expanding_window,2016,135,68,0.5037037037037037,0.728329386509563,0.22462568280585937,True,0.2,0.1
upwelling_supported_domain,logistic,current_only,expanding_window,2017,156,36,0.23076923076923078,0.2715564202665159,0.0407871894972851,True,0.2,0.1
upwelling_supported_domain,logistic,current_only,expanding_window,2018,167,150,0.8982035928143712,0.9408280536500967,0.042624460835725464,True,0.2,0.1
upwelling_supported_domain,logistic,current_only,expanding_window,2019,94,21,0.22340425531914893,0.3094371155054446,0.08603286018629569,True,0.2,0.1
upwelling_supported_domain,logistic,current_only,expanding_window,2020,136,64,0.47058823529411764,0.4688188211525272,-0.0017694141415904308,True,0.2,0.1
upwelling_supported_domain,logistic,current_only,expanding_window,2021,133,46,0.3458646616541353,0.43629218122216057,0.09042751956802525,True,0.2,0.1
upwelling_supported_domain,logistic,current_only,expanding_window,2022,142,120,0.8450704225352113,0.8873739449367701,0.04230352240155888,True,0.2,0.1
upwelling_supported_domain,logistic,current_only,expanding_window,2023,79,7,0.08860759493670886,0.3241400333718393,0.23553243843513041,True,0.2,0.1
upwelling_supported_domain,logistic,current_only,expanding_window,2024,116,42,0.3620689655172414,0.45597097188015234,0.09390200636291096,True,0.2,0.1
upwelling_supported_domain,logistic,current_plus_trajectory,expanding_window,2005,191,132,0.6910994764397905,0.8228320930075375,0.13173261656774693,True,0.2,0.1
upwelling_supported_domain,logistic,current_plus_trajectory,expanding_window,2006,154,40,0.2597402597402597,0.6742761024976784,0.4145358427574187,True,0.2,0.1
upwelling_supported_domain,logistic,current_plus_trajectory,expanding_window,2007,204,71,0.3480392156862745,0.6349933777786736,0.2869541620923991,True,0.2,0.1
upwelling_supported_domain,logistic,current_plus_trajectory,expanding_window,2008,203,67,0.33004926108374383,0.5587541065076591,0.22870484542391528,True,0.2,0.1
upwelling_supported_domain,logistic,current_plus_trajectory,expanding_window,2009,207,111,0.5362318840579711,0.7242374297973027,0.1880055457393316,True,0.2,0.1
upwelling_supported_domain,logistic,current_plus_trajectory,expanding_window,2010,206,138,0.6699029126213593,0.8287104144027311,0.15880750178137182,True,0.2,0.1
upwelling_supported_domain,logistic,current_plus_trajectory,expanding_window,2011,152,67,0.4407894736842105,0.6550980852696207,0.21430861158541015,True,0.2,0.1
upwelling_supported_domain,logistic,current_plus_trajectory,expanding_window,2012,169,30,0.17751479289940827,0.5241497214838944,0.3466349285844861,True,0.2,0.1
upwelling_supported_domain,logistic,current_plus_trajectory,expanding_window,2013,223,190,0.852017937219731,0.8616284205832059,0.00961048336347492,True,0.2,0.1
upwelling_supported_domain,logistic,current_plus_trajectory,expanding_window,2014,158,70,0.4430379746835443,0.46594691906314095,0.022908944379596674,True,0.2,0.1
upwelling_supported_domain,logistic,current_plus_trajectory,expanding_window,2015,134,55,0.41044776119402987,0.5316968173495684,0.12124905615553855,True,0.2,0.1
upwelling_supported_domain,logistic,current_plus_trajectory,expanding_window,2016,135,68,0.5037037037037037,0.7140185266943344,0.21031482299063076,True,0.2,0.1
upwelling_supported_domain,logistic,current_plus_trajectory,expanding_window,2017,156,36,0.23076923076923078,0.3225812805335216,0.0918120497642908,True,0.2,0.1
upwelling_supported_domain,logistic,current_plus_trajectory,expanding_window,2018,167,150,0.8982035928143712,0.9440009564452019,0.045797363630830645,True,0.2,0.1
upwelling_supported_domain,logistic,current_plus_trajectory,expanding_window,2019,94,21,0.22340425531914893,0.34551624603685366,0.12211199071770473,True,0.2,0.1
upwelling_supported_domain,logistic,current_plus_trajectory,expanding_window,2020,136,64,0.47058823529411764,0.48252205062944264,0.011933815335325004,True,0.2,0.1
upwelling_supported_domain,logistic,current_plus_trajectory,expanding_window,2021,133,46,0.3458646616541353,0.5150745413159957,0.1692098796618604,True,0.2,0.1
upwelling_supported_domain,logistic,current_plus_trajectory,expanding_window,2022,142,120,0.8450704225352113,0.8864838421342088,0.04141341959899758,True,0.2,0.1
upwelling_supported_domain,logistic,current_plus_trajectory,expanding_window,2023,79,7,0.08860759493670886,0.49632835404160264,0.4077207591048938,True,0.2,0.1
upwelling_supported_domain,logistic,current_plus_trajectory,expanding_window,2024,116,42,0.3620689655172414,0.532755112858817,0.17068614734157567,True,0.2,0.1
upwelling_supported_domain,logistic,trajectory_plus_oisst,expanding_window,2005,191,132,0.6910994764397905,0.7929497656334374,0.10185028919364691,True,0.2,0.1
upwelling_supported_domain,logistic,trajectory_plus_oisst,expanding_window,2006,154,40,0.2597402597402597,0.6061822405398785,0.34644198079961874,True,0.2,0.1
upwelling_supported_domain,logistic,trajectory_plus_oisst,expanding_window,2007,204,71,0.3480392156862745,0.6146943758118015,0.26665516012552704,True,0.2,0.1
upwelling_supported_domain,logistic,trajectory_plus_oisst,expanding_window,2008,203,67,0.33004926108374383,0.5261730166442342,0.1961237555604904,True,0.2,0.1
upwelling_supported_domain,logistic,trajectory_plus_oisst,expanding_window,2009,207,111,0.5362318840579711,0.6908909897259758,0.15465910566800478,True,0.2,0.1
upwelling_supported_domain,logistic,trajectory_plus_oisst,expanding_window,2010,206,138,0.6699029126213593,0.8167364703218787,0.14683355770051942,True,0.2,0.1
upwelling_supported_domain,logistic,trajectory_plus_oisst,expanding_window,2011,152,67,0.4407894736842105,0.6697910938961609,0.22900162021195036,True,0.2,0.1
upwelling_supported_domain,logistic,trajectory_plus_oisst,expanding_window,2012,169,30,0.17751479289940827,0.5789676451424579,0.4014528522430496,True,0.2,0.1
upwelling_supported_domain,logistic,trajectory_plus_oisst,expanding_window,2013,223,190,0.852017937219731,0.859256360168381,0.0072384229486500695,True,0.2,0.1
upwelling_supported_domain,logistic,trajectory_plus_oisst,expanding_window,2014,158,70,0.4430379746835443,0.5222649154834003,0.07922694079985598,True,0.2,0.1
upwelling_supported_domain,logistic,trajectory_plus_oisst,expanding_window,2015,134,55,0.41044776119402987,0.5968138245000181,0.1863660633059882,True,0.2,0.1
upwelling_supported_domain,logistic,trajectory_plus_oisst,expanding_window,2016,135,68,0.5037037037037037,0.6842884014403492,0.18058469773664554,True,0.2,0.1
upwelling_supported_domain,logistic,trajectory_plus_oisst,expanding_window,2017,156,36,0.23076923076923078,0.3235618761518571,0.09279264538262633,True,0.2,0.1
upwelling_supported_domain,logistic,trajectory_plus_oisst,expanding_window,2018,167,150,0.8982035928143712,0.9502155970452546,0.05201200423088337,True,0.2,0.1
upwelling_supported_domain,logistic,trajectory_plus_oisst,expanding_window,2019,94,21,0.22340425531914893,0.298855383897119,0.0754511285779701,True,0.2,0.1
upwelling_supported_domain,logistic,trajectory_plus_oisst,expanding_window,2020,136,64,0.47058823529411764,0.49838546187069416,0.027797226576576517,True,0.2,0.1
upwelling_supported_domain,logistic,trajectory_plus_oisst,expanding_window,2021,133,46,0.3458646616541353,0.544235857250264,0.1983711955961287,True,0.2,0.1
upwelling_supported_domain,logistic,trajectory_plus_oisst,expanding_window,2022,142,120,0.8450704225352113,0.8682694890487866,0.023199066513575395,True,0.2,0.1
upwelling_supported_domain,logistic,trajectory_plus_oisst,expanding_window,2023,79,7,0.08860759493670886,0.47210671102296714,0.3834991160862583,True,0.2,0.1
upwelling_supported_domain,logistic,trajectory_plus_oisst,expanding_window,2024,116,42,0.3620689655172414,0.5219120945838224,0.159843129066581,True,0.2,0.1
upwelling_supported_domain,logistic,trajectory_plus_oisst_cuti_beuti,expanding_window,2005,191,132,0.6910994764397905,0.795016473700047,0.1039169972602565,True,0.2,0.1
upwelling_supported_domain,logistic,trajectory_plus_oisst_cuti_beuti,expanding_window,2006,154,40,0.2597402597402597,0.6451718213492983,0.3854315616090386,True,0.2,0.1
upwelling_supported_domain,logistic,trajectory_plus_oisst_cuti_beuti,expanding_window,2007,204,71,0.3480392156862745,0.5263969327308835,0.178357717044609,True,0.2,0.1
upwelling_supported_domain,logistic,trajectory_plus_oisst_cuti_beuti,expanding_window,2008,203,67,0.33004926108374383,0.5299326496460849,0.19988338856234106,True,0.2,0.1
upwelling_supported_domain,logistic,trajectory_plus_oisst_cuti_beuti,expanding_window,2009,207,111,0.5362318840579711,0.6727918398205417,0.13655995576257063,True,0.2,0.1
upwelling_supported_domain,logistic,trajectory_plus_oisst_cuti_beuti,expanding_window,2010,206,138,0.6699029126213593,0.8081946017018227,0.1382916890804634,True,0.2,0.1
upwelling_supported_domain,logistic,trajectory_plus_oisst_cuti_beuti,expanding_window,2011,152,67,0.4407894736842105,0.6087749944458543,0.16798552076164375,True,0.2,0.1
upwelling_supported_domain,logistic,trajectory_plus_oisst_cuti_beuti,expanding_window,2012,169,30,0.17751479289940827,0.545345804015773,0.36783101111636474,True,0.2,0.1
upwelling_supported_domain,logistic,trajectory_plus_oisst_cuti_beuti,expanding_window,2013,223,190,0.852017937219731,0.8609247826280659,0.008906845408334974,True,0.2,0.1
upwelling_supported_domain,logistic,trajectory_plus_oisst_cuti_beuti,expanding_window,2014,158,70,0.4430379746835443,0.4972745812372552,0.05423660655371093,True,0.2,0.1
upwelling_supported_domain,logistic,trajectory_plus_oisst_cuti_beuti,expanding_window,2015,134,55,0.41044776119402987,0.6116194032915638,0.20117164209753396,True,0.2,0.1
upwelling_supported_domain,logistic,trajectory_plus_oisst_cuti_beuti,expanding_window,2016,135,68,0.5037037037037037,0.6597419440765331,0.15603824037282943,True,0.2,0.1
upwelling_supported_domain,logistic,trajectory_plus_oisst_cuti_beuti,expanding_window,2017,156,36,0.23076923076923078,0.31389261356616877,0.08312338279693798,True,0.2,0.1
upwelling_supported_domain,logistic,trajectory_plus_oisst_cuti_beuti,expanding_window,2018,167,150,0.8982035928143712,0.9536462920720026,0.055442699257631345,True,0.2,0.1
upwelling_supported_domain,logistic,trajectory_plus_oisst_cuti_beuti,expanding_window,2019,94,21,0.22340425531914893,0.29071325852192853,0.0673090032027796,True,0.2,0.1
upwelling_supported_domain,logistic,trajectory_plus_oisst_cuti_beuti,expanding_window,2020,136,64,0.47058823529411764,0.4656803012392243,-0.004907934054893315,True,0.2,0.1
upwelling_supported_domain,logistic,trajectory_plus_oisst_cuti_beuti,expanding_window,2021,133,46,0.3458646616541353,0.47425585597997394,0.12839119432583862,True,0.2,0.1
upwelling_supported_domain,logistic,trajectory_plus_oisst_cuti_beuti,expanding_window,2022,142,120,0.8450704225352113,0.8910256653329149,0.04595524279770369,True,0.2,0.1
upwelling_supported_domain,logistic,trajectory_plus_oisst_cuti_beuti,expanding_window,2023,79,7,0.08860759493670886,0.4948484848484848,0.406240889911776,True,0.2,0.1
upwelling_supported_domain,logistic,trajectory_plus_oisst_cuti_beuti,expanding_window,2024,116,42,0.3620689655172414,0.5509611737088562,0.18889220819161484,True,0.2,0.1
full_oisst_domain,logistic,current_only,expanding_window,2005,329,189,0.574468085106383,0.7504940558633255,0.17602597075694248,True,0.3,0.02
full_oisst_domain,logistic,current_only,expanding_window,2006,312,55,0.1762820512820513,0.48439544107382637,0.30811338979177505,True,0.3,0.02
full_oisst_domain,logistic,current_only,expanding_window,2007,337,94,0.2789317507418398,0.5210188203620262,0.2420870696201864,True,0.3,0.02
full_oisst_domain,logistic,current_only,expanding_window,2008,338,95,0.28106508875739644,0.5384706969029627,0.25740560814556623,True,0.3,0.02
full_oisst_domain,logistic,current_only,expanding_window,2009,348,163,0.46839080459770116,0.609486557590091,0.1410957529923898,True,0.3,0.02
full_oisst_domain,logistic,current_only,expanding_window,2010,339,164,0.4837758112094395,0.6926012082100086,0.20882539700056907,True,0.3,0.02
full_oisst_domain,logistic,current_only,expanding_window,2011,306,112,0.3660130718954248,0.5571990185357563,0.19118594664033145,True,0.3,0.02
full_oisst_domain,logistic,current_only,expanding_window,2012,312,64,0.20512820512820512,0.5498011590382877,0.3446729539100826,True,0.3,0.02
full_oisst_domain,logistic,current_only,expanding_window,2013,350,217,0.62,0.725297781167572,0.10529778116757205,True,0.3,0.02
full_oisst_domain,logistic,current_only,expanding_window,2014,326,124,0.3803680981595092,0.5411001118308317,0.1607320136713225,True,0.3,0.02
full_oisst_domain,logistic,current_only,expanding_window,2015,278,130,0.4676258992805755,0.6175553164676588,0.1499294171870833,True,0.3,0.02
full_oisst_domain,logistic,current_only,expanding_window,2016,263,87,0.33079847908745247,0.5564888595383162,0.2256903804508637,True,0.3,0.02
full_oisst_domain,logistic,current_only,expanding_window,2017,285,59,0.20701754385964913,0.24472264584392037,0.03770510198427124,True,0.3,0.02
full_oisst_domain,logistic,current_only,expanding_window,2018,296,222,0.75,0.8225547614073151,0.0725547614073151,True,0.3,0.02
full_oisst_domain,logistic,current_only,expanding_window,2019,245,69,0.2816326530612245,0.47611430992798387,0.1944816568667594,True,0.3,0.02
full_oisst_domain,logistic,current_only,expanding_window,2020,270,101,0.37407407407407406,0.4060807584359375,0.032006684361863436,True,0.3,0.02
full_oisst_domain,logistic,current_only,expanding_window,2021,265,102,0.3849056603773585,0.4176347461971113,0.03272908581975276,True,0.3,0.02
full_oisst_domain,logistic,current_only,expanding_window,2022,253,165,0.6521739130434783,0.7945953105300685,0.14242139748659022,True,0.3,0.02
full_oisst_domain,logistic,current_only,expanding_window,2023,226,41,0.18141592920353983,0.21926659512130797,0.037850665917768145,True,0.3,0.02
full_oisst_domain,logistic,current_only,expanding_window,2024,235,61,0.25957446808510637,0.29499489153776015,0.03542042345265378,True,0.3,0.02
full_oisst_domain,logistic,current_plus_trajectory,expanding_window,2005,329,189,0.574468085106383,0.7462106831092294,0.1717425980028464,True,0.3,0.02
full_oisst_domain,logistic,current_plus_trajectory,expanding_window,2006,312,55,0.1762820512820513,0.6215717480049405,0.4452896967228892,True,0.3,0.02
full_oisst_domain,logistic,current_plus_trajectory,expanding_window,2007,337,94,0.2789317507418398,0.5630778632998759,0.28414611255803607,True,0.3,0.02
full_oisst_domain,logistic,current_plus_trajectory,expanding_window,2008,338,95,0.28106508875739644,0.5311617094106031,0.2500966206532067,True,0.3,0.02
full_oisst_domain,logistic,current_plus_trajectory,expanding_window,2009,348,163,0.46839080459770116,0.5815577750840986,0.1131669704863974,True,0.3,0.02
full_oisst_domain,logistic,current_plus_trajectory,expanding_window,2010,339,164,0.4837758112094395,0.7196420403806137,0.23586622917117422,True,0.3,0.02
full_oisst_domain,logistic,current_plus_trajectory,expanding_window,2011,306,112,0.3660130718954248,0.5397575300466022,0.1737444581511774,True,0.3,0.02
full_oisst_domain,logistic,current_plus_trajectory,expanding_window,2012,312,64,0.20512820512820512,0.5568981426481971,0.351769937519992,True,0.3,0.02
full_oisst_domain,logistic,current_plus_trajectory,expanding_window,2013,350,217,0.62,0.7380425348437919,0.1180425348437919,True,0.3,0.02
full_oisst_domain,logistic,current_plus_trajectory,expanding_window,2014,326,124,0.3803680981595092,0.5494546333204772,0.16908653516096794,True,0.3,0.02
full_oisst_domain,logistic,current_plus_trajectory,expanding_window,2015,278,130,0.4676258992805755,0.6161707169916286,0.1485448177110531,True,0.3,0.02
full_oisst_domain,logistic,current_plus_trajectory,expanding_window,2016,263,87,0.33079847908745247,0.5971381885395252,0.2663397094520727,True,0.3,0.02
full_oisst_domain,logistic,current_plus_trajectory,expanding_window,2017,285,59,0.20701754385964913,0.2909177557843755,0.08390021192472638,True,0.3,0.02
full_oisst_domain,logistic,current_plus_trajectory,expanding_window,2018,296,222,0.75,0.8629500480119259,0.11295004801192587,True,0.3,0.02
full_oisst_domain,logistic,current_plus_trajectory,expanding_window,2019,245,69,0.2816326530612245,0.5316914069386212,0.2500587538773967,True,0.3,0.02
full_oisst_domain,logistic,current_plus_trajectory,expanding_window,2020,270,101,0.37407407407407406,0.4584338646285957,0.08435979055452164,True,0.3,0.02
full_oisst_domain,logistic,current_plus_trajectory,expanding_window,2021,265,102,0.3849056603773585,0.4858130015958153,0.10090734121845679,True,0.3,0.02
full_oisst_domain,logistic,current_plus_trajectory,expanding_window,2022,253,165,0.6521739130434783,0.8377432608432723,0.18556934779979406,True,0.3,0.02
full_oisst_domain,logistic,current_plus_trajectory,expanding_window,2023,226,41,0.18141592920353983,0.3358986719046384,0.15448274270109857,True,0.3,0.02
full_oisst_domain,logistic,current_plus_trajectory,expanding_window,2024,235,61,0.25957446808510637,0.36698860931721644,0.10741414123211007,True,0.3,0.02
full_oisst_domain,logistic,trajectory_plus_oisst,expanding_window,2005,329,189,0.574468085106383,0.7422347772825644,0.16776669217618134,True,0.3,0.02
full_oisst_domain,logistic,trajectory_plus_oisst,expanding_window,2006,312,55,0.1762820512820513,0.462779621414205,0.2864975701321537,True,0.3,0.02
full_oisst_domain,logistic,trajectory_plus_oisst,expanding_window,2007,337,94,0.2789317507418398,0.5239908748114273,0.24505912406958746,True,0.3,0.02
full_oisst_domain,logistic,trajectory_plus_oisst,expanding_window,2008,338,95,0.28106508875739644,0.5204024611002079,0.2393373723428115,True,0.3,0.02
full_oisst_domain,logistic,trajectory_plus_oisst,expanding_window,2009,348,163,0.46839080459770116,0.5429907194918853,0.0745999148941841,True,0.3,0.02
full_oisst_domain,logistic,trajectory_plus_oisst,expanding_window,2010,339,164,0.4837758112094395,0.6536985352748278,0.16992272406538828,True,0.3,0.02
full_oisst_domain,logistic,trajectory_plus_oisst,expanding_window,2011,306,112,0.3660130718954248,0.5779347501311802,0.21192167823575542,True,0.3,0.02
full_oisst_domain,logistic,trajectory_plus_oisst,expanding_window,2012,312,64,0.20512820512820512,0.5533299541828501,0.348201749054645,True,0.3,0.02
full_oisst_domain,logistic,trajectory_plus_oisst,expanding_window,2013,350,217,0.62,0.7072422958841944,0.08724229588419441,True,0.3,0.02
full_oisst_domain,logistic,trajectory_plus_oisst,expanding_window,2014,326,124,0.3803680981595092,0.5346562401832472,0.15428814202373797,True,0.3,0.02
full_oisst_domain,logistic,trajectory_plus_oisst,expanding_window,2015,278,130,0.4676258992805755,0.6979701008306116,0.2303442015500361,True,0.3,0.02
full_oisst_domain,logistic,trajectory_plus_oisst,expanding_window,2016,263,87,0.33079847908745247,0.547887429403454,0.21708895031600156,True,0.3,0.02
full_oisst_domain,logistic,trajectory_plus_oisst,expanding_window,2017,285,59,0.20701754385964913,0.2903883977449092,0.08337085388526008,True,0.3,0.02
full_oisst_domain,logistic,trajectory_plus_oisst,expanding_window,2018,296,222,0.75,0.8799785223445089,0.1299785223445089,True,0.3,0.02
full_oisst_domain,logistic,trajectory_plus_oisst,expanding_window,2019,245,69,0.2816326530612245,0.494691315784872,0.21305866272364754,True,0.3,0.02
full_oisst_domain,logistic,trajectory_plus_oisst,expanding_window,2020,270,101,0.37407407407407406,0.4806452915836905,0.10657121750961646,True,0.3,0.02
full_oisst_domain,logistic,trajectory_plus_oisst,expanding_window,2021,265,102,0.3849056603773585,0.5079749115135925,0.12306925113623401,True,0.3,0.02
full_oisst_domain,logistic,trajectory_plus_oisst,expanding_window,2022,253,165,0.6521739130434783,0.8024446990600844,0.15027078601660615,True,0.3,0.02
full_oisst_domain,logistic,trajectory_plus_oisst,expanding_window,2023,226,41,0.18141592920353983,0.3244314940947411,0.14301556489120126,True,0.3,0.02
full_oisst_domain,logistic,trajectory_plus_oisst,expanding_window,2024,235,61,0.25957446808510637,0.36272395582662953,0.10314948774152316,True,0.3,0.02
upwelling_supported_domain,logistic,current_only,expanding_window,2005,218,131,0.6009174311926605,0.7577090979872345,0.15679166679457401,True,0.3,0.02
upwelling_supported_domain,logistic,current_only,expanding_window,2006,211,40,0.1895734597156398,0.56974301396018,0.38016955424454024,True,0.3,0.02
upwelling_supported_domain,logistic,current_only,expanding_window,2007,221,71,0.3212669683257919,0.5811360364221531,0.2598690680963612,True,0.3,0.02
upwelling_supported_domain,logistic,current_only,expanding_window,2008,221,61,0.27601809954751133,0.517858022445536,0.2418399228980247,True,0.3,0.02
upwelling_supported_domain,logistic,current_only,expanding_window,2009,235,99,0.42127659574468085,0.5764434558203899,0.15516686007570907,True,0.3,0.02
upwelling_supported_domain,logistic,current_only,expanding_window,2010,233,138,0.592274678111588,0.7695252753191539,0.17725059720756597,True,0.3,0.02
upwelling_supported_domain,logistic,current_only,expanding_window,2011,208,67,0.32211538461538464,0.5408759611253289,0.21876057650994424,True,0.3,0.02
upwelling_supported_domain,logistic,current_only,expanding_window,2012,211,29,0.13744075829383887,0.5000767751953136,0.36263601690147473,True,0.3,0.02
upwelling_supported_domain,logistic,current_only,expanding_window,2013,238,189,0.7941176470588235,0.8136549570043536,0.019537309945530157,True,0.3,0.02
upwelling_supported_domain,logistic,current_only,expanding_window,2014,213,80,0.3755868544600939,0.43213768950679,0.05655083504669611,True,0.3,0.02
upwelling_supported_domain,logistic,current_only,expanding_window,2015,184,58,0.31521739130434784,0.4479865178306911,0.13276912652634326,True,0.3,0.02
upwelling_supported_domain,logistic,current_only,expanding_window,2016,191,78,0.4083769633507853,0.6565712096870402,0.24819424633625486,True,0.3,0.02
upwelling_supported_domain,logistic,current_only,expanding_window,2017,196,45,0.22959183673469388,0.24740862799041116,0.01781679125571728,True,0.3,0.02
upwelling_supported_domain,logistic,current_only,expanding_window,2018,194,167,0.8608247422680413,0.8939684895221691,0.03314374725412783,True,0.3,0.02
upwelling_supported_domain,logistic,current_only,expanding_window,2019,156,24,0.15384615384615385,0.24658390298119878,0.09273774913504493,True,0.3,0.02
upwelling_supported_domain,logistic,current_only,expanding_window,2020,177,60,0.3389830508474576,0.3808501437551014,0.04186709290764379,True,0.3,0.02
upwelling_supported_domain,logistic,current_only,expanding_window,2021,189,60,0.31746031746031744,0.30526182744007635,-0.012198490020241093,True,0.3,0.02
upwelling_supported_domain,logistic,current_only,expanding_window,2022,178,139,0.7808988764044944,0.8594312359014074,0.07853235949691295,True,0.3,0.02
upwelling_supported_domain,logistic,current_only,expanding_window,2023,144,15,0.10416666666666667,0.16815820651230062,0.06399153984563395,True,0.3,0.02
upwelling_supported_domain,logistic,current_only,expanding_window,2024,159,43,0.27044025157232704,0.33915115776368465,0.06871090619135761,True,0.3,0.02
upwelling_supported_domain,logistic,current_plus_trajectory,expanding_window,2005,218,131,0.6009174311926605,0.7150023192384557,0.1140848880457952,True,0.3,0.02
upwelling_supported_domain,logistic,current_plus_trajectory,expanding_window,2006,211,40,0.1895734597156398,0.6809278295551673,0.4913543698395275,True,0.3,0.02
upwelling_supported_domain,logistic,current_plus_trajectory,expanding_window,2007,221,71,0.3212669683257919,0.5588955528542542,0.2376285845284623,True,0.3,0.02
upwelling_supported_domain,logistic,current_plus_trajectory,expanding_window,2008,221,61,0.27601809954751133,0.5302433316143073,0.2542252320667959,True,0.3,0.02
upwelling_supported_domain,logistic,current_plus_trajectory,expanding_window,2009,235,99,0.42127659574468085,0.5650079136457763,0.14373131790109545,True,0.3,0.02
upwelling_supported_domain,logistic,current_plus_trajectory,expanding_window,2010,233,138,0.592274678111588,0.787509830931504,0.195235152819916,True,0.3,0.02
upwelling_supported_domain,logistic,current_plus_trajectory,expanding_window,2011,208,67,0.32211538461538464,0.5451522824770932,0.2230368978617086,True,0.3,0.02
upwelling_supported_domain,logistic,current_plus_trajectory,expanding_window,2012,211,29,0.13744075829383887,0.509947122853298,0.3725063645594592,True,0.3,0.02
upwelling_supported_domain,logistic,current_plus_trajectory,expanding_window,2013,238,189,0.7941176470588235,0.7945410482141881,0.0004234011553646555,True,0.3,0.02
upwelling_supported_domain,logistic,current_plus_trajectory,expanding_window,2014,213,80,0.3755868544600939,0.4157055961862862,0.04011874172619234,True,0.3,0.02
upwelling_supported_domain,logistic,current_plus_trajectory,expanding_window,2015,184,58,0.31521739130434784,0.456821648297496,0.14160425699314816,True,0.3,0.02
upwelling_supported_domain,logistic,current_plus_trajectory,expanding_window,2016,191,78,0.4083769633507853,0.6510494996344076,0.2426725362836223,True,0.3,0.02
upwelling_supported_domain,logistic,current_plus_trajectory,expanding_window,2017,196,45,0.22959183673469388,0.30592272734329795,0.07633089060860407,True,0.3,0.02
upwelling_supported_domain,logistic,current_plus_trajectory,expanding_window,2018,194,167,0.8608247422680413,0.8994880606230015,0.038663318354960174,True,0.3,0.02
upwelling_supported_domain,logistic,current_plus_trajectory,expanding_window,2019,156,24,0.15384615384615385,0.29709118943308294,0.14324503558692908,True,0.3,0.02
upwelling_supported_domain,logistic,current_plus_trajectory,expanding_window,2020,177,60,0.3389830508474576,0.4079433603517176,0.06896030950425996,True,0.3,0.02
upwelling_supported_domain,logistic,current_plus_trajectory,expanding_window,2021,189,60,0.31746031746031744,0.4065795719876752,0.08911925452735775,True,0.3,0.02
upwelling_supported_domain,logistic,current_plus_trajectory,expanding_window,2022,178,139,0.7808988764044944,0.858815959640766,0.07791708323627156,True,0.3,0.02
upwelling_supported_domain,logistic,current_plus_trajectory,expanding_window,2023,144,15,0.10416666666666667,0.33237277289200373,0.22820610622533705,True,0.3,0.02
upwelling_supported_domain,logistic,current_plus_trajectory,expanding_window,2024,159,43,0.27044025157232704,0.4111510270013634,0.14071077542903637,True,0.3,0.02
upwelling_supported_domain,logistic,trajectory_plus_oisst,expanding_window,2005,218,131,0.6009174311926605,0.7282970028046634,0.12737957161200286,True,0.3,0.02
upwelling_supported_domain,logistic,trajectory_plus_oisst,expanding_window,2006,211,40,0.1895734597156398,0.5732779066503424,0.3837044469347026,True,0.3,0.02
upwelling_supported_domain,logistic,trajectory_plus_oisst,expanding_window,2007,221,71,0.3212669683257919,0.5486027162235596,0.22733574789776773,True,0.3,0.02
upwelling_supported_domain,logistic,trajectory_plus_oisst,expanding_window,2008,221,61,0.27601809954751133,0.4850839583352504,0.2090658587877391,True,0.3,0.02
upwelling_supported_domain,logistic,trajectory_plus_oisst,expanding_window,2009,235,99,0.42127659574468085,0.5430619216331044,0.12178532588842356,True,0.3,0.02
upwelling_supported_domain,logistic,trajectory_plus_oisst,expanding_window,2010,233,138,0.592274678111588,0.7838957481146969,0.1916210700031089,True,0.3,0.02
upwelling_supported_domain,logistic,trajectory_plus_oisst,expanding_window,2011,208,67,0.32211538461538464,0.568923147897265,0.2468077632818803,True,0.3,0.02
upwelling_supported_domain,logistic,trajectory_plus_oisst,expanding_window,2012,211,29,0.13744075829383887,0.5617101818688995,0.4242694235750607,True,0.3,0.02
upwelling_supported_domain,logistic,trajectory_plus_oisst,expanding_window,2013,238,189,0.7941176470588235,0.7939317086655322,-0.00018593839329128503,True,0.3,0.02
upwelling_supported_domain,logistic,trajectory_plus_oisst,expanding_window,2014,213,80,0.3755868544600939,0.4385952834223077,0.06300842896221381,True,0.3,0.02
upwelling_supported_domain,logistic,trajectory_plus_oisst,expanding_window,2015,184,58,0.31521739130434784,0.5108545763987097,0.19563718509436184,True,0.3,0.02
upwelling_supported_domain,logistic,trajectory_plus_oisst,expanding_window,2016,191,78,0.4083769633507853,0.618684831715807,0.2103078683650217,True,0.3,0.02
upwelling_supported_domain,logistic,trajectory_plus_oisst,expanding_window,2017,196,45,0.22959183673469388,0.30706731497378176,0.07747547823908787,True,0.3,0.02
upwelling_supported_domain,logistic,trajectory_plus_oisst,expanding_window,2018,194,167,0.8608247422680413,0.9039212433114547,0.04309650104341345,True,0.3,0.02
upwelling_supported_domain,logistic,trajectory_plus_oisst,expanding_window,2019,156,24,0.15384615384615385,0.27219717946525,0.11835102561909616,True,0.3,0.02
upwelling_supported_domain,logistic,trajectory_plus_oisst,expanding_window,2020,177,60,0.3389830508474576,0.41402279365979044,0.07503974281233283,True,0.3,0.02
upwelling_supported_domain,logistic,trajectory_plus_oisst,expanding_window,2021,189,60,0.31746031746031744,0.43287325332534216,0.11541293586502471,True,0.3,0.02
upwelling_supported_domain,logistic,trajectory_plus_oisst,expanding_window,2022,178,139,0.7808988764044944,0.8453377954610054,0.064438919056511,True,0.3,0.02
upwelling_supported_domain,logistic,trajectory_plus_oisst,expanding_window,2023,144,15,0.10416666666666667,0.3088938870470759,0.2047272203804092,True,0.3,0.02
upwelling_supported_domain,logistic,trajectory_plus_oisst,expanding_window,2024,159,43,0.27044025157232704,0.3965279666490775,0.12608771507675048,True,0.3,0.02
upwelling_supported_domain,logistic,trajectory_plus_oisst_cuti_beuti,expanding_window,2005,218,131,0.6009174311926605,0.7379151142771542,0.13699768308449367,True,0.3,0.02
upwelling_supported_domain,logistic,trajectory_plus_oisst_cuti_beuti,expanding_window,2006,211,40,0.1895734597156398,0.650009086634594,0.46043562691895423,True,0.3,0.02
upwelling_supported_domain,logistic,trajectory_plus_oisst_cuti_beuti,expanding_window,2007,221,71,0.3212669683257919,0.4422293766073157,0.12096240828152383,True,0.3,0.02
upwelling_supported_domain,logistic,trajectory_plus_oisst_cuti_beuti,expanding_window,2008,221,61,0.27601809954751133,0.46370961312853143,0.1876915135810201,True,0.3,0.02
upwelling_supported_domain,logistic,trajectory_plus_oisst_cuti_beuti,expanding_window,2009,235,99,0.42127659574468085,0.5217667244701285,0.10049012872544766,True,0.3,0.02
upwelling_supported_domain,logistic,trajectory_plus_oisst_cuti_beuti,expanding_window,2010,233,138,0.592274678111588,0.7691860702406539,0.17691139212906593,True,0.3,0.02
upwelling_supported_domain,logistic,trajectory_plus_oisst_cuti_beuti,expanding_window,2011,208,67,0.32211538461538464,0.5456532800103866,0.22353789539500196,True,0.3,0.02
upwelling_supported_domain,logistic,trajectory_plus_oisst_cuti_beuti,expanding_window,2012,211,29,0.13744075829383887,0.5381264438686317,0.4006856855747929,True,0.3,0.02
upwelling_supported_domain,logistic,trajectory_plus_oisst_cuti_beuti,expanding_window,2013,238,189,0.7941176470588235,0.7948092401418951,0.000691593083071651,True,0.3,0.02
upwelling_supported_domain,logistic,trajectory_plus_oisst_cuti_beuti,expanding_window,2014,213,80,0.3755868544600939,0.4287766572550055,0.053189802794911645,True,0.3,0.02
upwelling_supported_domain,logistic,trajectory_plus_oisst_cuti_beuti,expanding_window,2015,184,58,0.31521739130434784,0.5229256875490138,0.20770829624466597,True,0.3,0.02
upwelling_supported_domain,logistic,trajectory_plus_oisst_cuti_beuti,expanding_window,2016,191,78,0.4083769633507853,0.583601360948725,0.17522439759793962,True,0.3,0.02
upwelling_supported_domain,logistic,trajectory_plus_oisst_cuti_beuti,expanding_window,2017,196,45,0.22959183673469388,0.2931581717945571,0.06356633505986323,True,0.3,0.02
upwelling_supported_domain,logistic,trajectory_plus_oisst_cuti_beuti,expanding_window,2018,194,167,0.8608247422680413,0.911913030891244,0.05108828862320269,True,0.3,0.02
upwelling_supported_domain,logistic,trajectory_plus_oisst_cuti_beuti,expanding_window,2019,156,24,0.15384615384615385,0.2588723660319876,0.10502621218583374,True,0.3,0.02
upwelling_supported_domain,logistic,trajectory_plus_oisst_cuti_beuti,expanding_window,2020,177,60,0.3389830508474576,0.39111679708667746,0.05213374623921985,True,0.3,0.02
upwelling_supported_domain,logistic,trajectory_plus_oisst_cuti_beuti,expanding_window,2021,189,60,0.31746031746031744,0.3792491469903415,0.06178882953002407,True,0.3,0.02
upwelling_supported_domain,logistic,trajectory_plus_oisst_cuti_beuti,expanding_window,2022,178,139,0.7808988764044944,0.8760586221297186,0.09515974572522423,True,0.3,0.02
upwelling_supported_domain,logistic,trajectory_plus_oisst_cuti_beuti,expanding_window,2023,144,15,0.10416666666666667,0.29594492357683067,0.19177825691016398,True,0.3,0.02
upwelling_supported_domain,logistic,trajectory_plus_oisst_cuti_beuti,expanding_window,2024,159,43,0.27044025157232704,0.40075802666830734,0.1303177750959803,True,0.3,0.02
full_oisst_domain,logistic,current_only,expanding_window,2005,312,186,0.5961538461538461,0.7532282215301022,0.15707437537625601,True,0.3,0.05
full_oisst_domain,logistic,current_only,expanding_window,2006,285,54,0.18947368421052632,0.4899706652912428,0.30049698108071643,True,0.3,0.05
full_oisst_domain,logistic,current_only,expanding_window,2007,328,94,0.2865853658536585,0.5210188203620262,0.23443345450836767,True,0.3,0.05
full_oisst_domain,logistic,current_only,expanding_window,2008,331,95,0.28700906344410876,0.5384706969029627,0.2514616334588539,True,0.3,0.05
full_oisst_domain,logistic,current_only,expanding_window,2009,341,163,0.4780058651026393,0.609486557590091,0.13148069248745164,True,0.3,0.05
full_oisst_domain,logistic,current_only,expanding_window,2010,328,162,0.49390243902439024,0.6951442413194684,0.20124180229507815,True,0.3,0.05
full_oisst_domain,logistic,current_only,expanding_window,2011,280,109,0.3892857142857143,0.5619632069634343,0.17267749267771998,True,0.3,0.05
full_oisst_domain,logistic,current_only,expanding_window,2012,290,63,0.21724137931034482,0.5550610181638209,0.3378196388534761,True,0.3,0.05
full_oisst_domain,logistic,current_only,expanding_window,2013,335,213,0.6358208955223881,0.7271014697098426,0.0912805741874545,True,0.3,0.05
full_oisst_domain,logistic,current_only,expanding_window,2014,293,116,0.39590443686006827,0.55182217458473,0.15591773772466178,True,0.3,0.05
full_oisst_domain,logistic,current_only,expanding_window,2015,253,123,0.48616600790513836,0.6258000580105372,0.1396340501053988,True,0.3,0.05
full_oisst_domain,logistic,current_only,expanding_window,2016,232,80,0.3448275862068966,0.57552183260255,0.2306942463956534,True,0.3,0.05
full_oisst_domain,logistic,current_only,expanding_window,2017,251,49,0.1952191235059761,0.2540533729398082,0.058834249433832086,True,0.3,0.05
full_oisst_domain,logistic,current_only,expanding_window,2018,277,208,0.7509025270758123,0.8273404208779148,0.07643789380210253,True,0.3,0.05
full_oisst_domain,logistic,current_only,expanding_window,2019,199,63,0.3165829145728643,0.4924772699228245,0.17589435534996017,True,0.3,0.05
full_oisst_domain,logistic,current_only,expanding_window,2020,239,90,0.37656903765690375,0.4096610681207919,0.033092030463888145,True,0.3,0.05
full_oisst_domain,logistic,current_only,expanding_window,2021,229,83,0.3624454148471616,0.4278879050529726,0.065442490205811,True,0.3,0.05
full_oisst_domain,logistic,current_only,expanding_window,2022,225,150,0.6666666666666666,0.8079922110440438,0.1413255443773772,True,0.3,0.05
full_oisst_domain,logistic,current_only,expanding_window,2023,179,32,0.1787709497206704,0.22964579585128578,0.05087484613061538,True,0.3,0.05
full_oisst_domain,logistic,current_only,expanding_window,2024,204,51,0.25,0.30336132098610713,0.05336132098610713,True,0.3,0.05
full_oisst_domain,logistic,current_plus_trajectory,expanding_window,2005,312,186,0.5961538461538461,0.7553507418147903,0.1591968956609442,True,0.3,0.05
full_oisst_domain,logistic,current_plus_trajectory,expanding_window,2006,285,54,0.18947368421052632,0.6303867099893798,0.4409130257788535,True,0.3,0.05
full_oisst_domain,logistic,current_plus_trajectory,expanding_window,2007,328,94,0.2865853658536585,0.5663947227396509,0.27980935688599234,True,0.3,0.05
full_oisst_domain,logistic,current_plus_trajectory,expanding_window,2008,331,95,0.28700906344410876,0.530072930304266,0.2430638668601573,True,0.3,0.05
full_oisst_domain,logistic,current_plus_trajectory,expanding_window,2009,341,163,0.4780058651026393,0.5833590398082877,0.10535317470564842,True,0.3,0.05
full_oisst_domain,logistic,current_plus_trajectory,expanding_window,2010,328,162,0.49390243902439024,0.7260404410540345,0.2321380020296443,True,0.3,0.05
full_oisst_domain,logistic,current_plus_trajectory,expanding_window,2011,280,109,0.3892857142857143,0.5387590323179088,0.1494733180321945,True,0.3,0.05
full_oisst_domain,logistic,current_plus_trajectory,expanding_window,2012,290,63,0.21724137931034482,0.5638883697864091,0.3466469904760643,True,0.3,0.05
full_oisst_domain,logistic,current_plus_trajectory,expanding_window,2013,335,213,0.6358208955223881,0.7444310704833642,0.10861017496097614,True,0.3,0.05
full_oisst_domain,logistic,current_plus_trajectory,expanding_window,2014,293,116,0.39590443686006827,0.5673440686275454,0.17143963176747712,True,0.3,0.05
full_oisst_domain,logistic,current_plus_trajectory,expanding_window,2015,253,123,0.48616600790513836,0.6232991198537692,0.13713311194863081,True,0.3,0.05
full_oisst_domain,logistic,current_plus_trajectory,expanding_window,2016,232,80,0.3448275862068966,0.6095232865762977,0.26469570036940115,True,0.3,0.05
full_oisst_domain,logistic,current_plus_trajectory,expanding_window,2017,251,49,0.1952191235059761,0.3067066760229076,0.11148755251693149,True,0.3,0.05
full_oisst_domain,logistic,current_plus_trajectory,expanding_window,2018,277,208,0.7509025270758123,0.8715168298630882,0.12061430278727592,True,0.3,0.05
full_oisst_domain,logistic,current_plus_trajectory,expanding_window,2019,199,63,0.3165829145728643,0.5575792316846392,0.24099631711177488,True,0.3,0.05
full_oisst_domain,logistic,current_plus_trajectory,expanding_window,2020,239,90,0.37656903765690375,0.47340190734896914,0.0968328696920654,True,0.3,0.05
full_oisst_domain,logistic,current_plus_trajectory,expanding_window,2021,229,83,0.3624454148471616,0.48824313890857785,0.12579772406141626,True,0.3,0.05
full_oisst_domain,logistic,current_plus_trajectory,expanding_window,2022,225,150,0.6666666666666666,0.8503786899418548,0.1837120232751882,True,0.3,0.05
full_oisst_domain,logistic,current_plus_trajectory,expanding_window,2023,179,32,0.1787709497206704,0.35036420937150403,0.17159325965083363,True,0.3,0.05
full_oisst_domain,logistic,current_plus_trajectory,expanding_window,2024,204,51,0.25,0.3789628832188265,0.12896288321882649,True,0.3,0.05
full_oisst_domain,logistic,trajectory_plus_oisst,expanding_window,2005,312,186,0.5961538461538461,0.7515910365500136,0.15543719039616744,True,0.3,0.05
full_oisst_domain,logistic,trajectory_plus_oisst,expanding_window,2006,285,54,0.18947368421052632,0.4821572759183248,0.29268359170779845,True,0.3,0.05
full_oisst_domain,logistic,trajectory_plus_oisst,expanding_window,2007,328,94,0.2865853658536585,0.5213112888205139,0.2347259229668554,True,0.3,0.05
full_oisst_domain,logistic,trajectory_plus_oisst,expanding_window,2008,331,95,0.28700906344410876,0.515764000806008,0.22875493736189928,True,0.3,0.05
full_oisst_domain,logistic,trajectory_plus_oisst,expanding_window,2009,341,163,0.4780058651026393,0.5397540010775269,0.0617481359748876,True,0.3,0.05
full_oisst_domain,logistic,trajectory_plus_oisst,expanding_window,2010,328,162,0.49390243902439024,0.6518052030916062,0.15790276406721593,True,0.3,0.05
full_oisst_domain,logistic,trajectory_plus_oisst,expanding_window,2011,280,109,0.3892857142857143,0.5832432983437273,0.19395758405801306,True,0.3,0.05
full_oisst_domain,logistic,trajectory_plus_oisst,expanding_window,2012,290,63,0.21724137931034482,0.5612104880352095,0.34396910872486464,True,0.3,0.05
full_oisst_domain,logistic,trajectory_plus_oisst,expanding_window,2013,335,213,0.6358208955223881,0.7126854065095263,0.0768645109871382,True,0.3,0.05
full_oisst_domain,logistic,trajectory_plus_oisst,expanding_window,2014,293,116,0.39590443686006827,0.5485139120261598,0.15260947516609158,True,0.3,0.05
full_oisst_domain,logistic,trajectory_plus_oisst,expanding_window,2015,253,123,0.48616600790513836,0.7118166786658049,0.22565067076066653,True,0.3,0.05
full_oisst_domain,logistic,trajectory_plus_oisst,expanding_window,2016,232,80,0.3448275862068966,0.5564105856941727,0.2115829994872761,True,0.3,0.05
full_oisst_domain,logistic,trajectory_plus_oisst,expanding_window,2017,251,49,0.1952191235059761,0.3102723594849375,0.11505323597896139,True,0.3,0.05
full_oisst_domain,logistic,trajectory_plus_oisst,expanding_window,2018,277,208,0.7509025270758123,0.8907921794360902,0.13988965236027795,True,0.3,0.05
full_oisst_domain,logistic,trajectory_plus_oisst,expanding_window,2019,199,63,0.3165829145728643,0.5060139785877089,0.1894310640148446,True,0.3,0.05
full_oisst_domain,logistic,trajectory_plus_oisst,expanding_window,2020,239,90,0.37656903765690375,0.4918710472627479,0.11530200960584414,True,0.3,0.05
full_oisst_domain,logistic,trajectory_plus_oisst,expanding_window,2021,229,83,0.3624454148471616,0.5183837416842836,0.155938326837122,True,0.3,0.05
full_oisst_domain,logistic,trajectory_plus_oisst,expanding_window,2022,225,150,0.6666666666666666,0.8084426382319456,0.141775971565279,True,0.3,0.05
full_oisst_domain,logistic,trajectory_plus_oisst,expanding_window,2023,179,32,0.1787709497206704,0.3424888680537345,0.16371791833306412,True,0.3,0.05
full_oisst_domain,logistic,trajectory_plus_oisst,expanding_window,2024,204,51,0.25,0.37091591648203437,0.12091591648203437,True,0.3,0.05
upwelling_supported_domain,logistic,current_only,expanding_window,2005,207,129,0.6231884057971014,0.7601110328863905,0.13692262708928904,True,0.3,0.05
upwelling_supported_domain,logistic,current_only,expanding_window,2006,191,39,0.20418848167539266,0.5792491175200725,0.3750606358446798,True,0.3,0.05
upwelling_supported_domain,logistic,current_only,expanding_window,2007,217,71,0.3271889400921659,0.5811360364221532,0.25394709632998724,True,0.3,0.05
upwelling_supported_domain,logistic,current_only,expanding_window,2008,216,61,0.2824074074074074,0.5178580224455359,0.23545061503812853,True,0.3,0.05
upwelling_supported_domain,logistic,current_only,expanding_window,2009,228,99,0.4342105263157895,0.5764434558203898,0.14223292950460031,True,0.3,0.05
upwelling_supported_domain,logistic,current_only,expanding_window,2010,225,136,0.6044444444444445,0.7720691700935822,0.16762472564913777,True,0.3,0.05
upwelling_supported_domain,logistic,current_only,expanding_window,2011,186,65,0.34946236559139787,0.5469418377154118,0.19747947212401396,True,0.3,0.05
upwelling_supported_domain,logistic,current_only,expanding_window,2012,196,28,0.14285714285714285,0.5127320656231433,0.3698749227660005,True,0.3,0.05
upwelling_supported_domain,logistic,current_only,expanding_window,2013,230,185,0.8043478260869565,0.8139215084429595,0.009573682356002977,True,0.3,0.05
upwelling_supported_domain,logistic,current_only,expanding_window,2014,188,73,0.3882978723404255,0.436919166998486,0.04862129465806048,True,0.3,0.05
upwelling_supported_domain,logistic,current_only,expanding_window,2015,163,53,0.32515337423312884,0.46032967451020684,0.135176300277078,True,0.3,0.05
upwelling_supported_domain,logistic,current_only,expanding_window,2016,168,71,0.4226190476190476,0.6801538960674605,0.25753484844841285,True,0.3,0.05
upwelling_supported_domain,logistic,current_only,expanding_window,2017,175,36,0.2057142857142857,0.25514153376400317,0.04942724804971746,True,0.3,0.05
upwelling_supported_domain,logistic,current_only,expanding_window,2018,181,156,0.861878453038674,0.8963291950282077,0.034450741989533684,True,0.3,0.05
upwelling_supported_domain,logistic,current_only,expanding_window,2019,123,21,0.17073170731707318,0.25807896051555124,0.08734725319847805,True,0.3,0.05
upwelling_supported_domain,logistic,current_only,expanding_window,2020,156,56,0.358974358974359,0.38324424744990615,0.024269888475547174,True,0.3,0.05
upwelling_supported_domain,logistic,current_only,expanding_window,2021,161,46,0.2857142857142857,0.3068864797256828,0.021172194011397083,True,0.3,0.05
upwelling_supported_domain,logistic,current_only,expanding_window,2022,160,126,0.7875,0.8673381546646456,0.07983815466464561,True,0.3,0.05
upwelling_supported_domain,logistic,current_only,expanding_window,2023,111,10,0.09009009009009009,0.20289286888070018,0.1128027787906101,True,0.3,0.05
upwelling_supported_domain,logistic,current_only,expanding_window,2024,138,39,0.2826086956521739,0.3457723368581662,0.06316364120599233,True,0.3,0.05
upwelling_supported_domain,logistic,current_plus_trajectory,expanding_window,2005,207,129,0.6231884057971014,0.7220263414599748,0.09883793566287336,True,0.3,0.05
upwelling_supported_domain,logistic,current_plus_trajectory,expanding_window,2006,191,39,0.20418848167539266,0.6817179928125505,0.47752951113715786,True,0.3,0.05
upwelling_supported_domain,logistic,current_plus_trajectory,expanding_window,2007,217,71,0.3271889400921659,0.5645452181531174,0.2373562780609515,True,0.3,0.05
upwelling_supported_domain,logistic,current_plus_trajectory,expanding_window,2008,216,61,0.2824074074074074,0.5310720275967569,0.24866462018934948,True,0.3,0.05
upwelling_supported_domain,logistic,current_plus_trajectory,expanding_window,2009,228,99,0.4342105263157895,0.5685371050798328,0.1343265787640433,True,0.3,0.05
upwelling_supported_domain,logistic,current_plus_trajectory,expanding_window,2010,225,136,0.6044444444444445,0.793145480354999,0.18870103591055454,True,0.3,0.05
upwelling_supported_domain,logistic,current_plus_trajectory,expanding_window,2011,186,65,0.34946236559139787,0.5441238998767421,0.19466153428534427,True,0.3,0.05
upwelling_supported_domain,logistic,current_plus_trajectory,expanding_window,2012,196,28,0.14285714285714285,0.5197620178868547,0.37690487502971187,True,0.3,0.05
upwelling_supported_domain,logistic,current_plus_trajectory,expanding_window,2013,230,185,0.8043478260869565,0.7963468854269964,-0.008000940659960154,True,0.3,0.05
upwelling_supported_domain,logistic,current_plus_trajectory,expanding_window,2014,188,73,0.3882978723404255,0.42233003128384494,0.03403215894341943,True,0.3,0.05
upwelling_supported_domain,logistic,current_plus_trajectory,expanding_window,2015,163,53,0.32515337423312884,0.469274529965394,0.14412115573226514,True,0.3,0.05
upwelling_supported_domain,logistic,current_plus_trajectory,expanding_window,2016,168,71,0.4226190476190476,0.6726917436564994,0.2500726960374518,True,0.3,0.05
upwelling_supported_domain,logistic,current_plus_trajectory,expanding_window,2017,175,36,0.2057142857142857,0.3189444646391577,0.113230178924872,True,0.3,0.05
upwelling_supported_domain,logistic,current_plus_trajectory,expanding_window,2018,181,156,0.861878453038674,0.9023515727712426,0.04047311973256851,True,0.3,0.05
upwelling_supported_domain,logistic,current_plus_trajectory,expanding_window,2019,123,21,0.17073170731707318,0.3216670819793933,0.15093537466232013,True,0.3,0.05
upwelling_supported_domain,logistic,current_plus_trajectory,expanding_window,2020,156,56,0.358974358974359,0.41757543614867365,0.058601077174314675,True,0.3,0.05
upwelling_supported_domain,logistic,current_plus_trajectory,expanding_window,2021,161,46,0.2857142857142857,0.40915858189728843,0.12344429618300273,True,0.3,0.05
upwelling_supported_domain,logistic,current_plus_trajectory,expanding_window,2022,160,126,0.7875,0.8638525221063469,0.07635252210634691,True,0.3,0.05
upwelling_supported_domain,logistic,current_plus_trajectory,expanding_window,2023,111,10,0.09009009009009009,0.3789554686265213,0.28886537853643124,True,0.3,0.05
upwelling_supported_domain,logistic,current_plus_trajectory,expanding_window,2024,138,39,0.2826086956521739,0.4111045269482538,0.1284958312960799,True,0.3,0.05
upwelling_supported_domain,logistic,trajectory_plus_oisst,expanding_window,2005,207,129,0.6231884057971014,0.7322914758188421,0.10910307002174069,True,0.3,0.05
upwelling_supported_domain,logistic,trajectory_plus_oisst,expanding_window,2006,191,39,0.20418848167539266,0.5826958122586362,0.37850733058324354,True,0.3,0.05
upwelling_supported_domain,logistic,trajectory_plus_oisst,expanding_window,2007,217,71,0.3271889400921659,0.5488949027268432,0.22170596263467723,True,0.3,0.05
upwelling_supported_domain,logistic,trajectory_plus_oisst,expanding_window,2008,216,61,0.2824074074074074,0.4853768915119671,0.20296948410455973,True,0.3,0.05
upwelling_supported_domain,logistic,trajectory_plus_oisst,expanding_window,2009,228,99,0.4342105263157895,0.5449463270865107,0.1107358007707212,True,0.3,0.05
upwelling_supported_domain,logistic,trajectory_plus_oisst,expanding_window,2010,225,136,0.6044444444444445,0.7872089158073358,0.1827644713628913,True,0.3,0.05
upwelling_supported_domain,logistic,trajectory_plus_oisst,expanding_window,2011,186,65,0.34946236559139787,0.5686133206421171,0.21915095505071924,True,0.3,0.05
upwelling_supported_domain,logistic,trajectory_plus_oisst,expanding_window,2012,196,28,0.14285714285714285,0.5759417813704745,0.4330846385133316,True,0.3,0.05
upwelling_supported_domain,logistic,trajectory_plus_oisst,expanding_window,2013,230,185,0.8043478260869565,0.7973760808264372,-0.0069717452605193575,True,0.3,0.05
upwelling_supported_domain,logistic,trajectory_plus_oisst,expanding_window,2014,188,73,0.3882978723404255,0.45381158863226245,0.06551371629183694,True,0.3,0.05
upwelling_supported_domain,logistic,trajectory_plus_oisst,expanding_window,2015,163,53,0.32515337423312884,0.5345797636571807,0.2094263894240519,True,0.3,0.05
upwelling_supported_domain,logistic,trajectory_plus_oisst,expanding_window,2016,168,71,0.4226190476190476,0.6340810360946305,0.2114619884755829,True,0.3,0.05
upwelling_supported_domain,logistic,trajectory_plus_oisst,expanding_window,2017,175,36,0.2057142857142857,0.32575863786127357,0.12004435214698786,True,0.3,0.05
upwelling_supported_domain,logistic,trajectory_plus_oisst,expanding_window,2018,181,156,0.861878453038674,0.9055966947714722,0.043718241732798147,True,0.3,0.05
upwelling_supported_domain,logistic,trajectory_plus_oisst,expanding_window,2019,123,21,0.17073170731707318,0.2835228892396924,0.1127911819226192,True,0.3,0.05
upwelling_supported_domain,logistic,trajectory_plus_oisst,expanding_window,2020,156,56,0.358974358974359,0.4262948667258929,0.06732050775153392,True,0.3,0.05
upwelling_supported_domain,logistic,trajectory_plus_oisst,expanding_window,2021,161,46,0.2857142857142857,0.4453484158666878,0.15963413015240208,True,0.3,0.05
upwelling_supported_domain,logistic,trajectory_plus_oisst,expanding_window,2022,160,126,0.7875,0.8465141616642091,0.05901416166420914,True,0.3,0.05
upwelling_supported_domain,logistic,trajectory_plus_oisst,expanding_window,2023,111,10,0.09009009009009009,0.3414043135203485,0.25131422343025844,True,0.3,0.05
upwelling_supported_domain,logistic,trajectory_plus_oisst,expanding_window,2024,138,39,0.2826086956521739,0.3947586023569328,0.11214990670475888,True,0.3,0.05
upwelling_supported_domain,logistic,trajectory_plus_oisst_cuti_beuti,expanding_window,2005,207,129,0.6231884057971014,0.740323744871245,0.11713533907414353,True,0.3,0.05
upwelling_supported_domain,logistic,trajectory_plus_oisst_cuti_beuti,expanding_window,2006,191,39,0.20418848167539266,0.663107106452703,0.4589186247773103,True,0.3,0.05
upwelling_supported_domain,logistic,trajectory_plus_oisst_cuti_beuti,expanding_window,2007,217,71,0.3271889400921659,0.4491710723411849,0.12198213224901899,True,0.3,0.05
upwelling_supported_domain,logistic,trajectory_plus_oisst_cuti_beuti,expanding_window,2008,216,61,0.2824074074074074,0.47003222048187954,0.18762481307447215,True,0.3,0.05
upwelling_supported_domain,logistic,trajectory_plus_oisst_cuti_beuti,expanding_window,2009,228,99,0.4342105263157895,0.525869331009355,0.09165880469356547,True,0.3,0.05
upwelling_supported_domain,logistic,trajectory_plus_oisst_cuti_beuti,expanding_window,2010,225,136,0.6044444444444445,0.7762367691338176,0.1717923246893731,True,0.3,0.05
upwelling_supported_domain,logistic,trajectory_plus_oisst_cuti_beuti,expanding_window,2011,186,65,0.34946236559139787,0.5535823869924505,0.20412002140105268,True,0.3,0.05
upwelling_supported_domain,logistic,trajectory_plus_oisst_cuti_beuti,expanding_window,2012,196,28,0.14285714285714285,0.5481528252052786,0.4052956823481358,True,0.3,0.05
upwelling_supported_domain,logistic,trajectory_plus_oisst_cuti_beuti,expanding_window,2013,230,185,0.8043478260869565,0.798615129980843,-0.0057326961061134885,True,0.3,0.05
upwelling_supported_domain,logistic,trajectory_plus_oisst_cuti_beuti,expanding_window,2014,188,73,0.3882978723404255,0.4420456741396246,0.05374780179919908,True,0.3,0.05
upwelling_supported_domain,logistic,trajectory_plus_oisst_cuti_beuti,expanding_window,2015,163,53,0.32515337423312884,0.5531744315887195,0.22802105735559064,True,0.3,0.05
upwelling_supported_domain,logistic,trajectory_plus_oisst_cuti_beuti,expanding_window,2016,168,71,0.4226190476190476,0.6035678379187157,0.1809487902996681,True,0.3,0.05
upwelling_supported_domain,logistic,trajectory_plus_oisst_cuti_beuti,expanding_window,2017,175,36,0.2057142857142857,0.3122394803353512,0.1065251946210655,True,0.3,0.05
upwelling_supported_domain,logistic,trajectory_plus_oisst_cuti_beuti,expanding_window,2018,181,156,0.861878453038674,0.9140249728905387,0.05214651985186469,True,0.3,0.05
upwelling_supported_domain,logistic,trajectory_plus_oisst_cuti_beuti,expanding_window,2019,123,21,0.17073170731707318,0.282870925219764,0.1121392179026908,True,0.3,0.05
upwelling_supported_domain,logistic,trajectory_plus_oisst_cuti_beuti,expanding_window,2020,156,56,0.358974358974359,0.39475589308382775,0.03578153410946877,True,0.3,0.05
upwelling_supported_domain,logistic,trajectory_plus_oisst_cuti_beuti,expanding_window,2021,161,46,0.2857142857142857,0.3749293236594418,0.08921503794515612,True,0.3,0.05
upwelling_supported_domain,logistic,trajectory_plus_oisst_cuti_beuti,expanding_window,2022,160,126,0.7875,0.8776083320247237,0.09010833202472368,True,0.3,0.05
upwelling_supported_domain,logistic,trajectory_plus_oisst_cuti_beuti,expanding_window,2023,111,10,0.09009009009009009,0.3475697109789746,0.25747962088888454,True,0.3,0.05
upwelling_supported_domain,logistic,trajectory_plus_oisst_cuti_beuti,expanding_window,2024,138,39,0.2826086956521739,0.4073154676249458,0.12470677197277191,True,0.3,0.05
full_oisst_domain,logistic,current_only,expanding_window,2005,293,178,0.6075085324232082,0.7601429294741118,0.15263439705090354,True,0.3,0.1
full_oisst_domain,logistic,current_only,expanding_window,2006,241,49,0.2033195020746888,0.5195878309282758,0.31626832885358697,True,0.3,0.1
full_oisst_domain,logistic,current_only,expanding_window,2007,310,91,0.29354838709677417,0.5284921496402477,0.23494376254347354,True,0.3,0.1
full_oisst_domain,logistic,current_only,expanding_window,2008,315,94,0.2984126984126984,0.5410604803178812,0.24264778190518282,True,0.3,0.1
full_oisst_domain,logistic,current_only,expanding_window,2009,317,160,0.5047318611987381,0.6118103270835942,0.10707846588485603,True,0.3,0.1
full_oisst_domain,logistic,current_only,expanding_window,2010,301,155,0.5149501661129569,0.7038077114249754,0.1888575453120186,True,0.3,0.1
full_oisst_domain,logistic,current_only,expanding_window,2011,245,104,0.42448979591836733,0.5696096954645158,0.14511989954614846,True,0.3,0.1
full_oisst_domain,logistic,current_only,expanding_window,2012,255,61,0.23921568627450981,0.5656783102301803,0.3264626239556705,True,0.3,0.1
full_oisst_domain,logistic,current_only,expanding_window,2013,317,203,0.6403785488958991,0.7315094045216257,0.09113085562572665,True,0.3,0.1
full_oisst_domain,logistic,current_only,expanding_window,2014,256,106,0.4140625,0.5655622292737813,0.1514997292737813,True,0.3,0.1
full_oisst_domain,logistic,current_only,expanding_window,2015,222,115,0.5180180180180181,0.6345398511991067,0.11652183318108866,True,0.3,0.1
full_oisst_domain,logistic,current_only,expanding_window,2016,187,72,0.3850267379679144,0.5987643309139952,0.21373759294608075,True,0.3,0.1
full_oisst_domain,logistic,current_only,expanding_window,2017,224,41,0.18303571428571427,0.26649416082430766,0.08345844653859338,True,0.3,0.1
full_oisst_domain,logistic,current_only,expanding_window,2018,251,195,0.7768924302788844,0.8317959777942731,0.05490354751538862,True,0.3,0.1
full_oisst_domain,logistic,current_only,expanding_window,2019,158,51,0.3227848101265823,0.5325138518733252,0.20972904174674295,True,0.3,0.1
full_oisst_domain,logistic,current_only,expanding_window,2020,206,79,0.38349514563106796,0.4129682767256205,0.029473131094552518,True,0.3,0.1
full_oisst_domain,logistic,current_only,expanding_window,2021,188,70,0.3723404255319149,0.4379225860249064,0.06558216049299154,True,0.3,0.1
full_oisst_domain,logistic,current_only,expanding_window,2022,198,137,0.6919191919191919,0.8211480709433604,0.12922887902416846,True,0.3,0.1
full_oisst_domain,logistic,current_only,expanding_window,2023,134,22,0.16417910447761194,0.2542808638177949,0.09010175934018297,True,0.3,0.1
full_oisst_domain,logistic,current_only,expanding_window,2024,170,43,0.2529411764705882,0.31229142805850196,0.05935025158791374,True,0.3,0.1
full_oisst_domain,logistic,current_plus_trajectory,expanding_window,2005,293,178,0.6075085324232082,0.768250306975039,0.1607417745518308,True,0.3,0.1
full_oisst_domain,logistic,current_plus_trajectory,expanding_window,2006,241,49,0.2033195020746888,0.6502008150133061,0.44688131293861727,True,0.3,0.1
full_oisst_domain,logistic,current_plus_trajectory,expanding_window,2007,310,91,0.29354838709677417,0.5796480485448805,0.28609966144810633,True,0.3,0.1
full_oisst_domain,logistic,current_plus_trajectory,expanding_window,2008,315,94,0.2984126984126984,0.5276402872914105,0.22922758887871214,True,0.3,0.1
full_oisst_domain,logistic,current_plus_trajectory,expanding_window,2009,317,160,0.5047318611987381,0.5902155959478744,0.08548373474913629,True,0.3,0.1
full_oisst_domain,logistic,current_plus_trajectory,expanding_window,2010,301,155,0.5149501661129569,0.7355902153148287,0.22064004920187186,True,0.3,0.1
full_oisst_domain,logistic,current_plus_trajectory,expanding_window,2011,245,104,0.42448979591836733,0.5518868271513103,0.127397031232943,True,0.3,0.1
full_oisst_domain,logistic,current_plus_trajectory,expanding_window,2012,255,61,0.23921568627450981,0.578154512384968,0.3389388261104581,True,0.3,0.1
full_oisst_domain,logistic,current_plus_trajectory,expanding_window,2013,317,203,0.6403785488958991,0.7492283520307568,0.1088498031348577,True,0.3,0.1
full_oisst_domain,logistic,current_plus_trajectory,expanding_window,2014,256,106,0.4140625,0.5795288690425913,0.16546636904259127,True,0.3,0.1
full_oisst_domain,logistic,current_plus_trajectory,expanding_window,2015,222,115,0.5180180180180181,0.6352007841140178,0.11718276609599976,True,0.3,0.1
full_oisst_domain,logistic,current_plus_trajectory,expanding_window,2016,187,72,0.3850267379679144,0.629499436489833,0.24447269852191855,True,0.3,0.1
full_oisst_domain,logistic,current_plus_trajectory,expanding_window,2017,224,41,0.18303571428571427,0.32314926408140177,0.1401135497956875,True,0.3,0.1
full_oisst_domain,logistic,current_plus_trajectory,expanding_window,2018,251,195,0.7768924302788844,0.8806074700353193,0.10371503975643481,True,0.3,0.1
full_oisst_domain,logistic,current_plus_trajectory,expanding_window,2019,158,51,0.3227848101265823,0.5659264038126518,0.24314159368606952,True,0.3,0.1
full_oisst_domain,logistic,current_plus_trajectory,expanding_window,2020,206,79,0.38349514563106796,0.48556089644574135,0.1020657508146734,True,0.3,0.1
full_oisst_domain,logistic,current_plus_trajectory,expanding_window,2021,188,70,0.3723404255319149,0.4914430070269782,0.11910258149506331,True,0.3,0.1
full_oisst_domain,logistic,current_plus_trajectory,expanding_window,2022,198,137,0.6919191919191919,0.8685769719319848,0.17665778001279286,True,0.3,0.1
full_oisst_domain,logistic,current_plus_trajectory,expanding_window,2023,134,22,0.16417910447761194,0.3756283622795723,0.21144925780196036,True,0.3,0.1
full_oisst_domain,logistic,current_plus_trajectory,expanding_window,2024,170,43,0.2529411764705882,0.3933660050920149,0.1404248286214267,True,0.3,0.1
full_oisst_domain,logistic,trajectory_plus_oisst,expanding_window,2005,293,178,0.6075085324232082,0.7606885026472333,0.15317997022402507,True,0.3,0.1
full_oisst_domain,logistic,trajectory_plus_oisst,expanding_window,2006,241,49,0.2033195020746888,0.496734110206532,0.2934146081318432,True,0.3,0.1
full_oisst_domain,logistic,trajectory_plus_oisst,expanding_window,2007,310,91,0.29354838709677417,0.5308750694664166,0.23732668236964244,True,0.3,0.1
full_oisst_domain,logistic,trajectory_plus_oisst,expanding_window,2008,315,94,0.2984126984126984,0.511581404690407,0.21316870627770862,True,0.3,0.1
full_oisst_domain,logistic,trajectory_plus_oisst,expanding_window,2009,317,160,0.5047318611987381,0.5421033057614641,0.03737144456272601,True,0.3,0.1
full_oisst_domain,logistic,trajectory_plus_oisst,expanding_window,2010,301,155,0.5149501661129569,0.6580546119283435,0.14310444581538662,True,0.3,0.1
full_oisst_domain,logistic,trajectory_plus_oisst,expanding_window,2011,245,104,0.42448979591836733,0.5921260046428598,0.16763620872449247,True,0.3,0.1
full_oisst_domain,logistic,trajectory_plus_oisst,expanding_window,2012,255,61,0.23921568627450981,0.5755786750776891,0.3363629888031793,True,0.3,0.1
full_oisst_domain,logistic,trajectory_plus_oisst,expanding_window,2013,317,203,0.6403785488958991,0.7159498096707398,0.07557126077484078,True,0.3,0.1
full_oisst_domain,logistic,trajectory_plus_oisst,expanding_window,2014,256,106,0.4140625,0.5621807140600715,0.14811821406007153,True,0.3,0.1
full_oisst_domain,logistic,trajectory_plus_oisst,expanding_window,2015,222,115,0.5180180180180181,0.7293846407124098,0.21136662269439177,True,0.3,0.1
full_oisst_domain,logistic,trajectory_plus_oisst,expanding_window,2016,187,72,0.3850267379679144,0.5800496361950487,0.19502289822713426,True,0.3,0.1
full_oisst_domain,logistic,trajectory_plus_oisst,expanding_window,2017,224,41,0.18303571428571427,0.3308948797365794,0.1478591654508651,True,0.3,0.1
full_oisst_domain,logistic,trajectory_plus_oisst,expanding_window,2018,251,195,0.7768924302788844,0.900789471316193,0.12389704103730859,True,0.3,0.1
full_oisst_domain,logistic,trajectory_plus_oisst,expanding_window,2019,158,51,0.3227848101265823,0.4876910514065604,0.1649062412799781,True,0.3,0.1
full_oisst_domain,logistic,trajectory_plus_oisst,expanding_window,2020,206,79,0.38349514563106796,0.5160875093525685,0.13259236372150057,True,0.3,0.1
full_oisst_domain,logistic,trajectory_plus_oisst,expanding_window,2021,188,70,0.3723404255319149,0.530926326266766,0.15858590073485107,True,0.3,0.1
full_oisst_domain,logistic,trajectory_plus_oisst,expanding_window,2022,198,137,0.6919191919191919,0.8203030426360394,0.12838385071684744,True,0.3,0.1
full_oisst_domain,logistic,trajectory_plus_oisst,expanding_window,2023,134,22,0.16417910447761194,0.3635898779190454,0.19941077344143346,True,0.3,0.1
full_oisst_domain,logistic,trajectory_plus_oisst,expanding_window,2024,170,43,0.2529411764705882,0.37701141023762513,0.12407023376703691,True,0.3,0.1
upwelling_supported_domain,logistic,current_only,expanding_window,2005,191,122,0.6387434554973822,0.7677261813432591,0.1289827258458769,True,0.3,0.1
upwelling_supported_domain,logistic,current_only,expanding_window,2006,154,34,0.22077922077922077,0.6321992381489789,0.4114200173697582,True,0.3,0.1
upwelling_supported_domain,logistic,current_only,expanding_window,2007,204,68,0.3333333333333333,0.5919504279147557,0.2586170945814224,True,0.3,0.1
upwelling_supported_domain,logistic,current_only,expanding_window,2008,203,60,0.2955665024630542,0.5216011689734743,0.2260346665104201,True,0.3,0.1
upwelling_supported_domain,logistic,current_only,expanding_window,2009,207,96,0.463768115942029,0.5806814321848396,0.1169133162428106,True,0.3,0.1
upwelling_supported_domain,logistic,current_only,expanding_window,2010,206,130,0.6310679611650486,0.7795433897736536,0.14847542860860496,True,0.3,0.1
upwelling_supported_domain,logistic,current_only,expanding_window,2011,152,60,0.39473684210526316,0.5619231673195533,0.1671863252142901,True,0.3,0.1
upwelling_supported_domain,logistic,current_only,expanding_window,2012,169,27,0.15976331360946747,0.5263488932311392,0.3665855796216717,True,0.3,0.1
upwelling_supported_domain,logistic,current_only,expanding_window,2013,223,179,0.8026905829596412,0.8142551988804602,0.011564615920818921,True,0.3,0.1
upwelling_supported_domain,logistic,current_only,expanding_window,2014,158,63,0.3987341772151899,0.4433123292519908,0.04457815203680093,True,0.3,0.1
upwelling_supported_domain,logistic,current_only,expanding_window,2015,134,47,0.35074626865671643,0.4759452411353902,0.1251989724786738,True,0.3,0.1
upwelling_supported_domain,logistic,current_only,expanding_window,2016,135,64,0.4740740740740741,0.7053658092434677,0.2312917351693936,True,0.3,0.1
upwelling_supported_domain,logistic,current_only,expanding_window,2017,156,31,0.1987179487179487,0.2638090956313309,0.06509114691338222,True,0.3,0.1
upwelling_supported_domain,logistic,current_only,expanding_window,2018,167,147,0.8802395209580839,0.8980868280138257,0.01784730705574178,True,0.3,0.1
upwelling_supported_domain,logistic,current_only,expanding_window,2019,94,17,0.18085106382978725,0.2751915440568049,0.09434048022701766,True,0.3,0.1
upwelling_supported_domain,logistic,current_only,expanding_window,2020,136,53,0.3897058823529412,0.38326662958910795,-0.006439252763833225,True,0.3,0.1
upwelling_supported_domain,logistic,current_only,expanding_window,2021,133,36,0.2706766917293233,0.31409844852204793,0.04342175679272464,True,0.3,0.1
upwelling_supported_domain,logistic,current_only,expanding_window,2022,142,115,0.8098591549295775,0.8747310974581985,0.06487194252862105,True,0.3,0.1
upwelling_supported_domain,logistic,current_only,expanding_window,2023,79,5,0.06329113924050633,0.3207726864330638,0.25748154719255745,True,0.3,0.1
upwelling_supported_domain,logistic,current_only,expanding_window,2024,116,35,0.3017241379310345,0.35145798740842643,0.049733849477391956,True,0.3,0.1
upwelling_supported_domain,logistic,current_plus_trajectory,expanding_window,2005,191,122,0.6387434554973822,0.7380587877418696,0.09931533224448741,True,0.3,0.1
upwelling_supported_domain,logistic,current_plus_trajectory,expanding_window,2006,154,34,0.22077922077922077,0.7384191769259758,0.5176399561467551,True,0.3,0.1
upwelling_supported_domain,logistic,current_plus_trajectory,expanding_window,2007,204,68,0.3333333333333333,0.5774005516909118,0.24406721835757844,True,0.3,0.1
upwelling_supported_domain,logistic,current_plus_trajectory,expanding_window,2008,203,60,0.2955665024630542,0.5356866133612455,0.24012011089819124,True,0.3,0.1
upwelling_supported_domain,logistic,current_plus_trajectory,expanding_window,2009,207,96,0.463768115942029,0.5841221784773654,0.12035406253533637,True,0.3,0.1
upwelling_supported_domain,logistic,current_plus_trajectory,expanding_window,2010,206,130,0.6310679611650486,0.8035090720075271,0.17244111084247848,True,0.3,0.1
upwelling_supported_domain,logistic,current_plus_trajectory,expanding_window,2011,152,60,0.39473684210526316,0.562057195026794,0.1673203529215308,True,0.3,0.1
upwelling_supported_domain,logistic,current_plus_trajectory,expanding_window,2012,169,27,0.15976331360946747,0.5440162263878561,0.3842529127783886,True,0.3,0.1
upwelling_supported_domain,logistic,current_plus_trajectory,expanding_window,2013,223,179,0.8026905829596412,0.7997021227525244,-0.00298846020711685,True,0.3,0.1
upwelling_supported_domain,logistic,current_plus_trajectory,expanding_window,2014,158,63,0.3987341772151899,0.43221891667457457,0.03348473945938468,True,0.3,0.1
upwelling_supported_domain,logistic,current_plus_trajectory,expanding_window,2015,134,47,0.35074626865671643,0.49169142121596854,0.1409451525592521,True,0.3,0.1
upwelling_supported_domain,logistic,current_plus_trajectory,expanding_window,2016,135,64,0.4740740740740741,0.6917913379818441,0.21771726390777002,True,0.3,0.1
upwelling_supported_domain,logistic,current_plus_trajectory,expanding_window,2017,156,31,0.1987179487179487,0.33105348869745765,0.13233553997950895,True,0.3,0.1
upwelling_supported_domain,logistic,current_plus_trajectory,expanding_window,2018,167,147,0.8802395209580839,0.9093604381503952,0.029120917192311357,True,0.3,0.1
upwelling_supported_domain,logistic,current_plus_trajectory,expanding_window,2019,94,17,0.18085106382978725,0.3372916237260469,0.15644055989625963,True,0.3,0.1
upwelling_supported_domain,logistic,current_plus_trajectory,expanding_window,2020,136,53,0.3897058823529412,0.41865191642195454,0.02894603406901336,True,0.3,0.1
upwelling_supported_domain,logistic,current_plus_trajectory,expanding_window,2021,133,36,0.2706766917293233,0.4235781134233846,0.1529014216940613,True,0.3,0.1
upwelling_supported_domain,logistic,current_plus_trajectory,expanding_window,2022,142,115,0.8098591549295775,0.8725620601294013,0.0627029051998238,True,0.3,0.1
upwelling_supported_domain,logistic,current_plus_trajectory,expanding_window,2023,79,5,0.06329113924050633,0.5381878557874763,0.47489671654696997,True,0.3,0.1
upwelling_supported_domain,logistic,current_plus_trajectory,expanding_window,2024,116,35,0.3017241379310345,0.4202467019776204,0.1185225640465859,True,0.3,0.1
upwelling_supported_domain,logistic,trajectory_plus_oisst,expanding_window,2005,191,122,0.6387434554973822,0.7386646888931221,0.09992123339573988,True,0.3,0.1
upwelling_supported_domain,logistic,trajectory_plus_oisst,expanding_window,2006,154,34,0.22077922077922077,0.6206435196158607,0.39986429883664,True,0.3,0.1
upwelling_supported_domain,logistic,trajectory_plus_oisst,expanding_window,2007,204,68,0.3333333333333333,0.560633893572542,0.2273005602392087,True,0.3,0.1
upwelling_supported_domain,logistic,trajectory_plus_oisst,expanding_window,2008,203,60,0.2955665024630542,0.48335481392749746,0.18778831146444325,True,0.3,0.1
upwelling_supported_domain,logistic,trajectory_plus_oisst,expanding_window,2009,207,96,0.463768115942029,0.5482712253514338,0.08450310940940481,True,0.3,0.1
upwelling_supported_domain,logistic,trajectory_plus_oisst,expanding_window,2010,206,130,0.6310679611650486,0.7957312705126292,0.16466330934758056,True,0.3,0.1
upwelling_supported_domain,logistic,trajectory_plus_oisst,expanding_window,2011,152,60,0.39473684210526316,0.5736699516136117,0.1789331095083485,True,0.3,0.1
upwelling_supported_domain,logistic,trajectory_plus_oisst,expanding_window,2012,169,27,0.15976331360946747,0.6012470169253958,0.44148370331592834,True,0.3,0.1
upwelling_supported_domain,logistic,trajectory_plus_oisst,expanding_window,2013,223,179,0.8026905829596412,0.8023920164651375,-0.0002985664945037714,True,0.3,0.1
upwelling_supported_domain,logistic,trajectory_plus_oisst,expanding_window,2014,158,63,0.3987341772151899,0.48282587220968415,0.08409169499449426,True,0.3,0.1
upwelling_supported_domain,logistic,trajectory_plus_oisst,expanding_window,2015,134,47,0.35074626865671643,0.5711820614064259,0.22043579274970948,True,0.3,0.1
upwelling_supported_domain,logistic,trajectory_plus_oisst,expanding_window,2016,135,64,0.4740740740740741,0.6608318591332627,0.1867577850591886,True,0.3,0.1
upwelling_supported_domain,logistic,trajectory_plus_oisst,expanding_window,2017,156,31,0.1987179487179487,0.3335934770260668,0.13487552830811808,True,0.3,0.1
upwelling_supported_domain,logistic,trajectory_plus_oisst,expanding_window,2018,167,147,0.8802395209580839,0.9159642626429689,0.03572474168488504,True,0.3,0.1
upwelling_supported_domain,logistic,trajectory_plus_oisst,expanding_window,2019,94,17,0.18085106382978725,0.29819300644615787,0.11734194261637063,True,0.3,0.1
upwelling_supported_domain,logistic,trajectory_plus_oisst,expanding_window,2020,136,53,0.3897058823529412,0.4335876785367263,0.04388179618378513,True,0.3,0.1
upwelling_supported_domain,logistic,trajectory_plus_oisst,expanding_window,2021,133,36,0.2706766917293233,0.47658052204133317,0.20590383031200987,True,0.3,0.1
upwelling_supported_domain,logistic,trajectory_plus_oisst,expanding_window,2022,142,115,0.8098591549295775,0.846453894458672,0.03659473952909453,True,0.3,0.1
upwelling_supported_domain,logistic,trajectory_plus_oisst,expanding_window,2023,79,5,0.06329113924050633,0.5205205811138014,0.45722944187329506,True,0.3,0.1
upwelling_supported_domain,logistic,trajectory_plus_oisst,expanding_window,2024,116,35,0.3017241379310345,0.3975021168977635,0.09577797896672902,True,0.3,0.1
upwelling_supported_domain,logistic,trajectory_plus_oisst_cuti_beuti,expanding_window,2005,191,122,0.6387434554973822,0.7521349770872079,0.11339152158982568,True,0.3,0.1
upwelling_supported_domain,logistic,trajectory_plus_oisst_cuti_beuti,expanding_window,2006,154,34,0.22077922077922077,0.6797118964621705,0.4589326756829497,True,0.3,0.1
upwelling_supported_domain,logistic,trajectory_plus_oisst_cuti_beuti,expanding_window,2007,204,68,0.3333333333333333,0.4338936127127916,0.10056027937945827,True,0.3,0.1
upwelling_supported_domain,logistic,trajectory_plus_oisst_cuti_beuti,expanding_window,2008,203,60,0.2955665024630542,0.4730271647110268,0.17746066224797258,True,0.3,0.1
upwelling_supported_domain,logistic,trajectory_plus_oisst_cuti_beuti,expanding_window,2009,207,96,0.463768115942029,0.5297076210036573,0.06593950506162832,True,0.3,0.1
upwelling_supported_domain,logistic,trajectory_plus_oisst_cuti_beuti,expanding_window,2010,206,130,0.6310679611650486,0.7816337562012612,0.1505657950362126,True,0.3,0.1
upwelling_supported_domain,logistic,trajectory_plus_oisst_cuti_beuti,expanding_window,2011,152,60,0.39473684210526316,0.5410278388950525,0.1462909967897893,True,0.3,0.1
upwelling_supported_domain,logistic,trajectory_plus_oisst_cuti_beuti,expanding_window,2012,169,27,0.15976331360946747,0.5667236895208361,0.4069603759113686,True,0.3,0.1
upwelling_supported_domain,logistic,trajectory_plus_oisst_cuti_beuti,expanding_window,2013,223,179,0.8026905829596412,0.8041316149139994,0.001441031954358185,True,0.3,0.1
upwelling_supported_domain,logistic,trajectory_plus_oisst_cuti_beuti,expanding_window,2014,158,63,0.3987341772151899,0.46201886751299615,0.06328469029780626,True,0.3,0.1
upwelling_supported_domain,logistic,trajectory_plus_oisst_cuti_beuti,expanding_window,2015,134,47,0.35074626865671643,0.5867396656162555,0.23599339695953903,True,0.3,0.1
upwelling_supported_domain,logistic,trajectory_plus_oisst_cuti_beuti,expanding_window,2016,135,64,0.4740740740740741,0.6352919815407931,0.16121790746671905,True,0.3,0.1
upwelling_supported_domain,logistic,trajectory_plus_oisst_cuti_beuti,expanding_window,2017,156,31,0.1987179487179487,0.32336115622147055,0.12464320750352184,True,0.3,0.1
upwelling_supported_domain,logistic,trajectory_plus_oisst_cuti_beuti,expanding_window,2018,167,147,0.8802395209580839,0.9202559636311454,0.04001644267306148,True,0.3,0.1
upwelling_supported_domain,logistic,trajectory_plus_oisst_cuti_beuti,expanding_window,2019,94,17,0.18085106382978725,0.29944261932771193,0.11859155549792469,True,0.3,0.1
upwelling_supported_domain,logistic,trajectory_plus_oisst_cuti_beuti,expanding_window,2020,136,53,0.3897058823529412,0.3993348497186264,0.009628967365685193,True,0.3,0.1
upwelling_supported_domain,logistic,trajectory_plus_oisst_cuti_beuti,expanding_window,2021,133,36,0.2706766917293233,0.3870536360790552,0.11637694434973189,True,0.3,0.1
upwelling_supported_domain,logistic,trajectory_plus_oisst_cuti_beuti,expanding_window,2022,142,115,0.8098591549295775,0.8847143439590364,0.07485518902945887,True,0.3,0.1
upwelling_supported_domain,logistic,trajectory_plus_oisst_cuti_beuti,expanding_window,2023,79,5,0.06329113924050633,0.5279644268774704,0.464673287636964,True,0.3,0.1
upwelling_supported_domain,logistic,trajectory_plus_oisst_cuti_beuti,expanding_window,2024,116,35,0.3017241379310345,0.42215443656322454,0.12043029863219007,True,0.3,0.1
full_oisst_domain,logistic,current_only,expanding_window,2005,329,169,0.513677811550152,0.6905021848254596,0.17682437327530753,True,0.4,0.02
full_oisst_domain,logistic,current_only,expanding_window,2006,312,41,0.13141025641025642,0.3221683782892031,0.19075812187894667,True,0.4,0.02
full_oisst_domain,logistic,current_only,expanding_window,2007,337,80,0.23738872403560832,0.44944011084166785,0.21205138680605953,True,0.4,0.02
full_oisst_domain,logistic,current_only,expanding_window,2008,338,75,0.22189349112426035,0.5227975378696657,0.3009040467454053,True,0.4,0.02
full_oisst_domain,logistic,current_only,expanding_window,2009,348,144,0.41379310344827586,0.5242196511859962,0.11042654773772037,True,0.4,0.02
full_oisst_domain,logistic,current_only,expanding_window,2010,339,151,0.44542772861356933,0.6064897598340105,0.16106203122044122,True,0.4,0.02
full_oisst_domain,logistic,current_only,expanding_window,2011,306,97,0.31699346405228757,0.4314020298593101,0.11440856580702252,True,0.4,0.02
full_oisst_domain,logistic,current_only,expanding_window,2012,312,56,0.1794871794871795,0.547811031516205,0.3683238520290255,True,0.4,0.02
full_oisst_domain,logistic,current_only,expanding_window,2013,350,198,0.5657142857142857,0.6714214811234568,0.10570719540917106,True,0.4,0.02
full_oisst_domain,logistic,current_only,expanding_window,2014,326,116,0.3558282208588957,0.5086719153060304,0.1528436944471347,True,0.4,0.02
full_oisst_domain,logistic,current_only,expanding_window,2015,278,113,0.4064748201438849,0.5666293620449091,0.16015454190102418,True,0.4,0.02
full_oisst_domain,logistic,current_only,expanding_window,2016,263,77,0.29277566539923955,0.48246974534501785,0.1896940799457783,True,0.4,0.02
full_oisst_domain,logistic,current_only,expanding_window,2017,285,51,0.17894736842105263,0.23824038184766394,0.05929301342661131,True,0.4,0.02
full_oisst_domain,logistic,current_only,expanding_window,2018,296,212,0.7162162162162162,0.7869887789896586,0.07077256277344235,True,0.4,0.02
full_oisst_domain,logistic,current_only,expanding_window,2019,245,56,0.22857142857142856,0.3754437757748055,0.1468723472033769,True,0.4,0.02
full_oisst_domain,logistic,current_only,expanding_window,2020,270,86,0.31851851851851853,0.36333010477285105,0.044811586254332514,True,0.4,0.02
full_oisst_domain,logistic,current_only,expanding_window,2021,265,95,0.3584905660377358,0.391689885133632,0.033199319095896185,True,0.4,0.02
full_oisst_domain,logistic,current_only,expanding_window,2022,253,148,0.5849802371541502,0.7616385610722224,0.17665832391807224,True,0.4,0.02
full_oisst_domain,logistic,current_only,expanding_window,2023,226,32,0.1415929203539823,0.14542540605150867,0.0038324856975263666,True,0.4,0.02
full_oisst_domain,logistic,current_only,expanding_window,2024,235,48,0.20425531914893616,0.24098029835862542,0.03672497920968926,True,0.4,0.02
full_oisst_domain,logistic,current_plus_trajectory,expanding_window,2005,329,169,0.513677811550152,0.6820620681967302,0.1683842566465782,True,0.4,0.02
full_oisst_domain,logistic,current_plus_trajectory,expanding_window,2006,312,41,0.13141025641025642,0.48252105918950816,0.3511108027792518,True,0.4,0.02
full_oisst_domain,logistic,current_plus_trajectory,expanding_window,2007,337,80,0.23738872403560832,0.5241267217197765,0.2867379976841682,True,0.4,0.02
full_oisst_domain,logistic,current_plus_trajectory,expanding_window,2008,338,75,0.22189349112426035,0.5388179864766988,0.3169244953524384,True,0.4,0.02
full_oisst_domain,logistic,current_plus_trajectory,expanding_window,2009,348,144,0.41379310344827586,0.48360044311747,0.06980733966919417,True,0.4,0.02
full_oisst_domain,logistic,current_plus_trajectory,expanding_window,2010,339,151,0.44542772861356933,0.6242565991922335,0.1788288705786642,True,0.4,0.02
full_oisst_domain,logistic,current_plus_trajectory,expanding_window,2011,306,97,0.31699346405228757,0.43288228214415625,0.11588881809186868,True,0.4,0.02
full_oisst_domain,logistic,current_plus_trajectory,expanding_window,2012,312,56,0.1794871794871795,0.557354392323976,0.3778672128367965,True,0.4,0.02
full_oisst_domain,logistic,current_plus_trajectory,expanding_window,2013,350,198,0.5657142857142857,0.6879843129958017,0.12227002728151593,True,0.4,0.02
full_oisst_domain,logistic,current_plus_trajectory,expanding_window,2014,326,116,0.3558282208588957,0.5206359196584573,0.16480769879956164,True,0.4,0.02
full_oisst_domain,logistic,current_plus_trajectory,expanding_window,2015,278,113,0.4064748201438849,0.5582143541656248,0.1517395340217399,True,0.4,0.02
full_oisst_domain,logistic,current_plus_trajectory,expanding_window,2016,263,77,0.29277566539923955,0.5149354630609194,0.22215979766167987,True,0.4,0.02
full_oisst_domain,logistic,current_plus_trajectory,expanding_window,2017,285,51,0.17894736842105263,0.3026909091883234,0.12374354076727079,True,0.4,0.02
full_oisst_domain,logistic,current_plus_trajectory,expanding_window,2018,296,212,0.7162162162162162,0.8342801917164825,0.11806397550026626,True,0.4,0.02
full_oisst_domain,logistic,current_plus_trajectory,expanding_window,2019,245,56,0.22857142857142856,0.43863412112267197,0.2100626925512434,True,0.4,0.02
full_oisst_domain,logistic,current_plus_trajectory,expanding_window,2020,270,86,0.31851851851851853,0.42380109515721043,0.1052825766386919,True,0.4,0.02
full_oisst_domain,logistic,current_plus_trajectory,expanding_window,2021,265,95,0.3584905660377358,0.47440345960861485,0.11591289357087903,True,0.4,0.02
full_oisst_domain,logistic,current_plus_trajectory,expanding_window,2022,253,148,0.5849802371541502,0.7962065280618824,0.21122629090773226,True,0.4,0.02
full_oisst_domain,logistic,current_plus_trajectory,expanding_window,2023,226,32,0.1415929203539823,0.2549621004212513,0.11336918006726898,True,0.4,0.02
full_oisst_domain,logistic,current_plus_trajectory,expanding_window,2024,235,48,0.20425531914893616,0.31384253643712157,0.1095872172881854,True,0.4,0.02
full_oisst_domain,logistic,trajectory_plus_oisst,expanding_window,2005,329,169,0.513677811550152,0.7007738249549271,0.1870960134047751,True,0.4,0.02
full_oisst_domain,logistic,trajectory_plus_oisst,expanding_window,2006,312,41,0.13141025641025642,0.3105682782585779,0.1791580218483215,True,0.4,0.02
full_oisst_domain,logistic,trajectory_plus_oisst,expanding_window,2007,337,80,0.23738872403560832,0.46407867454729135,0.22668995051168303,True,0.4,0.02
full_oisst_domain,logistic,trajectory_plus_oisst,expanding_window,2008,338,75,0.22189349112426035,0.4953625610475476,0.27346906992328723,True,0.4,0.02
full_oisst_domain,logistic,trajectory_plus_oisst,expanding_window,2009,348,144,0.41379310344827586,0.4585153177514693,0.04472221430319345,True,0.4,0.02
full_oisst_domain,logistic,trajectory_plus_oisst,expanding_window,2010,339,151,0.44542772861356933,0.5484221266276424,0.10299439801407312,True,0.4,0.02
full_oisst_domain,logistic,trajectory_plus_oisst,expanding_window,2011,306,97,0.31699346405228757,0.45672171707579456,0.139728253023507,True,0.4,0.02
full_oisst_domain,logistic,trajectory_plus_oisst,expanding_window,2012,312,56,0.1794871794871795,0.5419493125147612,0.3624621330275817,True,0.4,0.02
full_oisst_domain,logistic,trajectory_plus_oisst,expanding_window,2013,350,198,0.5657142857142857,0.6491907550117166,0.08347646929743091,True,0.4,0.02
full_oisst_domain,logistic,trajectory_plus_oisst,expanding_window,2014,326,116,0.3558282208588957,0.4929861139876429,0.1371578931287472,True,0.4,0.02
full_oisst_domain,logistic,trajectory_plus_oisst,expanding_window,2015,278,113,0.4064748201438849,0.6528726407465968,0.24639782060271187,True,0.4,0.02
full_oisst_domain,logistic,trajectory_plus_oisst,expanding_window,2016,263,77,0.29277566539923955,0.4638229774094946,0.17104731201025503,True,0.4,0.02
full_oisst_domain,logistic,trajectory_plus_oisst,expanding_window,2017,285,51,0.17894736842105263,0.2994914462698076,0.12054407784875498,True,0.4,0.02
full_oisst_domain,logistic,trajectory_plus_oisst,expanding_window,2018,296,212,0.7162162162162162,0.8575319300432359,0.14131571382701968,True,0.4,0.02
full_oisst_domain,logistic,trajectory_plus_oisst,expanding_window,2019,245,56,0.22857142857142856,0.4078668193931878,0.17929539082175924,True,0.4,0.02
full_oisst_domain,logistic,trajectory_plus_oisst,expanding_window,2020,270,86,0.31851851851851853,0.4476677599962954,0.12914924147777684,True,0.4,0.02
full_oisst_domain,logistic,trajectory_plus_oisst,expanding_window,2021,265,95,0.3584905660377358,0.4919100268951065,0.13341946085737066,True,0.4,0.02
full_oisst_domain,logistic,trajectory_plus_oisst,expanding_window,2022,253,148,0.5849802371541502,0.7477573850619248,0.16277714790777464,True,0.4,0.02
full_oisst_domain,logistic,trajectory_plus_oisst,expanding_window,2023,226,32,0.1415929203539823,0.23986025859004018,0.09826733823605788,True,0.4,0.02
full_oisst_domain,logistic,trajectory_plus_oisst,expanding_window,2024,235,48,0.20425531914893616,0.30081045838884146,0.0965551392399053,True,0.4,0.02
upwelling_supported_domain,logistic,current_only,expanding_window,2005,218,117,0.536697247706422,0.680596166520134,0.14389891881371197,True,0.4,0.02
upwelling_supported_domain,logistic,current_only,expanding_window,2006,211,29,0.13744075829383887,0.3715818170165823,0.23414105872274346,True,0.4,0.02
upwelling_supported_domain,logistic,current_only,expanding_window,2007,221,60,0.27149321266968324,0.49658859534442235,0.2250953826747391,True,0.4,0.02
upwelling_supported_domain,logistic,current_only,expanding_window,2008,221,48,0.2171945701357466,0.5101821809085154,0.2929876107727688,True,0.4,0.02
upwelling_supported_domain,logistic,current_only,expanding_window,2009,235,88,0.37446808510638296,0.4697152360801765,0.09524715097379355,True,0.4,0.02
upwelling_supported_domain,logistic,current_only,expanding_window,2010,233,129,0.5536480686695279,0.6846575810451621,0.13100951237563419,True,0.4,0.02
upwelling_supported_domain,logistic,current_only,expanding_window,2011,208,60,0.28846153846153844,0.5152612553536018,0.22679971689206335,True,0.4,0.02
upwelling_supported_domain,logistic,current_only,expanding_window,2012,211,27,0.12796208530805686,0.5160082727259916,0.38804618741793473,True,0.4,0.02
upwelling_supported_domain,logistic,current_only,expanding_window,2013,238,175,0.7352941176470589,0.7686273120070546,0.03333319435999571,True,0.4,0.02
upwelling_supported_domain,logistic,current_only,expanding_window,2014,213,75,0.352112676056338,0.4253830973650723,0.07327042130873429,True,0.4,0.02
upwelling_supported_domain,logistic,current_only,expanding_window,2015,184,48,0.2608695652173913,0.4202739541829187,0.1594043889655274,True,0.4,0.02
upwelling_supported_domain,logistic,current_only,expanding_window,2016,191,70,0.36649214659685864,0.5799464908013818,0.2134543442045232,True,0.4,0.02
upwelling_supported_domain,logistic,current_only,expanding_window,2017,196,40,0.20408163265306123,0.24695259259143726,0.04287095993837603,True,0.4,0.02
upwelling_supported_domain,logistic,current_only,expanding_window,2018,194,162,0.8350515463917526,0.8643398505150528,0.02928830412330019,True,0.4,0.02
upwelling_supported_domain,logistic,current_only,expanding_window,2019,156,19,0.12179487179487179,0.1722212901075193,0.050426418312647506,True,0.4,0.02
upwelling_supported_domain,logistic,current_only,expanding_window,2020,177,47,0.2655367231638418,0.31817941417839124,0.052642691014549436,True,0.4,0.02
upwelling_supported_domain,logistic,current_only,expanding_window,2021,189,57,0.30158730158730157,0.28838786197371113,-0.013199439613590436,True,0.4,0.02
upwelling_supported_domain,logistic,current_only,expanding_window,2022,178,125,0.702247191011236,0.8185161959569547,0.11626900494571868,True,0.4,0.02
upwelling_supported_domain,logistic,current_only,expanding_window,2023,144,11,0.0763888888888889,0.0944427777729339,0.018053888884045008,True,0.4,0.02
upwelling_supported_domain,logistic,current_only,expanding_window,2024,159,34,0.2138364779874214,0.26237188546435086,0.04853540747692947,True,0.4,0.02
upwelling_supported_domain,logistic,current_plus_trajectory,expanding_window,2005,218,117,0.536697247706422,0.6264651895145537,0.08976794180813163,True,0.4,0.02
upwelling_supported_domain,logistic,current_plus_trajectory,expanding_window,2006,211,29,0.13744075829383887,0.4637012000358066,0.3262604417419678,True,0.4,0.02
upwelling_supported_domain,logistic,current_plus_trajectory,expanding_window,2007,221,60,0.27149321266968324,0.535699138390445,0.2642059257207618,True,0.4,0.02
upwelling_supported_domain,logistic,current_plus_trajectory,expanding_window,2008,221,48,0.2171945701357466,0.5541643482933889,0.3369697781576423,True,0.4,0.02
upwelling_supported_domain,logistic,current_plus_trajectory,expanding_window,2009,235,88,0.37446808510638296,0.44852213634803784,0.07405405124165487,True,0.4,0.02
upwelling_supported_domain,logistic,current_plus_trajectory,expanding_window,2010,233,129,0.5536480686695279,0.7023679871200252,0.14871991845049737,True,0.4,0.02
upwelling_supported_domain,logistic,current_plus_trajectory,expanding_window,2011,208,60,0.28846153846153844,0.5305501379360829,0.24208859947454442,True,0.4,0.02
upwelling_supported_domain,logistic,current_plus_trajectory,expanding_window,2012,211,27,0.12796208530805686,0.5369120441695707,0.40894995886151386,True,0.4,0.02
upwelling_supported_domain,logistic,current_plus_trajectory,expanding_window,2013,238,175,0.7352941176470589,0.749857169615123,0.014563051968064178,True,0.4,0.02
upwelling_supported_domain,logistic,current_plus_trajectory,expanding_window,2014,213,75,0.352112676056338,0.40366506582305284,0.051552389766714835,True,0.4,0.02
upwelling_supported_domain,logistic,current_plus_trajectory,expanding_window,2015,184,48,0.2608695652173913,0.4477757245911322,0.1869061593737409,True,0.4,0.02
upwelling_supported_domain,logistic,current_plus_trajectory,expanding_window,2016,191,70,0.36649214659685864,0.5742271814333406,0.20773503483648198,True,0.4,0.02
upwelling_supported_domain,logistic,current_plus_trajectory,expanding_window,2017,196,40,0.20408163265306123,0.3290893635850899,0.12500773093202866,True,0.4,0.02
upwelling_supported_domain,logistic,current_plus_trajectory,expanding_window,2018,194,162,0.8350515463917526,0.8808425082885158,0.04579096189676324,True,0.4,0.02
upwelling_supported_domain,logistic,current_plus_trajectory,expanding_window,2019,156,19,0.12179487179487179,0.21113341057690777,0.08933853878203597,True,0.4,0.02
upwelling_supported_domain,logistic,current_plus_trajectory,expanding_window,2020,177,47,0.2655367231638418,0.35007518147103744,0.08453845830719564,True,0.4,0.02
upwelling_supported_domain,logistic,current_plus_trajectory,expanding_window,2021,189,57,0.30158730158730157,0.4153353029174936,0.11374800133019203,True,0.4,0.02
upwelling_supported_domain,logistic,current_plus_trajectory,expanding_window,2022,178,125,0.702247191011236,0.8099258011289245,0.10767861011768853,True,0.4,0.02
upwelling_supported_domain,logistic,current_plus_trajectory,expanding_window,2023,144,11,0.0763888888888889,0.26357334930045945,0.18718446041157055,True,0.4,0.02
upwelling_supported_domain,logistic,current_plus_trajectory,expanding_window,2024,159,34,0.2138364779874214,0.31148118893954957,0.09764471095212818,True,0.4,0.02
upwelling_supported_domain,logistic,trajectory_plus_oisst,expanding_window,2005,218,117,0.536697247706422,0.6707440174081467,0.1340467697017247,True,0.4,0.02
upwelling_supported_domain,logistic,trajectory_plus_oisst,expanding_window,2006,211,29,0.13744075829383887,0.35542130198259786,0.217980543688759,True,0.4,0.02
upwelling_supported_domain,logistic,trajectory_plus_oisst,expanding_window,2007,221,60,0.27149321266968324,0.5069959317158037,0.23550271904612047,True,0.4,0.02
upwelling_supported_domain,logistic,trajectory_plus_oisst,expanding_window,2008,221,48,0.2171945701357466,0.48760513857160326,0.27041056843585665,True,0.4,0.02
upwelling_supported_domain,logistic,trajectory_plus_oisst,expanding_window,2009,235,88,0.37446808510638296,0.4470286136645852,0.07256052855820222,True,0.4,0.02
upwelling_supported_domain,logistic,trajectory_plus_oisst,expanding_window,2010,233,129,0.5536480686695279,0.682558625092643,0.1289105564231151,True,0.4,0.02
upwelling_supported_domain,logistic,trajectory_plus_oisst,expanding_window,2011,208,60,0.28846153846153844,0.5182067035853584,0.22974516512381993,True,0.4,0.02
upwelling_supported_domain,logistic,trajectory_plus_oisst,expanding_window,2012,211,27,0.12796208530805686,0.5782534910461811,0.4502914057381242,True,0.4,0.02
upwelling_supported_domain,logistic,trajectory_plus_oisst,expanding_window,2013,238,175,0.7352941176470589,0.7500131623395514,0.014719044692492522,True,0.4,0.02
upwelling_supported_domain,logistic,trajectory_plus_oisst,expanding_window,2014,213,75,0.352112676056338,0.4134665781595152,0.061353902103177205,True,0.4,0.02
upwelling_supported_domain,logistic,trajectory_plus_oisst,expanding_window,2015,184,48,0.2608695652173913,0.496284902154303,0.2354153369369117,True,0.4,0.02
upwelling_supported_domain,logistic,trajectory_plus_oisst,expanding_window,2016,191,70,0.36649214659685864,0.5449175818133852,0.1784254352165266,True,0.4,0.02
upwelling_supported_domain,logistic,trajectory_plus_oisst,expanding_window,2017,196,40,0.20408163265306123,0.3283731003346236,0.12429146768156235,True,0.4,0.02
upwelling_supported_domain,logistic,trajectory_plus_oisst,expanding_window,2018,194,162,0.8350515463917526,0.887727460340989,0.05267591394923643,True,0.4,0.02
upwelling_supported_domain,logistic,trajectory_plus_oisst,expanding_window,2019,156,19,0.12179487179487179,0.19765799446074062,0.07586312266586882,True,0.4,0.02
upwelling_supported_domain,logistic,trajectory_plus_oisst,expanding_window,2020,177,47,0.2655367231638418,0.3535776288817613,0.0880409057179195,True,0.4,0.02
upwelling_supported_domain,logistic,trajectory_plus_oisst,expanding_window,2021,189,57,0.30158730158730157,0.45385628760758684,0.15226898602028527,True,0.4,0.02
upwelling_supported_domain,logistic,trajectory_plus_oisst,expanding_window,2022,178,125,0.702247191011236,0.8025797334172062,0.10033254240597023,True,0.4,0.02
upwelling_supported_domain,logistic,trajectory_plus_oisst,expanding_window,2023,144,11,0.0763888888888889,0.23711871613915556,0.16072982725026666,True,0.4,0.02
upwelling_supported_domain,logistic,trajectory_plus_oisst,expanding_window,2024,159,34,0.2138364779874214,0.29095244670749576,0.07711596872007437,True,0.4,0.02
upwelling_supported_domain,logistic,trajectory_plus_oisst_cuti_beuti,expanding_window,2005,218,117,0.536697247706422,0.691086071264738,0.15438882355831596,True,0.4,0.02
upwelling_supported_domain,logistic,trajectory_plus_oisst_cuti_beuti,expanding_window,2006,211,29,0.13744075829383887,0.44799809211391417,0.31055733382007533,True,0.4,0.02
upwelling_supported_domain,logistic,trajectory_plus_oisst_cuti_beuti,expanding_window,2007,221,60,0.27149321266968324,0.3569491239308806,0.08545591126119734,True,0.4,0.02
upwelling_supported_domain,logistic,trajectory_plus_oisst_cuti_beuti,expanding_window,2008,221,48,0.2171945701357466,0.4430876875940702,0.22589311745832358,True,0.4,0.02
upwelling_supported_domain,logistic,trajectory_plus_oisst_cuti_beuti,expanding_window,2009,235,88,0.37446808510638296,0.4184762894067831,0.044008204300400144,True,0.4,0.02
upwelling_supported_domain,logistic,trajectory_plus_oisst_cuti_beuti,expanding_window,2010,233,129,0.5536480686695279,0.657117129358689,0.10346906068916117,True,0.4,0.02
upwelling_supported_domain,logistic,trajectory_plus_oisst_cuti_beuti,expanding_window,2011,208,60,0.28846153846153844,0.5250307886124181,0.2365692501508797,True,0.4,0.02
upwelling_supported_domain,logistic,trajectory_plus_oisst_cuti_beuti,expanding_window,2012,211,27,0.12796208530805686,0.5465438272705402,0.4185817419624833,True,0.4,0.02
upwelling_supported_domain,logistic,trajectory_plus_oisst_cuti_beuti,expanding_window,2013,238,175,0.7352941176470589,0.7584117871551683,0.02311766950810945,True,0.4,0.02
upwelling_supported_domain,logistic,trajectory_plus_oisst_cuti_beuti,expanding_window,2014,213,75,0.352112676056338,0.39822203444753823,0.04610935839120023,True,0.4,0.02
upwelling_supported_domain,logistic,trajectory_plus_oisst_cuti_beuti,expanding_window,2015,184,48,0.2608695652173913,0.5108274443695536,0.24995787915216233,True,0.4,0.02
upwelling_supported_domain,logistic,trajectory_plus_oisst_cuti_beuti,expanding_window,2016,191,70,0.36649214659685864,0.5056906553095235,0.13919850871266487,True,0.4,0.02
upwelling_supported_domain,logistic,trajectory_plus_oisst_cuti_beuti,expanding_window,2017,196,40,0.20408163265306123,0.31094787551766523,0.106866242864604,True,0.4,0.02
upwelling_supported_domain,logistic,trajectory_plus_oisst_cuti_beuti,expanding_window,2018,194,162,0.8350515463917526,0.8989260898181356,0.06387454342638299,True,0.4,0.02
upwelling_supported_domain,logistic,trajectory_plus_oisst_cuti_beuti,expanding_window,2019,156,19,0.12179487179487179,0.161383658564556,0.039588786769684206,True,0.4,0.02
upwelling_supported_domain,logistic,trajectory_plus_oisst_cuti_beuti,expanding_window,2020,177,47,0.2655367231638418,0.3187314051692953,0.05319468200545352,True,0.4,0.02
upwelling_supported_domain,logistic,trajectory_plus_oisst_cuti_beuti,expanding_window,2021,189,57,0.30158730158730157,0.37341177680832693,0.07182447522102536,True,0.4,0.02
upwelling_supported_domain,logistic,trajectory_plus_oisst_cuti_beuti,expanding_window,2022,178,125,0.702247191011236,0.8430342976791716,0.1407871066679356,True,0.4,0.02
upwelling_supported_domain,logistic,trajectory_plus_oisst_cuti_beuti,expanding_window,2023,144,11,0.0763888888888889,0.22834293031107122,0.15195404142218233,True,0.4,0.02
upwelling_supported_domain,logistic,trajectory_plus_oisst_cuti_beuti,expanding_window,2024,159,34,0.2138364779874214,0.28959163778897085,0.07575515980154945,True,0.4,0.02
full_oisst_domain,logistic,current_only,expanding_window,2005,312,166,0.532051282051282,0.6935986324577192,0.1615473504064372,True,0.4,0.05
full_oisst_domain,logistic,current_only,expanding_window,2006,285,40,0.14035087719298245,0.3268059210797666,0.18645504388678413,True,0.4,0.05
full_oisst_domain,logistic,current_only,expanding_window,2007,328,80,0.24390243902439024,0.44944011084166785,0.2055376718172776,True,0.4,0.05
full_oisst_domain,logistic,current_only,expanding_window,2008,331,75,0.22658610271903323,0.5227975378696657,0.2962114351506324,True,0.4,0.05
full_oisst_domain,logistic,current_only,expanding_window,2009,341,144,0.4222873900293255,0.5242196511859961,0.10193226115667059,True,0.4,0.05
full_oisst_domain,logistic,current_only,expanding_window,2010,328,150,0.4573170731707317,0.6075547211520361,0.1502376479813044,True,0.4,0.05
full_oisst_domain,logistic,current_only,expanding_window,2011,280,94,0.3357142857142857,0.4345683575717668,0.09885407185748113,True,0.4,0.05
full_oisst_domain,logistic,current_only,expanding_window,2012,290,55,0.1896551724137931,0.5542962088189818,0.3646410364051887,True,0.4,0.05
full_oisst_domain,logistic,current_only,expanding_window,2013,335,195,0.582089552238806,0.6728624860953394,0.0907729338565334,True,0.4,0.05
full_oisst_domain,logistic,current_only,expanding_window,2014,293,108,0.36860068259385664,0.5196833441761299,0.1510826615822733,True,0.4,0.05
full_oisst_domain,logistic,current_only,expanding_window,2015,253,109,0.4308300395256917,0.5721406252260987,0.14131058570040694,True,0.4,0.05
full_oisst_domain,logistic,current_only,expanding_window,2016,232,71,0.30603448275862066,0.49791717889096354,0.19188269613234288,True,0.4,0.05
full_oisst_domain,logistic,current_only,expanding_window,2017,251,44,0.1752988047808765,0.24829170797401057,0.07299290319313406,True,0.4,0.05
full_oisst_domain,logistic,current_only,expanding_window,2018,277,198,0.7148014440433214,0.7919678615912178,0.07716641754789644,True,0.4,0.05
full_oisst_domain,logistic,current_only,expanding_window,2019,199,51,0.2562814070351759,0.38779610232409606,0.13151469528892018,True,0.4,0.05
full_oisst_domain,logistic,current_only,expanding_window,2020,239,77,0.32217573221757323,0.3678611505285652,0.04568541831099199,True,0.4,0.05
full_oisst_domain,logistic,current_only,expanding_window,2021,229,76,0.3318777292576419,0.4034345427653627,0.0715568135077208,True,0.4,0.05
full_oisst_domain,logistic,current_only,expanding_window,2022,225,135,0.6,0.7777720314999291,0.17777203149992915,True,0.4,0.05
full_oisst_domain,logistic,current_only,expanding_window,2023,179,24,0.1340782122905028,0.14697918919554082,0.012900976905038025,True,0.4,0.05
full_oisst_domain,logistic,current_only,expanding_window,2024,204,39,0.19117647058823528,0.25140658498879426,0.060230114400558976,True,0.4,0.05
full_oisst_domain,logistic,current_plus_trajectory,expanding_window,2005,312,166,0.532051282051282,0.6904757722159596,0.15842449016467752,True,0.4,0.05
full_oisst_domain,logistic,current_plus_trajectory,expanding_window,2006,285,40,0.14035087719298245,0.490006770056675,0.34965589286369253,True,0.4,0.05
full_oisst_domain,logistic,current_plus_trajectory,expanding_window,2007,328,80,0.24390243902439024,0.5249770321017871,0.2810745930773969,True,0.4,0.05
full_oisst_domain,logistic,current_plus_trajectory,expanding_window,2008,331,75,0.22658610271903323,0.5389646968451539,0.3123785941261207,True,0.4,0.05
full_oisst_domain,logistic,current_plus_trajectory,expanding_window,2009,341,144,0.4222873900293255,0.4840735203990061,0.06178613036968056,True,0.4,0.05
full_oisst_domain,logistic,current_plus_trajectory,expanding_window,2010,328,150,0.4573170731707317,0.6270927386026681,0.1697756654319364,True,0.4,0.05
full_oisst_domain,logistic,current_plus_trajectory,expanding_window,2011,280,94,0.3357142857142857,0.4338278835110031,0.09811359779671741,True,0.4,0.05
full_oisst_domain,logistic,current_plus_trajectory,expanding_window,2012,290,55,0.1896551724137931,0.5692788673189193,0.3796236949051262,True,0.4,0.05
full_oisst_domain,logistic,current_plus_trajectory,expanding_window,2013,335,195,0.582089552238806,0.6944797381693253,0.1123901859305193,True,0.4,0.05
full_oisst_domain,logistic,current_plus_trajectory,expanding_window,2014,293,108,0.36860068259385664,0.5470829410398572,0.17848225844600057,True,0.4,0.05
full_oisst_domain,logistic,current_plus_trajectory,expanding_window,2015,253,109,0.4308300395256917,0.5641005137304775,0.13327047420478583,True,0.4,0.05
full_oisst_domain,logistic,current_plus_trajectory,expanding_window,2016,232,71,0.30603448275862066,0.5266965132435948,0.22066203048497413,True,0.4,0.05
full_oisst_domain,logistic,current_plus_trajectory,expanding_window,2017,251,44,0.1752988047808765,0.32607965258774435,0.15078084780686785,True,0.4,0.05
full_oisst_domain,logistic,current_plus_trajectory,expanding_window,2018,277,198,0.7148014440433214,0.8443593057979628,0.12955786175464146,True,0.4,0.05
full_oisst_domain,logistic,current_plus_trajectory,expanding_window,2019,199,51,0.2562814070351759,0.4591013983294583,0.2028199912942824,True,0.4,0.05
full_oisst_domain,logistic,current_plus_trajectory,expanding_window,2020,239,77,0.32217573221757323,0.4379859454063484,0.11581021318877516,True,0.4,0.05
full_oisst_domain,logistic,current_plus_trajectory,expanding_window,2021,229,76,0.3318777292576419,0.4764233367536249,0.144545607495983,True,0.4,0.05
full_oisst_domain,logistic,current_plus_trajectory,expanding_window,2022,225,135,0.6,0.811396265885987,0.21139626588598703,True,0.4,0.05
full_oisst_domain,logistic,current_plus_trajectory,expanding_window,2023,179,24,0.1340782122905028,0.26798322244228034,0.13390501015177755,True,0.4,0.05
full_oisst_domain,logistic,current_plus_trajectory,expanding_window,2024,204,39,0.19117647058823528,0.3254907222997705,0.13431425171153522,True,0.4,0.05
full_oisst_domain,logistic,trajectory_plus_oisst,expanding_window,2005,312,166,0.532051282051282,0.7118428051985943,0.17979152314731228,True,0.4,0.05
full_oisst_domain,logistic,trajectory_plus_oisst,expanding_window,2006,285,40,0.14035087719298245,0.32274494108726093,0.18239406389427848,True,0.4,0.05
full_oisst_domain,logistic,trajectory_plus_oisst,expanding_window,2007,328,80,0.24390243902439024,0.4654089758882748,0.22150653686388455,True,0.4,0.05
full_oisst_domain,logistic,trajectory_plus_oisst,expanding_window,2008,331,75,0.22658610271903323,0.49095719645201624,0.264371093732983,True,0.4,0.05
full_oisst_domain,logistic,trajectory_plus_oisst,expanding_window,2009,341,144,0.4222873900293255,0.4553912666564304,0.0331038766271049,True,0.4,0.05
full_oisst_domain,logistic,trajectory_plus_oisst,expanding_window,2010,328,150,0.4573170731707317,0.5475632357771419,0.09024616260641022,True,0.4,0.05
full_oisst_domain,logistic,trajectory_plus_oisst,expanding_window,2011,280,94,0.3357142857142857,0.46156858761568753,0.12585430190140184,True,0.4,0.05
full_oisst_domain,logistic,trajectory_plus_oisst,expanding_window,2012,290,55,0.1896551724137931,0.5539141859948491,0.364259013581056,True,0.4,0.05
full_oisst_domain,logistic,trajectory_plus_oisst,expanding_window,2013,335,195,0.582089552238806,0.6537700229962515,0.07168047075744555,True,0.4,0.05
full_oisst_domain,logistic,trajectory_plus_oisst,expanding_window,2014,293,108,0.36860068259385664,0.5183200750964826,0.14971939250262595,True,0.4,0.05
full_oisst_domain,logistic,trajectory_plus_oisst,expanding_window,2015,253,109,0.4308300395256917,0.6639231594584987,0.23309311993280696,True,0.4,0.05
full_oisst_domain,logistic,trajectory_plus_oisst,expanding_window,2016,232,71,0.30603448275862066,0.4748930850909894,0.1688586023323687,True,0.4,0.05
full_oisst_domain,logistic,trajectory_plus_oisst,expanding_window,2017,251,44,0.1752988047808765,0.32028182989779397,0.14498302511691746,True,0.4,0.05
full_oisst_domain,logistic,trajectory_plus_oisst,expanding_window,2018,277,198,0.7148014440433214,0.8683350836995855,0.1535336396562641,True,0.4,0.05
full_oisst_domain,logistic,trajectory_plus_oisst,expanding_window,2019,199,51,0.2562814070351759,0.42310753203505314,0.16682612499987726,True,0.4,0.05
full_oisst_domain,logistic,trajectory_plus_oisst,expanding_window,2020,239,77,0.32217573221757323,0.45954967851017253,0.1373739462925993,True,0.4,0.05
full_oisst_domain,logistic,trajectory_plus_oisst,expanding_window,2021,229,76,0.3318777292576419,0.500814123602512,0.16893639434487007,True,0.4,0.05
full_oisst_domain,logistic,trajectory_plus_oisst,expanding_window,2022,225,135,0.6,0.7548767574916753,0.1548767574916753,True,0.4,0.05
full_oisst_domain,logistic,trajectory_plus_oisst,expanding_window,2023,179,24,0.1340782122905028,0.26576900690821115,0.13169079461770836,True,0.4,0.05
full_oisst_domain,logistic,trajectory_plus_oisst,expanding_window,2024,204,39,0.19117647058823528,0.3092636252817619,0.1180871546935266,True,0.4,0.05
upwelling_supported_domain,logistic,current_only,expanding_window,2005,207,115,0.5555555555555556,0.6830740813167681,0.12751852576121248,True,0.4,0.05
upwelling_supported_domain,logistic,current_only,expanding_window,2006,191,28,0.14659685863874344,0.3796997888041327,0.23310293016538924,True,0.4,0.05
upwelling_supported_domain,logistic,current_only,expanding_window,2007,217,60,0.2764976958525346,0.49658859534442235,0.22009089949188776,True,0.4,0.05
upwelling_supported_domain,logistic,current_only,expanding_window,2008,216,48,0.2222222222222222,0.5101821809085155,0.2879599586862933,True,0.4,0.05
upwelling_supported_domain,logistic,current_only,expanding_window,2009,228,88,0.38596491228070173,0.4697152360801765,0.08375032379947478,True,0.4,0.05
upwelling_supported_domain,logistic,current_only,expanding_window,2010,225,128,0.5688888888888889,0.6856624490005256,0.11677356011163675,True,0.4,0.05
upwelling_supported_domain,logistic,current_only,expanding_window,2011,186,58,0.3118279569892473,0.5224238013363423,0.21059584434709494,True,0.4,0.05
upwelling_supported_domain,logistic,current_only,expanding_window,2012,196,26,0.1326530612244898,0.5306363450631528,0.397983283838663,True,0.4,0.05
upwelling_supported_domain,logistic,current_only,expanding_window,2013,230,172,0.7478260869565218,0.769007769933651,0.0211816829771293,True,0.4,0.05
upwelling_supported_domain,logistic,current_only,expanding_window,2014,188,68,0.3617021276595745,0.43237779457629744,0.07067566691672295,True,0.4,0.05
upwelling_supported_domain,logistic,current_only,expanding_window,2015,163,46,0.2822085889570552,0.4267119379122967,0.14450334895524153,True,0.4,0.05
upwelling_supported_domain,logistic,current_only,expanding_window,2016,168,64,0.38095238095238093,0.5992189803788989,0.21826659942651794,True,0.4,0.05
upwelling_supported_domain,logistic,current_only,expanding_window,2017,175,34,0.19428571428571428,0.25556201591883154,0.06127630163311726,True,0.4,0.05
upwelling_supported_domain,logistic,current_only,expanding_window,2018,181,151,0.8342541436464088,0.8665558576087837,0.03230171396237491,True,0.4,0.05
upwelling_supported_domain,logistic,current_only,expanding_window,2019,123,16,0.13008130081300814,0.18015518804203884,0.050073887229030695,True,0.4,0.05
upwelling_supported_domain,logistic,current_only,expanding_window,2020,156,45,0.28846153846153844,0.3197565494078208,0.03129501094628234,True,0.4,0.05
upwelling_supported_domain,logistic,current_only,expanding_window,2021,161,43,0.2670807453416149,0.29012510411752135,0.023044358775906437,True,0.4,0.05
upwelling_supported_domain,logistic,current_only,expanding_window,2022,160,113,0.70625,0.8308161055016162,0.12456610550161618,True,0.4,0.05
upwelling_supported_domain,logistic,current_only,expanding_window,2023,111,7,0.06306306306306306,0.10733367014461467,0.044270607081551616,True,0.4,0.05
upwelling_supported_domain,logistic,current_only,expanding_window,2024,138,30,0.21739130434782608,0.26869144092283664,0.05130013657501056,True,0.4,0.05
upwelling_supported_domain,logistic,current_plus_trajectory,expanding_window,2005,207,115,0.5555555555555556,0.6336244820840016,0.07806892652844599,True,0.4,0.05
upwelling_supported_domain,logistic,current_plus_trajectory,expanding_window,2006,191,28,0.14659685863874344,0.4670130394401811,0.32041618080143763,True,0.4,0.05
upwelling_supported_domain,logistic,current_plus_trajectory,expanding_window,2007,217,60,0.2764976958525346,0.539358484326862,0.26286078847432737,True,0.4,0.05
upwelling_supported_domain,logistic,current_plus_trajectory,expanding_window,2008,216,48,0.2222222222222222,0.5574316964671429,0.33520947424492065,True,0.4,0.05
upwelling_supported_domain,logistic,current_plus_trajectory,expanding_window,2009,228,88,0.38596491228070173,0.45097955135374274,0.065014639073041,True,0.4,0.05
upwelling_supported_domain,logistic,current_plus_trajectory,expanding_window,2010,225,128,0.5688888888888889,0.7056831794394653,0.13679429055057646,True,0.4,0.05
upwelling_supported_domain,logistic,current_plus_trajectory,expanding_window,2011,186,58,0.3118279569892473,0.5326973553616103,0.22086939837236302,True,0.4,0.05
upwelling_supported_domain,logistic,current_plus_trajectory,expanding_window,2012,196,26,0.1326530612244898,0.5505447504320122,0.4178916892075224,True,0.4,0.05
upwelling_supported_domain,logistic,current_plus_trajectory,expanding_window,2013,230,172,0.7478260869565218,0.7522615248901978,0.004435437933676067,True,0.4,0.05
upwelling_supported_domain,logistic,current_plus_trajectory,expanding_window,2014,188,68,0.3617021276595745,0.40851032642333646,0.046808198763761966,True,0.4,0.05
upwelling_supported_domain,logistic,current_plus_trajectory,expanding_window,2015,163,46,0.2822085889570552,0.45934106545347814,0.17713247649642294,True,0.4,0.05
upwelling_supported_domain,logistic,current_plus_trajectory,expanding_window,2016,168,64,0.38095238095238093,0.5894213973668938,0.20846901641451288,True,0.4,0.05
upwelling_supported_domain,logistic,current_plus_trajectory,expanding_window,2017,175,34,0.19428571428571428,0.348447244871838,0.1541615305861237,True,0.4,0.05
upwelling_supported_domain,logistic,current_plus_trajectory,expanding_window,2018,181,151,0.8342541436464088,0.8835198381271184,0.04926569448070961,True,0.4,0.05
upwelling_supported_domain,logistic,current_plus_trajectory,expanding_window,2019,123,16,0.13008130081300814,0.23549160345534187,0.10541030264233373,True,0.4,0.05
upwelling_supported_domain,logistic,current_plus_trajectory,expanding_window,2020,156,45,0.28846153846153844,0.3598566487926598,0.07139511033112134,True,0.4,0.05
upwelling_supported_domain,logistic,current_plus_trajectory,expanding_window,2021,161,43,0.2670807453416149,0.41775038720736085,0.15066964186574594,True,0.4,0.05
upwelling_supported_domain,logistic,current_plus_trajectory,expanding_window,2022,160,113,0.70625,0.8215671594107867,0.11531715941078668,True,0.4,0.05
upwelling_supported_domain,logistic,current_plus_trajectory,expanding_window,2023,111,7,0.06306306306306306,0.3430167037801581,0.27995364071709505,True,0.4,0.05
upwelling_supported_domain,logistic,current_plus_trajectory,expanding_window,2024,138,30,0.21739130434782608,0.3096844619225986,0.0922931575747725,True,0.4,0.05
upwelling_supported_domain,logistic,trajectory_plus_oisst,expanding_window,2005,207,115,0.5555555555555556,0.6764223160454454,0.12086676048988987,True,0.4,0.05
upwelling_supported_domain,logistic,trajectory_plus_oisst,expanding_window,2006,191,28,0.14659685863874344,0.36813177258372337,0.22153491394497993,True,0.4,0.05
upwelling_supported_domain,logistic,trajectory_plus_oisst,expanding_window,2007,217,60,0.2764976958525346,0.5056646453427933,0.22916694949025873,True,0.4,0.05
upwelling_supported_domain,logistic,trajectory_plus_oisst,expanding_window,2008,216,48,0.2222222222222222,0.4956526053110651,0.2734303830888429,True,0.4,0.05
upwelling_supported_domain,logistic,trajectory_plus_oisst,expanding_window,2009,228,88,0.38596491228070173,0.4476528219729146,0.06168790969221288,True,0.4,0.05
upwelling_supported_domain,logistic,trajectory_plus_oisst,expanding_window,2010,225,128,0.5688888888888889,0.6859299953892617,0.1170411065003728,True,0.4,0.05
upwelling_supported_domain,logistic,trajectory_plus_oisst,expanding_window,2011,186,58,0.3118279569892473,0.5195293534722859,0.2077013964830386,True,0.4,0.05
upwelling_supported_domain,logistic,trajectory_plus_oisst,expanding_window,2012,196,26,0.1326530612244898,0.5928646763098562,0.46021161508536634,True,0.4,0.05
upwelling_supported_domain,logistic,trajectory_plus_oisst,expanding_window,2013,230,172,0.7478260869565218,0.7546248292770497,0.006798742320527906,True,0.4,0.05
upwelling_supported_domain,logistic,trajectory_plus_oisst,expanding_window,2014,188,68,0.3617021276595745,0.43438911270760927,0.07268698504803478,True,0.4,0.05
upwelling_supported_domain,logistic,trajectory_plus_oisst,expanding_window,2015,163,46,0.2822085889570552,0.5171488290440422,0.23494024008698705,True,0.4,0.05
upwelling_supported_domain,logistic,trajectory_plus_oisst,expanding_window,2016,168,64,0.38095238095238093,0.5556858581294667,0.17473347717708576,True,0.4,0.05
upwelling_supported_domain,logistic,trajectory_plus_oisst,expanding_window,2017,175,34,0.19428571428571428,0.3482734878421681,0.15398777355645382,True,0.4,0.05
upwelling_supported_domain,logistic,trajectory_plus_oisst,expanding_window,2018,181,151,0.8342541436464088,0.8910583298911953,0.05680418624478645,True,0.4,0.05
upwelling_supported_domain,logistic,trajectory_plus_oisst,expanding_window,2019,123,16,0.13008130081300814,0.2184174124144938,0.08833611160148566,True,0.4,0.05
upwelling_supported_domain,logistic,trajectory_plus_oisst,expanding_window,2020,156,45,0.28846153846153844,0.36352452406122954,0.0750629855996911,True,0.4,0.05
upwelling_supported_domain,logistic,trajectory_plus_oisst,expanding_window,2021,161,43,0.2670807453416149,0.46659085302617453,0.19951010768455962,True,0.4,0.05
upwelling_supported_domain,logistic,trajectory_plus_oisst,expanding_window,2022,160,113,0.70625,0.8078792470195237,0.1016292470195237,True,0.4,0.05
upwelling_supported_domain,logistic,trajectory_plus_oisst,expanding_window,2023,111,7,0.06306306306306306,0.2708214040845536,0.20775834102149052,True,0.4,0.05
upwelling_supported_domain,logistic,trajectory_plus_oisst,expanding_window,2024,138,30,0.21739130434782608,0.2903232404191009,0.07293193607127482,True,0.4,0.05
upwelling_supported_domain,logistic,trajectory_plus_oisst_cuti_beuti,expanding_window,2005,207,115,0.5555555555555556,0.6943429350264394,0.13878737947088382,True,0.4,0.05
upwelling_supported_domain,logistic,trajectory_plus_oisst_cuti_beuti,expanding_window,2006,191,28,0.14659685863874344,0.4469595134453765,0.30036265480663304,True,0.4,0.05
upwelling_supported_domain,logistic,trajectory_plus_oisst_cuti_beuti,expanding_window,2007,217,60,0.2764976958525346,0.3616455241936355,0.0851478283411009,True,0.4,0.05
upwelling_supported_domain,logistic,trajectory_plus_oisst_cuti_beuti,expanding_window,2008,216,48,0.2222222222222222,0.45073032818445236,0.22850810596223015,True,0.4,0.05
upwelling_supported_domain,logistic,trajectory_plus_oisst_cuti_beuti,expanding_window,2009,228,88,0.38596491228070173,0.42167781064416704,0.035712898363465306,True,0.4,0.05
upwelling_supported_domain,logistic,trajectory_plus_oisst_cuti_beuti,expanding_window,2010,225,128,0.5688888888888889,0.6649502190986427,0.09606133020975383,True,0.4,0.05
upwelling_supported_domain,logistic,trajectory_plus_oisst_cuti_beuti,expanding_window,2011,186,58,0.3118279569892473,0.5202631443027564,0.20843518731350913,True,0.4,0.05
upwelling_supported_domain,logistic,trajectory_plus_oisst_cuti_beuti,expanding_window,2012,196,26,0.1326530612244898,0.5543457180319471,0.42169265680745727,True,0.4,0.05
upwelling_supported_domain,logistic,trajectory_plus_oisst_cuti_beuti,expanding_window,2013,230,172,0.7478260869565218,0.7634396577271805,0.015613570770658725,True,0.4,0.05
upwelling_supported_domain,logistic,trajectory_plus_oisst_cuti_beuti,expanding_window,2014,188,68,0.3617021276595745,0.40943689928842886,0.04773477162885437,True,0.4,0.05
upwelling_supported_domain,logistic,trajectory_plus_oisst_cuti_beuti,expanding_window,2015,163,46,0.2822085889570552,0.5316462389007315,0.2494376499436763,True,0.4,0.05
upwelling_supported_domain,logistic,trajectory_plus_oisst_cuti_beuti,expanding_window,2016,168,64,0.38095238095238093,0.5192979620738589,0.138345581121478,True,0.4,0.05
upwelling_supported_domain,logistic,trajectory_plus_oisst_cuti_beuti,expanding_window,2017,175,34,0.19428571428571428,0.33300495821974835,0.13871924393403406,True,0.4,0.05
upwelling_supported_domain,logistic,trajectory_plus_oisst_cuti_beuti,expanding_window,2018,181,151,0.8342541436464088,0.9030663272730511,0.06881218362664232,True,0.4,0.05
upwelling_supported_domain,logistic,trajectory_plus_oisst_cuti_beuti,expanding_window,2019,123,16,0.13008130081300814,0.17743455087227764,0.04735325005926949,True,0.4,0.05
upwelling_supported_domain,logistic,trajectory_plus_oisst_cuti_beuti,expanding_window,2020,156,45,0.28846153846153844,0.31918280357603834,0.030721265114499907,True,0.4,0.05
upwelling_supported_domain,logistic,trajectory_plus_oisst_cuti_beuti,expanding_window,2021,161,43,0.2670807453416149,0.3698240850141405,0.10274333967252558,True,0.4,0.05
upwelling_supported_domain,logistic,trajectory_plus_oisst_cuti_beuti,expanding_window,2022,160,113,0.70625,0.8470859550569381,0.14083595505693802,True,0.4,0.05
upwelling_supported_domain,logistic,trajectory_plus_oisst_cuti_beuti,expanding_window,2023,111,7,0.06306306306306306,0.2715924217348869,0.20852935867182384,True,0.4,0.05
upwelling_supported_domain,logistic,trajectory_plus_oisst_cuti_beuti,expanding_window,2024,138,30,0.21739130434782608,0.28812904876338297,0.07073774441555689,True,0.4,0.05
full_oisst_domain,logistic,current_only,expanding_window,2005,293,158,0.5392491467576792,0.7016958748316109,0.16244672807393168,True,0.4,0.1
full_oisst_domain,logistic,current_only,expanding_window,2006,241,35,0.14522821576763487,0.3526519377023247,0.20742372193468986,True,0.4,0.1
full_oisst_domain,logistic,current_only,expanding_window,2007,310,78,0.25161290322580643,0.45452233807384584,0.20290943484803942,True,0.4,0.1
full_oisst_domain,logistic,current_only,expanding_window,2008,315,75,0.23809523809523808,0.5227975378696657,0.28470229977442757,True,0.4,0.1
full_oisst_domain,logistic,current_only,expanding_window,2009,317,141,0.444794952681388,0.5262540786372496,0.08145912595586158,True,0.4,0.1
full_oisst_domain,logistic,current_only,expanding_window,2010,301,144,0.47840531561461797,0.6134440554917251,0.13503873987710713,True,0.4,0.1
full_oisst_domain,logistic,current_only,expanding_window,2011,245,90,0.3673469387755102,0.4385274924134438,0.07118055363793357,True,0.4,0.1
full_oisst_domain,logistic,current_only,expanding_window,2012,255,54,0.21176470588235294,0.5609996998654871,0.3492349939831342,True,0.4,0.1
full_oisst_domain,logistic,current_only,expanding_window,2013,317,187,0.5899053627760252,0.6765355269656712,0.08663016418964598,True,0.4,0.1
full_oisst_domain,logistic,current_only,expanding_window,2014,256,100,0.390625,0.5306576735438696,0.1400326735438696,True,0.4,0.1
full_oisst_domain,logistic,current_only,expanding_window,2015,222,101,0.45495495495495497,0.5824855425396053,0.1275305875846503,True,0.4,0.1
full_oisst_domain,logistic,current_only,expanding_window,2016,187,63,0.33689839572192515,0.5201084755967719,0.18321007987484672,True,0.4,0.1
full_oisst_domain,logistic,current_only,expanding_window,2017,224,36,0.16071428571428573,0.26583561823427204,0.10512133251998632,True,0.4,0.1
full_oisst_domain,logistic,current_only,expanding_window,2018,251,186,0.7410358565737052,0.7964168451691854,0.05538098859548024,True,0.4,0.1
full_oisst_domain,logistic,current_only,expanding_window,2019,158,40,0.25316455696202533,0.42421554207499435,0.171050985112969,True,0.4,0.1
full_oisst_domain,logistic,current_only,expanding_window,2020,206,68,0.3300970873786408,0.3724489745573397,0.04235188717869892,True,0.4,0.1
full_oisst_domain,logistic,current_only,expanding_window,2021,188,64,0.3404255319148936,0.4144184647463047,0.07399293283141112,True,0.4,0.1
full_oisst_domain,logistic,current_only,expanding_window,2022,198,125,0.6313131313131313,0.7915132016237388,0.16020007031060757,True,0.4,0.1
full_oisst_domain,logistic,current_only,expanding_window,2023,134,15,0.11194029850746269,0.15949448774126712,0.04755418923380443,True,0.4,0.1
full_oisst_domain,logistic,current_only,expanding_window,2024,170,33,0.19411764705882353,0.2616621345298769,0.06754448747105338,True,0.4,0.1
full_oisst_domain,logistic,current_plus_trajectory,expanding_window,2005,293,158,0.5392491467576792,0.7046879707230469,0.1654388239653677,True,0.4,0.1
full_oisst_domain,logistic,current_plus_trajectory,expanding_window,2006,241,35,0.14522821576763487,0.4983596801748896,0.35313146440725474,True,0.4,0.1
full_oisst_domain,logistic,current_plus_trajectory,expanding_window,2007,310,78,0.25161290322580643,0.5356053183001142,0.2839924150743077,True,0.4,0.1
full_oisst_domain,logistic,current_plus_trajectory,expanding_window,2008,315,75,0.23809523809523808,0.529329690107987,0.29123445201274895,True,0.4,0.1
full_oisst_domain,logistic,current_plus_trajectory,expanding_window,2009,317,141,0.444794952681388,0.4904874948824476,0.04569254220105956,True,0.4,0.1
full_oisst_domain,logistic,current_plus_trajectory,expanding_window,2010,301,144,0.47840531561461797,0.6316489069596923,0.15324359134507437,True,0.4,0.1
full_oisst_domain,logistic,current_plus_trajectory,expanding_window,2011,245,90,0.3673469387755102,0.44722404073321,0.07987710195769976,True,0.4,0.1
full_oisst_domain,logistic,current_plus_trajectory,expanding_window,2012,255,54,0.21176470588235294,0.5782958223140199,0.3665311164316669,True,0.4,0.1
full_oisst_domain,logistic,current_plus_trajectory,expanding_window,2013,317,187,0.5899053627760252,0.7002199403967349,0.11031457762070962,True,0.4,0.1
full_oisst_domain,logistic,current_plus_trajectory,expanding_window,2014,256,100,0.390625,0.5543412762370793,0.1637162762370793,True,0.4,0.1
full_oisst_domain,logistic,current_plus_trajectory,expanding_window,2015,222,101,0.45495495495495497,0.5754317951821508,0.12047684022719585,True,0.4,0.1
full_oisst_domain,logistic,current_plus_trajectory,expanding_window,2016,187,63,0.33689839572192515,0.5517798932587238,0.21488149753679864,True,0.4,0.1
full_oisst_domain,logistic,current_plus_trajectory,expanding_window,2017,224,36,0.16071428571428573,0.3533668491427735,0.19265256342848777,True,0.4,0.1
full_oisst_domain,logistic,current_plus_trajectory,expanding_window,2018,251,186,0.7410358565737052,0.8551530050263498,0.11411714845264465,True,0.4,0.1
full_oisst_domain,logistic,current_plus_trajectory,expanding_window,2019,158,40,0.25316455696202533,0.46260384184763487,0.20943928488560953,True,0.4,0.1
full_oisst_domain,logistic,current_plus_trajectory,expanding_window,2020,206,68,0.3300970873786408,0.4578163043609113,0.1277192169822705,True,0.4,0.1
full_oisst_domain,logistic,current_plus_trajectory,expanding_window,2021,188,64,0.3404255319148936,0.47891891247983154,0.13849338056493793,True,0.4,0.1
full_oisst_domain,logistic,current_plus_trajectory,expanding_window,2022,198,125,0.6313131313131313,0.8297131829146341,0.19840005160150287,True,0.4,0.1
full_oisst_domain,logistic,current_plus_trajectory,expanding_window,2023,134,15,0.11194029850746269,0.2929823287685804,0.1810420302611177,True,0.4,0.1
full_oisst_domain,logistic,current_plus_trajectory,expanding_window,2024,170,33,0.19411764705882353,0.33998354727108726,0.14586590021226373,True,0.4,0.1
full_oisst_domain,logistic,trajectory_plus_oisst,expanding_window,2005,293,158,0.5392491467576792,0.7214453872834072,0.18219624052572803,True,0.4,0.1
full_oisst_domain,logistic,trajectory_plus_oisst,expanding_window,2006,241,35,0.14522821576763487,0.3251533059444919,0.179925090176857,True,0.4,0.1
full_oisst_domain,logistic,trajectory_plus_oisst,expanding_window,2007,310,78,0.25161290322580643,0.46951143471292944,0.21789853148712302,True,0.4,0.1
full_oisst_domain,logistic,trajectory_plus_oisst,expanding_window,2008,315,75,0.23809523809523808,0.4827263013299177,0.2446310632346796,True,0.4,0.1
full_oisst_domain,logistic,trajectory_plus_oisst,expanding_window,2009,317,141,0.444794952681388,0.46204528842018255,0.01725033573879453,True,0.4,0.1
full_oisst_domain,logistic,trajectory_plus_oisst,expanding_window,2010,301,144,0.47840531561461797,0.5524972145788435,0.07409189896422552,True,0.4,0.1
full_oisst_domain,logistic,trajectory_plus_oisst,expanding_window,2011,245,90,0.3673469387755102,0.4752557685894647,0.1079088298139545,True,0.4,0.1
full_oisst_domain,logistic,trajectory_plus_oisst,expanding_window,2012,255,54,0.21176470588235294,0.5634222868864215,0.3516575810040685,True,0.4,0.1
full_oisst_domain,logistic,trajectory_plus_oisst,expanding_window,2013,317,187,0.5899053627760252,0.6617889583244194,0.07188359554839419,True,0.4,0.1
full_oisst_domain,logistic,trajectory_plus_oisst,expanding_window,2014,256,100,0.390625,0.5240882944846619,0.13346329448466188,True,0.4,0.1
full_oisst_domain,logistic,trajectory_plus_oisst,expanding_window,2015,222,101,0.45495495495495497,0.6825956561094613,0.2276407011545063,True,0.4,0.1
full_oisst_domain,logistic,trajectory_plus_oisst,expanding_window,2016,187,63,0.33689839572192515,0.49861996616385545,0.1617215704419303,True,0.4,0.1
full_oisst_domain,logistic,trajectory_plus_oisst,expanding_window,2017,224,36,0.16071428571428573,0.35040103955260116,0.18968675383831543,True,0.4,0.1
full_oisst_domain,logistic,trajectory_plus_oisst,expanding_window,2018,251,186,0.7410358565737052,0.8786933362902464,0.1376574797165412,True,0.4,0.1
full_oisst_domain,logistic,trajectory_plus_oisst,expanding_window,2019,158,40,0.25316455696202533,0.4121010500374195,0.15893649307539415,True,0.4,0.1
full_oisst_domain,logistic,trajectory_plus_oisst,expanding_window,2020,206,68,0.3300970873786408,0.4704828409630629,0.14038575358442212,True,0.4,0.1
full_oisst_domain,logistic,trajectory_plus_oisst,expanding_window,2021,188,64,0.3404255319148936,0.5152277990827882,0.17480226716789454,True,0.4,0.1
full_oisst_domain,logistic,trajectory_plus_oisst,expanding_window,2022,198,125,0.6313131313131313,0.7657355348236801,0.1344224035105488,True,0.4,0.1
full_oisst_domain,logistic,trajectory_plus_oisst,expanding_window,2023,134,15,0.11194029850746269,0.2746264400398447,0.16268614153238203,True,0.4,0.1
full_oisst_domain,logistic,trajectory_plus_oisst,expanding_window,2024,170,33,0.19411764705882353,0.32538238628890986,0.13126473923008633,True,0.4,0.1
upwelling_supported_domain,logistic,current_only,expanding_window,2005,191,108,0.5654450261780105,0.6912030149753104,0.12575798879729994,True,0.4,0.1
upwelling_supported_domain,logistic,current_only,expanding_window,2006,154,23,0.14935064935064934,0.42879016198397557,0.2794395126333262,True,0.4,0.1
upwelling_supported_domain,logistic,current_only,expanding_window,2007,204,58,0.28431372549019607,0.5038705512877937,0.2195568257975976,True,0.4,0.1
upwelling_supported_domain,logistic,current_only,expanding_window,2008,203,48,0.23645320197044334,0.5101821809085154,0.2737289789380721,True,0.4,0.1
upwelling_supported_domain,logistic,current_only,expanding_window,2009,207,85,0.4106280193236715,0.47248136887670195,0.06185334955303046,True,0.4,0.1
upwelling_supported_domain,logistic,current_only,expanding_window,2010,206,123,0.5970873786407767,0.6902073274076552,0.09311994876687857,True,0.4,0.1
upwelling_supported_domain,logistic,current_only,expanding_window,2011,152,54,0.35526315789473684,0.5370368143374136,0.18177365644267673,True,0.4,0.1
upwelling_supported_domain,logistic,current_only,expanding_window,2012,169,25,0.14792899408284024,0.5464731978294096,0.3985442037465694,True,0.4,0.1
upwelling_supported_domain,logistic,current_only,expanding_window,2013,223,167,0.7488789237668162,0.7695699810846695,0.020691057317853256,True,0.4,0.1
upwelling_supported_domain,logistic,current_only,expanding_window,2014,158,60,0.379746835443038,0.4399989159399727,0.0602520804969347,True,0.4,0.1
upwelling_supported_domain,logistic,current_only,expanding_window,2015,134,40,0.29850746268656714,0.4470562602131357,0.14854879752656858,True,0.4,0.1
upwelling_supported_domain,logistic,current_only,expanding_window,2016,135,57,0.4222222222222222,0.623282768230208,0.20106054600798579,True,0.4,0.1
upwelling_supported_domain,logistic,current_only,expanding_window,2017,156,29,0.1858974358974359,0.2669450311712139,0.08104759527377797,True,0.4,0.1
upwelling_supported_domain,logistic,current_only,expanding_window,2018,167,142,0.8502994011976048,0.8682979555738843,0.017998554376279507,True,0.4,0.1
upwelling_supported_domain,logistic,current_only,expanding_window,2019,94,13,0.13829787234042554,0.1898060549577529,0.05150818261732737,True,0.4,0.1
upwelling_supported_domain,logistic,current_only,expanding_window,2020,136,43,0.3161764705882353,0.3202526869019463,0.004076216313711023,True,0.4,0.1
upwelling_supported_domain,logistic,current_only,expanding_window,2021,133,34,0.2556390977443609,0.2964334238362698,0.04079432609190892,True,0.4,0.1
upwelling_supported_domain,logistic,current_only,expanding_window,2022,142,105,0.7394366197183099,0.8396081210933205,0.10017150137501063,True,0.4,0.1
upwelling_supported_domain,logistic,current_only,expanding_window,2023,79,3,0.0379746835443038,0.17442348008385744,0.13644879653955364,True,0.4,0.1
upwelling_supported_domain,logistic,current_only,expanding_window,2024,116,27,0.23275862068965517,0.2736325151277019,0.04087389443804676,True,0.4,0.1
upwelling_supported_domain,logistic,current_plus_trajectory,expanding_window,2005,191,108,0.5654450261780105,0.64836708721195,0.08292206103393951,True,0.4,0.1
upwelling_supported_domain,logistic,current_plus_trajectory,expanding_window,2006,154,23,0.14935064935064934,0.5051944401413853,0.3558437907907359,True,0.4,0.1
upwelling_supported_domain,logistic,current_plus_trajectory,expanding_window,2007,204,58,0.28431372549019607,0.5537065193157944,0.26939279382559833,True,0.4,0.1
upwelling_supported_domain,logistic,current_plus_trajectory,expanding_window,2008,203,48,0.23645320197044334,0.5578529109559363,0.3213997089854929,True,0.4,0.1
upwelling_supported_domain,logistic,current_plus_trajectory,expanding_window,2009,207,85,0.4106280193236715,0.4661200121720829,0.05549199284841139,True,0.4,0.1
upwelling_supported_domain,logistic,current_plus_trajectory,expanding_window,2010,206,123,0.5970873786407767,0.7114360987632404,0.11434872012246378,True,0.4,0.1
upwelling_supported_domain,logistic,current_plus_trajectory,expanding_window,2011,152,54,0.35526315789473684,0.5467885669049977,0.19152540901026083,True,0.4,0.1
upwelling_supported_domain,logistic,current_plus_trajectory,expanding_window,2012,169,25,0.14792899408284024,0.5639235288836154,0.4159945348007752,True,0.4,0.1
upwelling_supported_domain,logistic,current_plus_trajectory,expanding_window,2013,223,167,0.7488789237668162,0.7582414268304704,0.00936250306365416,True,0.4,0.1
upwelling_supported_domain,logistic,current_plus_trajectory,expanding_window,2014,158,60,0.379746835443038,0.4272048141295873,0.047457978686549274,True,0.4,0.1
upwelling_supported_domain,logistic,current_plus_trajectory,expanding_window,2015,134,40,0.29850746268656714,0.48820349161679855,0.1896960289302314,True,0.4,0.1
upwelling_supported_domain,logistic,current_plus_trajectory,expanding_window,2016,135,57,0.4222222222222222,0.6188225122372211,0.19660029001499885,True,0.4,0.1
upwelling_supported_domain,logistic,current_plus_trajectory,expanding_window,2017,156,29,0.1858974358974359,0.35913043151913454,0.17323299562169864,True,0.4,0.1
upwelling_supported_domain,logistic,current_plus_trajectory,expanding_window,2018,167,142,0.8502994011976048,0.8915352070071312,0.04123580580952635,True,0.4,0.1
upwelling_supported_domain,logistic,current_plus_trajectory,expanding_window,2019,94,13,0.13829787234042554,0.21976773623461002,0.08146986389418448,True,0.4,0.1
upwelling_supported_domain,logistic,current_plus_trajectory,expanding_window,2020,136,43,0.3161764705882353,0.3613948663884614,0.04521839580022613,True,0.4,0.1
upwelling_supported_domain,logistic,current_plus_trajectory,expanding_window,2021,133,34,0.2556390977443609,0.4454101024995381,0.18977100475517722,True,0.4,0.1
upwelling_supported_domain,logistic,current_plus_trajectory,expanding_window,2022,142,105,0.7394366197183099,0.8297666331988893,0.09033001348057945,True,0.4,0.1
upwelling_supported_domain,logistic,current_plus_trajectory,expanding_window,2023,79,3,0.0379746835443038,0.5,0.4620253164556962,True,0.4,0.1
upwelling_supported_domain,logistic,current_plus_trajectory,expanding_window,2024,116,27,0.23275862068965517,0.31135821365376676,0.07859959296411159,True,0.4,0.1
upwelling_supported_domain,logistic,trajectory_plus_oisst,expanding_window,2005,191,108,0.5654450261780105,0.6838663118069985,0.11842128562898802,True,0.4,0.1
upwelling_supported_domain,logistic,trajectory_plus_oisst,expanding_window,2006,154,23,0.14935064935064934,0.39067354280550903,0.2413228934548597,True,0.4,0.1
upwelling_supported_domain,logistic,trajectory_plus_oisst,expanding_window,2007,204,58,0.28431372549019607,0.5059409955468079,0.22162727005661187,True,0.4,0.1
upwelling_supported_domain,logistic,trajectory_plus_oisst,expanding_window,2008,203,48,0.23645320197044334,0.48741823349819413,0.2509650315277508,True,0.4,0.1
upwelling_supported_domain,logistic,trajectory_plus_oisst,expanding_window,2009,207,85,0.4106280193236715,0.45405509105840536,0.04342707173473387,True,0.4,0.1
upwelling_supported_domain,logistic,trajectory_plus_oisst,expanding_window,2010,206,123,0.5970873786407767,0.6952327607325354,0.09814538209175871,True,0.4,0.1
upwelling_supported_domain,logistic,trajectory_plus_oisst,expanding_window,2011,152,54,0.35526315789473684,0.5178064091015109,0.16254325120677404,True,0.4,0.1
upwelling_supported_domain,logistic,trajectory_plus_oisst,expanding_window,2012,169,25,0.14792899408284024,0.6163791487587655,0.4684501546759253,True,0.4,0.1
upwelling_supported_domain,logistic,trajectory_plus_oisst,expanding_window,2013,223,167,0.7488789237668162,0.7615174287456558,0.01263850497883956,True,0.4,0.1
upwelling_supported_domain,logistic,trajectory_plus_oisst,expanding_window,2014,158,60,0.379746835443038,0.4733531424654692,0.09360630702243122,True,0.4,0.1
upwelling_supported_domain,logistic,trajectory_plus_oisst,expanding_window,2015,134,40,0.29850746268656714,0.5616862948288619,0.26317883214229476,True,0.4,0.1
upwelling_supported_domain,logistic,trajectory_plus_oisst,expanding_window,2016,135,57,0.4222222222222222,0.584967544335369,0.1627453221131468,True,0.4,0.1
upwelling_supported_domain,logistic,trajectory_plus_oisst,expanding_window,2017,156,29,0.1858974358974359,0.36067437544492315,0.17477693954748724,True,0.4,0.1
upwelling_supported_domain,logistic,trajectory_plus_oisst,expanding_window,2018,167,142,0.8502994011976048,0.9006657768210342,0.05036637562342938,True,0.4,0.1
upwelling_supported_domain,logistic,trajectory_plus_oisst,expanding_window,2019,94,13,0.13829787234042554,0.2037361903723199,0.06543831803189437,True,0.4,0.1
upwelling_supported_domain,logistic,trajectory_plus_oisst,expanding_window,2020,136,43,0.3161764705882353,0.3785199500938198,0.0623434795055845,True,0.4,0.1
upwelling_supported_domain,logistic,trajectory_plus_oisst,expanding_window,2021,133,34,0.2556390977443609,0.5050260121304762,0.24938691438611527,True,0.4,0.1
upwelling_supported_domain,logistic,trajectory_plus_oisst,expanding_window,2022,142,105,0.7394366197183099,0.8132097769198432,0.07377315720153332,True,0.4,0.1
upwelling_supported_domain,logistic,trajectory_plus_oisst,expanding_window,2023,79,3,0.0379746835443038,0.45666666666666667,0.4186919831223629,True,0.4,0.1
upwelling_supported_domain,logistic,trajectory_plus_oisst,expanding_window,2024,116,27,0.23275862068965517,0.28193060955921695,0.049171988869561783,True,0.4,0.1
upwelling_supported_domain,logistic,trajectory_plus_oisst_cuti_beuti,expanding_window,2005,191,108,0.5654450261780105,0.7037186164645184,0.13827359028650787,True,0.4,0.1
upwelling_supported_domain,logistic,trajectory_plus_oisst_cuti_beuti,expanding_window,2006,154,23,0.14935064935064934,0.461775860738588,0.31242521138793866,True,0.4,0.1
upwelling_supported_domain,logistic,trajectory_plus_oisst_cuti_beuti,expanding_window,2007,204,58,0.28431372549019607,0.33879985772577215,0.05448613223557608,True,0.4,0.1
upwelling_supported_domain,logistic,trajectory_plus_oisst_cuti_beuti,expanding_window,2008,203,48,0.23645320197044334,0.4601879490771813,0.22373474710673796,True,0.4,0.1
upwelling_supported_domain,logistic,trajectory_plus_oisst_cuti_beuti,expanding_window,2009,207,85,0.4106280193236715,0.42760490687225094,0.016976887548579456,True,0.4,0.1
upwelling_supported_domain,logistic,trajectory_plus_oisst_cuti_beuti,expanding_window,2010,206,123,0.5970873786407767,0.662790910895481,0.06570353225470438,True,0.4,0.1
upwelling_supported_domain,logistic,trajectory_plus_oisst_cuti_beuti,expanding_window,2011,152,54,0.35526315789473684,0.5032787810913897,0.14801562319665285,True,0.4,0.1
upwelling_supported_domain,logistic,trajectory_plus_oisst_cuti_beuti,expanding_window,2012,169,25,0.14792899408284024,0.5576280948018341,0.40969910071899385,True,0.4,0.1
upwelling_supported_domain,logistic,trajectory_plus_oisst_cuti_beuti,expanding_window,2013,223,167,0.7488789237668162,0.7726116633237139,0.023732739556897697,True,0.4,0.1
upwelling_supported_domain,logistic,trajectory_plus_oisst_cuti_beuti,expanding_window,2014,158,60,0.379746835443038,0.4540867050379369,0.07433986959489891,True,0.4,0.1
upwelling_supported_domain,logistic,trajectory_plus_oisst_cuti_beuti,expanding_window,2015,134,40,0.29850746268656714,0.5662491235225917,0.2677416608360246,True,0.4,0.1
upwelling_supported_domain,logistic,trajectory_plus_oisst_cuti_beuti,expanding_window,2016,135,57,0.4222222222222222,0.5559225993781018,0.13370037715587962,True,0.4,0.1
upwelling_supported_domain,logistic,trajectory_plus_oisst_cuti_beuti,expanding_window,2017,156,29,0.1858974358974359,0.3402232333121158,0.1543257974146799,True,0.4,0.1
upwelling_supported_domain,logistic,trajectory_plus_oisst_cuti_beuti,expanding_window,2018,167,142,0.8502994011976048,0.909094741026608,0.0587953398290032,True,0.4,0.1
upwelling_supported_domain,logistic,trajectory_plus_oisst_cuti_beuti,expanding_window,2019,94,13,0.13829787234042554,0.19518952410593526,0.056891651765509726,True,0.4,0.1
upwelling_supported_domain,logistic,trajectory_plus_oisst_cuti_beuti,expanding_window,2020,136,43,0.3161764705882353,0.3319472246075176,0.015770754019282296,True,0.4,0.1
upwelling_supported_domain,logistic,trajectory_plus_oisst_cuti_beuti,expanding_window,2021,133,34,0.2556390977443609,0.3830530174100987,0.12741391966573778,True,0.4,0.1
upwelling_supported_domain,logistic,trajectory_plus_oisst_cuti_beuti,expanding_window,2022,142,105,0.7394366197183099,0.8560793637508206,0.11664274403251074,True,0.4,0.1
upwelling_supported_domain,logistic,trajectory_plus_oisst_cuti_beuti,expanding_window,2023,79,3,0.0379746835443038,0.4621212121212121,0.4241465285769083,True,0.4,0.1
upwelling_supported_domain,logistic,trajectory_plus_oisst_cuti_beuti,expanding_window,2024,116,27,0.23275862068965517,0.2905671765628607,0.05780855587320552,True,0.4,0.1
