cell_id,year,region_group,n_sites,n_transects,median_match_distance_km,max_match_distance_km,grazing_log1p,grazing_log1p_iqr,rock_probability,rock_probability_iqr,depth_m,depth_m_iqr,kelp_species_contrast,kelp_species_contrast_iqr
westcoast_0074,2015,Northern California,1,6,2.5921681066752273,2.5921681066752273,4.678016568582657,0.0,0.760498599,0.0,7.445716915,0.0,0.0,0.0
westcoast_0074,2018,Northern California,1,6,2.3205279781704453,2.3205279781704453,0.0,0.0,0.318007393,0.0,4.265601448,0.0,0.0,0.0
westcoast_0074,2019,Northern California,2,12,2.456348042422836,2.5921681066752273,7.285748741619873,0.16838051755819894,0.5392529960000001,0.22124560299999996,5.8556591815,1.5900577335000001,0.0,0.0
westcoast_0074,2020,Northern California,2,12,2.456348042422836,2.5921681066752273,7.657414536912704,0.07853727239833308,0.5392529960000001,0.22124560299999996,5.8556591815,1.5900577335000001,0.0,0.0
westcoast_0075,2008,Northern California,1,6,2.158511873221965,2.158511873221965,1.1512925464970227,0.0,0.999746315,0.0,0.569570163,0.0,4.246859917615298,0.0
westcoast_0075,2010,Northern California,1,6,2.158511873221965,2.158511873221965,0.0,0.0,0.999746315,0.0,0.569570163,0.0,4.433784166603221,0.0
westcoast_0075,2014,Northern California,4,24,2.439070180806361,4.853095738804409,4.882047150475512,1.269135982061525,0.965864431,0.09563772224999989,2.9432686279999998,5.109540776,0.0,0.5743899812668238
westcoast_0075,2015,Northern California,4,24,2.439070180806361,4.853095738804409,5.662839087346223,2.85641925202524,0.965864431,0.09563772224999989,2.9432686279999998,5.109540776,0.0,0.08664339756999316
westcoast_0075,2016,Northern California,4,24,2.439070180806361,4.853095738804409,6.227473197916433,1.0810811473539221,0.965864431,0.09563772224999989,2.9432686279999998,5.109540776,0.0,0.0
westcoast_0075,2017,Northern California,4,24,2.439070180806361,4.853095738804409,6.668771203254444,0.5279146179059886,0.965864431,0.09563772224999989,2.9432686279999998,5.109540776,0.0,0.0
westcoast_0075,2018,Northern California,4,24,2.439070180806361,4.853095738804409,6.246136137011146,1.0372601630765468,0.965864431,0.09563772224999989,2.9432686279999998,5.109540776,0.0,0.0
westcoast_0075,2019,Northern California,4,24,2.439070180806361,4.853095738804409,6.497825887472695,0.5285373187340161,0.965864431,0.09563772224999989,2.9432686279999998,5.109540776,0.0,0.0
westcoast_0075,2020,Northern California,4,24,2.4560572608193607,4.853095738804409,6.9631166218265665,1.0526823371769174,0.965864431,0.09563772224999989,2.9432686279999998,5.109540776,0.0,0.0
westcoast_0076,2007,Northern California,3,18,3.672680695900523,4.005260856518832,2.0794415416798357,1.4572364044025516,0.505622992,0.2196740775,9.289683092,2.465457291499998,1.666102255087602,0.37291371919442917
westcoast_0076,2008,Northern California,3,18,3.672680695900523,4.005260856518832,2.0948273710132126,0.533377190737528,0.505622992,0.2196740775,9.289683092,2.465457291499998,4.04305126783455,0.2552771818783124
westcoast_0076,2009,Northern California,3,18,3.672680695900523,4.005260856518832,0.34657359027997264,1.586409090207149,0.505622992,0.2196740775,9.289683092,2.465457291499998,4.472926928563796,1.1732952658277016
westcoast_0076,2010,Northern California,3,18,3.672680695900523,4.005260856518832,0.0,1.6479184330021646,0.505622992,0.2196740775,9.289683092,2.465457291499998,0.0,0.0
westcoast_0076,2011,Northern California,3,18,3.672680695900523,4.005260856518832,1.5890269151739729,1.3958740771954248,0.505622992,0.2196740775,9.289683092,2.465457291499998,1.6094379124341003,1.3050889562695809
westcoast_0076,2012,Northern California,3,18,3.672680695900523,4.005260856518832,0.8958797346140275,1.5941817369746567,0.505622992,0.2196740775,9.289683092,2.465457291499998,2.9944807084449314,1.1228603551649372
westcoast_0076,2013,Northern California,1,6,0.39458467591209645,0.39458467591209645,1.2424533248940002,0.0,0.417657219,0.0,9.289683092,0.0,3.7668468549243164,0.0
westcoast_0076,2014,Northern California,3,18,3.672680695900523,4.005260856518832,4.0844557484177635,0.9877047849337628,0.505622992,0.2196740775,9.289683092,2.465457291499998,0.0,1.3438196019210413
westcoast_0076,2015,Northern California,2,12,2.199922766215464,4.005260856518832,6.62507040829442,0.7274327003656715,0.6373312965,0.2196740775,11.083655161,1.7939720690000005,0.0,0.0
westcoast_0076,2016,Northern California,2,12,2.199922766215464,4.005260856518832,6.982540190119371,0.2741431270066057,0.6373312965,0.2196740775,11.083655161,1.7939720690000005,0.0,0.0
westcoast_0076,2017,Northern California,3,18,3.672680695900523,4.005260856518832,7.276912977264114,0.8773923253374418,0.505622992,0.2196740775,9.289683092,2.465457291499998,0.0,0.0
westcoast_0076,2018,Northern California,3,18,3.672680695900523,4.005260856518832,5.900438077575768,0.9280632457909999,0.505622992,0.2196740775,9.289683092,2.465457291499998,0.0,2.405943412433381
westcoast_0076,2019,Northern California,3,18,3.672680695900523,4.005260856518832,5.776916427922056,1.163976826031008,0.505622992,0.2196740775,9.289683092,2.465457291499998,0.0,0.0
westcoast_0076,2020,Northern California,2,12,2.03363268590631,3.672680695900523,5.133369890990192,0.4015132479146679,0.4616401055,0.043982886499999985,8.618197869500001,0.6714852225000012,1.532806622370785,1.532806622370785
westcoast_0081,2007,Northern California,1,6,4.670649851640815,4.670649851640815,2.7686671335092683,0.0,0.915942858,0.0,4.78455179,0.0,4.060740187375376,0.0
westcoast_0081,2010,Northern California,1,6,4.670649851640815,4.670649851640815,0.0,0.0,0.915942858,0.0,4.78455179,0.0,1.6479184330021646,0.0
westcoast_0081,2011,Northern California,1,6,4.693250855556558,4.693250855556558,4.914727151324221,0.0,0.883461279,0.0,12.45515415,0.0,0.0,0.0
westcoast_0081,2012,Northern California,1,6,4.693250855556558,4.693250855556558,5.280545874399877,0.0,0.883461279,0.0,12.45515415,0.0,3.9195658241371665,0.0
westcoast_0081,2013,Northern California,2,12,4.681950353598687,4.693250855556558,3.958651992434035,1.5172510311408498,0.8997020685,0.016240789500000075,8.61985297,3.835301180000001,1.6727105693546407,1.672710569354641
westcoast_0081,2016,Northern California,1,6,4.693250855556558,4.693250855556558,6.210290654537839,0.0,0.883461279,0.0,12.45515415,0.0,0.0,0.0
westcoast_0081,2018,Northern California,3,18,4.693250855556558,5.661443412300512,6.728375292359509,0.6678861054582201,0.883461279,0.019408725999999987,12.45515415,1.010146044999999,1.3862943611198906,0.7783788273025936
westcoast_0081,2019,Northern California,1,6,4.56128062234748,4.56128062234748,6.618484443487596,0.0,0.902680459,0.0,13.09780499,0.0,0.0,0.0
westcoast_0081,2020,Northern California,3,18,4.693250855556558,5.661443412300512,6.3724594980670926,0.26974610699253887,0.883461279,0.019408725999999987,12.45515415,1.010146044999999,0.0,1.5898934671680944
westcoast_0082,2011,Northern California,1,6,4.802617406605625,4.802617406605625,5.834982029353068,0.0,0.923128042,0.0,11.886624,0.0,0.0,0.0
westcoast_0082,2012,Northern California,1,6,4.802617406605625,4.802617406605625,3.8920285013116382,0.0,0.923128042,0.0,11.886624,0.0,4.285840688350153,0.0
westcoast_0082,2013,Northern California,1,6,4.802617406605625,4.802617406605625,4.926780871883201,0.0,0.923128042,0.0,11.886624,0.0,1.0986122886681098,0.0
westcoast_0082,2016,Northern California,1,6,4.802617406605625,4.802617406605625,5.79016119847814,0.0,0.923128042,0.0,11.886624,0.0,0.0,0.0
westcoast_0082,2018,Northern California,1,6,4.802617406605625,4.802617406605625,5.703148739872718,0.0,0.923128042,0.0,11.886624,0.0,0.0,0.0
westcoast_0082,2019,Northern California,1,6,4.802617406605625,4.802617406605625,7.161998323576103,0.0,0.923128042,0.0,11.886624,0.0,0.34657359027997264,0.0
westcoast_0082,2020,Northern California,1,6,4.802617406605625,4.802617406605625,6.883792634858076,0.0,0.923128042,0.0,11.886624,0.0,0.0,0.0
westcoast_0086,2015,Northern California,1,6,4.799258814312195,4.799258814312195,6.722340091344394,0.0,0.704433709,0.0,10.19736201,0.0,0.0,0.0
westcoast_0086,2016,Northern California,1,6,4.799258814312195,4.799258814312195,7.35713594458423,0.0,0.704433709,0.0,10.19736201,0.0,0.0,0.0
westcoast_0086,2017,Northern California,1,6,4.799258814312195,4.799258814312195,7.273951966061051,0.0,0.704433709,0.0,10.19736201,0.0,0.0,0.0
westcoast_0086,2018,Northern California,1,6,4.799258814312195,4.799258814312195,6.770386833626756,0.0,0.704433709,0.0,10.19736201,0.0,0.0,0.0
westcoast_0086,2019,Northern California,1,6,4.799258814312195,4.799258814312195,6.9906513207420655,0.0,0.704433709,0.0,10.19736201,0.0,0.0,0.0
westcoast_0086,2020,Northern California,1,6,4.799258814312195,4.799258814312195,6.773950832220787,0.0,0.704433709,0.0,10.19736201,0.0,0.0,0.0
westcoast_0089,2006,Northern California,1,6,4.200337334328471,4.200337334328471,1.354025100551105,0.0,0.941602978,0.0,0.655205152,0.0,0.0,0.0
westcoast_0089,2007,Northern California,3,18,3.2223757367563,4.200337334328471,0.5493061443340549,0.7361097447916101,0.940470811,0.061601397,2.336802356,3.142728442,2.4414009612931853,1.8302971391848697
westcoast_0089,2008,Northern California,3,18,3.2223757367563,4.200337334328471,0.0,1.9354919749551711,0.940470811,0.061601397,2.336802356,3.142728442,3.0342127941220554,1.5187726426549504
westcoast_0089,2009,Northern California,3,18,3.2223757367563,4.200337334328471,1.2424533248940002,0.7489330683884977,0.940470811,0.061601397,2.336802356,3.142728442,3.4598419249237056,0.7316051184159407
westcoast_0089,2010,Northern California,2,12,3.7113565355423854,4.200337334328471,1.2526588235240639,1.2526588235240639,0.880001581,0.061601397,3.797933594,3.1427284419999992,3.462286618590507,0.9184884509743148
westcoast_0089,2011,Northern California,3,18,3.2223757367563,4.200337334328471,0.0,0.17328679513998632,0.940470811,0.061601397,2.336802356,3.142728442,1.0986122886681098,1.9702010861687251
westcoast_0089,2012,Northern California,3,18,3.2223757367563,4.200337334328471,0.0,0.27465307216702745,0.940470811,0.061601397,2.336802356,3.142728442,4.436734027666815,1.7348134865103773
westcoast_0089,2013,Northern California,3,18,3.2223757367563,4.200337334328471,0.0,1.2526588235240639,0.940470811,0.061601397,2.336802356,3.142728442,1.4978661367769954,1.6168761519714372
westcoast_0089,2014,Northern California,3,18,3.2223757367563,4.200337334328471,2.2975599250672953,1.365369762298259,0.940470811,0.061601397,2.336802356,3.142728442,0.0,0.0
westcoast_0089,2015,Northern California,3,18,3.2223757367563,4.200337334328471,5.316021489481589,1.6428805360521448,0.940470811,0.061601397,2.336802356,3.142728442,0.0,0.0
westcoast_0089,2016,Northern California,3,18,3.2223757367563,4.200337334328471,5.945337714546817,0.9044117153694762,0.940470811,0.061601397,2.336802356,3.142728442,0.0,0.17328679513998632
westcoast_0089,2017,Northern California,4,24,3.675179411552206,4.200337334328471,6.360990671661927,0.6269637752069039,0.8794354975,0.13529820925000002,4.638732196,5.2950831655,0.0,0.0
westcoast_0089,2018,Northern California,5,30,4.127983086348112,4.262565048437719,6.755198721891407,0.9001138683166197,0.818400184,0.16016106899999993,6.940662036,5.687156418000001,0.0,0.0
westcoast_0089,2019,Northern California,4,24,3.675179411552206,4.200337334328471,6.648465925000792,0.3209859021005581,0.8794354975,0.13529820925000002,4.638732196,5.2950831655,0.0,0.0
westcoast_0089,2020,Northern California,4,24,3.675179411552206,4.200337334328471,6.806716018557303,0.36539426767186445,0.8794354975,0.13529820925000002,4.638732196,5.2950831655,0.0,0.0
westcoast_0090,2007,Northern California,1,6,5.6174038449218395,5.6174038449218395,3.2307340881768587,0.0,0.632373437,0.0,9.040727499,0.0,4.479398673070138,0.0
westcoast_0090,2008,Northern California,1,6,5.6174038449218395,5.6174038449218395,2.4814223151299535,0.0,0.632373437,0.0,9.040727499,0.0,4.778381469725282,0.0
westcoast_0090,2009,Northern California,1,6,5.6174038449218395,5.6174038449218395,1.791759469228055,0.0,0.632373437,0.0,9.040727499,0.0,4.725701211896369,0.0
westcoast_0090,2010,Northern California,1,6,5.6174038449218395,5.6174038449218395,2.596478425445105,0.0,0.632373437,0.0,9.040727499,0.0,4.944694314078314,0.0
westcoast_0090,2011,Northern California,1,6,5.6174038449218395,5.6174038449218395,1.666102255087602,0.0,0.632373437,0.0,9.040727499,0.0,4.409684855009235,0.0
westcoast_0090,2012,Northern California,1,6,5.6174038449218395,5.6174038449218395,0.0,0.0,0.632373437,0.0,9.040727499,0.0,3.4339872044851463,0.0
westcoast_0090,2013,Northern California,1,6,5.6174038449218395,5.6174038449218395,0.6931471805599453,0.0,0.632373437,0.0,9.040727499,0.0,0.34657359027997264,0.0
westcoast_0090,2014,Northern California,1,6,5.6174038449218395,5.6174038449218395,2.71467281447722,0.0,0.632373437,0.0,9.040727499,0.0,0.6931471805599453,0.0
westcoast_0090,2015,Northern California,1,6,5.6174038449218395,5.6174038449218395,4.585210373996823,0.0,0.632373437,0.0,9.040727499,0.0,0.0,0.0
westcoast_0090,2016,Northern California,1,6,5.6174038449218395,5.6174038449218395,6.706469771818119,0.0,0.632373437,0.0,9.040727499,0.0,0.0,0.0
westcoast_0090,2017,Northern California,1,6,5.6174038449218395,5.6174038449218395,5.418376694308122,0.0,0.632373437,0.0,9.040727499,0.0,0.0,0.0
westcoast_0090,2018,Northern California,1,6,5.6174038449218395,5.6174038449218395,6.284527329015517,0.0,0.632373437,0.0,9.040727499,0.0,0.0,0.0
westcoast_0090,2019,Northern California,1,6,5.6174038449218395,5.6174038449218395,5.808505070537676,0.0,0.632373437,0.0,9.040727499,0.0,0.0,0.0
westcoast_0090,2020,Northern California,1,6,5.6174038449218395,5.6174038449218395,7.059026828161201,0.0,0.632373437,0.0,9.040727499,0.0,0.0,0.0
westcoast_0105,1999,Central California,1,6,1.9594048108456648,1.9594048108456648,3.2228599096927892,0.0,0.750327097,0.0,7.14818534,0.0,-2.585241997519076,0.0
westcoast_0105,2000,Central California,1,6,1.9594048108456648,1.9594048108456648,2.3592494356475475,0.0,0.750327097,0.0,7.14818534,0.0,-2.585241997519076,0.0
westcoast_0105,2001,Central California,1,6,1.9594048108456648,1.9594048108456648,3.7769054260041157,0.0,0.750327097,0.0,7.14818534,0.0,-2.7058230259275198,0.0
westcoast_0105,2002,Central California,1,6,1.9594048108456648,1.9594048108456648,5.100015126710053,0.0,0.750327097,0.0,7.14818534,0.0,-1.700598690831078,0.0
westcoast_0105,2003,Central California,1,6,1.9594048108456648,1.9594048108456648,4.045354358041998,0.0,0.750327097,0.0,7.14818534,0.0,3.783802087070284,0.0
westcoast_0105,2004,Central California,1,6,1.9594048108456648,1.9594048108456648,7.594329697015215,0.0,0.750327097,0.0,7.14818534,0.0,2.8156058909106827,0.0
westcoast_0105,2005,Central California,1,4,1.9594048108456648,1.9594048108456648,3.4339872044851463,0.0,0.750327097,0.0,7.14818534,0.0,1.8377985948204953,0.0
westcoast_0105,2006,Central California,1,6,1.9594048108456648,1.9594048108456648,4.29874101132252,0.0,0.750327097,0.0,7.14818534,0.0,0.34657359027997264,0.0
westcoast_0105,2007,Central California,1,6,1.9586359392596169,1.9586359392596169,0.6931471805599453,0.0,0.750327097,0.0,7.14818534,0.0,0.0,0.0
westcoast_0105,2008,Central California,1,5,1.9586359392596169,1.9586359392596169,2.3978952727983707,0.0,0.750327097,0.0,7.14818534,0.0,0.0,0.0
westcoast_0105,2009,Central California,1,6,1.9586359392596169,1.9586359392596169,0.0,0.0,0.750327097,0.0,7.14818534,0.0,0.0,0.0
westcoast_0105,2010,Central California,1,5,1.9586359392596169,1.9586359392596169,1.3862943611198906,0.0,0.750327097,0.0,7.14818534,0.0,0.0,0.0
westcoast_0105,2011,Central California,1,6,1.9586359392596169,1.9586359392596169,4.889641974538411,0.0,0.750327097,0.0,7.14818534,0.0,0.0,0.0
westcoast_0106,2000,Central California,1,6,5.517019847480279,5.517019847480279,0.0,0.0,0.720525687,0.0,6.798623712,0.0,-2.596478425445105,0.0
westcoast_0106,2001,Central California,1,6,5.517019847480279,5.517019847480279,0.6931471805599453,0.0,0.720525687,0.0,6.798623712,0.0,-2.2386684072391034,0.0
westcoast_0106,2002,Central California,1,4,5.517019847480279,5.517019847480279,0.5493061443340549,0.0,0.720525687,0.0,6.798623712,0.0,-1.6479184330021646,0.0
westcoast_0106,2003,Central California,1,6,5.517019847480279,5.517019847480279,2.7212088552608966,0.0,0.720525687,0.0,6.798623712,0.0,-2.3221954495706862,0.0
westcoast_0106,2004,Central California,1,6,5.517019847480279,5.517019847480279,0.0,0.0,0.720525687,0.0,6.798623712,0.0,-2.3937458713910233,0.0
westcoast_0106,2005,Central California,1,6,5.517019847480279,5.517019847480279,0.0,0.0,0.720525687,0.0,6.798623712,0.0,-1.1512925464970227,0.0
westcoast_0106,2006,Central California,1,6,5.517019847480279,5.517019847480279,0.0,0.0,0.720525687,0.0,6.798623712,0.0,-1.844439727056968,0.0
westcoast_0106,2007,Central California,3,18,4.964631780756284,5.517533240541827,0.0,0.5198603854199589,0.556755255,0.10502288449999997,5.956147347,0.5925292525000003,-2.5184763012068148,0.5613566697885242
westcoast_0106,2008,Central California,3,18,4.964631780756284,5.517533240541827,0.0,0.6212266624470001,0.556755255,0.10502288449999997,5.956147347,0.5925292525000003,-2.6287476860138907,0.6840552695172266
westcoast_0106,2009,Central California,1,5,5.517533240541827,5.517533240541827,1.3862943611198906,0.0,0.720525687,0.0,6.798623712,0.0,-2.5649493574615367,0.0
westcoast_0106,2010,Central California,1,6,5.517533240541827,5.517533240541827,0.0,0.0,0.720525687,0.0,6.798623712,0.0,-2.4814223151299535,0.0
westcoast_0106,2011,Central California,1,6,5.517533240541827,5.517533240541827,0.8047189562170501,0.0,0.720525687,0.0,6.798623712,0.0,-1.1512925464970227,0.0
westcoast_0106,2015,Central California,1,6,5.517533240541827,5.517533240541827,1.2424533248940002,0.0,0.720525687,0.0,6.798623712,0.0,-2.736135336835737,0.0
westcoast_0108,1999,Central California,6,36,3.923492682006133,4.601022431123756,0.0,0.0,0.703210035,0.22571408125000003,9.574521164,2.444712098750001,-2.4954822447106726,0.9764425406649475
westcoast_0108,2000,Central California,6,36,3.923492682006133,4.601022431123756,0.0,0.5198603854199589,0.703210035,0.22571408125000003,9.574521164,2.444712098750001,-2.9779925013188677,0.07841484135856014
westcoast_0108,2001,Central California,6,34,3.923492682006133,4.601022431123756,0.0,0.0,0.703210035,0.22571408125000003,9.574521164,2.444712098750001,-2.49787460746471,0.4680045633206964
westcoast_0108,2002,Central California,6,36,3.923492682006133,4.601022431123756,0.0,0.5198603854199589,0.703210035,0.22571408125000003,9.574521164,2.444712098750001,-2.357850439271517,0.4144277774263485
westcoast_0108,2003,Central California,8,48,4.258809502522927,4.897376527844622,0.7945134575869863,0.9825231321840207,0.7140529154999999,0.16022537225,10.740132197000001,3.12447704825,-1.9394765520879367,0.7402589494499612
westcoast_0108,2004,Central California,8,47,4.258809502522927,4.897376527844622,0.17328679513998632,0.6931471805599453,0.7140529154999999,0.16022537225,10.740132197000001,3.12447704825,-1.839389050227588,0.6893655501635676
westcoast_0108,2005,Central California,8,46,4.258809502522927,4.897376527844622,0.0,0.0,0.7140529154999999,0.16022537225,10.740132197000001,3.12447704825,-1.9194658751695526,0.5931846807429384
westcoast_0108,2006,Central California,10,59,4.139815195300802,4.897376527844622,0.40235947810852507,0.8958797346140275,0.7559338025,0.19553435949999998,9.6768224735,2.4552190977499997,-2.1088873005939317,0.9038779186363577
westcoast_0108,2007,Central California,27,155,3.9103043793412304,5.557265903452414,0.34657359027997264,1.0691665297540138,0.770138894,0.2624295860000001,10.16023632,4.352075382000001,-1.7115881441904652,1.6206675960010801
westcoast_0108,2008,Central California,25,149,3.9388513720143297,5.557265903452414,0.6931471805599453,1.791759469228055,0.804444448,0.25308318100000005,11.48751706,4.337217488,-2.0948273710132126,2.0948273710132126
westcoast_0108,2009,Central California,8,48,4.258495556006081,4.898296418139513,0.34657359027997264,0.971646710060317,0.7140529154999999,0.16022537225,10.740132197000001,3.12447704825,-2.2499048351651325,0.6828871836070802
westcoast_0108,2010,Central California,11,64,4.600145468798125,5.557265903452414,0.34657359027997264,1.454277789990801,0.756487987,0.19214372750000008,11.88437105,7.445927770999997,-1.9459101490553132,0.8367825400979698
westcoast_0108,2011,Central California,27,151,3.9103043793412304,5.557265903452414,1.0986122886681098,1.5395094367334492,0.770138894,0.2624295860000001,10.16023632,4.352075382000001,-1.4451858789480823,2.0794415416798357
westcoast_0108,2012,Central California,14,83,3.872986106158465,4.898296418139513,1.2424533248940002,1.0367562050127535,0.696521894,0.2995613589999999,9.4081235655,1.6131021402500014,-2.2950218322012903,0.4539577668632844
westcoast_0108,2013,Central California,16,96,3.9245778756777803,4.898296418139513,0.6931471805599453,0.8386820959581303,0.7241976895,0.27620902050000007,9.510424875,2.0330606922500003,-2.1217350370613044,0.8711461979086166
westcoast_0108,2014,Central California,16,96,3.9245778756777803,4.898296418139513,2.8495132972349513,0.9758642374931426,0.7241976895,0.27620902050000007,9.510424875,2.0330606922500003,-1.9965412150831816,0.7029520514816605
westcoast_0108,2015,Central California,16,96,3.9245778756777803,4.898296418139513,4.701789040959955,1.336305595227607,0.7241976895,0.27620902050000007,9.510424875,2.0330606922500003,-2.2326566172933946,1.8171556494220165
westcoast_0108,2016,Central California,14,84,4.006382524154082,4.957503408833511,4.844303935473457,1.276558636700778,0.7633134404999999,0.19046197249999997,9.6768224735,2.2861951835000003,-1.5100636778193535,2.448946390731528
westcoast_0108,2017,Central California,17,100,3.9388513720143297,4.957503408833511,5.954520164401959,1.1198064951294064,0.741728711,0.23954912299999997,9.551814313,3.1080764850000016,0.0,0.6931471805599453
westcoast_0108,2018,Central California,17,102,3.9388513720143297,4.957503408833511,5.857524824530181,1.3069420103844687,0.741728711,0.23954912299999997,9.551814313,3.1080764850000016,0.0,1.0397207708399179
westcoast_0108,2019,Central California,13,78,4.205716714307769,4.957503408833511,6.465999582493593,1.1626124567799083,0.770138894,0.17438794800000001,10.05613986,2.9831893259999998,0.0,0.0
westcoast_0108,2020,Central California,17,101,3.9388513720143297,4.957503408833511,6.758854056768243,0.930539325430904,0.741728711,0.23954912299999997,9.551814313,3.1080764850000016,0.0,0.0
westcoast_0108,2021,Central California,17,94,3.9388513720143297,4.957503408833511,6.580638175451464,1.0050502550717129,0.741728711,0.23954912299999997,9.551814313,3.1080764850000016,0.0,0.0
westcoast_0110,1999,Central California,1,6,2.4872809340878814,2.4872809340878814,0.0,0.0,0.725630627,0.0,12.44250186,0.0,-2.2499048351651325,0.0
westcoast_0110,2000,Central California,1,6,2.4872809340878814,2.4872809340878814,0.5493061443340549,0.0,0.725630627,0.0,12.44250186,0.0,-1.1208381699535266,0.0
westcoast_0110,2001,Central California,3,14,1.663689200953574,2.4872809340878814,0.34657359027997264,0.3465735902799726,0.775424622,0.028218476000000048,12.44250186,0.559380084999999,-1.5890269151739727,0.27980789396771133
westcoast_0110,2002,Central California,3,18,1.663689200953574,2.4872809340878814,0.0,0.0,0.775424622,0.028218476000000048,12.44250186,0.559380084999999,-1.5890269151739727,0.27980789396771133
westcoast_0110,2003,Central California,3,18,1.663689200953574,2.4872809340878814,0.0,0.34657359027997264,0.775424622,0.028218476000000048,12.44250186,0.559380084999999,-1.3862943611198906,0.45814536593707755
westcoast_0110,2004,Central California,3,18,1.663689200953574,2.4872809340878814,0.0,0.34657359027997264,0.775424622,0.028218476000000048,12.44250186,0.559380084999999,-1.791759469228055,0.19962692405444282
westcoast_0110,2005,Central California,3,18,1.663689200953574,2.4872809340878814,0.0,0.0,0.775424622,0.028218476000000048,12.44250186,0.559380084999999,-1.4978661367769954,0.5917809035329042
westcoast_0110,2006,Central California,6,37,3.1555886155868205,4.149333177071205,0.0,0.25993019270997947,0.7787461005,0.02372963700000008,12.698079055000001,0.5815395274999986,-1.2424533248940002,0.4278430006345495
westcoast_0110,2007,Central California,6,36,3.1560007979811946,4.149333177071205,0.7225929394740411,0.606503782989952,0.7787461005,0.02372963700000008,12.698079055000001,0.5815395274999986,-1.7127962318734355,0.6461174678047152
westcoast_0110,2008,Central California,6,36,3.1560007979811946,4.149333177071205,0.0,0.0,0.7787461005,0.02372963700000008,12.698079055000001,0.5815395274999986,-2.2756191815250597,0.878901224230421
westcoast_0110,2009,Central California,4,24,2.0769009513164076,4.149333177071205,0.7945134575869863,0.2784995295003717,0.7689279284999999,0.02385427824999997,12.737210355,0.9085575625000004,-2.1267857138906843,0.47206393527622703
westcoast_0110,2010,Central California,6,36,3.1560007979811946,4.149333177071205,0.7945134575869864,1.6072997289462332,0.7787461005,0.02372963700000008,12.698079055000001,0.5815395274999986,-0.48371507821718207,1.9310240286285643
westcoast_0110,2011,Central California,6,36,3.1560007979811946,4.149333177071205,0.9516656224425799,1.3672186627996101,0.7787461005,0.02372963700000008,12.698079055000001,0.5815395274999986,-1.3438196019210413,0.8746423550146029
westcoast_0110,2012,Central California,3,18,2.4879157980521356,4.149333177071205,0.34657359027997264,0.0,0.762431235,0.028218476000000048,13.03191885,0.6683180499999999,-1.2424533248940002,0.5320579264623169
westcoast_0110,2013,Central California,6,36,3.1560007979811946,4.149333177071205,0.5198603854199589,0.6065037829899521,0.7787461005,0.02372963700000008,12.698079055000001,0.5815395274999986,-1.3803652294655615,0.520804334140454
westcoast_0110,2014,Central California,6,36,3.1560007979811946,4.149333177071205,3.551811122539284,1.3418216190439516,0.7787461005,0.02372963700000008,12.698079055000001,0.5815395274999986,-1.4599786622451953,0.34688593354116537
westcoast_0110,2015,Central California,5,30,3.824085797910253,4.149333177071205,5.516936509192938,1.296660967720391,0.782067579,0.029425197000000014,12.95365625,0.5894169900000001,-0.34657359027997264,0.0
westcoast_0110,2016,Central California,3,16,1.6658861045806796,2.4879157980521356,5.6559856980141365,1.2277072034984418,0.775424622,0.028218476000000048,12.44250186,0.559380084999999,-0.8047189562170501,0.5493061443340548
westcoast_0110,2017,Central California,6,36,3.1560007979811946,4.149333177071205,5.609016303065779,0.8510295464582729,0.7787461005,0.02372963700000008,12.698079055000001,0.5815395274999986,0.0,0.0
westcoast_0110,2018,Central California,6,36,3.1560007979811946,4.149333177071205,6.419431967620253,0.8713349519050118,0.7787461005,0.02372963700000008,12.698079055000001,0.5815395274999986,0.0,0.0
westcoast_0110,2019,Central California,6,36,3.1560007979811946,4.149333177071205,6.802848418912429,0.5553647219063045,0.7787461005,0.02372963700000008,12.698079055000001,0.5815395274999986,0.0,0.0
westcoast_0110,2020,Central California,6,36,3.1560007979811946,4.149333177071205,6.642713756292398,1.4080353532565155,0.7787461005,0.02372963700000008,12.698079055000001,0.5815395274999986,0.0,0.0
westcoast_0110,2021,Central California,6,36,3.1560007979811946,4.149333177071205,6.861564212938158,0.6853151733685863,0.7787461005,0.02372963700000008,12.698079055000001,0.5815395274999986,0.0,0.18686822327685992
westcoast_0112,2007,Central California,1,6,5.531447091701406,5.531447091701406,0.0,0.0,0.722532337,0.0,10.9619316,0.0,2.5619819897016294,0.0
westcoast_0112,2008,Central California,1,6,5.531447091701406,5.531447091701406,0.0,0.0,0.722532337,0.0,10.9619316,0.0,1.8402556022217098,0.0
westcoast_0112,2019,Central California,1,6,5.531447091701406,5.531447091701406,4.316152999258371,0.0,0.722532337,0.0,10.9619316,0.0,0.8673005276940533,0.0
westcoast_0112,2020,Central California,1,6,5.531447091701406,5.531447091701406,5.421669274409648,0.0,0.722532337,0.0,10.9619316,0.0,0.626381484247684,0.0
westcoast_0112,2021,Central California,1,6,5.531447091701406,5.531447091701406,1.3862943611198906,0.0,0.722532337,0.0,10.9619316,0.0,1.4978661367769954,0.0
westcoast_0113,2003,Central California,1,6,5.275924489368411,5.275924489368411,0.0,0.0,0.511136206,0.0,13.4252874,0.0,3.6622449896742664,0.0
westcoast_0113,2004,Central California,1,6,5.355442594636981,5.355442594636981,0.0,0.0,0.573216472,0.0,11.05510111,0.0,3.825916594105313,0.0
westcoast_0113,2005,Central California,1,6,5.355442594636981,5.355442594636981,0.0,0.0,0.573216472,0.0,11.05510111,0.0,2.4773263296726595,0.0
westcoast_0113,2006,Central California,1,6,5.355442594636981,5.355442594636981,0.0,0.0,0.573216472,0.0,11.05510111,0.0,-0.8958797346140275,0.0
westcoast_0113,2007,Central California,2,12,5.487284057715633,5.617948286251721,0.0,0.0,0.660261027,0.08704455499999986,11.092909355,0.03780824499999902,-0.5775960676293271,0.18553658824649116
westcoast_0113,2008,Central California,2,10,5.487284057715633,5.617948286251721,0.0,0.0,0.660261027,0.08704455499999986,11.092909355,0.03780824499999902,-0.34812158284195294,0.6734153659125275
westcoast_0113,2009,Central California,1,6,5.356619829179545,5.356619829179545,0.0,0.0,0.573216472,0.0,11.05510111,0.0,-2.567899218525131,0.0
westcoast_0113,2010,Central California,1,6,5.356619829179545,5.356619829179545,0.0,0.0,0.573216472,0.0,11.05510111,0.0,1.6762036087463619,0.0
westcoast_0113,2011,Central California,1,6,5.356619829179545,5.356619829179545,0.0,0.0,0.573216472,0.0,11.05510111,0.0,0.4054651081081645,0.0
westcoast_0113,2017,Central California,1,4,5.617948286251721,5.617948286251721,1.5222612188617115,0.0,0.747305582,0.0,11.1307176,0.0,-0.4581453659370775,0.0
westcoast_0113,2019,Central California,2,12,5.487284057715633,5.617948286251721,3.1084613663070115,0.042848121565441044,0.660261027,0.08704455499999986,11.092909355,0.03780824499999902,1.1479367914139877,0.23835756970590283
westcoast_0113,2020,Central California,2,12,5.487284057715633,5.617948286251721,4.2937013403714825,0.38247897562682365,0.660261027,0.08704455499999986,11.092909355,0.03780824499999902,-0.5777209739521852,0.9242945642321578
westcoast_0113,2021,Central California,1,6,5.617948286251721,5.617948286251721,3.6361991962850233,0.0,0.747305582,0.0,11.1307176,0.0,2.2695151917417733,0.0
westcoast_0114,2005,Central California,2,12,3.9888719929550085,4.094276837215613,0.0,0.0,0.42274147650000005,0.0074624784999999805,11.52001706,0.5609547999999993,-2.0087387561255396,0.06282860707022642
westcoast_0114,2006,Central California,2,12,3.9888719929550085,4.094276837215613,0.34657359027997264,0.0,0.42274147650000005,0.0074624784999999805,11.52001706,0.5609547999999993,-0.6931471805599453,0.6931471805599452
westcoast_0114,2007,Central California,2,12,3.9911230983154713,4.094821121856672,0.0,0.0,0.42274147650000005,0.0074624784999999805,11.52001706,0.5609547999999993,-2.930493102517724,0.7689000351922504
westcoast_0114,2008,Central California,2,12,3.9911230983154713,4.094821121856672,0.0,0.0,0.42274147650000005,0.0074624784999999805,11.52001706,0.5609547999999993,-2.3920037040619997,0.08941861106795379
westcoast_0114,2010,Central California,2,11,3.9911230983154713,4.094821121856672,0.0,0.0,0.42274147650000005,0.0074624784999999805,11.52001706,0.5609547999999993,-1.8573307498200073,0.416969167429841
westcoast_0114,2011,Central California,2,12,3.9911230983154713,4.094821121856672,0.0,0.0,0.42274147650000005,0.0074624784999999805,11.52001706,0.5609547999999993,-2.2179464922876613,0.6724252656085035
westcoast_0114,2018,Central California,1,4,4.094821121856672,4.094821121856672,4.786935878355701,0.0,0.430203955,0.0,10.95906226,0.0,-2.1097538525880535,0.0
westcoast_0114,2019,Central California,2,10,3.9911230983154713,4.094821121856672,4.906776634309842,0.6441959537771336,0.42274147650000005,0.0074624784999999805,11.52001706,0.5609547999999993,-0.24520731325293155,0.7945134575869863
westcoast_0114,2020,Central California,2,12,3.9911230983154713,4.094821121856672,5.5151881130355775,0.3985047761917295,0.42274147650000005,0.0074624784999999805,11.52001706,0.5609547999999993,-0.5756462732485115,0.5756462732485115
westcoast_0114,2021,Central California,2,12,3.9911230983154713,4.094821121856672,5.514693272833409,0.7594707906201483,0.42274147650000005,0.0074624784999999805,11.52001706,0.5609547999999993,0.1068610037067349,0.8000081842666802
westcoast_0115,2007,Central California,1,6,2.2981995337572916,2.2981995337572916,0.0,0.0,0.481453647,0.0,8.178716695,0.0,-1.8200446449722523,0.0
westcoast_0115,2008,Central California,1,6,2.2981995337572916,2.2981995337572916,0.0,0.0,0.481453647,0.0,8.178716695,0.0,0.616071840646316,0.0
westcoast_0117,2001,Central California,2,12,5.410051119294146,5.450898958096053,0.0,0.0,0.2638858105,0.10858786250000002,13.734085145,0.25415174499999793,-2.4154601324143394,0.7993996066052289
westcoast_0117,2002,Central California,2,12,5.410051119294146,5.450898958096053,0.0,0.0,0.2638858105,0.10858786250000002,13.734085145,0.25415174499999793,-1.3701597308354976,0.533171514049662
westcoast_0117,2003,Central California,2,12,5.410051119294146,5.450898958096053,0.0,0.0,0.2638858105,0.10858786250000002,13.734085145,0.25415174499999793,-0.05928305218624241,0.5914935141461577
westcoast_0117,2004,Central California,2,12,5.410051119294146,5.450898958096053,0.0,0.0,0.2638858105,0.10858786250000002,13.734085145,0.25415174499999793,-2.577138145155738,0.12081070228771251
westcoast_0117,2005,Central California,2,12,5.410051119294146,5.450898958096053,0.17328679513998632,0.1732867951399863,0.2638858105,0.10858786250000002,13.734085145,0.25415174499999793,-1.6090375920923567,0.22274323097246618
westcoast_0117,2006,Central California,2,12,5.410051119294146,5.450898958096053,0.0,0.0,0.2638858105,0.10858786250000002,13.734085145,0.25415174499999793,1.049926269469982,0.2696023953376476
westcoast_0117,2007,Central California,4,24,3.5805491160231404,5.451201822295582,0.0,0.0,0.519784731,0.35820997875,13.795737594999999,0.42304133750000084,-0.6624591159675215,1.4768201940921772
westcoast_0117,2008,Central California,4,24,3.5805491160231404,5.451201822295582,0.0,0.0,0.519784731,0.35820997875,13.795737594999999,0.42304133750000084,-1.7457156878672357,0.831977228880278
westcoast_0117,2009,Central California,2,12,5.410775716743487,5.451201822295582,0.17328679513998632,0.1732867951399863,0.2638858105,0.10858786250000002,13.734085145,0.25415174499999793,-1.7468292754545804,0.7584883715935473
westcoast_0117,2010,Central California,2,12,5.410775716743487,5.451201822295582,0.17328679513998632,0.1732867951399863,0.2638858105,0.10858786250000002,13.734085145,0.25415174499999793,0.055785887828552455,0.40235947810852507
westcoast_0117,2011,Central California,2,12,5.410775716743487,5.451201822295582,0.0,0.0,0.2638858105,0.10858786250000002,13.734085145,0.25415174499999793,-1.471526007862539,0.4318052370226211
westcoast_0117,2015,Central California,2,12,3.268054576174899,5.370349611191393,3.857394434695509,0.9033529656110435,0.5383725939999999,0.16589892100000003,13.795737594999999,0.1924992949999993,-0.4773856262211097,0.6212266624470002
westcoast_0118,2001,Central California,1,4,3.901326138947177,3.901326138947177,0.0,0.0,0.484354677,0.0,12.54480344,0.0,-1.3195286648076292,0.0
westcoast_0118,2002,Central California,1,6,3.8164571038052095,3.8164571038052095,0.0,0.0,0.672248357,0.0,12.28307708,0.0,1.9437675668908392,0.0
westcoast_0118,2003,Central California,1,6,3.8164571038052095,3.8164571038052095,0.0,0.0,0.672248357,0.0,12.28307708,0.0,3.1453986183898692,0.0
westcoast_0118,2004,Central California,1,6,3.8164571038052095,3.8164571038052095,0.0,0.0,0.672248357,0.0,12.28307708,0.0,1.2424533248940002,0.0
westcoast_0118,2005,Central California,1,5,3.8164571038052095,3.8164571038052095,0.0,0.0,0.672248357,0.0,12.28307708,0.0,0.0,0.0
westcoast_0118,2006,Central California,1,5,3.8164571038052095,3.8164571038052095,0.0,0.0,0.672248357,0.0,12.28307708,0.0,0.9547712524422194,0.0
westcoast_0118,2007,Central California,1,6,3.819404209763939,3.819404209763939,0.0,0.0,0.672248357,0.0,12.28307708,0.0,2.224258187971357,0.0
westcoast_0118,2008,Central California,1,6,3.819404209763939,3.819404209763939,0.0,0.0,0.672248357,0.0,12.28307708,0.0,2.1972245773362196,0.0
westcoast_0118,2009,Central California,1,6,3.819404209763939,3.819404209763939,0.0,0.0,0.672248357,0.0,12.28307708,0.0,2.04717228111105,0.0
westcoast_0118,2010,Central California,1,6,3.819404209763939,3.819404209763939,0.0,0.0,0.672248357,0.0,12.28307708,0.0,2.2386684072391034,0.0
westcoast_0118,2011,Central California,1,6,3.819404209763939,3.819404209763939,0.0,0.0,0.672248357,0.0,12.28307708,0.0,0.0,0.0
westcoast_0124,2003,Central California,2,12,2.3509695396721577,2.4501423873513897,0.0,0.0,0.7761624069999999,0.013775567000000044,11.709428035,0.44758555499999986,3.744533432148221,0.14957234677531694
westcoast_0124,2004,Central California,2,12,2.3509695396721577,2.4501423873513897,0.0,0.0,0.7761624069999999,0.013775567000000044,11.709428035,0.44758555499999986,3.5518631601849915,0.9077296448377234
westcoast_0124,2005,Central California,2,12,2.3509695396721577,2.4501423873513897,0.0,0.0,0.7761624069999999,0.013775567000000044,11.709428035,0.44758555499999986,4.244720976352001,0.5678598111521849
westcoast_0124,2006,Central California,2,12,2.3509695396721577,2.4501423873513897,0.0,0.0,0.7761624069999999,0.013775567000000044,11.709428035,0.44758555499999986,2.6869631362096738,0.38940321114237886
westcoast_0124,2007,Central California,2,12,2.3514344922971198,2.4506577730798877,0.0,0.0,0.7761624069999999,0.013775567000000044,11.709428035,0.44758555499999986,2.9136306696814667,0.13089176804195635
westcoast_0124,2008,Central California,2,11,2.3514344922971198,2.4506577730798877,0.34657359027997264,0.3465735902799726,0.7761624069999999,0.013775567000000044,11.709428035,0.44758555499999986,4.152145076962345,0.7823288561683475
westcoast_0126,2003,Central California,2,11,1.5239006365436043,1.7151542120631778,0.0,0.0,0.512239807,0.08617798899999995,9.325917774499999,0.46446586550000113,-1.9002256148855206,0.5139312537656298
westcoast_0126,2004,Central California,2,12,1.5239006365436043,1.7151542120631778,0.0,0.0,0.512239807,0.08617798899999995,9.325917774499999,0.46446586550000113,-1.9124231559278786,0.3901619370661671
westcoast_0126,2005,Central California,2,12,1.5239006365436043,1.7151542120631778,0.0,0.0,0.512239807,0.08617798899999995,9.325917774499999,0.46446586550000113,-1.9600782458300412,0.5583980553767733
westcoast_0126,2007,Central California,4,24,1.527673208117225,4.158605845147746,0.0,0.0,0.5809088625000001,0.13417960949999996,8.605032723499999,0.9651901407499981,-0.9678002527269727,0.41073505481262074
westcoast_0126,2008,Central California,4,23,1.527673208117225,4.158605845147746,0.0,0.0,0.5809088625000001,0.13417960949999996,8.605032723499999,0.9651901407499981,-1.4451858789480823,0.9363859491918594
westcoast_0127,2007,Central California,2,12,5.18981655219873,5.219263666208301,0.0,0.0,0.6511546015,0.0007785514999999466,9.359038590499999,0.15194986349999873,-0.9373760189825929,0.18533732059445573
westcoast_0127,2008,Central California,2,12,5.18981655219873,5.219263666208301,0.0,0.0,0.6511546015,0.0007785514999999466,9.359038590499999,0.15194986349999873,-1.868834809141684,0.20273255405408208
westcoast_0128,2002,Central California,3,18,3.7061143413749464,4.082084546162042,0.0,0.0,0.746440641,0.10496492350000008,11.67139446,0.571931854999999,-1.2424533248940002,0.0719205181129452
westcoast_0128,2003,Central California,3,16,3.7061143413749464,4.082084546162042,0.0,0.0,0.746440641,0.10496492350000008,11.67139446,0.571931854999999,-0.4581453659370775,1.157913648160806
westcoast_0128,2004,Central California,3,14,3.7061143413749464,4.082084546162042,0.0,0.0,0.746440641,0.10496492350000008,11.67139446,0.571931854999999,-1.6094379124341005,0.549306144334055
westcoast_0128,2005,Central California,3,17,3.7061143413749464,4.082084546162042,0.0,0.0,0.746440641,0.10496492350000008,11.67139446,0.571931854999999,-1.1512925464970227,0.24520731325293155
westcoast_0128,2006,Central California,3,16,3.7061143413749464,4.082084546162042,0.0,0.0,0.746440641,0.10496492350000008,11.67139446,0.571931854999999,-0.34657359027997264,0.2027325540540822
westcoast_0128,2007,Central California,6,33,3.892811661302354,6.344585252723621,0.0,0.25993019270997947,0.7468666925,0.24919950474999997,11.813550485,1.1135027500000003,0.0,0.989646498605722
westcoast_0128,2008,Central California,6,35,3.892811661302354,6.344585252723621,0.0,0.0,0.7468666925,0.24919950474999997,11.813550485,1.1135027500000003,-0.17328679513998632,1.054443650296966
westcoast_0128,2009,Central California,4,22,3.892811661302354,6.344585252723621,0.0,0.0,0.7468666925,0.08375450725000011,11.60732207,0.3820745125000009,-0.8239592165010823,0.8451965961005068
westcoast_0128,2010,Central California,4,24,3.892811661302354,6.344585252723621,0.0,0.08664339756999316,0.7468666925,0.08375450725000011,11.60732207,0.3820745125000009,0.0719205181129452,0.4544543674493905
westcoast_0128,2011,Central California,4,22,3.892811661302354,6.344585252723621,0.0,0.0,0.7468666925,0.08375450725000011,11.60732207,0.3820745125000009,0.0,0.31061333122350004
westcoast_0131,2003,Central California,1,6,4.729983608152969,4.729983608152969,0.0,0.0,0.513859707,0.0,11.27403806,0.0,-0.684297392010245,0.0
westcoast_0131,2004,Central California,1,6,4.729983608152969,4.729983608152969,0.0,0.0,0.513859707,0.0,11.27403806,0.0,-1.732867951399863,0.0
westcoast_0131,2005,Central California,1,5,4.729983608152969,4.729983608152969,0.0,0.0,0.513859707,0.0,11.27403806,0.0,-1.9459101490553132,0.0
westcoast_0131,2006,Central California,1,5,4.729983608152969,4.729983608152969,0.0,0.0,0.513859707,0.0,11.27403806,0.0,-0.5465437063680696,0.0
westcoast_0131,2007,Central California,2,12,4.451017315574549,4.727585545671609,0.0,0.0,0.6592631870000001,0.14540348000000003,11.043212125,0.2308259349999986,-0.8047189562170501,0.5493061443340548
westcoast_0131,2008,Central California,2,12,4.451017315574549,4.727585545671609,0.0,0.0,0.6592631870000001,0.14540348000000003,11.043212125,0.2308259349999986,-1.4581538366247924,0.3195201941199146
westcoast_0131,2009,Central California,2,12,4.451017315574549,4.727585545671609,0.0,0.0,0.6592631870000001,0.14540348000000003,11.043212125,0.2308259349999986,-1.0691665297540138,0.17328679513998635
westcoast_0131,2010,Central California,1,6,4.174449085477489,4.174449085477489,0.0,0.0,0.804666667,0.0,10.81238619,0.0,1.0845268501847616,0.0
westcoast_0131,2011,Central California,1,6,4.174449085477489,4.174449085477489,0.0,0.0,0.804666667,0.0,10.81238619,0.0,-0.4581453659370775,0.0
westcoast_0132,2003,Central California,1,5,4.551667108643618,4.551667108643618,0.0,0.0,0.515090515,0.0,10.61590888,0.0,-1.6094379124341003,0.0
westcoast_0132,2004,Central California,1,6,4.551667108643618,4.551667108643618,0.0,0.0,0.515090515,0.0,10.61590888,0.0,-2.7546941683139883,0.0
westcoast_0132,2005,Central California,1,6,4.551667108643618,4.551667108643618,0.0,0.0,0.515090515,0.0,10.61590888,0.0,-1.7005986908310775,0.0
westcoast_0132,2006,Central California,1,6,4.551667108643618,4.551667108643618,0.0,0.0,0.515090515,0.0,10.61590888,0.0,-1.868834809141684,0.0
westcoast_0132,2007,Central California,1,6,4.555640105128123,4.555640105128123,0.0,0.0,0.515090515,0.0,10.61590888,0.0,-1.518277134037123,0.0
westcoast_0132,2008,Central California,1,6,4.555640105128123,4.555640105128123,0.34657359027997264,0.0,0.515090515,0.0,10.61590888,0.0,-0.9729550745276567,0.0
westcoast_0132,2009,Central California,1,6,4.555640105128123,4.555640105128123,0.34657359027997264,0.0,0.515090515,0.0,10.61590888,0.0,-1.666102255087602,0.0
westcoast_0133,2007,Central California,4,23,1.758698892953521,3.1662020650636546,0.0,0.17328679513998632,0.850045275,0.04784405650000001,12.4946987,0.49910383499999966,0.9946281866742448,0.3799460866443043
westcoast_0133,2008,Central California,4,20,1.758698892953521,3.1662020650636546,0.0,0.0,0.850045275,0.04784405650000001,12.4946987,0.49910383499999966,-0.922219863528484,0.9020070798295817
westcoast_0133,2009,Central California,2,12,1.4704401409896817,2.1020349886680942,0.7225929394740412,0.37601934919406854,0.8764262185,0.013719212499999855,12.544177525,0.1892696650000012,0.0,0.0
westcoast_0133,2010,Central California,2,11,1.4704401409896817,2.1020349886680942,0.0,0.0,0.8764262185,0.013719212499999855,12.544177525,0.1892696650000012,1.625572542718493,1.3701597308354976
westcoast_0133,2011,Central California,3,17,2.1020349886680942,3.1662020650636546,0.0,0.0,0.862707006,0.05770291999999999,12.35490786,0.5788351499999997,0.0,0.0
westcoast_0133,2016,Central California,4,24,1.758698892953521,3.1662020650636546,2.6364406006805794,0.2287891585421078,0.850045275,0.04784405650000001,12.4946987,0.49910383499999966,0.1399039469838557,1.4426891152277677
westcoast_0133,2017,Central California,4,24,1.758698892953521,3.1662020650636546,3.9029399831162954,0.6484482612730318,0.850045275,0.04784405650000001,12.4946987,0.49910383499999966,0.722158534499406,0.7824000595132825
westcoast_0133,2018,Central California,4,23,1.758698892953521,3.1662020650636546,3.8796805949585886,1.2405832308345692,0.850045275,0.04784405650000001,12.4946987,0.49910383499999966,0.7945134575869863,0.3699205786728894
westcoast_0133,2019,Central California,4,24,1.758698892953521,3.1662020650636546,4.708482328874782,0.7159076892121901,0.850045275,0.04784405650000001,12.4946987,0.49910383499999966,0.12770640594149762,0.4155295425657533
westcoast_0133,2020,Central California,4,24,1.758698892953521,3.1662020650636546,4.918492093697093,0.40560424430676356,0.850045275,0.04784405650000001,12.4946987,0.49910383499999966,0.0,0.08664339756999316
westcoast_0133,2021,Central California,3,16,2.1020349886680942,3.1662020650636546,5.014619378920845,0.19738921642442264,0.837383544,0.043983707500000024,12.63448954,0.5788351499999997,0.8958797346140275,0.17328679513998635
westcoast_0135,2007,Central California,4,23,3.7472975141579727,5.054035784715768,0.0,0.0,0.6609521635,0.053273076249999995,10.689845745,0.8424127299999995,1.7167333211154703,0.45555520058542087
westcoast_0135,2008,Central California,4,21,3.7472975141579727,5.054035784715768,0.0,0.0,0.6609521635,0.053273076249999995,10.689845745,0.8424127299999995,2.04717228111105,1.4137320771096704
westcoast_0135,2009,Central California,2,9,3.5076891532383945,4.2259316549627615,0.0,0.0,0.64543642,0.024952469000000033,11.276983925,0.25719814500000027,0.0,0.0
westcoast_0135,2010,Central California,2,12,3.5076891532383945,4.2259316549627615,0.0,0.0,0.64543642,0.024952469000000033,11.276983925,0.25719814500000027,1.2982392127225526,0.4023594781085251
westcoast_0135,2011,Central California,3,17,4.2259316549627615,5.054035784715768,0.0,0.0,0.670388889,0.07823597599999998,11.01978578,0.6950053549999993,0.5493061443340549,0.34657359027997264
westcoast_0135,2016,Central California,3,18,4.2259316549627615,5.054035784715768,2.34106561356211,0.3799564384361034,0.670388889,0.06272023250000003,10.35990571,0.437807209999999,2.158744056768155,1.233018242898288
westcoast_0135,2017,Central California,4,24,3.7472975141579727,5.054035784715768,3.32927686354921,0.18730217615300848,0.6609521635,0.053273076249999995,10.689845745,0.8424127299999995,1.8235943248222055,3.124580900884605
westcoast_0135,2018,Central California,4,24,3.7472975141579727,5.054035784715768,3.4199381721447146,0.8564147698409119,0.6609521635,0.053273076249999995,10.689845745,0.8424127299999995,0.833051127543801,1.1269730346892355
westcoast_0135,2019,Central California,4,23,3.7472975141579727,5.054035784715768,4.195776108506026,0.9232049208418491,0.6609521635,0.053273076249999995,10.689845745,0.8424127299999995,0.17328679513998632,0.3972567287934932
westcoast_0135,2020,Central California,4,24,3.7472975141579727,5.054035784715768,4.804772180799641,0.5833064232306544,0.6609521635,0.053273076249999995,10.689845745,0.8424127299999995,0.17328679513998632,0.3972567287934932
westcoast_0135,2021,Central California,2,6,3.5076891532383945,4.2259316549627615,3.772550685625715,0.29906268955800597,0.64543642,0.024952469000000033,11.276983925,0.25719814500000027,2.6381707113917225,1.092649484712564
westcoast_0140,2008,Central California,1,2,7.145525602108855,7.145525602108855,0.0,0.0,0.590796151,0.0,15.27888214,0.0,0.0,0.0
westcoast_0142,1999,Central California,2,9,1.5277137430207226,1.6034972521875663,2.488354980321084,2.488354980321084,0.5591667204999999,0.04339219950000006,11.93060799,0.024667269999998354,-1.5890269151739727,0.49041462650586287
westcoast_0142,2000,Central California,2,11,1.5277137430207226,1.6034972521875663,0.9625369004275146,0.9625369004275145,0.5591667204999999,0.04339219950000006,11.93060799,0.024667269999998354,-1.660947433286918,0.4184941083929179
westcoast_0142,2001,Central California,2,11,1.5277137430207226,1.6034972521875663,0.0,0.0,0.5591667204999999,0.04339219950000006,11.93060799,0.024667269999998354,-1.7776740307447068,0.16823611831060648
westcoast_0142,2002,Central California,2,12,1.5277137430207226,1.6034972521875663,0.0,0.0,0.5591667204999999,0.04339219950000006,11.93060799,0.024667269999998354,-1.393987275786579,0.7008400952266338
westcoast_0142,2003,Central California,2,9,1.5277137430207226,1.6034972521875663,0.0,0.0,0.5591667204999999,0.04339219950000006,11.93060799,0.024667269999998354,-2.7371527890633125,0.48172303580488807
westcoast_0142,2004,Central California,2,11,1.5277137430207226,1.6034972521875663,0.0,0.0,0.5591667204999999,0.04339219950000006,11.93060799,0.024667269999998354,-2.0421216042816703,0.5969357253335881
westcoast_0142,2005,Central California,2,8,1.5277137430207226,1.6034972521875663,0.0,0.0,0.5591667204999999,0.04339219950000006,11.93060799,0.024667269999998354,-2.171902710926842,0.2259925618715286
westcoast_0142,2006,Central California,2,12,1.5277137430207226,1.6034972521875663,0.0,0.0,0.5591667204999999,0.04339219950000006,11.93060799,0.024667269999998354,-2.827995905409926,0.43010063261155596
westcoast_0142,2007,Central California,2,10,1.5277137430207226,1.6034972521875663,0.7225929394740412,0.37601934919406854,0.5591667204999999,0.04339219950000006,11.93060799,0.024667269999998354,-1.9741381754107599,0.38511126023678743
westcoast_0142,2008,Central California,2,9,1.5277137430207226,1.6034972521875663,1.3862943611198906,0.6931471805599452,0.5591667204999999,0.04339219950000006,11.93060799,0.024667269999998354,-0.34657359027997264,0.3465735902799726
westcoast_0142,2009,Central California,2,9,1.5277137430207226,1.6034972521875663,1.2749666069560497,1.2749666069560495,0.5591667204999999,0.04339219950000006,11.93060799,0.024667269999998354,-0.8958797346140275,0.2027325540540822
westcoast_0142,2010,Central California,2,10,1.5277137430207226,1.6034972521875663,1.3064366684283004,0.9598630781483277,0.5591667204999999,0.04339219950000006,11.93060799,0.024667269999998354,-0.5198603854199589,0.5198603854199588
westcoast_0142,2011,Central California,2,11,1.5277137430207226,1.6034972521875663,0.6770125502755525,0.6770125502755524,0.5591667204999999,0.04339219950000006,11.93060799,0.024667269999998354,-1.0691665297540138,0.7225929394740411
westcoast_0142,2012,Central California,2,9,1.5277137430207226,1.6034972521875663,0.34657359027997264,0.3465735902799726,0.5591667204999999,0.04339219950000006,11.93060799,0.024667269999998354,-1.2090704767378695,1.2090704767378697
westcoast_0143,1999,Central California,1,5,6.573100541345948,6.573100541345948,0.6931471805599453,0.0,0.533010659,0.0,11.72960997,0.0,-1.9459101490553132,0.0
westcoast_0143,2000,Central California,1,6,6.573100541345948,6.573100541345948,3.5537127370553523,0.0,0.533010659,0.0,11.72960997,0.0,-0.6931471805599453,0.0
westcoast_0143,2001,Central California,1,5,6.573100541345948,6.573100541345948,0.0,0.0,0.533010659,0.0,11.72960997,0.0,-1.9459101490553132,0.0
westcoast_0143,2002,Central California,1,6,6.573100541345948,6.573100541345948,0.0,0.0,0.533010659,0.0,11.72960997,0.0,-2.359249435647547,0.0
westcoast_0143,2003,Central California,1,5,6.573100541345948,6.573100541345948,0.0,0.0,0.533010659,0.0,11.72960997,0.0,-2.1972245773362196,0.0
westcoast_0143,2004,Central California,1,6,6.573100541345948,6.573100541345948,0.0,0.0,0.533010659,0.0,11.72960997,0.0,-2.34106561356211,0.0
westcoast_0143,2005,Central California,1,6,6.573100541345948,6.573100541345948,0.0,0.0,0.533010659,0.0,11.72960997,0.0,-2.967447097809794,0.0
westcoast_0143,2006,Central California,1,6,6.573100541345948,6.573100541345948,0.0,0.0,0.533010659,0.0,11.72960997,0.0,-2.282174095733918,0.0
westcoast_0143,2007,Central California,1,6,6.573100541345948,6.573100541345948,0.0,0.0,0.533010659,0.0,11.72960997,0.0,-2.8518912373281005,0.0
westcoast_0143,2008,Central California,1,4,6.573100541345948,6.573100541345948,0.0,0.0,0.533010659,0.0,11.72960997,0.0,-1.9356005054539454,0.0
westcoast_0143,2009,Central California,1,5,6.573100541345948,6.573100541345948,0.0,0.0,0.533010659,0.0,11.72960997,0.0,-2.7212088552608966,0.0
westcoast_0143,2010,Central California,2,11,6.208550533953457,6.573100541345948,0.8958797346140275,0.8958797346140276,0.48942454999999996,0.043586108999999984,9.9605422535,1.7690677165000004,-2.0421216042816703,0.0962114552263571
westcoast_0143,2011,Central California,2,11,6.208550533953457,6.573100541345948,0.0,0.0,0.48942454999999996,0.043586108999999984,9.9605422535,1.7690677165000004,-2.249132037022714,0.6396941245886141
westcoast_0143,2012,Central California,2,10,6.208550533953457,6.573100541345948,0.17328679513998632,0.1732867951399863,0.48942454999999996,0.043586108999999984,9.9605422535,1.7690677165000004,-2.4778639305463264,0.8888370153723533
westcoast_0143,2013,Central California,1,6,5.844000526560967,5.844000526560967,0.0,0.0,0.445838441,0.0,8.191474537,0.0,-1.868834809141684,0.0
westcoast_0143,2014,Central California,2,11,6.208550533953457,6.573100541345948,1.2424533248940002,1.2424533248940004,0.48942454999999996,0.043586108999999984,9.9605422535,1.7690677165000004,-2.6729862282250996,0.3227460453288913
westcoast_0149,1999,Southern California,1,6,6.113624113475775,6.113624113475775,0.0,0.0,0.720057072,0.0,11.3822339,0.0,-1.5890269151739727,0.0
westcoast_0149,2000,Southern California,1,6,6.113624113475775,6.113624113475775,6.473446349828066,0.0,0.720057072,0.0,11.3822339,0.0,-0.34657359027997264,0.0
westcoast_0149,2001,Southern California,1,8,6.113624113475775,6.113624113475775,0.0,0.0,0.720057072,0.0,11.3822339,0.0,-2.668769039850659,0.0
westcoast_0149,2002,Southern California,1,6,6.113624113475775,6.113624113475775,0.0,0.0,0.720057072,0.0,11.3822339,0.0,-2.908555579981602,0.0
westcoast_0149,2003,Southern California,1,6,6.113624113475775,6.113624113475775,0.0,0.0,0.720057072,0.0,11.3822339,0.0,-2.0471722811110507,0.0
westcoast_0149,2004,Southern California,1,6,6.113624113475775,6.113624113475775,0.0,0.0,0.720057072,0.0,11.3822339,0.0,-2.5053176470481278,0.0
westcoast_0149,2005,Southern California,1,6,6.113624113475775,6.113624113475775,0.0,0.0,0.720057072,0.0,11.3822339,0.0,-2.5184763012068148,0.0
westcoast_0149,2006,Southern California,1,7,6.113624113475775,6.113624113475775,0.0,0.0,0.720057072,0.0,11.3822339,0.0,-2.1972245773362196,0.0
westcoast_0149,2007,Southern California,1,6,6.113624113475775,6.113624113475775,0.0,0.0,0.720057072,0.0,11.3822339,0.0,-1.9356005054539454,0.0
westcoast_0149,2008,Southern California,1,6,6.113624113475775,6.113624113475775,0.0,0.0,0.720057072,0.0,11.3822339,0.0,-2.3680992241972474,0.0
westcoast_0149,2009,Southern California,1,6,6.113624113475775,6.113624113475775,0.0,0.0,0.720057072,0.0,11.3822339,0.0,-2.0948273710132126,0.0
westcoast_0149,2010,Southern California,1,6,6.113624113475775,6.113624113475775,0.0,0.0,0.720057072,0.0,11.3822339,0.0,-2.1972245773362196,0.0
westcoast_0149,2011,Southern California,1,5,6.113624113475775,6.113624113475775,0.0,0.0,0.720057072,0.0,11.3822339,0.0,-2.772588722239781,0.0
westcoast_0149,2012,Southern California,1,4,6.113624113475775,6.113624113475775,0.0,0.0,0.720057072,0.0,11.3822339,0.0,-2.833213344056216,0.0
westcoast_0150,1999,Southern California,2,10,3.2688487657702074,3.3535266355058266,7.3379415084521336,0.17516557133136423,0.5624544375,0.14500587549999994,13.46903225,0.7798938799999995,-1.3438196019210413,0.9972460116410686
westcoast_0150,2000,Southern California,1,11,3.184170896034588,3.184170896034588,7.13966033596492,0.0,0.707460313,0.0,14.24892613,0.0,0.0,0.0
westcoast_0150,2001,Southern California,1,12,3.184170896034588,3.184170896034588,6.607909555756956,0.0,0.707460313,0.0,14.24892613,0.0,0.0,0.0
westcoast_0150,2002,Southern California,2,11,3.2688487657702074,3.3535266355058266,3.6146857418052933,2.092424522943582,0.5624544375,0.14500587549999994,13.46903225,0.7798938799999995,-0.9729550745276566,0.9729550745276565
westcoast_0150,2007,Southern California,3,11,3.3535266355058266,3.3592754324201413,4.5217885770490405,1.154980382268791,0.417448562,0.162523519,14.1831542,0.7798938799999995,-2.0794415416798357,1.2592381506034072
westcoast_0150,2008,Southern California,3,12,3.3535266355058266,3.3592754324201413,5.327322086799486,0.7735445070423204,0.417448562,0.162523519,14.1831542,0.7798938799999995,-0.34657359027997264,0.9878109296453568
westcoast_0150,2009,Southern California,3,12,3.3535266355058266,3.3592754324201413,5.080032939968287,0.9731327050084344,0.417448562,0.162523519,14.1831542,0.7798938799999995,-2.178354413344796,0.5583980553767736
westcoast_0150,2010,Southern California,3,12,3.3535266355058266,3.3592754324201413,5.433826872325657,0.3970367424255068,0.417448562,0.162523519,14.1831542,0.7798938799999995,-0.8958797346140275,1.0793720283840775
westcoast_0150,2011,Southern California,3,12,3.3535266355058266,3.3592754324201413,5.938541174628358,0.35095411047260505,0.417448562,0.162523519,14.1831542,0.7798938799999995,-0.34657359027997264,0.44793986730701363
westcoast_0150,2012,Southern California,3,12,3.3535266355058266,3.3592754324201413,5.111152426959309,0.2684874244823403,0.417448562,0.162523519,14.1831542,0.7798938799999995,-0.34657359027997264,0.3465735902799726
westcoast_0150,2013,Southern California,3,12,3.3535266355058266,3.3592754324201413,4.642399141447097,0.7860826994324119,0.417448562,0.162523519,14.1831542,0.7798938799999995,-0.8958797346140275,0.7225929394740412
westcoast_0150,2014,Southern California,3,12,3.3535266355058266,3.3592754324201413,4.619463914414048,0.17669789836304695,0.417448562,0.162523519,14.1831542,0.7798938799999995,-2.4849066497880004,1.0483588662165828
westcoast_0150,2015,Southern California,3,12,3.3535266355058266,3.3592754324201413,4.848047155656575,0.8350742871690526,0.417448562,0.162523519,14.1831542,0.7798938799999995,-2.995732273553991,0.23339409204029504
westcoast_0150,2016,Southern California,3,12,3.3535266355058266,3.3592754324201413,4.351088932814838,0.17230832030970245,0.417448562,0.162523519,14.1831542,0.7798938799999995,-2.6020033435383976,0.4703429069794356
westcoast_0150,2017,Southern California,3,12,3.3535266355058266,3.3592754324201413,4.343721083487962,0.5123971446325388,0.417448562,0.162523519,14.1831542,0.7798938799999995,-1.868834809141684,0.9074150236134915
westcoast_0150,2018,Southern California,3,12,3.3535266355058266,3.3592754324201413,5.164671675146013,0.3425185673825215,0.417448562,0.162523519,14.1831542,0.7798938799999995,-2.470821211304652,0.7802238541269992
westcoast_0150,2019,Southern California,3,12,3.3535266355058266,3.3592754324201413,5.372915149728963,0.6826834236776484,0.417448562,0.162523519,14.1831542,0.7798938799999995,-2.1653666701431655,1.1926711561164165
westcoast_0150,2020,Southern California,3,12,3.3535266355058266,3.3592754324201413,5.102684172193861,0.2991161957189554,0.417448562,0.162523519,14.1831542,0.7798938799999995,-1.4978661367769954,0.6117915804512881
westcoast_0154,2010,Southern California,1,6,0.7721552267066695,0.7721552267066695,5.872625367499639,0.0,0.597875783,0.0,11.75464413,0.0,0.0,0.0
westcoast_0154,2011,Southern California,1,5,0.7721552267066695,0.7721552267066695,5.82600010738045,0.0,0.597875783,0.0,11.75464413,0.0,0.0,0.0
westcoast_0154,2012,Southern California,1,6,0.7721552267066695,0.7721552267066695,5.361919953665681,0.0,0.597875783,0.0,11.75464413,0.0,0.0,0.0
westcoast_0154,2013,Southern California,1,6,0.7721552267066695,0.7721552267066695,4.73712095788128,0.0,0.597875783,0.0,11.75464413,0.0,-0.8958797346140275,0.0
westcoast_0154,2014,Southern California,1,6,0.7721552267066695,0.7721552267066695,3.564648774464686,0.0,0.597875783,0.0,11.75464413,0.0,-2.9634630129852053,0.0
westcoast_0154,2015,Southern California,1,6,0.7721552267066695,0.7721552267066695,4.9410042604295015,0.0,0.597875783,0.0,11.75464413,0.0,-3.7365345440160986,0.0
westcoast_0154,2016,Southern California,1,6,0.7721552267066695,0.7721552267066695,4.4734477619442234,0.0,0.597875783,0.0,11.75464413,0.0,-2.5053176470481278,0.0
westcoast_0154,2017,Southern California,1,6,0.7721552267066695,0.7721552267066695,4.973847903600224,0.0,0.597875783,0.0,11.75464413,0.0,-1.8920948169591307,0.0
westcoast_0154,2018,Southern California,1,6,0.7721552267066695,0.7721552267066695,4.476755381503583,0.0,0.597875783,0.0,11.75464413,0.0,-0.34657359027997264,0.0
westcoast_0154,2019,Southern California,1,6,0.7721552267066695,0.7721552267066695,5.544826369106049,0.0,0.597875783,0.0,11.75464413,0.0,0.0,0.0
westcoast_0154,2020,Southern California,1,6,0.7721552267066695,0.7721552267066695,4.361127117589841,0.0,0.597875783,0.0,11.75464413,0.0,0.0,0.0
westcoast_0163,2003,Southern California,4,22,4.403110090908808,5.011426718891303,4.491808738488891,1.4904715002448188,0.7611275055,0.019193657500000016,10.14663928,1.0051794867500004,-3.0868930519509683,0.5105576655882951
westcoast_0163,2004,Southern California,8,55,4.70589866123388,5.530156309476832,4.385392545800624,2.295093381356991,0.7611275055,0.08888044449999999,10.170018675000001,0.7837242389999997,-3.104391144905977,0.5060503748229821
westcoast_0163,2005,Southern California,8,48,4.70589866123388,5.530156309476832,2.5593641647348058,2.3428217781336493,0.7611275055,0.08888044449999999,10.170018675000001,0.7837242389999997,-2.969392144639534,0.5071757988794001
westcoast_0163,2006,Southern California,8,48,4.70589866123388,5.530156309476832,4.100363497382505,1.906631859752829,0.7611275055,0.08888044449999999,10.170018675000001,0.7837242389999997,-3.606325825782252,1.0940776057677408
westcoast_0163,2007,Southern California,8,48,4.70589866123388,5.530156309476832,4.4216618917060195,3.3591395701855653,0.7611275055,0.08888044449999999,10.170018675000001,0.7837242389999997,-3.4077767087414985,0.287601062887076
westcoast_0163,2008,Southern California,8,48,4.70589866123388,5.530156309476832,4.31306381185335,3.1680453881609454,0.7611275055,0.08888044449999999,10.170018675000001,0.7837242389999997,-3.345731504981298,0.9074787255681436
westcoast_0163,2009,Southern California,8,48,4.70589866123388,5.530156309476832,5.2303446140116545,3.12571327600448,0.7611275055,0.08888044449999999,10.170018675000001,0.7837242389999997,-3.202531570724041,0.24924715389791885
westcoast_0163,2010,Southern California,8,48,4.70589866123388,5.530156309476832,5.053239129967795,3.7689005769183628,0.7611275055,0.08888044449999999,10.170018675000001,0.7837242389999997,-2.6365852347604015,1.7957972085760823
westcoast_0163,2011,Southern California,8,48,4.70589866123388,5.530156309476832,4.515992949858905,2.63101204352246,0.7611275055,0.08888044449999999,10.170018675000001,0.7837242389999997,-2.409880501675416,1.649058945929125
westcoast_0163,2012,Southern California,8,48,4.70589866123388,5.530156309476832,3.3851684080602933,3.7864575758896573,0.7611275055,0.08888044449999999,10.170018675000001,0.7837242389999997,-2.774352505252141,0.5340603206664101
westcoast_0163,2014,Southern California,4,24,5.253655112020573,5.530156309476832,6.094680363414396,0.4125324091440392,0.810525425,0.12567165424999993,9.716095912,0.9339549087499996,-1.0691665297540138,2.4029486388748498
westcoast_0163,2016,Southern California,4,24,5.253655112020573,5.530156309476832,6.822878101063641,0.15995799566308033,0.810525425,0.12567165424999993,9.716095912,0.9339549087499996,0.0,0.3805653047154279
westcoast_0163,2018,Southern California,4,24,5.253655112020573,5.530156309476832,7.0959299533304785,0.5024923201033582,0.810525425,0.12567165424999993,9.716095912,0.9339549087499996,0.0,0.0
westcoast_0163,2019,Southern California,4,24,5.253655112020573,5.530156309476832,6.902173572048069,0.274108686531366,0.810525425,0.12567165424999993,9.716095912,0.9339549087499996,0.0,0.0
westcoast_0163,2020,Southern California,4,24,5.253655112020573,5.530156309476832,6.71028774650119,0.23810502711393067,0.810525425,0.12567165424999993,9.716095912,0.9339549087499996,0.0,0.0
westcoast_0167,2001,Southern California,1,3,5.889304324127533,5.889304324127533,4.110873864173311,0.0,0.401211767,0.0,10.45641318,0.0,-2.0794415416798357,0.0
westcoast_0167,2002,Southern California,1,6,5.889304324127533,5.889304324127533,2.3978952727983707,0.0,0.401211767,0.0,10.45641318,0.0,-2.8715015939047412,0.0
westcoast_0167,2003,Southern California,1,6,5.889304324127533,5.889304324127533,2.9944807084449314,0.0,0.401211767,0.0,10.45641318,0.0,-3.172818180414298,0.0
westcoast_0167,2004,Southern California,1,6,5.889304324127533,5.889304324127533,6.569325997327798,0.0,0.401211767,0.0,10.45641318,0.0,-3.398970206487465,0.0
westcoast_0167,2005,Southern California,1,6,5.889304324127533,5.889304324127533,4.450819466150163,0.0,0.401211767,0.0,10.45641318,0.0,-3.4011973816621555,0.0
westcoast_0167,2006,Southern California,1,6,5.889304324127533,5.889304324127533,5.427437560723856,0.0,0.401211767,0.0,10.45641318,0.0,-2.668769039850659,0.0
westcoast_0167,2007,Southern California,1,6,5.889304324127533,5.889304324127533,2.57083177825133,0.0,0.401211767,0.0,10.45641318,0.0,-2.70805020110221,0.0
westcoast_0167,2008,Southern California,1,6,5.889304324127533,5.889304324127533,5.557773783522341,0.0,0.401211767,0.0,10.45641318,0.0,-3.239254821104285,0.0
westcoast_0167,2009,Southern California,1,6,5.889304324127533,5.889304324127533,5.199335740156081,0.0,0.401211767,0.0,10.45641318,0.0,-3.3485171238332425,0.0
westcoast_0167,2010,Southern California,1,6,5.889304324127533,5.889304324127533,6.584461241592141,0.0,0.401211767,0.0,10.45641318,0.0,-2.9174053685313024,0.0
westcoast_0167,2011,Southern California,1,6,5.889304324127533,5.889304324127533,7.0324555780199525,0.0,0.401211767,0.0,10.45641318,0.0,0.0,0.0
westcoast_0167,2012,Southern California,1,6,5.889304324127533,5.889304324127533,6.754885207795395,0.0,0.401211767,0.0,10.45641318,0.0,-0.34657359027997264,0.0
westcoast_0167,2014,Southern California,1,6,5.889304324127533,5.889304324127533,7.364839720153524,0.0,0.401211767,0.0,10.45641318,0.0,0.0,0.0
westcoast_0167,2015,Southern California,1,6,5.889304324127533,5.889304324127533,6.228882390124399,0.0,0.401211767,0.0,10.45641318,0.0,-3.496048213707944,0.0
westcoast_0167,2017,Southern California,1,6,5.889304324127533,5.889304324127533,5.437133234847177,0.0,0.401211767,0.0,10.45641318,0.0,-0.34657359027997264,0.0
westcoast_0167,2018,Southern California,1,6,5.889304324127533,5.889304324127533,6.916126803780816,0.0,0.401211767,0.0,10.45641318,0.0,0.0,0.0
westcoast_0167,2019,Southern California,1,6,5.889304324127533,5.889304324127533,6.058850171450601,0.0,0.401211767,0.0,10.45641318,0.0,0.0,0.0
westcoast_0167,2020,Southern California,1,6,5.889304324127533,5.889304324127533,6.1539421858383765,0.0,0.401211767,0.0,10.45641318,0.0,0.0,0.0
westcoast_0168,2000,Southern California,2,8,5.638576701583178,5.677693917952955,6.949365175270255,0.285798798920319,0.4483787615,0.04613697750000001,11.123887199999999,0.6067214399999994,0.0,0.0
westcoast_0168,2001,Southern California,3,11,5.677693917952955,5.786328031389565,4.787179145085087,1.0316829981584767,0.402241784,0.058874107499999995,10.51716576,1.012400444999999,0.0,1.8688348091416842
westcoast_0168,2002,Southern California,3,14,5.677693917952955,5.786328031389565,3.1083030505424323,2.4071146065519162,0.402241784,0.058874107499999995,10.51716576,1.012400444999999,0.0,1.8836906642593845
westcoast_0168,2003,Southern California,3,14,5.677693917952955,5.786328031389565,3.936036989933437,0.8540719068464369,0.402241784,0.058874107499999995,10.51716576,1.012400444999999,-2.9444389791664403,0.8145241345053709
westcoast_0168,2004,Southern California,3,14,5.677693917952955,5.786328031389565,2.8120087530936693,3.0110765934727164,0.402241784,0.058874107499999995,10.51716576,1.012400444999999,-3.1815140517702325,0.39873964779231663
westcoast_0168,2005,Southern California,3,14,5.677693917952955,5.786328031389565,4.241507869807325,1.662246137506194,0.402241784,0.058874107499999995,10.51716576,1.012400444999999,-3.612012404142915,0.21440980354548378
westcoast_0168,2006,Southern California,3,14,5.677693917952955,5.786328031389565,3.4705950275341872,1.7886350584749233,0.402241784,0.058874107499999995,10.51716576,1.012400444999999,-3.425592463746871,0.39076667381299446
westcoast_0168,2007,Southern California,3,14,5.677693917952955,5.786328031389565,2.4414009612931853,2.194327675763632,0.402241784,0.058874107499999995,10.51716576,1.012400444999999,-2.6876392038420827,0.7149000248073527
westcoast_0168,2008,Southern California,3,14,5.677693917952955,5.786328031389565,4.977565392843983,0.4939232430360079,0.402241784,0.058874107499999995,10.51716576,1.012400444999999,-2.908555579981602,0.2712283610774868
westcoast_0168,2009,Southern California,3,14,5.677693917952955,5.786328031389565,3.6576091948764873,1.2917653438776835,0.402241784,0.058874107499999995,10.51716576,1.012400444999999,-3.3423058638339636,0.3540138520701803
westcoast_0168,2010,Southern California,3,14,5.677693917952955,5.786328031389565,4.362591247479385,0.6595955669813334,0.402241784,0.058874107499999995,10.51716576,1.012400444999999,-2.799210979499187,0.30308526349911347
westcoast_0168,2011,Southern California,3,14,5.677693917952955,5.786328031389565,5.6501135857587785,0.5048561682301944,0.402241784,0.058874107499999995,10.51716576,1.012400444999999,-1.6094379124341003,1.796914291028739
westcoast_0168,2012,Southern California,3,14,5.677693917952955,5.786328031389565,5.242516278257385,0.775578243678793,0.402241784,0.058874107499999995,10.51716576,1.012400444999999,-3.008078579849177,1.0625698409607152
westcoast_0168,2014,Southern California,3,14,5.677693917952955,5.786328031389565,6.33836927770983,0.682028034012105,0.402241784,0.058874107499999995,10.51716576,1.012400444999999,0.0,1.4292569253515555
westcoast_0168,2015,Southern California,3,14,5.677693917952955,5.786328031389565,6.327461430288872,0.5204707258233903,0.402241784,0.058874107499999995,10.51716576,1.012400444999999,0.0,0.0
westcoast_0168,2016,Southern California,2,8,5.638576701583178,5.677693917952955,4.9147250972837035,0.1933645329622662,0.4483787615,0.04613697750000001,11.123887199999999,0.6067214399999994,0.0,0.0
westcoast_0168,2017,Southern California,3,14,5.677693917952955,5.786328031389565,6.37612064078408,0.6644005326317242,0.402241784,0.058874107499999995,10.51716576,1.012400444999999,0.0,0.6770125502755525
westcoast_0168,2018,Southern California,3,14,5.677693917952955,5.786328031389565,6.515334526255159,0.34191914988654304,0.402241784,0.058874107499999995,10.51716576,1.012400444999999,0.0,0.0
westcoast_0168,2019,Southern California,3,14,5.677693917952955,5.786328031389565,6.039165089489609,0.8867178151212363,0.402241784,0.058874107499999995,10.51716576,1.012400444999999,0.0,0.0
westcoast_0168,2020,Southern California,3,14,5.677693917952955,5.786328031389565,6.124307379897921,0.8719964611085418,0.402241784,0.058874107499999995,10.51716576,1.012400444999999,0.0,0.0
westcoast_0170,2004,Southern California,2,8,4.541864764553136,4.952814723508388,6.124928979410193,0.029926860734637906,0.331307673,0.3078657960000001,7.7264150395,1.8839881965000007,-3.8312438540682283,0.3265393877139098
westcoast_0170,2005,Southern California,2,8,4.541864764553136,4.952814723508388,6.386537014293456,0.2534661047954154,0.331307673,0.3078657960000001,7.7264150395,1.8839881965000007,-2.9367225637290053,0.4840851745097905
westcoast_0170,2006,Southern California,2,8,4.541864764553136,4.952814723508388,5.5908177683931,2.08656517735196,0.331307673,0.3078657960000001,7.7264150395,1.8839881965000007,-0.5493061443340549,0.5493061443340548
westcoast_0170,2007,Southern California,2,8,4.541864764553136,4.952814723508388,6.5365397490127,0.7400941257086444,0.331307673,0.3078657960000001,7.7264150395,1.8839881965000007,-0.7225929394740411,0.722592939474041
westcoast_0170,2008,Southern California,2,8,4.541864764553136,4.952814723508388,5.643606843479325,1.515043700480609,0.331307673,0.3078657960000001,7.7264150395,1.8839881965000007,-1.444413080805664,1.4444130808056639
westcoast_0170,2009,Southern California,2,8,4.541864764553136,4.952814723508388,4.976664717607305,2.0118701459123574,0.331307673,0.3078657960000001,7.7264150395,1.8839881965000007,-1.156243203321068,1.156243203321068
westcoast_0170,2010,Southern California,2,8,4.541864764553136,4.952814723508388,6.174539923681303,0.20461068383448655,0.331307673,0.3078657960000001,7.7264150395,1.8839881965000007,-1.0986122886681098,0.549306144334055
westcoast_0170,2011,Southern California,2,8,4.541864764553136,4.952814723508388,5.38956661887123,1.1759323769271033,0.331307673,0.3078657960000001,7.7264150395,1.8839881965000007,-0.5198603854199589,0.5198603854199588
westcoast_0170,2012,Southern California,2,8,4.541864764553136,4.952814723508388,4.598888237170936,1.4494136137429647,0.331307673,0.3078657960000001,7.7264150395,1.8839881965000007,-0.6212266624470001,0.2746530721670275
westcoast_0170,2014,Southern California,2,8,4.541864764553136,4.952814723508388,5.558386234280535,0.6930459402251561,0.331307673,0.3078657960000001,7.7264150395,1.8839881965000007,-1.7055493476551227,1.7055493476551224
westcoast_0170,2015,Southern California,2,8,4.541864764553136,4.952814723508388,4.689944069892785,1.411554891813764,0.331307673,0.3078657960000001,7.7264150395,1.8839881965000007,-2.5427672383202267,1.444154949652117
westcoast_0170,2018,Southern California,2,7,4.541864764553136,4.952814723508388,6.63069626100208,0.7010187087243853,0.331307673,0.3078657960000001,7.7264150395,1.8839881965000007,-1.791759469228055,0.0
westcoast_0170,2019,Southern California,2,8,4.541864764553136,4.952814723508388,4.366098169358128,1.6807791552942968,0.331307673,0.3078657960000001,7.7264150395,1.8839881965000007,-1.9296713737996165,0.026340128914456695
westcoast_0170,2020,Southern California,2,8,4.541864764553136,4.952814723508388,4.797896675731746,1.75564696919416,0.331307673,0.3078657960000001,7.7264150395,1.8839881965000007,-3.042170564077904,0.6084033388501129
westcoast_0171,2001,Southern California,1,2,3.297343062920976,3.297343062920976,0.0,0.0,0.256888889,0.0,13.22331557,0.0,-1.3862943611198906,0.0
westcoast_0171,2002,Southern California,1,6,3.452913427457097,3.452913427457097,2.1313399385206577,0.0,0.211025564,0.0,13.50783974,0.0,-2.6364997792818734,0.0
westcoast_0171,2003,Southern California,2,12,3.3751282451890363,3.452913427457097,4.835785382458571,0.8953832101211203,0.2339572265,0.022931662500000005,13.365577655,0.14226208500000048,-2.9540562370792713,0.6564963120119764
westcoast_0171,2004,Southern California,5,30,3.452913427457097,5.54958974781691,4.111276819198479,3.295863939128845,0.428585468,0.292932413,13.22331557,4.019255190999999,-3.1567740231385475,3.275540167521702
westcoast_0171,2005,Southern California,5,30,3.452913427457097,5.54958974781691,4.545384118417669,2.5623167992836793,0.428585468,0.292932413,13.22331557,4.019255190999999,-2.9700856263602153,3.449861553642436
westcoast_0171,2006,Southern California,5,30,3.452913427457097,5.54958974781691,6.35314964906067,2.1084193119516303,0.428585468,0.292932413,13.22331557,4.019255190999999,-2.282174095733918,2.5649493574615367
westcoast_0171,2007,Southern California,7,41,3.856862601125045,5.54958974781691,6.7205249043594,1.250870487111106,0.428585468,0.397576459,9.890613747,4.565442206,0.0,1.3077771542136467
westcoast_0171,2008,Southern California,5,30,3.452913427457097,5.54958974781691,6.058374753784985,1.5843507201979357,0.428585468,0.292932413,13.22331557,4.019255190999999,0.0,2.833213344056216
westcoast_0171,2009,Southern California,7,42,3.856862601125045,5.54958974781691,6.556897385764698,0.5999601288326364,0.428585468,0.397576459,9.890613747,4.565442206,0.0,2.6177678775301816
westcoast_0171,2010,Southern California,6,36,3.654888014291071,5.54958974781691,5.909199602881542,0.9008849578570999,0.48920338500000005,0.3725768435,11.2239278445,4.8487755835,-2.2691450954491645,3.4208117554021715
westcoast_0171,2011,Southern California,6,36,3.654888014291071,5.54958974781691,6.412260380933818,0.6816726381902356,0.48920338500000005,0.3725768435,11.2239278445,4.8487755835,-0.17328679513998632,1.7299033855726986
westcoast_0171,2012,Southern California,6,36,3.654888014291071,5.54958974781691,6.710576841745883,1.3435436297256356,0.48920338500000005,0.3725768435,11.2239278445,4.8487755835,0.0,2.263305537196784
westcoast_0171,2013,Southern California,5,30,4.303421084809457,5.54958974781691,6.937568517370412,0.18381990758500244,0.549821302,0.28466060099999996,9.224540119,1.7789273980000004,0.0,0.34657359027997264
westcoast_0171,2014,Southern California,6,36,3.654888014291071,5.54958974781691,6.3207001408977455,1.48926587586174,0.48920338500000005,0.3725768435,11.2239278445,4.8487755835,-1.3996054897495935,2.8856573514786246
westcoast_0171,2015,Southern California,6,36,3.654888014291071,5.54958974781691,5.203016633536851,0.9530954097718585,0.48920338500000005,0.3725768435,11.2239278445,4.8487755835,-1.2624640018123843,3.2067224042700517
westcoast_0171,2016,Southern California,4,24,4.080141842967251,5.54958974781691,3.6361615777141107,0.5435672554809083,0.6315336855,0.26464703325000005,8.668113234,2.3218770515000005,-1.1249524175825663,2.8656100953229906
westcoast_0171,2017,Southern California,4,24,4.080141842967251,5.54958974781691,4.6613301937455125,0.9590796803057593,0.6315336855,0.26464703325000005,8.668113234,2.3218770515000005,-2.0728866274709774,4.239865664662228
westcoast_0171,2018,Southern California,6,36,3.654888014291071,5.54958974781691,5.579185425862295,1.8042044290656216,0.48920338500000005,0.3725768435,11.2239278445,4.8487755835,-2.2526672942117787,1.3117273009867372
westcoast_0171,2019,Southern California,6,36,3.654888014291071,5.54958974781691,4.710442292490403,1.4660875885465128,0.48920338500000005,0.3725768435,11.2239278445,4.8487755835,-1.5850898259319381,3.887859146048625
westcoast_0171,2020,Southern California,4,24,4.080141842967251,5.54958974781691,4.63344560980334,1.674212959562317,0.6315336855,0.26464703325000005,8.668113234,2.3218770515000005,-2.622568429276166,2.5051866035677355
westcoast_0172,2003,Southern California,2,8,1.067015561206492,1.3078626800077673,6.264365603063177,0.11349240526394944,0.37292244,0.14110638100000006,13.290662765,1.8491136150000003,0.0,0.0
westcoast_0172,2004,Southern California,2,8,1.067015561206492,1.3078626800077673,5.729369323403159,0.1281840950806341,0.37292244,0.14110638100000006,13.290662765,1.8491136150000003,0.0,0.0
westcoast_0172,2005,Southern California,2,10,1.067015561206492,1.3078626800077673,5.9822989334443655,0.0481927103773101,0.37292244,0.14110638100000006,13.290662765,1.8491136150000003,-0.27465307216702745,0.2746530721670274
westcoast_0172,2006,Southern California,2,8,1.067015561206492,1.3078626800077673,5.730171605767913,0.6430899386200855,0.37292244,0.14110638100000006,13.290662765,1.8491136150000003,0.0,0.0
westcoast_0172,2007,Southern California,2,8,1.067015561206492,1.3078626800077673,5.4451801710533125,0.2944679739415621,0.37292244,0.14110638100000006,13.290662765,1.8491136150000003,0.0,0.0
westcoast_0172,2008,Southern California,2,8,1.067015561206492,1.3078626800077673,5.513579102290425,0.2454818676480981,0.37292244,0.14110638100000006,13.290662765,1.8491136150000003,-0.6212266624470001,0.6212266624470002
westcoast_0172,2009,Southern California,2,8,1.067015561206492,1.3078626800077673,5.811714467280936,0.6905752035927861,0.37292244,0.14110638100000006,13.290662765,1.8491136150000003,-0.44793986730701374,0.4479398673070138
westcoast_0172,2010,Southern California,2,8,1.067015561206492,1.3078626800077673,5.522390181809426,0.8921586911197288,0.37292244,0.14110638100000006,13.290662765,1.8491136150000003,-1.2424533248940002,1.2424533248940004
westcoast_0172,2011,Southern California,2,8,1.067015561206492,1.3078626800077673,6.4099463883542365,0.9398341696111618,0.37292244,0.14110638100000006,13.290662765,1.8491136150000003,0.0,0.0
westcoast_0172,2012,Southern California,2,8,1.067015561206492,1.3078626800077673,6.177409953393262,0.42901191187308996,0.37292244,0.14110638100000006,13.290662765,1.8491136150000003,0.0,0.0
westcoast_0172,2014,Southern California,2,6,1.067015561206492,1.3078626800077673,6.368694806454685,0.13745443361627174,0.37292244,0.14110638100000006,13.290662765,1.8491136150000003,-1.0955066586684703,0.7489330683884976
westcoast_0172,2015,Southern California,2,8,1.067015561206492,1.3078626800077673,3.700048095072873,0.5731336892851364,0.37292244,0.14110638100000006,13.290662765,1.8491136150000003,-1.184049612098624,0.8374760218186512
westcoast_0172,2016,Southern California,2,8,1.067015561206492,1.3078626800077673,3.3735575840203897,0.6395275134528235,0.37292244,0.14110638100000006,13.290662765,1.8491136150000003,-2.4414009612931853,0.8958797346140277
westcoast_0172,2017,Southern California,2,8,1.067015561206492,1.3078626800077673,4.77383181442441,0.1488590011401394,0.37292244,0.14110638100000006,13.290662765,1.8491136150000003,-4.890818089380813,0.014456689057616323
westcoast_0172,2018,Southern California,2,8,1.067015561206492,1.3078626800077673,4.308687385025128,0.5586991145490661,0.37292244,0.14110638100000006,13.290662765,1.8491136150000003,-3.4901778986636964,0.8311179017415884
westcoast_0172,2019,Southern California,2,8,1.067015561206492,1.3078626800077673,3.829583458832028,1.0492426433242636,0.37292244,0.14110638100000006,13.290662765,1.8491136150000003,-3.588134279910125,1.026152290208496
westcoast_0172,2020,Southern California,2,8,1.067015561206492,1.3078626800077673,4.063753933245977,0.45797556658907634,0.37292244,0.14110638100000006,13.290662765,1.8491136150000003,-2.8910946866397857,1.1134206558950788
westcoast_0173,2000,Southern California,1,3,4.187799552432314,4.187799552432314,3.4339872044851463,0.0,0.510427351,0.0,11.97827061,0.0,0.0,0.0
westcoast_0173,2001,Southern California,2,3,4.516480932977537,4.84516231352276,5.3850344475077065,0.12839429865727592,0.5630695995,0.05264224849999999,9.3486263015,2.6296443085000014,0.0,0.0
westcoast_0173,2002,Southern California,2,8,4.516480932977537,4.84516231352276,7.201165592154659,0.40007437844807114,0.5630695995,0.05264224849999999,9.3486263015,2.6296443085000014,0.0,0.0
westcoast_0173,2003,Southern California,2,8,4.516480932977537,4.84516231352276,6.5278932530706255,1.157872154875223,0.5630695995,0.05264224849999999,9.3486263015,2.6296443085000014,0.0,0.0
westcoast_0173,2004,Southern California,2,12,4.516480932977537,4.84516231352276,6.438277735870591,2.18835595933003,0.5630695995,0.05264224849999999,9.3486263015,2.6296443085000014,0.0,0.0
westcoast_0173,2005,Southern California,2,12,4.516480932977537,4.84516231352276,7.204831729706223,0.2975666909810668,0.5630695995,0.05264224849999999,9.3486263015,2.6296443085000014,-0.27465307216702745,0.2746530721670274
westcoast_0173,2006,Southern California,2,12,4.516480932977537,4.84516231352276,6.9026424956675365,0.3879704100102739,0.5630695995,0.05264224849999999,9.3486263015,2.6296443085000014,0.0,0.0
westcoast_0173,2007,Southern California,2,12,4.516480932977537,4.84516231352276,7.130766144001349,0.625810590034976,0.5630695995,0.05264224849999999,9.3486263015,2.6296443085000014,-1.3996054897495938,1.3996054897495935
westcoast_0173,2008,Southern California,2,12,4.516480932977537,4.84516231352276,7.373901611250872,0.38565866288155615,0.5630695995,0.05264224849999999,9.3486263015,2.6296443085000014,-0.8502993454155389,0.8502993454155388
westcoast_0173,2009,Southern California,2,12,4.516480932977537,4.84516231352276,7.357969176012708,0.1790424493788425,0.5630695995,0.05264224849999999,9.3486263015,2.6296443085000014,0.0,0.0
westcoast_0173,2010,Southern California,2,12,4.516480932977537,4.84516231352276,6.583521382365831,0.3226875077611826,0.5630695995,0.05264224849999999,9.3486263015,2.6296443085000014,-1.7989843066188922,1.7989843066188924
westcoast_0173,2011,Southern California,2,12,4.516480932977537,4.84516231352276,6.904850010778345,0.2155107037250401,0.5630695995,0.05264224849999999,9.3486263015,2.6296443085000014,0.0,0.0
westcoast_0173,2012,Southern California,2,12,4.516480932977537,4.84516231352276,6.816728587005394,0.10230111845884515,0.5630695995,0.05264224849999999,9.3486263015,2.6296443085000014,-0.17328679513998632,0.1732867951399863
westcoast_0173,2013,Southern California,2,12,4.516480932977537,4.84516231352276,5.145054786421406,0.3465735902799736,0.5630695995,0.05264224849999999,9.3486263015,2.6296443085000014,-4.430730737708684,0.4015670844182049
westcoast_0173,2014,Southern California,2,12,4.516480932977537,4.84516231352276,4.548531297718695,0.1950379161942477,0.5630695995,0.05264224849999999,9.3486263015,2.6296443085000014,-3.52285698678012,0.38736277085097015
westcoast_0173,2015,Southern California,2,12,4.516480932977537,4.84516231352276,4.134417192851172,0.03221798377648177,0.5630695995,0.05264224849999999,9.3486263015,2.6296443085000014,-1.792529885862407,0.2946637490854116
westcoast_0173,2016,Southern California,2,12,4.516480932977537,4.84516231352276,2.8802234086548513,0.5980493129209332,0.5630695995,0.05264224849999999,9.3486263015,2.6296443085000014,-0.6212266624470001,0.6212266624470002
westcoast_0173,2017,Southern California,2,12,4.516480932977537,4.84516231352276,2.365313680058937,1.4694339454449095,0.5630695995,0.05264224849999999,9.3486263015,2.6296443085000014,-4.357330745043418,0.640497474960334
westcoast_0173,2018,Southern California,2,12,4.516480932977537,4.84516231352276,3.027170074880381,1.0915695694264356,0.5630695995,0.05264224849999999,9.3486263015,2.6296443085000014,-4.0071608698675,0.08327960113069555
westcoast_0173,2019,Southern California,2,12,4.516480932977537,4.84516231352276,3.078451336333264,0.525478599382974,0.5630695995,0.05264224849999999,9.3486263015,2.6296443085000014,-4.204774846949011,0.22026895639577226
westcoast_0173,2020,Southern California,2,12,4.516480932977537,4.84516231352276,3.652783048378141,0.4635699565523477,0.5630695995,0.05264224849999999,9.3486263015,2.6296443085000014,-3.111370792327064,0.091243436688357
westcoast_0175,2008,Southern California,2,6,3.3336747978506054,4.193080971190033,5.884238990107189,0.40211789078318905,0.6295817965,0.2772695255,8.6836390465,1.0114387755000003,-1.93625070087896,0.9632956263513033
westcoast_0175,2010,Southern California,2,12,2.995200270183936,3.5161319158566946,6.158695321917614,0.6029417431637754,0.39346713,0.112182367,9.931640921500001,1.0462191285000007,-1.844439727056968,0.3465735902799725
westcoast_0175,2011,Southern California,2,12,2.995200270183936,3.5161319158566946,5.8944443662562485,1.070340300660325,0.39346713,0.112182367,9.931640921500001,1.0462191285000007,-1.0474136855066063,1.0474136855066063
westcoast_0175,2012,Southern California,2,12,2.995200270183936,3.5161319158566946,5.843984323443646,0.8306894486085907,0.39346713,0.112182367,9.931640921500001,1.0462191285000007,-1.6994851032437326,1.0063379226837872
westcoast_0175,2013,Southern California,2,12,2.995200270183936,3.5161319158566946,6.10710371109864,0.7669835526232047,0.39346713,0.112182367,9.931640921500001,1.0462191285000007,-1.292620998759538,1.292620998759538
westcoast_0175,2019,Southern California,1,6,2.474268624511178,2.474268624511178,4.229464141642131,0.0,0.352312271,0.0,9.695077822,0.0,-0.5493061443340549,0.0
westcoast_0175,2020,Southern California,1,6,2.474268624511178,2.474268624511178,3.990524879832978,0.0,0.352312271,0.0,9.695077822,0.0,-2.6020033435383976,0.0
westcoast_0176,2008,Southern California,1,6,3.3998314616303476,3.3998314616303476,3.7800402325109133,0.0,0.411026232,0.0,7.312666197,0.0,-2.6491586832740186,0.0
westcoast_0176,2010,Southern California,3,18,3.3998314616303476,4.627118487152257,5.906703881929143,1.4188552758390331,0.416503228,0.10640754699999999,8.8047521,0.4742224489999991,-2.2386684072391034,0.31430432971118716
westcoast_0176,2011,Southern California,3,18,3.3998314616303476,4.627118487152257,5.512150774593962,1.726268341045797,0.416503228,0.10640754699999999,8.8047521,0.4742224489999991,-2.2386684072391034,0.4706828118584454
westcoast_0176,2012,Southern California,3,18,3.3998314616303476,4.627118487152257,6.362897289759081,1.5295598234890821,0.416503228,0.10640754699999999,8.8047521,0.4742224489999991,-2.302585092994046,0.7316848505167597
westcoast_0176,2013,Southern California,3,18,3.3998314616303476,4.627118487152257,5.842278375277996,1.763900604221102,0.416503228,0.10640754699999999,8.8047521,0.4742224489999991,-2.302585092994046,0.36832643452738
westcoast_0176,2019,Southern California,2,9,3.6088317988838092,3.8178321361372713,1.724426235782159,0.6258139471140491,0.5116323629999999,0.10060613100000004,8.2146316485,0.9019654514999988,-1.483723548904897,0.3851112602367872
westcoast_0176,2020,Southern California,2,10,3.6088317988838092,3.8178321361372713,1.9246206969702366,0.14694666622552988,0.5116323629999999,0.10060613100000004,8.2146316485,0.9019654514999988,-0.922219863528484,0.22907268296853878
westcoast_0180,2003,Southern California,2,12,3.6482953292451077,5.4997376580783435,3.271184068445148,0.41267021774203716,0.9226408564999999,0.0367778554999999,11.7198717525,1.8239495874999996,-2.837171852891636,0.665269141964794
westcoast_0180,2007,Southern California,3,16,2.4521093189944767,5.4997376580783435,3.436581917106259,0.6209059439937774,0.929836748,0.0367778554999999,13.46042634,1.8239495874999996,-1.9944920232821373,0.9222198635284844
westcoast_0180,2008,Southern California,3,18,2.4521093189944767,5.4997376580783435,2.2608942885245202,0.7253553985206871,0.929836748,0.0367778554999999,13.46042634,1.8239495874999996,-3.7087902012072718,0.2597550478664665
westcoast_0180,2009,Southern California,3,18,2.4521093189944767,5.4997376580783435,3.691994728989254,0.6925972597711785,0.929836748,0.0367778554999999,13.46042634,1.8239495874999996,-3.039966597547795,0.4530316930131222
westcoast_0180,2010,Southern California,3,17,2.4521093189944767,5.4997376580783435,3.4339872044851463,0.8203522829446586,0.929836748,0.0367778554999999,13.46042634,1.8239495874999996,-2.3978952727983707,0.37688590118819
westcoast_0180,2011,Southern California,3,18,2.4521093189944767,5.4997376580783435,4.328564515856877,1.3536580358431474,0.929836748,0.0367778554999999,13.46042634,1.8239495874999996,-2.1383330595080277,0.15715216485559402
westcoast_0180,2012,Southern California,3,18,2.4521093189944767,5.4997376580783435,3.262514828921731,1.6442044244648497,0.929836748,0.0367778554999999,13.46042634,1.8239495874999996,-2.827995905409926,0.4359922013479265
westcoast_0180,2014,Southern California,3,18,2.4521093189944767,5.4997376580783435,4.796131935750656,1.7102725511366836,0.929836748,0.0367778554999999,13.46042634,1.8239495874999996,-2.2924837393352857,1.1004573154925152
westcoast_0180,2015,Southern California,3,18,2.4521093189944767,5.4997376580783435,6.803497250655839,1.3798812633182926,0.929836748,0.0367778554999999,13.46042634,1.8239495874999996,-2.2154083994216567,0.5135309334238869
westcoast_0180,2016,Southern California,3,18,2.4521093189944767,5.4997376580783435,6.294076559302791,0.853686434940327,0.929836748,0.0367778554999999,13.46042634,1.8239495874999996,-2.4849066497880004,0.6597643324038147
westcoast_0180,2017,Southern California,3,18,2.4521093189944767,5.4997376580783435,7.164344306296902,0.7046159870821507,0.929836748,0.0367778554999999,13.46042634,1.8239495874999996,-1.0986122886681098,0.8888370153723534
westcoast_0180,2018,Southern California,3,18,2.4521093189944767,5.4997376580783435,6.33842860987949,0.30567137601022765,0.929836748,0.0367778554999999,13.46042634,1.8239495874999996,-1.4978661367769956,0.8330511275438008
westcoast_0180,2019,Southern California,3,18,2.4521093189944767,5.4997376580783435,5.938846785373144,0.4675820505148227,0.929836748,0.0367778554999999,13.46042634,1.8239495874999996,-2.6491586832740186,1.0107628169586378
westcoast_0180,2020,Southern California,3,18,2.4521093189944767,5.4997376580783435,6.531472264175825,0.5232929336229342,0.929836748,0.0367778554999999,13.46042634,1.8239495874999996,-1.3195286648076292,1.292620998759538
westcoast_0181,2003,Southern California,1,7,5.872548679313453,5.872548679313453,3.332204510175204,0.0,0.933615931,0.0,11.73543295,0.0,-2.8903717578961645,0.0
westcoast_0181,2005,Southern California,2,12,3.712206956335744,3.7837799565945294,0.708303336014054,0.7083033360140542,0.7426530554999999,0.08799418550000004,11.178820242,2.1148785279999984,-3.2354404850889473,0.24473337946170703
westcoast_0181,2007,Southern California,5,30,4.13804596412369,5.872548679313453,1.4978661367769954,1.5222612188617115,0.830647241,0.17819121599999999,13.29369877,2.76884746,-3.4339872044851463,0.1932639535442071
westcoast_0181,2008,Southern California,5,30,4.13804596412369,5.872548679313453,2.0794415416798357,1.7741987778314454,0.830647241,0.17819121599999999,13.29369877,2.76884746,-3.4652473829758135,0.4506215079075062
westcoast_0181,2009,Southern California,5,30,4.13804596412369,5.872548679313453,4.005677554580643,0.9698397996523389,0.830647241,0.17819121599999999,13.29369877,2.76884746,-3.349750170080839,0.4287251159256109
westcoast_0181,2010,Southern California,3,18,4.573589217179273,5.872548679313453,1.4451858789480825,1.7972919346050804,0.911111114,0.10034801649999991,14.50428041,1.5953982349999993,-2.7403194616709956,0.3876493531027916
westcoast_0181,2011,Southern California,3,18,4.573589217179273,5.872548679313453,4.386692298388324,0.422531126379571,0.911111114,0.10034801649999991,14.50428041,1.5953982349999993,-2.5619819897016294,0.38953615451163737
westcoast_0181,2012,Southern California,3,18,4.573589217179273,5.872548679313453,3.647188649644411,0.6078006177040347,0.911111114,0.10034801649999991,14.50428041,1.5953982349999993,-2.7403194616709956,0.44412299927431675
westcoast_0181,2014,Southern California,3,18,4.573589217179273,5.872548679313453,5.874867603524127,1.2192215021618455,0.911111114,0.10034801649999991,14.50428041,1.5953982349999993,-2.5619819897016294,0.30741013776862847
westcoast_0181,2015,Southern California,3,18,4.573589217179273,5.872548679313453,6.923221101916196,1.2168276779453544,0.911111114,0.10034801649999991,14.50428041,1.5953982349999993,-2.359249435647547,1.190543483699439
westcoast_0181,2016,Southern California,3,18,4.573589217179273,5.872548679313453,7.071697296378039,0.8651227598595028,0.911111114,0.10034801649999991,14.50428041,1.5953982349999993,-1.3195286648076292,1.038742296009634
westcoast_0181,2017,Southern California,3,18,4.573589217179273,5.872548679313453,6.470315223667834,1.2299866236790429,0.911111114,0.10034801649999991,14.50428041,1.5953982349999993,0.0,1.6352574997974758
westcoast_0181,2018,Southern California,3,18,4.573589217179273,5.872548679313453,5.9608924030732044,0.6199981587463927,0.911111114,0.10034801649999991,14.50428041,1.5953982349999993,0.0,1.390170407753882
westcoast_0181,2019,Southern California,3,18,4.573589217179273,5.872548679313453,6.064541802001019,0.7523950313664276,0.911111114,0.10034801649999991,14.50428041,1.5953982349999993,-0.8958797346140275,1.327684971636649
westcoast_0181,2020,Southern California,3,18,4.573589217179273,5.872548679313453,5.979846226217749,1.1268838439358575,0.911111114,0.10034801649999991,14.50428041,1.5953982349999993,-2.3221954495706862,0.7225929394740414
westcoast_0183,2004,Southern California,1,6,4.341354381099424,4.341354381099424,5.006843172417102,0.0,0.775855672,0.0,14.58049542,0.0,-4.18237053411228,0.0
westcoast_0183,2005,Southern California,1,6,4.341354381099424,4.341354381099424,5.66660026701177,0.0,0.775855672,0.0,14.58049542,0.0,-3.6320150714497648,0.0
westcoast_0183,2006,Southern California,1,6,4.341354381099424,4.341354381099424,5.329804766128731,0.0,0.775855672,0.0,14.58049542,0.0,-3.4345072253328532,0.0
westcoast_0183,2007,Southern California,1,6,4.341354381099424,4.341354381099424,6.459373952948832,0.0,0.775855672,0.0,14.58049542,0.0,-3.49466763298728,0.0
westcoast_0183,2008,Southern California,1,6,4.341354381099424,4.341354381099424,6.357292297407193,0.0,0.775855672,0.0,14.58049542,0.0,-3.433466642230941,0.0
westcoast_0183,2009,Southern California,1,6,4.341354381099424,4.341354381099424,6.9827061117510585,0.0,0.775855672,0.0,14.58049542,0.0,-3.0645251050302726,0.0
westcoast_0183,2010,Southern California,1,6,4.341354381099424,4.341354381099424,6.062970591959061,0.0,0.775855672,0.0,14.58049542,0.0,-3.2999352496064183,0.0
westcoast_0183,2011,Southern California,1,6,4.341354381099424,4.341354381099424,6.002971735043127,0.0,0.775855672,0.0,14.58049542,0.0,-1.9756218592907135,0.0
westcoast_0183,2012,Southern California,1,6,4.341354381099424,4.341354381099424,6.069164496721827,0.0,0.775855672,0.0,14.58049542,0.0,-2.70805020110221,0.0
westcoast_0183,2014,Southern California,1,6,4.341354381099424,4.341354381099424,5.424163433907349,0.0,0.775855672,0.0,14.58049542,0.0,-1.9033312448851598,0.0
westcoast_0183,2015,Southern California,1,6,4.341354381099424,4.341354381099424,4.401110873201228,0.0,0.775855672,0.0,14.58049542,0.0,-3.591176055942631,0.0
westcoast_0183,2017,Southern California,1,6,4.341354381099424,4.341354381099424,4.06811277745423,0.0,0.775855672,0.0,14.58049542,0.0,-3.8789531041758734,0.0
westcoast_0183,2018,Southern California,1,6,4.341354381099424,4.341354381099424,4.276280167626765,0.0,0.775855672,0.0,14.58049542,0.0,-3.4437762858323087,0.0
westcoast_0183,2019,Southern California,1,6,4.341354381099424,4.341354381099424,4.343214754330768,0.0,0.775855672,0.0,14.58049542,0.0,-3.326431514676673,0.0
westcoast_0183,2020,Southern California,1,6,4.341354381099424,4.341354381099424,4.161075535106452,0.0,0.775855672,0.0,14.58049542,0.0,-2.0715673631957663,0.0
westcoast_0186,2007,Southern California,1,8,4.74807076055389,4.74807076055389,2.9144728088051037,0.0,0.822677852,0.0,14.14166176,0.0,-1.8444397270569683,0.0
westcoast_0186,2008,Southern California,2,14,4.1466829302040225,5.10367951572091,2.214840862288022,0.48197291088815875,0.5499167165000001,0.1461071905000001,12.554358805,1.300434215000001,-3.056821510482343,0.06234080203741099
westcoast_0186,2009,Southern California,1,8,4.74807076055389,4.74807076055389,2.359249435647547,0.0,0.822677852,0.0,14.14166176,0.0,-2.833213344056216,0.0
westcoast_0186,2010,Southern California,1,8,4.74807076055389,4.74807076055389,2.5184763012068148,0.0,0.822677852,0.0,14.14166176,0.0,-2.3221954495706862,0.0
westcoast_0186,2011,Southern California,1,8,4.74807076055389,4.74807076055389,2.770631772579213,0.0,0.822677852,0.0,14.14166176,0.0,-2.6876392038420827,0.0
westcoast_0186,2012,Southern California,2,16,4.9258751381374,5.10367951572091,3.6392190776986735,0.23802169603651802,0.7593508795,0.06332697249999986,13.99822739,0.14343437000000137,-2.4789775181336715,0.28175294079745195
westcoast_0186,2013,Southern California,1,8,4.74807076055389,4.74807076055389,3.5553480614894135,0.0,0.822677852,0.0,14.14166176,0.0,-1.7005986908310775,0.0
westcoast_0186,2014,Southern California,1,8,4.74807076055389,4.74807076055389,2.1383330595080277,0.0,0.822677852,0.0,14.14166176,0.0,-3.7435868471068696,0.0
westcoast_0186,2015,Southern California,1,8,4.74807076055389,4.74807076055389,1.3862943611198906,0.0,0.822677852,0.0,14.14166176,0.0,-3.4339872044851463,0.0
westcoast_0186,2016,Southern California,1,8,4.74807076055389,4.74807076055389,0.8958797346140275,0.0,0.822677852,0.0,14.14166176,0.0,-2.2975599250672953,0.0
westcoast_0186,2017,Southern California,1,8,4.74807076055389,4.74807076055389,1.0397207708399179,0.0,0.822677852,0.0,14.14166176,0.0,-2.8715015939047412,0.0
westcoast_0186,2018,Southern California,1,10,4.74807076055389,4.74807076055389,1.0397207708399179,0.0,0.822677852,0.0,14.14166176,0.0,-3.0342127941220554,0.0
westcoast_0186,2019,Southern California,1,10,4.74807076055389,4.74807076055389,1.0986122886681098,0.0,0.822677852,0.0,14.14166176,0.0,-3.973839285650784,0.0
westcoast_0186,2020,Southern California,1,8,4.74807076055389,4.74807076055389,1.354025100551105,0.0,0.822677852,0.0,14.14166176,0.0,-2.833213344056216,0.0
westcoast_0187,2004,Southern California,2,21,2.9098179910408466,5.311781799763616,4.365908253861386,0.5168936687249843,0.82433175,0.06008187499999995,13.06168397,0.14178330000000017,-0.17328679513998632,0.1732867951399863
westcoast_0187,2007,Southern California,3,21,0.8708164230653883,5.311781799763616,4.770540966944205,0.5150913486547557,0.793974993,0.06008187500000006,13.20346727,0.4244769099999992,0.0,1.6196274105521424
westcoast_0187,2008,Southern California,3,22,3.7354063936425623,5.311781799763616,3.5366348587298555,2.0556511963419477,0.764249875,0.12364671550000006,12.91990067,1.7728524685,-3.017740716262378,1.0172566885594527
westcoast_0187,2009,Southern California,3,22,0.8708164230653883,5.311781799763616,3.9316333620047867,0.9413466267387918,0.793974993,0.06008187500000006,13.20346727,0.4244769099999992,-3.5549397315361357,0.40940219735019934
westcoast_0187,2010,Southern California,3,20,0.8708164230653883,2.1316771777906167,3.214859739019569,1.4850428131801081,0.793974993,0.1837401995000001,12.91990067,1.7396241000000003,-2.6990813507588767,0.4832682505736581
westcoast_0187,2011,Southern California,7,51,2.1316771777906167,5.311781799763616,3.319937916913268,1.3017129098022568,0.774447075,0.11706570000000005,13.20346727,1.5643591800000003,-2.6441335153472676,1.2893004326413011
westcoast_0187,2012,Southern California,9,63,2.1316771777906167,5.311781799763616,3.912023005428146,1.514975835550323,0.764249875,0.204406282,12.91990067,2.2797645400000004,-2.5649493574615367,1.1938714506671761
westcoast_0187,2013,Southern California,4,27,1.5012468004280026,5.311781799763616,3.430011341536552,0.9971106043793627,0.779112434,0.11416393825000004,13.06168397,1.0824870000000004,-1.543446525975484,0.8836059563361613
westcoast_0187,2014,Southern California,4,26,1.5012468004280026,5.311781799763616,4.448772799354663,1.2962081014108024,0.779112434,0.11416393825000004,13.06168397,1.0824870000000004,-1.7482537807332403,1.768975695684682
westcoast_0187,2015,Southern California,4,30,1.5012468004280026,5.311781799763616,2.541386019337234,0.9151927709673093,0.779112434,0.11416393825000004,13.06168397,1.0824870000000004,-2.667285355970705,0.2917602258662906
westcoast_0187,2016,Southern California,4,30,1.5012468004280026,5.311781799763616,2.2187169089220133,0.5271670771631998,0.779112434,0.11416393825000004,13.06168397,1.0824870000000004,-2.776344547664435,0.6581844058048998
westcoast_0187,2017,Southern California,4,30,1.5012468004280026,5.311781799763616,1.690393192201014,1.6397100536874936,0.779112434,0.11416393825000004,13.06168397,1.0824870000000004,-3.4309817314868774,0.22210803178718797
westcoast_0187,2018,Southern California,4,36,1.5012468004280026,5.311781799763616,1.9246206969702366,0.8695681803939461,0.779112434,0.11416393825000004,13.06168397,1.0824870000000004,-3.216870362575727,0.40509184995704484
westcoast_0187,2019,Southern California,4,36,1.5012468004280026,5.311781799763616,1.9982361368295263,1.40181278992794,0.779112434,0.11416393825000004,13.06168397,1.0824870000000004,-2.4175734163421043,0.8427539159771968
westcoast_0187,2020,Southern California,4,29,1.5012468004280026,5.311781799763616,2.128897977512316,1.2506016590845348,0.779112434,0.11416393825000004,13.06168397,1.0824870000000004,-1.6427207405848963,0.8781983851260495
westcoast_0188,2007,Southern California,1,6,4.4558308790231935,4.4558308790231935,4.119136312316515,0.0,0.450542816,0.0,11.08725907,0.0,-2.770631772579213,0.0
westcoast_0188,2008,Southern California,3,16,3.091876562152051,3.2456993634881672,3.63965941770731,0.39854261007582803,0.533746293,0.08868311950000007,7.851388498,0.6702969365000016,-3.012932986912657,0.17209347545182174
westcoast_0188,2011,Southern California,3,18,3.2456993634881672,4.4558308790231935,4.15397627263551,0.5481236007402046,0.495958036,0.04160173849999993,7.851388498,1.8582880045000003,-2.2499048351651325,0.35988471890967566
westcoast_0188,2012,Southern California,3,18,3.2456993634881672,4.4558308790231935,3.8501476017100584,1.0202303854724901,0.495958036,0.04160173849999993,7.851388498,1.8582880045000003,-1.9459101490553132,0.5037257551355665
westcoast_0188,2013,Southern California,1,6,4.4558308790231935,4.4558308790231935,3.174569495689899,0.0,0.450542816,0.0,11.08725907,0.0,-2.3937458713910233,0.0
westcoast_0188,2014,Southern California,1,6,4.4558308790231935,4.4558308790231935,1.791759469228055,0.0,0.450542816,0.0,11.08725907,0.0,-1.7482537807332403,0.0
westcoast_0188,2015,Southern California,1,6,4.4558308790231935,4.4558308790231935,2.0126758453675744,0.0,0.450542816,0.0,11.08725907,0.0,-2.381086967398878,0.0
westcoast_0188,2016,Southern California,1,7,4.4558308790231935,4.4558308790231935,0.6931471805599453,0.0,0.450542816,0.0,11.08725907,0.0,-2.302585092994046,0.0
westcoast_0188,2017,Southern California,1,8,4.4558308790231935,4.4558308790231935,0.0,0.0,0.450542816,0.0,11.08725907,0.0,-3.170179651863876,0.0
westcoast_0188,2018,Southern California,1,8,4.4558308790231935,4.4558308790231935,0.0,0.0,0.450542816,0.0,11.08725907,0.0,-0.6931471805599453,0.0
westcoast_0188,2019,Southern California,1,8,4.4558308790231935,4.4558308790231935,2.0715673631957663,0.0,0.450542816,0.0,11.08725907,0.0,-1.4978661367769956,0.0
westcoast_0188,2020,Southern California,1,7,4.4558308790231935,4.4558308790231935,0.6931471805599453,0.0,0.450542816,0.0,11.08725907,0.0,-2.6390573296152584,0.0
westcoast_0192,2011,Southern California,2,12,3.474987497465698,4.806129792028106,1.9968811199621919,0.9571603491222738,0.7281364865,0.01926852549999991,10.6844815375,0.9512845924999986,-2.2764948391628597,0.20492747596709338
westcoast_0192,2012,Southern California,2,12,2.872554616561695,4.806129792028106,3.6589247791224997,0.5021507559839522,0.710150638,0.0012826769999998433,10.267598594999999,1.3681675349999995,-2.4465136139110077,0.0784143897137608
westcoast_0192,2019,Southern California,3,17,2.1438452029032904,4.806129792028106,0.8958797346140275,1.0621238105123396,0.711433315,0.019268525500000022,9.733196945,1.3681675349999995,-2.6390573296152584,0.9004670192810762
westcoast_0192,2020,Southern California,3,18,2.1438452029032904,4.806129792028106,0.0,0.8047189562170501,0.711433315,0.019268525500000022,9.733196945,1.3681675349999995,-1.5890269151739727,0.9729550745276567
westcoast_0193,2004,Southern California,2,25,2.7148488258893027,3.8384739044639047,6.324632487033606,0.211195100453887,0.371972528,0.11953691100000002,11.186413225999999,1.9200035939999989,-1.655018301632589,1.6550183016325888
westcoast_0193,2008,Southern California,2,11,2.873119674060698,3.8384739044639047,5.752000163371619,0.3205238084745803,0.612757606,0.12124816699999996,15.965190805,2.8587739850000027,-0.5756462732485115,0.5756462732485115
westcoast_0193,2011,Southern California,4,26,1.7494945954860959,2.2753811863587643,5.952912491522438,0.5464309117928554,0.40019187050000005,0.35594372175,11.437074623,5.059678134999999,-0.6212266624470001,1.830956771322475
westcoast_0193,2012,Southern California,3,20,1.5912237473147008,1.9077654436574907,5.153224765213087,0.046592536329987944,0.615446774,0.24078507800000004,13.51427371,4.7787775790000016,-2.6590599969221085,1.6915479286650874
westcoast_0193,2019,Southern California,4,30,1.555318219903902,1.9077654436574907,2.516826409441381,2.6034942577448645,0.581697449,0.17101652650000004,13.365770614999999,2.612143432,-3.1953116930953622,0.39813610008740463
westcoast_0195,2011,Southern California,1,8,2.481271088802251,2.481271088802251,1.2424533248940002,0.0,0.697092891,0.0,14.87812651,0.0,-1.7776740307447068,0.0
westcoast_0195,2012,Southern California,1,8,2.481271088802251,2.481271088802251,1.0986122886681098,0.0,0.697092891,0.0,14.87812651,0.0,-2.0794415416798357,0.0
westcoast_0195,2019,Southern California,1,8,2.481271088802251,2.481271088802251,0.0,0.0,0.697092891,0.0,14.87812651,0.0,-2.6208735075298213,0.0
westcoast_0195,2020,Southern California,1,7,2.481271088802251,2.481271088802251,0.0,0.0,0.697092891,0.0,14.87812651,0.0,-1.0986122886681098,0.0
westcoast_0205,2012,Southern California,1,8,4.500293278726565,4.500293278726565,3.743866880718222,0.0,0.790390545,0.0,14.88632218,0.0,-0.6931471805599453,0.0
westcoast_0222,2011,Southern California,2,10,4.889163915805312,4.890694671045825,0.4864775372638283,0.48647753726382825,0.512825756,0.36793686699999995,9.090256231,1.1133539690000003,-1.3996054897495935,0.30099320108148375
westcoast_0222,2012,Southern California,2,9,4.889163915805312,4.890694671045825,0.6212266624470001,0.6212266624470002,0.512825756,0.36793686699999995,9.090256231,1.1133539690000003,-0.6770125502755525,0.6770125502755524
westcoast_0222,2019,Southern California,2,8,4.889163915805312,4.890694671045825,0.6931471805599453,0.0,0.512825756,0.36793686699999995,9.090256231,1.1133539690000003,-0.8047189562170501,0.80471895621705
westcoast_0222,2020,Southern California,2,9,4.889163915805312,4.890694671045825,0.0,0.0,0.512825756,0.36793686699999995,9.090256231,1.1133539690000003,-0.17328679513998632,0.1732867951399863
westcoast_0226,2011,Southern California,1,7,1.9590344992678375,1.9590344992678375,0.0,0.0,0.789181115,0.0,14.09555536,0.0,-1.791759469228055,0.0
westcoast_0226,2012,Southern California,1,8,1.9590344992678375,1.9590344992678375,0.6931471805599453,0.0,0.789181115,0.0,14.09555536,0.0,-0.34657359027997264,0.0
westcoast_0226,2019,Southern California,1,7,1.9590344992678375,1.9590344992678375,1.3862943611198906,0.0,0.789181115,0.0,14.09555536,0.0,-1.0986122886681098,0.0
westcoast_0226,2020,Southern California,1,8,1.9590344992678375,1.9590344992678375,0.0,0.0,0.789181115,0.0,14.09555536,0.0,-0.6931471805599453,0.0
westcoast_0227,2011,Southern California,1,6,0.7699917140988501,0.7699917140988501,0.34657359027997264,0.0,0.669013098,0.0,13.80325668,0.0,-1.0397207708399179,0.0
westcoast_0227,2012,Southern California,2,16,2.405640608796464,4.0412895034940775,1.8419271430935926,0.9460474084795654,0.713026815,0.04401371700000012,12.660409975,1.1428467050000002,-1.0397207708399179,0.3465735902799726
westcoast_0227,2019,Southern California,1,8,0.7699917140988501,0.7699917140988501,0.0,0.0,0.669013098,0.0,13.80325668,0.0,-0.6931471805599453,0.0
westcoast_0227,2020,Southern California,1,7,0.7699917140988501,0.7699917140988501,0.34657359027997264,0.0,0.669013098,0.0,13.80325668,0.0,-1.3862943611198906,0.0
westcoast_0228,2011,Southern California,1,4,5.1003886521633115,5.1003886521633115,1.9033312448851598,0.0,0.601736292,0.0,11.24760734,0.0,-2.2499048351651325,0.0
westcoast_0228,2012,Southern California,1,6,5.1003886521633115,5.1003886521633115,1.3862943611198906,0.0,0.601736292,0.0,11.24760734,0.0,-2.1972245773362196,0.0
