cell_id,region_group,year,event,score,model,domain,held_region
westcoast_0149,Southern California,2005,0,0.3099024383734934,current_only,leave_region_out,Southern California
westcoast_0150,Southern California,2005,1,0.4136447477358536,current_only,leave_region_out,Southern California
westcoast_0151,Southern California,2005,1,0.30926548253142083,current_only,leave_region_out,Southern California
westcoast_0152,Southern California,2005,1,0.2553710030974371,current_only,leave_region_out,Southern California
westcoast_0154,Southern California,2005,1,0.5139342413596567,current_only,leave_region_out,Southern California
westcoast_0162,Southern California,2005,1,0.8211572292943171,current_only,leave_region_out,Southern California
westcoast_0163,Southern California,2005,1,0.7090527448142305,current_only,leave_region_out,Southern California
westcoast_0164,Southern California,2005,1,0.7589460046426754,current_only,leave_region_out,Southern California
westcoast_0165,Southern California,2005,0,0.4252522523585395,current_only,leave_region_out,Southern California
westcoast_0166,Southern California,2005,1,0.5131607734991959,current_only,leave_region_out,Southern California
westcoast_0167,Southern California,2005,1,0.6224537153215528,current_only,leave_region_out,Southern California
westcoast_0168,Southern California,2005,1,0.4295926672691891,current_only,leave_region_out,Southern California
westcoast_0170,Southern California,2005,0,0.7273081263677496,current_only,leave_region_out,Southern California
westcoast_0171,Southern California,2005,0,0.485988894658726,current_only,leave_region_out,Southern California
westcoast_0172,Southern California,2005,0,0.3740425095214832,current_only,leave_region_out,Southern California
westcoast_0173,Southern California,2005,0,0.4109127063392783,current_only,leave_region_out,Southern California
westcoast_0175,Southern California,2005,1,0.37699932001223935,current_only,leave_region_out,Southern California
westcoast_0176,Southern California,2005,1,0.30467811928924526,current_only,leave_region_out,Southern California
westcoast_0177,Southern California,2005,1,0.33129033997153323,current_only,leave_region_out,Southern California
westcoast_0179,Southern California,2005,1,0.4610931233017877,current_only,leave_region_out,Southern California
westcoast_0180,Southern California,2005,1,0.46067140396289236,current_only,leave_region_out,Southern California
westcoast_0181,Southern California,2005,0,0.5839509909496077,current_only,leave_region_out,Southern California
westcoast_0182,Southern California,2005,0,0.6048718943357583,current_only,leave_region_out,Southern California
westcoast_0183,Southern California,2005,1,0.6343199923468669,current_only,leave_region_out,Southern California
westcoast_0184,Southern California,2005,0,0.6751396564975468,current_only,leave_region_out,Southern California
westcoast_0186,Southern California,2005,0,0.24630883791742889,current_only,leave_region_out,Southern California
westcoast_0187,Southern California,2005,0,0.24845297858225035,current_only,leave_region_out,Southern California
westcoast_0188,Southern California,2005,1,0.3652670094180832,current_only,leave_region_out,Southern California
westcoast_0193,Southern California,2005,1,0.3105695118281958,current_only,leave_region_out,Southern California
westcoast_0195,Southern California,2005,0,0.39869518555637706,current_only,leave_region_out,Southern California
westcoast_0198,Southern California,2005,1,0.23876639911631886,current_only,leave_region_out,Southern California
westcoast_0203,Southern California,2005,1,0.3615002022159302,current_only,leave_region_out,Southern California
westcoast_0205,Southern California,2005,1,0.9889451024221253,current_only,leave_region_out,Southern California
westcoast_0206,Southern California,2005,1,0.6232809006752817,current_only,leave_region_out,Southern California
westcoast_0207,Southern California,2005,0,0.3685519766164381,current_only,leave_region_out,Southern California
westcoast_0212,Southern California,2005,0,0.49520812171412054,current_only,leave_region_out,Southern California
westcoast_0214,Southern California,2005,1,0.4514055640148481,current_only,leave_region_out,Southern California
westcoast_0216,Southern California,2005,1,0.2472169484476543,current_only,leave_region_out,Southern California
westcoast_0217,Southern California,2005,1,0.45025256623635074,current_only,leave_region_out,Southern California
westcoast_0218,Southern California,2005,1,0.5191700356008493,current_only,leave_region_out,Southern California
westcoast_0219,Southern California,2005,1,0.23743883467573793,current_only,leave_region_out,Southern California
westcoast_0220,Southern California,2005,1,0.5336373834887982,current_only,leave_region_out,Southern California
westcoast_0222,Southern California,2005,1,0.24696379945487318,current_only,leave_region_out,Southern California
westcoast_0223,Southern California,2005,1,0.45587312831977606,current_only,leave_region_out,Southern California
westcoast_0224,Southern California,2005,1,0.34720506153740316,current_only,leave_region_out,Southern California
westcoast_0226,Southern California,2005,1,0.2575587817738378,current_only,leave_region_out,Southern California
westcoast_0227,Southern California,2005,0,0.2615691122031463,current_only,leave_region_out,Southern California
westcoast_0228,Southern California,2005,0,0.24162216173827256,current_only,leave_region_out,Southern California
westcoast_0229,Southern California,2005,1,0.5917189087164888,current_only,leave_region_out,Southern California
westcoast_0230,Southern California,2005,0,0.25331786893664227,current_only,leave_region_out,Southern California
westcoast_0149,Southern California,2005,0,0.2519406074174531,current_plus_trajectory,leave_region_out,Southern California
westcoast_0150,Southern California,2005,1,0.33850179410355136,current_plus_trajectory,leave_region_out,Southern California
westcoast_0151,Southern California,2005,1,0.266446592423522,current_plus_trajectory,leave_region_out,Southern California
westcoast_0152,Southern California,2005,1,0.25818300540671374,current_plus_trajectory,leave_region_out,Southern California
westcoast_0154,Southern California,2005,1,0.6275119219410594,current_plus_trajectory,leave_region_out,Southern California
westcoast_0162,Southern California,2005,1,0.6837814483159397,current_plus_trajectory,leave_region_out,Southern California
westcoast_0163,Southern California,2005,1,0.5248924078622395,current_plus_trajectory,leave_region_out,Southern California
westcoast_0164,Southern California,2005,1,0.6419961703833983,current_plus_trajectory,leave_region_out,Southern California
westcoast_0165,Southern California,2005,0,0.27444834667520146,current_plus_trajectory,leave_region_out,Southern California
westcoast_0166,Southern California,2005,1,0.35637429895553285,current_plus_trajectory,leave_region_out,Southern California
westcoast_0167,Southern California,2005,1,0.5131720777178178,current_plus_trajectory,leave_region_out,Southern California
westcoast_0168,Southern California,2005,1,0.2919752792327895,current_plus_trajectory,leave_region_out,Southern California
westcoast_0170,Southern California,2005,0,0.7278526225323353,current_plus_trajectory,leave_region_out,Southern California
westcoast_0171,Southern California,2005,0,0.4025760645665164,current_plus_trajectory,leave_region_out,Southern California
westcoast_0172,Southern California,2005,0,0.4370178850591466,current_plus_trajectory,leave_region_out,Southern California
westcoast_0173,Southern California,2005,0,0.4625562632802111,current_plus_trajectory,leave_region_out,Southern California
westcoast_0175,Southern California,2005,1,0.2644420403315681,current_plus_trajectory,leave_region_out,Southern California
westcoast_0176,Southern California,2005,1,0.24253130699451603,current_plus_trajectory,leave_region_out,Southern California
westcoast_0177,Southern California,2005,1,0.28790716446462167,current_plus_trajectory,leave_region_out,Southern California
westcoast_0179,Southern California,2005,1,0.5481715857908286,current_plus_trajectory,leave_region_out,Southern California
westcoast_0180,Southern California,2005,1,0.3360386629731897,current_plus_trajectory,leave_region_out,Southern California
westcoast_0181,Southern California,2005,0,0.6429204859829576,current_plus_trajectory,leave_region_out,Southern California
westcoast_0182,Southern California,2005,0,0.4791229263076721,current_plus_trajectory,leave_region_out,Southern California
westcoast_0183,Southern California,2005,1,0.5504076203596348,current_plus_trajectory,leave_region_out,Southern California
westcoast_0184,Southern California,2005,0,0.6597040689918772,current_plus_trajectory,leave_region_out,Southern California
westcoast_0186,Southern California,2005,0,0.2802974986525661,current_plus_trajectory,leave_region_out,Southern California
westcoast_0187,Southern California,2005,0,0.2377843398409503,current_plus_trajectory,leave_region_out,Southern California
westcoast_0188,Southern California,2005,1,0.42733959539269784,current_plus_trajectory,leave_region_out,Southern California
westcoast_0193,Southern California,2005,1,0.3126953275745257,current_plus_trajectory,leave_region_out,Southern California
westcoast_0195,Southern California,2005,0,0.27031125220997293,current_plus_trajectory,leave_region_out,Southern California
westcoast_0198,Southern California,2005,1,0.23840795695901187,current_plus_trajectory,leave_region_out,Southern California
westcoast_0203,Southern California,2005,1,0.27953978992038414,current_plus_trajectory,leave_region_out,Southern California
westcoast_0205,Southern California,2005,1,0.9927568525282615,current_plus_trajectory,leave_region_out,Southern California
westcoast_0206,Southern California,2005,1,0.4291133735413323,current_plus_trajectory,leave_region_out,Southern California
westcoast_0207,Southern California,2005,0,0.2548143973152926,current_plus_trajectory,leave_region_out,Southern California
westcoast_0212,Southern California,2005,0,0.42865846440639405,current_plus_trajectory,leave_region_out,Southern California
westcoast_0214,Southern California,2005,1,0.39566733805527826,current_plus_trajectory,leave_region_out,Southern California
westcoast_0216,Southern California,2005,1,0.2713961446383768,current_plus_trajectory,leave_region_out,Southern California
westcoast_0217,Southern California,2005,1,0.3714150942916135,current_plus_trajectory,leave_region_out,Southern California
westcoast_0218,Southern California,2005,1,0.4685873223443172,current_plus_trajectory,leave_region_out,Southern California
westcoast_0219,Southern California,2005,1,0.26770857736373,current_plus_trajectory,leave_region_out,Southern California
westcoast_0220,Southern California,2005,1,0.46284957539312294,current_plus_trajectory,leave_region_out,Southern California
westcoast_0222,Southern California,2005,1,0.3081329150125916,current_plus_trajectory,leave_region_out,Southern California
westcoast_0223,Southern California,2005,1,0.35674907165238495,current_plus_trajectory,leave_region_out,Southern California
westcoast_0224,Southern California,2005,1,0.33275244343781,current_plus_trajectory,leave_region_out,Southern California
westcoast_0226,Southern California,2005,1,0.2529058352966408,current_plus_trajectory,leave_region_out,Southern California
westcoast_0227,Southern California,2005,0,0.27795164713861026,current_plus_trajectory,leave_region_out,Southern California
westcoast_0228,Southern California,2005,0,0.2873805413423292,current_plus_trajectory,leave_region_out,Southern California
westcoast_0229,Southern California,2005,1,0.5958691016383889,current_plus_trajectory,leave_region_out,Southern California
westcoast_0230,Southern California,2005,0,0.2163490260191793,current_plus_trajectory,leave_region_out,Southern California
westcoast_0149,Southern California,2005,0,0.18454805250840584,trajectory_plus_oisst,leave_region_out,Southern California
westcoast_0150,Southern California,2005,1,0.27744600438789546,trajectory_plus_oisst,leave_region_out,Southern California
westcoast_0151,Southern California,2005,1,0.2044949093088756,trajectory_plus_oisst,leave_region_out,Southern California
westcoast_0152,Southern California,2005,1,0.1756103640200527,trajectory_plus_oisst,leave_region_out,Southern California
westcoast_0154,Southern California,2005,1,0.5757964070905982,trajectory_plus_oisst,leave_region_out,Southern California
westcoast_0162,Southern California,2005,1,0.7046238825430948,trajectory_plus_oisst,leave_region_out,Southern California
westcoast_0163,Southern California,2005,1,0.5207078150932701,trajectory_plus_oisst,leave_region_out,Southern California
westcoast_0164,Southern California,2005,1,0.636782210621768,trajectory_plus_oisst,leave_region_out,Southern California
westcoast_0165,Southern California,2005,0,0.24365090530950956,trajectory_plus_oisst,leave_region_out,Southern California
westcoast_0166,Southern California,2005,1,0.31634301475193133,trajectory_plus_oisst,leave_region_out,Southern California
westcoast_0167,Southern California,2005,1,0.5644311846239786,trajectory_plus_oisst,leave_region_out,Southern California
westcoast_0168,Southern California,2005,1,0.327572878575031,trajectory_plus_oisst,leave_region_out,Southern California
westcoast_0170,Southern California,2005,0,0.8049400761720195,trajectory_plus_oisst,leave_region_out,Southern California
westcoast_0171,Southern California,2005,0,0.48436389562899945,trajectory_plus_oisst,leave_region_out,Southern California
westcoast_0172,Southern California,2005,0,0.4552673483010784,trajectory_plus_oisst,leave_region_out,Southern California
westcoast_0173,Southern California,2005,0,0.4914640449400864,trajectory_plus_oisst,leave_region_out,Southern California
westcoast_0175,Southern California,2005,1,0.3230443983674082,trajectory_plus_oisst,leave_region_out,Southern California
westcoast_0176,Southern California,2005,1,0.2753108131712601,trajectory_plus_oisst,leave_region_out,Southern California
westcoast_0177,Southern California,2005,1,0.30159310254610927,trajectory_plus_oisst,leave_region_out,Southern California
westcoast_0179,Southern California,2005,1,0.44361046431292966,trajectory_plus_oisst,leave_region_out,Southern California
westcoast_0180,Southern California,2005,1,0.2881816849811749,trajectory_plus_oisst,leave_region_out,Southern California
westcoast_0181,Southern California,2005,0,0.5525308788774838,trajectory_plus_oisst,leave_region_out,Southern California
westcoast_0182,Southern California,2005,0,0.5617464956465524,trajectory_plus_oisst,leave_region_out,Southern California
westcoast_0183,Southern California,2005,1,0.6358269786285411,trajectory_plus_oisst,leave_region_out,Southern California
westcoast_0184,Southern California,2005,0,0.7225295720940096,trajectory_plus_oisst,leave_region_out,Southern California
westcoast_0186,Southern California,2005,0,0.26704118799648513,trajectory_plus_oisst,leave_region_out,Southern California
westcoast_0187,Southern California,2005,0,0.26913433701757056,trajectory_plus_oisst,leave_region_out,Southern California
westcoast_0188,Southern California,2005,1,0.4528527963609281,trajectory_plus_oisst,leave_region_out,Southern California
westcoast_0193,Southern California,2005,1,0.34282788183904883,trajectory_plus_oisst,leave_region_out,Southern California
westcoast_0195,Southern California,2005,0,0.3144964200098482,trajectory_plus_oisst,leave_region_out,Southern California
westcoast_0198,Southern California,2005,1,0.17516473365977547,trajectory_plus_oisst,leave_region_out,Southern California
westcoast_0203,Southern California,2005,1,0.24345329338012656,trajectory_plus_oisst,leave_region_out,Southern California
westcoast_0205,Southern California,2005,1,0.9973577748438696,trajectory_plus_oisst,leave_region_out,Southern California
westcoast_0206,Southern California,2005,1,0.5483160091714819,trajectory_plus_oisst,leave_region_out,Southern California
westcoast_0207,Southern California,2005,0,0.3319612310391387,trajectory_plus_oisst,leave_region_out,Southern California
westcoast_0212,Southern California,2005,0,0.5208921065880828,trajectory_plus_oisst,leave_region_out,Southern California
westcoast_0214,Southern California,2005,1,0.41748158732838037,trajectory_plus_oisst,leave_region_out,Southern California
westcoast_0216,Southern California,2005,1,0.19665066690011646,trajectory_plus_oisst,leave_region_out,Southern California
westcoast_0217,Southern California,2005,1,0.3887942737063203,trajectory_plus_oisst,leave_region_out,Southern California
westcoast_0218,Southern California,2005,1,0.4803600676475436,trajectory_plus_oisst,leave_region_out,Southern California
westcoast_0219,Southern California,2005,1,0.2053461595896472,trajectory_plus_oisst,leave_region_out,Southern California
westcoast_0220,Southern California,2005,1,0.48712827212943627,trajectory_plus_oisst,leave_region_out,Southern California
westcoast_0222,Southern California,2005,1,0.22825177389695747,trajectory_plus_oisst,leave_region_out,Southern California
westcoast_0223,Southern California,2005,1,0.39390476837031657,trajectory_plus_oisst,leave_region_out,Southern California
westcoast_0224,Southern California,2005,1,0.3045639857651972,trajectory_plus_oisst,leave_region_out,Southern California
westcoast_0226,Southern California,2005,1,0.20525800951302098,trajectory_plus_oisst,leave_region_out,Southern California
westcoast_0227,Southern California,2005,0,0.2670468813549411,trajectory_plus_oisst,leave_region_out,Southern California
westcoast_0228,Southern California,2005,0,0.2577799112247653,trajectory_plus_oisst,leave_region_out,Southern California
westcoast_0229,Southern California,2005,1,0.677565215340728,trajectory_plus_oisst,leave_region_out,Southern California
westcoast_0230,Southern California,2005,0,0.25811246949128924,trajectory_plus_oisst,leave_region_out,Southern California
westcoast_0149,Southern California,2006,0,0.36190816774917306,current_only,leave_region_out,Southern California
westcoast_0150,Southern California,2006,0,0.2548568930533534,current_only,leave_region_out,Southern California
westcoast_0151,Southern California,2006,0,0.2577528672723879,current_only,leave_region_out,Southern California
westcoast_0154,Southern California,2006,0,0.35855407750481016,current_only,leave_region_out,Southern California
westcoast_0162,Southern California,2006,0,0.3025265952247145,current_only,leave_region_out,Southern California
westcoast_0163,Southern California,2006,0,0.2756576425918637,current_only,leave_region_out,Southern California
westcoast_0164,Southern California,2006,0,0.3492158555629947,current_only,leave_region_out,Southern California
westcoast_0165,Southern California,2006,0,0.3920742099002115,current_only,leave_region_out,Southern California
westcoast_0167,Southern California,2006,0,0.29289496570349016,current_only,leave_region_out,Southern California
westcoast_0168,Southern California,2006,0,0.31917862179042983,current_only,leave_region_out,Southern California
westcoast_0170,Southern California,2006,0,0.6213093870259306,current_only,leave_region_out,Southern California
westcoast_0171,Southern California,2006,1,0.6154421317548657,current_only,leave_region_out,Southern California
westcoast_0172,Southern California,2006,1,0.37115966532097067,current_only,leave_region_out,Southern California
westcoast_0173,Southern California,2006,1,0.6567912771653159,current_only,leave_region_out,Southern California
westcoast_0175,Southern California,2006,0,0.23581091564035347,current_only,leave_region_out,Southern California
westcoast_0176,Southern California,2006,0,0.23825541123203342,current_only,leave_region_out,Southern California
westcoast_0179,Southern California,2006,0,0.2565759225698484,current_only,leave_region_out,Southern California
westcoast_0180,Southern California,2006,0,0.3285150661523259,current_only,leave_region_out,Southern California
westcoast_0181,Southern California,2006,1,0.5049801879257596,current_only,leave_region_out,Southern California
westcoast_0182,Southern California,2006,0,0.6053087893090089,current_only,leave_region_out,Southern California
westcoast_0183,Southern California,2006,0,0.36023252074368756,current_only,leave_region_out,Southern California
westcoast_0184,Southern California,2006,1,0.7815345514676247,current_only,leave_region_out,Southern California
westcoast_0186,Southern California,2006,0,0.24865007737129996,current_only,leave_region_out,Southern California
westcoast_0187,Southern California,2006,0,0.25312632579754935,current_only,leave_region_out,Southern California
westcoast_0188,Southern California,2006,0,0.2948359532905918,current_only,leave_region_out,Southern California
westcoast_0193,Southern California,2006,0,0.24405385126249549,current_only,leave_region_out,Southern California
westcoast_0195,Southern California,2006,0,0.42857941434327634,current_only,leave_region_out,Southern California
westcoast_0205,Southern California,2006,0,0.32000398987748047,current_only,leave_region_out,Southern California
westcoast_0206,Southern California,2006,1,0.4751735080302567,current_only,leave_region_out,Southern California
westcoast_0207,Southern California,2006,0,0.5030812635663718,current_only,leave_region_out,Southern California
westcoast_0212,Southern California,2006,1,0.5250543841942914,current_only,leave_region_out,Southern California
westcoast_0214,Southern California,2006,0,0.25206545398178853,current_only,leave_region_out,Southern California
westcoast_0217,Southern California,2006,0,0.23229537539193876,current_only,leave_region_out,Southern California
westcoast_0218,Southern California,2006,0,0.2588258057274417,current_only,leave_region_out,Southern California
westcoast_0220,Southern California,2006,0,0.2384912958731568,current_only,leave_region_out,Southern California
westcoast_0223,Southern California,2006,0,0.24155520955320667,current_only,leave_region_out,Southern California
westcoast_0224,Southern California,2006,0,0.27880755831192683,current_only,leave_region_out,Southern California
westcoast_0227,Southern California,2006,0,0.2539654470989188,current_only,leave_region_out,Southern California
westcoast_0228,Southern California,2006,0,0.3025779667969438,current_only,leave_region_out,Southern California
westcoast_0229,Southern California,2006,0,0.2800881936531364,current_only,leave_region_out,Southern California
westcoast_0230,Southern California,2006,0,0.32497431690665807,current_only,leave_region_out,Southern California
westcoast_0149,Southern California,2006,0,0.3441152514602204,current_plus_trajectory,leave_region_out,Southern California
westcoast_0150,Southern California,2006,0,0.2134036084799369,current_plus_trajectory,leave_region_out,Southern California
westcoast_0151,Southern California,2006,0,0.23725303974602802,current_plus_trajectory,leave_region_out,Southern California
westcoast_0154,Southern California,2006,0,0.3040927455490459,current_plus_trajectory,leave_region_out,Southern California
westcoast_0162,Southern California,2006,0,0.18682900544538839,current_plus_trajectory,leave_region_out,Southern California
westcoast_0163,Southern California,2006,0,0.19256619091077148,current_plus_trajectory,leave_region_out,Southern California
westcoast_0164,Southern California,2006,0,0.24191811099512192,current_plus_trajectory,leave_region_out,Southern California
westcoast_0165,Southern California,2006,0,0.3248609303794809,current_plus_trajectory,leave_region_out,Southern California
westcoast_0167,Southern California,2006,0,0.21028813583712824,current_plus_trajectory,leave_region_out,Southern California
westcoast_0168,Southern California,2006,0,0.2622279106132487,current_plus_trajectory,leave_region_out,Southern California
westcoast_0170,Southern California,2006,0,0.4780675047559994,current_plus_trajectory,leave_region_out,Southern California
westcoast_0171,Southern California,2006,1,0.5584693170614476,current_plus_trajectory,leave_region_out,Southern California
westcoast_0172,Southern California,2006,1,0.38561091494204686,current_plus_trajectory,leave_region_out,Southern California
westcoast_0173,Southern California,2006,1,0.7338618684715721,current_plus_trajectory,leave_region_out,Southern California
westcoast_0175,Southern California,2006,0,0.2231467928430911,current_plus_trajectory,leave_region_out,Southern California
westcoast_0176,Southern California,2006,0,0.23356120416835785,current_plus_trajectory,leave_region_out,Southern California
westcoast_0179,Southern California,2006,0,0.252715635627753,current_plus_trajectory,leave_region_out,Southern California
westcoast_0180,Southern California,2006,0,0.2601122442613615,current_plus_trajectory,leave_region_out,Southern California
westcoast_0181,Southern California,2006,1,0.4864086607909619,current_plus_trajectory,leave_region_out,Southern California
westcoast_0182,Southern California,2006,0,0.45565735740328245,current_plus_trajectory,leave_region_out,Southern California
westcoast_0183,Southern California,2006,0,0.2655295822160879,current_plus_trajectory,leave_region_out,Southern California
westcoast_0184,Southern California,2006,1,0.7241072177790926,current_plus_trajectory,leave_region_out,Southern California
westcoast_0186,Southern California,2006,0,0.27100620419283644,current_plus_trajectory,leave_region_out,Southern California
westcoast_0187,Southern California,2006,0,0.2552605928364157,current_plus_trajectory,leave_region_out,Southern California
westcoast_0188,Southern California,2006,0,0.2939047151373633,current_plus_trajectory,leave_region_out,Southern California
westcoast_0193,Southern California,2006,0,0.22753371352988563,current_plus_trajectory,leave_region_out,Southern California
westcoast_0195,Southern California,2006,0,0.3629079533636258,current_plus_trajectory,leave_region_out,Southern California
westcoast_0205,Southern California,2006,0,0.20275337579179456,current_plus_trajectory,leave_region_out,Southern California
westcoast_0206,Southern California,2006,1,0.30867168063164657,current_plus_trajectory,leave_region_out,Southern California
westcoast_0207,Southern California,2006,0,0.46157208915881154,current_plus_trajectory,leave_region_out,Southern California
westcoast_0212,Southern California,2006,1,0.44233332210681314,current_plus_trajectory,leave_region_out,Southern California
westcoast_0214,Southern California,2006,0,0.2155802961203595,current_plus_trajectory,leave_region_out,Southern California
westcoast_0217,Southern California,2006,0,0.1997069271319128,current_plus_trajectory,leave_region_out,Southern California
westcoast_0218,Southern California,2006,0,0.21728596757535878,current_plus_trajectory,leave_region_out,Southern California
westcoast_0220,Southern California,2006,0,0.20041167274111724,current_plus_trajectory,leave_region_out,Southern California
westcoast_0223,Southern California,2006,0,0.2072232456258898,current_plus_trajectory,leave_region_out,Southern California
westcoast_0224,Southern California,2006,0,0.2541188259533642,current_plus_trajectory,leave_region_out,Southern California
westcoast_0227,Southern California,2006,0,0.2794043359762447,current_plus_trajectory,leave_region_out,Southern California
westcoast_0228,Southern California,2006,0,0.3646637463599254,current_plus_trajectory,leave_region_out,Southern California
westcoast_0229,Southern California,2006,0,0.20289755346206434,current_plus_trajectory,leave_region_out,Southern California
westcoast_0230,Southern California,2006,0,0.3576801086558602,current_plus_trajectory,leave_region_out,Southern California
westcoast_0149,Southern California,2006,0,0.2970311656452096,trajectory_plus_oisst,leave_region_out,Southern California
westcoast_0150,Southern California,2006,0,0.20652231053173145,trajectory_plus_oisst,leave_region_out,Southern California
westcoast_0151,Southern California,2006,0,0.22002065947591304,trajectory_plus_oisst,leave_region_out,Southern California
westcoast_0154,Southern California,2006,0,0.3439845524281856,trajectory_plus_oisst,leave_region_out,Southern California
westcoast_0162,Southern California,2006,0,0.21630289543886633,trajectory_plus_oisst,leave_region_out,Southern California
westcoast_0163,Southern California,2006,0,0.20390139761813333,trajectory_plus_oisst,leave_region_out,Southern California
westcoast_0164,Southern California,2006,0,0.2560463819211507,trajectory_plus_oisst,leave_region_out,Southern California
westcoast_0165,Southern California,2006,0,0.3190900980512835,trajectory_plus_oisst,leave_region_out,Southern California
westcoast_0167,Southern California,2006,0,0.21231903242205286,trajectory_plus_oisst,leave_region_out,Southern California
westcoast_0168,Southern California,2006,0,0.25360042011203876,trajectory_plus_oisst,leave_region_out,Southern California
westcoast_0170,Southern California,2006,0,0.5508757549632298,trajectory_plus_oisst,leave_region_out,Southern California
westcoast_0171,Southern California,2006,1,0.5975717069455384,trajectory_plus_oisst,leave_region_out,Southern California
westcoast_0172,Southern California,2006,1,0.45990672683767353,trajectory_plus_oisst,leave_region_out,Southern California
westcoast_0173,Southern California,2006,1,0.8070919411562998,trajectory_plus_oisst,leave_region_out,Southern California
westcoast_0175,Southern California,2006,0,0.27775627849397144,trajectory_plus_oisst,leave_region_out,Southern California
westcoast_0176,Southern California,2006,0,0.2822085981024703,trajectory_plus_oisst,leave_region_out,Southern California
westcoast_0179,Southern California,2006,0,0.2408612934888441,trajectory_plus_oisst,leave_region_out,Southern California
westcoast_0180,Southern California,2006,0,0.25207791847768296,trajectory_plus_oisst,leave_region_out,Southern California
westcoast_0181,Southern California,2006,1,0.48708393860635596,trajectory_plus_oisst,leave_region_out,Southern California
westcoast_0182,Southern California,2006,0,0.49227739230985373,trajectory_plus_oisst,leave_region_out,Southern California
westcoast_0183,Southern California,2006,0,0.27050542605944117,trajectory_plus_oisst,leave_region_out,Southern California
westcoast_0184,Southern California,2006,1,0.770097884744677,trajectory_plus_oisst,leave_region_out,Southern California
westcoast_0186,Southern California,2006,0,0.26374097394564927,trajectory_plus_oisst,leave_region_out,Southern California
westcoast_0187,Southern California,2006,0,0.30049108360512555,trajectory_plus_oisst,leave_region_out,Southern California
westcoast_0188,Southern California,2006,0,0.34493655756272534,trajectory_plus_oisst,leave_region_out,Southern California
westcoast_0193,Southern California,2006,0,0.24310959411989047,trajectory_plus_oisst,leave_region_out,Southern California
westcoast_0195,Southern California,2006,0,0.45750015978238007,trajectory_plus_oisst,leave_region_out,Southern California
westcoast_0205,Southern California,2006,0,0.29474836922660325,trajectory_plus_oisst,leave_region_out,Southern California
westcoast_0206,Southern California,2006,1,0.3827573580028836,trajectory_plus_oisst,leave_region_out,Southern California
westcoast_0207,Southern California,2006,0,0.5533993680373115,trajectory_plus_oisst,leave_region_out,Southern California
westcoast_0212,Southern California,2006,1,0.5233615085316892,trajectory_plus_oisst,leave_region_out,Southern California
westcoast_0214,Southern California,2006,0,0.27230749045740155,trajectory_plus_oisst,leave_region_out,Southern California
westcoast_0217,Southern California,2006,0,0.26154948037469383,trajectory_plus_oisst,leave_region_out,Southern California
westcoast_0218,Southern California,2006,0,0.2880263185163972,trajectory_plus_oisst,leave_region_out,Southern California
westcoast_0220,Southern California,2006,0,0.2668036044969008,trajectory_plus_oisst,leave_region_out,Southern California
westcoast_0223,Southern California,2006,0,0.270300309643964,trajectory_plus_oisst,leave_region_out,Southern California
westcoast_0224,Southern California,2006,0,0.2829636110010682,trajectory_plus_oisst,leave_region_out,Southern California
westcoast_0227,Southern California,2006,0,0.3714648647729288,trajectory_plus_oisst,leave_region_out,Southern California
westcoast_0228,Southern California,2006,0,0.47292320662943377,trajectory_plus_oisst,leave_region_out,Southern California
westcoast_0229,Southern California,2006,0,0.35236136971584797,trajectory_plus_oisst,leave_region_out,Southern California
westcoast_0230,Southern California,2006,0,0.47475389644030974,trajectory_plus_oisst,leave_region_out,Southern California
westcoast_0149,Southern California,2007,1,0.3762631939272115,current_only,leave_region_out,Southern California
westcoast_0150,Southern California,2007,1,0.6347401395006936,current_only,leave_region_out,Southern California
westcoast_0151,Southern California,2007,1,0.7113352687661613,current_only,leave_region_out,Southern California
westcoast_0152,Southern California,2007,1,0.637821013829084,current_only,leave_region_out,Southern California
westcoast_0154,Southern California,2007,1,0.7656394857804446,current_only,leave_region_out,Southern California
westcoast_0162,Southern California,2007,1,0.7835023792920995,current_only,leave_region_out,Southern California
westcoast_0163,Southern California,2007,0,0.5050443128548173,current_only,leave_region_out,Southern California
westcoast_0164,Southern California,2007,0,0.6141454136959759,current_only,leave_region_out,Southern California
westcoast_0165,Southern California,2007,1,0.6097762795291956,current_only,leave_region_out,Southern California
westcoast_0166,Southern California,2007,1,0.457102655600145,current_only,leave_region_out,Southern California
westcoast_0167,Southern California,2007,1,0.3812252107726991,current_only,leave_region_out,Southern California
westcoast_0168,Southern California,2007,1,0.5535744081527701,current_only,leave_region_out,Southern California
westcoast_0170,Southern California,2007,0,0.4850682902801073,current_only,leave_region_out,Southern California
westcoast_0171,Southern California,2007,0,0.44844219203053204,current_only,leave_region_out,Southern California
westcoast_0172,Southern California,2007,0,0.2489013917255691,current_only,leave_region_out,Southern California
westcoast_0173,Southern California,2007,0,0.2930803639830733,current_only,leave_region_out,Southern California
westcoast_0175,Southern California,2007,0,0.44355320158667433,current_only,leave_region_out,Southern California
westcoast_0176,Southern California,2007,0,0.4222969430260722,current_only,leave_region_out,Southern California
westcoast_0177,Southern California,2007,0,0.39207995274622115,current_only,leave_region_out,Southern California
westcoast_0179,Southern California,2007,1,0.39960719674899264,current_only,leave_region_out,Southern California
westcoast_0180,Southern California,2007,0,0.30471563934536716,current_only,leave_region_out,Southern California
westcoast_0181,Southern California,2007,1,0.36328367221040697,current_only,leave_region_out,Southern California
westcoast_0182,Southern California,2007,0,0.5206322783421288,current_only,leave_region_out,Southern California
westcoast_0183,Southern California,2007,1,0.5708640212426832,current_only,leave_region_out,Southern California
westcoast_0184,Southern California,2007,0,0.6179248316921421,current_only,leave_region_out,Southern California
westcoast_0186,Southern California,2007,0,0.29780599364381305,current_only,leave_region_out,Southern California
westcoast_0187,Southern California,2007,0,0.30829332727850356,current_only,leave_region_out,Southern California
westcoast_0188,Southern California,2007,1,0.3171442057866276,current_only,leave_region_out,Southern California
westcoast_0193,Southern California,2007,1,0.2420287387107643,current_only,leave_region_out,Southern California
westcoast_0195,Southern California,2007,0,0.49561473357343455,current_only,leave_region_out,Southern California
westcoast_0203,Southern California,2007,0,0.2582242931457741,current_only,leave_region_out,Southern California
westcoast_0205,Southern California,2007,1,0.42648047990921806,current_only,leave_region_out,Southern California
westcoast_0206,Southern California,2007,1,0.31200630836983073,current_only,leave_region_out,Southern California
westcoast_0207,Southern California,2007,1,0.432883256490561,current_only,leave_region_out,Southern California
westcoast_0210,Southern California,2007,0,0.2413392282741947,current_only,leave_region_out,Southern California
westcoast_0212,Southern California,2007,0,0.32485889612192453,current_only,leave_region_out,Southern California
westcoast_0214,Southern California,2007,1,0.5026795699345776,current_only,leave_region_out,Southern California
westcoast_0216,Southern California,2007,0,0.27245993883138586,current_only,leave_region_out,Southern California
westcoast_0217,Southern California,2007,1,0.39180445540313225,current_only,leave_region_out,Southern California
westcoast_0218,Southern California,2007,1,0.4108073190187839,current_only,leave_region_out,Southern California
westcoast_0219,Southern California,2007,0,0.31906891368829726,current_only,leave_region_out,Southern California
westcoast_0220,Southern California,2007,1,0.29068353342468795,current_only,leave_region_out,Southern California
westcoast_0222,Southern California,2007,0,0.22577423375062913,current_only,leave_region_out,Southern California
westcoast_0223,Southern California,2007,1,0.35927310341409174,current_only,leave_region_out,Southern California
westcoast_0224,Southern California,2007,1,0.2859872734510503,current_only,leave_region_out,Southern California
westcoast_0226,Southern California,2007,0,0.3080356445808704,current_only,leave_region_out,Southern California
westcoast_0227,Southern California,2007,0,0.29149499439357957,current_only,leave_region_out,Southern California
westcoast_0228,Southern California,2007,0,0.5162595844559903,current_only,leave_region_out,Southern California
westcoast_0229,Southern California,2007,0,0.9917011296905338,current_only,leave_region_out,Southern California
westcoast_0230,Southern California,2007,0,0.45169002924821483,current_only,leave_region_out,Southern California
westcoast_0149,Southern California,2007,1,0.3884915974462932,current_plus_trajectory,leave_region_out,Southern California
westcoast_0150,Southern California,2007,1,0.7643564052347009,current_plus_trajectory,leave_region_out,Southern California
westcoast_0151,Southern California,2007,1,0.859138861103038,current_plus_trajectory,leave_region_out,Southern California
westcoast_0152,Southern California,2007,1,0.8245496792775572,current_plus_trajectory,leave_region_out,Southern California
westcoast_0154,Southern California,2007,1,0.8099089899797948,current_plus_trajectory,leave_region_out,Southern California
westcoast_0162,Southern California,2007,1,0.8430142230202193,current_plus_trajectory,leave_region_out,Southern California
westcoast_0163,Southern California,2007,0,0.5701184446436253,current_plus_trajectory,leave_region_out,Southern California
westcoast_0164,Southern California,2007,0,0.6118644432552932,current_plus_trajectory,leave_region_out,Southern California
westcoast_0165,Southern California,2007,1,0.6313570507905624,current_plus_trajectory,leave_region_out,Southern California
westcoast_0166,Southern California,2007,1,0.5700696399350277,current_plus_trajectory,leave_region_out,Southern California
westcoast_0167,Southern California,2007,1,0.4048828620998295,current_plus_trajectory,leave_region_out,Southern California
westcoast_0168,Southern California,2007,1,0.613553662523449,current_plus_trajectory,leave_region_out,Southern California
westcoast_0170,Southern California,2007,0,0.28823386506424886,current_plus_trajectory,leave_region_out,Southern California
westcoast_0171,Southern California,2007,0,0.2932959617050535,current_plus_trajectory,leave_region_out,Southern California
westcoast_0172,Southern California,2007,0,0.20941049099922995,current_plus_trajectory,leave_region_out,Southern California
westcoast_0173,Southern California,2007,0,0.20149991845586443,current_plus_trajectory,leave_region_out,Southern California
westcoast_0175,Southern California,2007,0,0.575397704674933,current_plus_trajectory,leave_region_out,Southern California
westcoast_0176,Southern California,2007,0,0.5580120154641682,current_plus_trajectory,leave_region_out,Southern California
westcoast_0177,Southern California,2007,0,0.5160380376947903,current_plus_trajectory,leave_region_out,Southern California
westcoast_0179,Southern California,2007,1,0.451216040873436,current_plus_trajectory,leave_region_out,Southern California
westcoast_0180,Southern California,2007,0,0.2836881063434431,current_plus_trajectory,leave_region_out,Southern California
westcoast_0181,Southern California,2007,1,0.2453367237900647,current_plus_trajectory,leave_region_out,Southern California
westcoast_0182,Southern California,2007,0,0.32162661050922103,current_plus_trajectory,leave_region_out,Southern California
westcoast_0183,Southern California,2007,1,0.5522401475223193,current_plus_trajectory,leave_region_out,Southern California
westcoast_0184,Southern California,2007,0,0.3221599632018032,current_plus_trajectory,leave_region_out,Southern California
westcoast_0186,Southern California,2007,0,0.3792506793364855,current_plus_trajectory,leave_region_out,Southern California
westcoast_0187,Southern California,2007,0,0.3942273741794127,current_plus_trajectory,leave_region_out,Southern California
westcoast_0188,Southern California,2007,1,0.3157474133436625,current_plus_trajectory,leave_region_out,Southern California
westcoast_0193,Southern California,2007,1,0.2608221188997515,current_plus_trajectory,leave_region_out,Southern California
westcoast_0195,Southern California,2007,0,0.45680807341492374,current_plus_trajectory,leave_region_out,Southern California
westcoast_0203,Southern California,2007,0,0.315145731151248,current_plus_trajectory,leave_region_out,Southern California
westcoast_0205,Southern California,2007,1,0.580559184314586,current_plus_trajectory,leave_region_out,Southern California
westcoast_0206,Southern California,2007,1,0.2382941740632053,current_plus_trajectory,leave_region_out,Southern California
westcoast_0207,Southern California,2007,1,0.36761028048941363,current_plus_trajectory,leave_region_out,Southern California
westcoast_0210,Southern California,2007,0,0.3308492353324483,current_plus_trajectory,leave_region_out,Southern California
westcoast_0212,Southern California,2007,0,0.22782575209619704,current_plus_trajectory,leave_region_out,Southern California
westcoast_0214,Southern California,2007,1,0.606254210914042,current_plus_trajectory,leave_region_out,Southern California
westcoast_0216,Southern California,2007,0,0.3668445025329157,current_plus_trajectory,leave_region_out,Southern California
westcoast_0217,Southern California,2007,1,0.48284070435719734,current_plus_trajectory,leave_region_out,Southern California
westcoast_0218,Southern California,2007,1,0.4644300612837065,current_plus_trajectory,leave_region_out,Southern California
westcoast_0219,Southern California,2007,0,0.4483264472213007,current_plus_trajectory,leave_region_out,Southern California
westcoast_0220,Southern California,2007,1,0.339265466261627,current_plus_trajectory,leave_region_out,Southern California
westcoast_0222,Southern California,2007,0,0.27999986568192053,current_plus_trajectory,leave_region_out,Southern California
westcoast_0223,Southern California,2007,1,0.4264264769532211,current_plus_trajectory,leave_region_out,Southern California
westcoast_0224,Southern California,2007,1,0.2929024315012067,current_plus_trajectory,leave_region_out,Southern California
westcoast_0226,Southern California,2007,0,0.4097149605882306,current_plus_trajectory,leave_region_out,Southern California
westcoast_0227,Southern California,2007,0,0.35453986891449507,current_plus_trajectory,leave_region_out,Southern California
westcoast_0228,Southern California,2007,0,0.6540300293429583,current_plus_trajectory,leave_region_out,Southern California
westcoast_0229,Southern California,2007,0,0.9987342224947439,current_plus_trajectory,leave_region_out,Southern California
westcoast_0230,Southern California,2007,0,0.5529229455544886,current_plus_trajectory,leave_region_out,Southern California
westcoast_0149,Southern California,2007,1,0.36911144905420373,trajectory_plus_oisst,leave_region_out,Southern California
westcoast_0150,Southern California,2007,1,0.7733083810774992,trajectory_plus_oisst,leave_region_out,Southern California
westcoast_0151,Southern California,2007,1,0.8658353822114467,trajectory_plus_oisst,leave_region_out,Southern California
westcoast_0152,Southern California,2007,1,0.8277854488627479,trajectory_plus_oisst,leave_region_out,Southern California
westcoast_0154,Southern California,2007,1,0.8650554826622112,trajectory_plus_oisst,leave_region_out,Southern California
westcoast_0162,Southern California,2007,1,0.8791601823857136,trajectory_plus_oisst,leave_region_out,Southern California
westcoast_0163,Southern California,2007,0,0.6141150994555689,trajectory_plus_oisst,leave_region_out,Southern California
westcoast_0164,Southern California,2007,0,0.68262822846776,trajectory_plus_oisst,leave_region_out,Southern California
westcoast_0165,Southern California,2007,1,0.6377187313016484,trajectory_plus_oisst,leave_region_out,Southern California
westcoast_0166,Southern California,2007,1,0.555849567683406,trajectory_plus_oisst,leave_region_out,Southern California
westcoast_0167,Southern California,2007,1,0.38157615553930424,trajectory_plus_oisst,leave_region_out,Southern California
westcoast_0168,Southern California,2007,1,0.5949132806752493,trajectory_plus_oisst,leave_region_out,Southern California
westcoast_0170,Southern California,2007,0,0.33164998193208667,trajectory_plus_oisst,leave_region_out,Southern California
westcoast_0171,Southern California,2007,0,0.3193513031281564,trajectory_plus_oisst,leave_region_out,Southern California
westcoast_0172,Southern California,2007,0,0.25303532751036606,trajectory_plus_oisst,leave_region_out,Southern California
westcoast_0173,Southern California,2007,0,0.26356185361101053,trajectory_plus_oisst,leave_region_out,Southern California
westcoast_0175,Southern California,2007,0,0.6918562222640885,trajectory_plus_oisst,leave_region_out,Southern California
westcoast_0176,Southern California,2007,0,0.6761114686936996,trajectory_plus_oisst,leave_region_out,Southern California
westcoast_0177,Southern California,2007,0,0.593529445616027,trajectory_plus_oisst,leave_region_out,Southern California
westcoast_0179,Southern California,2007,1,0.45179929742672775,trajectory_plus_oisst,leave_region_out,Southern California
westcoast_0180,Southern California,2007,0,0.32088702371762134,trajectory_plus_oisst,leave_region_out,Southern California
westcoast_0181,Southern California,2007,1,0.31451056860539983,trajectory_plus_oisst,leave_region_out,Southern California
westcoast_0182,Southern California,2007,0,0.3265977658518028,trajectory_plus_oisst,leave_region_out,Southern California
westcoast_0183,Southern California,2007,1,0.5395758459236296,trajectory_plus_oisst,leave_region_out,Southern California
westcoast_0184,Southern California,2007,0,0.35940458761674615,trajectory_plus_oisst,leave_region_out,Southern California
westcoast_0186,Southern California,2007,0,0.5390017776515934,trajectory_plus_oisst,leave_region_out,Southern California
westcoast_0187,Southern California,2007,0,0.5175491378680832,trajectory_plus_oisst,leave_region_out,Southern California
westcoast_0188,Southern California,2007,1,0.4550088942216755,trajectory_plus_oisst,leave_region_out,Southern California
westcoast_0193,Southern California,2007,1,0.28245566433088604,trajectory_plus_oisst,leave_region_out,Southern California
westcoast_0195,Southern California,2007,0,0.5582367087522898,trajectory_plus_oisst,leave_region_out,Southern California
westcoast_0203,Southern California,2007,0,0.3412334804004493,trajectory_plus_oisst,leave_region_out,Southern California
westcoast_0205,Southern California,2007,1,0.5487276252980471,trajectory_plus_oisst,leave_region_out,Southern California
westcoast_0206,Southern California,2007,1,0.19692405835637714,trajectory_plus_oisst,leave_region_out,Southern California
westcoast_0207,Southern California,2007,1,0.448657747728703,trajectory_plus_oisst,leave_region_out,Southern California
westcoast_0210,Southern California,2007,0,0.40708307082075124,trajectory_plus_oisst,leave_region_out,Southern California
westcoast_0212,Southern California,2007,0,0.2652237777160871,trajectory_plus_oisst,leave_region_out,Southern California
westcoast_0214,Southern California,2007,1,0.6811917250285582,trajectory_plus_oisst,leave_region_out,Southern California
westcoast_0216,Southern California,2007,0,0.4541423254291716,trajectory_plus_oisst,leave_region_out,Southern California
westcoast_0217,Southern California,2007,1,0.45825969870243854,trajectory_plus_oisst,leave_region_out,Southern California
westcoast_0218,Southern California,2007,1,0.4519841411552472,trajectory_plus_oisst,leave_region_out,Southern California
westcoast_0219,Southern California,2007,0,0.5392110955360395,trajectory_plus_oisst,leave_region_out,Southern California
westcoast_0220,Southern California,2007,1,0.31484603136221984,trajectory_plus_oisst,leave_region_out,Southern California
westcoast_0222,Southern California,2007,0,0.3534897443188173,trajectory_plus_oisst,leave_region_out,Southern California
westcoast_0223,Southern California,2007,1,0.3995504258565385,trajectory_plus_oisst,leave_region_out,Southern California
westcoast_0224,Southern California,2007,1,0.3151290986968466,trajectory_plus_oisst,leave_region_out,Southern California
westcoast_0226,Southern California,2007,0,0.49939964915174995,trajectory_plus_oisst,leave_region_out,Southern California
westcoast_0227,Southern California,2007,0,0.40402238968389886,trajectory_plus_oisst,leave_region_out,Southern California
westcoast_0228,Southern California,2007,0,0.7161091371101452,trajectory_plus_oisst,leave_region_out,Southern California
westcoast_0229,Southern California,2007,0,0.9994455312373809,trajectory_plus_oisst,leave_region_out,Southern California
westcoast_0230,Southern California,2007,0,0.6589823136832853,trajectory_plus_oisst,leave_region_out,Southern California
westcoast_0149,Southern California,2008,0,0.24621528269133522,current_only,leave_region_out,Southern California
westcoast_0150,Southern California,2008,0,0.2844471858108051,current_only,leave_region_out,Southern California
westcoast_0151,Southern California,2008,0,0.28534536641010666,current_only,leave_region_out,Southern California
westcoast_0152,Southern California,2008,0,0.22167123895880647,current_only,leave_region_out,Southern California
westcoast_0154,Southern California,2008,0,0.36146798466076874,current_only,leave_region_out,Southern California
westcoast_0162,Southern California,2008,1,0.38526794957883675,current_only,leave_region_out,Southern California
westcoast_0163,Southern California,2008,1,0.5182388490316562,current_only,leave_region_out,Southern California
westcoast_0164,Southern California,2008,1,0.5573271483306196,current_only,leave_region_out,Southern California
westcoast_0165,Southern California,2008,0,0.3345895494461419,current_only,leave_region_out,Southern California
westcoast_0166,Southern California,2008,1,0.22572947894229553,current_only,leave_region_out,Southern California
westcoast_0167,Southern California,2008,0,0.23418767334386695,current_only,leave_region_out,Southern California
westcoast_0168,Southern California,2008,0,0.29141427000094705,current_only,leave_region_out,Southern California
westcoast_0170,Southern California,2008,0,0.5504508960087734,current_only,leave_region_out,Southern California
westcoast_0171,Southern California,2008,0,0.4052864699149371,current_only,leave_region_out,Southern California
westcoast_0172,Southern California,2008,1,0.26312761345658875,current_only,leave_region_out,Southern California
westcoast_0173,Southern California,2008,1,0.5735367233044228,current_only,leave_region_out,Southern California
westcoast_0175,Southern California,2008,0,0.525446238568536,current_only,leave_region_out,Southern California
westcoast_0176,Southern California,2008,0,0.5115203274347855,current_only,leave_region_out,Southern California
westcoast_0177,Southern California,2008,0,0.44157327926354306,current_only,leave_region_out,Southern California
westcoast_0179,Southern California,2008,1,0.26934059965174617,current_only,leave_region_out,Southern California
westcoast_0180,Southern California,2008,1,0.5310635704038256,current_only,leave_region_out,Southern California
westcoast_0181,Southern California,2008,0,0.2762968205209062,current_only,leave_region_out,Southern California
westcoast_0182,Southern California,2008,0,0.5479453504212486,current_only,leave_region_out,Southern California
westcoast_0183,Southern California,2008,1,0.3351682339451929,current_only,leave_region_out,Southern California
westcoast_0184,Southern California,2008,0,0.6143244895428177,current_only,leave_region_out,Southern California
westcoast_0186,Southern California,2008,0,0.2899168833110473,current_only,leave_region_out,Southern California
westcoast_0187,Southern California,2008,0,0.5067622872187394,current_only,leave_region_out,Southern California
westcoast_0188,Southern California,2008,0,0.2684212315956097,current_only,leave_region_out,Southern California
westcoast_0193,Southern California,2008,1,0.21408815570555567,current_only,leave_region_out,Southern California
westcoast_0195,Southern California,2008,1,0.7265426325440726,current_only,leave_region_out,Southern California
westcoast_0198,Southern California,2008,0,0.3662016169211215,current_only,leave_region_out,Southern California
westcoast_0203,Southern California,2008,0,0.32501940912432425,current_only,leave_region_out,Southern California
westcoast_0206,Southern California,2008,0,0.21661331183515659,current_only,leave_region_out,Southern California
westcoast_0207,Southern California,2008,0,0.2538147002258165,current_only,leave_region_out,Southern California
westcoast_0210,Southern California,2008,0,0.4294972047244932,current_only,leave_region_out,Southern California
westcoast_0212,Southern California,2008,0,0.2799612578270891,current_only,leave_region_out,Southern California
westcoast_0214,Southern California,2008,0,0.23448262806632728,current_only,leave_region_out,Southern California
westcoast_0216,Southern California,2008,0,0.3603208843559135,current_only,leave_region_out,Southern California
westcoast_0217,Southern California,2008,0,0.2214479158572614,current_only,leave_region_out,Southern California
westcoast_0218,Southern California,2008,0,0.2685434544260144,current_only,leave_region_out,Southern California
westcoast_0219,Southern California,2008,0,0.43066132083856784,current_only,leave_region_out,Southern California
westcoast_0220,Southern California,2008,0,0.23358366443883016,current_only,leave_region_out,Southern California
westcoast_0222,Southern California,2008,0,0.24019689948148876,current_only,leave_region_out,Southern California
westcoast_0223,Southern California,2008,0,0.21845256208755937,current_only,leave_region_out,Southern California
westcoast_0224,Southern California,2008,0,0.22174976934334312,current_only,leave_region_out,Southern California
westcoast_0226,Southern California,2008,0,0.5542770201675411,current_only,leave_region_out,Southern California
westcoast_0227,Southern California,2008,0,0.4523542743674576,current_only,leave_region_out,Southern California
westcoast_0228,Southern California,2008,0,0.8054792602433881,current_only,leave_region_out,Southern California
westcoast_0229,Southern California,2008,1,0.997972222328557,current_only,leave_region_out,Southern California
westcoast_0230,Southern California,2008,0,0.38040359966289644,current_only,leave_region_out,Southern California
westcoast_0149,Southern California,2008,0,0.2112398343582959,current_plus_trajectory,leave_region_out,Southern California
westcoast_0150,Southern California,2008,0,0.28092027076805287,current_plus_trajectory,leave_region_out,Southern California
westcoast_0151,Southern California,2008,0,0.27579534305025355,current_plus_trajectory,leave_region_out,Southern California
westcoast_0152,Southern California,2008,0,0.22855454340051123,current_plus_trajectory,leave_region_out,Southern California
westcoast_0154,Southern California,2008,0,0.29868275431914726,current_plus_trajectory,leave_region_out,Southern California
westcoast_0162,Southern California,2008,1,0.36767327409048484,current_plus_trajectory,leave_region_out,Southern California
westcoast_0163,Southern California,2008,1,0.5676301676427982,current_plus_trajectory,leave_region_out,Southern California
westcoast_0164,Southern California,2008,1,0.5322870180224653,current_plus_trajectory,leave_region_out,Southern California
westcoast_0165,Southern California,2008,0,0.26034368360056653,current_plus_trajectory,leave_region_out,Southern California
westcoast_0166,Southern California,2008,1,0.24036137453369358,current_plus_trajectory,leave_region_out,Southern California
westcoast_0167,Southern California,2008,0,0.226631696712075,current_plus_trajectory,leave_region_out,Southern California
westcoast_0168,Southern California,2008,0,0.2557021564976706,current_plus_trajectory,leave_region_out,Southern California
westcoast_0170,Southern California,2008,0,0.4327211425043616,current_plus_trajectory,leave_region_out,Southern California
westcoast_0171,Southern California,2008,0,0.3083653565893429,current_plus_trajectory,leave_region_out,Southern California
westcoast_0172,Southern California,2008,1,0.27327810772368333,current_plus_trajectory,leave_region_out,Southern California
westcoast_0173,Southern California,2008,1,0.6012903191043875,current_plus_trajectory,leave_region_out,Southern California
westcoast_0175,Southern California,2008,0,0.6082097396782872,current_plus_trajectory,leave_region_out,Southern California
westcoast_0176,Southern California,2008,0,0.5904837600434173,current_plus_trajectory,leave_region_out,Southern California
westcoast_0177,Southern California,2008,0,0.5221534333031178,current_plus_trajectory,leave_region_out,Southern California
westcoast_0179,Southern California,2008,1,0.27253991493737684,current_plus_trajectory,leave_region_out,Southern California
westcoast_0180,Southern California,2008,1,0.613650593943938,current_plus_trajectory,leave_region_out,Southern California
westcoast_0181,Southern California,2008,0,0.24440881706210268,current_plus_trajectory,leave_region_out,Southern California
westcoast_0182,Southern California,2008,0,0.39661802486071973,current_plus_trajectory,leave_region_out,Southern California
westcoast_0183,Southern California,2008,1,0.28336777979809014,current_plus_trajectory,leave_region_out,Southern California
westcoast_0184,Southern California,2008,0,0.4109274733990592,current_plus_trajectory,leave_region_out,Southern California
westcoast_0186,Southern California,2008,0,0.3242634775368661,current_plus_trajectory,leave_region_out,Southern California
westcoast_0187,Southern California,2008,0,0.6138803078594662,current_plus_trajectory,leave_region_out,Southern California
westcoast_0188,Southern California,2008,0,0.25792918810886445,current_plus_trajectory,leave_region_out,Southern California
westcoast_0193,Southern California,2008,1,0.22622042870757111,current_plus_trajectory,leave_region_out,Southern California
westcoast_0195,Southern California,2008,1,0.7238571782299436,current_plus_trajectory,leave_region_out,Southern California
westcoast_0198,Southern California,2008,0,0.5116025314458549,current_plus_trajectory,leave_region_out,Southern California
westcoast_0203,Southern California,2008,0,0.4232126143018205,current_plus_trajectory,leave_region_out,Southern California
westcoast_0206,Southern California,2008,0,0.21434005863904051,current_plus_trajectory,leave_region_out,Southern California
westcoast_0207,Southern California,2008,0,0.20332325588513256,current_plus_trajectory,leave_region_out,Southern California
westcoast_0210,Southern California,2008,0,0.5735166042412218,current_plus_trajectory,leave_region_out,Southern California
westcoast_0212,Southern California,2008,0,0.2607037705445557,current_plus_trajectory,leave_region_out,Southern California
westcoast_0214,Southern California,2008,0,0.23584640558232356,current_plus_trajectory,leave_region_out,Southern California
westcoast_0216,Southern California,2008,0,0.4595930413710027,current_plus_trajectory,leave_region_out,Southern California
westcoast_0217,Southern California,2008,0,0.23203569680743266,current_plus_trajectory,leave_region_out,Southern California
westcoast_0218,Southern California,2008,0,0.2719816977249253,current_plus_trajectory,leave_region_out,Southern California
westcoast_0219,Southern California,2008,0,0.538202999227763,current_plus_trajectory,leave_region_out,Southern California
westcoast_0220,Southern California,2008,0,0.25480525369712137,current_plus_trajectory,leave_region_out,Southern California
westcoast_0222,Southern California,2008,0,0.30014395724067056,current_plus_trajectory,leave_region_out,Southern California
westcoast_0223,Southern California,2008,0,0.22465776663932965,current_plus_trajectory,leave_region_out,Southern California
westcoast_0224,Southern California,2008,0,0.2162321569999241,current_plus_trajectory,leave_region_out,Southern California
westcoast_0226,Southern California,2008,0,0.6917331396974705,current_plus_trajectory,leave_region_out,Southern California
westcoast_0227,Southern California,2008,0,0.5504287768126449,current_plus_trajectory,leave_region_out,Southern California
westcoast_0228,Southern California,2008,0,0.8611677566577197,current_plus_trajectory,leave_region_out,Southern California
westcoast_0229,Southern California,2008,1,0.9987831525936035,current_plus_trajectory,leave_region_out,Southern California
westcoast_0230,Southern California,2008,0,0.33867200463681846,current_plus_trajectory,leave_region_out,Southern California
westcoast_0149,Southern California,2008,0,0.19015250770953165,trajectory_plus_oisst,leave_region_out,Southern California
westcoast_0150,Southern California,2008,0,0.2690666338480525,trajectory_plus_oisst,leave_region_out,Southern California
westcoast_0151,Southern California,2008,0,0.2749661479401391,trajectory_plus_oisst,leave_region_out,Southern California
westcoast_0152,Southern California,2008,0,0.2210603983975821,trajectory_plus_oisst,leave_region_out,Southern California
westcoast_0154,Southern California,2008,0,0.32361896111250166,trajectory_plus_oisst,leave_region_out,Southern California
westcoast_0162,Southern California,2008,1,0.32915505839685977,trajectory_plus_oisst,leave_region_out,Southern California
westcoast_0163,Southern California,2008,1,0.5328129014110266,trajectory_plus_oisst,leave_region_out,Southern California
westcoast_0164,Southern California,2008,1,0.5097778898444406,trajectory_plus_oisst,leave_region_out,Southern California
westcoast_0165,Southern California,2008,0,0.2742861981378656,trajectory_plus_oisst,leave_region_out,Southern California
westcoast_0166,Southern California,2008,1,0.2217816077298905,trajectory_plus_oisst,leave_region_out,Southern California
westcoast_0167,Southern California,2008,0,0.19593299922345606,trajectory_plus_oisst,leave_region_out,Southern California
westcoast_0168,Southern California,2008,0,0.24719513345711272,trajectory_plus_oisst,leave_region_out,Southern California
westcoast_0170,Southern California,2008,0,0.45523627561636326,trajectory_plus_oisst,leave_region_out,Southern California
westcoast_0171,Southern California,2008,0,0.3316564102569353,trajectory_plus_oisst,leave_region_out,Southern California
westcoast_0172,Southern California,2008,1,0.2664595293079111,trajectory_plus_oisst,leave_region_out,Southern California
westcoast_0173,Southern California,2008,1,0.6350676741594061,trajectory_plus_oisst,leave_region_out,Southern California
westcoast_0175,Southern California,2008,0,0.6161243799237733,trajectory_plus_oisst,leave_region_out,Southern California
westcoast_0176,Southern California,2008,0,0.6031907040094523,trajectory_plus_oisst,leave_region_out,Southern California
westcoast_0177,Southern California,2008,0,0.5631974499305841,trajectory_plus_oisst,leave_region_out,Southern California
westcoast_0179,Southern California,2008,1,0.2600485876223339,trajectory_plus_oisst,leave_region_out,Southern California
westcoast_0180,Southern California,2008,1,0.6478404681660624,trajectory_plus_oisst,leave_region_out,Southern California
westcoast_0181,Southern California,2008,0,0.2586099692237224,trajectory_plus_oisst,leave_region_out,Southern California
westcoast_0182,Southern California,2008,0,0.4393398107562546,trajectory_plus_oisst,leave_region_out,Southern California
westcoast_0183,Southern California,2008,1,0.2861491070208421,trajectory_plus_oisst,leave_region_out,Southern California
westcoast_0184,Southern California,2008,0,0.47192552115700886,trajectory_plus_oisst,leave_region_out,Southern California
westcoast_0186,Southern California,2008,0,0.347698981362599,trajectory_plus_oisst,leave_region_out,Southern California
westcoast_0187,Southern California,2008,0,0.761755724706004,trajectory_plus_oisst,leave_region_out,Southern California
westcoast_0188,Southern California,2008,0,0.3865154898486674,trajectory_plus_oisst,leave_region_out,Southern California
westcoast_0193,Southern California,2008,1,0.21984391973006037,trajectory_plus_oisst,leave_region_out,Southern California
westcoast_0195,Southern California,2008,1,0.8071096473433114,trajectory_plus_oisst,leave_region_out,Southern California
westcoast_0198,Southern California,2008,0,0.6202613955612755,trajectory_plus_oisst,leave_region_out,Southern California
westcoast_0203,Southern California,2008,0,0.5227214989826826,trajectory_plus_oisst,leave_region_out,Southern California
westcoast_0206,Southern California,2008,0,0.1726705336877201,trajectory_plus_oisst,leave_region_out,Southern California
westcoast_0207,Southern California,2008,0,0.1744042725242297,trajectory_plus_oisst,leave_region_out,Southern California
westcoast_0210,Southern California,2008,0,0.6878832920358896,trajectory_plus_oisst,leave_region_out,Southern California
westcoast_0212,Southern California,2008,0,0.21511159909537028,trajectory_plus_oisst,leave_region_out,Southern California
westcoast_0214,Southern California,2008,0,0.224049247760377,trajectory_plus_oisst,leave_region_out,Southern California
westcoast_0216,Southern California,2008,0,0.5761635489733746,trajectory_plus_oisst,leave_region_out,Southern California
westcoast_0217,Southern California,2008,0,0.2740560971627576,trajectory_plus_oisst,leave_region_out,Southern California
westcoast_0218,Southern California,2008,0,0.321545057098086,trajectory_plus_oisst,leave_region_out,Southern California
westcoast_0219,Southern California,2008,0,0.5977720742500987,trajectory_plus_oisst,leave_region_out,Southern California
westcoast_0220,Southern California,2008,0,0.2904968023591572,trajectory_plus_oisst,leave_region_out,Southern California
westcoast_0222,Southern California,2008,0,0.3303389517644575,trajectory_plus_oisst,leave_region_out,Southern California
westcoast_0223,Southern California,2008,0,0.26477548114627236,trajectory_plus_oisst,leave_region_out,Southern California
westcoast_0224,Southern California,2008,0,0.24914453280500076,trajectory_plus_oisst,leave_region_out,Southern California
westcoast_0226,Southern California,2008,0,0.7470661349404222,trajectory_plus_oisst,leave_region_out,Southern California
westcoast_0227,Southern California,2008,0,0.5934562641836598,trajectory_plus_oisst,leave_region_out,Southern California
westcoast_0228,Southern California,2008,0,0.9024264610090876,trajectory_plus_oisst,leave_region_out,Southern California
westcoast_0229,Southern California,2008,1,0.9995391933546353,trajectory_plus_oisst,leave_region_out,Southern California
westcoast_0230,Southern California,2008,0,0.3995627408167741,trajectory_plus_oisst,leave_region_out,Southern California
westcoast_0149,Southern California,2009,0,0.2800853505732676,current_only,leave_region_out,Southern California
westcoast_0150,Southern California,2009,1,0.4820597861689856,current_only,leave_region_out,Southern California
westcoast_0151,Southern California,2009,1,0.5782077972182703,current_only,leave_region_out,Southern California
westcoast_0152,Southern California,2009,1,0.5319656978742899,current_only,leave_region_out,Southern California
westcoast_0154,Southern California,2009,0,0.5221003793552217,current_only,leave_region_out,Southern California
westcoast_0162,Southern California,2009,0,0.29685346771066745,current_only,leave_region_out,Southern California
westcoast_0163,Southern California,2009,0,0.2682591897944142,current_only,leave_region_out,Southern California
westcoast_0164,Southern California,2009,0,0.21269041630017013,current_only,leave_region_out,Southern California
westcoast_0165,Southern California,2009,0,0.3041987920979486,current_only,leave_region_out,Southern California
westcoast_0166,Southern California,2009,0,0.21596585951844205,current_only,leave_region_out,Southern California
westcoast_0167,Southern California,2009,1,0.2794384531518937,current_only,leave_region_out,Southern California
westcoast_0168,Southern California,2009,0,0.28602367512881655,current_only,leave_region_out,Southern California
westcoast_0170,Southern California,2009,0,0.441496836246796,current_only,leave_region_out,Southern California
westcoast_0171,Southern California,2009,0,0.48072074580691787,current_only,leave_region_out,Southern California
westcoast_0172,Southern California,2009,0,0.2384403987975089,current_only,leave_region_out,Southern California
westcoast_0173,Southern California,2009,0,0.34080046386770935,current_only,leave_region_out,Southern California
westcoast_0175,Southern California,2009,0,0.49806317088599317,current_only,leave_region_out,Southern California
westcoast_0176,Southern California,2009,0,0.6869906185378883,current_only,leave_region_out,Southern California
westcoast_0177,Southern California,2009,0,0.6219113149465549,current_only,leave_region_out,Southern California
westcoast_0180,Southern California,2009,0,0.21325005883996548,current_only,leave_region_out,Southern California
westcoast_0181,Southern California,2009,0,0.27647659932652807,current_only,leave_region_out,Southern California
westcoast_0182,Southern California,2009,1,0.5049131592404793,current_only,leave_region_out,Southern California
westcoast_0183,Southern California,2009,0,0.28161870990324983,current_only,leave_region_out,Southern California
westcoast_0184,Southern California,2009,0,0.6885997600421147,current_only,leave_region_out,Southern California
westcoast_0186,Southern California,2009,0,0.470438264947584,current_only,leave_region_out,Southern California
westcoast_0187,Southern California,2009,0,0.3963723620864217,current_only,leave_region_out,Southern California
westcoast_0188,Southern California,2009,0,0.2696045313944229,current_only,leave_region_out,Southern California
westcoast_0195,Southern California,2009,0,0.5049981273821481,current_only,leave_region_out,Southern California
westcoast_0198,Southern California,2009,0,0.87466475556621,current_only,leave_region_out,Southern California
westcoast_0203,Southern California,2009,0,0.889624017407746,current_only,leave_region_out,Southern California
westcoast_0205,Southern California,2009,0,0.2160651234884664,current_only,leave_region_out,Southern California
westcoast_0206,Southern California,2009,0,0.21683999253200414,current_only,leave_region_out,Southern California
westcoast_0207,Southern California,2009,0,0.24217658332086103,current_only,leave_region_out,Southern California
westcoast_0210,Southern California,2009,0,0.7899374941614311,current_only,leave_region_out,Southern California
westcoast_0212,Southern California,2009,0,0.29017153105499655,current_only,leave_region_out,Southern California
westcoast_0214,Southern California,2009,0,0.24152205315218922,current_only,leave_region_out,Southern California
westcoast_0216,Southern California,2009,1,0.6478227820695258,current_only,leave_region_out,Southern California
westcoast_0217,Southern California,2009,0,0.32670659183326267,current_only,leave_region_out,Southern California
westcoast_0218,Southern California,2009,0,0.38030225685066915,current_only,leave_region_out,Southern California
westcoast_0219,Southern California,2009,1,0.6465797763528931,current_only,leave_region_out,Southern California
westcoast_0220,Southern California,2009,0,0.29380913700221506,current_only,leave_region_out,Southern California
westcoast_0222,Southern California,2009,1,0.3163037595110945,current_only,leave_region_out,Southern California
westcoast_0223,Southern California,2009,0,0.33051056957937197,current_only,leave_region_out,Southern California
westcoast_0224,Southern California,2009,0,0.3080399488084127,current_only,leave_region_out,Southern California
westcoast_0226,Southern California,2009,0,0.5159894940644829,current_only,leave_region_out,Southern California
westcoast_0227,Southern California,2009,0,0.4143760689476333,current_only,leave_region_out,Southern California
westcoast_0228,Southern California,2009,1,0.748083181387438,current_only,leave_region_out,Southern California
westcoast_0229,Southern California,2009,1,0.3939845048844505,current_only,leave_region_out,Southern California
westcoast_0230,Southern California,2009,1,0.8628135226908943,current_only,leave_region_out,Southern California
westcoast_0149,Southern California,2009,0,0.3040296820119267,current_plus_trajectory,leave_region_out,Southern California
westcoast_0150,Southern California,2009,1,0.519601696111023,current_plus_trajectory,leave_region_out,Southern California
westcoast_0151,Southern California,2009,1,0.6319787809841907,current_plus_trajectory,leave_region_out,Southern California
westcoast_0152,Southern California,2009,1,0.6454934317063675,current_plus_trajectory,leave_region_out,Southern California
westcoast_0154,Southern California,2009,0,0.5034092897794225,current_plus_trajectory,leave_region_out,Southern California
westcoast_0162,Southern California,2009,0,0.2844073341460987,current_plus_trajectory,leave_region_out,Southern California
westcoast_0163,Southern California,2009,0,0.19369723632057317,current_plus_trajectory,leave_region_out,Southern California
westcoast_0164,Southern California,2009,0,0.1547248411733604,current_plus_trajectory,leave_region_out,Southern California
westcoast_0165,Southern California,2009,0,0.2892761674615888,current_plus_trajectory,leave_region_out,Southern California
westcoast_0166,Southern California,2009,0,0.25214327282402743,current_plus_trajectory,leave_region_out,Southern California
westcoast_0167,Southern California,2009,1,0.3139977747494651,current_plus_trajectory,leave_region_out,Southern California
westcoast_0168,Southern California,2009,0,0.2921393601993107,current_plus_trajectory,leave_region_out,Southern California
westcoast_0170,Southern California,2009,0,0.30097000396086127,current_plus_trajectory,leave_region_out,Southern California
westcoast_0171,Southern California,2009,0,0.4189494761977063,current_plus_trajectory,leave_region_out,Southern California
westcoast_0172,Southern California,2009,0,0.24983358487599344,current_plus_trajectory,leave_region_out,Southern California
westcoast_0173,Southern California,2009,0,0.26962254659020557,current_plus_trajectory,leave_region_out,Southern California
westcoast_0175,Southern California,2009,0,0.38252157720028523,current_plus_trajectory,leave_region_out,Southern California
westcoast_0176,Southern California,2009,0,0.6458020019666946,current_plus_trajectory,leave_region_out,Southern California
westcoast_0177,Southern California,2009,0,0.6047488254811241,current_plus_trajectory,leave_region_out,Southern California
westcoast_0180,Southern California,2009,0,0.17007069176099082,current_plus_trajectory,leave_region_out,Southern California
westcoast_0181,Southern California,2009,0,0.27617085641261563,current_plus_trajectory,leave_region_out,Southern California
westcoast_0182,Southern California,2009,1,0.34724191030530843,current_plus_trajectory,leave_region_out,Southern California
westcoast_0183,Southern California,2009,0,0.2645971832172739,current_plus_trajectory,leave_region_out,Southern California
westcoast_0184,Southern California,2009,0,0.5165770547641776,current_plus_trajectory,leave_region_out,Southern California
westcoast_0186,Southern California,2009,0,0.5383356711567786,current_plus_trajectory,leave_region_out,Southern California
westcoast_0187,Southern California,2009,0,0.33339843494185,current_plus_trajectory,leave_region_out,Southern California
westcoast_0188,Southern California,2009,0,0.27519845052114106,current_plus_trajectory,leave_region_out,Southern California
westcoast_0195,Southern California,2009,0,0.31284012719327947,current_plus_trajectory,leave_region_out,Southern California
westcoast_0198,Southern California,2009,0,0.9460530478467173,current_plus_trajectory,leave_region_out,Southern California
westcoast_0203,Southern California,2009,0,0.9557193328681399,current_plus_trajectory,leave_region_out,Southern California
westcoast_0205,Southern California,2009,0,0.26913341439355326,current_plus_trajectory,leave_region_out,Southern California
westcoast_0206,Southern California,2009,0,0.24163342031116822,current_plus_trajectory,leave_region_out,Southern California
westcoast_0207,Southern California,2009,0,0.25846291937128685,current_plus_trajectory,leave_region_out,Southern California
westcoast_0210,Southern California,2009,0,0.8610356264394693,current_plus_trajectory,leave_region_out,Southern California
westcoast_0212,Southern California,2009,0,0.29301249334940527,current_plus_trajectory,leave_region_out,Southern California
westcoast_0214,Southern California,2009,0,0.2800331214666963,current_plus_trajectory,leave_region_out,Southern California
westcoast_0216,Southern California,2009,1,0.7261385751355145,current_plus_trajectory,leave_region_out,Southern California
westcoast_0217,Southern California,2009,0,0.3941548090165933,current_plus_trajectory,leave_region_out,Southern California
westcoast_0218,Southern California,2009,0,0.4193727710634379,current_plus_trajectory,leave_region_out,Southern California
westcoast_0219,Southern California,2009,1,0.6715714632976263,current_plus_trajectory,leave_region_out,Southern California
westcoast_0220,Southern California,2009,0,0.3473620868247044,current_plus_trajectory,leave_region_out,Southern California
westcoast_0222,Southern California,2009,1,0.3932839623174543,current_plus_trajectory,leave_region_out,Southern California
westcoast_0223,Southern California,2009,0,0.41014199891867137,current_plus_trajectory,leave_region_out,Southern California
westcoast_0224,Southern California,2009,0,0.37996118733094786,current_plus_trajectory,leave_region_out,Southern California
westcoast_0226,Southern California,2009,0,0.460968797478892,current_plus_trajectory,leave_region_out,Southern California
westcoast_0227,Southern California,2009,0,0.38338528974363434,current_plus_trajectory,leave_region_out,Southern California
westcoast_0228,Southern California,2009,1,0.557795556604627,current_plus_trajectory,leave_region_out,Southern California
westcoast_0229,Southern California,2009,1,0.0587035970561201,current_plus_trajectory,leave_region_out,Southern California
westcoast_0230,Southern California,2009,1,0.9095926416032887,current_plus_trajectory,leave_region_out,Southern California
westcoast_0149,Southern California,2009,0,0.3147076439918101,trajectory_plus_oisst,leave_region_out,Southern California
westcoast_0150,Southern California,2009,1,0.6342876636256162,trajectory_plus_oisst,leave_region_out,Southern California
westcoast_0151,Southern California,2009,1,0.7447483947445797,trajectory_plus_oisst,leave_region_out,Southern California
westcoast_0152,Southern California,2009,1,0.7467730480498104,trajectory_plus_oisst,leave_region_out,Southern California
westcoast_0154,Southern California,2009,0,0.6272855771761854,trajectory_plus_oisst,leave_region_out,Southern California
westcoast_0162,Southern California,2009,0,0.30118527046727545,trajectory_plus_oisst,leave_region_out,Southern California
westcoast_0163,Southern California,2009,0,0.20391891982347843,trajectory_plus_oisst,leave_region_out,Southern California
westcoast_0164,Southern California,2009,0,0.15538022162397144,trajectory_plus_oisst,leave_region_out,Southern California
westcoast_0165,Southern California,2009,0,0.3013409651393843,trajectory_plus_oisst,leave_region_out,Southern California
westcoast_0166,Southern California,2009,0,0.25821329742604593,trajectory_plus_oisst,leave_region_out,Southern California
westcoast_0167,Southern California,2009,1,0.34057918155345096,trajectory_plus_oisst,leave_region_out,Southern California
westcoast_0168,Southern California,2009,0,0.32594432276859897,trajectory_plus_oisst,leave_region_out,Southern California
westcoast_0170,Southern California,2009,0,0.32640528378099265,trajectory_plus_oisst,leave_region_out,Southern California
westcoast_0171,Southern California,2009,0,0.44229764166175106,trajectory_plus_oisst,leave_region_out,Southern California
westcoast_0172,Southern California,2009,0,0.2734055711332493,trajectory_plus_oisst,leave_region_out,Southern California
westcoast_0173,Southern California,2009,0,0.2957066761540373,trajectory_plus_oisst,leave_region_out,Southern California
westcoast_0175,Southern California,2009,0,0.517757826663267,trajectory_plus_oisst,leave_region_out,Southern California
westcoast_0176,Southern California,2009,0,0.7747212263399812,trajectory_plus_oisst,leave_region_out,Southern California
westcoast_0177,Southern California,2009,0,0.6958253919185415,trajectory_plus_oisst,leave_region_out,Southern California
westcoast_0180,Southern California,2009,0,0.14483951150914748,trajectory_plus_oisst,leave_region_out,Southern California
westcoast_0181,Southern California,2009,0,0.226745360749451,trajectory_plus_oisst,leave_region_out,Southern California
westcoast_0182,Southern California,2009,1,0.3145192622894442,trajectory_plus_oisst,leave_region_out,Southern California
westcoast_0183,Southern California,2009,0,0.22648587260022898,trajectory_plus_oisst,leave_region_out,Southern California
westcoast_0184,Southern California,2009,0,0.48989843383136267,trajectory_plus_oisst,leave_region_out,Southern California
westcoast_0186,Southern California,2009,0,0.6009848694719762,trajectory_plus_oisst,leave_region_out,Southern California
westcoast_0187,Southern California,2009,0,0.381432716531483,trajectory_plus_oisst,leave_region_out,Southern California
westcoast_0188,Southern California,2009,0,0.28914880148627575,trajectory_plus_oisst,leave_region_out,Southern California
westcoast_0195,Southern California,2009,0,0.3761598288034814,trajectory_plus_oisst,leave_region_out,Southern California
westcoast_0198,Southern California,2009,0,0.965704836610561,trajectory_plus_oisst,leave_region_out,Southern California
westcoast_0203,Southern California,2009,0,0.9725551225643387,trajectory_plus_oisst,leave_region_out,Southern California
westcoast_0205,Southern California,2009,0,0.2274956165707199,trajectory_plus_oisst,leave_region_out,Southern California
westcoast_0206,Southern California,2009,0,0.19077769215638601,trajectory_plus_oisst,leave_region_out,Southern California
westcoast_0207,Southern California,2009,0,0.21285657820762036,trajectory_plus_oisst,leave_region_out,Southern California
westcoast_0210,Southern California,2009,0,0.9083938064619316,trajectory_plus_oisst,leave_region_out,Southern California
westcoast_0212,Southern California,2009,0,0.2375180041158682,trajectory_plus_oisst,leave_region_out,Southern California
westcoast_0214,Southern California,2009,0,0.25713808334815746,trajectory_plus_oisst,leave_region_out,Southern California
westcoast_0216,Southern California,2009,1,0.795457752208382,trajectory_plus_oisst,leave_region_out,Southern California
westcoast_0217,Southern California,2009,0,0.3046615027771102,trajectory_plus_oisst,leave_region_out,Southern California
westcoast_0218,Southern California,2009,0,0.3335947288506535,trajectory_plus_oisst,leave_region_out,Southern California
westcoast_0219,Southern California,2009,1,0.7886332237921287,trajectory_plus_oisst,leave_region_out,Southern California
westcoast_0220,Southern California,2009,0,0.2555689524163335,trajectory_plus_oisst,leave_region_out,Southern California
westcoast_0222,Southern California,2009,1,0.4807476876951188,trajectory_plus_oisst,leave_region_out,Southern California
westcoast_0223,Southern California,2009,0,0.31518332374300057,trajectory_plus_oisst,leave_region_out,Southern California
westcoast_0224,Southern California,2009,0,0.3582382985617002,trajectory_plus_oisst,leave_region_out,Southern California
westcoast_0226,Southern California,2009,0,0.596676423422438,trajectory_plus_oisst,leave_region_out,Southern California
westcoast_0227,Southern California,2009,0,0.47929557980265775,trajectory_plus_oisst,leave_region_out,Southern California
westcoast_0228,Southern California,2009,1,0.714156155111155,trajectory_plus_oisst,leave_region_out,Southern California
westcoast_0229,Southern California,2009,1,0.1382037180749083,trajectory_plus_oisst,leave_region_out,Southern California
westcoast_0230,Southern California,2009,1,0.9545087289133278,trajectory_plus_oisst,leave_region_out,Southern California
westcoast_0149,Southern California,2010,1,0.2990329749200982,current_only,leave_region_out,Southern California
westcoast_0150,Southern California,2010,0,0.3311809275855025,current_only,leave_region_out,Southern California
westcoast_0151,Southern California,2010,1,0.3630178223711476,current_only,leave_region_out,Southern California
westcoast_0152,Southern California,2010,1,0.38786954476007196,current_only,leave_region_out,Southern California
westcoast_0154,Southern California,2010,0,0.5197430201490802,current_only,leave_region_out,Southern California
westcoast_0162,Southern California,2010,0,0.44425399936732396,current_only,leave_region_out,Southern California
westcoast_0163,Southern California,2010,1,0.4274698743246896,current_only,leave_region_out,Southern California
westcoast_0164,Southern California,2010,1,0.4877234733585013,current_only,leave_region_out,Southern California
westcoast_0165,Southern California,2010,0,0.3032165968735385,current_only,leave_region_out,Southern California
westcoast_0166,Southern California,2010,1,0.27141067247758965,current_only,leave_region_out,Southern California
westcoast_0167,Southern California,2010,1,0.2538888683453667,current_only,leave_region_out,Southern California
westcoast_0168,Southern California,2010,1,0.35439668239659255,current_only,leave_region_out,Southern California
westcoast_0170,Southern California,2010,1,0.5028390422540377,current_only,leave_region_out,Southern California
westcoast_0171,Southern California,2010,1,0.4515010027122447,current_only,leave_region_out,Southern California
westcoast_0172,Southern California,2010,1,0.3038513246358097,current_only,leave_region_out,Southern California
westcoast_0173,Southern California,2010,1,0.5495540682765387,current_only,leave_region_out,Southern California
westcoast_0175,Southern California,2010,1,0.4288737992368426,current_only,leave_region_out,Southern California
westcoast_0176,Southern California,2010,1,0.5649999392195618,current_only,leave_region_out,Southern California
westcoast_0177,Southern California,2010,1,0.7344480660638028,current_only,leave_region_out,Southern California
westcoast_0180,Southern California,2010,1,0.3336730207871884,current_only,leave_region_out,Southern California
westcoast_0181,Southern California,2010,1,0.39923232269035897,current_only,leave_region_out,Southern California
westcoast_0182,Southern California,2010,0,0.38822755329806496,current_only,leave_region_out,Southern California
westcoast_0183,Southern California,2010,1,0.39516780523714884,current_only,leave_region_out,Southern California
westcoast_0184,Southern California,2010,1,0.762878405331892,current_only,leave_region_out,Southern California
westcoast_0186,Southern California,2010,0,0.3870494984335686,current_only,leave_region_out,Southern California
westcoast_0187,Southern California,2010,0,0.5844926931234348,current_only,leave_region_out,Southern California
westcoast_0188,Southern California,2010,0,0.27089668081276436,current_only,leave_region_out,Southern California
westcoast_0192,Southern California,2010,0,0.4801038861364023,current_only,leave_region_out,Southern California
westcoast_0193,Southern California,2010,1,0.29707629437720906,current_only,leave_region_out,Southern California
westcoast_0195,Southern California,2010,1,0.7895349727156546,current_only,leave_region_out,Southern California
westcoast_0198,Southern California,2010,1,0.7711847872276556,current_only,leave_region_out,Southern California
westcoast_0203,Southern California,2010,0,0.9931662586074758,current_only,leave_region_out,Southern California
westcoast_0205,Southern California,2010,1,0.3276459681607043,current_only,leave_region_out,Southern California
westcoast_0206,Southern California,2010,1,0.4339064243732235,current_only,leave_region_out,Southern California
westcoast_0207,Southern California,2010,1,0.3697108381971771,current_only,leave_region_out,Southern California
westcoast_0210,Southern California,2010,1,0.630382563987571,current_only,leave_region_out,Southern California
westcoast_0212,Southern California,2010,1,0.28655754888301,current_only,leave_region_out,Southern California
westcoast_0214,Southern California,2010,1,0.39452519437320765,current_only,leave_region_out,Southern California
westcoast_0216,Southern California,2010,1,0.4381263805053227,current_only,leave_region_out,Southern California
westcoast_0217,Southern California,2010,0,0.43265746773568814,current_only,leave_region_out,Southern California
westcoast_0218,Southern California,2010,0,0.45035537996569963,current_only,leave_region_out,Southern California
westcoast_0219,Southern California,2010,0,0.3376737102930165,current_only,leave_region_out,Southern California
westcoast_0220,Southern California,2010,0,0.3169270812563472,current_only,leave_region_out,Southern California
westcoast_0222,Southern California,2010,1,0.2750150448604229,current_only,leave_region_out,Southern California
westcoast_0223,Southern California,2010,0,0.334096420752163,current_only,leave_region_out,Southern California
westcoast_0224,Southern California,2010,0,0.2881568412807026,current_only,leave_region_out,Southern California
westcoast_0226,Southern California,2010,1,0.5133869466903349,current_only,leave_region_out,Southern California
westcoast_0227,Southern California,2010,0,0.37531568197521264,current_only,leave_region_out,Southern California
westcoast_0228,Southern California,2010,0,0.22710009236178524,current_only,leave_region_out,Southern California
westcoast_0149,Southern California,2010,1,0.3302976960745625,current_plus_trajectory,leave_region_out,Southern California
westcoast_0150,Southern California,2010,0,0.26887377033046156,current_plus_trajectory,leave_region_out,Southern California
westcoast_0151,Southern California,2010,1,0.28185872961870023,current_plus_trajectory,leave_region_out,Southern California
westcoast_0152,Southern California,2010,1,0.3426332498472846,current_plus_trajectory,leave_region_out,Southern California
westcoast_0154,Southern California,2010,0,0.436604274918345,current_plus_trajectory,leave_region_out,Southern California
westcoast_0162,Southern California,2010,0,0.429967690037922,current_plus_trajectory,leave_region_out,Southern California
westcoast_0163,Southern California,2010,1,0.4401989895039308,current_plus_trajectory,leave_region_out,Southern California
westcoast_0164,Southern California,2010,1,0.5510332899084295,current_plus_trajectory,leave_region_out,Southern California
westcoast_0165,Southern California,2010,0,0.2763635606935005,current_plus_trajectory,leave_region_out,Southern California
westcoast_0166,Southern California,2010,1,0.32520041723649507,current_plus_trajectory,leave_region_out,Southern California
westcoast_0167,Southern California,2010,1,0.25144443415133466,current_plus_trajectory,leave_region_out,Southern California
westcoast_0168,Southern California,2010,1,0.3651723536028678,current_plus_trajectory,leave_region_out,Southern California
westcoast_0170,Southern California,2010,1,0.41875223436885584,current_plus_trajectory,leave_region_out,Southern California
westcoast_0171,Southern California,2010,1,0.37630231472035436,current_plus_trajectory,leave_region_out,Southern California
westcoast_0172,Southern California,2010,1,0.36104493744253496,current_plus_trajectory,leave_region_out,Southern California
westcoast_0173,Southern California,2010,1,0.5550844609548081,current_plus_trajectory,leave_region_out,Southern California
westcoast_0175,Southern California,2010,1,0.3318651927580379,current_plus_trajectory,leave_region_out,Southern California
westcoast_0176,Southern California,2010,1,0.4154455971602965,current_plus_trajectory,leave_region_out,Southern California
westcoast_0177,Southern California,2010,1,0.663500831147151,current_plus_trajectory,leave_region_out,Southern California
westcoast_0180,Southern California,2010,1,0.37979227671102084,current_plus_trajectory,leave_region_out,Southern California
westcoast_0181,Southern California,2010,1,0.44281439862064553,current_plus_trajectory,leave_region_out,Southern California
westcoast_0182,Southern California,2010,0,0.29178058965628056,current_plus_trajectory,leave_region_out,Southern California
westcoast_0183,Southern California,2010,1,0.40732618484067235,current_plus_trajectory,leave_region_out,Southern California
westcoast_0184,Southern California,2010,1,0.6127116947481489,current_plus_trajectory,leave_region_out,Southern California
westcoast_0186,Southern California,2010,0,0.3538989759961995,current_plus_trajectory,leave_region_out,Southern California
westcoast_0187,Southern California,2010,0,0.5566487779301182,current_plus_trajectory,leave_region_out,Southern California
westcoast_0188,Southern California,2010,0,0.2867880791805,current_plus_trajectory,leave_region_out,Southern California
westcoast_0192,Southern California,2010,0,0.6220915773106597,current_plus_trajectory,leave_region_out,Southern California
westcoast_0193,Southern California,2010,1,0.38489687344075985,current_plus_trajectory,leave_region_out,Southern California
westcoast_0195,Southern California,2010,1,0.722254121879832,current_plus_trajectory,leave_region_out,Southern California
westcoast_0198,Southern California,2010,1,0.676642616798245,current_plus_trajectory,leave_region_out,Southern California
westcoast_0203,Southern California,2010,0,0.9926197134212081,current_plus_trajectory,leave_region_out,Southern California
westcoast_0205,Southern California,2010,1,0.40936433616024637,current_plus_trajectory,leave_region_out,Southern California
westcoast_0206,Southern California,2010,1,0.5439810797214849,current_plus_trajectory,leave_region_out,Southern California
westcoast_0207,Southern California,2010,1,0.4278317723390766,current_plus_trajectory,leave_region_out,Southern California
westcoast_0210,Southern California,2010,1,0.5045238958817182,current_plus_trajectory,leave_region_out,Southern California
westcoast_0212,Southern California,2010,1,0.2929862040592479,current_plus_trajectory,leave_region_out,Southern California
westcoast_0214,Southern California,2010,1,0.4592381995237656,current_plus_trajectory,leave_region_out,Southern California
westcoast_0216,Southern California,2010,1,0.35351105123097587,current_plus_trajectory,leave_region_out,Southern California
westcoast_0217,Southern California,2010,0,0.4804970950760384,current_plus_trajectory,leave_region_out,Southern California
westcoast_0218,Southern California,2010,0,0.4614468192634817,current_plus_trajectory,leave_region_out,Southern California
westcoast_0219,Southern California,2010,0,0.2527227203797781,current_plus_trajectory,leave_region_out,Southern California
westcoast_0220,Southern California,2010,0,0.3597694529182998,current_plus_trajectory,leave_region_out,Southern California
westcoast_0222,Southern California,2010,1,0.2785573278342187,current_plus_trajectory,leave_region_out,Southern California
westcoast_0223,Southern California,2010,0,0.36839287040940777,current_plus_trajectory,leave_region_out,Southern California
westcoast_0224,Southern California,2010,0,0.3069826599862556,current_plus_trajectory,leave_region_out,Southern California
westcoast_0226,Southern California,2010,1,0.4041378671890588,current_plus_trajectory,leave_region_out,Southern California
westcoast_0227,Southern California,2010,0,0.32248528617619104,current_plus_trajectory,leave_region_out,Southern California
westcoast_0228,Southern California,2010,0,0.1608155904995612,current_plus_trajectory,leave_region_out,Southern California
westcoast_0149,Southern California,2010,1,0.44220947770674335,trajectory_plus_oisst,leave_region_out,Southern California
westcoast_0150,Southern California,2010,0,0.4199559338901806,trajectory_plus_oisst,leave_region_out,Southern California
westcoast_0151,Southern California,2010,1,0.4335484711707387,trajectory_plus_oisst,leave_region_out,Southern California
westcoast_0152,Southern California,2010,1,0.5069551181626298,trajectory_plus_oisst,leave_region_out,Southern California
westcoast_0154,Southern California,2010,0,0.6368054984108438,trajectory_plus_oisst,leave_region_out,Southern California
westcoast_0162,Southern California,2010,0,0.5326740063066123,trajectory_plus_oisst,leave_region_out,Southern California
westcoast_0163,Southern California,2010,1,0.5726053022589258,trajectory_plus_oisst,leave_region_out,Southern California
westcoast_0164,Southern California,2010,1,0.6699685598228643,trajectory_plus_oisst,leave_region_out,Southern California
westcoast_0165,Southern California,2010,0,0.38580238226718494,trajectory_plus_oisst,leave_region_out,Southern California
westcoast_0166,Southern California,2010,1,0.44034648235666585,trajectory_plus_oisst,leave_region_out,Southern California
westcoast_0167,Southern California,2010,1,0.3889112261357951,trajectory_plus_oisst,leave_region_out,Southern California
westcoast_0168,Southern California,2010,1,0.5199336405438892,trajectory_plus_oisst,leave_region_out,Southern California
westcoast_0170,Southern California,2010,1,0.6247880060462156,trajectory_plus_oisst,leave_region_out,Southern California
westcoast_0171,Southern California,2010,1,0.5752600737507504,trajectory_plus_oisst,leave_region_out,Southern California
westcoast_0172,Southern California,2010,1,0.5665600446541985,trajectory_plus_oisst,leave_region_out,Southern California
westcoast_0173,Southern California,2010,1,0.7688937504257658,trajectory_plus_oisst,leave_region_out,Southern California
westcoast_0175,Southern California,2010,1,0.5436655126765215,trajectory_plus_oisst,leave_region_out,Southern California
westcoast_0176,Southern California,2010,1,0.6468788822909427,trajectory_plus_oisst,leave_region_out,Southern California
westcoast_0177,Southern California,2010,1,0.8300718407534412,trajectory_plus_oisst,leave_region_out,Southern California
westcoast_0180,Southern California,2010,1,0.5475094426015715,trajectory_plus_oisst,leave_region_out,Southern California
westcoast_0181,Southern California,2010,1,0.6029727036591268,trajectory_plus_oisst,leave_region_out,Southern California
westcoast_0182,Southern California,2010,0,0.46737355097994226,trajectory_plus_oisst,leave_region_out,Southern California
westcoast_0183,Southern California,2010,1,0.5712556460393151,trajectory_plus_oisst,leave_region_out,Southern California
westcoast_0184,Southern California,2010,1,0.7946629992192658,trajectory_plus_oisst,leave_region_out,Southern California
westcoast_0186,Southern California,2010,0,0.5343768298810055,trajectory_plus_oisst,leave_region_out,Southern California
westcoast_0187,Southern California,2010,0,0.7276587616099544,trajectory_plus_oisst,leave_region_out,Southern California
westcoast_0188,Southern California,2010,0,0.41753826845323627,trajectory_plus_oisst,leave_region_out,Southern California
westcoast_0192,Southern California,2010,0,0.7569538901193491,trajectory_plus_oisst,leave_region_out,Southern California
westcoast_0193,Southern California,2010,1,0.5515654736524938,trajectory_plus_oisst,leave_region_out,Southern California
westcoast_0195,Southern California,2010,1,0.8519710428673596,trajectory_plus_oisst,leave_region_out,Southern California
westcoast_0198,Southern California,2010,1,0.8004622256753472,trajectory_plus_oisst,leave_region_out,Southern California
westcoast_0203,Southern California,2010,0,0.996943664750103,trajectory_plus_oisst,leave_region_out,Southern California
westcoast_0205,Southern California,2010,1,0.5877001360761313,trajectory_plus_oisst,leave_region_out,Southern California
westcoast_0206,Southern California,2010,1,0.7263460681931344,trajectory_plus_oisst,leave_region_out,Southern California
westcoast_0207,Southern California,2010,1,0.5966890219748698,trajectory_plus_oisst,leave_region_out,Southern California
westcoast_0210,Southern California,2010,1,0.6438215457719104,trajectory_plus_oisst,leave_region_out,Southern California
westcoast_0212,Southern California,2010,1,0.48669300842309565,trajectory_plus_oisst,leave_region_out,Southern California
westcoast_0214,Southern California,2010,1,0.5943803875915749,trajectory_plus_oisst,leave_region_out,Southern California
westcoast_0216,Southern California,2010,1,0.4643045242337502,trajectory_plus_oisst,leave_region_out,Southern California
westcoast_0217,Southern California,2010,0,0.6433668066170513,trajectory_plus_oisst,leave_region_out,Southern California
westcoast_0218,Southern California,2010,0,0.6310449621564976,trajectory_plus_oisst,leave_region_out,Southern California
westcoast_0219,Southern California,2010,0,0.3396631877767971,trajectory_plus_oisst,leave_region_out,Southern California
westcoast_0220,Southern California,2010,0,0.5238119133739677,trajectory_plus_oisst,leave_region_out,Southern California
westcoast_0222,Southern California,2010,1,0.3549020094409474,trajectory_plus_oisst,leave_region_out,Southern California
westcoast_0223,Southern California,2010,0,0.5276536210727514,trajectory_plus_oisst,leave_region_out,Southern California
westcoast_0224,Southern California,2010,0,0.41625678334908783,trajectory_plus_oisst,leave_region_out,Southern California
westcoast_0226,Southern California,2010,1,0.529703804865577,trajectory_plus_oisst,leave_region_out,Southern California
westcoast_0227,Southern California,2010,0,0.42603610834278816,trajectory_plus_oisst,leave_region_out,Southern California
westcoast_0228,Southern California,2010,0,0.22273059615871932,trajectory_plus_oisst,leave_region_out,Southern California
westcoast_0150,Southern California,2011,0,0.3029556079038362,current_only,leave_region_out,Southern California
westcoast_0151,Southern California,2011,0,0.2841546817833343,current_only,leave_region_out,Southern California
westcoast_0152,Southern California,2011,0,0.2984295095195164,current_only,leave_region_out,Southern California
westcoast_0154,Southern California,2011,0,0.4404960988322316,current_only,leave_region_out,Southern California
westcoast_0162,Southern California,2011,1,0.45098919753855726,current_only,leave_region_out,Southern California
westcoast_0163,Southern California,2011,1,0.3534416223278234,current_only,leave_region_out,Southern California
westcoast_0164,Southern California,2011,1,0.2862536743917597,current_only,leave_region_out,Southern California
westcoast_0165,Southern California,2011,0,0.2805830030722397,current_only,leave_region_out,Southern California
westcoast_0166,Southern California,2011,0,0.24280191789786362,current_only,leave_region_out,Southern California
westcoast_0167,Southern California,2011,0,0.22728348737697368,current_only,leave_region_out,Southern California
westcoast_0168,Southern California,2011,1,0.2761964026675942,current_only,leave_region_out,Southern California
westcoast_0170,Southern California,2011,0,0.3165536423939503,current_only,leave_region_out,Southern California
westcoast_0171,Southern California,2011,0,0.23672269776594873,current_only,leave_region_out,Southern California
westcoast_0172,Southern California,2011,0,0.24772627374154316,current_only,leave_region_out,Southern California
westcoast_0173,Southern California,2011,1,0.39645087132180495,current_only,leave_region_out,Southern California
westcoast_0175,Southern California,2011,0,0.26517540017088614,current_only,leave_region_out,Southern California
westcoast_0176,Southern California,2011,0,0.2797131216438945,current_only,leave_region_out,Southern California
westcoast_0177,Southern California,2011,0,0.3084177019007045,current_only,leave_region_out,Southern California
westcoast_0180,Southern California,2011,1,0.28770602375153714,current_only,leave_region_out,Southern California
westcoast_0182,Southern California,2011,0,0.49707229449040763,current_only,leave_region_out,Southern California
westcoast_0183,Southern California,2011,0,0.22727091107881184,current_only,leave_region_out,Southern California
westcoast_0184,Southern California,2011,0,0.2935648518038352,current_only,leave_region_out,Southern California
westcoast_0186,Southern California,2011,1,0.49100802642355834,current_only,leave_region_out,Southern California
westcoast_0187,Southern California,2011,1,0.539448657814884,current_only,leave_region_out,Southern California
westcoast_0188,Southern California,2011,1,0.3527909957698344,current_only,leave_region_out,Southern California
westcoast_0192,Southern California,2011,0,0.6929617470427818,current_only,leave_region_out,Southern California
westcoast_0193,Southern California,2011,0,0.23736644666410175,current_only,leave_region_out,Southern California
westcoast_0195,Southern California,2011,1,0.5673193181735713,current_only,leave_region_out,Southern California
westcoast_0198,Southern California,2011,1,0.5771133681351022,current_only,leave_region_out,Southern California
westcoast_0203,Southern California,2011,0,0.9681948571402348,current_only,leave_region_out,Southern California
westcoast_0205,Southern California,2011,1,0.22990186492482328,current_only,leave_region_out,Southern California
westcoast_0207,Southern California,2011,1,0.2799286610305002,current_only,leave_region_out,Southern California
westcoast_0210,Southern California,2011,1,0.3256662293407397,current_only,leave_region_out,Southern California
westcoast_0212,Southern California,2011,0,0.22664346106917777,current_only,leave_region_out,Southern California
westcoast_0214,Southern California,2011,1,0.27825840080457603,current_only,leave_region_out,Southern California
westcoast_0216,Southern California,2011,1,0.3125420155694287,current_only,leave_region_out,Southern California
westcoast_0217,Southern California,2011,1,0.4885527364810155,current_only,leave_region_out,Southern California
westcoast_0218,Southern California,2011,1,0.584156767669223,current_only,leave_region_out,Southern California
westcoast_0219,Southern California,2011,1,0.3569815783352288,current_only,leave_region_out,Southern California
westcoast_0220,Southern California,2011,1,0.46485981148590905,current_only,leave_region_out,Southern California
westcoast_0222,Southern California,2011,1,0.22643916946482778,current_only,leave_region_out,Southern California
westcoast_0223,Southern California,2011,1,0.3894945177666161,current_only,leave_region_out,Southern California
westcoast_0224,Southern California,2011,1,0.31183264778964515,current_only,leave_region_out,Southern California
westcoast_0226,Southern California,2011,1,0.3036903194068632,current_only,leave_region_out,Southern California
westcoast_0227,Southern California,2011,1,0.3278159716511274,current_only,leave_region_out,Southern California
westcoast_0228,Southern California,2011,1,0.3466031993759631,current_only,leave_region_out,Southern California
westcoast_0229,Southern California,2011,0,0.22804239143395347,current_only,leave_region_out,Southern California
westcoast_0150,Southern California,2011,0,0.2821782382454135,current_plus_trajectory,leave_region_out,Southern California
westcoast_0151,Southern California,2011,0,0.27301202094031807,current_plus_trajectory,leave_region_out,Southern California
westcoast_0152,Southern California,2011,0,0.27177485668223966,current_plus_trajectory,leave_region_out,Southern California
westcoast_0154,Southern California,2011,0,0.3460309898055085,current_plus_trajectory,leave_region_out,Southern California
westcoast_0162,Southern California,2011,1,0.44345756138182413,current_plus_trajectory,leave_region_out,Southern California
westcoast_0163,Southern California,2011,1,0.31973130109153985,current_plus_trajectory,leave_region_out,Southern California
westcoast_0164,Southern California,2011,1,0.25240909839697856,current_plus_trajectory,leave_region_out,Southern California
westcoast_0165,Southern California,2011,0,0.2670229029152684,current_plus_trajectory,leave_region_out,Southern California
westcoast_0166,Southern California,2011,0,0.23847363709153954,current_plus_trajectory,leave_region_out,Southern California
westcoast_0167,Southern California,2011,0,0.20015742114894644,current_plus_trajectory,leave_region_out,Southern California
westcoast_0168,Southern California,2011,1,0.24382377941313702,current_plus_trajectory,leave_region_out,Southern California
westcoast_0170,Southern California,2011,0,0.24752736749454785,current_plus_trajectory,leave_region_out,Southern California
westcoast_0171,Southern California,2011,0,0.20161535319117435,current_plus_trajectory,leave_region_out,Southern California
westcoast_0172,Southern California,2011,0,0.2244996223498498,current_plus_trajectory,leave_region_out,Southern California
westcoast_0173,Southern California,2011,1,0.3176058278024855,current_plus_trajectory,leave_region_out,Southern California
westcoast_0175,Southern California,2011,0,0.22252362359840036,current_plus_trajectory,leave_region_out,Southern California
westcoast_0176,Southern California,2011,0,0.2442217390849389,current_plus_trajectory,leave_region_out,Southern California
westcoast_0177,Southern California,2011,0,0.24341411208622674,current_plus_trajectory,leave_region_out,Southern California
westcoast_0180,Southern California,2011,1,0.28164574809931775,current_plus_trajectory,leave_region_out,Southern California
westcoast_0182,Southern California,2011,0,0.4571425130748397,current_plus_trajectory,leave_region_out,Southern California
westcoast_0183,Southern California,2011,0,0.1852844241913486,current_plus_trajectory,leave_region_out,Southern California
westcoast_0184,Southern California,2011,0,0.23415472033242823,current_plus_trajectory,leave_region_out,Southern California
westcoast_0186,Southern California,2011,1,0.46631166375960104,current_plus_trajectory,leave_region_out,Southern California
westcoast_0187,Southern California,2011,1,0.4483604228738694,current_plus_trajectory,leave_region_out,Southern California
westcoast_0188,Southern California,2011,1,0.4013699346756593,current_plus_trajectory,leave_region_out,Southern California
westcoast_0192,Southern California,2011,0,0.7403306759651914,current_plus_trajectory,leave_region_out,Southern California
westcoast_0193,Southern California,2011,0,0.21736461940719579,current_plus_trajectory,leave_region_out,Southern California
westcoast_0195,Southern California,2011,1,0.3996194597640755,current_plus_trajectory,leave_region_out,Southern California
westcoast_0198,Southern California,2011,1,0.42161600166992214,current_plus_trajectory,leave_region_out,Southern California
westcoast_0203,Southern California,2011,0,0.8367826778404047,current_plus_trajectory,leave_region_out,Southern California
westcoast_0205,Southern California,2011,1,0.19976795621258223,current_plus_trajectory,leave_region_out,Southern California
westcoast_0207,Southern California,2011,1,0.2564645303576222,current_plus_trajectory,leave_region_out,Southern California
westcoast_0210,Southern California,2011,1,0.28750956237920283,current_plus_trajectory,leave_region_out,Southern California
westcoast_0212,Southern California,2011,0,0.19245673203949573,current_plus_trajectory,leave_region_out,Southern California
westcoast_0214,Southern California,2011,1,0.25152649898385054,current_plus_trajectory,leave_region_out,Southern California
westcoast_0216,Southern California,2011,1,0.28557595743260916,current_plus_trajectory,leave_region_out,Southern California
westcoast_0217,Southern California,2011,1,0.47683360064938796,current_plus_trajectory,leave_region_out,Southern California
westcoast_0218,Southern California,2011,1,0.552807020772497,current_plus_trajectory,leave_region_out,Southern California
westcoast_0219,Southern California,2011,1,0.35470982569861315,current_plus_trajectory,leave_region_out,Southern California
westcoast_0220,Southern California,2011,1,0.5031467229750651,current_plus_trajectory,leave_region_out,Southern California
westcoast_0222,Southern California,2011,1,0.19711931883259382,current_plus_trajectory,leave_region_out,Southern California
westcoast_0223,Southern California,2011,1,0.39746382061206403,current_plus_trajectory,leave_region_out,Southern California
westcoast_0224,Southern California,2011,1,0.33162007961692647,current_plus_trajectory,leave_region_out,Southern California
westcoast_0226,Southern California,2011,1,0.2435854351397522,current_plus_trajectory,leave_region_out,Southern California
westcoast_0227,Southern California,2011,1,0.28072258007339773,current_plus_trajectory,leave_region_out,Southern California
westcoast_0228,Southern California,2011,1,0.42712744241907913,current_plus_trajectory,leave_region_out,Southern California
westcoast_0229,Southern California,2011,0,0.18224159569078224,current_plus_trajectory,leave_region_out,Southern California
westcoast_0150,Southern California,2011,0,0.27074401337850335,trajectory_plus_oisst,leave_region_out,Southern California
westcoast_0151,Southern California,2011,0,0.26137431503886993,trajectory_plus_oisst,leave_region_out,Southern California
westcoast_0152,Southern California,2011,0,0.26692004894026755,trajectory_plus_oisst,leave_region_out,Southern California
westcoast_0154,Southern California,2011,0,0.365102557672045,trajectory_plus_oisst,leave_region_out,Southern California
westcoast_0162,Southern California,2011,1,0.41478631154858997,trajectory_plus_oisst,leave_region_out,Southern California
westcoast_0163,Southern California,2011,1,0.27590760827437266,trajectory_plus_oisst,leave_region_out,Southern California
westcoast_0164,Southern California,2011,1,0.20256994391629501,trajectory_plus_oisst,leave_region_out,Southern California
westcoast_0165,Southern California,2011,0,0.22224397980108676,trajectory_plus_oisst,leave_region_out,Southern California
westcoast_0166,Southern California,2011,0,0.19913343058762123,trajectory_plus_oisst,leave_region_out,Southern California
westcoast_0167,Southern California,2011,0,0.1824123934466339,trajectory_plus_oisst,leave_region_out,Southern California
westcoast_0168,Southern California,2011,1,0.2215331092095601,trajectory_plus_oisst,leave_region_out,Southern California
westcoast_0170,Southern California,2011,0,0.22233446675808607,trajectory_plus_oisst,leave_region_out,Southern California
westcoast_0171,Southern California,2011,0,0.18283601513095074,trajectory_plus_oisst,leave_region_out,Southern California
westcoast_0172,Southern California,2011,0,0.2274820533571884,trajectory_plus_oisst,leave_region_out,Southern California
westcoast_0173,Southern California,2011,1,0.3076032460267765,trajectory_plus_oisst,leave_region_out,Southern California
westcoast_0175,Southern California,2011,0,0.20372846634221942,trajectory_plus_oisst,leave_region_out,Southern California
westcoast_0176,Southern California,2011,0,0.22878672027341795,trajectory_plus_oisst,leave_region_out,Southern California
westcoast_0177,Southern California,2011,0,0.23871728009230067,trajectory_plus_oisst,leave_region_out,Southern California
westcoast_0180,Southern California,2011,1,0.2269321551462517,trajectory_plus_oisst,leave_region_out,Southern California
westcoast_0182,Southern California,2011,0,0.4016858936414519,trajectory_plus_oisst,leave_region_out,Southern California
westcoast_0183,Southern California,2011,0,0.14342374715052297,trajectory_plus_oisst,leave_region_out,Southern California
westcoast_0184,Southern California,2011,0,0.17682706029473635,trajectory_plus_oisst,leave_region_out,Southern California
westcoast_0186,Southern California,2011,1,0.49127641389962845,trajectory_plus_oisst,leave_region_out,Southern California
westcoast_0187,Southern California,2011,1,0.4232908651715006,trajectory_plus_oisst,leave_region_out,Southern California
westcoast_0188,Southern California,2011,1,0.38247747932002807,trajectory_plus_oisst,leave_region_out,Southern California
westcoast_0192,Southern California,2011,0,0.7419386194806638,trajectory_plus_oisst,leave_region_out,Southern California
westcoast_0193,Southern California,2011,0,0.2040947956346167,trajectory_plus_oisst,leave_region_out,Southern California
westcoast_0195,Southern California,2011,1,0.3502855567422527,trajectory_plus_oisst,leave_region_out,Southern California
westcoast_0198,Southern California,2011,1,0.49374713814079,trajectory_plus_oisst,leave_region_out,Southern California
westcoast_0203,Southern California,2011,0,0.896298407042168,trajectory_plus_oisst,leave_region_out,Southern California
westcoast_0205,Southern California,2011,1,0.15739862754860526,trajectory_plus_oisst,leave_region_out,Southern California
westcoast_0207,Southern California,2011,1,0.2351216473212781,trajectory_plus_oisst,leave_region_out,Southern California
westcoast_0210,Southern California,2011,1,0.2851085073285982,trajectory_plus_oisst,leave_region_out,Southern California
westcoast_0212,Southern California,2011,0,0.16439490192673048,trajectory_plus_oisst,leave_region_out,Southern California
westcoast_0214,Southern California,2011,1,0.23693294804027945,trajectory_plus_oisst,leave_region_out,Southern California
westcoast_0216,Southern California,2011,1,0.28567933967443715,trajectory_plus_oisst,leave_region_out,Southern California
westcoast_0217,Southern California,2011,1,0.5096004899623336,trajectory_plus_oisst,leave_region_out,Southern California
westcoast_0218,Southern California,2011,1,0.5892787969647093,trajectory_plus_oisst,leave_region_out,Southern California
westcoast_0219,Southern California,2011,1,0.3477732076512156,trajectory_plus_oisst,leave_region_out,Southern California
westcoast_0220,Southern California,2011,1,0.5308837186087918,trajectory_plus_oisst,leave_region_out,Southern California
westcoast_0222,Southern California,2011,1,0.18983333236068914,trajectory_plus_oisst,leave_region_out,Southern California
westcoast_0223,Southern California,2011,1,0.4243062918972075,trajectory_plus_oisst,leave_region_out,Southern California
westcoast_0224,Southern California,2011,1,0.36231230151114885,trajectory_plus_oisst,leave_region_out,Southern California
westcoast_0226,Southern California,2011,1,0.22126088383941542,trajectory_plus_oisst,leave_region_out,Southern California
westcoast_0227,Southern California,2011,1,0.2878798864786321,trajectory_plus_oisst,leave_region_out,Southern California
westcoast_0228,Southern California,2011,1,0.4076708702315714,trajectory_plus_oisst,leave_region_out,Southern California
westcoast_0229,Southern California,2011,0,0.10648097083378369,trajectory_plus_oisst,leave_region_out,Southern California
westcoast_0150,Southern California,2012,0,0.345205593400042,current_only,leave_region_out,Southern California
westcoast_0151,Southern California,2012,0,0.39090534052087905,current_only,leave_region_out,Southern California
westcoast_0152,Southern California,2012,0,0.38684596090476187,current_only,leave_region_out,Southern California
westcoast_0154,Southern California,2012,0,0.3627888055594881,current_only,leave_region_out,Southern California
westcoast_0162,Southern California,2012,0,0.2622836802140873,current_only,leave_region_out,Southern California
westcoast_0163,Southern California,2012,0,0.2560333701847755,current_only,leave_region_out,Southern California
westcoast_0164,Southern California,2012,0,0.24214508577156957,current_only,leave_region_out,Southern California
westcoast_0165,Southern California,2012,0,0.3113693677710939,current_only,leave_region_out,Southern California
westcoast_0166,Southern California,2012,0,0.2531785693814818,current_only,leave_region_out,Southern California
westcoast_0167,Southern California,2012,0,0.22921275350252962,current_only,leave_region_out,Southern California
westcoast_0168,Southern California,2012,0,0.2267987127974619,current_only,leave_region_out,Southern California
westcoast_0170,Southern California,2012,0,0.3047782058950191,current_only,leave_region_out,Southern California
westcoast_0171,Southern California,2012,0,0.26686802098122114,current_only,leave_region_out,Southern California
westcoast_0172,Southern California,2012,0,0.2550961893893195,current_only,leave_region_out,Southern California
westcoast_0173,Southern California,2012,0,0.31187561806708075,current_only,leave_region_out,Southern California
westcoast_0175,Southern California,2012,0,0.3461514688249992,current_only,leave_region_out,Southern California
westcoast_0176,Southern California,2012,0,0.5024429922822627,current_only,leave_region_out,Southern California
westcoast_0177,Southern California,2012,0,0.42897061620568444,current_only,leave_region_out,Southern California
westcoast_0180,Southern California,2012,0,0.21866482959843583,current_only,leave_region_out,Southern California
westcoast_0181,Southern California,2012,0,0.24027989553914017,current_only,leave_region_out,Southern California
westcoast_0182,Southern California,2012,0,0.5097761912628319,current_only,leave_region_out,Southern California
westcoast_0183,Southern California,2012,0,0.22735708767169333,current_only,leave_region_out,Southern California
westcoast_0184,Southern California,2012,0,0.35158458839497714,current_only,leave_region_out,Southern California
westcoast_0186,Southern California,2012,0,0.23749516171409282,current_only,leave_region_out,Southern California
westcoast_0187,Southern California,2012,0,0.2447100433427363,current_only,leave_region_out,Southern California
westcoast_0188,Southern California,2012,0,0.2218488633603849,current_only,leave_region_out,Southern California
westcoast_0192,Southern California,2012,0,0.6186176158658097,current_only,leave_region_out,Southern California
westcoast_0193,Southern California,2012,0,0.2482497496408692,current_only,leave_region_out,Southern California
westcoast_0195,Southern California,2012,0,0.28251852072786765,current_only,leave_region_out,Southern California
westcoast_0198,Southern California,2012,0,0.3707779313726229,current_only,leave_region_out,Southern California
westcoast_0203,Southern California,2012,0,0.9595189906949246,current_only,leave_region_out,Southern California
westcoast_0207,Southern California,2012,0,0.22921167922048685,current_only,leave_region_out,Southern California
westcoast_0212,Southern California,2012,0,0.25534077600620286,current_only,leave_region_out,Southern California
westcoast_0214,Southern California,2012,0,0.21681491426848862,current_only,leave_region_out,Southern California
westcoast_0216,Southern California,2012,0,0.24561947098234013,current_only,leave_region_out,Southern California
westcoast_0217,Southern California,2012,1,0.3262672805567357,current_only,leave_region_out,Southern California
westcoast_0218,Southern California,2012,1,0.3129200455996722,current_only,leave_region_out,Southern California
westcoast_0219,Southern California,2012,0,0.2655344054748113,current_only,leave_region_out,Southern California
westcoast_0220,Southern California,2012,1,0.31965846182597585,current_only,leave_region_out,Southern California
westcoast_0223,Southern California,2012,0,0.2696431507523062,current_only,leave_region_out,Southern California
westcoast_0224,Southern California,2012,0,0.23290523439742888,current_only,leave_region_out,Southern California
westcoast_0226,Southern California,2012,0,0.2627510817937216,current_only,leave_region_out,Southern California
westcoast_0227,Southern California,2012,0,0.2421602083928058,current_only,leave_region_out,Southern California
westcoast_0228,Southern California,2012,0,0.2575641156556425,current_only,leave_region_out,Southern California
westcoast_0229,Southern California,2012,0,0.2232721759351968,current_only,leave_region_out,Southern California
westcoast_0150,Southern California,2012,0,0.351565532822036,current_plus_trajectory,leave_region_out,Southern California
westcoast_0151,Southern California,2012,0,0.4030360387149357,current_plus_trajectory,leave_region_out,Southern California
westcoast_0152,Southern California,2012,0,0.39967809610231636,current_plus_trajectory,leave_region_out,Southern California
westcoast_0154,Southern California,2012,0,0.2921216910644402,current_plus_trajectory,leave_region_out,Southern California
westcoast_0162,Southern California,2012,0,0.22699829437103566,current_plus_trajectory,leave_region_out,Southern California
westcoast_0163,Southern California,2012,0,0.2281932689731515,current_plus_trajectory,leave_region_out,Southern California
westcoast_0164,Southern California,2012,0,0.24788203233478717,current_plus_trajectory,leave_region_out,Southern California
westcoast_0165,Southern California,2012,0,0.3493520420797005,current_plus_trajectory,leave_region_out,Southern California
westcoast_0166,Southern California,2012,0,0.2887342661138562,current_plus_trajectory,leave_region_out,Southern California
westcoast_0167,Southern California,2012,0,0.2317326422553389,current_plus_trajectory,leave_region_out,Southern California
westcoast_0168,Southern California,2012,0,0.1959297524383657,current_plus_trajectory,leave_region_out,Southern California
westcoast_0170,Southern California,2012,0,0.27980578502753,current_plus_trajectory,leave_region_out,Southern California
westcoast_0171,Southern California,2012,0,0.2591471349316619,current_plus_trajectory,leave_region_out,Southern California
westcoast_0172,Southern California,2012,0,0.25952428241911135,current_plus_trajectory,leave_region_out,Southern California
westcoast_0173,Southern California,2012,0,0.28224702753370645,current_plus_trajectory,leave_region_out,Southern California
westcoast_0175,Southern California,2012,0,0.34583924333977933,current_plus_trajectory,leave_region_out,Southern California
westcoast_0176,Southern California,2012,0,0.5107222284607414,current_plus_trajectory,leave_region_out,Southern California
westcoast_0177,Southern California,2012,0,0.44415061878884543,current_plus_trajectory,leave_region_out,Southern California
westcoast_0180,Southern California,2012,0,0.18754375531361517,current_plus_trajectory,leave_region_out,Southern California
westcoast_0181,Southern California,2012,0,0.24271205691676845,current_plus_trajectory,leave_region_out,Southern California
westcoast_0182,Southern California,2012,0,0.4507166899744725,current_plus_trajectory,leave_region_out,Southern California
westcoast_0183,Southern California,2012,0,0.22067785311746785,current_plus_trajectory,leave_region_out,Southern California
westcoast_0184,Southern California,2012,0,0.385412341256247,current_plus_trajectory,leave_region_out,Southern California
westcoast_0186,Southern California,2012,0,0.18346861527693953,current_plus_trajectory,leave_region_out,Southern California
westcoast_0187,Southern California,2012,0,0.21823349615580268,current_plus_trajectory,leave_region_out,Southern California
westcoast_0188,Southern California,2012,0,0.1775229743913525,current_plus_trajectory,leave_region_out,Southern California
westcoast_0192,Southern California,2012,0,0.5317517389919149,current_plus_trajectory,leave_region_out,Southern California
westcoast_0193,Southern California,2012,0,0.2567073441828244,current_plus_trajectory,leave_region_out,Southern California
westcoast_0195,Southern California,2012,0,0.28499346635466105,current_plus_trajectory,leave_region_out,Southern California
westcoast_0198,Southern California,2012,0,0.28011939415004766,current_plus_trajectory,leave_region_out,Southern California
westcoast_0203,Southern California,2012,0,0.8206044171023364,current_plus_trajectory,leave_region_out,Southern California
westcoast_0207,Southern California,2012,0,0.2052178513041982,current_plus_trajectory,leave_region_out,Southern California
westcoast_0212,Southern California,2012,0,0.27753837945343063,current_plus_trajectory,leave_region_out,Southern California
westcoast_0214,Southern California,2012,0,0.19573080658698336,current_plus_trajectory,leave_region_out,Southern California
westcoast_0216,Southern California,2012,0,0.193340380739065,current_plus_trajectory,leave_region_out,Southern California
westcoast_0217,Southern California,2012,1,0.2711783045122651,current_plus_trajectory,leave_region_out,Southern California
westcoast_0218,Southern California,2012,1,0.2502593184280832,current_plus_trajectory,leave_region_out,Southern California
westcoast_0219,Southern California,2012,0,0.2021718211054744,current_plus_trajectory,leave_region_out,Southern California
westcoast_0220,Southern California,2012,1,0.2750685858910759,current_plus_trajectory,leave_region_out,Southern California
westcoast_0223,Southern California,2012,0,0.22586420201144067,current_plus_trajectory,leave_region_out,Southern California
westcoast_0224,Southern California,2012,0,0.1944301365057275,current_plus_trajectory,leave_region_out,Southern California
westcoast_0226,Southern California,2012,0,0.23815865317603202,current_plus_trajectory,leave_region_out,Southern California
westcoast_0227,Southern California,2012,0,0.1979185681530658,current_plus_trajectory,leave_region_out,Southern California
westcoast_0228,Southern California,2012,0,0.19231823890973113,current_plus_trajectory,leave_region_out,Southern California
westcoast_0229,Southern California,2012,0,0.27530586112154776,current_plus_trajectory,leave_region_out,Southern California
westcoast_0150,Southern California,2012,0,0.4797069065609335,trajectory_plus_oisst,leave_region_out,Southern California
westcoast_0151,Southern California,2012,0,0.5288571530922912,trajectory_plus_oisst,leave_region_out,Southern California
westcoast_0152,Southern California,2012,0,0.530841638621645,trajectory_plus_oisst,leave_region_out,Southern California
westcoast_0154,Southern California,2012,0,0.4193993060285223,trajectory_plus_oisst,leave_region_out,Southern California
westcoast_0162,Southern California,2012,0,0.3490169220304615,trajectory_plus_oisst,leave_region_out,Southern California
westcoast_0163,Southern California,2012,0,0.35490363916003065,trajectory_plus_oisst,leave_region_out,Southern California
westcoast_0164,Southern California,2012,0,0.3871257904377821,trajectory_plus_oisst,leave_region_out,Southern California
westcoast_0165,Southern California,2012,0,0.45395603811680074,trajectory_plus_oisst,leave_region_out,Southern California
westcoast_0166,Southern California,2012,0,0.39121921665628123,trajectory_plus_oisst,leave_region_out,Southern California
westcoast_0167,Southern California,2012,0,0.3189857232761468,trajectory_plus_oisst,leave_region_out,Southern California
westcoast_0168,Southern California,2012,0,0.2760291022697144,trajectory_plus_oisst,leave_region_out,Southern California
westcoast_0170,Southern California,2012,0,0.393229133080784,trajectory_plus_oisst,leave_region_out,Southern California
westcoast_0171,Southern California,2012,0,0.35956794239128204,trajectory_plus_oisst,leave_region_out,Southern California
westcoast_0172,Southern California,2012,0,0.3862536751976307,trajectory_plus_oisst,leave_region_out,Southern California
westcoast_0173,Southern California,2012,0,0.4114757033741868,trajectory_plus_oisst,leave_region_out,Southern California
westcoast_0175,Southern California,2012,0,0.4708795960089686,trajectory_plus_oisst,leave_region_out,Southern California
westcoast_0176,Southern California,2012,0,0.6331105526639108,trajectory_plus_oisst,leave_region_out,Southern California
westcoast_0177,Southern California,2012,0,0.5790063804392895,trajectory_plus_oisst,leave_region_out,Southern California
westcoast_0180,Southern California,2012,0,0.28761753087959496,trajectory_plus_oisst,leave_region_out,Southern California
westcoast_0181,Southern California,2012,0,0.3542444368601789,trajectory_plus_oisst,leave_region_out,Southern California
westcoast_0182,Southern California,2012,0,0.6079991159850398,trajectory_plus_oisst,leave_region_out,Southern California
westcoast_0183,Southern California,2012,0,0.3487601039493257,trajectory_plus_oisst,leave_region_out,Southern California
westcoast_0184,Southern California,2012,0,0.5157140839971127,trajectory_plus_oisst,leave_region_out,Southern California
westcoast_0186,Southern California,2012,0,0.2623717262709178,trajectory_plus_oisst,leave_region_out,Southern California
westcoast_0187,Southern California,2012,0,0.3195129862946733,trajectory_plus_oisst,leave_region_out,Southern California
westcoast_0188,Southern California,2012,0,0.27354423385285587,trajectory_plus_oisst,leave_region_out,Southern California
westcoast_0192,Southern California,2012,0,0.6964840187626323,trajectory_plus_oisst,leave_region_out,Southern California
westcoast_0193,Southern California,2012,0,0.4034050437203773,trajectory_plus_oisst,leave_region_out,Southern California
westcoast_0195,Southern California,2012,0,0.4191814979142246,trajectory_plus_oisst,leave_region_out,Southern California
westcoast_0198,Southern California,2012,0,0.2928818737645952,trajectory_plus_oisst,leave_region_out,Southern California
westcoast_0203,Southern California,2012,0,0.8828718281354679,trajectory_plus_oisst,leave_region_out,Southern California
westcoast_0207,Southern California,2012,0,0.33870402208411565,trajectory_plus_oisst,leave_region_out,Southern California
westcoast_0212,Southern California,2012,0,0.43003219873060433,trajectory_plus_oisst,leave_region_out,Southern California
westcoast_0214,Southern California,2012,0,0.3136425621302314,trajectory_plus_oisst,leave_region_out,Southern California
westcoast_0216,Southern California,2012,0,0.17747652741294867,trajectory_plus_oisst,leave_region_out,Southern California
westcoast_0217,Southern California,2012,1,0.4241426630870391,trajectory_plus_oisst,leave_region_out,Southern California
westcoast_0218,Southern California,2012,1,0.38806968006534726,trajectory_plus_oisst,leave_region_out,Southern California
westcoast_0219,Southern California,2012,0,0.19472006046306178,trajectory_plus_oisst,leave_region_out,Southern California
westcoast_0220,Southern California,2012,1,0.4279368730045388,trajectory_plus_oisst,leave_region_out,Southern California
westcoast_0223,Southern California,2012,0,0.35852563114051417,trajectory_plus_oisst,leave_region_out,Southern California
westcoast_0224,Southern California,2012,0,0.31032023664854286,trajectory_plus_oisst,leave_region_out,Southern California
westcoast_0226,Southern California,2012,0,0.24247578667797798,trajectory_plus_oisst,leave_region_out,Southern California
westcoast_0227,Southern California,2012,0,0.2214838186942807,trajectory_plus_oisst,leave_region_out,Southern California
westcoast_0228,Southern California,2012,0,0.18768266529868563,trajectory_plus_oisst,leave_region_out,Southern California
westcoast_0229,Southern California,2012,0,0.3052390614816211,trajectory_plus_oisst,leave_region_out,Southern California
westcoast_0149,Southern California,2013,1,0.25063000670299146,current_only,leave_region_out,Southern California
westcoast_0150,Southern California,2013,1,0.3959545362710257,current_only,leave_region_out,Southern California
westcoast_0151,Southern California,2013,1,0.5271783400031519,current_only,leave_region_out,Southern California
westcoast_0152,Southern California,2013,1,0.6748270432632809,current_only,leave_region_out,Southern California
westcoast_0154,Southern California,2013,1,0.5681450542638912,current_only,leave_region_out,Southern California
westcoast_0162,Southern California,2013,0,0.2933688223351451,current_only,leave_region_out,Southern California
westcoast_0163,Southern California,2013,1,0.44850255144479817,current_only,leave_region_out,Southern California
westcoast_0164,Southern California,2013,1,0.39966673357507093,current_only,leave_region_out,Southern California
westcoast_0165,Southern California,2013,1,0.3468473696232364,current_only,leave_region_out,Southern California
westcoast_0166,Southern California,2013,1,0.4275586135644849,current_only,leave_region_out,Southern California
westcoast_0167,Southern California,2013,1,0.28783486650293116,current_only,leave_region_out,Southern California
westcoast_0168,Southern California,2013,1,0.3428132123999408,current_only,leave_region_out,Southern California
westcoast_0170,Southern California,2013,0,0.35905880592211087,current_only,leave_region_out,Southern California
westcoast_0171,Southern California,2013,1,0.3621857456966504,current_only,leave_region_out,Southern California
westcoast_0172,Southern California,2013,1,0.24552409387465735,current_only,leave_region_out,Southern California
westcoast_0173,Southern California,2013,1,0.4169353196140804,current_only,leave_region_out,Southern California
westcoast_0175,Southern California,2013,1,0.4436606016476758,current_only,leave_region_out,Southern California
westcoast_0176,Southern California,2013,1,0.6316699829236442,current_only,leave_region_out,Southern California
westcoast_0177,Southern California,2013,1,0.5989251699913855,current_only,leave_region_out,Southern California
westcoast_0179,Southern California,2013,1,0.2897822372063403,current_only,leave_region_out,Southern California
westcoast_0180,Southern California,2013,1,0.32899085130730843,current_only,leave_region_out,Southern California
westcoast_0181,Southern California,2013,1,0.40356257727024736,current_only,leave_region_out,Southern California
westcoast_0182,Southern California,2013,1,0.953137258101454,current_only,leave_region_out,Southern California
westcoast_0183,Southern California,2013,1,0.259113874454557,current_only,leave_region_out,Southern California
westcoast_0184,Southern California,2013,1,0.5427788402276318,current_only,leave_region_out,Southern California
westcoast_0186,Southern California,2013,1,0.2858879553648018,current_only,leave_region_out,Southern California
westcoast_0187,Southern California,2013,1,0.35356178678689426,current_only,leave_region_out,Southern California
westcoast_0188,Southern California,2013,0,0.21797753314589302,current_only,leave_region_out,Southern California
westcoast_0192,Southern California,2013,1,0.6781979718336884,current_only,leave_region_out,Southern California
westcoast_0193,Southern California,2013,1,0.26954060078163666,current_only,leave_region_out,Southern California
westcoast_0195,Southern California,2013,1,0.5911541721307284,current_only,leave_region_out,Southern California
westcoast_0198,Southern California,2013,1,0.5793895350107496,current_only,leave_region_out,Southern California
westcoast_0203,Southern California,2013,1,0.9875944813344166,current_only,leave_region_out,Southern California
westcoast_0205,Southern California,2013,1,0.5192778173440006,current_only,leave_region_out,Southern California
westcoast_0206,Southern California,2013,1,0.3895998082666911,current_only,leave_region_out,Southern California
westcoast_0207,Southern California,2013,1,0.4219233511142766,current_only,leave_region_out,Southern California
westcoast_0210,Southern California,2013,0,0.5290354326884497,current_only,leave_region_out,Southern California
westcoast_0212,Southern California,2013,1,0.5466165713040445,current_only,leave_region_out,Southern California
westcoast_0214,Southern California,2013,1,0.21990742744394526,current_only,leave_region_out,Southern California
westcoast_0216,Southern California,2013,0,0.4788298515247698,current_only,leave_region_out,Southern California
westcoast_0217,Southern California,2013,1,0.2377693505612068,current_only,leave_region_out,Southern California
westcoast_0218,Southern California,2013,1,0.2584463979436677,current_only,leave_region_out,Southern California
westcoast_0219,Southern California,2013,0,0.5782688530037595,current_only,leave_region_out,Southern California
westcoast_0220,Southern California,2013,1,0.2339609999418124,current_only,leave_region_out,Southern California
westcoast_0222,Southern California,2013,0,0.4052924189735831,current_only,leave_region_out,Southern California
westcoast_0223,Southern California,2013,1,0.2687900249452875,current_only,leave_region_out,Southern California
westcoast_0224,Southern California,2013,1,0.22820576904188608,current_only,leave_region_out,Southern California
westcoast_0226,Southern California,2013,1,0.4999956407299996,current_only,leave_region_out,Southern California
westcoast_0227,Southern California,2013,1,0.5611152668724365,current_only,leave_region_out,Southern California
westcoast_0228,Southern California,2013,1,0.3748368880241276,current_only,leave_region_out,Southern California
westcoast_0229,Southern California,2013,0,0.27687045078677774,current_only,leave_region_out,Southern California
westcoast_0230,Southern California,2013,0,0.22311198832989776,current_only,leave_region_out,Southern California
westcoast_0149,Southern California,2013,1,0.3271979784090045,current_plus_trajectory,leave_region_out,Southern California
westcoast_0150,Southern California,2013,1,0.42017816717694245,current_plus_trajectory,leave_region_out,Southern California
westcoast_0151,Southern California,2013,1,0.5472853098922548,current_plus_trajectory,leave_region_out,Southern California
westcoast_0152,Southern California,2013,1,0.6901994253440161,current_plus_trajectory,leave_region_out,Southern California
westcoast_0154,Southern California,2013,1,0.5300684921066933,current_plus_trajectory,leave_region_out,Southern California
westcoast_0162,Southern California,2013,0,0.2688047006537455,current_plus_trajectory,leave_region_out,Southern California
westcoast_0163,Southern California,2013,1,0.4858457372457319,current_plus_trajectory,leave_region_out,Southern California
westcoast_0164,Southern California,2013,1,0.43319442703361666,current_plus_trajectory,leave_region_out,Southern California
westcoast_0165,Southern California,2013,1,0.38931647331662,current_plus_trajectory,leave_region_out,Southern California
westcoast_0166,Southern California,2013,1,0.5173475041813524,current_plus_trajectory,leave_region_out,Southern California
westcoast_0167,Southern California,2013,1,0.3756521211011491,current_plus_trajectory,leave_region_out,Southern California
westcoast_0168,Southern California,2013,1,0.4089976815323327,current_plus_trajectory,leave_region_out,Southern California
westcoast_0170,Southern California,2013,0,0.35233066739187335,current_plus_trajectory,leave_region_out,Southern California
westcoast_0171,Southern California,2013,1,0.40074870403540386,current_plus_trajectory,leave_region_out,Southern California
westcoast_0172,Southern California,2013,1,0.29557662959072495,current_plus_trajectory,leave_region_out,Southern California
westcoast_0173,Southern California,2013,1,0.3970530692857141,current_plus_trajectory,leave_region_out,Southern California
westcoast_0175,Southern California,2013,1,0.4625567872446935,current_plus_trajectory,leave_region_out,Southern California
westcoast_0176,Southern California,2013,1,0.5980547307892469,current_plus_trajectory,leave_region_out,Southern California
westcoast_0177,Southern California,2013,1,0.5225774075074839,current_plus_trajectory,leave_region_out,Southern California
westcoast_0179,Southern California,2013,1,0.40217527193333835,current_plus_trajectory,leave_region_out,Southern California
westcoast_0180,Southern California,2013,1,0.4034819746979575,current_plus_trajectory,leave_region_out,Southern California
westcoast_0181,Southern California,2013,1,0.47231092036773925,current_plus_trajectory,leave_region_out,Southern California
westcoast_0182,Southern California,2013,1,0.9477278294188961,current_plus_trajectory,leave_region_out,Southern California
westcoast_0183,Southern California,2013,1,0.3104799631202622,current_plus_trajectory,leave_region_out,Southern California
westcoast_0184,Southern California,2013,1,0.47731734288257627,current_plus_trajectory,leave_region_out,Southern California
westcoast_0186,Southern California,2013,1,0.2838513788450616,current_plus_trajectory,leave_region_out,Southern California
westcoast_0187,Southern California,2013,1,0.32790328125797175,current_plus_trajectory,leave_region_out,Southern California
westcoast_0188,Southern California,2013,0,0.2046681245776124,current_plus_trajectory,leave_region_out,Southern California
westcoast_0192,Southern California,2013,1,0.5344620684227606,current_plus_trajectory,leave_region_out,Southern California
westcoast_0193,Southern California,2013,1,0.3335436427828723,current_plus_trajectory,leave_region_out,Southern California
westcoast_0195,Southern California,2013,1,0.5435719485065655,current_plus_trajectory,leave_region_out,Southern California
westcoast_0198,Southern California,2013,1,0.487140228216056,current_plus_trajectory,leave_region_out,Southern California
westcoast_0203,Southern California,2013,1,0.8192359683228602,current_plus_trajectory,leave_region_out,Southern California
westcoast_0205,Southern California,2013,1,0.6264932376766921,current_plus_trajectory,leave_region_out,Southern California
westcoast_0206,Southern California,2013,1,0.383987640805452,current_plus_trajectory,leave_region_out,Southern California
westcoast_0207,Southern California,2013,1,0.4911199820816904,current_plus_trajectory,leave_region_out,Southern California
westcoast_0210,Southern California,2013,0,0.5581324787595217,current_plus_trajectory,leave_region_out,Southern California
westcoast_0212,Southern California,2013,1,0.6414082253061054,current_plus_trajectory,leave_region_out,Southern California
westcoast_0214,Southern California,2013,1,0.19351722627891027,current_plus_trajectory,leave_region_out,Southern California
westcoast_0216,Southern California,2013,0,0.523653717649589,current_plus_trajectory,leave_region_out,Southern California
westcoast_0217,Southern California,2013,1,0.19971183273626084,current_plus_trajectory,leave_region_out,Southern California
westcoast_0218,Southern California,2013,1,0.23569388734899313,current_plus_trajectory,leave_region_out,Southern California
westcoast_0219,Southern California,2013,0,0.6332284081003327,current_plus_trajectory,leave_region_out,Southern California
westcoast_0220,Southern California,2013,1,0.21066995322504106,current_plus_trajectory,leave_region_out,Southern California
westcoast_0222,Southern California,2013,0,0.5191140152569812,current_plus_trajectory,leave_region_out,Southern California
westcoast_0223,Southern California,2013,1,0.2527482910442771,current_plus_trajectory,leave_region_out,Southern California
westcoast_0224,Southern California,2013,1,0.2143747996086672,current_plus_trajectory,leave_region_out,Southern California
westcoast_0226,Southern California,2013,1,0.5220636005772362,current_plus_trajectory,leave_region_out,Southern California
westcoast_0227,Southern California,2013,1,0.6226688113495786,current_plus_trajectory,leave_region_out,Southern California
westcoast_0228,Southern California,2013,1,0.45775523079465064,current_plus_trajectory,leave_region_out,Southern California
westcoast_0229,Southern California,2013,0,0.37705295761530827,current_plus_trajectory,leave_region_out,Southern California
westcoast_0230,Southern California,2013,0,0.3204955768255862,current_plus_trajectory,leave_region_out,Southern California
westcoast_0149,Southern California,2013,1,0.27467440539392723,trajectory_plus_oisst,leave_region_out,Southern California
westcoast_0150,Southern California,2013,1,0.33974546371240627,trajectory_plus_oisst,leave_region_out,Southern California
westcoast_0151,Southern California,2013,1,0.4643973682850749,trajectory_plus_oisst,leave_region_out,Southern California
westcoast_0152,Southern California,2013,1,0.621025417995133,trajectory_plus_oisst,leave_region_out,Southern California
westcoast_0154,Southern California,2013,1,0.46057689033837723,trajectory_plus_oisst,leave_region_out,Southern California
westcoast_0162,Southern California,2013,0,0.21746227780187574,trajectory_plus_oisst,leave_region_out,Southern California
westcoast_0163,Southern California,2013,1,0.4276068402014514,trajectory_plus_oisst,leave_region_out,Southern California
westcoast_0164,Southern California,2013,1,0.3646988025007481,trajectory_plus_oisst,leave_region_out,Southern California
westcoast_0165,Southern California,2013,1,0.32849678956467726,trajectory_plus_oisst,leave_region_out,Southern California
westcoast_0166,Southern California,2013,1,0.456659635425223,trajectory_plus_oisst,leave_region_out,Southern California
westcoast_0167,Southern California,2013,1,0.32795630858156555,trajectory_plus_oisst,leave_region_out,Southern California
westcoast_0168,Southern California,2013,1,0.35274279760875094,trajectory_plus_oisst,leave_region_out,Southern California
westcoast_0170,Southern California,2013,0,0.30052803284422613,trajectory_plus_oisst,leave_region_out,Southern California
westcoast_0171,Southern California,2013,1,0.34585443271923455,trajectory_plus_oisst,leave_region_out,Southern California
westcoast_0172,Southern California,2013,1,0.2530517577049703,trajectory_plus_oisst,leave_region_out,Southern California
westcoast_0173,Southern California,2013,1,0.33831040254238387,trajectory_plus_oisst,leave_region_out,Southern California
westcoast_0175,Southern California,2013,1,0.4020666084131366,trajectory_plus_oisst,leave_region_out,Southern California
westcoast_0176,Southern California,2013,1,0.5348213770899003,trajectory_plus_oisst,leave_region_out,Southern California
westcoast_0177,Southern California,2013,1,0.43676402930158575,trajectory_plus_oisst,leave_region_out,Southern California
westcoast_0179,Southern California,2013,1,0.357731539369973,trajectory_plus_oisst,leave_region_out,Southern California
westcoast_0180,Southern California,2013,1,0.34879799489406804,trajectory_plus_oisst,leave_region_out,Southern California
westcoast_0181,Southern California,2013,1,0.40837019955238385,trajectory_plus_oisst,leave_region_out,Southern California
westcoast_0182,Southern California,2013,1,0.9515759641587979,trajectory_plus_oisst,leave_region_out,Southern California
westcoast_0183,Southern California,2013,1,0.26624573398551316,trajectory_plus_oisst,leave_region_out,Southern California
westcoast_0184,Southern California,2013,1,0.40267313862849424,trajectory_plus_oisst,leave_region_out,Southern California
westcoast_0186,Southern California,2013,1,0.2703614119615367,trajectory_plus_oisst,leave_region_out,Southern California
westcoast_0187,Southern California,2013,1,0.2649375442171975,trajectory_plus_oisst,leave_region_out,Southern California
westcoast_0188,Southern California,2013,0,0.17163532719328634,trajectory_plus_oisst,leave_region_out,Southern California
westcoast_0192,Southern California,2013,1,0.5405028535541686,trajectory_plus_oisst,leave_region_out,Southern California
westcoast_0193,Southern California,2013,1,0.2545210668783641,trajectory_plus_oisst,leave_region_out,Southern California
westcoast_0195,Southern California,2013,1,0.46718237453980344,trajectory_plus_oisst,leave_region_out,Southern California
westcoast_0198,Southern California,2013,1,0.41779344889354664,trajectory_plus_oisst,leave_region_out,Southern California
westcoast_0203,Southern California,2013,1,0.7766963527432813,trajectory_plus_oisst,leave_region_out,Southern California
westcoast_0205,Southern California,2013,1,0.5868754709505305,trajectory_plus_oisst,leave_region_out,Southern California
westcoast_0206,Southern California,2013,1,0.378980535853456,trajectory_plus_oisst,leave_region_out,Southern California
westcoast_0207,Southern California,2013,1,0.4298893048071829,trajectory_plus_oisst,leave_region_out,Southern California
westcoast_0210,Southern California,2013,0,0.5071951431673812,trajectory_plus_oisst,leave_region_out,Southern California
westcoast_0212,Southern California,2013,1,0.5757064300251521,trajectory_plus_oisst,leave_region_out,Southern California
westcoast_0214,Southern California,2013,1,0.15794351095688014,trajectory_plus_oisst,leave_region_out,Southern California
westcoast_0216,Southern California,2013,0,0.49264157018135185,trajectory_plus_oisst,leave_region_out,Southern California
westcoast_0217,Southern California,2013,1,0.15869850491535906,trajectory_plus_oisst,leave_region_out,Southern California
westcoast_0218,Southern California,2013,1,0.18959480486516433,trajectory_plus_oisst,leave_region_out,Southern California
westcoast_0219,Southern California,2013,0,0.6498567841447283,trajectory_plus_oisst,leave_region_out,Southern California
westcoast_0220,Southern California,2013,1,0.17537664075172044,trajectory_plus_oisst,leave_region_out,Southern California
westcoast_0222,Southern California,2013,0,0.5276587309482098,trajectory_plus_oisst,leave_region_out,Southern California
westcoast_0223,Southern California,2013,1,0.21282900108573585,trajectory_plus_oisst,leave_region_out,Southern California
westcoast_0224,Southern California,2013,1,0.19152459857569767,trajectory_plus_oisst,leave_region_out,Southern California
westcoast_0226,Southern California,2013,1,0.513093356529322,trajectory_plus_oisst,leave_region_out,Southern California
westcoast_0227,Southern California,2013,1,0.6431647822911786,trajectory_plus_oisst,leave_region_out,Southern California
westcoast_0228,Southern California,2013,1,0.4906380145999791,trajectory_plus_oisst,leave_region_out,Southern California
westcoast_0229,Southern California,2013,0,0.3996162999031833,trajectory_plus_oisst,leave_region_out,Southern California
westcoast_0230,Southern California,2013,0,0.33669290578371774,trajectory_plus_oisst,leave_region_out,Southern California
westcoast_0149,Southern California,2014,0,0.21660773557922608,current_only,leave_region_out,Southern California
westcoast_0150,Southern California,2014,1,0.2805273648053025,current_only,leave_region_out,Southern California
westcoast_0151,Southern California,2014,1,0.3373075703659321,current_only,leave_region_out,Southern California
westcoast_0152,Southern California,2014,1,0.34061174850470444,current_only,leave_region_out,Southern California
westcoast_0154,Southern California,2014,1,0.3370102495078562,current_only,leave_region_out,Southern California
westcoast_0162,Southern California,2014,0,0.27730613087411626,current_only,leave_region_out,Southern California
westcoast_0163,Southern California,2014,0,0.2464412450543614,current_only,leave_region_out,Southern California
westcoast_0165,Southern California,2014,0,0.23086272414476597,current_only,leave_region_out,Southern California
westcoast_0166,Southern California,2014,1,0.30918116699008485,current_only,leave_region_out,Southern California
westcoast_0167,Southern California,2014,0,0.23583265100474693,current_only,leave_region_out,Southern California
westcoast_0168,Southern California,2014,1,0.23117922339362024,current_only,leave_region_out,Southern California
westcoast_0170,Southern California,2014,1,0.3213625959020738,current_only,leave_region_out,Southern California
westcoast_0171,Southern California,2014,1,0.2438290147553296,current_only,leave_region_out,Southern California
westcoast_0172,Southern California,2014,1,0.22952102003157976,current_only,leave_region_out,Southern California
westcoast_0173,Southern California,2014,1,0.2676873412539717,current_only,leave_region_out,Southern California
westcoast_0175,Southern California,2014,0,0.3099101360515742,current_only,leave_region_out,Southern California
westcoast_0176,Southern California,2014,0,0.3058101803895752,current_only,leave_region_out,Southern California
westcoast_0177,Southern California,2014,1,0.42668607324173874,current_only,leave_region_out,Southern California
westcoast_0181,Southern California,2014,1,0.23116388359289627,current_only,leave_region_out,Southern California
westcoast_0182,Southern California,2014,0,0.40797196156575316,current_only,leave_region_out,Southern California
westcoast_0183,Southern California,2014,0,0.23746552720007386,current_only,leave_region_out,Southern California
westcoast_0184,Southern California,2014,1,0.2845785984191899,current_only,leave_region_out,Southern California
westcoast_0186,Southern California,2014,0,0.23324897628522417,current_only,leave_region_out,Southern California
westcoast_0187,Southern California,2014,0,0.2590389299501997,current_only,leave_region_out,Southern California
westcoast_0188,Southern California,2014,0,0.22297219399670307,current_only,leave_region_out,Southern California
westcoast_0192,Southern California,2014,1,0.3936738950487225,current_only,leave_region_out,Southern California
westcoast_0193,Southern California,2014,1,0.2277555027370785,current_only,leave_region_out,Southern California
westcoast_0195,Southern California,2014,1,0.3118272787442442,current_only,leave_region_out,Southern California
westcoast_0198,Southern California,2014,1,0.33174384199903467,current_only,leave_region_out,Southern California
westcoast_0203,Southern California,2014,1,0.8661619119346003,current_only,leave_region_out,Southern California
westcoast_0205,Southern California,2014,0,0.2223990625428424,current_only,leave_region_out,Southern California
westcoast_0206,Southern California,2014,0,0.2482149069280301,current_only,leave_region_out,Southern California
westcoast_0210,Southern California,2014,1,0.45288368388896516,current_only,leave_region_out,Southern California
westcoast_0212,Southern California,2014,0,0.22937375164424842,current_only,leave_region_out,Southern California
westcoast_0216,Southern California,2014,1,0.4871195413388228,current_only,leave_region_out,Southern California
westcoast_0218,Southern California,2014,1,0.2265076484990105,current_only,leave_region_out,Southern California
westcoast_0219,Southern California,2014,1,0.6221427103274622,current_only,leave_region_out,Southern California
westcoast_0222,Southern California,2014,1,0.3846993885128196,current_only,leave_region_out,Southern California
westcoast_0226,Southern California,2014,0,0.37376458000110874,current_only,leave_region_out,Southern California
westcoast_0227,Southern California,2014,0,0.33493317585255195,current_only,leave_region_out,Southern California
westcoast_0228,Southern California,2014,0,0.2896847507571001,current_only,leave_region_out,Southern California
westcoast_0229,Southern California,2014,0,0.26173398630543865,current_only,leave_region_out,Southern California
westcoast_0230,Southern California,2014,0,0.33337408033979177,current_only,leave_region_out,Southern California
westcoast_0149,Southern California,2014,0,0.20350731532661032,current_plus_trajectory,leave_region_out,Southern California
westcoast_0150,Southern California,2014,1,0.24906925020669599,current_plus_trajectory,leave_region_out,Southern California
westcoast_0151,Southern California,2014,1,0.3009277626668392,current_plus_trajectory,leave_region_out,Southern California
westcoast_0152,Southern California,2014,1,0.3115594756079264,current_plus_trajectory,leave_region_out,Southern California
westcoast_0154,Southern California,2014,1,0.2697082811399187,current_plus_trajectory,leave_region_out,Southern California
westcoast_0162,Southern California,2014,0,0.26359211063530974,current_plus_trajectory,leave_region_out,Southern California
westcoast_0163,Southern California,2014,0,0.21121960527517336,current_plus_trajectory,leave_region_out,Southern California
westcoast_0165,Southern California,2014,0,0.19764077247898193,current_plus_trajectory,leave_region_out,Southern California
westcoast_0166,Southern California,2014,1,0.31778234206688893,current_plus_trajectory,leave_region_out,Southern California
westcoast_0167,Southern California,2014,0,0.23355383175678138,current_plus_trajectory,leave_region_out,Southern California
westcoast_0168,Southern California,2014,1,0.2071742928753693,current_plus_trajectory,leave_region_out,Southern California
westcoast_0170,Southern California,2014,1,0.3172066690540566,current_plus_trajectory,leave_region_out,Southern California
westcoast_0171,Southern California,2014,1,0.22737347495154087,current_plus_trajectory,leave_region_out,Southern California
westcoast_0172,Southern California,2014,1,0.23778240462516206,current_plus_trajectory,leave_region_out,Southern California
westcoast_0173,Southern California,2014,1,0.21651590025122858,current_plus_trajectory,leave_region_out,Southern California
westcoast_0175,Southern California,2014,0,0.2867558851932171,current_plus_trajectory,leave_region_out,Southern California
westcoast_0176,Southern California,2014,0,0.27519925287789637,current_plus_trajectory,leave_region_out,Southern California
westcoast_0177,Southern California,2014,1,0.37048599718948516,current_plus_trajectory,leave_region_out,Southern California
westcoast_0181,Southern California,2014,1,0.2208185254639322,current_plus_trajectory,leave_region_out,Southern California
westcoast_0182,Southern California,2014,0,0.39374735869622274,current_plus_trajectory,leave_region_out,Southern California
westcoast_0183,Southern California,2014,0,0.2577691319386106,current_plus_trajectory,leave_region_out,Southern California
westcoast_0184,Southern California,2014,1,0.2552758599241454,current_plus_trajectory,leave_region_out,Southern California
westcoast_0186,Southern California,2014,0,0.17691104854905498,current_plus_trajectory,leave_region_out,Southern California
westcoast_0187,Southern California,2014,0,0.19589528787478003,current_plus_trajectory,leave_region_out,Southern California
westcoast_0188,Southern California,2014,0,0.2684524657259446,current_plus_trajectory,leave_region_out,Southern California
westcoast_0192,Southern California,2014,1,0.24769881285118583,current_plus_trajectory,leave_region_out,Southern California
westcoast_0193,Southern California,2014,1,0.215812267035133,current_plus_trajectory,leave_region_out,Southern California
westcoast_0195,Southern California,2014,1,0.24069939555635828,current_plus_trajectory,leave_region_out,Southern California
westcoast_0198,Southern California,2014,1,0.23770084243828823,current_plus_trajectory,leave_region_out,Southern California
westcoast_0203,Southern California,2014,1,0.45910135592430157,current_plus_trajectory,leave_region_out,Southern California
westcoast_0205,Southern California,2014,0,0.23290889587599575,current_plus_trajectory,leave_region_out,Southern California
westcoast_0206,Southern California,2014,0,0.2944763603308684,current_plus_trajectory,leave_region_out,Southern California
westcoast_0210,Southern California,2014,1,0.5004111871936094,current_plus_trajectory,leave_region_out,Southern California
westcoast_0212,Southern California,2014,0,0.23379146730141684,current_plus_trajectory,leave_region_out,Southern California
westcoast_0216,Southern California,2014,1,0.5480975999837856,current_plus_trajectory,leave_region_out,Southern California
westcoast_0218,Southern California,2014,1,0.14867172143560306,current_plus_trajectory,leave_region_out,Southern California
westcoast_0219,Southern California,2014,1,0.6492921274391138,current_plus_trajectory,leave_region_out,Southern California
westcoast_0222,Southern California,2014,1,0.48186468939738497,current_plus_trajectory,leave_region_out,Southern California
westcoast_0226,Southern California,2014,0,0.3741958926856042,current_plus_trajectory,leave_region_out,Southern California
westcoast_0227,Southern California,2014,0,0.32629237473488504,current_plus_trajectory,leave_region_out,Southern California
westcoast_0228,Southern California,2014,0,0.2694173537222763,current_plus_trajectory,leave_region_out,Southern California
westcoast_0229,Southern California,2014,0,0.31312011520236727,current_plus_trajectory,leave_region_out,Southern California
westcoast_0230,Southern California,2014,0,0.45927329417772716,current_plus_trajectory,leave_region_out,Southern California
westcoast_0149,Southern California,2014,0,0.44247846982422956,trajectory_plus_oisst,leave_region_out,Southern California
westcoast_0150,Southern California,2014,1,0.516458403258071,trajectory_plus_oisst,leave_region_out,Southern California
westcoast_0151,Southern California,2014,1,0.5881089433093064,trajectory_plus_oisst,leave_region_out,Southern California
westcoast_0152,Southern California,2014,1,0.5964501780795645,trajectory_plus_oisst,leave_region_out,Southern California
westcoast_0154,Southern California,2014,1,0.5048935017074162,trajectory_plus_oisst,leave_region_out,Southern California
westcoast_0162,Southern California,2014,0,0.49978558948060336,trajectory_plus_oisst,leave_region_out,Southern California
westcoast_0163,Southern California,2014,0,0.4291779691404076,trajectory_plus_oisst,leave_region_out,Southern California
westcoast_0165,Southern California,2014,0,0.448881399824412,trajectory_plus_oisst,leave_region_out,Southern California
westcoast_0166,Southern California,2014,1,0.6171892935063145,trajectory_plus_oisst,leave_region_out,Southern California
westcoast_0167,Southern California,2014,0,0.4839184946926846,trajectory_plus_oisst,leave_region_out,Southern California
westcoast_0168,Southern California,2014,1,0.4375097079963555,trajectory_plus_oisst,leave_region_out,Southern California
westcoast_0170,Southern California,2014,1,0.5605428616685282,trajectory_plus_oisst,leave_region_out,Southern California
westcoast_0171,Southern California,2014,1,0.4451294278797616,trajectory_plus_oisst,leave_region_out,Southern California
westcoast_0172,Southern California,2014,1,0.4346703833453359,trajectory_plus_oisst,leave_region_out,Southern California
westcoast_0173,Southern California,2014,1,0.39208272210756234,trajectory_plus_oisst,leave_region_out,Southern California
westcoast_0175,Southern California,2014,0,0.4820928112506435,trajectory_plus_oisst,leave_region_out,Southern California
westcoast_0176,Southern California,2014,0,0.46626373276326777,trajectory_plus_oisst,leave_region_out,Southern California
westcoast_0177,Southern California,2014,1,0.591280678395887,trajectory_plus_oisst,leave_region_out,Southern California
westcoast_0181,Southern California,2014,1,0.45401179402812264,trajectory_plus_oisst,leave_region_out,Southern California
westcoast_0182,Southern California,2014,0,0.5946299629071947,trajectory_plus_oisst,leave_region_out,Southern California
westcoast_0183,Southern California,2014,0,0.45763554825198494,trajectory_plus_oisst,leave_region_out,Southern California
westcoast_0184,Southern California,2014,1,0.45006883607616616,trajectory_plus_oisst,leave_region_out,Southern California
westcoast_0186,Southern California,2014,0,0.3196943833400248,trajectory_plus_oisst,leave_region_out,Southern California
westcoast_0187,Southern California,2014,0,0.33636776115475775,trajectory_plus_oisst,leave_region_out,Southern California
westcoast_0188,Southern California,2014,0,0.45042838213510944,trajectory_plus_oisst,leave_region_out,Southern California
westcoast_0192,Southern California,2014,1,0.36523309109794955,trajectory_plus_oisst,leave_region_out,Southern California
westcoast_0193,Southern California,2014,1,0.39146004893146513,trajectory_plus_oisst,leave_region_out,Southern California
westcoast_0195,Southern California,2014,1,0.3673206825609372,trajectory_plus_oisst,leave_region_out,Southern California
westcoast_0198,Southern California,2014,1,0.3331306818522535,trajectory_plus_oisst,leave_region_out,Southern California
westcoast_0203,Southern California,2014,1,0.5670401814746614,trajectory_plus_oisst,leave_region_out,Southern California
westcoast_0205,Southern California,2014,0,0.37181998709514724,trajectory_plus_oisst,leave_region_out,Southern California
westcoast_0206,Southern California,2014,0,0.4476935953928809,trajectory_plus_oisst,leave_region_out,Southern California
westcoast_0210,Southern California,2014,1,0.632133443519891,trajectory_plus_oisst,leave_region_out,Southern California
westcoast_0212,Southern California,2014,0,0.4088389199145548,trajectory_plus_oisst,leave_region_out,Southern California
westcoast_0216,Southern California,2014,1,0.6815622761631698,trajectory_plus_oisst,leave_region_out,Southern California
westcoast_0218,Southern California,2014,1,0.2346408743604639,trajectory_plus_oisst,leave_region_out,Southern California
westcoast_0219,Southern California,2014,1,0.7836747487871074,trajectory_plus_oisst,leave_region_out,Southern California
westcoast_0222,Southern California,2014,1,0.6412452139304181,trajectory_plus_oisst,leave_region_out,Southern California
westcoast_0226,Southern California,2014,0,0.524337312931196,trajectory_plus_oisst,leave_region_out,Southern California
westcoast_0227,Southern California,2014,0,0.43647798281459993,trajectory_plus_oisst,leave_region_out,Southern California
westcoast_0228,Southern California,2014,0,0.3682696598991572,trajectory_plus_oisst,leave_region_out,Southern California
westcoast_0229,Southern California,2014,0,0.5361320685767604,trajectory_plus_oisst,leave_region_out,Southern California
westcoast_0230,Southern California,2014,0,0.6910497042834173,trajectory_plus_oisst,leave_region_out,Southern California
westcoast_0149,Southern California,2015,0,0.39250548574681454,current_only,leave_region_out,Southern California
westcoast_0151,Southern California,2015,0,0.2230563313527418,current_only,leave_region_out,Southern California
westcoast_0162,Southern California,2015,1,0.36295445916919344,current_only,leave_region_out,Southern California
westcoast_0163,Southern California,2015,0,0.3074421521088521,current_only,leave_region_out,Southern California
westcoast_0164,Southern California,2015,0,0.2682137158178995,current_only,leave_region_out,Southern California
westcoast_0165,Southern California,2015,0,0.22908685250566482,current_only,leave_region_out,Southern California
westcoast_0166,Southern California,2015,0,0.2291296758155285,current_only,leave_region_out,Southern California
westcoast_0167,Southern California,2015,0,0.23334352849861403,current_only,leave_region_out,Southern California
westcoast_0168,Southern California,2015,0,0.2205528736318251,current_only,leave_region_out,Southern California
westcoast_0173,Southern California,2015,0,0.23081301971898494,current_only,leave_region_out,Southern California
westcoast_0175,Southern California,2015,0,0.2987054115837105,current_only,leave_region_out,Southern California
westcoast_0176,Southern California,2015,1,0.27609107177791026,current_only,leave_region_out,Southern California
westcoast_0179,Southern California,2015,0,0.22887884912121442,current_only,leave_region_out,Southern California
westcoast_0180,Southern California,2015,0,0.23867124984071064,current_only,leave_region_out,Southern California
westcoast_0181,Southern California,2015,0,0.21977365011249547,current_only,leave_region_out,Southern California
westcoast_0182,Southern California,2015,0,0.5605495053850341,current_only,leave_region_out,Southern California
westcoast_0183,Southern California,2015,0,0.24968145044307472,current_only,leave_region_out,Southern California
westcoast_0184,Southern California,2015,0,0.25568631892010646,current_only,leave_region_out,Southern California
westcoast_0186,Southern California,2015,1,0.32618570274368897,current_only,leave_region_out,Southern California
westcoast_0187,Southern California,2015,1,0.5301126647594083,current_only,leave_region_out,Southern California
westcoast_0188,Southern California,2015,0,0.23331740830804,current_only,leave_region_out,Southern California
westcoast_0205,Southern California,2015,1,0.3146017848559376,current_only,leave_region_out,Southern California
westcoast_0206,Southern California,2015,0,0.26050157447629746,current_only,leave_region_out,Southern California
westcoast_0212,Southern California,2015,1,0.27401165507311015,current_only,leave_region_out,Southern California
westcoast_0216,Southern California,2015,1,0.3228963599993255,current_only,leave_region_out,Southern California
westcoast_0219,Southern California,2015,1,0.259398457014971,current_only,leave_region_out,Southern California
westcoast_0220,Southern California,2015,0,0.21505401474935565,current_only,leave_region_out,Southern California
westcoast_0222,Southern California,2015,1,0.2796385373521097,current_only,leave_region_out,Southern California
westcoast_0223,Southern California,2015,0,0.2376222735773691,current_only,leave_region_out,Southern California
westcoast_0226,Southern California,2015,1,0.3535853513184195,current_only,leave_region_out,Southern California
westcoast_0227,Southern California,2015,1,0.33495774946102247,current_only,leave_region_out,Southern California
westcoast_0228,Southern California,2015,1,0.935042922028233,current_only,leave_region_out,Southern California
westcoast_0229,Southern California,2015,1,0.9100926396969333,current_only,leave_region_out,Southern California
westcoast_0230,Southern California,2015,1,0.8589687188987072,current_only,leave_region_out,Southern California
westcoast_0149,Southern California,2015,0,0.5162065932897456,current_plus_trajectory,leave_region_out,Southern California
westcoast_0151,Southern California,2015,0,0.1962985469544028,current_plus_trajectory,leave_region_out,Southern California
westcoast_0162,Southern California,2015,1,0.42649889237047717,current_plus_trajectory,leave_region_out,Southern California
westcoast_0163,Southern California,2015,0,0.33467016666508637,current_plus_trajectory,leave_region_out,Southern California
westcoast_0164,Southern California,2015,0,0.29960908647682555,current_plus_trajectory,leave_region_out,Southern California
westcoast_0165,Southern California,2015,0,0.20594018392291297,current_plus_trajectory,leave_region_out,Southern California
westcoast_0166,Southern California,2015,0,0.21575809621776504,current_plus_trajectory,leave_region_out,Southern California
westcoast_0167,Southern California,2015,0,0.2316468928395526,current_plus_trajectory,leave_region_out,Southern California
westcoast_0168,Southern California,2015,0,0.21205158139503497,current_plus_trajectory,leave_region_out,Southern California
westcoast_0173,Southern California,2015,0,0.20951170238083874,current_plus_trajectory,leave_region_out,Southern California
westcoast_0175,Southern California,2015,0,0.27197303233684667,current_plus_trajectory,leave_region_out,Southern California
westcoast_0176,Southern California,2015,1,0.24894530110352187,current_plus_trajectory,leave_region_out,Southern California
westcoast_0179,Southern California,2015,0,0.242584303531469,current_plus_trajectory,leave_region_out,Southern California
westcoast_0180,Southern California,2015,0,0.25301856508213283,current_plus_trajectory,leave_region_out,Southern California
westcoast_0181,Southern California,2015,0,0.21954200326777834,current_plus_trajectory,leave_region_out,Southern California
westcoast_0182,Southern California,2015,0,0.615893154308197,current_plus_trajectory,leave_region_out,Southern California
westcoast_0183,Southern California,2015,0,0.2977533523982126,current_plus_trajectory,leave_region_out,Southern California
westcoast_0184,Southern California,2015,0,0.24782482130516245,current_plus_trajectory,leave_region_out,Southern California
westcoast_0186,Southern California,2015,1,0.42094250741390726,current_plus_trajectory,leave_region_out,Southern California
westcoast_0187,Southern California,2015,1,0.6176356804390849,current_plus_trajectory,leave_region_out,Southern California
westcoast_0188,Southern California,2015,0,0.3208546511943033,current_plus_trajectory,leave_region_out,Southern California
westcoast_0205,Southern California,2015,1,0.38332935968957343,current_plus_trajectory,leave_region_out,Southern California
westcoast_0206,Southern California,2015,0,0.26419155600684047,current_plus_trajectory,leave_region_out,Southern California
westcoast_0212,Southern California,2015,1,0.31474636684390944,current_plus_trajectory,leave_region_out,Southern California
westcoast_0216,Southern California,2015,1,0.30442921141070434,current_plus_trajectory,leave_region_out,Southern California
westcoast_0219,Southern California,2015,1,0.2522011251825157,current_plus_trajectory,leave_region_out,Southern California
westcoast_0220,Southern California,2015,0,0.19146075877489335,current_plus_trajectory,leave_region_out,Southern California
westcoast_0222,Southern California,2015,1,0.2789012865605659,current_plus_trajectory,leave_region_out,Southern California
westcoast_0223,Southern California,2015,0,0.250762198419604,current_plus_trajectory,leave_region_out,Southern California
westcoast_0226,Southern California,2015,1,0.34008878174360824,current_plus_trajectory,leave_region_out,Southern California
westcoast_0227,Southern California,2015,1,0.346723186233293,current_plus_trajectory,leave_region_out,Southern California
westcoast_0228,Southern California,2015,1,0.9577073277851849,current_plus_trajectory,leave_region_out,Southern California
westcoast_0229,Southern California,2015,1,0.948346708080652,current_plus_trajectory,leave_region_out,Southern California
westcoast_0230,Southern California,2015,1,0.9122646557526539,current_plus_trajectory,leave_region_out,Southern California
westcoast_0149,Southern California,2015,0,0.5205518453217206,trajectory_plus_oisst,leave_region_out,Southern California
westcoast_0151,Southern California,2015,0,0.16550502290233632,trajectory_plus_oisst,leave_region_out,Southern California
westcoast_0162,Southern California,2015,1,0.4444220620440782,trajectory_plus_oisst,leave_region_out,Southern California
westcoast_0163,Southern California,2015,0,0.3462049058500612,trajectory_plus_oisst,leave_region_out,Southern California
westcoast_0164,Southern California,2015,0,0.30837078444774185,trajectory_plus_oisst,leave_region_out,Southern California
westcoast_0165,Southern California,2015,0,0.17816916187645898,trajectory_plus_oisst,leave_region_out,Southern California
westcoast_0166,Southern California,2015,0,0.18758243535402805,trajectory_plus_oisst,leave_region_out,Southern California
westcoast_0167,Southern California,2015,0,0.2155549364927871,trajectory_plus_oisst,leave_region_out,Southern California
westcoast_0168,Southern California,2015,0,0.1952355954804315,trajectory_plus_oisst,leave_region_out,Southern California
westcoast_0173,Southern California,2015,0,0.19115332918953912,trajectory_plus_oisst,leave_region_out,Southern California
westcoast_0175,Southern California,2015,0,0.25792901127630796,trajectory_plus_oisst,leave_region_out,Southern California
westcoast_0176,Southern California,2015,1,0.2307549131476767,trajectory_plus_oisst,leave_region_out,Southern California
westcoast_0179,Southern California,2015,0,0.23350592129656358,trajectory_plus_oisst,leave_region_out,Southern California
westcoast_0180,Southern California,2015,0,0.24543024022708126,trajectory_plus_oisst,leave_region_out,Southern California
westcoast_0181,Southern California,2015,0,0.20957776793646296,trajectory_plus_oisst,leave_region_out,Southern California
westcoast_0182,Southern California,2015,0,0.6232220653606383,trajectory_plus_oisst,leave_region_out,Southern California
westcoast_0183,Southern California,2015,0,0.2953044484921673,trajectory_plus_oisst,leave_region_out,Southern California
westcoast_0184,Southern California,2015,0,0.23822420903771221,trajectory_plus_oisst,leave_region_out,Southern California
westcoast_0186,Southern California,2015,1,0.43298415080173336,trajectory_plus_oisst,leave_region_out,Southern California
westcoast_0187,Southern California,2015,1,0.6398792681244143,trajectory_plus_oisst,leave_region_out,Southern California
westcoast_0188,Southern California,2015,0,0.3309890959961513,trajectory_plus_oisst,leave_region_out,Southern California
westcoast_0205,Southern California,2015,1,0.4354963610668544,trajectory_plus_oisst,leave_region_out,Southern California
westcoast_0206,Southern California,2015,0,0.29993173502727316,trajectory_plus_oisst,leave_region_out,Southern California
westcoast_0212,Southern California,2015,1,0.352567300437785,trajectory_plus_oisst,leave_region_out,Southern California
westcoast_0216,Southern California,2015,1,0.30138644065899095,trajectory_plus_oisst,leave_region_out,Southern California
westcoast_0219,Southern California,2015,1,0.24132229487737325,trajectory_plus_oisst,leave_region_out,Southern California
westcoast_0220,Southern California,2015,0,0.20105893959238497,trajectory_plus_oisst,leave_region_out,Southern California
westcoast_0222,Southern California,2015,1,0.27620172527589626,trajectory_plus_oisst,leave_region_out,Southern California
westcoast_0223,Southern California,2015,0,0.26779801253306684,trajectory_plus_oisst,leave_region_out,Southern California
westcoast_0226,Southern California,2015,1,0.3414606791605802,trajectory_plus_oisst,leave_region_out,Southern California
westcoast_0227,Southern California,2015,1,0.36020471653926783,trajectory_plus_oisst,leave_region_out,Southern California
westcoast_0228,Southern California,2015,1,0.9646503308940246,trajectory_plus_oisst,leave_region_out,Southern California
westcoast_0229,Southern California,2015,1,0.9577103695248306,trajectory_plus_oisst,leave_region_out,Southern California
westcoast_0230,Southern California,2015,1,0.9257952588004543,trajectory_plus_oisst,leave_region_out,Southern California
westcoast_0149,Southern California,2016,1,0.4523719037341654,current_only,leave_region_out,Southern California
westcoast_0151,Southern California,2016,0,0.23608947797898244,current_only,leave_region_out,Southern California
westcoast_0154,Southern California,2016,0,0.26993180505689285,current_only,leave_region_out,Southern California
westcoast_0162,Southern California,2016,0,0.2755687107525084,current_only,leave_region_out,Southern California
westcoast_0163,Southern California,2016,0,0.31603387103029384,current_only,leave_region_out,Southern California
westcoast_0164,Southern California,2016,1,0.28755984956193403,current_only,leave_region_out,Southern California
westcoast_0165,Southern California,2016,0,0.2325190862654123,current_only,leave_region_out,Southern California
westcoast_0166,Southern California,2016,0,0.2556963061658337,current_only,leave_region_out,Southern California
westcoast_0167,Southern California,2016,0,0.2396975107782667,current_only,leave_region_out,Southern California
westcoast_0168,Southern California,2016,0,0.24645119546783026,current_only,leave_region_out,Southern California
westcoast_0170,Southern California,2016,0,0.2972828860805632,current_only,leave_region_out,Southern California
westcoast_0171,Southern California,2016,0,0.227893890011343,current_only,leave_region_out,Southern California
westcoast_0172,Southern California,2016,0,0.22506051418682052,current_only,leave_region_out,Southern California
westcoast_0173,Southern California,2016,0,0.22890072706618134,current_only,leave_region_out,Southern California
westcoast_0175,Southern California,2016,0,0.2893160127603516,current_only,leave_region_out,Southern California
westcoast_0176,Southern California,2016,1,0.2405748803931199,current_only,leave_region_out,Southern California
westcoast_0177,Southern California,2016,0,0.220291224168145,current_only,leave_region_out,Southern California
westcoast_0179,Southern California,2016,1,0.24042967395488232,current_only,leave_region_out,Southern California
westcoast_0180,Southern California,2016,0,0.24056569228354582,current_only,leave_region_out,Southern California
westcoast_0181,Southern California,2016,1,0.2762728906553979,current_only,leave_region_out,Southern California
westcoast_0182,Southern California,2016,0,0.44520426730718576,current_only,leave_region_out,Southern California
westcoast_0183,Southern California,2016,1,0.6068685966038313,current_only,leave_region_out,Southern California
westcoast_0184,Southern California,2016,1,0.6169014147299815,current_only,leave_region_out,Southern California
westcoast_0186,Southern California,2016,0,0.2560388338948702,current_only,leave_region_out,Southern California
westcoast_0187,Southern California,2016,0,0.3621545094959762,current_only,leave_region_out,Southern California
westcoast_0188,Southern California,2016,1,0.25661928286463415,current_only,leave_region_out,Southern California
westcoast_0193,Southern California,2016,0,0.2740218194350601,current_only,leave_region_out,Southern California
westcoast_0195,Southern California,2016,0,0.21696697156907024,current_only,leave_region_out,Southern California
westcoast_0205,Southern California,2016,0,0.24115631179130637,current_only,leave_region_out,Southern California
westcoast_0206,Southern California,2016,0,0.3647241437013039,current_only,leave_region_out,Southern California
westcoast_0207,Southern California,2016,0,0.24947714318099418,current_only,leave_region_out,Southern California
westcoast_0212,Southern California,2016,0,0.25256277031186153,current_only,leave_region_out,Southern California
westcoast_0217,Southern California,2016,0,0.2221573376712451,current_only,leave_region_out,Southern California
westcoast_0220,Southern California,2016,0,0.22375256143557193,current_only,leave_region_out,Southern California
westcoast_0223,Southern California,2016,0,0.24204018615043302,current_only,leave_region_out,Southern California
westcoast_0149,Southern California,2016,1,0.5286124432127104,current_plus_trajectory,leave_region_out,Southern California
westcoast_0151,Southern California,2016,0,0.17362892529391993,current_plus_trajectory,leave_region_out,Southern California
westcoast_0154,Southern California,2016,0,0.21874836896458777,current_plus_trajectory,leave_region_out,Southern California
westcoast_0162,Southern California,2016,0,0.2515294076065326,current_plus_trajectory,leave_region_out,Southern California
westcoast_0163,Southern California,2016,0,0.31887821808689243,current_plus_trajectory,leave_region_out,Southern California
westcoast_0164,Southern California,2016,1,0.31884475027054493,current_plus_trajectory,leave_region_out,Southern California
westcoast_0165,Southern California,2016,0,0.2670282737212899,current_plus_trajectory,leave_region_out,Southern California
westcoast_0166,Southern California,2016,0,0.22290264390982023,current_plus_trajectory,leave_region_out,Southern California
westcoast_0167,Southern California,2016,0,0.2895262477317926,current_plus_trajectory,leave_region_out,Southern California
westcoast_0168,Southern California,2016,0,0.2882459119603108,current_plus_trajectory,leave_region_out,Southern California
westcoast_0170,Southern California,2016,0,0.3269931013107073,current_plus_trajectory,leave_region_out,Southern California
westcoast_0171,Southern California,2016,0,0.21763295565588395,current_plus_trajectory,leave_region_out,Southern California
westcoast_0172,Southern California,2016,0,0.26991771258615227,current_plus_trajectory,leave_region_out,Southern California
westcoast_0173,Southern California,2016,0,0.1834734688256508,current_plus_trajectory,leave_region_out,Southern California
westcoast_0175,Southern California,2016,0,0.257943639988732,current_plus_trajectory,leave_region_out,Southern California
westcoast_0176,Southern California,2016,1,0.15339378899301076,current_plus_trajectory,leave_region_out,Southern California
westcoast_0177,Southern California,2016,0,0.16232885890538187,current_plus_trajectory,leave_region_out,Southern California
westcoast_0179,Southern California,2016,1,0.3022554236948999,current_plus_trajectory,leave_region_out,Southern California
westcoast_0180,Southern California,2016,0,0.2885244941213326,current_plus_trajectory,leave_region_out,Southern California
westcoast_0181,Southern California,2016,1,0.30685913242761115,current_plus_trajectory,leave_region_out,Southern California
westcoast_0182,Southern California,2016,0,0.17537729489559595,current_plus_trajectory,leave_region_out,Southern California
westcoast_0183,Southern California,2016,1,0.6958525587863879,current_plus_trajectory,leave_region_out,Southern California
westcoast_0184,Southern California,2016,1,0.614998563258785,current_plus_trajectory,leave_region_out,Southern California
westcoast_0186,Southern California,2016,0,0.23850413851965094,current_plus_trajectory,leave_region_out,Southern California
westcoast_0187,Southern California,2016,0,0.33254540425540896,current_plus_trajectory,leave_region_out,Southern California
westcoast_0188,Southern California,2016,1,0.3370959371759473,current_plus_trajectory,leave_region_out,Southern California
westcoast_0193,Southern California,2016,0,0.3476649327684882,current_plus_trajectory,leave_region_out,Southern California
westcoast_0195,Southern California,2016,0,0.1381871015345521,current_plus_trajectory,leave_region_out,Southern California
westcoast_0205,Southern California,2016,0,0.17165649259634422,current_plus_trajectory,leave_region_out,Southern California
westcoast_0206,Southern California,2016,0,0.39173537256935337,current_plus_trajectory,leave_region_out,Southern California
westcoast_0207,Southern California,2016,0,0.28073473575344304,current_plus_trajectory,leave_region_out,Southern California
westcoast_0212,Southern California,2016,0,0.2033809225221496,current_plus_trajectory,leave_region_out,Southern California
westcoast_0217,Southern California,2016,0,0.299295925951935,current_plus_trajectory,leave_region_out,Southern California
westcoast_0220,Southern California,2016,0,0.29939992314605146,current_plus_trajectory,leave_region_out,Southern California
westcoast_0223,Southern California,2016,0,0.30747979807944203,current_plus_trajectory,leave_region_out,Southern California
westcoast_0149,Southern California,2016,1,0.4531263604347885,trajectory_plus_oisst,leave_region_out,Southern California
westcoast_0151,Southern California,2016,0,0.14744331780602557,trajectory_plus_oisst,leave_region_out,Southern California
westcoast_0154,Southern California,2016,0,0.18340501775760285,trajectory_plus_oisst,leave_region_out,Southern California
westcoast_0162,Southern California,2016,0,0.20183755441277734,trajectory_plus_oisst,leave_region_out,Southern California
westcoast_0163,Southern California,2016,0,0.2627024062276028,trajectory_plus_oisst,leave_region_out,Southern California
westcoast_0164,Southern California,2016,1,0.2632695836859476,trajectory_plus_oisst,leave_region_out,Southern California
westcoast_0165,Southern California,2016,0,0.22279275803433396,trajectory_plus_oisst,leave_region_out,Southern California
westcoast_0166,Southern California,2016,0,0.179126054850136,trajectory_plus_oisst,leave_region_out,Southern California
westcoast_0167,Southern California,2016,0,0.2669659964081855,trajectory_plus_oisst,leave_region_out,Southern California
westcoast_0168,Southern California,2016,0,0.26403120061265956,trajectory_plus_oisst,leave_region_out,Southern California
westcoast_0170,Southern California,2016,0,0.3338051714899336,trajectory_plus_oisst,leave_region_out,Southern California
westcoast_0171,Southern California,2016,0,0.21876068550877892,trajectory_plus_oisst,leave_region_out,Southern California
westcoast_0172,Southern California,2016,0,0.2688054655747282,trajectory_plus_oisst,leave_region_out,Southern California
westcoast_0173,Southern California,2016,0,0.1750131718087146,trajectory_plus_oisst,leave_region_out,Southern California
westcoast_0175,Southern California,2016,0,0.256923914357795,trajectory_plus_oisst,leave_region_out,Southern California
westcoast_0176,Southern California,2016,1,0.14492220182805093,trajectory_plus_oisst,leave_region_out,Southern California
westcoast_0177,Southern California,2016,0,0.1575780529856981,trajectory_plus_oisst,leave_region_out,Southern California
westcoast_0179,Southern California,2016,1,0.25741506462554486,trajectory_plus_oisst,leave_region_out,Southern California
westcoast_0180,Southern California,2016,0,0.26427731813006333,trajectory_plus_oisst,leave_region_out,Southern California
westcoast_0181,Southern California,2016,1,0.28081764063491643,trajectory_plus_oisst,leave_region_out,Southern California
westcoast_0182,Southern California,2016,0,0.14969319173529505,trajectory_plus_oisst,leave_region_out,Southern California
westcoast_0183,Southern California,2016,1,0.696839374373668,trajectory_plus_oisst,leave_region_out,Southern California
westcoast_0184,Southern California,2016,1,0.6061135041022311,trajectory_plus_oisst,leave_region_out,Southern California
westcoast_0186,Southern California,2016,0,0.24494837925221408,trajectory_plus_oisst,leave_region_out,Southern California
westcoast_0187,Southern California,2016,0,0.35150021337370047,trajectory_plus_oisst,leave_region_out,Southern California
westcoast_0188,Southern California,2016,1,0.37087936813969563,trajectory_plus_oisst,leave_region_out,Southern California
westcoast_0193,Southern California,2016,0,0.3580002847247965,trajectory_plus_oisst,leave_region_out,Southern California
westcoast_0195,Southern California,2016,0,0.13850632173396138,trajectory_plus_oisst,leave_region_out,Southern California
westcoast_0205,Southern California,2016,0,0.1442399905709411,trajectory_plus_oisst,leave_region_out,Southern California
westcoast_0206,Southern California,2016,0,0.3617724333388585,trajectory_plus_oisst,leave_region_out,Southern California
westcoast_0207,Southern California,2016,0,0.2674380987761728,trajectory_plus_oisst,leave_region_out,Southern California
westcoast_0212,Southern California,2016,0,0.2110421932991339,trajectory_plus_oisst,leave_region_out,Southern California
westcoast_0217,Southern California,2016,0,0.3179200031164534,trajectory_plus_oisst,leave_region_out,Southern California
westcoast_0220,Southern California,2016,0,0.3180514261548119,trajectory_plus_oisst,leave_region_out,Southern California
westcoast_0223,Southern California,2016,0,0.3249326798572972,trajectory_plus_oisst,leave_region_out,Southern California
westcoast_0149,Southern California,2017,0,0.27840185474825513,current_only,leave_region_out,Southern California
westcoast_0150,Southern California,2017,0,0.24116644174911686,current_only,leave_region_out,Southern California
westcoast_0151,Southern California,2017,0,0.3113965707084258,current_only,leave_region_out,Southern California
westcoast_0152,Southern California,2017,0,0.23951636029446846,current_only,leave_region_out,Southern California
westcoast_0154,Southern California,2017,1,0.5307176782840823,current_only,leave_region_out,Southern California
westcoast_0162,Southern California,2017,1,0.28635784085517774,current_only,leave_region_out,Southern California
westcoast_0163,Southern California,2017,1,0.2865557405351825,current_only,leave_region_out,Southern California
westcoast_0164,Southern California,2017,0,0.2510776631047503,current_only,leave_region_out,Southern California
westcoast_0165,Southern California,2017,1,0.3134856250012862,current_only,leave_region_out,Southern California
westcoast_0166,Southern California,2017,0,0.26162634661801526,current_only,leave_region_out,Southern California
westcoast_0167,Southern California,2017,1,0.28334923878852103,current_only,leave_region_out,Southern California
westcoast_0168,Southern California,2017,0,0.28969308280551304,current_only,leave_region_out,Southern California
westcoast_0170,Southern California,2017,0,0.4034336402939174,current_only,leave_region_out,Southern California
westcoast_0171,Southern California,2017,0,0.27925623794831866,current_only,leave_region_out,Southern California
westcoast_0172,Southern California,2017,0,0.27180080037376997,current_only,leave_region_out,Southern California
westcoast_0173,Southern California,2017,0,0.33481657558837075,current_only,leave_region_out,Southern California
westcoast_0175,Southern California,2017,0,0.39964401548273976,current_only,leave_region_out,Southern California
westcoast_0177,Southern California,2017,0,0.21592628050326126,current_only,leave_region_out,Southern California
westcoast_0180,Southern California,2017,0,0.26133988502738464,current_only,leave_region_out,Southern California
westcoast_0182,Southern California,2017,1,0.5400846264480527,current_only,leave_region_out,Southern California
westcoast_0183,Southern California,2017,0,0.31700433244515674,current_only,leave_region_out,Southern California
westcoast_0184,Southern California,2017,0,0.4739872374303872,current_only,leave_region_out,Southern California
westcoast_0186,Southern California,2017,1,0.2828852090365757,current_only,leave_region_out,Southern California
westcoast_0187,Southern California,2017,0,0.5427017257908391,current_only,leave_region_out,Southern California
westcoast_0188,Southern California,2017,0,0.22248441814049438,current_only,leave_region_out,Southern California
westcoast_0192,Southern California,2017,0,0.3620518196018725,current_only,leave_region_out,Southern California
westcoast_0193,Southern California,2017,1,0.37342924004036765,current_only,leave_region_out,Southern California
westcoast_0195,Southern California,2017,0,0.3516432325308161,current_only,leave_region_out,Southern California
westcoast_0203,Southern California,2017,0,0.22383020283693877,current_only,leave_region_out,Southern California
westcoast_0205,Southern California,2017,0,0.27206596430710434,current_only,leave_region_out,Southern California
westcoast_0206,Southern California,2017,0,0.37350078183493873,current_only,leave_region_out,Southern California
westcoast_0207,Southern California,2017,0,0.2645970943997225,current_only,leave_region_out,Southern California
westcoast_0210,Southern California,2017,1,0.22873861075848567,current_only,leave_region_out,Southern California
westcoast_0212,Southern California,2017,0,0.2626013712738562,current_only,leave_region_out,Southern California
westcoast_0214,Southern California,2017,0,0.2640760119717031,current_only,leave_region_out,Southern California
westcoast_0217,Southern California,2017,0,0.2777008699924947,current_only,leave_region_out,Southern California
westcoast_0218,Southern California,2017,0,0.2672423753277651,current_only,leave_region_out,Southern California
westcoast_0220,Southern California,2017,0,0.23314305954203346,current_only,leave_region_out,Southern California
westcoast_0223,Southern California,2017,0,0.25391584246885,current_only,leave_region_out,Southern California
westcoast_0224,Southern California,2017,0,0.2277732352544196,current_only,leave_region_out,Southern California
westcoast_0149,Southern California,2017,0,0.2677182132802931,current_plus_trajectory,leave_region_out,Southern California
westcoast_0150,Southern California,2017,0,0.3172306201720934,current_plus_trajectory,leave_region_out,Southern California
westcoast_0151,Southern California,2017,0,0.37140599353483517,current_plus_trajectory,leave_region_out,Southern California
westcoast_0152,Southern California,2017,0,0.29981450604695165,current_plus_trajectory,leave_region_out,Southern California
westcoast_0154,Southern California,2017,1,0.5996605558475502,current_plus_trajectory,leave_region_out,Southern California
westcoast_0162,Southern California,2017,1,0.28361438268756345,current_plus_trajectory,leave_region_out,Southern California
westcoast_0163,Southern California,2017,1,0.3035736066925824,current_plus_trajectory,leave_region_out,Southern California
westcoast_0164,Southern California,2017,0,0.26655253107243293,current_plus_trajectory,leave_region_out,Southern California
westcoast_0165,Southern California,2017,1,0.4066488397167879,current_plus_trajectory,leave_region_out,Southern California
westcoast_0166,Southern California,2017,0,0.3171957141542188,current_plus_trajectory,leave_region_out,Southern California
westcoast_0167,Southern California,2017,1,0.3653591089521712,current_plus_trajectory,leave_region_out,Southern California
westcoast_0168,Southern California,2017,0,0.3769564265862493,current_plus_trajectory,leave_region_out,Southern California
westcoast_0170,Southern California,2017,0,0.4674419439100696,current_plus_trajectory,leave_region_out,Southern California
westcoast_0171,Southern California,2017,0,0.3686005382607966,current_plus_trajectory,leave_region_out,Southern California
westcoast_0172,Southern California,2017,0,0.3652360515929553,current_plus_trajectory,leave_region_out,Southern California
westcoast_0173,Southern California,2017,0,0.41994155013354334,current_plus_trajectory,leave_region_out,Southern California
westcoast_0175,Southern California,2017,0,0.4416940523442631,current_plus_trajectory,leave_region_out,Southern California
westcoast_0177,Southern California,2017,0,0.22289681294482472,current_plus_trajectory,leave_region_out,Southern California
westcoast_0180,Southern California,2017,0,0.3463058732627015,current_plus_trajectory,leave_region_out,Southern California
westcoast_0182,Southern California,2017,1,0.4805011815375008,current_plus_trajectory,leave_region_out,Southern California
westcoast_0183,Southern California,2017,0,0.32405253541794116,current_plus_trajectory,leave_region_out,Southern California
westcoast_0184,Southern California,2017,0,0.4805290988317354,current_plus_trajectory,leave_region_out,Southern California
westcoast_0186,Southern California,2017,1,0.3087811849955649,current_plus_trajectory,leave_region_out,Southern California
westcoast_0187,Southern California,2017,0,0.5767344351995529,current_plus_trajectory,leave_region_out,Southern California
westcoast_0188,Southern California,2017,0,0.2134057926942301,current_plus_trajectory,leave_region_out,Southern California
westcoast_0192,Southern California,2017,0,0.42468383328181825,current_plus_trajectory,leave_region_out,Southern California
westcoast_0193,Southern California,2017,1,0.4710817909937798,current_plus_trajectory,leave_region_out,Southern California
westcoast_0195,Southern California,2017,0,0.434562915197142,current_plus_trajectory,leave_region_out,Southern California
westcoast_0203,Southern California,2017,0,0.16820553720494483,current_plus_trajectory,leave_region_out,Southern California
westcoast_0205,Southern California,2017,0,0.30243220567255524,current_plus_trajectory,leave_region_out,Southern California
westcoast_0206,Southern California,2017,0,0.43713836002987194,current_plus_trajectory,leave_region_out,Southern California
westcoast_0207,Southern California,2017,0,0.3631001372442142,current_plus_trajectory,leave_region_out,Southern California
westcoast_0210,Southern California,2017,1,0.26431271981540316,current_plus_trajectory,leave_region_out,Southern California
westcoast_0212,Southern California,2017,0,0.307996164807102,current_plus_trajectory,leave_region_out,Southern California
westcoast_0214,Southern California,2017,0,0.37018683060867613,current_plus_trajectory,leave_region_out,Southern California
westcoast_0217,Southern California,2017,0,0.38335980597843977,current_plus_trajectory,leave_region_out,Southern California
westcoast_0218,Southern California,2017,0,0.3660678065620187,current_plus_trajectory,leave_region_out,Southern California
westcoast_0220,Southern California,2017,0,0.32355983611538236,current_plus_trajectory,leave_region_out,Southern California
westcoast_0223,Southern California,2017,0,0.3367084823706744,current_plus_trajectory,leave_region_out,Southern California
westcoast_0224,Southern California,2017,0,0.3191898943050893,current_plus_trajectory,leave_region_out,Southern California
westcoast_0149,Southern California,2017,0,0.24476023308504868,trajectory_plus_oisst,leave_region_out,Southern California
westcoast_0150,Southern California,2017,0,0.34311160576295424,trajectory_plus_oisst,leave_region_out,Southern California
westcoast_0151,Southern California,2017,0,0.39882062715821065,trajectory_plus_oisst,leave_region_out,Southern California
westcoast_0152,Southern California,2017,0,0.3227825159480542,trajectory_plus_oisst,leave_region_out,Southern California
westcoast_0154,Southern California,2017,1,0.6482407406734502,trajectory_plus_oisst,leave_region_out,Southern California
westcoast_0162,Southern California,2017,1,0.2589677203563997,trajectory_plus_oisst,leave_region_out,Southern California
westcoast_0163,Southern California,2017,1,0.2805216331554409,trajectory_plus_oisst,leave_region_out,Southern California
westcoast_0164,Southern California,2017,0,0.2448059476333882,trajectory_plus_oisst,leave_region_out,Southern California
westcoast_0165,Southern California,2017,1,0.4191566941482999,trajectory_plus_oisst,leave_region_out,Southern California
westcoast_0166,Southern California,2017,0,0.32456163063513715,trajectory_plus_oisst,leave_region_out,Southern California
westcoast_0167,Southern California,2017,1,0.3907510431689665,trajectory_plus_oisst,leave_region_out,Southern California
westcoast_0168,Southern California,2017,0,0.40279200240880325,trajectory_plus_oisst,leave_region_out,Southern California
westcoast_0170,Southern California,2017,0,0.5233778202497726,trajectory_plus_oisst,leave_region_out,Southern California
westcoast_0171,Southern California,2017,0,0.42260186948635275,trajectory_plus_oisst,leave_region_out,Southern California
westcoast_0172,Southern California,2017,0,0.40260259295287665,trajectory_plus_oisst,leave_region_out,Southern California
westcoast_0173,Southern California,2017,0,0.4587825635398351,trajectory_plus_oisst,leave_region_out,Southern California
westcoast_0175,Southern California,2017,0,0.49958108429843884,trajectory_plus_oisst,leave_region_out,Southern California
westcoast_0177,Southern California,2017,0,0.24355690557624488,trajectory_plus_oisst,leave_region_out,Southern California
westcoast_0180,Southern California,2017,0,0.3537733537720764,trajectory_plus_oisst,leave_region_out,Southern California
westcoast_0182,Southern California,2017,1,0.4936258322946377,trajectory_plus_oisst,leave_region_out,Southern California
westcoast_0183,Southern California,2017,0,0.32836054627463396,trajectory_plus_oisst,leave_region_out,Southern California
westcoast_0184,Southern California,2017,0,0.49066619180705845,trajectory_plus_oisst,leave_region_out,Southern California
westcoast_0186,Southern California,2017,1,0.3064321674945905,trajectory_plus_oisst,leave_region_out,Southern California
westcoast_0187,Southern California,2017,0,0.6232891197894992,trajectory_plus_oisst,leave_region_out,Southern California
westcoast_0188,Southern California,2017,0,0.23916624057588673,trajectory_plus_oisst,leave_region_out,Southern California
westcoast_0192,Southern California,2017,0,0.4619262887567687,trajectory_plus_oisst,leave_region_out,Southern California
westcoast_0193,Southern California,2017,1,0.5340515472850154,trajectory_plus_oisst,leave_region_out,Southern California
westcoast_0195,Southern California,2017,0,0.4898891347701097,trajectory_plus_oisst,leave_region_out,Southern California
westcoast_0203,Southern California,2017,0,0.16770156242621562,trajectory_plus_oisst,leave_region_out,Southern California
westcoast_0205,Southern California,2017,0,0.32648221732027266,trajectory_plus_oisst,leave_region_out,Southern California
westcoast_0206,Southern California,2017,0,0.4683796625092649,trajectory_plus_oisst,leave_region_out,Southern California
westcoast_0207,Southern California,2017,0,0.41834834302060986,trajectory_plus_oisst,leave_region_out,Southern California
westcoast_0210,Southern California,2017,1,0.27312299307497323,trajectory_plus_oisst,leave_region_out,Southern California
westcoast_0212,Southern California,2017,0,0.350933327518929,trajectory_plus_oisst,leave_region_out,Southern California
westcoast_0214,Southern California,2017,0,0.43075705049572577,trajectory_plus_oisst,leave_region_out,Southern California
westcoast_0217,Southern California,2017,0,0.4313345511518332,trajectory_plus_oisst,leave_region_out,Southern California
westcoast_0218,Southern California,2017,0,0.4121086474101232,trajectory_plus_oisst,leave_region_out,Southern California
westcoast_0220,Southern California,2017,0,0.3677809844797576,trajectory_plus_oisst,leave_region_out,Southern California
westcoast_0223,Southern California,2017,0,0.3824989604232313,trajectory_plus_oisst,leave_region_out,Southern California
westcoast_0224,Southern California,2017,0,0.3886374576644485,trajectory_plus_oisst,leave_region_out,Southern California
westcoast_0149,Southern California,2018,1,0.36745136515967164,current_only,leave_region_out,Southern California
westcoast_0150,Southern California,2018,1,0.5180660369519136,current_only,leave_region_out,Southern California
westcoast_0151,Southern California,2018,1,0.6715414569415585,current_only,leave_region_out,Southern California
westcoast_0152,Southern California,2018,1,0.38518050309127966,current_only,leave_region_out,Southern California
westcoast_0154,Southern California,2018,1,0.333966229617193,current_only,leave_region_out,Southern California
westcoast_0162,Southern California,2018,1,0.2426770307684248,current_only,leave_region_out,Southern California
westcoast_0163,Southern California,2018,1,0.23128285631043946,current_only,leave_region_out,Southern California
westcoast_0164,Southern California,2018,1,0.2325117058532996,current_only,leave_region_out,Southern California
westcoast_0165,Southern California,2018,1,0.2578459903103755,current_only,leave_region_out,Southern California
westcoast_0166,Southern California,2018,1,0.2718539869408637,current_only,leave_region_out,Southern California
westcoast_0167,Southern California,2018,0,0.22332026347609701,current_only,leave_region_out,Southern California
westcoast_0168,Southern California,2018,1,0.29918717254206584,current_only,leave_region_out,Southern California
westcoast_0170,Southern California,2018,1,0.8290660822782857,current_only,leave_region_out,Southern California
westcoast_0171,Southern California,2018,1,0.43914929935301333,current_only,leave_region_out,Southern California
westcoast_0172,Southern California,2018,1,0.5885566186709698,current_only,leave_region_out,Southern California
westcoast_0173,Southern California,2018,1,0.48999878530791696,current_only,leave_region_out,Southern California
westcoast_0175,Southern California,2018,1,0.7235791482849673,current_only,leave_region_out,Southern California
westcoast_0176,Southern California,2018,1,0.6456972995577374,current_only,leave_region_out,Southern California
westcoast_0177,Southern California,2018,1,0.3804401861603832,current_only,leave_region_out,Southern California
westcoast_0180,Southern California,2018,1,0.24274220071414218,current_only,leave_region_out,Southern California
westcoast_0181,Southern California,2018,1,0.21777708069176496,current_only,leave_region_out,Southern California
westcoast_0182,Southern California,2018,1,0.3162891435018487,current_only,leave_region_out,Southern California
westcoast_0183,Southern California,2018,0,0.334733897192484,current_only,leave_region_out,Southern California
westcoast_0184,Southern California,2018,1,0.8356530696058894,current_only,leave_region_out,Southern California
westcoast_0186,Southern California,2018,1,0.24731357737399332,current_only,leave_region_out,Southern California
westcoast_0187,Southern California,2018,1,0.5912498453576561,current_only,leave_region_out,Southern California
westcoast_0188,Southern California,2018,1,0.3342783578565943,current_only,leave_region_out,Southern California
westcoast_0192,Southern California,2018,1,0.4407300114339004,current_only,leave_region_out,Southern California
westcoast_0193,Southern California,2018,0,0.2892123857930506,current_only,leave_region_out,Southern California
westcoast_0195,Southern California,2018,1,0.36018829272790615,current_only,leave_region_out,Southern California
westcoast_0198,Southern California,2018,1,0.2595186745017514,current_only,leave_region_out,Southern California
westcoast_0203,Southern California,2018,1,0.42912181610137784,current_only,leave_region_out,Southern California
westcoast_0205,Southern California,2018,0,0.2805376143024284,current_only,leave_region_out,Southern California
westcoast_0206,Southern California,2018,0,0.3180243171160825,current_only,leave_region_out,Southern California
westcoast_0207,Southern California,2018,1,0.24138270543511398,current_only,leave_region_out,Southern California
westcoast_0212,Southern California,2018,1,0.29478240623426966,current_only,leave_region_out,Southern California
westcoast_0214,Southern California,2018,1,0.2882469079895807,current_only,leave_region_out,Southern California
westcoast_0217,Southern California,2018,1,0.26734783358352354,current_only,leave_region_out,Southern California
westcoast_0218,Southern California,2018,1,0.2542697992097876,current_only,leave_region_out,Southern California
westcoast_0220,Southern California,2018,1,0.3012289295739224,current_only,leave_region_out,Southern California
westcoast_0223,Southern California,2018,1,0.3106720951780384,current_only,leave_region_out,Southern California
westcoast_0224,Southern California,2018,1,0.23390221623769714,current_only,leave_region_out,Southern California
westcoast_0226,Southern California,2018,0,0.22713728734219887,current_only,leave_region_out,Southern California
westcoast_0227,Southern California,2018,0,0.27441650505359777,current_only,leave_region_out,Southern California
westcoast_0228,Southern California,2018,0,0.2190382988440721,current_only,leave_region_out,Southern California
westcoast_0149,Southern California,2018,1,0.35499870123453,current_plus_trajectory,leave_region_out,Southern California
westcoast_0150,Southern California,2018,1,0.6436319593401769,current_plus_trajectory,leave_region_out,Southern California
westcoast_0151,Southern California,2018,1,0.7552374689416955,current_plus_trajectory,leave_region_out,Southern California
westcoast_0152,Southern California,2018,1,0.508731978282342,current_plus_trajectory,leave_region_out,Southern California
westcoast_0154,Southern California,2018,1,0.346725858077728,current_plus_trajectory,leave_region_out,Southern California
westcoast_0162,Southern California,2018,1,0.21778551478286665,current_plus_trajectory,leave_region_out,Southern California
westcoast_0163,Southern California,2018,1,0.19741485880406848,current_plus_trajectory,leave_region_out,Southern California
westcoast_0164,Southern California,2018,1,0.2183136462871471,current_plus_trajectory,leave_region_out,Southern California
westcoast_0165,Southern California,2018,1,0.27424778827519153,current_plus_trajectory,leave_region_out,Southern California
westcoast_0166,Southern California,2018,1,0.3460250308467435,current_plus_trajectory,leave_region_out,Southern California
westcoast_0167,Southern California,2018,0,0.2067736661726184,current_plus_trajectory,leave_region_out,Southern California
westcoast_0168,Southern California,2018,1,0.3821609191390316,current_plus_trajectory,leave_region_out,Southern California
westcoast_0170,Southern California,2018,1,0.8675500715374317,current_plus_trajectory,leave_region_out,Southern California
westcoast_0171,Southern California,2018,1,0.5475544038107157,current_plus_trajectory,leave_region_out,Southern California
westcoast_0172,Southern California,2018,1,0.6967104900532609,current_plus_trajectory,leave_region_out,Southern California
westcoast_0173,Southern California,2018,1,0.5814314467046904,current_plus_trajectory,leave_region_out,Southern California
westcoast_0175,Southern California,2018,1,0.7553799683224666,current_plus_trajectory,leave_region_out,Southern California
westcoast_0176,Southern California,2018,1,0.741520597952813,current_plus_trajectory,leave_region_out,Southern California
westcoast_0177,Southern California,2018,1,0.5075795930972291,current_plus_trajectory,leave_region_out,Southern California
westcoast_0180,Southern California,2018,1,0.28143746795472563,current_plus_trajectory,leave_region_out,Southern California
westcoast_0181,Southern California,2018,1,0.2089292166810985,current_plus_trajectory,leave_region_out,Southern California
westcoast_0182,Southern California,2018,1,0.2214481368089081,current_plus_trajectory,leave_region_out,Southern California
westcoast_0183,Southern California,2018,0,0.34545789457086395,current_plus_trajectory,leave_region_out,Southern California
westcoast_0184,Southern California,2018,1,0.822988485682797,current_plus_trajectory,leave_region_out,Southern California
westcoast_0186,Southern California,2018,1,0.23957762235094443,current_plus_trajectory,leave_region_out,Southern California
westcoast_0187,Southern California,2018,1,0.5245986716959553,current_plus_trajectory,leave_region_out,Southern California
westcoast_0188,Southern California,2018,1,0.4336326079158869,current_plus_trajectory,leave_region_out,Southern California
westcoast_0192,Southern California,2018,1,0.5470432840354547,current_plus_trajectory,leave_region_out,Southern California
westcoast_0193,Southern California,2018,0,0.3014946343849539,current_plus_trajectory,leave_region_out,Southern California
westcoast_0195,Southern California,2018,1,0.4664459283468086,current_plus_trajectory,leave_region_out,Southern California
westcoast_0198,Southern California,2018,1,0.3746850694871706,current_plus_trajectory,leave_region_out,Southern California
westcoast_0203,Southern California,2018,1,0.5633473433843367,current_plus_trajectory,leave_region_out,Southern California
westcoast_0205,Southern California,2018,0,0.3344412896629745,current_plus_trajectory,leave_region_out,Southern California
westcoast_0206,Southern California,2018,0,0.3172489571930807,current_plus_trajectory,leave_region_out,Southern California
westcoast_0207,Southern California,2018,1,0.2795274509354521,current_plus_trajectory,leave_region_out,Southern California
westcoast_0212,Southern California,2018,1,0.3587987377122956,current_plus_trajectory,leave_region_out,Southern California
westcoast_0214,Southern California,2018,1,0.39480501156177383,current_plus_trajectory,leave_region_out,Southern California
westcoast_0217,Southern California,2018,1,0.3569089561140167,current_plus_trajectory,leave_region_out,Southern California
westcoast_0218,Southern California,2018,1,0.33662821520283326,current_plus_trajectory,leave_region_out,Southern California
westcoast_0220,Southern California,2018,1,0.40448851730797075,current_plus_trajectory,leave_region_out,Southern California
westcoast_0223,Southern California,2018,1,0.395160494068548,current_plus_trajectory,leave_region_out,Southern California
westcoast_0224,Southern California,2018,1,0.3280337921626025,current_plus_trajectory,leave_region_out,Southern California
westcoast_0226,Southern California,2018,0,0.2855635830232824,current_plus_trajectory,leave_region_out,Southern California
westcoast_0227,Southern California,2018,0,0.34618939221217404,current_plus_trajectory,leave_region_out,Southern California
westcoast_0228,Southern California,2018,0,0.13607143014940784,current_plus_trajectory,leave_region_out,Southern California
westcoast_0149,Southern California,2018,1,0.43652569977826566,trajectory_plus_oisst,leave_region_out,Southern California
westcoast_0150,Southern California,2018,1,0.6986427593017209,trajectory_plus_oisst,leave_region_out,Southern California
westcoast_0151,Southern California,2018,1,0.7998855843563065,trajectory_plus_oisst,leave_region_out,Southern California
westcoast_0152,Southern California,2018,1,0.5691494567251215,trajectory_plus_oisst,leave_region_out,Southern California
westcoast_0154,Southern California,2018,1,0.370347193103586,trajectory_plus_oisst,leave_region_out,Southern California
westcoast_0162,Southern California,2018,1,0.2694791746586794,trajectory_plus_oisst,leave_region_out,Southern California
westcoast_0163,Southern California,2018,1,0.24512126468064913,trajectory_plus_oisst,leave_region_out,Southern California
westcoast_0164,Southern California,2018,1,0.2720745300245975,trajectory_plus_oisst,leave_region_out,Southern California
westcoast_0165,Southern California,2018,1,0.3391022104250397,trajectory_plus_oisst,leave_region_out,Southern California
westcoast_0166,Southern California,2018,1,0.4243834550036869,trajectory_plus_oisst,leave_region_out,Southern California
westcoast_0167,Southern California,2018,0,0.23583291676552934,trajectory_plus_oisst,leave_region_out,Southern California
westcoast_0168,Southern California,2018,1,0.4327692694509967,trajectory_plus_oisst,leave_region_out,Southern California
westcoast_0170,Southern California,2018,1,0.8965583773955931,trajectory_plus_oisst,leave_region_out,Southern California
westcoast_0171,Southern California,2018,1,0.6082858141904661,trajectory_plus_oisst,leave_region_out,Southern California
westcoast_0172,Southern California,2018,1,0.7218500393836657,trajectory_plus_oisst,leave_region_out,Southern California
westcoast_0173,Southern California,2018,1,0.6081867726070318,trajectory_plus_oisst,leave_region_out,Southern California
westcoast_0175,Southern California,2018,1,0.7471014237861546,trajectory_plus_oisst,leave_region_out,Southern California
westcoast_0176,Southern California,2018,1,0.7319727482838033,trajectory_plus_oisst,leave_region_out,Southern California
westcoast_0177,Southern California,2018,1,0.4938450138104465,trajectory_plus_oisst,leave_region_out,Southern California
westcoast_0180,Southern California,2018,1,0.35570811792398366,trajectory_plus_oisst,leave_region_out,Southern California
westcoast_0181,Southern California,2018,1,0.2673038203707216,trajectory_plus_oisst,leave_region_out,Southern California
westcoast_0182,Southern California,2018,1,0.2663441080348134,trajectory_plus_oisst,leave_region_out,Southern California
westcoast_0183,Southern California,2018,0,0.4163326018168326,trajectory_plus_oisst,leave_region_out,Southern California
westcoast_0184,Southern California,2018,1,0.8719678812993074,trajectory_plus_oisst,leave_region_out,Southern California
westcoast_0186,Southern California,2018,1,0.225602728960431,trajectory_plus_oisst,leave_region_out,Southern California
westcoast_0187,Southern California,2018,1,0.5230969088536676,trajectory_plus_oisst,leave_region_out,Southern California
westcoast_0188,Southern California,2018,1,0.4388752489475106,trajectory_plus_oisst,leave_region_out,Southern California
westcoast_0192,Southern California,2018,1,0.5384960782384509,trajectory_plus_oisst,leave_region_out,Southern California
westcoast_0193,Southern California,2018,0,0.3075906037939146,trajectory_plus_oisst,leave_region_out,Southern California
westcoast_0195,Southern California,2018,1,0.483696198763624,trajectory_plus_oisst,leave_region_out,Southern California
westcoast_0198,Southern California,2018,1,0.35121367544286247,trajectory_plus_oisst,leave_region_out,Southern California
westcoast_0203,Southern California,2018,1,0.5407352291811298,trajectory_plus_oisst,leave_region_out,Southern California
westcoast_0205,Southern California,2018,0,0.372719724434331,trajectory_plus_oisst,leave_region_out,Southern California
westcoast_0206,Southern California,2018,0,0.35620902959113315,trajectory_plus_oisst,leave_region_out,Southern California
westcoast_0207,Southern California,2018,1,0.31425490582461935,trajectory_plus_oisst,leave_region_out,Southern California
westcoast_0212,Southern California,2018,1,0.4088605593092666,trajectory_plus_oisst,leave_region_out,Southern California
westcoast_0214,Southern California,2018,1,0.436980773615005,trajectory_plus_oisst,leave_region_out,Southern California
westcoast_0217,Southern California,2018,1,0.40899732136411404,trajectory_plus_oisst,leave_region_out,Southern California
westcoast_0218,Southern California,2018,1,0.3867193370614347,trajectory_plus_oisst,leave_region_out,Southern California
westcoast_0220,Southern California,2018,1,0.45965441843257693,trajectory_plus_oisst,leave_region_out,Southern California
westcoast_0223,Southern California,2018,1,0.44944613432123076,trajectory_plus_oisst,leave_region_out,Southern California
westcoast_0224,Southern California,2018,1,0.3839593104656885,trajectory_plus_oisst,leave_region_out,Southern California
westcoast_0226,Southern California,2018,0,0.24239992388510453,trajectory_plus_oisst,leave_region_out,Southern California
westcoast_0227,Southern California,2018,0,0.316360483451572,trajectory_plus_oisst,leave_region_out,Southern California
westcoast_0228,Southern California,2018,0,0.1082621048070533,trajectory_plus_oisst,leave_region_out,Southern California
westcoast_0150,Southern California,2019,0,0.2915256947207255,current_only,leave_region_out,Southern California
westcoast_0151,Southern California,2019,0,0.42078019345537376,current_only,leave_region_out,Southern California
westcoast_0152,Southern California,2019,0,0.2460951915315205,current_only,leave_region_out,Southern California
westcoast_0162,Southern California,2019,0,0.22881173195119592,current_only,leave_region_out,Southern California
westcoast_0165,Southern California,2019,0,0.22449343456219295,current_only,leave_region_out,Southern California
westcoast_0166,Southern California,2019,0,0.24029928332001868,current_only,leave_region_out,Southern California
westcoast_0167,Southern California,2019,1,0.23933208053970767,current_only,leave_region_out,Southern California
westcoast_0170,Southern California,2019,0,0.2856063401094685,current_only,leave_region_out,Southern California
westcoast_0171,Southern California,2019,0,0.21932400277516217,current_only,leave_region_out,Southern California
westcoast_0172,Southern California,2019,0,0.25530600707534934,current_only,leave_region_out,Southern California
westcoast_0173,Southern California,2019,0,0.25804139207382687,current_only,leave_region_out,Southern California
westcoast_0175,Southern California,2019,1,0.2603539293209791,current_only,leave_region_out,Southern California
westcoast_0176,Southern California,2019,1,0.250909418288924,current_only,leave_region_out,Southern California
westcoast_0177,Southern California,2019,1,0.24491373287069906,current_only,leave_region_out,Southern California
westcoast_0182,Southern California,2019,0,0.2560963181387055,current_only,leave_region_out,Southern California
westcoast_0183,Southern California,2019,1,0.34299344005606996,current_only,leave_region_out,Southern California
westcoast_0184,Southern California,2019,0,0.30899099384200124,current_only,leave_region_out,Southern California
westcoast_0187,Southern California,2019,0,0.34668147027499835,current_only,leave_region_out,Southern California
westcoast_0193,Southern California,2019,0,0.26945219012225724,current_only,leave_region_out,Southern California
westcoast_0195,Southern California,2019,0,0.2652465336946062,current_only,leave_region_out,Southern California
westcoast_0205,Southern California,2019,0,0.33356523318641246,current_only,leave_region_out,Southern California
westcoast_0206,Southern California,2019,0,0.33348013013384675,current_only,leave_region_out,Southern California
westcoast_0212,Southern California,2019,0,0.2498126115724962,current_only,leave_region_out,Southern California
westcoast_0226,Southern California,2019,1,0.2761746410455698,current_only,leave_region_out,Southern California
westcoast_0227,Southern California,2019,1,0.2922087584501676,current_only,leave_region_out,Southern California
westcoast_0228,Southern California,2019,1,0.34851803377427637,current_only,leave_region_out,Southern California
westcoast_0150,Southern California,2019,0,0.29461192597772956,current_plus_trajectory,leave_region_out,Southern California
westcoast_0151,Southern California,2019,0,0.4112926488772959,current_plus_trajectory,leave_region_out,Southern California
westcoast_0152,Southern California,2019,0,0.22878160150666124,current_plus_trajectory,leave_region_out,Southern California
westcoast_0162,Southern California,2019,0,0.19447163560063038,current_plus_trajectory,leave_region_out,Southern California
westcoast_0165,Southern California,2019,0,0.18950396465783648,current_plus_trajectory,leave_region_out,Southern California
westcoast_0166,Southern California,2019,0,0.22747809431745517,current_plus_trajectory,leave_region_out,Southern California
westcoast_0167,Southern California,2019,1,0.23352917522665342,current_plus_trajectory,leave_region_out,Southern California
westcoast_0170,Southern California,2019,0,0.29829617669267955,current_plus_trajectory,leave_region_out,Southern California
westcoast_0171,Southern California,2019,0,0.19086390163951517,current_plus_trajectory,leave_region_out,Southern California
westcoast_0172,Southern California,2019,0,0.2523982972413274,current_plus_trajectory,leave_region_out,Southern California
westcoast_0173,Southern California,2019,0,0.23161752887575904,current_plus_trajectory,leave_region_out,Southern California
westcoast_0175,Southern California,2019,1,0.25127675234706837,current_plus_trajectory,leave_region_out,Southern California
westcoast_0176,Southern California,2019,1,0.2708949600914199,current_plus_trajectory,leave_region_out,Southern California
westcoast_0177,Southern California,2019,1,0.23045425763334912,current_plus_trajectory,leave_region_out,Southern California
westcoast_0182,Southern California,2019,0,0.20648932537818168,current_plus_trajectory,leave_region_out,Southern California
westcoast_0183,Southern California,2019,1,0.30332839668063394,current_plus_trajectory,leave_region_out,Southern California
westcoast_0184,Southern California,2019,0,0.2460608655203644,current_plus_trajectory,leave_region_out,Southern California
westcoast_0187,Southern California,2019,0,0.27904843378234756,current_plus_trajectory,leave_region_out,Southern California
westcoast_0193,Southern California,2019,0,0.24250226933775493,current_plus_trajectory,leave_region_out,Southern California
westcoast_0195,Southern California,2019,0,0.24664018526940928,current_plus_trajectory,leave_region_out,Southern California
westcoast_0205,Southern California,2019,0,0.40471789589873697,current_plus_trajectory,leave_region_out,Southern California
westcoast_0206,Southern California,2019,0,0.3108089274364815,current_plus_trajectory,leave_region_out,Southern California
westcoast_0212,Southern California,2019,0,0.234467160851894,current_plus_trajectory,leave_region_out,Southern California
westcoast_0226,Southern California,2019,1,0.38980665709732787,current_plus_trajectory,leave_region_out,Southern California
westcoast_0227,Southern California,2019,1,0.4036537720162853,current_plus_trajectory,leave_region_out,Southern California
westcoast_0228,Southern California,2019,1,0.482017919303604,current_plus_trajectory,leave_region_out,Southern California
westcoast_0150,Southern California,2019,0,0.27668085653477087,trajectory_plus_oisst,leave_region_out,Southern California
westcoast_0151,Southern California,2019,0,0.39502789140182004,trajectory_plus_oisst,leave_region_out,Southern California
westcoast_0152,Southern California,2019,0,0.21364607148055473,trajectory_plus_oisst,leave_region_out,Southern California
westcoast_0162,Southern California,2019,0,0.200160331214876,trajectory_plus_oisst,leave_region_out,Southern California
westcoast_0165,Southern California,2019,0,0.18566992217437497,trajectory_plus_oisst,leave_region_out,Southern California
westcoast_0166,Southern California,2019,0,0.22463694400370693,trajectory_plus_oisst,leave_region_out,Southern California
westcoast_0167,Southern California,2019,1,0.22505476818310285,trajectory_plus_oisst,leave_region_out,Southern California
westcoast_0170,Southern California,2019,0,0.2471518614338542,trajectory_plus_oisst,leave_region_out,Southern California
westcoast_0171,Southern California,2019,0,0.1582766855708294,trajectory_plus_oisst,leave_region_out,Southern California
westcoast_0172,Southern California,2019,0,0.2290072436633157,trajectory_plus_oisst,leave_region_out,Southern California
westcoast_0173,Southern California,2019,0,0.2125573862068982,trajectory_plus_oisst,leave_region_out,Southern California
westcoast_0175,Southern California,2019,1,0.23943171415195677,trajectory_plus_oisst,leave_region_out,Southern California
westcoast_0176,Southern California,2019,1,0.2581163867335483,trajectory_plus_oisst,leave_region_out,Southern California
westcoast_0177,Southern California,2019,1,0.22684608279914023,trajectory_plus_oisst,leave_region_out,Southern California
westcoast_0182,Southern California,2019,0,0.18678889223449704,trajectory_plus_oisst,leave_region_out,Southern California
westcoast_0183,Southern California,2019,1,0.2838536708019848,trajectory_plus_oisst,leave_region_out,Southern California
westcoast_0184,Southern California,2019,0,0.21673676001909956,trajectory_plus_oisst,leave_region_out,Southern California
westcoast_0187,Southern California,2019,0,0.2941264759881841,trajectory_plus_oisst,leave_region_out,Southern California
westcoast_0193,Southern California,2019,0,0.2328580985414664,trajectory_plus_oisst,leave_region_out,Southern California
westcoast_0195,Southern California,2019,0,0.26034756396128295,trajectory_plus_oisst,leave_region_out,Southern California
westcoast_0205,Southern California,2019,0,0.4262883476250483,trajectory_plus_oisst,leave_region_out,Southern California
westcoast_0206,Southern California,2019,0,0.32516800140321167,trajectory_plus_oisst,leave_region_out,Southern California
westcoast_0212,Southern California,2019,0,0.22657987862920612,trajectory_plus_oisst,leave_region_out,Southern California
westcoast_0226,Southern California,2019,1,0.4039219178091784,trajectory_plus_oisst,leave_region_out,Southern California
westcoast_0227,Southern California,2019,1,0.42086384069623706,trajectory_plus_oisst,leave_region_out,Southern California
westcoast_0228,Southern California,2019,1,0.49898459994672195,trajectory_plus_oisst,leave_region_out,Southern California
westcoast_0149,Southern California,2020,0,0.2570440525356505,current_only,leave_region_out,Southern California
westcoast_0150,Southern California,2020,0,0.3996787007942559,current_only,leave_region_out,Southern California
westcoast_0151,Southern California,2020,0,0.47485601606834255,current_only,leave_region_out,Southern California
westcoast_0152,Southern California,2020,0,0.34239954077055723,current_only,leave_region_out,Southern California
westcoast_0162,Southern California,2020,1,0.23252707399586925,current_only,leave_region_out,Southern California
westcoast_0164,Southern California,2020,1,0.23676102756275857,current_only,leave_region_out,Southern California
westcoast_0165,Southern California,2020,0,0.2423589950443891,current_only,leave_region_out,Southern California
westcoast_0166,Southern California,2020,0,0.25325026727327776,current_only,leave_region_out,Southern California
westcoast_0167,Southern California,2020,1,0.2227756679119078,current_only,leave_region_out,Southern California
westcoast_0168,Southern California,2020,1,0.2567996942733607,current_only,leave_region_out,Southern California
westcoast_0170,Southern California,2020,0,0.4044679462809788,current_only,leave_region_out,Southern California
westcoast_0171,Southern California,2020,0,0.2687057653684673,current_only,leave_region_out,Southern California
westcoast_0172,Southern California,2020,0,0.2672620696068692,current_only,leave_region_out,Southern California
westcoast_0173,Southern California,2020,0,0.3457599178758342,current_only,leave_region_out,Southern California
westcoast_0175,Southern California,2020,0,0.22554725294700856,current_only,leave_region_out,Southern California
westcoast_0176,Southern California,2020,0,0.21657643491842757,current_only,leave_region_out,Southern California
westcoast_0180,Southern California,2020,1,0.2693896868560618,current_only,leave_region_out,Southern California
westcoast_0181,Southern California,2020,0,0.21785869284407505,current_only,leave_region_out,Southern California
westcoast_0182,Southern California,2020,1,0.3829210389918592,current_only,leave_region_out,Southern California
westcoast_0183,Southern California,2020,0,0.28404678820126955,current_only,leave_region_out,Southern California
westcoast_0184,Southern California,2020,0,0.5818203838503133,current_only,leave_region_out,Southern California
westcoast_0186,Southern California,2020,1,0.2374825581606306,current_only,leave_region_out,Southern California
westcoast_0187,Southern California,2020,1,0.5690243796817676,current_only,leave_region_out,Southern California
westcoast_0188,Southern California,2020,0,0.3778418495538326,current_only,leave_region_out,Southern California
westcoast_0192,Southern California,2020,0,0.2293868584333933,current_only,leave_region_out,Southern California
westcoast_0193,Southern California,2020,0,0.25892826667079266,current_only,leave_region_out,Southern California
westcoast_0195,Southern California,2020,0,0.31391349757683745,current_only,leave_region_out,Southern California
westcoast_0205,Southern California,2020,1,0.3370889194694487,current_only,leave_region_out,Southern California
westcoast_0206,Southern California,2020,1,0.299373521032641,current_only,leave_region_out,Southern California
westcoast_0212,Southern California,2020,1,0.28650485347970706,current_only,leave_region_out,Southern California
westcoast_0214,Southern California,2020,0,0.27956117180657675,current_only,leave_region_out,Southern California
westcoast_0217,Southern California,2020,0,0.36844568443537185,current_only,leave_region_out,Southern California
westcoast_0218,Southern California,2020,0,0.31369045613999047,current_only,leave_region_out,Southern California
westcoast_0220,Southern California,2020,0,0.3013289830562264,current_only,leave_region_out,Southern California
westcoast_0223,Southern California,2020,0,0.29850164603141016,current_only,leave_region_out,Southern California
westcoast_0224,Southern California,2020,0,0.26499739770296754,current_only,leave_region_out,Southern California
westcoast_0226,Southern California,2020,0,0.23092132139827717,current_only,leave_region_out,Southern California
westcoast_0227,Southern California,2020,1,0.24289104859990765,current_only,leave_region_out,Southern California
westcoast_0228,Southern California,2020,1,0.28313220040037534,current_only,leave_region_out,Southern California
westcoast_0149,Southern California,2020,0,0.2519268137826348,current_plus_trajectory,leave_region_out,Southern California
westcoast_0150,Southern California,2020,0,0.4229733767538511,current_plus_trajectory,leave_region_out,Southern California
westcoast_0151,Southern California,2020,0,0.43309770208504883,current_plus_trajectory,leave_region_out,Southern California
westcoast_0152,Southern California,2020,0,0.39648654314812226,current_plus_trajectory,leave_region_out,Southern California
westcoast_0162,Southern California,2020,1,0.25160279694865756,current_plus_trajectory,leave_region_out,Southern California
westcoast_0164,Southern California,2020,1,0.33742006951092357,current_plus_trajectory,leave_region_out,Southern California
westcoast_0165,Southern California,2020,0,0.25742802576883145,current_plus_trajectory,leave_region_out,Southern California
westcoast_0166,Southern California,2020,0,0.2778088661809446,current_plus_trajectory,leave_region_out,Southern California
westcoast_0167,Southern California,2020,1,0.23039051471698493,current_plus_trajectory,leave_region_out,Southern California
westcoast_0168,Southern California,2020,1,0.26497192690438603,current_plus_trajectory,leave_region_out,Southern California
westcoast_0170,Southern California,2020,0,0.445943284501637,current_plus_trajectory,leave_region_out,Southern California
westcoast_0171,Southern California,2020,0,0.2674147218403041,current_plus_trajectory,leave_region_out,Southern California
westcoast_0172,Southern California,2020,0,0.2797191048311866,current_plus_trajectory,leave_region_out,Southern California
westcoast_0173,Southern California,2020,0,0.34295397028573193,current_plus_trajectory,leave_region_out,Southern California
westcoast_0175,Southern California,2020,0,0.251073263758779,current_plus_trajectory,leave_region_out,Southern California
westcoast_0176,Southern California,2020,0,0.26033617919832497,current_plus_trajectory,leave_region_out,Southern California
westcoast_0180,Southern California,2020,1,0.3717449845841048,current_plus_trajectory,leave_region_out,Southern California
westcoast_0181,Southern California,2020,0,0.2920786717774282,current_plus_trajectory,leave_region_out,Southern California
westcoast_0182,Southern California,2020,1,0.3962907156219427,current_plus_trajectory,leave_region_out,Southern California
westcoast_0183,Southern California,2020,0,0.2636700898838493,current_plus_trajectory,leave_region_out,Southern California
westcoast_0184,Southern California,2020,0,0.579287589896443,current_plus_trajectory,leave_region_out,Southern California
westcoast_0186,Southern California,2020,1,0.2713679617260103,current_plus_trajectory,leave_region_out,Southern California
westcoast_0187,Southern California,2020,1,0.5261969159572103,current_plus_trajectory,leave_region_out,Southern California
westcoast_0188,Southern California,2020,0,0.5071213476968702,current_plus_trajectory,leave_region_out,Southern California
westcoast_0192,Southern California,2020,0,0.20124439513885403,current_plus_trajectory,leave_region_out,Southern California
westcoast_0193,Southern California,2020,0,0.23956618564123935,current_plus_trajectory,leave_region_out,Southern California
westcoast_0195,Southern California,2020,0,0.31380510369312375,current_plus_trajectory,leave_region_out,Southern California
westcoast_0205,Southern California,2020,1,0.395258471258321,current_plus_trajectory,leave_region_out,Southern California
westcoast_0206,Southern California,2020,1,0.28505189037662465,current_plus_trajectory,leave_region_out,Southern California
westcoast_0212,Southern California,2020,1,0.3415215455968686,current_plus_trajectory,leave_region_out,Southern California
westcoast_0214,Southern California,2020,0,0.3561422988130393,current_plus_trajectory,leave_region_out,Southern California
westcoast_0217,Southern California,2020,0,0.4732134666896383,current_plus_trajectory,leave_region_out,Southern California
westcoast_0218,Southern California,2020,0,0.42244995960024034,current_plus_trajectory,leave_region_out,Southern California
westcoast_0220,Southern California,2020,0,0.41033647777631743,current_plus_trajectory,leave_region_out,Southern California
westcoast_0223,Southern California,2020,0,0.3768153082323426,current_plus_trajectory,leave_region_out,Southern California
westcoast_0224,Southern California,2020,0,0.37877411540886646,current_plus_trajectory,leave_region_out,Southern California
westcoast_0226,Southern California,2020,0,0.22265433497263554,current_plus_trajectory,leave_region_out,Southern California
westcoast_0227,Southern California,2020,1,0.23991899432953784,current_plus_trajectory,leave_region_out,Southern California
westcoast_0228,Southern California,2020,1,0.30908466915095184,current_plus_trajectory,leave_region_out,Southern California
westcoast_0149,Southern California,2020,0,0.3284168879361449,trajectory_plus_oisst,leave_region_out,Southern California
westcoast_0150,Southern California,2020,0,0.47572883010112543,trajectory_plus_oisst,leave_region_out,Southern California
westcoast_0151,Southern California,2020,0,0.4873417799261619,trajectory_plus_oisst,leave_region_out,Southern California
westcoast_0152,Southern California,2020,0,0.447030402203661,trajectory_plus_oisst,leave_region_out,Southern California
westcoast_0162,Southern California,2020,1,0.3182594772026485,trajectory_plus_oisst,leave_region_out,Southern California
westcoast_0164,Southern California,2020,1,0.4158218642497265,trajectory_plus_oisst,leave_region_out,Southern California
westcoast_0165,Southern California,2020,0,0.3003998953797942,trajectory_plus_oisst,leave_region_out,Southern California
westcoast_0166,Southern California,2020,0,0.32633149301649866,trajectory_plus_oisst,leave_region_out,Southern California
westcoast_0167,Southern California,2020,1,0.253137300249709,trajectory_plus_oisst,leave_region_out,Southern California
westcoast_0168,Southern California,2020,1,0.288269922498856,trajectory_plus_oisst,leave_region_out,Southern California
westcoast_0170,Southern California,2020,0,0.48673811928456123,trajectory_plus_oisst,leave_region_out,Southern California
westcoast_0171,Southern California,2020,0,0.3092893967013687,trajectory_plus_oisst,leave_region_out,Southern California
westcoast_0172,Southern California,2020,0,0.3402476461464141,trajectory_plus_oisst,leave_region_out,Southern California
westcoast_0173,Southern California,2020,0,0.415797871699247,trajectory_plus_oisst,leave_region_out,Southern California
westcoast_0175,Southern California,2020,0,0.29627506591105446,trajectory_plus_oisst,leave_region_out,Southern California
westcoast_0176,Southern California,2020,0,0.3170704736492236,trajectory_plus_oisst,leave_region_out,Southern California
westcoast_0180,Southern California,2020,1,0.4367204025080004,trajectory_plus_oisst,leave_region_out,Southern California
westcoast_0181,Southern California,2020,0,0.3521538908175258,trajectory_plus_oisst,leave_region_out,Southern California
westcoast_0182,Southern California,2020,1,0.4810478608852981,trajectory_plus_oisst,leave_region_out,Southern California
westcoast_0183,Southern California,2020,0,0.34396947051496246,trajectory_plus_oisst,leave_region_out,Southern California
westcoast_0184,Southern California,2020,0,0.6589664401357141,trajectory_plus_oisst,leave_region_out,Southern California
westcoast_0186,Southern California,2020,1,0.34227993061979006,trajectory_plus_oisst,leave_region_out,Southern California
westcoast_0187,Southern California,2020,1,0.6274105268548252,trajectory_plus_oisst,leave_region_out,Southern California
westcoast_0188,Southern California,2020,0,0.6146161984352638,trajectory_plus_oisst,leave_region_out,Southern California
westcoast_0192,Southern California,2020,0,0.2699041899583663,trajectory_plus_oisst,leave_region_out,Southern California
westcoast_0193,Southern California,2020,0,0.3043049521449981,trajectory_plus_oisst,leave_region_out,Southern California
westcoast_0195,Southern California,2020,0,0.3846319541043937,trajectory_plus_oisst,leave_region_out,Southern California
westcoast_0205,Southern California,2020,1,0.4915262272530971,trajectory_plus_oisst,leave_region_out,Southern California
westcoast_0206,Southern California,2020,1,0.3650659074704203,trajectory_plus_oisst,leave_region_out,Southern California
westcoast_0212,Southern California,2020,1,0.4173036126262011,trajectory_plus_oisst,leave_region_out,Southern California
westcoast_0214,Southern California,2020,0,0.43130390153089354,trajectory_plus_oisst,leave_region_out,Southern California
westcoast_0217,Southern California,2020,0,0.5380223785642697,trajectory_plus_oisst,leave_region_out,Southern California
westcoast_0218,Southern California,2020,0,0.48614213594363825,trajectory_plus_oisst,leave_region_out,Southern California
westcoast_0220,Southern California,2020,0,0.47523440455647165,trajectory_plus_oisst,leave_region_out,Southern California
westcoast_0223,Southern California,2020,0,0.4391070391694564,trajectory_plus_oisst,leave_region_out,Southern California
westcoast_0224,Southern California,2020,0,0.4287033087765619,trajectory_plus_oisst,leave_region_out,Southern California
westcoast_0226,Southern California,2020,0,0.27371652171591243,trajectory_plus_oisst,leave_region_out,Southern California
westcoast_0227,Southern California,2020,1,0.3375875250659167,trajectory_plus_oisst,leave_region_out,Southern California
westcoast_0228,Southern California,2020,1,0.41952504171992355,trajectory_plus_oisst,leave_region_out,Southern California
westcoast_0149,Southern California,2021,0,0.2561989918479479,current_only,leave_region_out,Southern California
westcoast_0150,Southern California,2021,1,0.5787676777589956,current_only,leave_region_out,Southern California
westcoast_0151,Southern California,2021,0,0.6355973153705199,current_only,leave_region_out,Southern California
westcoast_0152,Southern California,2021,1,0.46956793498853094,current_only,leave_region_out,Southern California
westcoast_0154,Southern California,2021,0,0.35281244842609266,current_only,leave_region_out,Southern California
westcoast_0162,Southern California,2021,0,0.21858451889061137,current_only,leave_region_out,Southern California
westcoast_0165,Southern California,2021,0,0.23386156635252117,current_only,leave_region_out,Southern California
westcoast_0166,Southern California,2021,0,0.2576389756702542,current_only,leave_region_out,Southern California
westcoast_0167,Southern California,2021,0,0.21758155666801599,current_only,leave_region_out,Southern California
westcoast_0168,Southern California,2021,0,0.2244466797245836,current_only,leave_region_out,Southern California
westcoast_0170,Southern California,2021,0,0.3845092291751593,current_only,leave_region_out,Southern California
westcoast_0171,Southern California,2021,0,0.31955904356631387,current_only,leave_region_out,Southern California
westcoast_0172,Southern California,2021,0,0.313427246416502,current_only,leave_region_out,Southern California
westcoast_0173,Southern California,2021,0,0.4293263678383908,current_only,leave_region_out,Southern California
westcoast_0175,Southern California,2021,0,0.28919893982160816,current_only,leave_region_out,Southern California
westcoast_0176,Southern California,2021,0,0.2463785702981584,current_only,leave_region_out,Southern California
westcoast_0180,Southern California,2021,1,0.24253861701726032,current_only,leave_region_out,Southern California
westcoast_0181,Southern California,2021,0,0.22758779854792074,current_only,leave_region_out,Southern California
westcoast_0182,Southern California,2021,0,0.2823990191157965,current_only,leave_region_out,Southern California
westcoast_0183,Southern California,2021,0,0.2935811952164879,current_only,leave_region_out,Southern California
westcoast_0184,Southern California,2021,0,0.6119837739226718,current_only,leave_region_out,Southern California
westcoast_0186,Southern California,2021,0,0.22215795532709728,current_only,leave_region_out,Southern California
westcoast_0187,Southern California,2021,0,0.37560277622094934,current_only,leave_region_out,Southern California
westcoast_0188,Southern California,2021,1,0.3522920459368653,current_only,leave_region_out,Southern California
westcoast_0192,Southern California,2021,0,0.228413426962523,current_only,leave_region_out,Southern California
westcoast_0193,Southern California,2021,0,0.25573018017058663,current_only,leave_region_out,Southern California
westcoast_0195,Southern California,2021,0,0.4571997478655622,current_only,leave_region_out,Southern California
westcoast_0205,Southern California,2021,0,0.21803765815873313,current_only,leave_region_out,Southern California
westcoast_0206,Southern California,2021,0,0.26862019420933003,current_only,leave_region_out,Southern California
westcoast_0207,Southern California,2021,1,0.29389334225194275,current_only,leave_region_out,Southern California
westcoast_0210,Southern California,2021,1,0.2232884344625565,current_only,leave_region_out,Southern California
westcoast_0212,Southern California,2021,0,0.25092177806571925,current_only,leave_region_out,Southern California
westcoast_0214,Southern California,2021,1,0.5745871365461116,current_only,leave_region_out,Southern California
westcoast_0217,Southern California,2021,1,0.6829558158096314,current_only,leave_region_out,Southern California
westcoast_0218,Southern California,2021,1,0.6619646823393027,current_only,leave_region_out,Southern California
westcoast_0220,Southern California,2021,1,0.5598249858923315,current_only,leave_region_out,Southern California
westcoast_0223,Southern California,2021,1,0.5416186763101423,current_only,leave_region_out,Southern California
westcoast_0224,Southern California,2021,1,0.392668082458297,current_only,leave_region_out,Southern California
westcoast_0226,Southern California,2021,0,0.2436318154501199,current_only,leave_region_out,Southern California
westcoast_0227,Southern California,2021,0,0.22424111903501817,current_only,leave_region_out,Southern California
westcoast_0149,Southern California,2021,0,0.3188228381785193,current_plus_trajectory,leave_region_out,Southern California
westcoast_0150,Southern California,2021,1,0.5651810714361272,current_plus_trajectory,leave_region_out,Southern California
westcoast_0151,Southern California,2021,0,0.5263568431073014,current_plus_trajectory,leave_region_out,Southern California
westcoast_0152,Southern California,2021,1,0.5169706698152577,current_plus_trajectory,leave_region_out,Southern California
westcoast_0154,Southern California,2021,0,0.4606341533452906,current_plus_trajectory,leave_region_out,Southern California
westcoast_0162,Southern California,2021,0,0.21083215815912493,current_plus_trajectory,leave_region_out,Southern California
westcoast_0165,Southern California,2021,0,0.26859617677420344,current_plus_trajectory,leave_region_out,Southern California
westcoast_0166,Southern California,2021,0,0.3383609797556251,current_plus_trajectory,leave_region_out,Southern California
westcoast_0167,Southern California,2021,0,0.20334488012710625,current_plus_trajectory,leave_region_out,Southern California
westcoast_0168,Southern California,2021,0,0.19468866860019443,current_plus_trajectory,leave_region_out,Southern California
westcoast_0170,Southern California,2021,0,0.28883964147547936,current_plus_trajectory,leave_region_out,Southern California
westcoast_0171,Southern California,2021,0,0.3755361461484095,current_plus_trajectory,leave_region_out,Southern California
westcoast_0172,Southern California,2021,0,0.3215951882545523,current_plus_trajectory,leave_region_out,Southern California
westcoast_0173,Southern California,2021,0,0.44614308540952075,current_plus_trajectory,leave_region_out,Southern California
westcoast_0175,Southern California,2021,0,0.28428556484243844,current_plus_trajectory,leave_region_out,Southern California
westcoast_0176,Southern California,2021,0,0.24846018136849893,current_plus_trajectory,leave_region_out,Southern California
westcoast_0180,Southern California,2021,1,0.2581831202187627,current_plus_trajectory,leave_region_out,Southern California
westcoast_0181,Southern California,2021,0,0.3389420525064931,current_plus_trajectory,leave_region_out,Southern California
westcoast_0182,Southern California,2021,0,0.2519833398078649,current_plus_trajectory,leave_region_out,Southern California
westcoast_0183,Southern California,2021,0,0.28151245136198083,current_plus_trajectory,leave_region_out,Southern California
westcoast_0184,Southern California,2021,0,0.49072756449744953,current_plus_trajectory,leave_region_out,Southern California
westcoast_0186,Southern California,2021,0,0.2218164656517614,current_plus_trajectory,leave_region_out,Southern California
westcoast_0187,Southern California,2021,0,0.266178662042611,current_plus_trajectory,leave_region_out,Southern California
westcoast_0188,Southern California,2021,1,0.40430268561302457,current_plus_trajectory,leave_region_out,Southern California
westcoast_0192,Southern California,2021,0,0.2583374451255866,current_plus_trajectory,leave_region_out,Southern California
westcoast_0193,Southern California,2021,0,0.28464514221642584,current_plus_trajectory,leave_region_out,Southern California
westcoast_0195,Southern California,2021,0,0.5071984267590834,current_plus_trajectory,leave_region_out,Southern California
westcoast_0205,Southern California,2021,0,0.1654785100742909,current_plus_trajectory,leave_region_out,Southern California
westcoast_0206,Southern California,2021,0,0.24046038221974572,current_plus_trajectory,leave_region_out,Southern California
westcoast_0207,Southern California,2021,1,0.41531542928188864,current_plus_trajectory,leave_region_out,Southern California
westcoast_0210,Southern California,2021,1,0.34143537922282646,current_plus_trajectory,leave_region_out,Southern California
westcoast_0212,Southern California,2021,0,0.24105360975417606,current_plus_trajectory,leave_region_out,Southern California
westcoast_0214,Southern California,2021,1,0.6736554716119857,current_plus_trajectory,leave_region_out,Southern California
westcoast_0217,Southern California,2021,1,0.7555798301274538,current_plus_trajectory,leave_region_out,Southern California
westcoast_0218,Southern California,2021,1,0.7521467353454291,current_plus_trajectory,leave_region_out,Southern California
westcoast_0220,Southern California,2021,1,0.6505247718559455,current_plus_trajectory,leave_region_out,Southern California
westcoast_0223,Southern California,2021,1,0.6293309547783938,current_plus_trajectory,leave_region_out,Southern California
westcoast_0224,Southern California,2021,1,0.5120346892966949,current_plus_trajectory,leave_region_out,Southern California
westcoast_0226,Southern California,2021,0,0.25670164806899126,current_plus_trajectory,leave_region_out,Southern California
westcoast_0227,Southern California,2021,0,0.18206709365553658,current_plus_trajectory,leave_region_out,Southern California
westcoast_0149,Southern California,2021,0,0.2625213928011532,trajectory_plus_oisst,leave_region_out,Southern California
westcoast_0150,Southern California,2021,1,0.4931867528934086,trajectory_plus_oisst,leave_region_out,Southern California
westcoast_0151,Southern California,2021,0,0.4559044621203009,trajectory_plus_oisst,leave_region_out,Southern California
westcoast_0152,Southern California,2021,1,0.44650306766950154,trajectory_plus_oisst,leave_region_out,Southern California
westcoast_0154,Southern California,2021,0,0.4247015183261675,trajectory_plus_oisst,leave_region_out,Southern California
westcoast_0162,Southern California,2021,0,0.16173100190412645,trajectory_plus_oisst,leave_region_out,Southern California
westcoast_0165,Southern California,2021,0,0.20551204742171664,trajectory_plus_oisst,leave_region_out,Southern California
westcoast_0166,Southern California,2021,0,0.26592412639616414,trajectory_plus_oisst,leave_region_out,Southern California
westcoast_0167,Southern California,2021,0,0.16908744409770626,trajectory_plus_oisst,leave_region_out,Southern California
westcoast_0168,Southern California,2021,0,0.15892510584770542,trajectory_plus_oisst,leave_region_out,Southern California
westcoast_0170,Southern California,2021,0,0.25535568756078764,trajectory_plus_oisst,leave_region_out,Southern California
westcoast_0171,Southern California,2021,0,0.3499002787335455,trajectory_plus_oisst,leave_region_out,Southern California
westcoast_0172,Southern California,2021,0,0.34619649989617524,trajectory_plus_oisst,leave_region_out,Southern California
westcoast_0173,Southern California,2021,0,0.4805687046027208,trajectory_plus_oisst,leave_region_out,Southern California
westcoast_0175,Southern California,2021,0,0.2611358881854429,trajectory_plus_oisst,leave_region_out,Southern California
westcoast_0176,Southern California,2021,0,0.22917331206842553,trajectory_plus_oisst,leave_region_out,Southern California
westcoast_0180,Southern California,2021,1,0.24490828834351283,trajectory_plus_oisst,leave_region_out,Southern California
westcoast_0181,Southern California,2021,0,0.3246023595486125,trajectory_plus_oisst,leave_region_out,Southern California
westcoast_0182,Southern California,2021,0,0.2174009125002465,trajectory_plus_oisst,leave_region_out,Southern California
westcoast_0183,Southern California,2021,0,0.24600438017629192,trajectory_plus_oisst,leave_region_out,Southern California
westcoast_0184,Southern California,2021,0,0.42807224512684955,trajectory_plus_oisst,leave_region_out,Southern California
westcoast_0186,Southern California,2021,0,0.2062329530604618,trajectory_plus_oisst,leave_region_out,Southern California
westcoast_0187,Southern California,2021,0,0.25236785510573606,trajectory_plus_oisst,leave_region_out,Southern California
westcoast_0188,Southern California,2021,1,0.3941813678504353,trajectory_plus_oisst,leave_region_out,Southern California
westcoast_0192,Southern California,2021,0,0.2388642096583889,trajectory_plus_oisst,leave_region_out,Southern California
westcoast_0193,Southern California,2021,0,0.2872452619081527,trajectory_plus_oisst,leave_region_out,Southern California
westcoast_0195,Southern California,2021,0,0.5055245105825319,trajectory_plus_oisst,leave_region_out,Southern California
westcoast_0205,Southern California,2021,0,0.16503063779369118,trajectory_plus_oisst,leave_region_out,Southern California
westcoast_0206,Southern California,2021,0,0.24383557804120248,trajectory_plus_oisst,leave_region_out,Southern California
westcoast_0207,Southern California,2021,1,0.4139092998432157,trajectory_plus_oisst,leave_region_out,Southern California
westcoast_0210,Southern California,2021,1,0.34057618177489996,trajectory_plus_oisst,leave_region_out,Southern California
westcoast_0212,Southern California,2021,0,0.26208310454305306,trajectory_plus_oisst,leave_region_out,Southern California
westcoast_0214,Southern California,2021,1,0.7063659565605512,trajectory_plus_oisst,leave_region_out,Southern California
westcoast_0217,Southern California,2021,1,0.7792283604114082,trajectory_plus_oisst,leave_region_out,Southern California
westcoast_0218,Southern California,2021,1,0.7749634914257311,trajectory_plus_oisst,leave_region_out,Southern California
westcoast_0220,Southern California,2021,1,0.6764011148320971,trajectory_plus_oisst,leave_region_out,Southern California
westcoast_0223,Southern California,2021,1,0.6557480837341085,trajectory_plus_oisst,leave_region_out,Southern California
westcoast_0224,Southern California,2021,1,0.5456907771475092,trajectory_plus_oisst,leave_region_out,Southern California
westcoast_0226,Southern California,2021,0,0.262033747756517,trajectory_plus_oisst,leave_region_out,Southern California
westcoast_0227,Southern California,2021,0,0.16875412860530406,trajectory_plus_oisst,leave_region_out,Southern California
westcoast_0149,Southern California,2022,1,0.25833512373728706,current_only,leave_region_out,Southern California
westcoast_0150,Southern California,2022,1,0.3264253761542172,current_only,leave_region_out,Southern California
westcoast_0151,Southern California,2022,1,0.5328164464184556,current_only,leave_region_out,Southern California
westcoast_0152,Southern California,2022,1,0.3147818738689993,current_only,leave_region_out,Southern California
westcoast_0154,Southern California,2022,1,0.34594827219736934,current_only,leave_region_out,Southern California
westcoast_0162,Southern California,2022,0,0.2350862627477905,current_only,leave_region_out,Southern California
westcoast_0164,Southern California,2022,1,0.22671990530009253,current_only,leave_region_out,Southern California
westcoast_0165,Southern California,2022,1,0.23576803572259092,current_only,leave_region_out,Southern California
westcoast_0166,Southern California,2022,1,0.3253760167619413,current_only,leave_region_out,Southern California
westcoast_0167,Southern California,2022,1,0.24446647936632088,current_only,leave_region_out,Southern California
westcoast_0168,Southern California,2022,1,0.2499982620509007,current_only,leave_region_out,Southern California
westcoast_0170,Southern California,2022,1,0.3653661192432392,current_only,leave_region_out,Southern California
westcoast_0171,Southern California,2022,1,0.3203850295830726,current_only,leave_region_out,Southern California
westcoast_0172,Southern California,2022,0,0.35774968752962794,current_only,leave_region_out,Southern California
westcoast_0173,Southern California,2022,1,0.6401321077782028,current_only,leave_region_out,Southern California
westcoast_0175,Southern California,2022,1,0.2727903415407482,current_only,leave_region_out,Southern California
westcoast_0176,Southern California,2022,1,0.24497922195210728,current_only,leave_region_out,Southern California
westcoast_0180,Southern California,2022,0,0.23092648607194333,current_only,leave_region_out,Southern California
westcoast_0181,Southern California,2022,1,0.2566954682657978,current_only,leave_region_out,Southern California
westcoast_0182,Southern California,2022,1,0.6052010782599002,current_only,leave_region_out,Southern California
westcoast_0183,Southern California,2022,1,0.3436679280159182,current_only,leave_region_out,Southern California
westcoast_0184,Southern California,2022,1,0.5874031150199392,current_only,leave_region_out,Southern California
westcoast_0186,Southern California,2022,0,0.32217082608489345,current_only,leave_region_out,Southern California
westcoast_0187,Southern California,2022,0,0.5146242920038374,current_only,leave_region_out,Southern California
westcoast_0188,Southern California,2022,1,0.2558991822378434,current_only,leave_region_out,Southern California
westcoast_0192,Southern California,2022,0,0.25180319953925895,current_only,leave_region_out,Southern California
westcoast_0193,Southern California,2022,0,0.294908493875982,current_only,leave_region_out,Southern California
westcoast_0195,Southern California,2022,0,0.5105947493569708,current_only,leave_region_out,Southern California
westcoast_0205,Southern California,2022,1,0.29592918925550865,current_only,leave_region_out,Southern California
westcoast_0206,Southern California,2022,0,0.27358963240331835,current_only,leave_region_out,Southern California
westcoast_0207,Southern California,2022,1,0.22721903932734167,current_only,leave_region_out,Southern California
westcoast_0212,Southern California,2022,1,0.48743920278860514,current_only,leave_region_out,Southern California
westcoast_0214,Southern California,2022,0,0.28765587860812064,current_only,leave_region_out,Southern California
westcoast_0217,Southern California,2022,0,0.27350832746387993,current_only,leave_region_out,Southern California
westcoast_0218,Southern California,2022,1,0.3317060572424171,current_only,leave_region_out,Southern California
westcoast_0220,Southern California,2022,0,0.26334827830005986,current_only,leave_region_out,Southern California
westcoast_0223,Southern California,2022,0,0.2967380015112739,current_only,leave_region_out,Southern California
westcoast_0224,Southern California,2022,0,0.24783846347337274,current_only,leave_region_out,Southern California
westcoast_0226,Southern California,2022,1,0.23509199948143078,current_only,leave_region_out,Southern California
westcoast_0227,Southern California,2022,1,0.23555667481647502,current_only,leave_region_out,Southern California
westcoast_0228,Southern California,2022,1,0.23987241987989685,current_only,leave_region_out,Southern California
westcoast_0149,Southern California,2022,1,0.3485723449256212,current_plus_trajectory,leave_region_out,Southern California
westcoast_0150,Southern California,2022,1,0.2730364648952122,current_plus_trajectory,leave_region_out,Southern California
westcoast_0151,Southern California,2022,1,0.4261507209377306,current_plus_trajectory,leave_region_out,Southern California
westcoast_0152,Southern California,2022,1,0.2833496437420288,current_plus_trajectory,leave_region_out,Southern California
westcoast_0154,Southern California,2022,1,0.46397294451182325,current_plus_trajectory,leave_region_out,Southern California
westcoast_0162,Southern California,2022,0,0.3248218207580856,current_plus_trajectory,leave_region_out,Southern California
westcoast_0164,Southern California,2022,1,0.24897498961457054,current_plus_trajectory,leave_region_out,Southern California
westcoast_0165,Southern California,2022,1,0.2778859764882218,current_plus_trajectory,leave_region_out,Southern California
westcoast_0166,Southern California,2022,1,0.4288231528404408,current_plus_trajectory,leave_region_out,Southern California
westcoast_0167,Southern California,2022,1,0.35659975432860996,current_plus_trajectory,leave_region_out,Southern California
westcoast_0168,Southern California,2022,1,0.32066950675471406,current_plus_trajectory,leave_region_out,Southern California
westcoast_0170,Southern California,2022,1,0.36470931682226415,current_plus_trajectory,leave_region_out,Southern California
westcoast_0171,Southern California,2022,1,0.4166661112510812,current_plus_trajectory,leave_region_out,Southern California
westcoast_0172,Southern California,2022,0,0.4401761421355522,current_plus_trajectory,leave_region_out,Southern California
westcoast_0173,Southern California,2022,1,0.6703732468708927,current_plus_trajectory,leave_region_out,Southern California
westcoast_0175,Southern California,2022,1,0.3220048627175236,current_plus_trajectory,leave_region_out,Southern California
westcoast_0176,Southern California,2022,1,0.32589624685050617,current_plus_trajectory,leave_region_out,Southern California
westcoast_0180,Southern California,2022,0,0.21536377726768213,current_plus_trajectory,leave_region_out,Southern California
westcoast_0181,Southern California,2022,1,0.381192336384385,current_plus_trajectory,leave_region_out,Southern California
westcoast_0182,Southern California,2022,1,0.6787125367898125,current_plus_trajectory,leave_region_out,Southern California
westcoast_0183,Southern California,2022,1,0.39476294070986184,current_plus_trajectory,leave_region_out,Southern California
westcoast_0184,Southern California,2022,1,0.5058515621528952,current_plus_trajectory,leave_region_out,Southern California
westcoast_0186,Southern California,2022,0,0.4542273240404798,current_plus_trajectory,leave_region_out,Southern California
westcoast_0187,Southern California,2022,0,0.5106938128510454,current_plus_trajectory,leave_region_out,Southern California
westcoast_0188,Southern California,2022,1,0.23462582902841306,current_plus_trajectory,leave_region_out,Southern California
westcoast_0192,Southern California,2022,0,0.36993770488312655,current_plus_trajectory,leave_region_out,Southern California
westcoast_0193,Southern California,2022,0,0.383402110559393,current_plus_trajectory,leave_region_out,Southern California
westcoast_0195,Southern California,2022,0,0.553963900783301,current_plus_trajectory,leave_region_out,Southern California
westcoast_0205,Southern California,2022,1,0.32629897392244817,current_plus_trajectory,leave_region_out,Southern California
westcoast_0206,Southern California,2022,0,0.27650264913928235,current_plus_trajectory,leave_region_out,Southern California
westcoast_0207,Southern California,2022,1,0.1944121304442871,current_plus_trajectory,leave_region_out,Southern California
westcoast_0212,Southern California,2022,1,0.5920509313532544,current_plus_trajectory,leave_region_out,Southern California
westcoast_0214,Southern California,2022,0,0.27028681516254555,current_plus_trajectory,leave_region_out,Southern California
westcoast_0217,Southern California,2022,0,0.25898303639797154,current_plus_trajectory,leave_region_out,Southern California
westcoast_0218,Southern California,2022,1,0.31768047994723514,current_plus_trajectory,leave_region_out,Southern California
westcoast_0220,Southern California,2022,0,0.24003322704280353,current_plus_trajectory,leave_region_out,Southern California
westcoast_0223,Southern California,2022,0,0.2735483780537185,current_plus_trajectory,leave_region_out,Southern California
westcoast_0224,Southern California,2022,0,0.2170218061705192,current_plus_trajectory,leave_region_out,Southern California
westcoast_0226,Southern California,2022,1,0.26144986898879236,current_plus_trajectory,leave_region_out,Southern California
westcoast_0227,Southern California,2022,1,0.2587489637206744,current_plus_trajectory,leave_region_out,Southern California
westcoast_0228,Southern California,2022,1,0.21089923700067065,current_plus_trajectory,leave_region_out,Southern California
westcoast_0149,Southern California,2022,1,0.3412917279235201,trajectory_plus_oisst,leave_region_out,Southern California
westcoast_0150,Southern California,2022,1,0.3019449771181652,trajectory_plus_oisst,leave_region_out,Southern California
westcoast_0151,Southern California,2022,1,0.4727985492170342,trajectory_plus_oisst,leave_region_out,Southern California
westcoast_0152,Southern California,2022,1,0.3165361645900663,trajectory_plus_oisst,leave_region_out,Southern California
westcoast_0154,Southern California,2022,1,0.5301038171624869,trajectory_plus_oisst,leave_region_out,Southern California
westcoast_0162,Southern California,2022,0,0.33394596822501127,trajectory_plus_oisst,leave_region_out,Southern California
westcoast_0164,Southern California,2022,1,0.25539311602499887,trajectory_plus_oisst,leave_region_out,Southern California
westcoast_0165,Southern California,2022,1,0.25866642058665745,trajectory_plus_oisst,leave_region_out,Southern California
westcoast_0166,Southern California,2022,1,0.4081299667747686,trajectory_plus_oisst,leave_region_out,Southern California
westcoast_0167,Southern California,2022,1,0.36110569644265805,trajectory_plus_oisst,leave_region_out,Southern California
westcoast_0168,Southern California,2022,1,0.3251075284034891,trajectory_plus_oisst,leave_region_out,Southern California
westcoast_0170,Southern California,2022,1,0.4078977836656973,trajectory_plus_oisst,leave_region_out,Southern California
westcoast_0171,Southern California,2022,1,0.4611017402369674,trajectory_plus_oisst,leave_region_out,Southern California
westcoast_0172,Southern California,2022,0,0.5064704169171803,trajectory_plus_oisst,leave_region_out,Southern California
westcoast_0173,Southern California,2022,1,0.7315740887308328,trajectory_plus_oisst,leave_region_out,Southern California
westcoast_0175,Southern California,2022,1,0.3543351817709008,trajectory_plus_oisst,leave_region_out,Southern California
westcoast_0176,Southern California,2022,1,0.3585920811925348,trajectory_plus_oisst,leave_region_out,Southern California
westcoast_0180,Southern California,2022,0,0.2068857211768244,trajectory_plus_oisst,leave_region_out,Southern California
westcoast_0181,Southern California,2022,1,0.3742343729489132,trajectory_plus_oisst,leave_region_out,Southern California
westcoast_0182,Southern California,2022,1,0.6987311224580535,trajectory_plus_oisst,leave_region_out,Southern California
westcoast_0183,Southern California,2022,1,0.41231543242367186,trajectory_plus_oisst,leave_region_out,Southern California
westcoast_0184,Southern California,2022,1,0.5437736835850452,trajectory_plus_oisst,leave_region_out,Southern California
westcoast_0186,Southern California,2022,0,0.5001297857756279,trajectory_plus_oisst,leave_region_out,Southern California
westcoast_0187,Southern California,2022,0,0.5912919935343198,trajectory_plus_oisst,leave_region_out,Southern California
westcoast_0188,Southern California,2022,1,0.29112584034138445,trajectory_plus_oisst,leave_region_out,Southern California
westcoast_0192,Southern California,2022,0,0.43696912747155414,trajectory_plus_oisst,leave_region_out,Southern California
westcoast_0193,Southern California,2022,0,0.4235062291528044,trajectory_plus_oisst,leave_region_out,Southern California
westcoast_0195,Southern California,2022,0,0.6096526995339245,trajectory_plus_oisst,leave_region_out,Southern California
westcoast_0205,Southern California,2022,1,0.3477055344521514,trajectory_plus_oisst,leave_region_out,Southern California
westcoast_0206,Southern California,2022,0,0.2996098342490476,trajectory_plus_oisst,leave_region_out,Southern California
westcoast_0207,Southern California,2022,1,0.20955837474448077,trajectory_plus_oisst,leave_region_out,Southern California
westcoast_0212,Southern California,2022,1,0.6470019143755218,trajectory_plus_oisst,leave_region_out,Southern California
westcoast_0214,Southern California,2022,0,0.33284391068671704,trajectory_plus_oisst,leave_region_out,Southern California
westcoast_0217,Southern California,2022,0,0.296247080435485,trajectory_plus_oisst,leave_region_out,Southern California
westcoast_0218,Southern California,2022,1,0.36482175946328027,trajectory_plus_oisst,leave_region_out,Southern California
westcoast_0220,Southern California,2022,0,0.2774960215598192,trajectory_plus_oisst,leave_region_out,Southern California
westcoast_0223,Southern California,2022,0,0.3175478941375076,trajectory_plus_oisst,leave_region_out,Southern California
westcoast_0224,Southern California,2022,0,0.30161659003837343,trajectory_plus_oisst,leave_region_out,Southern California
westcoast_0226,Southern California,2022,1,0.3421863129201632,trajectory_plus_oisst,leave_region_out,Southern California
westcoast_0227,Southern California,2022,1,0.32353460673986667,trajectory_plus_oisst,leave_region_out,Southern California
westcoast_0228,Southern California,2022,1,0.2630096881984333,trajectory_plus_oisst,leave_region_out,Southern California
westcoast_0151,Southern California,2023,0,0.2457039349152469,current_only,leave_region_out,Southern California
westcoast_0152,Southern California,2023,0,0.22885515724956335,current_only,leave_region_out,Southern California
westcoast_0162,Southern California,2023,0,0.23519634699019473,current_only,leave_region_out,Southern California
westcoast_0165,Southern California,2023,0,0.2312886383708971,current_only,leave_region_out,Southern California
westcoast_0166,Southern California,2023,0,0.24829530454216173,current_only,leave_region_out,Southern California
westcoast_0167,Southern California,2023,0,0.23686030393110352,current_only,leave_region_out,Southern California
westcoast_0170,Southern California,2023,0,0.28540767937626565,current_only,leave_region_out,Southern California
westcoast_0171,Southern California,2023,0,0.23366878839846963,current_only,leave_region_out,Southern California
westcoast_0172,Southern California,2023,0,0.40004273845085714,current_only,leave_region_out,Southern California
westcoast_0173,Southern California,2023,0,0.4264975669530325,current_only,leave_region_out,Southern California
westcoast_0180,Southern California,2023,0,0.23160869655046165,current_only,leave_region_out,Southern California
westcoast_0182,Southern California,2023,0,0.35992074313445555,current_only,leave_region_out,Southern California
westcoast_0183,Southern California,2023,0,0.25475276602875546,current_only,leave_region_out,Southern California
westcoast_0184,Southern California,2023,0,0.31042542596871,current_only,leave_region_out,Southern California
westcoast_0186,Southern California,2023,0,0.336473711149815,current_only,leave_region_out,Southern California
westcoast_0187,Southern California,2023,0,0.7125630648839406,current_only,leave_region_out,Southern California
westcoast_0188,Southern California,2023,0,0.24603445025114387,current_only,leave_region_out,Southern California
westcoast_0192,Southern California,2023,0,0.32944997898891837,current_only,leave_region_out,Southern California
westcoast_0193,Southern California,2023,1,0.6015966951083795,current_only,leave_region_out,Southern California
westcoast_0195,Southern California,2023,0,0.5068309712245901,current_only,leave_region_out,Southern California
westcoast_0205,Southern California,2023,0,0.2582618243609351,current_only,leave_region_out,Southern California
westcoast_0206,Southern California,2023,0,0.27633382782323795,current_only,leave_region_out,Southern California
westcoast_0212,Southern California,2023,0,0.33017291769029516,current_only,leave_region_out,Southern California
westcoast_0214,Southern California,2023,0,0.27254280663369995,current_only,leave_region_out,Southern California
westcoast_0217,Southern California,2023,0,0.2898252571236257,current_only,leave_region_out,Southern California
westcoast_0218,Southern California,2023,0,0.24901472842954625,current_only,leave_region_out,Southern California
westcoast_0220,Southern California,2023,0,0.34390143180094396,current_only,leave_region_out,Southern California
westcoast_0223,Southern California,2023,0,0.29326694798375785,current_only,leave_region_out,Southern California
westcoast_0224,Southern California,2023,0,0.2550897717810313,current_only,leave_region_out,Southern California
westcoast_0151,Southern California,2023,0,0.18640912249451508,current_plus_trajectory,leave_region_out,Southern California
westcoast_0152,Southern California,2023,0,0.17271241904075785,current_plus_trajectory,leave_region_out,Southern California
westcoast_0162,Southern California,2023,0,0.3015694809205653,current_plus_trajectory,leave_region_out,Southern California
westcoast_0165,Southern California,2023,0,0.2513744284473237,current_plus_trajectory,leave_region_out,Southern California
westcoast_0166,Southern California,2023,0,0.2027943348253164,current_plus_trajectory,leave_region_out,Southern California
westcoast_0167,Southern California,2023,0,0.2685401699572649,current_plus_trajectory,leave_region_out,Southern California
westcoast_0170,Southern California,2023,0,0.220141481228103,current_plus_trajectory,leave_region_out,Southern California
westcoast_0171,Southern California,2023,0,0.17752381767383388,current_plus_trajectory,leave_region_out,Southern California
westcoast_0172,Southern California,2023,0,0.46575927310513077,current_plus_trajectory,leave_region_out,Southern California
westcoast_0173,Southern California,2023,0,0.3416415900018484,current_plus_trajectory,leave_region_out,Southern California
westcoast_0180,Southern California,2023,0,0.21724563121364462,current_plus_trajectory,leave_region_out,Southern California
westcoast_0182,Southern California,2023,0,0.28536061634310056,current_plus_trajectory,leave_region_out,Southern California
westcoast_0183,Southern California,2023,0,0.2027018795478258,current_plus_trajectory,leave_region_out,Southern California
westcoast_0184,Southern California,2023,0,0.20784137704380246,current_plus_trajectory,leave_region_out,Southern California
westcoast_0186,Southern California,2023,0,0.45583469886623623,current_plus_trajectory,leave_region_out,Southern California
westcoast_0187,Southern California,2023,0,0.624956766149479,current_plus_trajectory,leave_region_out,Southern California
westcoast_0188,Southern California,2023,0,0.1785161476243584,current_plus_trajectory,leave_region_out,Southern California
westcoast_0192,Southern California,2023,0,0.4552860156550887,current_plus_trajectory,leave_region_out,Southern California
westcoast_0193,Southern California,2023,1,0.6839273764632015,current_plus_trajectory,leave_region_out,Southern California
westcoast_0195,Southern California,2023,0,0.48378244808898574,current_plus_trajectory,leave_region_out,Southern California
westcoast_0205,Southern California,2023,0,0.22861920192575003,current_plus_trajectory,leave_region_out,Southern California
westcoast_0206,Southern California,2023,0,0.3408476911922897,current_plus_trajectory,leave_region_out,Southern California
westcoast_0212,Southern California,2023,0,0.29403318447180615,current_plus_trajectory,leave_region_out,Southern California
westcoast_0214,Southern California,2023,0,0.2660879700367911,current_plus_trajectory,leave_region_out,Southern California
westcoast_0217,Southern California,2023,0,0.29488219125390336,current_plus_trajectory,leave_region_out,Southern California
westcoast_0218,Southern California,2023,0,0.24842975018005464,current_plus_trajectory,leave_region_out,Southern California
westcoast_0220,Southern California,2023,0,0.3517595188291413,current_plus_trajectory,leave_region_out,Southern California
westcoast_0223,Southern California,2023,0,0.2740532503196606,current_plus_trajectory,leave_region_out,Southern California
westcoast_0224,Southern California,2023,0,0.2246418880186394,current_plus_trajectory,leave_region_out,Southern California
westcoast_0151,Southern California,2023,0,0.18179301850482188,trajectory_plus_oisst,leave_region_out,Southern California
westcoast_0152,Southern California,2023,0,0.17217721509670558,trajectory_plus_oisst,leave_region_out,Southern California
westcoast_0162,Southern California,2023,0,0.3271425524719592,trajectory_plus_oisst,leave_region_out,Southern California
westcoast_0165,Southern California,2023,0,0.257685144854349,trajectory_plus_oisst,leave_region_out,Southern California
westcoast_0166,Southern California,2023,0,0.20633464280042743,trajectory_plus_oisst,leave_region_out,Southern California
westcoast_0167,Southern California,2023,0,0.2965814186195845,trajectory_plus_oisst,leave_region_out,Southern California
westcoast_0170,Southern California,2023,0,0.22071853740537942,trajectory_plus_oisst,leave_region_out,Southern California
westcoast_0171,Southern California,2023,0,0.17792805479523816,trajectory_plus_oisst,leave_region_out,Southern California
westcoast_0172,Southern California,2023,0,0.50337210367925,trajectory_plus_oisst,leave_region_out,Southern California
westcoast_0173,Southern California,2023,0,0.3704356932586774,trajectory_plus_oisst,leave_region_out,Southern California
westcoast_0180,Southern California,2023,0,0.2149910614383764,trajectory_plus_oisst,leave_region_out,Southern California
westcoast_0182,Southern California,2023,0,0.31389434893272306,trajectory_plus_oisst,leave_region_out,Southern California
westcoast_0183,Southern California,2023,0,0.22919942529907578,trajectory_plus_oisst,leave_region_out,Southern California
westcoast_0184,Southern California,2023,0,0.22473656978930423,trajectory_plus_oisst,leave_region_out,Southern California
westcoast_0186,Southern California,2023,0,0.47732039403391596,trajectory_plus_oisst,leave_region_out,Southern California
westcoast_0187,Southern California,2023,0,0.6419148846673867,trajectory_plus_oisst,leave_region_out,Southern California
westcoast_0188,Southern California,2023,0,0.18091818680535304,trajectory_plus_oisst,leave_region_out,Southern California
westcoast_0192,Southern California,2023,0,0.45730876792798497,trajectory_plus_oisst,leave_region_out,Southern California
westcoast_0193,Southern California,2023,1,0.6786678620334302,trajectory_plus_oisst,leave_region_out,Southern California
westcoast_0195,Southern California,2023,0,0.5355578817141735,trajectory_plus_oisst,leave_region_out,Southern California
westcoast_0205,Southern California,2023,0,0.24439292518831737,trajectory_plus_oisst,leave_region_out,Southern California
westcoast_0206,Southern California,2023,0,0.36894903777089605,trajectory_plus_oisst,leave_region_out,Southern California
westcoast_0212,Southern California,2023,0,0.293861842856114,trajectory_plus_oisst,leave_region_out,Southern California
westcoast_0214,Southern California,2023,0,0.26464039509966897,trajectory_plus_oisst,leave_region_out,Southern California
westcoast_0217,Southern California,2023,0,0.2765078208406107,trajectory_plus_oisst,leave_region_out,Southern California
westcoast_0218,Southern California,2023,0,0.23349362374971427,trajectory_plus_oisst,leave_region_out,Southern California
westcoast_0220,Southern California,2023,0,0.34422165062445753,trajectory_plus_oisst,leave_region_out,Southern California
westcoast_0223,Southern California,2023,0,0.26665632158016406,trajectory_plus_oisst,leave_region_out,Southern California
westcoast_0224,Southern California,2023,0,0.23465615946878768,trajectory_plus_oisst,leave_region_out,Southern California
westcoast_0150,Southern California,2024,0,0.36281825588982936,current_only,leave_region_out,Southern California
westcoast_0151,Southern California,2024,0,0.4507858768806309,current_only,leave_region_out,Southern California
westcoast_0152,Southern California,2024,1,0.35415674001800973,current_only,leave_region_out,Southern California
westcoast_0154,Southern California,2024,0,0.22392057053720435,current_only,leave_region_out,Southern California
westcoast_0162,Southern California,2024,1,0.2556991371877292,current_only,leave_region_out,Southern California
westcoast_0163,Southern California,2024,0,0.23182532992550864,current_only,leave_region_out,Southern California
westcoast_0164,Southern California,2024,0,0.2369433838489379,current_only,leave_region_out,Southern California
westcoast_0165,Southern California,2024,0,0.22728599906339103,current_only,leave_region_out,Southern California
westcoast_0166,Southern California,2024,0,0.26374734205080275,current_only,leave_region_out,Southern California
westcoast_0167,Southern California,2024,0,0.2692420313847565,current_only,leave_region_out,Southern California
westcoast_0168,Southern California,2024,0,0.24190928972555056,current_only,leave_region_out,Southern California
westcoast_0170,Southern California,2024,0,0.6491817959233073,current_only,leave_region_out,Southern California
westcoast_0171,Southern California,2024,0,0.3408133143487214,current_only,leave_region_out,Southern California
westcoast_0172,Southern California,2024,0,0.38481839958235525,current_only,leave_region_out,Southern California
westcoast_0173,Southern California,2024,0,0.8394091241898236,current_only,leave_region_out,Southern California
westcoast_0176,Southern California,2024,0,0.24780739098009705,current_only,leave_region_out,Southern California
westcoast_0180,Southern California,2024,0,0.24950552586951577,current_only,leave_region_out,Southern California
westcoast_0181,Southern California,2024,0,0.22852043391472482,current_only,leave_region_out,Southern California
westcoast_0182,Southern California,2024,0,0.6298410400058327,current_only,leave_region_out,Southern California
westcoast_0183,Southern California,2024,1,0.3589990829916959,current_only,leave_region_out,Southern California
westcoast_0184,Southern California,2024,0,0.46515929714259957,current_only,leave_region_out,Southern California
westcoast_0186,Southern California,2024,1,0.3035151135582385,current_only,leave_region_out,Southern California
westcoast_0187,Southern California,2024,0,0.5662183641687808,current_only,leave_region_out,Southern California
westcoast_0188,Southern California,2024,0,0.29967339195014403,current_only,leave_region_out,Southern California
westcoast_0192,Southern California,2024,0,0.37534778949605835,current_only,leave_region_out,Southern California
westcoast_0193,Southern California,2024,0,0.4343116140509316,current_only,leave_region_out,Southern California
westcoast_0195,Southern California,2024,0,0.8176287045819283,current_only,leave_region_out,Southern California
westcoast_0205,Southern California,2024,1,0.3192645145742766,current_only,leave_region_out,Southern California
westcoast_0206,Southern California,2024,0,0.3247311056821724,current_only,leave_region_out,Southern California
westcoast_0207,Southern California,2024,1,0.25226395167664883,current_only,leave_region_out,Southern California
westcoast_0212,Southern California,2024,0,0.4265832547639568,current_only,leave_region_out,Southern California
westcoast_0214,Southern California,2024,1,0.44962991659688495,current_only,leave_region_out,Southern California
westcoast_0217,Southern California,2024,0,0.40934800837348956,current_only,leave_region_out,Southern California
westcoast_0218,Southern California,2024,0,0.3179077642224288,current_only,leave_region_out,Southern California
westcoast_0220,Southern California,2024,1,0.3649884894871627,current_only,leave_region_out,Southern California
westcoast_0223,Southern California,2024,1,0.3863810411306381,current_only,leave_region_out,Southern California
westcoast_0224,Southern California,2024,0,0.2877844117660091,current_only,leave_region_out,Southern California
westcoast_0150,Southern California,2024,0,0.398137696596181,current_plus_trajectory,leave_region_out,Southern California
westcoast_0151,Southern California,2024,0,0.40874041025819124,current_plus_trajectory,leave_region_out,Southern California
westcoast_0152,Southern California,2024,1,0.4127102167107015,current_plus_trajectory,leave_region_out,Southern California
westcoast_0154,Southern California,2024,0,0.1530161850214641,current_plus_trajectory,leave_region_out,Southern California
westcoast_0162,Southern California,2024,1,0.389308542055093,current_plus_trajectory,leave_region_out,Southern California
westcoast_0163,Southern California,2024,0,0.3773837603090474,current_plus_trajectory,leave_region_out,Southern California
westcoast_0164,Southern California,2024,0,0.3783995680311373,current_plus_trajectory,leave_region_out,Southern California
westcoast_0165,Southern California,2024,0,0.23936123313927724,current_plus_trajectory,leave_region_out,Southern California
westcoast_0166,Southern California,2024,0,0.2542367053199303,current_plus_trajectory,leave_region_out,Southern California
westcoast_0167,Southern California,2024,0,0.4047247284042293,current_plus_trajectory,leave_region_out,Southern California
westcoast_0168,Southern California,2024,0,0.3012015776526686,current_plus_trajectory,leave_region_out,Southern California
westcoast_0170,Southern California,2024,0,0.6794995562758246,current_plus_trajectory,leave_region_out,Southern California
westcoast_0171,Southern California,2024,0,0.4517192184495419,current_plus_trajectory,leave_region_out,Southern California
westcoast_0172,Southern California,2024,0,0.40314924933457,current_plus_trajectory,leave_region_out,Southern California
westcoast_0173,Southern California,2024,0,0.8060142889536468,current_plus_trajectory,leave_region_out,Southern California
westcoast_0176,Southern California,2024,0,0.36879811504997995,current_plus_trajectory,leave_region_out,Southern California
westcoast_0180,Southern California,2024,0,0.37322759290669344,current_plus_trajectory,leave_region_out,Southern California
westcoast_0181,Southern California,2024,0,0.2037030465434252,current_plus_trajectory,leave_region_out,Southern California
westcoast_0182,Southern California,2024,0,0.6903388032658115,current_plus_trajectory,leave_region_out,Southern California
westcoast_0183,Southern California,2024,1,0.46985349795452597,current_plus_trajectory,leave_region_out,Southern California
westcoast_0184,Southern California,2024,0,0.3880926510285177,current_plus_trajectory,leave_region_out,Southern California
westcoast_0186,Southern California,2024,1,0.34492380852433313,current_plus_trajectory,leave_region_out,Southern California
westcoast_0187,Southern California,2024,0,0.45010557646130467,current_plus_trajectory,leave_region_out,Southern California
westcoast_0188,Southern California,2024,0,0.3792648706424413,current_plus_trajectory,leave_region_out,Southern California
westcoast_0192,Southern California,2024,0,0.48834547213704105,current_plus_trajectory,leave_region_out,Southern California
westcoast_0193,Southern California,2024,0,0.41764156516973666,current_plus_trajectory,leave_region_out,Southern California
westcoast_0195,Southern California,2024,0,0.7533846430088567,current_plus_trajectory,leave_region_out,Southern California
westcoast_0205,Southern California,2024,1,0.451716709701727,current_plus_trajectory,leave_region_out,Southern California
westcoast_0206,Southern California,2024,0,0.4225418771922497,current_plus_trajectory,leave_region_out,Southern California
westcoast_0207,Southern California,2024,1,0.35978317315052294,current_plus_trajectory,leave_region_out,Southern California
westcoast_0212,Southern California,2024,0,0.471058037537467,current_plus_trajectory,leave_region_out,Southern California
westcoast_0214,Southern California,2024,1,0.43900191657846044,current_plus_trajectory,leave_region_out,Southern California
westcoast_0217,Southern California,2024,0,0.3589638643586953,current_plus_trajectory,leave_region_out,Southern California
westcoast_0218,Southern California,2024,0,0.2750218260187857,current_plus_trajectory,leave_region_out,Southern California
westcoast_0220,Southern California,2024,1,0.3557268521760078,current_plus_trajectory,leave_region_out,Southern California
westcoast_0223,Southern California,2024,1,0.3806201084947316,current_plus_trajectory,leave_region_out,Southern California
westcoast_0224,Southern California,2024,0,0.3496848135377714,current_plus_trajectory,leave_region_out,Southern California
westcoast_0150,Southern California,2024,0,0.351263928256558,trajectory_plus_oisst,leave_region_out,Southern California
westcoast_0151,Southern California,2024,0,0.3576959067843569,trajectory_plus_oisst,leave_region_out,Southern California
westcoast_0152,Southern California,2024,1,0.3703522327716247,trajectory_plus_oisst,leave_region_out,Southern California
westcoast_0154,Southern California,2024,0,0.1332870614438732,trajectory_plus_oisst,leave_region_out,Southern California
westcoast_0162,Southern California,2024,1,0.3708350732655537,trajectory_plus_oisst,leave_region_out,Southern California
westcoast_0163,Southern California,2024,0,0.3579663269940846,trajectory_plus_oisst,leave_region_out,Southern California
westcoast_0164,Southern California,2024,0,0.35891044978858927,trajectory_plus_oisst,leave_region_out,Southern California
westcoast_0165,Southern California,2024,0,0.19702160413981537,trajectory_plus_oisst,leave_region_out,Southern California
westcoast_0166,Southern California,2024,0,0.20804486733161362,trajectory_plus_oisst,leave_region_out,Southern California
westcoast_0167,Southern California,2024,0,0.3793815243313923,trajectory_plus_oisst,leave_region_out,Southern California
westcoast_0168,Southern California,2024,0,0.27644882040946267,trajectory_plus_oisst,leave_region_out,Southern California
westcoast_0170,Southern California,2024,0,0.6713595707717248,trajectory_plus_oisst,leave_region_out,Southern California
westcoast_0171,Southern California,2024,0,0.4416879813737929,trajectory_plus_oisst,leave_region_out,Southern California
westcoast_0172,Southern California,2024,0,0.4206597737314698,trajectory_plus_oisst,leave_region_out,Southern California
westcoast_0173,Southern California,2024,0,0.8165307880072572,trajectory_plus_oisst,leave_region_out,Southern California
westcoast_0176,Southern California,2024,0,0.42891737380872214,trajectory_plus_oisst,leave_region_out,Southern California
westcoast_0180,Southern California,2024,0,0.34041213073724236,trajectory_plus_oisst,leave_region_out,Southern California
westcoast_0181,Southern California,2024,0,0.17842185982866346,trajectory_plus_oisst,leave_region_out,Southern California
westcoast_0182,Southern California,2024,0,0.661705375917364,trajectory_plus_oisst,leave_region_out,Southern California
westcoast_0183,Southern California,2024,1,0.42945290115396273,trajectory_plus_oisst,leave_region_out,Southern California
westcoast_0184,Southern California,2024,0,0.33794850563545076,trajectory_plus_oisst,leave_region_out,Southern California
westcoast_0186,Southern California,2024,1,0.416749645518094,trajectory_plus_oisst,leave_region_out,Southern California
westcoast_0187,Southern California,2024,0,0.5461742332686839,trajectory_plus_oisst,leave_region_out,Southern California
westcoast_0188,Southern California,2024,0,0.45821539699372754,trajectory_plus_oisst,leave_region_out,Southern California
westcoast_0192,Southern California,2024,0,0.5838757272385622,trajectory_plus_oisst,leave_region_out,Southern California
westcoast_0193,Southern California,2024,0,0.42382696318151514,trajectory_plus_oisst,leave_region_out,Southern California
westcoast_0195,Southern California,2024,0,0.8078105510678022,trajectory_plus_oisst,leave_region_out,Southern California
westcoast_0205,Southern California,2024,1,0.42504405329382206,trajectory_plus_oisst,leave_region_out,Southern California
westcoast_0206,Southern California,2024,0,0.39531225608742354,trajectory_plus_oisst,leave_region_out,Southern California
westcoast_0207,Southern California,2024,1,0.35761699083980647,trajectory_plus_oisst,leave_region_out,Southern California
westcoast_0212,Southern California,2024,0,0.48386140702613767,trajectory_plus_oisst,leave_region_out,Southern California
westcoast_0214,Southern California,2024,1,0.5076490916975867,trajectory_plus_oisst,leave_region_out,Southern California
westcoast_0217,Southern California,2024,0,0.38464432352079214,trajectory_plus_oisst,leave_region_out,Southern California
westcoast_0218,Southern California,2024,0,0.29517540014352317,trajectory_plus_oisst,leave_region_out,Southern California
westcoast_0220,Southern California,2024,1,0.38691065670603225,trajectory_plus_oisst,leave_region_out,Southern California
westcoast_0223,Southern California,2024,1,0.41327250456410664,trajectory_plus_oisst,leave_region_out,Southern California
westcoast_0224,Southern California,2024,0,0.3792863631235811,trajectory_plus_oisst,leave_region_out,Southern California
westcoast_0233,Baja California Norte,2005,1,0.823165413445221,current_only,leave_region_out,Baja California Norte
westcoast_0235,Baja California Norte,2005,1,0.5317660958832185,current_only,leave_region_out,Baja California Norte
westcoast_0236,Baja California Norte,2005,1,0.301397957871647,current_only,leave_region_out,Baja California Norte
westcoast_0237,Baja California Norte,2005,1,0.499540035138783,current_only,leave_region_out,Baja California Norte
westcoast_0238,Baja California Norte,2005,1,0.5360014657705895,current_only,leave_region_out,Baja California Norte
westcoast_0240,Baja California Norte,2005,1,0.3689126322126221,current_only,leave_region_out,Baja California Norte
westcoast_0241,Baja California Norte,2005,1,0.31459976266982914,current_only,leave_region_out,Baja California Norte
westcoast_0244,Baja California Norte,2005,1,0.3134829838651615,current_only,leave_region_out,Baja California Norte
westcoast_0246,Baja California Norte,2005,1,0.6109450320816079,current_only,leave_region_out,Baja California Norte
westcoast_0247,Baja California Norte,2005,1,0.6225716687688178,current_only,leave_region_out,Baja California Norte
westcoast_0248,Baja California Norte,2005,1,0.5068697578461372,current_only,leave_region_out,Baja California Norte
westcoast_0250,Baja California Norte,2005,1,0.4918510467879262,current_only,leave_region_out,Baja California Norte
westcoast_0252,Baja California Norte,2005,1,0.3854446578956196,current_only,leave_region_out,Baja California Norte
westcoast_0255,Baja California Norte,2005,0,0.33472438277922695,current_only,leave_region_out,Baja California Norte
westcoast_0256,Baja California Norte,2005,1,0.38824648295453973,current_only,leave_region_out,Baja California Norte
westcoast_0257,Baja California Norte,2005,1,0.28678519991838575,current_only,leave_region_out,Baja California Norte
westcoast_0258,Baja California Norte,2005,0,0.29850378899495295,current_only,leave_region_out,Baja California Norte
westcoast_0262,Baja California Norte,2005,1,0.3370387472435297,current_only,leave_region_out,Baja California Norte
westcoast_0263,Baja California Norte,2005,1,0.27368013088427395,current_only,leave_region_out,Baja California Norte
westcoast_0268,Baja California Norte,2005,1,0.7650621918384057,current_only,leave_region_out,Baja California Norte
westcoast_0273,Baja California Norte,2005,1,0.4740657447520806,current_only,leave_region_out,Baja California Norte
westcoast_0274,Baja California Norte,2005,1,0.428877739381294,current_only,leave_region_out,Baja California Norte
westcoast_0275,Baja California Norte,2005,1,0.4129238789757758,current_only,leave_region_out,Baja California Norte
westcoast_0276,Baja California Norte,2005,1,0.3048452104905954,current_only,leave_region_out,Baja California Norte
westcoast_0277,Baja California Norte,2005,1,0.8443297970938108,current_only,leave_region_out,Baja California Norte
westcoast_0278,Baja California Norte,2005,1,0.695882526925139,current_only,leave_region_out,Baja California Norte
westcoast_0279,Baja California Norte,2005,1,0.5942097822983928,current_only,leave_region_out,Baja California Norte
westcoast_0280,Baja California Norte,2005,1,0.6226651694190123,current_only,leave_region_out,Baja California Norte
westcoast_0281,Baja California Norte,2005,1,0.5402044717666089,current_only,leave_region_out,Baja California Norte
westcoast_0282,Baja California Norte,2005,1,0.36835317840205284,current_only,leave_region_out,Baja California Norte
westcoast_0285,Baja California Norte,2005,1,0.955281872093489,current_only,leave_region_out,Baja California Norte
westcoast_0298,Baja California Norte,2005,1,0.415130436177459,current_only,leave_region_out,Baja California Norte
westcoast_0299,Baja California Norte,2005,1,0.44965889880177323,current_only,leave_region_out,Baja California Norte
westcoast_0302,Baja California Norte,2005,1,0.4551953545746314,current_only,leave_region_out,Baja California Norte
westcoast_0305,Baja California Norte,2005,1,0.33513086989433205,current_only,leave_region_out,Baja California Norte
westcoast_0306,Baja California Norte,2005,0,0.30811268175768175,current_only,leave_region_out,Baja California Norte
westcoast_0307,Baja California Norte,2005,0,0.3370994390314103,current_only,leave_region_out,Baja California Norte
westcoast_0233,Baja California Norte,2005,1,0.9697371181186923,current_plus_trajectory,leave_region_out,Baja California Norte
westcoast_0235,Baja California Norte,2005,1,0.6734642279005892,current_plus_trajectory,leave_region_out,Baja California Norte
westcoast_0236,Baja California Norte,2005,1,0.4083346279838473,current_plus_trajectory,leave_region_out,Baja California Norte
westcoast_0237,Baja California Norte,2005,1,0.7054166219920383,current_plus_trajectory,leave_region_out,Baja California Norte
westcoast_0238,Baja California Norte,2005,1,0.725656486016294,current_plus_trajectory,leave_region_out,Baja California Norte
westcoast_0240,Baja California Norte,2005,1,0.4220249335814398,current_plus_trajectory,leave_region_out,Baja California Norte
westcoast_0241,Baja California Norte,2005,1,0.3728409793236382,current_plus_trajectory,leave_region_out,Baja California Norte
westcoast_0244,Baja California Norte,2005,1,0.3822843993509913,current_plus_trajectory,leave_region_out,Baja California Norte
westcoast_0246,Baja California Norte,2005,1,0.7061806417502093,current_plus_trajectory,leave_region_out,Baja California Norte
westcoast_0247,Baja California Norte,2005,1,0.6578600727927889,current_plus_trajectory,leave_region_out,Baja California Norte
westcoast_0248,Baja California Norte,2005,1,0.5117448094538891,current_plus_trajectory,leave_region_out,Baja California Norte
westcoast_0250,Baja California Norte,2005,1,0.5326522500287295,current_plus_trajectory,leave_region_out,Baja California Norte
westcoast_0252,Baja California Norte,2005,1,0.44645726281921694,current_plus_trajectory,leave_region_out,Baja California Norte
westcoast_0255,Baja California Norte,2005,0,0.41031753071895466,current_plus_trajectory,leave_region_out,Baja California Norte
westcoast_0256,Baja California Norte,2005,1,0.4207883501240025,current_plus_trajectory,leave_region_out,Baja California Norte
westcoast_0257,Baja California Norte,2005,1,0.19007642505297498,current_plus_trajectory,leave_region_out,Baja California Norte
westcoast_0258,Baja California Norte,2005,0,0.19556968547197143,current_plus_trajectory,leave_region_out,Baja California Norte
westcoast_0262,Baja California Norte,2005,1,0.36167490106118366,current_plus_trajectory,leave_region_out,Baja California Norte
westcoast_0263,Baja California Norte,2005,1,0.2762855095292628,current_plus_trajectory,leave_region_out,Baja California Norte
westcoast_0268,Baja California Norte,2005,1,0.8021054371351805,current_plus_trajectory,leave_region_out,Baja California Norte
westcoast_0273,Baja California Norte,2005,1,0.4042248084527357,current_plus_trajectory,leave_region_out,Baja California Norte
westcoast_0274,Baja California Norte,2005,1,0.45532131135569026,current_plus_trajectory,leave_region_out,Baja California Norte
westcoast_0275,Baja California Norte,2005,1,0.3148890124810793,current_plus_trajectory,leave_region_out,Baja California Norte
westcoast_0276,Baja California Norte,2005,1,0.28519305847504633,current_plus_trajectory,leave_region_out,Baja California Norte
westcoast_0277,Baja California Norte,2005,1,0.8703987548493965,current_plus_trajectory,leave_region_out,Baja California Norte
westcoast_0278,Baja California Norte,2005,1,0.6691387227492327,current_plus_trajectory,leave_region_out,Baja California Norte
westcoast_0279,Baja California Norte,2005,1,0.7001413688486485,current_plus_trajectory,leave_region_out,Baja California Norte
westcoast_0280,Baja California Norte,2005,1,0.7830505361309188,current_plus_trajectory,leave_region_out,Baja California Norte
westcoast_0281,Baja California Norte,2005,1,0.5848459479631035,current_plus_trajectory,leave_region_out,Baja California Norte
westcoast_0282,Baja California Norte,2005,1,0.3990559266857756,current_plus_trajectory,leave_region_out,Baja California Norte
westcoast_0285,Baja California Norte,2005,1,0.9962811160851567,current_plus_trajectory,leave_region_out,Baja California Norte
westcoast_0298,Baja California Norte,2005,1,0.5149390788782916,current_plus_trajectory,leave_region_out,Baja California Norte
westcoast_0299,Baja California Norte,2005,1,0.5059699336019656,current_plus_trajectory,leave_region_out,Baja California Norte
westcoast_0302,Baja California Norte,2005,1,0.5604655668390779,current_plus_trajectory,leave_region_out,Baja California Norte
westcoast_0305,Baja California Norte,2005,1,0.42833526655006215,current_plus_trajectory,leave_region_out,Baja California Norte
westcoast_0306,Baja California Norte,2005,0,0.2692875996291515,current_plus_trajectory,leave_region_out,Baja California Norte
westcoast_0307,Baja California Norte,2005,0,0.3301196192909606,current_plus_trajectory,leave_region_out,Baja California Norte
westcoast_0233,Baja California Norte,2005,1,0.9745822753201111,trajectory_plus_oisst,leave_region_out,Baja California Norte
westcoast_0235,Baja California Norte,2005,1,0.7801640224293979,trajectory_plus_oisst,leave_region_out,Baja California Norte
westcoast_0236,Baja California Norte,2005,1,0.4169715467541713,trajectory_plus_oisst,leave_region_out,Baja California Norte
westcoast_0237,Baja California Norte,2005,1,0.7324032953470904,trajectory_plus_oisst,leave_region_out,Baja California Norte
westcoast_0238,Baja California Norte,2005,1,0.7560941681637217,trajectory_plus_oisst,leave_region_out,Baja California Norte
westcoast_0240,Baja California Norte,2005,1,0.5270123974195174,trajectory_plus_oisst,leave_region_out,Baja California Norte
westcoast_0241,Baja California Norte,2005,1,0.46029027218761465,trajectory_plus_oisst,leave_region_out,Baja California Norte
westcoast_0244,Baja California Norte,2005,1,0.4145690488218431,trajectory_plus_oisst,leave_region_out,Baja California Norte
westcoast_0246,Baja California Norte,2005,1,0.813843077671752,trajectory_plus_oisst,leave_region_out,Baja California Norte
westcoast_0247,Baja California Norte,2005,1,0.7619347976244576,trajectory_plus_oisst,leave_region_out,Baja California Norte
westcoast_0248,Baja California Norte,2005,1,0.6255546232707622,trajectory_plus_oisst,leave_region_out,Baja California Norte
westcoast_0250,Baja California Norte,2005,1,0.6248435109746958,trajectory_plus_oisst,leave_region_out,Baja California Norte
westcoast_0252,Baja California Norte,2005,1,0.5086825801008326,trajectory_plus_oisst,leave_region_out,Baja California Norte
westcoast_0255,Baja California Norte,2005,0,0.43047486876723356,trajectory_plus_oisst,leave_region_out,Baja California Norte
westcoast_0256,Baja California Norte,2005,1,0.4220246752531505,trajectory_plus_oisst,leave_region_out,Baja California Norte
westcoast_0257,Baja California Norte,2005,1,0.21310625792500115,trajectory_plus_oisst,leave_region_out,Baja California Norte
westcoast_0258,Baja California Norte,2005,0,0.2197568519323772,trajectory_plus_oisst,leave_region_out,Baja California Norte
westcoast_0262,Baja California Norte,2005,1,0.40353331276036275,trajectory_plus_oisst,leave_region_out,Baja California Norte
westcoast_0263,Baja California Norte,2005,1,0.3018951552625942,trajectory_plus_oisst,leave_region_out,Baja California Norte
westcoast_0268,Baja California Norte,2005,1,0.8811238701131793,trajectory_plus_oisst,leave_region_out,Baja California Norte
westcoast_0273,Baja California Norte,2005,1,0.5244871330249784,trajectory_plus_oisst,leave_region_out,Baja California Norte
westcoast_0274,Baja California Norte,2005,1,0.5317011156555779,trajectory_plus_oisst,leave_region_out,Baja California Norte
westcoast_0275,Baja California Norte,2005,1,0.3971364289517871,trajectory_plus_oisst,leave_region_out,Baja California Norte
westcoast_0276,Baja California Norte,2005,1,0.2698610796137626,trajectory_plus_oisst,leave_region_out,Baja California Norte
westcoast_0277,Baja California Norte,2005,1,0.9201695045637978,trajectory_plus_oisst,leave_region_out,Baja California Norte
westcoast_0278,Baja California Norte,2005,1,0.7005325868258907,trajectory_plus_oisst,leave_region_out,Baja California Norte
westcoast_0279,Baja California Norte,2005,1,0.7387484347672406,trajectory_plus_oisst,leave_region_out,Baja California Norte
westcoast_0280,Baja California Norte,2005,1,0.7525066164428852,trajectory_plus_oisst,leave_region_out,Baja California Norte
westcoast_0281,Baja California Norte,2005,1,0.6058219707650477,trajectory_plus_oisst,leave_region_out,Baja California Norte
westcoast_0282,Baja California Norte,2005,1,0.34395628787161076,trajectory_plus_oisst,leave_region_out,Baja California Norte
westcoast_0285,Baja California Norte,2005,1,0.996364061218677,trajectory_plus_oisst,leave_region_out,Baja California Norte
westcoast_0298,Baja California Norte,2005,1,0.4306013533462763,trajectory_plus_oisst,leave_region_out,Baja California Norte
westcoast_0299,Baja California Norte,2005,1,0.4237886333646061,trajectory_plus_oisst,leave_region_out,Baja California Norte
westcoast_0302,Baja California Norte,2005,1,0.48910093768697066,trajectory_plus_oisst,leave_region_out,Baja California Norte
westcoast_0305,Baja California Norte,2005,1,0.3357659626691074,trajectory_plus_oisst,leave_region_out,Baja California Norte
westcoast_0306,Baja California Norte,2005,0,0.24020969657618385,trajectory_plus_oisst,leave_region_out,Baja California Norte
westcoast_0307,Baja California Norte,2005,0,0.2719757757713684,trajectory_plus_oisst,leave_region_out,Baja California Norte
westcoast_0233,Baja California Norte,2006,0,0.3686403460133509,current_only,leave_region_out,Baja California Norte
westcoast_0235,Baja California Norte,2006,0,0.2916480172305968,current_only,leave_region_out,Baja California Norte
westcoast_0237,Baja California Norte,2006,0,0.26305015840587787,current_only,leave_region_out,Baja California Norte
westcoast_0238,Baja California Norte,2006,0,0.25925583106343103,current_only,leave_region_out,Baja California Norte
westcoast_0246,Baja California Norte,2006,0,0.275259880325589,current_only,leave_region_out,Baja California Norte
westcoast_0247,Baja California Norte,2006,0,0.3518388297521461,current_only,leave_region_out,Baja California Norte
westcoast_0248,Baja California Norte,2006,0,0.29114024541189343,current_only,leave_region_out,Baja California Norte
westcoast_0250,Baja California Norte,2006,0,0.41536163153129163,current_only,leave_region_out,Baja California Norte
westcoast_0252,Baja California Norte,2006,0,0.34237258194637826,current_only,leave_region_out,Baja California Norte
westcoast_0255,Baja California Norte,2006,0,0.3614862720283797,current_only,leave_region_out,Baja California Norte
westcoast_0256,Baja California Norte,2006,0,0.3200044611876727,current_only,leave_region_out,Baja California Norte
westcoast_0257,Baja California Norte,2006,0,0.27146754504986137,current_only,leave_region_out,Baja California Norte
westcoast_0258,Baja California Norte,2006,0,0.3347189185799947,current_only,leave_region_out,Baja California Norte
westcoast_0262,Baja California Norte,2006,0,0.26993896034163506,current_only,leave_region_out,Baja California Norte
westcoast_0268,Baja California Norte,2006,0,0.3593442099959531,current_only,leave_region_out,Baja California Norte
westcoast_0273,Baja California Norte,2006,0,0.34761096442874373,current_only,leave_region_out,Baja California Norte
westcoast_0274,Baja California Norte,2006,0,0.3698713501785656,current_only,leave_region_out,Baja California Norte
westcoast_0275,Baja California Norte,2006,0,0.2673096812447173,current_only,leave_region_out,Baja California Norte
westcoast_0276,Baja California Norte,2006,0,0.28522374485238905,current_only,leave_region_out,Baja California Norte
westcoast_0277,Baja California Norte,2006,0,0.331143878603631,current_only,leave_region_out,Baja California Norte
westcoast_0278,Baja California Norte,2006,0,0.29072989778243796,current_only,leave_region_out,Baja California Norte
westcoast_0279,Baja California Norte,2006,0,0.33716093735693475,current_only,leave_region_out,Baja California Norte
westcoast_0280,Baja California Norte,2006,0,0.27778488166108956,current_only,leave_region_out,Baja California Norte
westcoast_0282,Baja California Norte,2006,0,0.29286251353181314,current_only,leave_region_out,Baja California Norte
westcoast_0285,Baja California Norte,2006,0,0.5970111234919196,current_only,leave_region_out,Baja California Norte
westcoast_0298,Baja California Norte,2006,0,0.3045246907679875,current_only,leave_region_out,Baja California Norte
westcoast_0299,Baja California Norte,2006,0,0.3240426101074756,current_only,leave_region_out,Baja California Norte
westcoast_0302,Baja California Norte,2006,0,0.31752751233309245,current_only,leave_region_out,Baja California Norte
westcoast_0306,Baja California Norte,2006,0,0.327222220284128,current_only,leave_region_out,Baja California Norte
westcoast_0307,Baja California Norte,2006,0,0.3124564290903204,current_only,leave_region_out,Baja California Norte
westcoast_0233,Baja California Norte,2006,0,0.2796697632809416,current_plus_trajectory,leave_region_out,Baja California Norte
westcoast_0235,Baja California Norte,2006,0,0.22480741107179333,current_plus_trajectory,leave_region_out,Baja California Norte
westcoast_0237,Baja California Norte,2006,0,0.2127116238019,current_plus_trajectory,leave_region_out,Baja California Norte
westcoast_0238,Baja California Norte,2006,0,0.21204930092279323,current_plus_trajectory,leave_region_out,Baja California Norte
westcoast_0246,Baja California Norte,2006,0,0.22289026338241366,current_plus_trajectory,leave_region_out,Baja California Norte
westcoast_0247,Baja California Norte,2006,0,0.3041206937175667,current_plus_trajectory,leave_region_out,Baja California Norte
westcoast_0248,Baja California Norte,2006,0,0.2861756816831072,current_plus_trajectory,leave_region_out,Baja California Norte
westcoast_0250,Baja California Norte,2006,0,0.3777243520632096,current_plus_trajectory,leave_region_out,Baja California Norte
westcoast_0252,Baja California Norte,2006,0,0.30334110482590027,current_plus_trajectory,leave_region_out,Baja California Norte
westcoast_0255,Baja California Norte,2006,0,0.37201414555563755,current_plus_trajectory,leave_region_out,Baja California Norte
westcoast_0256,Baja California Norte,2006,0,0.24967004466779297,current_plus_trajectory,leave_region_out,Baja California Norte
westcoast_0257,Baja California Norte,2006,0,0.3078662101551676,current_plus_trajectory,leave_region_out,Baja California Norte
westcoast_0258,Baja California Norte,2006,0,0.34691585718795814,current_plus_trajectory,leave_region_out,Baja California Norte
westcoast_0262,Baja California Norte,2006,0,0.2708473589224377,current_plus_trajectory,leave_region_out,Baja California Norte
westcoast_0268,Baja California Norte,2006,0,0.21788303111451252,current_plus_trajectory,leave_region_out,Baja California Norte
westcoast_0273,Baja California Norte,2006,0,0.24748775079168006,current_plus_trajectory,leave_region_out,Baja California Norte
westcoast_0274,Baja California Norte,2006,0,0.2776576401757695,current_plus_trajectory,leave_region_out,Baja California Norte
westcoast_0275,Baja California Norte,2006,0,0.21889172081369684,current_plus_trajectory,leave_region_out,Baja California Norte
westcoast_0276,Baja California Norte,2006,0,0.27416103671323,current_plus_trajectory,leave_region_out,Baja California Norte
westcoast_0277,Baja California Norte,2006,0,0.14151331391473002,current_plus_trajectory,leave_region_out,Baja California Norte
westcoast_0278,Baja California Norte,2006,0,0.1416221990284678,current_plus_trajectory,leave_region_out,Baja California Norte
westcoast_0279,Baja California Norte,2006,0,0.23068468144525273,current_plus_trajectory,leave_region_out,Baja California Norte
westcoast_0280,Baja California Norte,2006,0,0.21203245906789833,current_plus_trajectory,leave_region_out,Baja California Norte
westcoast_0282,Baja California Norte,2006,0,0.2373729067646214,current_plus_trajectory,leave_region_out,Baja California Norte
westcoast_0285,Baja California Norte,2006,0,0.4372076513593657,current_plus_trajectory,leave_region_out,Baja California Norte
westcoast_0298,Baja California Norte,2006,0,0.22992474000304847,current_plus_trajectory,leave_region_out,Baja California Norte
westcoast_0299,Baja California Norte,2006,0,0.25527021595839594,current_plus_trajectory,leave_region_out,Baja California Norte
westcoast_0302,Baja California Norte,2006,0,0.26460858698645656,current_plus_trajectory,leave_region_out,Baja California Norte
westcoast_0306,Baja California Norte,2006,0,0.2965097335343971,current_plus_trajectory,leave_region_out,Baja California Norte
westcoast_0307,Baja California Norte,2006,0,0.2742798565189062,current_plus_trajectory,leave_region_out,Baja California Norte
westcoast_0233,Baja California Norte,2006,0,0.4338854128262342,trajectory_plus_oisst,leave_region_out,Baja California Norte
westcoast_0235,Baja California Norte,2006,0,0.3389588577649301,trajectory_plus_oisst,leave_region_out,Baja California Norte
westcoast_0237,Baja California Norte,2006,0,0.32881888845956203,trajectory_plus_oisst,leave_region_out,Baja California Norte
westcoast_0238,Baja California Norte,2006,0,0.32530862063680804,trajectory_plus_oisst,leave_region_out,Baja California Norte
westcoast_0246,Baja California Norte,2006,0,0.32604739539577804,trajectory_plus_oisst,leave_region_out,Baja California Norte
westcoast_0247,Baja California Norte,2006,0,0.4328553239605652,trajectory_plus_oisst,leave_region_out,Baja California Norte
westcoast_0248,Baja California Norte,2006,0,0.43813439726262937,trajectory_plus_oisst,leave_region_out,Baja California Norte
westcoast_0250,Baja California Norte,2006,0,0.5538241712119235,trajectory_plus_oisst,leave_region_out,Baja California Norte
westcoast_0252,Baja California Norte,2006,0,0.44635243349523346,trajectory_plus_oisst,leave_region_out,Baja California Norte
westcoast_0255,Baja California Norte,2006,0,0.4688421694372126,trajectory_plus_oisst,leave_region_out,Baja California Norte
westcoast_0256,Baja California Norte,2006,0,0.4062524537569979,trajectory_plus_oisst,leave_region_out,Baja California Norte
westcoast_0257,Baja California Norte,2006,0,0.4148692146882818,trajectory_plus_oisst,leave_region_out,Baja California Norte
westcoast_0258,Baja California Norte,2006,0,0.4713062792635782,trajectory_plus_oisst,leave_region_out,Baja California Norte
westcoast_0262,Baja California Norte,2006,0,0.3255472535091943,trajectory_plus_oisst,leave_region_out,Baja California Norte
westcoast_0268,Baja California Norte,2006,0,0.31748140591554846,trajectory_plus_oisst,leave_region_out,Baja California Norte
westcoast_0273,Baja California Norte,2006,0,0.3444401540617592,trajectory_plus_oisst,leave_region_out,Baja California Norte
westcoast_0274,Baja California Norte,2006,0,0.3731399021750537,trajectory_plus_oisst,leave_region_out,Baja California Norte
westcoast_0275,Baja California Norte,2006,0,0.2983860842502073,trajectory_plus_oisst,leave_region_out,Baja California Norte
westcoast_0276,Baja California Norte,2006,0,0.313366782417723,trajectory_plus_oisst,leave_region_out,Baja California Norte
westcoast_0277,Baja California Norte,2006,0,0.23600801832574364,trajectory_plus_oisst,leave_region_out,Baja California Norte
westcoast_0278,Baja California Norte,2006,0,0.19258881093176802,trajectory_plus_oisst,leave_region_out,Baja California Norte
westcoast_0279,Baja California Norte,2006,0,0.32837955189114204,trajectory_plus_oisst,leave_region_out,Baja California Norte
westcoast_0280,Baja California Norte,2006,0,0.24859755117483992,trajectory_plus_oisst,leave_region_out,Baja California Norte
westcoast_0282,Baja California Norte,2006,0,0.27635878943178,trajectory_plus_oisst,leave_region_out,Baja California Norte
westcoast_0285,Baja California Norte,2006,0,0.5589742963082547,trajectory_plus_oisst,leave_region_out,Baja California Norte
westcoast_0298,Baja California Norte,2006,0,0.3043435920683694,trajectory_plus_oisst,leave_region_out,Baja California Norte
westcoast_0299,Baja California Norte,2006,0,0.34516788398001275,trajectory_plus_oisst,leave_region_out,Baja California Norte
westcoast_0302,Baja California Norte,2006,0,0.34852863962131686,trajectory_plus_oisst,leave_region_out,Baja California Norte
westcoast_0306,Baja California Norte,2006,0,0.42391363783435954,trajectory_plus_oisst,leave_region_out,Baja California Norte
westcoast_0307,Baja California Norte,2006,0,0.391395485368193,trajectory_plus_oisst,leave_region_out,Baja California Norte
westcoast_0233,Baja California Norte,2007,0,0.827324023319751,current_only,leave_region_out,Baja California Norte
westcoast_0235,Baja California Norte,2007,0,0.32223492182652635,current_only,leave_region_out,Baja California Norte
westcoast_0236,Baja California Norte,2007,0,0.33576835605848276,current_only,leave_region_out,Baja California Norte
westcoast_0237,Baja California Norte,2007,1,0.6499310325755403,current_only,leave_region_out,Baja California Norte
westcoast_0238,Baja California Norte,2007,1,0.5596558178230974,current_only,leave_region_out,Baja California Norte
westcoast_0239,Baja California Norte,2007,0,0.2742625197236259,current_only,leave_region_out,Baja California Norte
westcoast_0240,Baja California Norte,2007,0,0.25000573428218353,current_only,leave_region_out,Baja California Norte
westcoast_0241,Baja California Norte,2007,0,0.4224895988085813,current_only,leave_region_out,Baja California Norte
westcoast_0243,Baja California Norte,2007,0,0.2695146825260435,current_only,leave_region_out,Baja California Norte
westcoast_0244,Baja California Norte,2007,0,0.2602751359790411,current_only,leave_region_out,Baja California Norte
westcoast_0246,Baja California Norte,2007,0,0.38257963984140825,current_only,leave_region_out,Baja California Norte
westcoast_0247,Baja California Norte,2007,0,0.5147232998185782,current_only,leave_region_out,Baja California Norte
westcoast_0248,Baja California Norte,2007,0,0.4076688834318622,current_only,leave_region_out,Baja California Norte
westcoast_0250,Baja California Norte,2007,0,0.579992127154975,current_only,leave_region_out,Baja California Norte
westcoast_0252,Baja California Norte,2007,0,0.40573649603263695,current_only,leave_region_out,Baja California Norte
westcoast_0254,Baja California Norte,2007,0,0.3224980955349935,current_only,leave_region_out,Baja California Norte
westcoast_0255,Baja California Norte,2007,1,0.6700061842875954,current_only,leave_region_out,Baja California Norte
westcoast_0256,Baja California Norte,2007,0,0.5599874430568488,current_only,leave_region_out,Baja California Norte
westcoast_0257,Baja California Norte,2007,0,0.35850851851356647,current_only,leave_region_out,Baja California Norte
westcoast_0258,Baja California Norte,2007,1,0.548089923077003,current_only,leave_region_out,Baja California Norte
westcoast_0262,Baja California Norte,2007,0,0.5359574368045723,current_only,leave_region_out,Baja California Norte
westcoast_0263,Baja California Norte,2007,0,0.2962997196472183,current_only,leave_region_out,Baja California Norte
westcoast_0268,Baja California Norte,2007,1,0.6756652737600548,current_only,leave_region_out,Baja California Norte
westcoast_0273,Baja California Norte,2007,0,0.9899724114608194,current_only,leave_region_out,Baja California Norte
westcoast_0274,Baja California Norte,2007,0,0.5199389667514476,current_only,leave_region_out,Baja California Norte
westcoast_0275,Baja California Norte,2007,1,0.4158967362622491,current_only,leave_region_out,Baja California Norte
westcoast_0276,Baja California Norte,2007,1,0.4394248137950989,current_only,leave_region_out,Baja California Norte
westcoast_0277,Baja California Norte,2007,1,0.8970371810180429,current_only,leave_region_out,Baja California Norte
westcoast_0278,Baja California Norte,2007,1,0.7951208373371862,current_only,leave_region_out,Baja California Norte
westcoast_0279,Baja California Norte,2007,1,0.5960892013583601,current_only,leave_region_out,Baja California Norte
westcoast_0280,Baja California Norte,2007,1,0.598614175837839,current_only,leave_region_out,Baja California Norte
westcoast_0281,Baja California Norte,2007,1,0.35819151899976426,current_only,leave_region_out,Baja California Norte
westcoast_0282,Baja California Norte,2007,0,0.4058007223343787,current_only,leave_region_out,Baja California Norte
westcoast_0285,Baja California Norte,2007,1,0.9775764122487149,current_only,leave_region_out,Baja California Norte
westcoast_0298,Baja California Norte,2007,1,0.4991882446424548,current_only,leave_region_out,Baja California Norte
westcoast_0299,Baja California Norte,2007,1,0.5395978177012068,current_only,leave_region_out,Baja California Norte
westcoast_0302,Baja California Norte,2007,1,0.46137873757580866,current_only,leave_region_out,Baja California Norte
westcoast_0305,Baja California Norte,2007,0,0.3291224171082834,current_only,leave_region_out,Baja California Norte
westcoast_0306,Baja California Norte,2007,0,0.37938399978787773,current_only,leave_region_out,Baja California Norte
westcoast_0307,Baja California Norte,2007,0,0.38736022344434146,current_only,leave_region_out,Baja California Norte
westcoast_0233,Baja California Norte,2007,0,0.8140833706804712,current_plus_trajectory,leave_region_out,Baja California Norte
westcoast_0235,Baja California Norte,2007,0,0.2960336636369536,current_plus_trajectory,leave_region_out,Baja California Norte
westcoast_0236,Baja California Norte,2007,0,0.3999078724354613,current_plus_trajectory,leave_region_out,Baja California Norte
westcoast_0237,Baja California Norte,2007,1,0.7488997112425313,current_plus_trajectory,leave_region_out,Baja California Norte
westcoast_0238,Baja California Norte,2007,1,0.6279222196651193,current_plus_trajectory,leave_region_out,Baja California Norte
westcoast_0239,Baja California Norte,2007,0,0.3360653337770706,current_plus_trajectory,leave_region_out,Baja California Norte
westcoast_0240,Baja California Norte,2007,0,0.2567675279566602,current_plus_trajectory,leave_region_out,Baja California Norte
westcoast_0241,Baja California Norte,2007,0,0.5338836570449803,current_plus_trajectory,leave_region_out,Baja California Norte
westcoast_0243,Baja California Norte,2007,0,0.3186335065309801,current_plus_trajectory,leave_region_out,Baja California Norte
westcoast_0244,Baja California Norte,2007,0,0.26855740233067743,current_plus_trajectory,leave_region_out,Baja California Norte
westcoast_0246,Baja California Norte,2007,0,0.38337858629716987,current_plus_trajectory,leave_region_out,Baja California Norte
westcoast_0247,Baja California Norte,2007,0,0.4853034898773995,current_plus_trajectory,leave_region_out,Baja California Norte
westcoast_0248,Baja California Norte,2007,0,0.4250683108046792,current_plus_trajectory,leave_region_out,Baja California Norte
westcoast_0250,Baja California Norte,2007,0,0.52896618765412,current_plus_trajectory,leave_region_out,Baja California Norte
westcoast_0252,Baja California Norte,2007,0,0.3846550006461042,current_plus_trajectory,leave_region_out,Baja California Norte
westcoast_0254,Baja California Norte,2007,0,0.41942228753807725,current_plus_trajectory,leave_region_out,Baja California Norte
westcoast_0255,Baja California Norte,2007,1,0.7670310104922795,current_plus_trajectory,leave_region_out,Baja California Norte
westcoast_0256,Baja California Norte,2007,0,0.6553976705387152,current_plus_trajectory,leave_region_out,Baja California Norte
westcoast_0257,Baja California Norte,2007,0,0.5312744935031621,current_plus_trajectory,leave_region_out,Baja California Norte
westcoast_0258,Baja California Norte,2007,1,0.7419970089295785,current_plus_trajectory,leave_region_out,Baja California Norte
westcoast_0262,Baja California Norte,2007,0,0.6858147633838754,current_plus_trajectory,leave_region_out,Baja California Norte
westcoast_0263,Baja California Norte,2007,0,0.38657780093182403,current_plus_trajectory,leave_region_out,Baja California Norte
westcoast_0268,Baja California Norte,2007,1,0.6949080340466086,current_plus_trajectory,leave_region_out,Baja California Norte
westcoast_0273,Baja California Norte,2007,0,0.9993534776657224,current_plus_trajectory,leave_region_out,Baja California Norte
westcoast_0274,Baja California Norte,2007,0,0.5523286446254336,current_plus_trajectory,leave_region_out,Baja California Norte
westcoast_0275,Baja California Norte,2007,1,0.603841979206786,current_plus_trajectory,leave_region_out,Baja California Norte
westcoast_0276,Baja California Norte,2007,1,0.6203654474616302,current_plus_trajectory,leave_region_out,Baja California Norte
westcoast_0277,Baja California Norte,2007,1,0.9504313375986746,current_plus_trajectory,leave_region_out,Baja California Norte
westcoast_0278,Baja California Norte,2007,1,0.9148215603787899,current_plus_trajectory,leave_region_out,Baja California Norte
westcoast_0279,Baja California Norte,2007,1,0.6144047675782528,current_plus_trajectory,leave_region_out,Baja California Norte
westcoast_0280,Baja California Norte,2007,1,0.6480007979986605,current_plus_trajectory,leave_region_out,Baja California Norte
westcoast_0281,Baja California Norte,2007,1,0.40343347205840097,current_plus_trajectory,leave_region_out,Baja California Norte
westcoast_0282,Baja California Norte,2007,0,0.45540568572176837,current_plus_trajectory,leave_region_out,Baja California Norte
westcoast_0285,Baja California Norte,2007,1,0.9579932417068399,current_plus_trajectory,leave_region_out,Baja California Norte
westcoast_0298,Baja California Norte,2007,1,0.5510423231977819,current_plus_trajectory,leave_region_out,Baja California Norte
westcoast_0299,Baja California Norte,2007,1,0.588633891842054,current_plus_trajectory,leave_region_out,Baja California Norte
westcoast_0302,Baja California Norte,2007,1,0.4685268155977856,current_plus_trajectory,leave_region_out,Baja California Norte
westcoast_0305,Baja California Norte,2007,0,0.3803009348762696,current_plus_trajectory,leave_region_out,Baja California Norte
westcoast_0306,Baja California Norte,2007,0,0.44115218847333143,current_plus_trajectory,leave_region_out,Baja California Norte
westcoast_0307,Baja California Norte,2007,0,0.4164346112156431,current_plus_trajectory,leave_region_out,Baja California Norte
westcoast_0233,Baja California Norte,2007,0,0.9174393209779766,trajectory_plus_oisst,leave_region_out,Baja California Norte
westcoast_0235,Baja California Norte,2007,0,0.4644355565926928,trajectory_plus_oisst,leave_region_out,Baja California Norte
westcoast_0236,Baja California Norte,2007,0,0.5882452243734186,trajectory_plus_oisst,leave_region_out,Baja California Norte
westcoast_0237,Baja California Norte,2007,1,0.884742713695071,trajectory_plus_oisst,leave_region_out,Baja California Norte
westcoast_0238,Baja California Norte,2007,1,0.8077875408242843,trajectory_plus_oisst,leave_region_out,Baja California Norte
westcoast_0239,Baja California Norte,2007,0,0.507469127034854,trajectory_plus_oisst,leave_region_out,Baja California Norte
westcoast_0240,Baja California Norte,2007,0,0.4393533619743497,trajectory_plus_oisst,leave_region_out,Baja California Norte
westcoast_0241,Baja California Norte,2007,0,0.7262003905539648,trajectory_plus_oisst,leave_region_out,Baja California Norte
westcoast_0243,Baja California Norte,2007,0,0.5005447570168381,trajectory_plus_oisst,leave_region_out,Baja California Norte
westcoast_0244,Baja California Norte,2007,0,0.4664556844081245,trajectory_plus_oisst,leave_region_out,Baja California Norte
westcoast_0246,Baja California Norte,2007,0,0.6088681164428172,trajectory_plus_oisst,leave_region_out,Baja California Norte
westcoast_0247,Baja California Norte,2007,0,0.7152620519040855,trajectory_plus_oisst,leave_region_out,Baja California Norte
westcoast_0248,Baja California Norte,2007,0,0.6641664948087465,trajectory_plus_oisst,leave_region_out,Baja California Norte
westcoast_0250,Baja California Norte,2007,0,0.777966369938333,trajectory_plus_oisst,leave_region_out,Baja California Norte
westcoast_0252,Baja California Norte,2007,0,0.627960256478285,trajectory_plus_oisst,leave_region_out,Baja California Norte
westcoast_0254,Baja California Norte,2007,0,0.6074371168686661,trajectory_plus_oisst,leave_region_out,Baja California Norte
westcoast_0255,Baja California Norte,2007,1,0.8988038654088271,trajectory_plus_oisst,leave_region_out,Baja California Norte
westcoast_0256,Baja California Norte,2007,0,0.8287329332943663,trajectory_plus_oisst,leave_region_out,Baja California Norte
westcoast_0257,Baja California Norte,2007,0,0.6913414039437167,trajectory_plus_oisst,leave_region_out,Baja California Norte
westcoast_0258,Baja California Norte,2007,1,0.8628840351013012,trajectory_plus_oisst,leave_region_out,Baja California Norte
westcoast_0262,Baja California Norte,2007,0,0.8348061014194915,trajectory_plus_oisst,leave_region_out,Baja California Norte
westcoast_0263,Baja California Norte,2007,0,0.5627509085231958,trajectory_plus_oisst,leave_region_out,Baja California Norte
westcoast_0268,Baja California Norte,2007,1,0.87161564470948,trajectory_plus_oisst,leave_region_out,Baja California Norte
westcoast_0273,Baja California Norte,2007,0,0.9998221770299913,trajectory_plus_oisst,leave_region_out,Baja California Norte
westcoast_0274,Baja California Norte,2007,0,0.7671057290141285,trajectory_plus_oisst,leave_region_out,Baja California Norte
westcoast_0275,Baja California Norte,2007,1,0.7703743245623134,trajectory_plus_oisst,leave_region_out,Baja California Norte
westcoast_0276,Baja California Norte,2007,1,0.7742277104838068,trajectory_plus_oisst,leave_region_out,Baja California Norte
westcoast_0277,Baja California Norte,2007,1,0.9844539050699531,trajectory_plus_oisst,leave_region_out,Baja California Norte
westcoast_0278,Baja California Norte,2007,1,0.9664661005331795,trajectory_plus_oisst,leave_region_out,Baja California Norte
westcoast_0279,Baja California Norte,2007,1,0.8093173040092282,trajectory_plus_oisst,leave_region_out,Baja California Norte
westcoast_0280,Baja California Norte,2007,1,0.8185698047563409,trajectory_plus_oisst,leave_region_out,Baja California Norte
westcoast_0281,Baja California Norte,2007,1,0.5879908862409289,trajectory_plus_oisst,leave_region_out,Baja California Norte
westcoast_0282,Baja California Norte,2007,0,0.645195209737017,trajectory_plus_oisst,leave_region_out,Baja California Norte
westcoast_0285,Baja California Norte,2007,1,0.9912829721371593,trajectory_plus_oisst,leave_region_out,Baja California Norte
westcoast_0298,Baja California Norte,2007,1,0.6610692064269454,trajectory_plus_oisst,leave_region_out,Baja California Norte
westcoast_0299,Baja California Norte,2007,1,0.7006804237315187,trajectory_plus_oisst,leave_region_out,Baja California Norte
westcoast_0302,Baja California Norte,2007,1,0.5847607998127929,trajectory_plus_oisst,leave_region_out,Baja California Norte
westcoast_0305,Baja California Norte,2007,0,0.4508201795009507,trajectory_plus_oisst,leave_region_out,Baja California Norte
westcoast_0306,Baja California Norte,2007,0,0.5289842419079545,trajectory_plus_oisst,leave_region_out,Baja California Norte
westcoast_0307,Baja California Norte,2007,0,0.5073355099400163,trajectory_plus_oisst,leave_region_out,Baja California Norte
westcoast_0233,Baja California Norte,2008,1,0.8119208633770187,current_only,leave_region_out,Baja California Norte
westcoast_0235,Baja California Norte,2008,0,0.38928044576411525,current_only,leave_region_out,Baja California Norte
westcoast_0236,Baja California Norte,2008,0,0.5717201753096374,current_only,leave_region_out,Baja California Norte
westcoast_0237,Baja California Norte,2008,0,0.47569544700084404,current_only,leave_region_out,Baja California Norte
westcoast_0238,Baja California Norte,2008,0,0.3784293382038454,current_only,leave_region_out,Baja California Norte
westcoast_0239,Baja California Norte,2008,0,0.3332325195165623,current_only,leave_region_out,Baja California Norte
westcoast_0240,Baja California Norte,2008,0,0.26606671525659786,current_only,leave_region_out,Baja California Norte
westcoast_0241,Baja California Norte,2008,0,0.39344649361020595,current_only,leave_region_out,Baja California Norte
westcoast_0243,Baja California Norte,2008,0,0.3551293748412792,current_only,leave_region_out,Baja California Norte
westcoast_0244,Baja California Norte,2008,0,0.4738729944250527,current_only,leave_region_out,Baja California Norte
westcoast_0246,Baja California Norte,2008,0,0.4538373871049949,current_only,leave_region_out,Baja California Norte
westcoast_0247,Baja California Norte,2008,0,0.5852474552034117,current_only,leave_region_out,Baja California Norte
westcoast_0248,Baja California Norte,2008,0,0.5019547062237305,current_only,leave_region_out,Baja California Norte
westcoast_0250,Baja California Norte,2008,0,0.4757921130090509,current_only,leave_region_out,Baja California Norte
westcoast_0252,Baja California Norte,2008,0,0.36900289284701926,current_only,leave_region_out,Baja California Norte
westcoast_0254,Baja California Norte,2008,0,0.4235226373126199,current_only,leave_region_out,Baja California Norte
westcoast_0255,Baja California Norte,2008,0,0.508061787320954,current_only,leave_region_out,Baja California Norte
westcoast_0256,Baja California Norte,2008,0,0.5153065626420498,current_only,leave_region_out,Baja California Norte
westcoast_0257,Baja California Norte,2008,0,0.3827836893407609,current_only,leave_region_out,Baja California Norte
westcoast_0258,Baja California Norte,2008,0,0.34735622705428487,current_only,leave_region_out,Baja California Norte
westcoast_0262,Baja California Norte,2008,0,0.6451323752226085,current_only,leave_region_out,Baja California Norte
westcoast_0263,Baja California Norte,2008,0,0.44529923826860845,current_only,leave_region_out,Baja California Norte
westcoast_0268,Baja California Norte,2008,0,0.36406311457124785,current_only,leave_region_out,Baja California Norte
westcoast_0273,Baja California Norte,2008,0,0.9727797863321339,current_only,leave_region_out,Baja California Norte
westcoast_0274,Baja California Norte,2008,0,0.6454199671329535,current_only,leave_region_out,Baja California Norte
westcoast_0275,Baja California Norte,2008,0,0.2531513595601539,current_only,leave_region_out,Baja California Norte
westcoast_0276,Baja California Norte,2008,0,0.29760375694451613,current_only,leave_region_out,Baja California Norte
westcoast_0277,Baja California Norte,2008,0,0.4203436671537597,current_only,leave_region_out,Baja California Norte
westcoast_0278,Baja California Norte,2008,0,0.2973644503634637,current_only,leave_region_out,Baja California Norte
westcoast_0279,Baja California Norte,2008,0,0.44923347188558604,current_only,leave_region_out,Baja California Norte
westcoast_0280,Baja California Norte,2008,0,0.4087560336895328,current_only,leave_region_out,Baja California Norte
westcoast_0281,Baja California Norte,2008,0,0.2727298709175158,current_only,leave_region_out,Baja California Norte
westcoast_0282,Baja California Norte,2008,0,0.37569042017273974,current_only,leave_region_out,Baja California Norte
westcoast_0285,Baja California Norte,2008,0,0.5189555080473626,current_only,leave_region_out,Baja California Norte
westcoast_0298,Baja California Norte,2008,1,0.2901075822283727,current_only,leave_region_out,Baja California Norte
westcoast_0299,Baja California Norte,2008,0,0.3649282321522589,current_only,leave_region_out,Baja California Norte
westcoast_0302,Baja California Norte,2008,0,0.29683597913792054,current_only,leave_region_out,Baja California Norte
westcoast_0305,Baja California Norte,2008,1,0.35078552154624976,current_only,leave_region_out,Baja California Norte
westcoast_0306,Baja California Norte,2008,1,0.3470109030976222,current_only,leave_region_out,Baja California Norte
westcoast_0307,Baja California Norte,2008,1,0.4394953207068838,current_only,leave_region_out,Baja California Norte
westcoast_0233,Baja California Norte,2008,1,0.8776157845266043,current_plus_trajectory,leave_region_out,Baja California Norte
westcoast_0235,Baja California Norte,2008,0,0.49817076229988777,current_plus_trajectory,leave_region_out,Baja California Norte
westcoast_0236,Baja California Norte,2008,0,0.7260345828041915,current_plus_trajectory,leave_region_out,Baja California Norte
westcoast_0237,Baja California Norte,2008,0,0.5370034644259799,current_plus_trajectory,leave_region_out,Baja California Norte
westcoast_0238,Baja California Norte,2008,0,0.44603909797785324,current_plus_trajectory,leave_region_out,Baja California Norte
westcoast_0239,Baja California Norte,2008,0,0.3927114135959332,current_plus_trajectory,leave_region_out,Baja California Norte
westcoast_0240,Baja California Norte,2008,0,0.33634364511305065,current_plus_trajectory,leave_region_out,Baja California Norte
westcoast_0241,Baja California Norte,2008,0,0.4480224248729277,current_plus_trajectory,leave_region_out,Baja California Norte
westcoast_0243,Baja California Norte,2008,0,0.4204564543803229,current_plus_trajectory,leave_region_out,Baja California Norte
westcoast_0244,Baja California Norte,2008,0,0.6512408412059371,current_plus_trajectory,leave_region_out,Baja California Norte
westcoast_0246,Baja California Norte,2008,0,0.6052627637188384,current_plus_trajectory,leave_region_out,Baja California Norte
westcoast_0247,Baja California Norte,2008,0,0.6593628565640375,current_plus_trajectory,leave_region_out,Baja California Norte
westcoast_0248,Baja California Norte,2008,0,0.6140663999397483,current_plus_trajectory,leave_region_out,Baja California Norte
westcoast_0250,Baja California Norte,2008,0,0.39583594435190883,current_plus_trajectory,leave_region_out,Baja California Norte
westcoast_0252,Baja California Norte,2008,0,0.3368160040700089,current_plus_trajectory,leave_region_out,Baja California Norte
westcoast_0254,Baja California Norte,2008,0,0.5053874887421042,current_plus_trajectory,leave_region_out,Baja California Norte
westcoast_0255,Baja California Norte,2008,0,0.41875060562619504,current_plus_trajectory,leave_region_out,Baja California Norte
westcoast_0256,Baja California Norte,2008,0,0.5134638679610081,current_plus_trajectory,leave_region_out,Baja California Norte
westcoast_0257,Baja California Norte,2008,0,0.4149583453562978,current_plus_trajectory,leave_region_out,Baja California Norte
westcoast_0258,Baja California Norte,2008,0,0.27703526246047755,current_plus_trajectory,leave_region_out,Baja California Norte
westcoast_0262,Baja California Norte,2008,0,0.7279850212406275,current_plus_trajectory,leave_region_out,Baja California Norte
westcoast_0263,Baja California Norte,2008,0,0.5681012791480418,current_plus_trajectory,leave_region_out,Baja California Norte
westcoast_0268,Baja California Norte,2008,0,0.40765701136389526,current_plus_trajectory,leave_region_out,Baja California Norte
westcoast_0273,Baja California Norte,2008,0,0.9728087160710467,current_plus_trajectory,leave_region_out,Baja California Norte
westcoast_0274,Baja California Norte,2008,0,0.6713045744684745,current_plus_trajectory,leave_region_out,Baja California Norte
westcoast_0275,Baja California Norte,2008,0,0.26638426029146156,current_plus_trajectory,leave_region_out,Baja California Norte
westcoast_0276,Baja California Norte,2008,0,0.2718746984058156,current_plus_trajectory,leave_region_out,Baja California Norte
westcoast_0277,Baja California Norte,2008,0,0.5170656826198489,current_plus_trajectory,leave_region_out,Baja California Norte
westcoast_0278,Baja California Norte,2008,0,0.36810269159831077,current_plus_trajectory,leave_region_out,Baja California Norte
westcoast_0279,Baja California Norte,2008,0,0.4641252276728668,current_plus_trajectory,leave_region_out,Baja California Norte
westcoast_0280,Baja California Norte,2008,0,0.4847406811316128,current_plus_trajectory,leave_region_out,Baja California Norte
westcoast_0281,Baja California Norte,2008,0,0.3363107242168632,current_plus_trajectory,leave_region_out,Baja California Norte
westcoast_0282,Baja California Norte,2008,0,0.3904703561133708,current_plus_trajectory,leave_region_out,Baja California Norte
westcoast_0285,Baja California Norte,2008,0,0.5171894179776777,current_plus_trajectory,leave_region_out,Baja California Norte
westcoast_0298,Baja California Norte,2008,1,0.2772008688518094,current_plus_trajectory,leave_region_out,Baja California Norte
westcoast_0299,Baja California Norte,2008,0,0.3447845405784564,current_plus_trajectory,leave_region_out,Baja California Norte
westcoast_0302,Baja California Norte,2008,0,0.2867773460122728,current_plus_trajectory,leave_region_out,Baja California Norte
westcoast_0305,Baja California Norte,2008,1,0.42151626883819465,current_plus_trajectory,leave_region_out,Baja California Norte
westcoast_0306,Baja California Norte,2008,1,0.3065083483276339,current_plus_trajectory,leave_region_out,Baja California Norte
westcoast_0307,Baja California Norte,2008,1,0.4580832639721572,current_plus_trajectory,leave_region_out,Baja California Norte
westcoast_0233,Baja California Norte,2008,1,0.9178801314214472,trajectory_plus_oisst,leave_region_out,Baja California Norte
westcoast_0235,Baja California Norte,2008,0,0.541557340704833,trajectory_plus_oisst,leave_region_out,Baja California Norte
westcoast_0236,Baja California Norte,2008,0,0.7281704339581296,trajectory_plus_oisst,leave_region_out,Baja California Norte
westcoast_0237,Baja California Norte,2008,0,0.5413928195064611,trajectory_plus_oisst,leave_region_out,Baja California Norte
westcoast_0238,Baja California Norte,2008,0,0.43096129717991827,trajectory_plus_oisst,leave_region_out,Baja California Norte
westcoast_0239,Baja California Norte,2008,0,0.3703782118249175,trajectory_plus_oisst,leave_region_out,Baja California Norte
westcoast_0240,Baja California Norte,2008,0,0.39015012733749327,trajectory_plus_oisst,leave_region_out,Baja California Norte
westcoast_0241,Baja California Norte,2008,0,0.5391369962995035,trajectory_plus_oisst,leave_region_out,Baja California Norte
westcoast_0243,Baja California Norte,2008,0,0.5015893384695067,trajectory_plus_oisst,leave_region_out,Baja California Norte
westcoast_0244,Baja California Norte,2008,0,0.7079470243165529,trajectory_plus_oisst,leave_region_out,Baja California Norte
westcoast_0246,Baja California Norte,2008,0,0.6794928871531613,trajectory_plus_oisst,leave_region_out,Baja California Norte
westcoast_0247,Baja California Norte,2008,0,0.730911488342449,trajectory_plus_oisst,leave_region_out,Baja California Norte
westcoast_0248,Baja California Norte,2008,0,0.684673912817737,trajectory_plus_oisst,leave_region_out,Baja California Norte
westcoast_0250,Baja California Norte,2008,0,0.500665260715042,trajectory_plus_oisst,leave_region_out,Baja California Norte
westcoast_0252,Baja California Norte,2008,0,0.4110224034496996,trajectory_plus_oisst,leave_region_out,Baja California Norte
westcoast_0254,Baja California Norte,2008,0,0.6047914682672804,trajectory_plus_oisst,leave_region_out,Baja California Norte
westcoast_0255,Baja California Norte,2008,0,0.5637422009986324,trajectory_plus_oisst,leave_region_out,Baja California Norte
westcoast_0256,Baja California Norte,2008,0,0.6012184071285979,trajectory_plus_oisst,leave_region_out,Baja California Norte
westcoast_0257,Baja California Norte,2008,0,0.4441574221321407,trajectory_plus_oisst,leave_region_out,Baja California Norte
westcoast_0258,Baja California Norte,2008,0,0.3158177689472201,trajectory_plus_oisst,leave_region_out,Baja California Norte
westcoast_0262,Baja California Norte,2008,0,0.7749452064034411,trajectory_plus_oisst,leave_region_out,Baja California Norte
westcoast_0263,Baja California Norte,2008,0,0.5899949066934066,trajectory_plus_oisst,leave_region_out,Baja California Norte
westcoast_0268,Baja California Norte,2008,0,0.4110232331580647,trajectory_plus_oisst,leave_region_out,Baja California Norte
westcoast_0273,Baja California Norte,2008,0,0.9879794763082622,trajectory_plus_oisst,leave_region_out,Baja California Norte
westcoast_0274,Baja California Norte,2008,0,0.7223631612428121,trajectory_plus_oisst,leave_region_out,Baja California Norte
westcoast_0275,Baja California Norte,2008,0,0.3469758750744283,trajectory_plus_oisst,leave_region_out,Baja California Norte
westcoast_0276,Baja California Norte,2008,0,0.36703869568661224,trajectory_plus_oisst,leave_region_out,Baja California Norte
westcoast_0277,Baja California Norte,2008,0,0.632251859948626,trajectory_plus_oisst,leave_region_out,Baja California Norte
westcoast_0278,Baja California Norte,2008,0,0.46125867517197705,trajectory_plus_oisst,leave_region_out,Baja California Norte
westcoast_0279,Baja California Norte,2008,0,0.5926880464707667,trajectory_plus_oisst,leave_region_out,Baja California Norte
westcoast_0280,Baja California Norte,2008,0,0.5939122323530086,trajectory_plus_oisst,leave_region_out,Baja California Norte
westcoast_0281,Baja California Norte,2008,0,0.43316602883495225,trajectory_plus_oisst,leave_region_out,Baja California Norte
westcoast_0282,Baja California Norte,2008,0,0.5021242563737485,trajectory_plus_oisst,leave_region_out,Baja California Norte
westcoast_0285,Baja California Norte,2008,0,0.662047919068479,trajectory_plus_oisst,leave_region_out,Baja California Norte
westcoast_0298,Baja California Norte,2008,1,0.4426930954312223,trajectory_plus_oisst,leave_region_out,Baja California Norte
westcoast_0299,Baja California Norte,2008,0,0.5349744536719185,trajectory_plus_oisst,leave_region_out,Baja California Norte
westcoast_0302,Baja California Norte,2008,0,0.4533139758660812,trajectory_plus_oisst,leave_region_out,Baja California Norte
westcoast_0305,Baja California Norte,2008,1,0.5975397843259842,trajectory_plus_oisst,leave_region_out,Baja California Norte
westcoast_0306,Baja California Norte,2008,1,0.4930868041147355,trajectory_plus_oisst,leave_region_out,Baja California Norte
westcoast_0307,Baja California Norte,2008,1,0.6557828767719401,trajectory_plus_oisst,leave_region_out,Baja California Norte
westcoast_0233,Baja California Norte,2009,0,0.2537698121479747,current_only,leave_region_out,Baja California Norte
westcoast_0235,Baja California Norte,2009,1,0.4099567913387661,current_only,leave_region_out,Baja California Norte
westcoast_0236,Baja California Norte,2009,1,0.5922983751760967,current_only,leave_region_out,Baja California Norte
westcoast_0237,Baja California Norte,2009,1,0.5247694525491075,current_only,leave_region_out,Baja California Norte
westcoast_0238,Baja California Norte,2009,1,0.4799652479383763,current_only,leave_region_out,Baja California Norte
westcoast_0239,Baja California Norte,2009,0,0.4651788221617786,current_only,leave_region_out,Baja California Norte
westcoast_0240,Baja California Norte,2009,0,0.590798445425498,current_only,leave_region_out,Baja California Norte
westcoast_0241,Baja California Norte,2009,1,0.7343868524297686,current_only,leave_region_out,Baja California Norte
westcoast_0243,Baja California Norte,2009,0,0.6256714422728021,current_only,leave_region_out,Baja California Norte
westcoast_0244,Baja California Norte,2009,0,0.637080708189355,current_only,leave_region_out,Baja California Norte
westcoast_0246,Baja California Norte,2009,0,0.9777996309887859,current_only,leave_region_out,Baja California Norte
westcoast_0247,Baja California Norte,2009,0,0.9071918809830816,current_only,leave_region_out,Baja California Norte
westcoast_0248,Baja California Norte,2009,0,0.7428577050800175,current_only,leave_region_out,Baja California Norte
westcoast_0250,Baja California Norte,2009,0,0.6014805782901619,current_only,leave_region_out,Baja California Norte
westcoast_0252,Baja California Norte,2009,1,0.49823479701551515,current_only,leave_region_out,Baja California Norte
westcoast_0254,Baja California Norte,2009,1,0.6524449182898091,current_only,leave_region_out,Baja California Norte
westcoast_0255,Baja California Norte,2009,1,0.5431463079762044,current_only,leave_region_out,Baja California Norte
westcoast_0256,Baja California Norte,2009,1,0.8087637342277721,current_only,leave_region_out,Baja California Norte
westcoast_0257,Baja California Norte,2009,1,0.8222400914543899,current_only,leave_region_out,Baja California Norte
westcoast_0258,Baja California Norte,2009,1,0.7971549058015119,current_only,leave_region_out,Baja California Norte
westcoast_0262,Baja California Norte,2009,1,0.999983384670838,current_only,leave_region_out,Baja California Norte
westcoast_0263,Baja California Norte,2009,1,0.5007480632645384,current_only,leave_region_out,Baja California Norte
westcoast_0268,Baja California Norte,2009,0,0.48961443090179424,current_only,leave_region_out,Baja California Norte
westcoast_0273,Baja California Norte,2009,1,0.988747842193927,current_only,leave_region_out,Baja California Norte
westcoast_0274,Baja California Norte,2009,1,0.7764680812281674,current_only,leave_region_out,Baja California Norte
westcoast_0275,Baja California Norte,2009,1,0.4209098502771934,current_only,leave_region_out,Baja California Norte
westcoast_0276,Baja California Norte,2009,1,0.391153093213964,current_only,leave_region_out,Baja California Norte
westcoast_0277,Baja California Norte,2009,1,0.7608838450407092,current_only,leave_region_out,Baja California Norte
westcoast_0278,Baja California Norte,2009,1,0.4984828580917656,current_only,leave_region_out,Baja California Norte
westcoast_0279,Baja California Norte,2009,1,0.5922197063838418,current_only,leave_region_out,Baja California Norte
westcoast_0280,Baja California Norte,2009,1,0.3516636778580535,current_only,leave_region_out,Baja California Norte
westcoast_0281,Baja California Norte,2009,0,0.4024696272002462,current_only,leave_region_out,Baja California Norte
westcoast_0282,Baja California Norte,2009,0,0.5037151799248196,current_only,leave_region_out,Baja California Norte
westcoast_0285,Baja California Norte,2009,0,0.8586046785785721,current_only,leave_region_out,Baja California Norte
westcoast_0298,Baja California Norte,2009,0,0.2574732002895665,current_only,leave_region_out,Baja California Norte
westcoast_0299,Baja California Norte,2009,0,0.3501999393401941,current_only,leave_region_out,Baja California Norte
westcoast_0302,Baja California Norte,2009,1,0.388463921676425,current_only,leave_region_out,Baja California Norte
westcoast_0306,Baja California Norte,2009,0,0.29622885312194996,current_only,leave_region_out,Baja California Norte
westcoast_0307,Baja California Norte,2009,0,0.2812027579528245,current_only,leave_region_out,Baja California Norte
westcoast_0233,Baja California Norte,2009,0,0.1150024731234939,current_plus_trajectory,leave_region_out,Baja California Norte
westcoast_0235,Baja California Norte,2009,1,0.36763899066316297,current_plus_trajectory,leave_region_out,Baja California Norte
westcoast_0236,Baja California Norte,2009,1,0.5133638403824761,current_plus_trajectory,leave_region_out,Baja California Norte
westcoast_0237,Baja California Norte,2009,1,0.3287014007073251,current_plus_trajectory,leave_region_out,Baja California Norte
westcoast_0238,Baja California Norte,2009,1,0.37081782713066297,current_plus_trajectory,leave_region_out,Baja California Norte
westcoast_0239,Baja California Norte,2009,0,0.5044638459597073,current_plus_trajectory,leave_region_out,Baja California Norte
westcoast_0240,Baja California Norte,2009,0,0.7497086086351242,current_plus_trajectory,leave_region_out,Baja California Norte
westcoast_0241,Baja California Norte,2009,1,0.7629112291137876,current_plus_trajectory,leave_region_out,Baja California Norte
westcoast_0243,Baja California Norte,2009,0,0.7242355528252292,current_plus_trajectory,leave_region_out,Baja California Norte
westcoast_0244,Baja California Norte,2009,0,0.6825060931291989,current_plus_trajectory,leave_region_out,Baja California Norte
westcoast_0246,Baja California Norte,2009,0,0.9951315638549828,current_plus_trajectory,leave_region_out,Baja California Norte
westcoast_0247,Baja California Norte,2009,0,0.9180594564503023,current_plus_trajectory,leave_region_out,Baja California Norte
westcoast_0248,Baja California Norte,2009,0,0.7332822057400382,current_plus_trajectory,leave_region_out,Baja California Norte
westcoast_0250,Baja California Norte,2009,0,0.477596587470078,current_plus_trajectory,leave_region_out,Baja California Norte
westcoast_0252,Baja California Norte,2009,1,0.46994873801512554,current_plus_trajectory,leave_region_out,Baja California Norte
westcoast_0254,Baja California Norte,2009,1,0.6812783000210126,current_plus_trajectory,leave_region_out,Baja California Norte
westcoast_0255,Baja California Norte,2009,1,0.35085889847059026,current_plus_trajectory,leave_region_out,Baja California Norte
westcoast_0256,Baja California Norte,2009,1,0.7713670787743262,current_plus_trajectory,leave_region_out,Baja California Norte
westcoast_0257,Baja California Norte,2009,1,0.8984756464893003,current_plus_trajectory,leave_region_out,Baja California Norte
westcoast_0258,Baja California Norte,2009,1,0.8544086156971625,current_plus_trajectory,leave_region_out,Baja California Norte
westcoast_0262,Baja California Norte,2009,1,0.9999997733122542,current_plus_trajectory,leave_region_out,Baja California Norte
westcoast_0263,Baja California Norte,2009,1,0.47291698624803247,current_plus_trajectory,leave_region_out,Baja California Norte
westcoast_0268,Baja California Norte,2009,0,0.43071811846497954,current_plus_trajectory,leave_region_out,Baja California Norte
westcoast_0273,Baja California Norte,2009,1,0.6817703556500753,current_plus_trajectory,leave_region_out,Baja California Norte
westcoast_0274,Baja California Norte,2009,1,0.6686805379979227,current_plus_trajectory,leave_region_out,Baja California Norte
westcoast_0275,Baja California Norte,2009,1,0.46591807696754517,current_plus_trajectory,leave_region_out,Baja California Norte
westcoast_0276,Baja California Norte,2009,1,0.36977573917138584,current_plus_trajectory,leave_region_out,Baja California Norte
westcoast_0277,Baja California Norte,2009,1,0.7012745660153908,current_plus_trajectory,leave_region_out,Baja California Norte
westcoast_0278,Baja California Norte,2009,1,0.5017232374725351,current_plus_trajectory,leave_region_out,Baja California Norte
westcoast_0279,Baja California Norte,2009,1,0.46441765712208877,current_plus_trajectory,leave_region_out,Baja California Norte
westcoast_0280,Baja California Norte,2009,1,0.2441227502902277,current_plus_trajectory,leave_region_out,Baja California Norte
westcoast_0281,Baja California Norte,2009,0,0.4215193923063661,current_plus_trajectory,leave_region_out,Baja California Norte
westcoast_0282,Baja California Norte,2009,0,0.45490106563371463,current_plus_trajectory,leave_region_out,Baja California Norte
westcoast_0285,Baja California Norte,2009,0,0.8303757380303008,current_plus_trajectory,leave_region_out,Baja California Norte
westcoast_0298,Baja California Norte,2009,0,0.24280678213464327,current_plus_trajectory,leave_region_out,Baja California Norte
westcoast_0299,Baja California Norte,2009,0,0.27691522093959536,current_plus_trajectory,leave_region_out,Baja California Norte
westcoast_0302,Baja California Norte,2009,1,0.37462077978416736,current_plus_trajectory,leave_region_out,Baja California Norte
westcoast_0306,Baja California Norte,2009,0,0.2415554019783973,current_plus_trajectory,leave_region_out,Baja California Norte
westcoast_0307,Baja California Norte,2009,0,0.20534120434534311,current_plus_trajectory,leave_region_out,Baja California Norte
westcoast_0233,Baja California Norte,2009,0,0.18577526660246457,trajectory_plus_oisst,leave_region_out,Baja California Norte
westcoast_0235,Baja California Norte,2009,1,0.4104098215844504,trajectory_plus_oisst,leave_region_out,Baja California Norte
westcoast_0236,Baja California Norte,2009,1,0.6148233634544399,trajectory_plus_oisst,leave_region_out,Baja California Norte
westcoast_0237,Baja California Norte,2009,1,0.4259643352760907,trajectory_plus_oisst,leave_region_out,Baja California Norte
westcoast_0238,Baja California Norte,2009,1,0.45205270796362385,trajectory_plus_oisst,leave_region_out,Baja California Norte
westcoast_0239,Baja California Norte,2009,0,0.5662033024054712,trajectory_plus_oisst,leave_region_out,Baja California Norte
westcoast_0240,Baja California Norte,2009,0,0.8032170747441522,trajectory_plus_oisst,leave_region_out,Baja California Norte
westcoast_0241,Baja California Norte,2009,1,0.8409423762205444,trajectory_plus_oisst,leave_region_out,Baja California Norte
westcoast_0243,Baja California Norte,2009,0,0.7916910565984648,trajectory_plus_oisst,leave_region_out,Baja California Norte
westcoast_0244,Baja California Norte,2009,0,0.7810981261451615,trajectory_plus_oisst,leave_region_out,Baja California Norte
westcoast_0246,Baja California Norte,2009,0,0.9979335717547921,trajectory_plus_oisst,leave_region_out,Baja California Norte
westcoast_0247,Baja California Norte,2009,0,0.9645159499669645,trajectory_plus_oisst,leave_region_out,Baja California Norte
westcoast_0248,Baja California Norte,2009,0,0.8355686343545292,trajectory_plus_oisst,leave_region_out,Baja California Norte
westcoast_0250,Baja California Norte,2009,0,0.608096341743163,trajectory_plus_oisst,leave_region_out,Baja California Norte
westcoast_0252,Baja California Norte,2009,1,0.5722638547431445,trajectory_plus_oisst,leave_region_out,Baja California Norte
westcoast_0254,Baja California Norte,2009,1,0.7903700914006077,trajectory_plus_oisst,leave_region_out,Baja California Norte
westcoast_0255,Baja California Norte,2009,1,0.4925894648431535,trajectory_plus_oisst,leave_region_out,Baja California Norte
westcoast_0256,Baja California Norte,2009,1,0.8760776834026454,trajectory_plus_oisst,leave_region_out,Baja California Norte
westcoast_0257,Baja California Norte,2009,1,0.9481290057406406,trajectory_plus_oisst,leave_region_out,Baja California Norte
westcoast_0258,Baja California Norte,2009,1,0.9231721772835588,trajectory_plus_oisst,leave_region_out,Baja California Norte
westcoast_0262,Baja California Norte,2009,1,0.999999974826963,trajectory_plus_oisst,leave_region_out,Baja California Norte
westcoast_0263,Baja California Norte,2009,1,0.6282966350065382,trajectory_plus_oisst,leave_region_out,Baja California Norte
westcoast_0268,Baja California Norte,2009,0,0.5885823267861577,trajectory_plus_oisst,leave_region_out,Baja California Norte
westcoast_0273,Baja California Norte,2009,1,0.905499559862096,trajectory_plus_oisst,leave_region_out,Baja California Norte
westcoast_0274,Baja California Norte,2009,1,0.7734747730983007,trajectory_plus_oisst,leave_region_out,Baja California Norte
westcoast_0275,Baja California Norte,2009,1,0.4952328724566296,trajectory_plus_oisst,leave_region_out,Baja California Norte
westcoast_0276,Baja California Norte,2009,1,0.3428290090684068,trajectory_plus_oisst,leave_region_out,Baja California Norte
westcoast_0277,Baja California Norte,2009,1,0.7921305811385319,trajectory_plus_oisst,leave_region_out,Baja California Norte
westcoast_0278,Baja California Norte,2009,1,0.5019432429578597,trajectory_plus_oisst,leave_region_out,Baja California Norte
westcoast_0279,Baja California Norte,2009,1,0.5432117736077406,trajectory_plus_oisst,leave_region_out,Baja California Norte
westcoast_0280,Baja California Norte,2009,1,0.23133706910230128,trajectory_plus_oisst,leave_region_out,Baja California Norte
westcoast_0281,Baja California Norte,2009,0,0.41511849576892607,trajectory_plus_oisst,leave_region_out,Baja California Norte
westcoast_0282,Baja California Norte,2009,0,0.44757131746907564,trajectory_plus_oisst,leave_region_out,Baja California Norte
westcoast_0285,Baja California Norte,2009,0,0.8761880004135061,trajectory_plus_oisst,leave_region_out,Baja California Norte
westcoast_0298,Baja California Norte,2009,0,0.3395965178408649,trajectory_plus_oisst,leave_region_out,Baja California Norte
westcoast_0299,Baja California Norte,2009,0,0.453163058628512,trajectory_plus_oisst,leave_region_out,Baja California Norte
westcoast_0302,Baja California Norte,2009,1,0.5108994737110888,trajectory_plus_oisst,leave_region_out,Baja California Norte
westcoast_0306,Baja California Norte,2009,0,0.4198292739634273,trajectory_plus_oisst,leave_region_out,Baja California Norte
westcoast_0307,Baja California Norte,2009,0,0.3750581729054687,trajectory_plus_oisst,leave_region_out,Baja California Norte
westcoast_0233,Baja California Norte,2010,1,0.3905839239944629,current_only,leave_region_out,Baja California Norte
westcoast_0235,Baja California Norte,2010,0,0.26938879249414066,current_only,leave_region_out,Baja California Norte
westcoast_0236,Baja California Norte,2010,0,0.24634343847444506,current_only,leave_region_out,Baja California Norte
westcoast_0237,Baja California Norte,2010,1,0.34813889404958465,current_only,leave_region_out,Baja California Norte
westcoast_0238,Baja California Norte,2010,1,0.2768605817595626,current_only,leave_region_out,Baja California Norte
westcoast_0239,Baja California Norte,2010,1,0.6784525711570893,current_only,leave_region_out,Baja California Norte
westcoast_0240,Baja California Norte,2010,1,0.686682693474054,current_only,leave_region_out,Baja California Norte
westcoast_0241,Baja California Norte,2010,0,0.32393408575590643,current_only,leave_region_out,Baja California Norte
westcoast_0243,Baja California Norte,2010,0,0.6183087020593077,current_only,leave_region_out,Baja California Norte
westcoast_0244,Baja California Norte,2010,0,0.7472872402275375,current_only,leave_region_out,Baja California Norte
westcoast_0246,Baja California Norte,2010,1,0.9922364426355156,current_only,leave_region_out,Baja California Norte
westcoast_0247,Baja California Norte,2010,0,0.8245942906466329,current_only,leave_region_out,Baja California Norte
westcoast_0248,Baja California Norte,2010,0,0.6481397019034258,current_only,leave_region_out,Baja California Norte
westcoast_0250,Baja California Norte,2010,0,0.7316236338822277,current_only,leave_region_out,Baja California Norte
westcoast_0252,Baja California Norte,2010,0,0.40432181433132625,current_only,leave_region_out,Baja California Norte
westcoast_0254,Baja California Norte,2010,1,0.34768470431874116,current_only,leave_region_out,Baja California Norte
westcoast_0255,Baja California Norte,2010,0,0.24857972393017566,current_only,leave_region_out,Baja California Norte
westcoast_0256,Baja California Norte,2010,0,0.26175590102309865,current_only,leave_region_out,Baja California Norte
westcoast_0257,Baja California Norte,2010,1,0.3496300601229593,current_only,leave_region_out,Baja California Norte
westcoast_0258,Baja California Norte,2010,0,0.27319024907623995,current_only,leave_region_out,Baja California Norte
westcoast_0262,Baja California Norte,2010,1,0.4734174367388997,current_only,leave_region_out,Baja California Norte
westcoast_0263,Baja California Norte,2010,0,0.35102888017714884,current_only,leave_region_out,Baja California Norte
westcoast_0268,Baja California Norte,2010,1,0.5456688935909577,current_only,leave_region_out,Baja California Norte
westcoast_0273,Baja California Norte,2010,1,0.7221011144894699,current_only,leave_region_out,Baja California Norte
westcoast_0274,Baja California Norte,2010,0,0.2487241853087105,current_only,leave_region_out,Baja California Norte
westcoast_0276,Baja California Norte,2010,0,0.240190274165129,current_only,leave_region_out,Baja California Norte
westcoast_0277,Baja California Norte,2010,0,0.3720349443992285,current_only,leave_region_out,Baja California Norte
westcoast_0279,Baja California Norte,2010,1,0.43205880124690715,current_only,leave_region_out,Baja California Norte
westcoast_0280,Baja California Norte,2010,0,0.2624299958427691,current_only,leave_region_out,Baja California Norte
westcoast_0281,Baja California Norte,2010,1,0.676102403316029,current_only,leave_region_out,Baja California Norte
westcoast_0282,Baja California Norte,2010,1,0.6229307306054754,current_only,leave_region_out,Baja California Norte
westcoast_0285,Baja California Norte,2010,1,0.9708087033789927,current_only,leave_region_out,Baja California Norte
westcoast_0298,Baja California Norte,2010,0,0.29127279924928345,current_only,leave_region_out,Baja California Norte
westcoast_0299,Baja California Norte,2010,0,0.43339522588158597,current_only,leave_region_out,Baja California Norte
westcoast_0302,Baja California Norte,2010,0,0.32206048201100707,current_only,leave_region_out,Baja California Norte
westcoast_0305,Baja California Norte,2010,0,0.2576620498217315,current_only,leave_region_out,Baja California Norte
westcoast_0306,Baja California Norte,2010,0,0.3533538527500584,current_only,leave_region_out,Baja California Norte
westcoast_0307,Baja California Norte,2010,0,0.4163710461271282,current_only,leave_region_out,Baja California Norte
westcoast_0233,Baja California Norte,2010,1,0.5977742979501706,current_plus_trajectory,leave_region_out,Baja California Norte
westcoast_0235,Baja California Norte,2010,0,0.2125519744409666,current_plus_trajectory,leave_region_out,Baja California Norte
westcoast_0236,Baja California Norte,2010,0,0.20253082565171615,current_plus_trajectory,leave_region_out,Baja California Norte
westcoast_0237,Baja California Norte,2010,1,0.3088550551079816,current_plus_trajectory,leave_region_out,Baja California Norte
westcoast_0238,Baja California Norte,2010,1,0.2573136423491019,current_plus_trajectory,leave_region_out,Baja California Norte
westcoast_0239,Baja California Norte,2010,1,0.6864882699296321,current_plus_trajectory,leave_region_out,Baja California Norte
westcoast_0240,Baja California Norte,2010,1,0.7170022022125898,current_plus_trajectory,leave_region_out,Baja California Norte
westcoast_0241,Baja California Norte,2010,0,0.3027007915782693,current_plus_trajectory,leave_region_out,Baja California Norte
westcoast_0243,Baja California Norte,2010,0,0.5668353757839985,current_plus_trajectory,leave_region_out,Baja California Norte
westcoast_0244,Baja California Norte,2010,0,0.6376323085576522,current_plus_trajectory,leave_region_out,Baja California Norte
westcoast_0246,Baja California Norte,2010,1,0.9909592028690368,current_plus_trajectory,leave_region_out,Baja California Norte
westcoast_0247,Baja California Norte,2010,0,0.6945998839169805,current_plus_trajectory,leave_region_out,Baja California Norte
westcoast_0248,Baja California Norte,2010,0,0.49948747001065835,current_plus_trajectory,leave_region_out,Baja California Norte
westcoast_0250,Baja California Norte,2010,0,0.6879238045412347,current_plus_trajectory,leave_region_out,Baja California Norte
westcoast_0252,Baja California Norte,2010,0,0.33985018484540147,current_plus_trajectory,leave_region_out,Baja California Norte
westcoast_0254,Baja California Norte,2010,1,0.27085321744959956,current_plus_trajectory,leave_region_out,Baja California Norte
westcoast_0255,Baja California Norte,2010,0,0.25340514416140403,current_plus_trajectory,leave_region_out,Baja California Norte
westcoast_0256,Baja California Norte,2010,0,0.2800524434679954,current_plus_trajectory,leave_region_out,Baja California Norte
westcoast_0257,Baja California Norte,2010,1,0.3386466770108284,current_plus_trajectory,leave_region_out,Baja California Norte
westcoast_0258,Baja California Norte,2010,0,0.331328176784269,current_plus_trajectory,leave_region_out,Baja California Norte
westcoast_0262,Baja California Norte,2010,1,0.8835171932761842,current_plus_trajectory,leave_region_out,Baja California Norte
westcoast_0263,Baja California Norte,2010,0,0.2508312480161968,current_plus_trajectory,leave_region_out,Baja California Norte
westcoast_0268,Baja California Norte,2010,1,0.5791783795399023,current_plus_trajectory,leave_region_out,Baja California Norte
westcoast_0273,Baja California Norte,2010,1,0.6523785611540126,current_plus_trajectory,leave_region_out,Baja California Norte
westcoast_0274,Baja California Norte,2010,0,0.2434555327042709,current_plus_trajectory,leave_region_out,Baja California Norte
westcoast_0276,Baja California Norte,2010,0,0.21601749892287775,current_plus_trajectory,leave_region_out,Baja California Norte
westcoast_0277,Baja California Norte,2010,0,0.4541546540828782,current_plus_trajectory,leave_region_out,Baja California Norte
westcoast_0279,Baja California Norte,2010,1,0.36128018811833834,current_plus_trajectory,leave_region_out,Baja California Norte
westcoast_0280,Baja California Norte,2010,0,0.25501698368527553,current_plus_trajectory,leave_region_out,Baja California Norte
westcoast_0281,Baja California Norte,2010,1,0.7579768992711805,current_plus_trajectory,leave_region_out,Baja California Norte
westcoast_0282,Baja California Norte,2010,1,0.6032468760398546,current_plus_trajectory,leave_region_out,Baja California Norte
westcoast_0285,Baja California Norte,2010,1,0.9845485558177153,current_plus_trajectory,leave_region_out,Baja California Norte
westcoast_0298,Baja California Norte,2010,0,0.3561801863507164,current_plus_trajectory,leave_region_out,Baja California Norte
westcoast_0299,Baja California Norte,2010,0,0.4533106145681334,current_plus_trajectory,leave_region_out,Baja California Norte
westcoast_0302,Baja California Norte,2010,0,0.31233163012671644,current_plus_trajectory,leave_region_out,Baja California Norte
westcoast_0305,Baja California Norte,2010,0,0.2567146016092796,current_plus_trajectory,leave_region_out,Baja California Norte
westcoast_0306,Baja California Norte,2010,0,0.36647885739349,current_plus_trajectory,leave_region_out,Baja California Norte
westcoast_0307,Baja California Norte,2010,0,0.44882678196539594,current_plus_trajectory,leave_region_out,Baja California Norte
westcoast_0233,Baja California Norte,2010,1,0.6958956008857409,trajectory_plus_oisst,leave_region_out,Baja California Norte
westcoast_0235,Baja California Norte,2010,0,0.319130741138682,trajectory_plus_oisst,leave_region_out,Baja California Norte
westcoast_0236,Baja California Norte,2010,0,0.3184791159380285,trajectory_plus_oisst,leave_region_out,Baja California Norte
westcoast_0237,Baja California Norte,2010,1,0.45141005631550357,trajectory_plus_oisst,leave_region_out,Baja California Norte
westcoast_0238,Baja California Norte,2010,1,0.3793787105507427,trajectory_plus_oisst,leave_region_out,Baja California Norte
westcoast_0239,Baja California Norte,2010,1,0.8234192388820961,trajectory_plus_oisst,leave_region_out,Baja California Norte
westcoast_0240,Baja California Norte,2010,1,0.849804814197589,trajectory_plus_oisst,leave_region_out,Baja California Norte
westcoast_0241,Baja California Norte,2010,0,0.45971796290708106,trajectory_plus_oisst,leave_region_out,Baja California Norte
westcoast_0243,Baja California Norte,2010,0,0.7456871991708026,trajectory_plus_oisst,leave_region_out,Baja California Norte
westcoast_0244,Baja California Norte,2010,0,0.83541030566374,trajectory_plus_oisst,leave_region_out,Baja California Norte
westcoast_0246,Baja California Norte,2010,1,0.9975708125543341,trajectory_plus_oisst,leave_region_out,Baja California Norte
westcoast_0247,Baja California Norte,2010,0,0.8668488099330336,trajectory_plus_oisst,leave_region_out,Baja California Norte
westcoast_0248,Baja California Norte,2010,0,0.7336997522362051,trajectory_plus_oisst,leave_region_out,Baja California Norte
westcoast_0250,Baja California Norte,2010,0,0.8562911180585315,trajectory_plus_oisst,leave_region_out,Baja California Norte
westcoast_0252,Baja California Norte,2010,0,0.5475470064201687,trajectory_plus_oisst,leave_region_out,Baja California Norte
westcoast_0254,Baja California Norte,2010,1,0.4828790325781287,trajectory_plus_oisst,leave_region_out,Baja California Norte
westcoast_0255,Baja California Norte,2010,0,0.432366081359104,trajectory_plus_oisst,leave_region_out,Baja California Norte
westcoast_0256,Baja California Norte,2010,0,0.49816355760502595,trajectory_plus_oisst,leave_region_out,Baja California Norte
westcoast_0257,Baja California Norte,2010,1,0.5857100349892133,trajectory_plus_oisst,leave_region_out,Baja California Norte
westcoast_0258,Baja California Norte,2010,0,0.5570625109403281,trajectory_plus_oisst,leave_region_out,Baja California Norte
westcoast_0262,Baja California Norte,2010,1,0.9636558966622653,trajectory_plus_oisst,leave_region_out,Baja California Norte
westcoast_0263,Baja California Norte,2010,0,0.5102647501633715,trajectory_plus_oisst,leave_region_out,Baja California Norte
westcoast_0268,Baja California Norte,2010,1,0.8142717726158857,trajectory_plus_oisst,leave_region_out,Baja California Norte
westcoast_0273,Baja California Norte,2010,1,0.9025223141657145,trajectory_plus_oisst,leave_region_out,Baja California Norte
westcoast_0274,Baja California Norte,2010,0,0.5505094549385375,trajectory_plus_oisst,leave_region_out,Baja California Norte
westcoast_0276,Baja California Norte,2010,0,0.47754038747159644,trajectory_plus_oisst,leave_region_out,Baja California Norte
westcoast_0277,Baja California Norte,2010,0,0.7411375733354537,trajectory_plus_oisst,leave_region_out,Baja California Norte
westcoast_0279,Baja California Norte,2010,1,0.6817079132956627,trajectory_plus_oisst,leave_region_out,Baja California Norte
westcoast_0280,Baja California Norte,2010,0,0.5307317619387645,trajectory_plus_oisst,leave_region_out,Baja California Norte
westcoast_0281,Baja California Norte,2010,1,0.9185494500737665,trajectory_plus_oisst,leave_region_out,Baja California Norte
westcoast_0282,Baja California Norte,2010,1,0.8586697249973065,trajectory_plus_oisst,leave_region_out,Baja California Norte
westcoast_0285,Baja California Norte,2010,1,0.9968316679161655,trajectory_plus_oisst,leave_region_out,Baja California Norte
westcoast_0298,Baja California Norte,2010,0,0.6417484167217731,trajectory_plus_oisst,leave_region_out,Baja California Norte
westcoast_0299,Baja California Norte,2010,0,0.7474836330660467,trajectory_plus_oisst,leave_region_out,Baja California Norte
westcoast_0302,Baja California Norte,2010,0,0.6088495612700765,trajectory_plus_oisst,leave_region_out,Baja California Norte
westcoast_0305,Baja California Norte,2010,0,0.5471036981853087,trajectory_plus_oisst,leave_region_out,Baja California Norte
westcoast_0306,Baja California Norte,2010,0,0.6793339657674914,trajectory_plus_oisst,leave_region_out,Baja California Norte
westcoast_0307,Baja California Norte,2010,0,0.7539672951184463,trajectory_plus_oisst,leave_region_out,Baja California Norte
westcoast_0233,Baja California Norte,2011,0,0.2907835226444524,current_only,leave_region_out,Baja California Norte
westcoast_0235,Baja California Norte,2011,1,0.34607086035965484,current_only,leave_region_out,Baja California Norte
westcoast_0236,Baja California Norte,2011,0,0.2689533955460253,current_only,leave_region_out,Baja California Norte
westcoast_0237,Baja California Norte,2011,1,0.2880184054796718,current_only,leave_region_out,Baja California Norte
westcoast_0239,Baja California Norte,2011,1,0.5088660539645875,current_only,leave_region_out,Baja California Norte
westcoast_0240,Baja California Norte,2011,1,0.5267483238828418,current_only,leave_region_out,Baja California Norte
westcoast_0241,Baja California Norte,2011,1,0.5099565699404662,current_only,leave_region_out,Baja California Norte
westcoast_0243,Baja California Norte,2011,1,0.5188669331963492,current_only,leave_region_out,Baja California Norte
westcoast_0244,Baja California Norte,2011,1,0.6787632458428624,current_only,leave_region_out,Baja California Norte
westcoast_0246,Baja California Norte,2011,1,0.7955189752650752,current_only,leave_region_out,Baja California Norte
westcoast_0247,Baja California Norte,2011,1,0.7886515435490674,current_only,leave_region_out,Baja California Norte
westcoast_0248,Baja California Norte,2011,1,0.5727435539734341,current_only,leave_region_out,Baja California Norte
westcoast_0250,Baja California Norte,2011,1,0.7670513459191255,current_only,leave_region_out,Baja California Norte
westcoast_0252,Baja California Norte,2011,0,0.3529849627565937,current_only,leave_region_out,Baja California Norte
westcoast_0255,Baja California Norte,2011,0,0.3073209136199961,current_only,leave_region_out,Baja California Norte
westcoast_0256,Baja California Norte,2011,1,0.4519368240346368,current_only,leave_region_out,Baja California Norte
westcoast_0257,Baja California Norte,2011,1,0.2760174618959642,current_only,leave_region_out,Baja California Norte
westcoast_0258,Baja California Norte,2011,0,0.3493088850745935,current_only,leave_region_out,Baja California Norte
westcoast_0262,Baja California Norte,2011,1,0.3579895805898878,current_only,leave_region_out,Baja California Norte
westcoast_0263,Baja California Norte,2011,1,0.3431661199315783,current_only,leave_region_out,Baja California Norte
westcoast_0268,Baja California Norte,2011,1,0.37571133705048926,current_only,leave_region_out,Baja California Norte
westcoast_0273,Baja California Norte,2011,1,0.3952873282813481,current_only,leave_region_out,Baja California Norte
westcoast_0279,Baja California Norte,2011,0,0.31011813561642226,current_only,leave_region_out,Baja California Norte
westcoast_0280,Baja California Norte,2011,0,0.26049232123802635,current_only,leave_region_out,Baja California Norte
westcoast_0281,Baja California Norte,2011,0,0.3082389518637771,current_only,leave_region_out,Baja California Norte
westcoast_0282,Baja California Norte,2011,0,0.4153069068922963,current_only,leave_region_out,Baja California Norte
westcoast_0285,Baja California Norte,2011,0,0.45768256973691746,current_only,leave_region_out,Baja California Norte
westcoast_0298,Baja California Norte,2011,0,0.3709441379754858,current_only,leave_region_out,Baja California Norte
westcoast_0299,Baja California Norte,2011,0,0.4202398770834418,current_only,leave_region_out,Baja California Norte
westcoast_0302,Baja California Norte,2011,0,0.3999652447951887,current_only,leave_region_out,Baja California Norte
westcoast_0305,Baja California Norte,2011,0,0.2735794485158911,current_only,leave_region_out,Baja California Norte
westcoast_0306,Baja California Norte,2011,0,0.37941003397721007,current_only,leave_region_out,Baja California Norte
westcoast_0307,Baja California Norte,2011,0,0.4165614261486068,current_only,leave_region_out,Baja California Norte
westcoast_0233,Baja California Norte,2011,0,0.3603214258061138,current_plus_trajectory,leave_region_out,Baja California Norte
westcoast_0235,Baja California Norte,2011,1,0.35835623936521677,current_plus_trajectory,leave_region_out,Baja California Norte
westcoast_0236,Baja California Norte,2011,0,0.3466642072590149,current_plus_trajectory,leave_region_out,Baja California Norte
westcoast_0237,Baja California Norte,2011,1,0.27713378865470845,current_plus_trajectory,leave_region_out,Baja California Norte
westcoast_0239,Baja California Norte,2011,1,0.37136914163458723,current_plus_trajectory,leave_region_out,Baja California Norte
westcoast_0240,Baja California Norte,2011,1,0.3259085321145266,current_plus_trajectory,leave_region_out,Baja California Norte
westcoast_0241,Baja California Norte,2011,1,0.5224522592708195,current_plus_trajectory,leave_region_out,Baja California Norte
westcoast_0243,Baja California Norte,2011,1,0.3469260265014167,current_plus_trajectory,leave_region_out,Baja California Norte
westcoast_0244,Baja California Norte,2011,1,0.46582235813274064,current_plus_trajectory,leave_region_out,Baja California Norte
westcoast_0246,Baja California Norte,2011,1,0.48646760224095625,current_plus_trajectory,leave_region_out,Baja California Norte
westcoast_0247,Baja California Norte,2011,1,0.527290341980417,current_plus_trajectory,leave_region_out,Baja California Norte
westcoast_0248,Baja California Norte,2011,1,0.40257353142539953,current_plus_trajectory,leave_region_out,Baja California Norte
westcoast_0250,Baja California Norte,2011,1,0.6131721521926746,current_plus_trajectory,leave_region_out,Baja California Norte
westcoast_0252,Baja California Norte,2011,0,0.28756545360696373,current_plus_trajectory,leave_region_out,Baja California Norte
westcoast_0255,Baja California Norte,2011,0,0.35976462138068654,current_plus_trajectory,leave_region_out,Baja California Norte
westcoast_0256,Baja California Norte,2011,1,0.5712038963429308,current_plus_trajectory,leave_region_out,Baja California Norte
westcoast_0257,Baja California Norte,2011,1,0.353426961372116,current_plus_trajectory,leave_region_out,Baja California Norte
westcoast_0258,Baja California Norte,2011,0,0.4333325947009193,current_plus_trajectory,leave_region_out,Baja California Norte
westcoast_0262,Baja California Norte,2011,1,0.9628674078733134,current_plus_trajectory,leave_region_out,Baja California Norte
westcoast_0263,Baja California Norte,2011,1,0.31372922553930654,current_plus_trajectory,leave_region_out,Baja California Norte
westcoast_0268,Baja California Norte,2011,1,0.2815450058265344,current_plus_trajectory,leave_region_out,Baja California Norte
westcoast_0273,Baja California Norte,2011,1,0.7156914843445141,current_plus_trajectory,leave_region_out,Baja California Norte
westcoast_0279,Baja California Norte,2011,0,0.2778809112923592,current_plus_trajectory,leave_region_out,Baja California Norte
westcoast_0280,Baja California Norte,2011,0,0.24210390561807876,current_plus_trajectory,leave_region_out,Baja California Norte
westcoast_0281,Baja California Norte,2011,0,0.24648497195622796,current_plus_trajectory,leave_region_out,Baja California Norte
westcoast_0282,Baja California Norte,2011,0,0.3024845320111981,current_plus_trajectory,leave_region_out,Baja California Norte
westcoast_0285,Baja California Norte,2011,0,0.37789206994695324,current_plus_trajectory,leave_region_out,Baja California Norte
westcoast_0298,Baja California Norte,2011,0,0.41538852381233404,current_plus_trajectory,leave_region_out,Baja California Norte
westcoast_0299,Baja California Norte,2011,0,0.3812109993155158,current_plus_trajectory,leave_region_out,Baja California Norte
westcoast_0302,Baja California Norte,2011,0,0.3908130525959736,current_plus_trajectory,leave_region_out,Baja California Norte
westcoast_0305,Baja California Norte,2011,0,0.34573162440094124,current_plus_trajectory,leave_region_out,Baja California Norte
westcoast_0306,Baja California Norte,2011,0,0.39220540238769597,current_plus_trajectory,leave_region_out,Baja California Norte
westcoast_0307,Baja California Norte,2011,0,0.45594741869561795,current_plus_trajectory,leave_region_out,Baja California Norte
westcoast_0233,Baja California Norte,2011,0,0.38870394691048804,trajectory_plus_oisst,leave_region_out,Baja California Norte
westcoast_0235,Baja California Norte,2011,1,0.4123471729542318,trajectory_plus_oisst,leave_region_out,Baja California Norte
westcoast_0236,Baja California Norte,2011,0,0.3778178047653646,trajectory_plus_oisst,leave_region_out,Baja California Norte
westcoast_0237,Baja California Norte,2011,1,0.31554523829909614,trajectory_plus_oisst,leave_region_out,Baja California Norte
westcoast_0239,Baja California Norte,2011,1,0.44886167502581914,trajectory_plus_oisst,leave_region_out,Baja California Norte
westcoast_0240,Baja California Norte,2011,1,0.42076875348883014,trajectory_plus_oisst,leave_region_out,Baja California Norte
westcoast_0241,Baja California Norte,2011,1,0.6014002484646062,trajectory_plus_oisst,leave_region_out,Baja California Norte
westcoast_0243,Baja California Norte,2011,1,0.4390863387102939,trajectory_plus_oisst,leave_region_out,Baja California Norte
westcoast_0244,Baja California Norte,2011,1,0.603764503992212,trajectory_plus_oisst,leave_region_out,Baja California Norte
westcoast_0246,Baja California Norte,2011,1,0.6366528373965106,trajectory_plus_oisst,leave_region_out,Baja California Norte
westcoast_0247,Baja California Norte,2011,1,0.6697288077291722,trajectory_plus_oisst,leave_region_out,Baja California Norte
westcoast_0248,Baja California Norte,2011,1,0.528851103949876,trajectory_plus_oisst,leave_region_out,Baja California Norte
westcoast_0250,Baja California Norte,2011,1,0.7385956292796799,trajectory_plus_oisst,leave_region_out,Baja California Norte
westcoast_0252,Baja California Norte,2011,0,0.3741832680437822,trajectory_plus_oisst,leave_region_out,Baja California Norte
westcoast_0255,Baja California Norte,2011,0,0.43834638081492633,trajectory_plus_oisst,leave_region_out,Baja California Norte
westcoast_0256,Baja California Norte,2011,1,0.6748253669807782,trajectory_plus_oisst,leave_region_out,Baja California Norte
westcoast_0257,Baja California Norte,2011,1,0.44197706332505654,trajectory_plus_oisst,leave_region_out,Baja California Norte
westcoast_0258,Baja California Norte,2011,0,0.5327005605232982,trajectory_plus_oisst,leave_region_out,Baja California Norte
westcoast_0262,Baja California Norte,2011,1,0.9730174936262642,trajectory_plus_oisst,leave_region_out,Baja California Norte
westcoast_0263,Baja California Norte,2011,1,0.41189493055709164,trajectory_plus_oisst,leave_region_out,Baja California Norte
westcoast_0268,Baja California Norte,2011,1,0.3814338282424835,trajectory_plus_oisst,leave_region_out,Baja California Norte
westcoast_0273,Baja California Norte,2011,1,0.785170448231121,trajectory_plus_oisst,leave_region_out,Baja California Norte
westcoast_0279,Baja California Norte,2011,0,0.35685096064029986,trajectory_plus_oisst,leave_region_out,Baja California Norte
westcoast_0280,Baja California Norte,2011,0,0.2649336583635977,trajectory_plus_oisst,leave_region_out,Baja California Norte
westcoast_0281,Baja California Norte,2011,0,0.2899198573687201,trajectory_plus_oisst,leave_region_out,Baja California Norte
westcoast_0282,Baja California Norte,2011,0,0.35428106070794635,trajectory_plus_oisst,leave_region_out,Baja California Norte
westcoast_0285,Baja California Norte,2011,0,0.4417667243860016,trajectory_plus_oisst,leave_region_out,Baja California Norte
westcoast_0298,Baja California Norte,2011,0,0.4063349434735525,trajectory_plus_oisst,leave_region_out,Baja California Norte
westcoast_0299,Baja California Norte,2011,0,0.39114993652298763,trajectory_plus_oisst,leave_region_out,Baja California Norte
westcoast_0302,Baja California Norte,2011,0,0.39179026199474426,trajectory_plus_oisst,leave_region_out,Baja California Norte
westcoast_0305,Baja California Norte,2011,0,0.32982083712255106,trajectory_plus_oisst,leave_region_out,Baja California Norte
westcoast_0306,Baja California Norte,2011,0,0.392205584677484,trajectory_plus_oisst,leave_region_out,Baja California Norte
westcoast_0307,Baja California Norte,2011,0,0.45374183937978924,trajectory_plus_oisst,leave_region_out,Baja California Norte
westcoast_0233,Baja California Norte,2012,0,0.6213462848012491,current_only,leave_region_out,Baja California Norte
westcoast_0235,Baja California Norte,2012,0,0.25663885766001626,current_only,leave_region_out,Baja California Norte
westcoast_0236,Baja California Norte,2012,0,0.2578807388506988,current_only,leave_region_out,Baja California Norte
westcoast_0237,Baja California Norte,2012,0,0.2576302040156926,current_only,leave_region_out,Baja California Norte
westcoast_0239,Baja California Norte,2012,0,0.3168965147198389,current_only,leave_region_out,Baja California Norte
westcoast_0240,Baja California Norte,2012,0,0.29534461506168996,current_only,leave_region_out,Baja California Norte
westcoast_0241,Baja California Norte,2012,0,0.3572925216570462,current_only,leave_region_out,Baja California Norte
westcoast_0243,Baja California Norte,2012,0,0.29121398733292014,current_only,leave_region_out,Baja California Norte
westcoast_0244,Baja California Norte,2012,0,0.47499766408889144,current_only,leave_region_out,Baja California Norte
westcoast_0246,Baja California Norte,2012,0,0.3422400596199998,current_only,leave_region_out,Baja California Norte
westcoast_0247,Baja California Norte,2012,0,0.3366644758742042,current_only,leave_region_out,Baja California Norte
westcoast_0248,Baja California Norte,2012,0,0.442960884045608,current_only,leave_region_out,Baja California Norte
westcoast_0250,Baja California Norte,2012,0,0.591463654827507,current_only,leave_region_out,Baja California Norte
westcoast_0252,Baja California Norte,2012,0,0.332408076810734,current_only,leave_region_out,Baja California Norte
westcoast_0254,Baja California Norte,2012,0,0.2765621896151092,current_only,leave_region_out,Baja California Norte
westcoast_0255,Baja California Norte,2012,1,0.296914522204143,current_only,leave_region_out,Baja California Norte
westcoast_0256,Baja California Norte,2012,0,0.27476877552400303,current_only,leave_region_out,Baja California Norte
westcoast_0257,Baja California Norte,2012,0,0.251477216830953,current_only,leave_region_out,Baja California Norte
westcoast_0258,Baja California Norte,2012,0,0.34656027534132045,current_only,leave_region_out,Baja California Norte
westcoast_0262,Baja California Norte,2012,0,0.2723242486841793,current_only,leave_region_out,Baja California Norte
westcoast_0263,Baja California Norte,2012,0,0.2592746690610474,current_only,leave_region_out,Baja California Norte
westcoast_0268,Baja California Norte,2012,0,0.289716085838834,current_only,leave_region_out,Baja California Norte
westcoast_0273,Baja California Norte,2012,0,0.24770244395639882,current_only,leave_region_out,Baja California Norte
westcoast_0275,Baja California Norte,2012,1,0.27171540624723955,current_only,leave_region_out,Baja California Norte
westcoast_0279,Baja California Norte,2012,0,0.35804344973945895,current_only,leave_region_out,Baja California Norte
westcoast_0280,Baja California Norte,2012,1,0.26429396909689423,current_only,leave_region_out,Baja California Norte
westcoast_0281,Baja California Norte,2012,0,0.3873379566810271,current_only,leave_region_out,Baja California Norte
westcoast_0282,Baja California Norte,2012,0,0.35403250413113013,current_only,leave_region_out,Baja California Norte
westcoast_0285,Baja California Norte,2012,0,0.5213012193900847,current_only,leave_region_out,Baja California Norte
westcoast_0298,Baja California Norte,2012,1,0.6169526406470128,current_only,leave_region_out,Baja California Norte
westcoast_0299,Baja California Norte,2012,0,0.47217292005544487,current_only,leave_region_out,Baja California Norte
westcoast_0302,Baja California Norte,2012,1,0.5456220771437112,current_only,leave_region_out,Baja California Norte
westcoast_0305,Baja California Norte,2012,1,0.42882768231601764,current_only,leave_region_out,Baja California Norte
westcoast_0306,Baja California Norte,2012,0,0.45009814056514014,current_only,leave_region_out,Baja California Norte
westcoast_0307,Baja California Norte,2012,1,0.3929586779831576,current_only,leave_region_out,Baja California Norte
westcoast_0233,Baja California Norte,2012,0,0.6736634690519732,current_plus_trajectory,leave_region_out,Baja California Norte
westcoast_0235,Baja California Norte,2012,0,0.219356106667784,current_plus_trajectory,leave_region_out,Baja California Norte
westcoast_0236,Baja California Norte,2012,0,0.29573422613533473,current_plus_trajectory,leave_region_out,Baja California Norte
westcoast_0237,Baja California Norte,2012,0,0.2315637468808503,current_plus_trajectory,leave_region_out,Baja California Norte
westcoast_0239,Baja California Norte,2012,0,0.27541132139837715,current_plus_trajectory,leave_region_out,Baja California Norte
westcoast_0240,Baja California Norte,2012,0,0.2750907666715942,current_plus_trajectory,leave_region_out,Baja California Norte
westcoast_0241,Baja California Norte,2012,0,0.3546860302017443,current_plus_trajectory,leave_region_out,Baja California Norte
westcoast_0243,Baja California Norte,2012,0,0.26607577647406433,current_plus_trajectory,leave_region_out,Baja California Norte
westcoast_0244,Baja California Norte,2012,0,0.3585462843285517,current_plus_trajectory,leave_region_out,Baja California Norte
westcoast_0246,Baja California Norte,2012,0,0.6088074813576665,current_plus_trajectory,leave_region_out,Baja California Norte
westcoast_0247,Baja California Norte,2012,0,0.35331256026966495,current_plus_trajectory,leave_region_out,Baja California Norte
westcoast_0248,Baja California Norte,2012,0,0.36327174800600737,current_plus_trajectory,leave_region_out,Baja California Norte
westcoast_0250,Baja California Norte,2012,0,0.4001050193315602,current_plus_trajectory,leave_region_out,Baja California Norte
westcoast_0252,Baja California Norte,2012,0,0.3028697335688948,current_plus_trajectory,leave_region_out,Baja California Norte
westcoast_0254,Baja California Norte,2012,0,0.29902587859204194,current_plus_trajectory,leave_region_out,Baja California Norte
westcoast_0255,Baja California Norte,2012,1,0.3590026992979109,current_plus_trajectory,leave_region_out,Baja California Norte
westcoast_0256,Baja California Norte,2012,0,0.2955955856488602,current_plus_trajectory,leave_region_out,Baja California Norte
westcoast_0257,Baja California Norte,2012,0,0.25819748850013546,current_plus_trajectory,leave_region_out,Baja California Norte
westcoast_0258,Baja California Norte,2012,0,0.4482387826782634,current_plus_trajectory,leave_region_out,Baja California Norte
westcoast_0262,Baja California Norte,2012,0,0.5520318995736913,current_plus_trajectory,leave_region_out,Baja California Norte
westcoast_0263,Baja California Norte,2012,0,0.22443428743055702,current_plus_trajectory,leave_region_out,Baja California Norte
westcoast_0268,Baja California Norte,2012,0,0.2626824180574184,current_plus_trajectory,leave_region_out,Baja California Norte
westcoast_0273,Baja California Norte,2012,0,0.3944625767372247,current_plus_trajectory,leave_region_out,Baja California Norte
westcoast_0275,Baja California Norte,2012,1,0.3637378466693345,current_plus_trajectory,leave_region_out,Baja California Norte
westcoast_0279,Baja California Norte,2012,0,0.3663060659866287,current_plus_trajectory,leave_region_out,Baja California Norte
westcoast_0280,Baja California Norte,2012,1,0.29374932500228995,current_plus_trajectory,leave_region_out,Baja California Norte
westcoast_0281,Baja California Norte,2012,0,0.39466003352617696,current_plus_trajectory,leave_region_out,Baja California Norte
westcoast_0282,Baja California Norte,2012,0,0.31396695170139827,current_plus_trajectory,leave_region_out,Baja California Norte
westcoast_0285,Baja California Norte,2012,0,0.6658023781151633,current_plus_trajectory,leave_region_out,Baja California Norte
westcoast_0298,Baja California Norte,2012,1,0.6662860755664076,current_plus_trajectory,leave_region_out,Baja California Norte
westcoast_0299,Baja California Norte,2012,0,0.41698050161843775,current_plus_trajectory,leave_region_out,Baja California Norte
westcoast_0302,Baja California Norte,2012,1,0.5737050502077676,current_plus_trajectory,leave_region_out,Baja California Norte
westcoast_0305,Baja California Norte,2012,1,0.5043991314614119,current_plus_trajectory,leave_region_out,Baja California Norte
westcoast_0306,Baja California Norte,2012,0,0.43720789612369443,current_plus_trajectory,leave_region_out,Baja California Norte
westcoast_0307,Baja California Norte,2012,1,0.32519241507925245,current_plus_trajectory,leave_region_out,Baja California Norte
westcoast_0233,Baja California Norte,2012,0,0.7586650992649008,trajectory_plus_oisst,leave_region_out,Baja California Norte
westcoast_0235,Baja California Norte,2012,0,0.30240041578816446,trajectory_plus_oisst,leave_region_out,Baja California Norte
westcoast_0236,Baja California Norte,2012,0,0.3791865776214511,trajectory_plus_oisst,leave_region_out,Baja California Norte
westcoast_0237,Baja California Norte,2012,0,0.3117310481225192,trajectory_plus_oisst,leave_region_out,Baja California Norte
westcoast_0239,Baja California Norte,2012,0,0.37691575207795064,trajectory_plus_oisst,leave_region_out,Baja California Norte
westcoast_0240,Baja California Norte,2012,0,0.39546788908770986,trajectory_plus_oisst,leave_region_out,Baja California Norte
westcoast_0241,Baja California Norte,2012,0,0.4807053413693536,trajectory_plus_oisst,leave_region_out,Baja California Norte
westcoast_0243,Baja California Norte,2012,0,0.3827525311915195,trajectory_plus_oisst,leave_region_out,Baja California Norte
westcoast_0244,Baja California Norte,2012,0,0.5041648507642204,trajectory_plus_oisst,leave_region_out,Baja California Norte
westcoast_0246,Baja California Norte,2012,0,0.7104325206829851,trajectory_plus_oisst,leave_region_out,Baja California Norte
westcoast_0247,Baja California Norte,2012,0,0.46517851589441483,trajectory_plus_oisst,leave_region_out,Baja California Norte
westcoast_0248,Baja California Norte,2012,0,0.4989760525406239,trajectory_plus_oisst,leave_region_out,Baja California Norte
westcoast_0250,Baja California Norte,2012,0,0.5642305444692108,trajectory_plus_oisst,leave_region_out,Baja California Norte
westcoast_0252,Baja California Norte,2012,0,0.42055562080850917,trajectory_plus_oisst,leave_region_out,Baja California Norte
westcoast_0254,Baja California Norte,2012,0,0.3961844616388733,trajectory_plus_oisst,leave_region_out,Baja California Norte
westcoast_0255,Baja California Norte,2012,1,0.46400666283150055,trajectory_plus_oisst,leave_region_out,Baja California Norte
westcoast_0256,Baja California Norte,2012,0,0.39192914977124205,trajectory_plus_oisst,leave_region_out,Baja California Norte
westcoast_0257,Baja California Norte,2012,0,0.34166060942747223,trajectory_plus_oisst,leave_region_out,Baja California Norte
westcoast_0258,Baja California Norte,2012,0,0.5514368577752202,trajectory_plus_oisst,leave_region_out,Baja California Norte
westcoast_0262,Baja California Norte,2012,0,0.5807469934381329,trajectory_plus_oisst,leave_region_out,Baja California Norte
westcoast_0263,Baja California Norte,2012,0,0.31674821524072366,trajectory_plus_oisst,leave_region_out,Baja California Norte
westcoast_0268,Baja California Norte,2012,0,0.3633392304709781,trajectory_plus_oisst,leave_region_out,Baja California Norte
westcoast_0273,Baja California Norte,2012,0,0.5010228526340647,trajectory_plus_oisst,leave_region_out,Baja California Norte
westcoast_0275,Baja California Norte,2012,1,0.5199569986551327,trajectory_plus_oisst,leave_region_out,Baja California Norte
westcoast_0279,Baja California Norte,2012,0,0.5368305745221913,trajectory_plus_oisst,leave_region_out,Baja California Norte
westcoast_0280,Baja California Norte,2012,1,0.43647776395051396,trajectory_plus_oisst,leave_region_out,Baja California Norte
westcoast_0281,Baja California Norte,2012,0,0.5674653888056231,trajectory_plus_oisst,leave_region_out,Baja California Norte
westcoast_0282,Baja California Norte,2012,0,0.47558248284174903,trajectory_plus_oisst,leave_region_out,Baja California Norte
westcoast_0285,Baja California Norte,2012,0,0.7971787439484455,trajectory_plus_oisst,leave_region_out,Baja California Norte
westcoast_0298,Baja California Norte,2012,1,0.798031312530926,trajectory_plus_oisst,leave_region_out,Baja California Norte
westcoast_0299,Baja California Norte,2012,0,0.5997503055374027,trajectory_plus_oisst,leave_region_out,Baja California Norte
westcoast_0302,Baja California Norte,2012,1,0.7224791721607196,trajectory_plus_oisst,leave_region_out,Baja California Norte
westcoast_0305,Baja California Norte,2012,1,0.6396446603957671,trajectory_plus_oisst,leave_region_out,Baja California Norte
westcoast_0306,Baja California Norte,2012,0,0.5843382832028432,trajectory_plus_oisst,leave_region_out,Baja California Norte
westcoast_0307,Baja California Norte,2012,1,0.4678602386892725,trajectory_plus_oisst,leave_region_out,Baja California Norte
westcoast_0233,Baja California Norte,2013,1,0.7728335023434599,current_only,leave_region_out,Baja California Norte
westcoast_0235,Baja California Norte,2013,0,0.3286534286232774,current_only,leave_region_out,Baja California Norte
westcoast_0236,Baja California Norte,2013,0,0.283785157851589,current_only,leave_region_out,Baja California Norte
westcoast_0237,Baja California Norte,2013,0,0.4295082050738817,current_only,leave_region_out,Baja California Norte
westcoast_0238,Baja California Norte,2013,0,0.5518521647266469,current_only,leave_region_out,Baja California Norte
westcoast_0239,Baja California Norte,2013,0,0.7332013829350055,current_only,leave_region_out,Baja California Norte
westcoast_0240,Baja California Norte,2013,0,0.5741164718071269,current_only,leave_region_out,Baja California Norte
westcoast_0241,Baja California Norte,2013,1,0.5299540920468903,current_only,leave_region_out,Baja California Norte
westcoast_0243,Baja California Norte,2013,0,0.5281544902296779,current_only,leave_region_out,Baja California Norte
westcoast_0244,Baja California Norte,2013,0,0.9577449583077354,current_only,leave_region_out,Baja California Norte
westcoast_0246,Baja California Norte,2013,0,0.9556460198478485,current_only,leave_region_out,Baja California Norte
westcoast_0247,Baja California Norte,2013,1,0.9166425803902104,current_only,leave_region_out,Baja California Norte
westcoast_0248,Baja California Norte,2013,1,0.7182450902998864,current_only,leave_region_out,Baja California Norte
westcoast_0250,Baja California Norte,2013,1,0.8403596747360479,current_only,leave_region_out,Baja California Norte
westcoast_0252,Baja California Norte,2013,0,0.33334882031209334,current_only,leave_region_out,Baja California Norte
westcoast_0254,Baja California Norte,2013,0,0.4128762920067808,current_only,leave_region_out,Baja California Norte
westcoast_0255,Baja California Norte,2013,0,0.24053844581789643,current_only,leave_region_out,Baja California Norte
westcoast_0256,Baja California Norte,2013,0,0.34662578541059264,current_only,leave_region_out,Baja California Norte
westcoast_0257,Baja California Norte,2013,0,0.24735485313118802,current_only,leave_region_out,Baja California Norte
westcoast_0258,Baja California Norte,2013,0,0.40374003949264237,current_only,leave_region_out,Baja California Norte
westcoast_0262,Baja California Norte,2013,0,0.34166228172540164,current_only,leave_region_out,Baja California Norte
westcoast_0263,Baja California Norte,2013,0,0.3245727639865948,current_only,leave_region_out,Baja California Norte
westcoast_0268,Baja California Norte,2013,0,0.3269253806188065,current_only,leave_region_out,Baja California Norte
westcoast_0273,Baja California Norte,2013,0,0.3587632431318621,current_only,leave_region_out,Baja California Norte
westcoast_0274,Baja California Norte,2013,0,0.2880011894930781,current_only,leave_region_out,Baja California Norte
westcoast_0275,Baja California Norte,2013,1,0.24351268044112223,current_only,leave_region_out,Baja California Norte
westcoast_0277,Baja California Norte,2013,0,0.30641965414510663,current_only,leave_region_out,Baja California Norte
westcoast_0278,Baja California Norte,2013,0,0.23516676744040674,current_only,leave_region_out,Baja California Norte
westcoast_0279,Baja California Norte,2013,0,0.3531126435993782,current_only,leave_region_out,Baja California Norte
westcoast_0281,Baja California Norte,2013,0,0.38286496827223404,current_only,leave_region_out,Baja California Norte
westcoast_0282,Baja California Norte,2013,0,0.41447237815615323,current_only,leave_region_out,Baja California Norte
westcoast_0285,Baja California Norte,2013,1,0.7752176137081027,current_only,leave_region_out,Baja California Norte
westcoast_0298,Baja California Norte,2013,0,0.3356197363679569,current_only,leave_region_out,Baja California Norte
westcoast_0299,Baja California Norte,2013,0,0.4219425988006404,current_only,leave_region_out,Baja California Norte
westcoast_0302,Baja California Norte,2013,0,0.39594316171265603,current_only,leave_region_out,Baja California Norte
westcoast_0305,Baja California Norte,2013,0,0.23493370722753912,current_only,leave_region_out,Baja California Norte
westcoast_0306,Baja California Norte,2013,0,0.3729554111550678,current_only,leave_region_out,Baja California Norte
westcoast_0307,Baja California Norte,2013,0,0.31190719891394764,current_only,leave_region_out,Baja California Norte
westcoast_0233,Baja California Norte,2013,1,0.8074657214838107,current_plus_trajectory,leave_region_out,Baja California Norte
westcoast_0235,Baja California Norte,2013,0,0.38253813211456283,current_plus_trajectory,leave_region_out,Baja California Norte
westcoast_0236,Baja California Norte,2013,0,0.34297837127016745,current_plus_trajectory,leave_region_out,Baja California Norte
westcoast_0237,Baja California Norte,2013,0,0.5242761963407138,current_plus_trajectory,leave_region_out,Baja California Norte
westcoast_0238,Baja California Norte,2013,0,0.6942136749234386,current_plus_trajectory,leave_region_out,Baja California Norte
westcoast_0239,Baja California Norte,2013,0,0.7731687547423091,current_plus_trajectory,leave_region_out,Baja California Norte
westcoast_0240,Baja California Norte,2013,0,0.6259573956003099,current_plus_trajectory,leave_region_out,Baja California Norte
westcoast_0241,Baja California Norte,2013,1,0.514638926428795,current_plus_trajectory,leave_region_out,Baja California Norte
westcoast_0243,Baja California Norte,2013,0,0.5819122424187997,current_plus_trajectory,leave_region_out,Baja California Norte
westcoast_0244,Baja California Norte,2013,0,0.9565410674099761,current_plus_trajectory,leave_region_out,Baja California Norte
westcoast_0246,Baja California Norte,2013,0,0.9680489156329437,current_plus_trajectory,leave_region_out,Baja California Norte
westcoast_0247,Baja California Norte,2013,1,0.926136546162887,current_plus_trajectory,leave_region_out,Baja California Norte
westcoast_0248,Baja California Norte,2013,1,0.6770086186109903,current_plus_trajectory,leave_region_out,Baja California Norte
westcoast_0250,Baja California Norte,2013,1,0.7340595828613501,current_plus_trajectory,leave_region_out,Baja California Norte
westcoast_0252,Baja California Norte,2013,0,0.33304274902565456,current_plus_trajectory,leave_region_out,Baja California Norte
westcoast_0254,Baja California Norte,2013,0,0.5198556688459706,current_plus_trajectory,leave_region_out,Baja California Norte
westcoast_0255,Baja California Norte,2013,0,0.1937333345670205,current_plus_trajectory,leave_region_out,Baja California Norte
westcoast_0256,Baja California Norte,2013,0,0.33758497133070225,current_plus_trajectory,leave_region_out,Baja California Norte
westcoast_0257,Baja California Norte,2013,0,0.24603626601790896,current_plus_trajectory,leave_region_out,Baja California Norte
westcoast_0258,Baja California Norte,2013,0,0.40831065757943835,current_plus_trajectory,leave_region_out,Baja California Norte
westcoast_0262,Baja California Norte,2013,0,0.39639235894702207,current_plus_trajectory,leave_region_out,Baja California Norte
westcoast_0263,Baja California Norte,2013,0,0.37843260112711125,current_plus_trajectory,leave_region_out,Baja California Norte
westcoast_0268,Baja California Norte,2013,0,0.3375324692872439,current_plus_trajectory,leave_region_out,Baja California Norte
westcoast_0273,Baja California Norte,2013,0,0.432113327565596,current_plus_trajectory,leave_region_out,Baja California Norte
westcoast_0274,Baja California Norte,2013,0,0.3594564862523359,current_plus_trajectory,leave_region_out,Baja California Norte
westcoast_0275,Baja California Norte,2013,1,0.2376530284001638,current_plus_trajectory,leave_region_out,Baja California Norte
westcoast_0277,Baja California Norte,2013,0,0.36815859069089274,current_plus_trajectory,leave_region_out,Baja California Norte
westcoast_0278,Baja California Norte,2013,0,0.33729709638632993,current_plus_trajectory,leave_region_out,Baja California Norte
westcoast_0279,Baja California Norte,2013,0,0.3827578176291684,current_plus_trajectory,leave_region_out,Baja California Norte
westcoast_0281,Baja California Norte,2013,0,0.42828580189123655,current_plus_trajectory,leave_region_out,Baja California Norte
westcoast_0282,Baja California Norte,2013,0,0.41879787136885566,current_plus_trajectory,leave_region_out,Baja California Norte
westcoast_0285,Baja California Norte,2013,1,0.7826946713935629,current_plus_trajectory,leave_region_out,Baja California Norte
westcoast_0298,Baja California Norte,2013,0,0.28983744807970585,current_plus_trajectory,leave_region_out,Baja California Norte
westcoast_0299,Baja California Norte,2013,0,0.3536485835399812,current_plus_trajectory,leave_region_out,Baja California Norte
westcoast_0302,Baja California Norte,2013,0,0.32296444693853776,current_plus_trajectory,leave_region_out,Baja California Norte
westcoast_0305,Baja California Norte,2013,0,0.19994233894651942,current_plus_trajectory,leave_region_out,Baja California Norte
westcoast_0306,Baja California Norte,2013,0,0.317896818025861,current_plus_trajectory,leave_region_out,Baja California Norte
westcoast_0307,Baja California Norte,2013,0,0.2620562549793284,current_plus_trajectory,leave_region_out,Baja California Norte
westcoast_0233,Baja California Norte,2013,1,0.818182469135847,trajectory_plus_oisst,leave_region_out,Baja California Norte
westcoast_0235,Baja California Norte,2013,0,0.3754523185304485,trajectory_plus_oisst,leave_region_out,Baja California Norte
westcoast_0236,Baja California Norte,2013,0,0.33429015945614077,trajectory_plus_oisst,leave_region_out,Baja California Norte
westcoast_0237,Baja California Norte,2013,0,0.5183460711605358,trajectory_plus_oisst,leave_region_out,Baja California Norte
westcoast_0238,Baja California Norte,2013,0,0.6936838098353312,trajectory_plus_oisst,leave_region_out,Baja California Norte
westcoast_0239,Baja California Norte,2013,0,0.7761418644474115,trajectory_plus_oisst,leave_region_out,Baja California Norte
westcoast_0240,Baja California Norte,2013,0,0.6121913296341519,trajectory_plus_oisst,leave_region_out,Baja California Norte
westcoast_0241,Baja California Norte,2013,1,0.5098865753930617,trajectory_plus_oisst,leave_region_out,Baja California Norte
westcoast_0243,Baja California Norte,2013,0,0.5672673416357518,trajectory_plus_oisst,leave_region_out,Baja California Norte
westcoast_0244,Baja California Norte,2013,0,0.960289253694024,trajectory_plus_oisst,leave_region_out,Baja California Norte
westcoast_0246,Baja California Norte,2013,0,0.9673568241177618,trajectory_plus_oisst,leave_region_out,Baja California Norte
westcoast_0247,Baja California Norte,2013,1,0.9248645231432302,trajectory_plus_oisst,leave_region_out,Baja California Norte
westcoast_0248,Baja California Norte,2013,1,0.6784917440412146,trajectory_plus_oisst,leave_region_out,Baja California Norte
westcoast_0250,Baja California Norte,2013,1,0.7452618305898182,trajectory_plus_oisst,leave_region_out,Baja California Norte
westcoast_0252,Baja California Norte,2013,0,0.3187069802148309,trajectory_plus_oisst,leave_region_out,Baja California Norte
westcoast_0254,Baja California Norte,2013,0,0.5029325093548375,trajectory_plus_oisst,leave_region_out,Baja California Norte
westcoast_0255,Baja California Norte,2013,0,0.17623582903696333,trajectory_plus_oisst,leave_region_out,Baja California Norte
westcoast_0256,Baja California Norte,2013,0,0.3340482665563719,trajectory_plus_oisst,leave_region_out,Baja California Norte
westcoast_0257,Baja California Norte,2013,0,0.23086193681409367,trajectory_plus_oisst,leave_region_out,Baja California Norte
westcoast_0258,Baja California Norte,2013,0,0.4067412062341518,trajectory_plus_oisst,leave_region_out,Baja California Norte
westcoast_0262,Baja California Norte,2013,0,0.3937481484617417,trajectory_plus_oisst,leave_region_out,Baja California Norte
westcoast_0263,Baja California Norte,2013,0,0.37704986481728936,trajectory_plus_oisst,leave_region_out,Baja California Norte
westcoast_0268,Baja California Norte,2013,0,0.32445601617318337,trajectory_plus_oisst,leave_region_out,Baja California Norte
westcoast_0273,Baja California Norte,2013,0,0.4433838981495179,trajectory_plus_oisst,leave_region_out,Baja California Norte
westcoast_0274,Baja California Norte,2013,0,0.37835585827210666,trajectory_plus_oisst,leave_region_out,Baja California Norte
westcoast_0275,Baja California Norte,2013,1,0.25961758724659995,trajectory_plus_oisst,leave_region_out,Baja California Norte
westcoast_0277,Baja California Norte,2013,0,0.4007254374011899,trajectory_plus_oisst,leave_region_out,Baja California Norte
westcoast_0278,Baja California Norte,2013,0,0.35664818546898663,trajectory_plus_oisst,leave_region_out,Baja California Norte
westcoast_0279,Baja California Norte,2013,0,0.41965257279115203,trajectory_plus_oisst,leave_region_out,Baja California Norte
westcoast_0281,Baja California Norte,2013,0,0.44742205938148466,trajectory_plus_oisst,leave_region_out,Baja California Norte
westcoast_0282,Baja California Norte,2013,0,0.4367122219752152,trajectory_plus_oisst,leave_region_out,Baja California Norte
westcoast_0285,Baja California Norte,2013,1,0.7971565518951979,trajectory_plus_oisst,leave_region_out,Baja California Norte
westcoast_0298,Baja California Norte,2013,0,0.24851039051263654,trajectory_plus_oisst,leave_region_out,Baja California Norte
westcoast_0299,Baja California Norte,2013,0,0.279326775510374,trajectory_plus_oisst,leave_region_out,Baja California Norte
westcoast_0302,Baja California Norte,2013,0,0.28235395275874325,trajectory_plus_oisst,leave_region_out,Baja California Norte
westcoast_0305,Baja California Norte,2013,0,0.15289019468073559,trajectory_plus_oisst,leave_region_out,Baja California Norte
westcoast_0306,Baja California Norte,2013,0,0.263504790697186,trajectory_plus_oisst,leave_region_out,Baja California Norte
westcoast_0307,Baja California Norte,2013,0,0.20869808980136662,trajectory_plus_oisst,leave_region_out,Baja California Norte
westcoast_0233,Baja California Norte,2014,0,0.29422339959591887,current_only,leave_region_out,Baja California Norte
westcoast_0235,Baja California Norte,2014,0,0.4393368871649807,current_only,leave_region_out,Baja California Norte
westcoast_0236,Baja California Norte,2014,0,0.41463428047878853,current_only,leave_region_out,Baja California Norte
westcoast_0237,Baja California Norte,2014,0,0.4383536321654966,current_only,leave_region_out,Baja California Norte
westcoast_0238,Baja California Norte,2014,1,0.5286768979619302,current_only,leave_region_out,Baja California Norte
westcoast_0239,Baja California Norte,2014,0,0.8411918814739625,current_only,leave_region_out,Baja California Norte
westcoast_0240,Baja California Norte,2014,0,0.6240607283955153,current_only,leave_region_out,Baja California Norte
westcoast_0241,Baja California Norte,2014,0,0.3142281398427029,current_only,leave_region_out,Baja California Norte
westcoast_0243,Baja California Norte,2014,1,0.505202379988667,current_only,leave_region_out,Baja California Norte
westcoast_0244,Baja California Norte,2014,1,0.8856000173060782,current_only,leave_region_out,Baja California Norte
westcoast_0246,Baja California Norte,2014,0,0.9449974253695679,current_only,leave_region_out,Baja California Norte
westcoast_0247,Baja California Norte,2014,0,0.7141933958101007,current_only,leave_region_out,Baja California Norte
westcoast_0248,Baja California Norte,2014,1,0.5462097178233828,current_only,leave_region_out,Baja California Norte
westcoast_0250,Baja California Norte,2014,0,0.5890799112867989,current_only,leave_region_out,Baja California Norte
westcoast_0252,Baja California Norte,2014,0,0.31429069214843675,current_only,leave_region_out,Baja California Norte
westcoast_0254,Baja California Norte,2014,0,0.4257537713114341,current_only,leave_region_out,Baja California Norte
westcoast_0255,Baja California Norte,2014,0,0.28810567723561176,current_only,leave_region_out,Baja California Norte
westcoast_0256,Baja California Norte,2014,0,0.501953504706206,current_only,leave_region_out,Baja California Norte
westcoast_0257,Baja California Norte,2014,0,0.3021466787921563,current_only,leave_region_out,Baja California Norte
westcoast_0258,Baja California Norte,2014,1,0.7189935827965137,current_only,leave_region_out,Baja California Norte
westcoast_0262,Baja California Norte,2014,0,0.4375509095695156,current_only,leave_region_out,Baja California Norte
westcoast_0263,Baja California Norte,2014,1,0.31148294986784475,current_only,leave_region_out,Baja California Norte
westcoast_0268,Baja California Norte,2014,1,0.5078216133537329,current_only,leave_region_out,Baja California Norte
westcoast_0273,Baja California Norte,2014,0,0.48675434283469554,current_only,leave_region_out,Baja California Norte
westcoast_0274,Baja California Norte,2014,0,0.3032148353214178,current_only,leave_region_out,Baja California Norte
westcoast_0276,Baja California Norte,2014,0,0.2567762609458372,current_only,leave_region_out,Baja California Norte
westcoast_0277,Baja California Norte,2014,0,0.31517774899166995,current_only,leave_region_out,Baja California Norte
westcoast_0278,Baja California Norte,2014,0,0.24326591751546398,current_only,leave_region_out,Baja California Norte
westcoast_0279,Baja California Norte,2014,1,0.5804073868118463,current_only,leave_region_out,Baja California Norte
westcoast_0280,Baja California Norte,2014,1,0.3418682504380542,current_only,leave_region_out,Baja California Norte
westcoast_0281,Baja California Norte,2014,0,0.457028067258185,current_only,leave_region_out,Baja California Norte
westcoast_0282,Baja California Norte,2014,1,0.5916654475193249,current_only,leave_region_out,Baja California Norte
westcoast_0285,Baja California Norte,2014,1,0.4240156437154444,current_only,leave_region_out,Baja California Norte
westcoast_0298,Baja California Norte,2014,1,0.5821382373198885,current_only,leave_region_out,Baja California Norte
westcoast_0299,Baja California Norte,2014,1,0.640650194065472,current_only,leave_region_out,Baja California Norte
westcoast_0302,Baja California Norte,2014,1,0.5994291122110875,current_only,leave_region_out,Baja California Norte
westcoast_0305,Baja California Norte,2014,1,0.2911449570808354,current_only,leave_region_out,Baja California Norte
westcoast_0306,Baja California Norte,2014,1,0.6389171023462722,current_only,leave_region_out,Baja California Norte
westcoast_0307,Baja California Norte,2014,1,0.5183900893075052,current_only,leave_region_out,Baja California Norte
westcoast_0233,Baja California Norte,2014,0,0.2511942552490032,current_plus_trajectory,leave_region_out,Baja California Norte
westcoast_0235,Baja California Norte,2014,0,0.5267407571769588,current_plus_trajectory,leave_region_out,Baja California Norte
westcoast_0236,Baja California Norte,2014,0,0.5005690610408755,current_plus_trajectory,leave_region_out,Baja California Norte
westcoast_0237,Baja California Norte,2014,0,0.5115539780052419,current_plus_trajectory,leave_region_out,Baja California Norte
westcoast_0238,Baja California Norte,2014,1,0.6042032398225182,current_plus_trajectory,leave_region_out,Baja California Norte
westcoast_0239,Baja California Norte,2014,0,0.8697097790244909,current_plus_trajectory,leave_region_out,Baja California Norte
westcoast_0240,Baja California Norte,2014,0,0.6874119287071535,current_plus_trajectory,leave_region_out,Baja California Norte
westcoast_0241,Baja California Norte,2014,0,0.2807940906708462,current_plus_trajectory,leave_region_out,Baja California Norte
westcoast_0243,Baja California Norte,2014,1,0.5543431002650026,current_plus_trajectory,leave_region_out,Baja California Norte
westcoast_0244,Baja California Norte,2014,1,0.8663880215517715,current_plus_trajectory,leave_region_out,Baja California Norte
westcoast_0246,Baja California Norte,2014,0,0.960442404965737,current_plus_trajectory,leave_region_out,Baja California Norte
westcoast_0247,Baja California Norte,2014,0,0.774565184700976,current_plus_trajectory,leave_region_out,Baja California Norte
westcoast_0248,Baja California Norte,2014,1,0.46726997604175863,current_plus_trajectory,leave_region_out,Baja California Norte
westcoast_0250,Baja California Norte,2014,0,0.4683392863487058,current_plus_trajectory,leave_region_out,Baja California Norte
westcoast_0252,Baja California Norte,2014,0,0.2902151471823887,current_plus_trajectory,leave_region_out,Baja California Norte
westcoast_0254,Baja California Norte,2014,0,0.47517816592868334,current_plus_trajectory,leave_region_out,Baja California Norte
westcoast_0255,Baja California Norte,2014,0,0.32876706084764623,current_plus_trajectory,leave_region_out,Baja California Norte
westcoast_0256,Baja California Norte,2014,0,0.5865778648435683,current_plus_trajectory,leave_region_out,Baja California Norte
westcoast_0257,Baja California Norte,2014,0,0.37722129537820503,current_plus_trajectory,leave_region_out,Baja California Norte
westcoast_0258,Baja California Norte,2014,1,0.7536476337920548,current_plus_trajectory,leave_region_out,Baja California Norte
westcoast_0262,Baja California Norte,2014,0,0.5077017026518014,current_plus_trajectory,leave_region_out,Baja California Norte
westcoast_0263,Baja California Norte,2014,1,0.3408075320976579,current_plus_trajectory,leave_region_out,Baja California Norte
westcoast_0268,Baja California Norte,2014,1,0.5797378260253193,current_plus_trajectory,leave_region_out,Baja California Norte
westcoast_0273,Baja California Norte,2014,0,0.5891748606197666,current_plus_trajectory,leave_region_out,Baja California Norte
westcoast_0274,Baja California Norte,2014,0,0.3604639447657221,current_plus_trajectory,leave_region_out,Baja California Norte
westcoast_0276,Baja California Norte,2014,0,0.3363361264431229,current_plus_trajectory,leave_region_out,Baja California Norte
westcoast_0277,Baja California Norte,2014,0,0.3638308399944023,current_plus_trajectory,leave_region_out,Baja California Norte
westcoast_0278,Baja California Norte,2014,0,0.3243562676517691,current_plus_trajectory,leave_region_out,Baja California Norte
westcoast_0279,Baja California Norte,2014,1,0.601028303806472,current_plus_trajectory,leave_region_out,Baja California Norte
westcoast_0280,Baja California Norte,2014,1,0.4376046941326336,current_plus_trajectory,leave_region_out,Baja California Norte
westcoast_0281,Baja California Norte,2014,0,0.4192787976098511,current_plus_trajectory,leave_region_out,Baja California Norte
westcoast_0282,Baja California Norte,2014,1,0.6039620401288168,current_plus_trajectory,leave_region_out,Baja California Norte
westcoast_0285,Baja California Norte,2014,1,0.34834864484054034,current_plus_trajectory,leave_region_out,Baja California Norte
westcoast_0298,Baja California Norte,2014,1,0.544411209681926,current_plus_trajectory,leave_region_out,Baja California Norte
westcoast_0299,Baja California Norte,2014,1,0.591244699298048,current_plus_trajectory,leave_region_out,Baja California Norte
westcoast_0302,Baja California Norte,2014,1,0.538441350244174,current_plus_trajectory,leave_region_out,Baja California Norte
westcoast_0305,Baja California Norte,2014,1,0.26792104612522794,current_plus_trajectory,leave_region_out,Baja California Norte
westcoast_0306,Baja California Norte,2014,1,0.6226444926911208,current_plus_trajectory,leave_region_out,Baja California Norte
westcoast_0307,Baja California Norte,2014,1,0.5445339389666946,current_plus_trajectory,leave_region_out,Baja California Norte
westcoast_0233,Baja California Norte,2014,0,0.33351199963783523,trajectory_plus_oisst,leave_region_out,Baja California Norte
westcoast_0235,Baja California Norte,2014,0,0.6587431365004602,trajectory_plus_oisst,leave_region_out,Baja California Norte
westcoast_0236,Baja California Norte,2014,0,0.6382771298052567,trajectory_plus_oisst,leave_region_out,Baja California Norte
westcoast_0237,Baja California Norte,2014,0,0.6527712548428188,trajectory_plus_oisst,leave_region_out,Baja California Norte
westcoast_0238,Baja California Norte,2014,1,0.7384852272576058,trajectory_plus_oisst,leave_region_out,Baja California Norte
westcoast_0239,Baja California Norte,2014,0,0.9293558284382013,trajectory_plus_oisst,leave_region_out,Baja California Norte
westcoast_0240,Baja California Norte,2014,0,0.7976478490736533,trajectory_plus_oisst,leave_region_out,Baja California Norte
westcoast_0241,Baja California Norte,2014,0,0.3945110720821186,trajectory_plus_oisst,leave_region_out,Baja California Norte
westcoast_0243,Baja California Norte,2014,1,0.6847907677752577,trajectory_plus_oisst,leave_region_out,Baja California Norte
westcoast_0244,Baja California Norte,2014,1,0.923274060978875,trajectory_plus_oisst,leave_region_out,Baja California Norte
westcoast_0246,Baja California Norte,2014,0,0.9804023788078955,trajectory_plus_oisst,leave_region_out,Baja California Norte
westcoast_0247,Baja California Norte,2014,0,0.8588179457408239,trajectory_plus_oisst,leave_region_out,Baja California Norte
westcoast_0248,Baja California Norte,2014,1,0.5897522538126678,trajectory_plus_oisst,leave_region_out,Baja California Norte
westcoast_0250,Baja California Norte,2014,0,0.5921632089397663,trajectory_plus_oisst,leave_region_out,Baja California Norte
westcoast_0252,Baja California Norte,2014,0,0.3864877764049811,trajectory_plus_oisst,leave_region_out,Baja California Norte
westcoast_0254,Baja California Norte,2014,0,0.5782613609907798,trajectory_plus_oisst,leave_region_out,Baja California Norte
westcoast_0255,Baja California Norte,2014,0,0.4124038493295404,trajectory_plus_oisst,leave_region_out,Baja California Norte
westcoast_0256,Baja California Norte,2014,0,0.6663000297637165,trajectory_plus_oisst,leave_region_out,Baja California Norte
westcoast_0257,Baja California Norte,2014,0,0.4524157575436223,trajectory_plus_oisst,leave_region_out,Baja California Norte
westcoast_0258,Baja California Norte,2014,1,0.8190620447306978,trajectory_plus_oisst,leave_region_out,Baja California Norte
westcoast_0262,Baja California Norte,2014,0,0.5893486482125696,trajectory_plus_oisst,leave_region_out,Baja California Norte
westcoast_0263,Baja California Norte,2014,1,0.4120707625954462,trajectory_plus_oisst,leave_region_out,Baja California Norte
westcoast_0268,Baja California Norte,2014,1,0.658837458417347,trajectory_plus_oisst,leave_region_out,Baja California Norte
westcoast_0273,Baja California Norte,2014,0,0.662786949415836,trajectory_plus_oisst,leave_region_out,Baja California Norte
westcoast_0274,Baja California Norte,2014,0,0.42243730805102475,trajectory_plus_oisst,leave_region_out,Baja California Norte
westcoast_0276,Baja California Norte,2014,0,0.3918598370226679,trajectory_plus_oisst,leave_region_out,Baja California Norte
westcoast_0277,Baja California Norte,2014,0,0.45512135074701304,trajectory_plus_oisst,leave_region_out,Baja California Norte
westcoast_0278,Baja California Norte,2014,0,0.3762551293304255,trajectory_plus_oisst,leave_region_out,Baja California Norte
westcoast_0279,Baja California Norte,2014,1,0.7020221487277168,trajectory_plus_oisst,leave_region_out,Baja California Norte
westcoast_0280,Baja California Norte,2014,1,0.5088881154563356,trajectory_plus_oisst,leave_region_out,Baja California Norte
westcoast_0281,Baja California Norte,2014,0,0.5165123459009568,trajectory_plus_oisst,leave_region_out,Baja California Norte
westcoast_0282,Baja California Norte,2014,1,0.6819960259806017,trajectory_plus_oisst,leave_region_out,Baja California Norte
westcoast_0285,Baja California Norte,2014,1,0.42747758018467813,trajectory_plus_oisst,leave_region_out,Baja California Norte
westcoast_0298,Baja California Norte,2014,1,0.5880330791313256,trajectory_plus_oisst,leave_region_out,Baja California Norte
westcoast_0299,Baja California Norte,2014,1,0.6314108379534187,trajectory_plus_oisst,leave_region_out,Baja California Norte
westcoast_0302,Baja California Norte,2014,1,0.5860902238045936,trajectory_plus_oisst,leave_region_out,Baja California Norte
westcoast_0305,Baja California Norte,2014,1,0.2925550258406781,trajectory_plus_oisst,leave_region_out,Baja California Norte
westcoast_0306,Baja California Norte,2014,1,0.6702901712404401,trajectory_plus_oisst,leave_region_out,Baja California Norte
westcoast_0307,Baja California Norte,2014,1,0.5883507943404926,trajectory_plus_oisst,leave_region_out,Baja California Norte
westcoast_0233,Baja California Norte,2015,1,0.28011047512313036,current_only,leave_region_out,Baja California Norte
westcoast_0235,Baja California Norte,2015,1,0.7080953347320776,current_only,leave_region_out,Baja California Norte
westcoast_0236,Baja California Norte,2015,1,0.6338008663347589,current_only,leave_region_out,Baja California Norte
westcoast_0237,Baja California Norte,2015,1,0.5436955986450273,current_only,leave_region_out,Baja California Norte
westcoast_0238,Baja California Norte,2015,1,0.3768349919077805,current_only,leave_region_out,Baja California Norte
westcoast_0239,Baja California Norte,2015,1,0.8102846761830503,current_only,leave_region_out,Baja California Norte
westcoast_0240,Baja California Norte,2015,1,0.6407747154516672,current_only,leave_region_out,Baja California Norte
westcoast_0241,Baja California Norte,2015,1,0.3549906345711577,current_only,leave_region_out,Baja California Norte
westcoast_0243,Baja California Norte,2015,1,0.3882429335238305,current_only,leave_region_out,Baja California Norte
westcoast_0244,Baja California Norte,2015,1,0.49189393951001936,current_only,leave_region_out,Baja California Norte
westcoast_0246,Baja California Norte,2015,1,0.8905588140022513,current_only,leave_region_out,Baja California Norte
westcoast_0247,Baja California Norte,2015,1,0.7827075415856456,current_only,leave_region_out,Baja California Norte
westcoast_0248,Baja California Norte,2015,1,0.44067993811930584,current_only,leave_region_out,Baja California Norte
westcoast_0250,Baja California Norte,2015,1,0.5407039958869829,current_only,leave_region_out,Baja California Norte
westcoast_0252,Baja California Norte,2015,0,0.3084641299306806,current_only,leave_region_out,Baja California Norte
westcoast_0254,Baja California Norte,2015,1,0.3960588922344948,current_only,leave_region_out,Baja California Norte
westcoast_0255,Baja California Norte,2015,1,0.33174168435171236,current_only,leave_region_out,Baja California Norte
westcoast_0256,Baja California Norte,2015,1,0.6900890697140247,current_only,leave_region_out,Baja California Norte
westcoast_0257,Baja California Norte,2015,1,0.5218502718716652,current_only,leave_region_out,Baja California Norte
westcoast_0258,Baja California Norte,2015,1,0.38839198138540937,current_only,leave_region_out,Baja California Norte
westcoast_0262,Baja California Norte,2015,1,0.9814566590110153,current_only,leave_region_out,Baja California Norte
westcoast_0268,Baja California Norte,2015,1,0.3418293619919934,current_only,leave_region_out,Baja California Norte
westcoast_0273,Baja California Norte,2015,1,0.9208553679003045,current_only,leave_region_out,Baja California Norte
westcoast_0274,Baja California Norte,2015,1,0.5775885778639784,current_only,leave_region_out,Baja California Norte
westcoast_0275,Baja California Norte,2015,1,0.271611431727783,current_only,leave_region_out,Baja California Norte
westcoast_0276,Baja California Norte,2015,1,0.5579030427477589,current_only,leave_region_out,Baja California Norte
westcoast_0277,Baja California Norte,2015,1,0.3904019459948367,current_only,leave_region_out,Baja California Norte
westcoast_0278,Baja California Norte,2015,1,0.2845453824671246,current_only,leave_region_out,Baja California Norte
westcoast_0279,Baja California Norte,2015,1,0.31769442464930375,current_only,leave_region_out,Baja California Norte
westcoast_0281,Baja California Norte,2015,1,0.4428830784619412,current_only,leave_region_out,Baja California Norte
westcoast_0282,Baja California Norte,2015,1,0.27289180552729725,current_only,leave_region_out,Baja California Norte
westcoast_0285,Baja California Norte,2015,0,0.30157030202997803,current_only,leave_region_out,Baja California Norte
westcoast_0233,Baja California Norte,2015,1,0.35524585041203277,current_plus_trajectory,leave_region_out,Baja California Norte
westcoast_0235,Baja California Norte,2015,1,0.7368505244812966,current_plus_trajectory,leave_region_out,Baja California Norte
westcoast_0236,Baja California Norte,2015,1,0.6885098484425743,current_plus_trajectory,leave_region_out,Baja California Norte
westcoast_0237,Baja California Norte,2015,1,0.4697345281495786,current_plus_trajectory,leave_region_out,Baja California Norte
westcoast_0238,Baja California Norte,2015,1,0.27250523760316925,current_plus_trajectory,leave_region_out,Baja California Norte
westcoast_0239,Baja California Norte,2015,1,0.5255552049301898,current_plus_trajectory,leave_region_out,Baja California Norte
westcoast_0240,Baja California Norte,2015,1,0.43887644827546274,current_plus_trajectory,leave_region_out,Baja California Norte
westcoast_0241,Baja California Norte,2015,1,0.3207360687115739,current_plus_trajectory,leave_region_out,Baja California Norte
westcoast_0243,Baja California Norte,2015,1,0.2845418033126173,current_plus_trajectory,leave_region_out,Baja California Norte
westcoast_0244,Baja California Norte,2015,1,0.3876545106046377,current_plus_trajectory,leave_region_out,Baja California Norte
westcoast_0246,Baja California Norte,2015,1,0.509043863060244,current_plus_trajectory,leave_region_out,Baja California Norte
westcoast_0247,Baja California Norte,2015,1,0.5474489645446408,current_plus_trajectory,leave_region_out,Baja California Norte
westcoast_0248,Baja California Norte,2015,1,0.33114772334759734,current_plus_trajectory,leave_region_out,Baja California Norte
westcoast_0250,Baja California Norte,2015,1,0.41958153728583447,current_plus_trajectory,leave_region_out,Baja California Norte
westcoast_0252,Baja California Norte,2015,0,0.28149168668469465,current_plus_trajectory,leave_region_out,Baja California Norte
westcoast_0254,Baja California Norte,2015,1,0.31762347219791665,current_plus_trajectory,leave_region_out,Baja California Norte
westcoast_0255,Baja California Norte,2015,1,0.40119683390929295,current_plus_trajectory,leave_region_out,Baja California Norte
westcoast_0256,Baja California Norte,2015,1,0.6918026431910785,current_plus_trajectory,leave_region_out,Baja California Norte
westcoast_0257,Baja California Norte,2015,1,0.6225566194158249,current_plus_trajectory,leave_region_out,Baja California Norte
westcoast_0258,Baja California Norte,2015,1,0.34680386677473607,current_plus_trajectory,leave_region_out,Baja California Norte
westcoast_0262,Baja California Norte,2015,1,0.9922363841157569,current_plus_trajectory,leave_region_out,Baja California Norte
westcoast_0268,Baja California Norte,2015,1,0.29626730484355074,current_plus_trajectory,leave_region_out,Baja California Norte
westcoast_0273,Baja California Norte,2015,1,0.9437430720408296,current_plus_trajectory,leave_region_out,Baja California Norte
westcoast_0274,Baja California Norte,2015,1,0.6826923901866653,current_plus_trajectory,leave_region_out,Baja California Norte
westcoast_0275,Baja California Norte,2015,1,0.33465143874704645,current_plus_trajectory,leave_region_out,Baja California Norte
westcoast_0276,Baja California Norte,2015,1,0.7187692386095905,current_plus_trajectory,leave_region_out,Baja California Norte
westcoast_0277,Baja California Norte,2015,1,0.42079197633838944,current_plus_trajectory,leave_region_out,Baja California Norte
westcoast_0278,Baja California Norte,2015,1,0.35616788492964246,current_plus_trajectory,leave_region_out,Baja California Norte
westcoast_0279,Baja California Norte,2015,1,0.2831075478912535,current_plus_trajectory,leave_region_out,Baja California Norte
westcoast_0281,Baja California Norte,2015,1,0.3869025723053481,current_plus_trajectory,leave_region_out,Baja California Norte
westcoast_0282,Baja California Norte,2015,1,0.23965007457891707,current_plus_trajectory,leave_region_out,Baja California Norte
westcoast_0285,Baja California Norte,2015,0,0.31297816579100934,current_plus_trajectory,leave_region_out,Baja California Norte
westcoast_0233,Baja California Norte,2015,1,0.4721096639721905,trajectory_plus_oisst,leave_region_out,Baja California Norte
westcoast_0235,Baja California Norte,2015,1,0.8303954285987689,trajectory_plus_oisst,leave_region_out,Baja California Norte
westcoast_0236,Baja California Norte,2015,1,0.7886966913582634,trajectory_plus_oisst,leave_region_out,Baja California Norte
westcoast_0237,Baja California Norte,2015,1,0.5981133522735855,trajectory_plus_oisst,leave_region_out,Baja California Norte
westcoast_0238,Baja California Norte,2015,1,0.37520761820803317,trajectory_plus_oisst,leave_region_out,Baja California Norte
westcoast_0239,Baja California Norte,2015,1,0.6679594984645416,trajectory_plus_oisst,leave_region_out,Baja California Norte
westcoast_0240,Baja California Norte,2015,1,0.5861552533105109,trajectory_plus_oisst,leave_region_out,Baja California Norte
westcoast_0241,Baja California Norte,2015,1,0.4361999836028694,trajectory_plus_oisst,leave_region_out,Baja California Norte
westcoast_0243,Baja California Norte,2015,1,0.40069702541528296,trajectory_plus_oisst,leave_region_out,Baja California Norte
westcoast_0244,Baja California Norte,2015,1,0.5435420438314852,trajectory_plus_oisst,leave_region_out,Baja California Norte
westcoast_0246,Baja California Norte,2015,1,0.673396585381033,trajectory_plus_oisst,leave_region_out,Baja California Norte
westcoast_0247,Baja California Norte,2015,1,0.7056520507975311,trajectory_plus_oisst,leave_region_out,Baja California Norte
westcoast_0248,Baja California Norte,2015,1,0.4726668222335236,trajectory_plus_oisst,leave_region_out,Baja California Norte
westcoast_0250,Baja California Norte,2015,1,0.5715630969018822,trajectory_plus_oisst,leave_region_out,Baja California Norte
westcoast_0252,Baja California Norte,2015,0,0.4084656372843664,trajectory_plus_oisst,leave_region_out,Baja California Norte
westcoast_0254,Baja California Norte,2015,1,0.45913186417606316,trajectory_plus_oisst,leave_region_out,Baja California Norte
westcoast_0255,Baja California Norte,2015,1,0.5454984675670841,trajectory_plus_oisst,leave_region_out,Baja California Norte
westcoast_0256,Baja California Norte,2015,1,0.8150663430951512,trajectory_plus_oisst,leave_region_out,Baja California Norte
westcoast_0257,Baja California Norte,2015,1,0.7546044705724546,trajectory_plus_oisst,leave_region_out,Baja California Norte
westcoast_0258,Baja California Norte,2015,1,0.4896522879989893,trajectory_plus_oisst,leave_region_out,Baja California Norte
westcoast_0262,Baja California Norte,2015,1,0.9965423501494407,trajectory_plus_oisst,leave_region_out,Baja California Norte
westcoast_0268,Baja California Norte,2015,1,0.4291737530007853,trajectory_plus_oisst,leave_region_out,Baja California Norte
westcoast_0273,Baja California Norte,2015,1,0.9732477540983231,trajectory_plus_oisst,leave_region_out,Baja California Norte
westcoast_0274,Baja California Norte,2015,1,0.8084734648239674,trajectory_plus_oisst,leave_region_out,Baja California Norte
westcoast_0275,Baja California Norte,2015,1,0.47825009980007677,trajectory_plus_oisst,leave_region_out,Baja California Norte
westcoast_0276,Baja California Norte,2015,1,0.8180984413283406,trajectory_plus_oisst,leave_region_out,Baja California Norte
westcoast_0277,Baja California Norte,2015,1,0.575441295964015,trajectory_plus_oisst,leave_region_out,Baja California Norte
westcoast_0278,Baja California Norte,2015,1,0.4854094913145559,trajectory_plus_oisst,leave_region_out,Baja California Norte
westcoast_0279,Baja California Norte,2015,1,0.4152289232228123,trajectory_plus_oisst,leave_region_out,Baja California Norte
westcoast_0281,Baja California Norte,2015,1,0.5341680481909817,trajectory_plus_oisst,leave_region_out,Baja California Norte
westcoast_0282,Baja California Norte,2015,1,0.34300098299002674,trajectory_plus_oisst,leave_region_out,Baja California Norte
westcoast_0285,Baja California Norte,2015,0,0.4305252351841812,trajectory_plus_oisst,leave_region_out,Baja California Norte
westcoast_0235,Baja California Norte,2016,1,0.2479097941155096,current_only,leave_region_out,Baja California Norte
westcoast_0237,Baja California Norte,2016,0,0.2631016684537913,current_only,leave_region_out,Baja California Norte
westcoast_0239,Baja California Norte,2016,0,0.35295456825818333,current_only,leave_region_out,Baja California Norte
westcoast_0240,Baja California Norte,2016,0,0.27860677362386993,current_only,leave_region_out,Baja California Norte
westcoast_0243,Baja California Norte,2016,0,0.24945416512982044,current_only,leave_region_out,Baja California Norte
westcoast_0246,Baja California Norte,2016,0,0.4707052745374529,current_only,leave_region_out,Baja California Norte
westcoast_0247,Baja California Norte,2016,0,0.4231790892005778,current_only,leave_region_out,Baja California Norte
westcoast_0248,Baja California Norte,2016,1,0.3131975572767009,current_only,leave_region_out,Baja California Norte
westcoast_0250,Baja California Norte,2016,0,0.33719534767316106,current_only,leave_region_out,Baja California Norte
westcoast_0252,Baja California Norte,2016,0,0.28421396771220747,current_only,leave_region_out,Baja California Norte
westcoast_0256,Baja California Norte,2016,0,0.408427324792955,current_only,leave_region_out,Baja California Norte
westcoast_0257,Baja California Norte,2016,1,0.28715930894757963,current_only,leave_region_out,Baja California Norte
westcoast_0262,Baja California Norte,2016,0,0.5259899446479156,current_only,leave_region_out,Baja California Norte
westcoast_0276,Baja California Norte,2016,0,0.25820641029558433,current_only,leave_region_out,Baja California Norte
westcoast_0277,Baja California Norte,2016,0,0.2518603281249844,current_only,leave_region_out,Baja California Norte
westcoast_0278,Baja California Norte,2016,0,0.2590430876368511,current_only,leave_region_out,Baja California Norte
westcoast_0281,Baja California Norte,2016,0,0.24033953369214509,current_only,leave_region_out,Baja California Norte
westcoast_0282,Baja California Norte,2016,0,0.24731836578330138,current_only,leave_region_out,Baja California Norte
westcoast_0285,Baja California Norte,2016,0,0.27678181391118856,current_only,leave_region_out,Baja California Norte
westcoast_0306,Baja California Norte,2016,0,0.24177907879395222,current_only,leave_region_out,Baja California Norte
westcoast_0235,Baja California Norte,2016,1,0.26542713515915206,current_plus_trajectory,leave_region_out,Baja California Norte
westcoast_0237,Baja California Norte,2016,0,0.23585437684733432,current_plus_trajectory,leave_region_out,Baja California Norte
westcoast_0239,Baja California Norte,2016,0,0.33456170786234274,current_plus_trajectory,leave_region_out,Baja California Norte
westcoast_0240,Baja California Norte,2016,0,0.2616437742489947,current_plus_trajectory,leave_region_out,Baja California Norte
westcoast_0243,Baja California Norte,2016,0,0.22251304861303867,current_plus_trajectory,leave_region_out,Baja California Norte
westcoast_0246,Baja California Norte,2016,0,0.4429190504153511,current_plus_trajectory,leave_region_out,Baja California Norte
westcoast_0247,Baja California Norte,2016,0,0.3742479790541996,current_plus_trajectory,leave_region_out,Baja California Norte
westcoast_0248,Baja California Norte,2016,1,0.27629870788261274,current_plus_trajectory,leave_region_out,Baja California Norte
westcoast_0250,Baja California Norte,2016,0,0.30183155868305195,current_plus_trajectory,leave_region_out,Baja California Norte
westcoast_0252,Baja California Norte,2016,0,0.26800839419518424,current_plus_trajectory,leave_region_out,Baja California Norte
westcoast_0256,Baja California Norte,2016,0,0.33006080006616373,current_plus_trajectory,leave_region_out,Baja California Norte
westcoast_0257,Baja California Norte,2016,1,0.27138797745062765,current_plus_trajectory,leave_region_out,Baja California Norte
westcoast_0262,Baja California Norte,2016,0,0.7132764160633717,current_plus_trajectory,leave_region_out,Baja California Norte
westcoast_0276,Baja California Norte,2016,0,0.27726830249536205,current_plus_trajectory,leave_region_out,Baja California Norte
westcoast_0277,Baja California Norte,2016,0,0.2107666983664415,current_plus_trajectory,leave_region_out,Baja California Norte
westcoast_0278,Baja California Norte,2016,0,0.25655553315772445,current_plus_trajectory,leave_region_out,Baja California Norte
westcoast_0281,Baja California Norte,2016,0,0.20573151103354095,current_plus_trajectory,leave_region_out,Baja California Norte
westcoast_0282,Baja California Norte,2016,0,0.25786244713632905,current_plus_trajectory,leave_region_out,Baja California Norte
westcoast_0285,Baja California Norte,2016,0,0.2649166242768206,current_plus_trajectory,leave_region_out,Baja California Norte
westcoast_0306,Baja California Norte,2016,0,0.2821068425304745,current_plus_trajectory,leave_region_out,Baja California Norte
westcoast_0235,Baja California Norte,2016,1,0.3072525868661148,trajectory_plus_oisst,leave_region_out,Baja California Norte
westcoast_0237,Baja California Norte,2016,0,0.2624937758671629,trajectory_plus_oisst,leave_region_out,Baja California Norte
westcoast_0239,Baja California Norte,2016,0,0.37447619087598355,trajectory_plus_oisst,leave_region_out,Baja California Norte
westcoast_0240,Baja California Norte,2016,0,0.2960854224089716,trajectory_plus_oisst,leave_region_out,Baja California Norte
westcoast_0243,Baja California Norte,2016,0,0.2495809748509462,trajectory_plus_oisst,leave_region_out,Baja California Norte
westcoast_0246,Baja California Norte,2016,0,0.4986901042450736,trajectory_plus_oisst,leave_region_out,Baja California Norte
westcoast_0247,Baja California Norte,2016,0,0.43233957391315747,trajectory_plus_oisst,leave_region_out,Baja California Norte
westcoast_0248,Baja California Norte,2016,1,0.31493901811253283,trajectory_plus_oisst,leave_region_out,Baja California Norte
westcoast_0250,Baja California Norte,2016,0,0.3448543187775109,trajectory_plus_oisst,leave_region_out,Baja California Norte
westcoast_0252,Baja California Norte,2016,0,0.3086519289287717,trajectory_plus_oisst,leave_region_out,Baja California Norte
westcoast_0256,Baja California Norte,2016,0,0.3742988811192165,trajectory_plus_oisst,leave_region_out,Baja California Norte
westcoast_0257,Baja California Norte,2016,1,0.3091883995424024,trajectory_plus_oisst,leave_region_out,Baja California Norte
westcoast_0262,Baja California Norte,2016,0,0.7574468667181552,trajectory_plus_oisst,leave_region_out,Baja California Norte
westcoast_0276,Baja California Norte,2016,0,0.3211822882669138,trajectory_plus_oisst,leave_region_out,Baja California Norte
westcoast_0277,Baja California Norte,2016,0,0.24630351990735655,trajectory_plus_oisst,leave_region_out,Baja California Norte
westcoast_0278,Baja California Norte,2016,0,0.30278679101799755,trajectory_plus_oisst,leave_region_out,Baja California Norte
westcoast_0281,Baja California Norte,2016,0,0.2551581346823728,trajectory_plus_oisst,leave_region_out,Baja California Norte
westcoast_0282,Baja California Norte,2016,0,0.29492431061700664,trajectory_plus_oisst,leave_region_out,Baja California Norte
westcoast_0285,Baja California Norte,2016,0,0.3083317779691491,trajectory_plus_oisst,leave_region_out,Baja California Norte
westcoast_0306,Baja California Norte,2016,0,0.3256458244102311,trajectory_plus_oisst,leave_region_out,Baja California Norte
westcoast_0237,Baja California Norte,2017,0,0.2567266334678019,current_only,leave_region_out,Baja California Norte
westcoast_0238,Baja California Norte,2017,1,0.23695442380643741,current_only,leave_region_out,Baja California Norte
westcoast_0239,Baja California Norte,2017,0,0.5499022171621393,current_only,leave_region_out,Baja California Norte
westcoast_0240,Baja California Norte,2017,0,0.4782089933734244,current_only,leave_region_out,Baja California Norte
westcoast_0241,Baja California Norte,2017,0,0.244563913952558,current_only,leave_region_out,Baja California Norte
westcoast_0243,Baja California Norte,2017,0,0.38103088064744833,current_only,leave_region_out,Baja California Norte
westcoast_0246,Baja California Norte,2017,0,0.9278403550266117,current_only,leave_region_out,Baja California Norte
westcoast_0247,Baja California Norte,2017,1,0.5224314475060393,current_only,leave_region_out,Baja California Norte
westcoast_0248,Baja California Norte,2017,0,0.27683438943400274,current_only,leave_region_out,Baja California Norte
westcoast_0250,Baja California Norte,2017,0,0.5237554554763617,current_only,leave_region_out,Baja California Norte
westcoast_0252,Baja California Norte,2017,0,0.28123099223255255,current_only,leave_region_out,Baja California Norte
westcoast_0255,Baja California Norte,2017,0,0.314376428411324,current_only,leave_region_out,Baja California Norte
westcoast_0256,Baja California Norte,2017,0,0.6045320326158602,current_only,leave_region_out,Baja California Norte
westcoast_0257,Baja California Norte,2017,0,0.25588936831530235,current_only,leave_region_out,Baja California Norte
westcoast_0258,Baja California Norte,2017,0,0.5095768369376164,current_only,leave_region_out,Baja California Norte
westcoast_0262,Baja California Norte,2017,1,0.9142440079568753,current_only,leave_region_out,Baja California Norte
westcoast_0263,Baja California Norte,2017,0,0.24265711394037545,current_only,leave_region_out,Baja California Norte
westcoast_0273,Baja California Norte,2017,0,0.254650471415616,current_only,leave_region_out,Baja California Norte
westcoast_0274,Baja California Norte,2017,0,0.27440733912258597,current_only,leave_region_out,Baja California Norte
westcoast_0276,Baja California Norte,2017,0,0.27527339217001545,current_only,leave_region_out,Baja California Norte
westcoast_0277,Baja California Norte,2017,0,0.2579068187248834,current_only,leave_region_out,Baja California Norte
westcoast_0278,Baja California Norte,2017,0,0.3818471367894046,current_only,leave_region_out,Baja California Norte
westcoast_0281,Baja California Norte,2017,0,0.2659047310456263,current_only,leave_region_out,Baja California Norte
westcoast_0282,Baja California Norte,2017,0,0.26886248186810885,current_only,leave_region_out,Baja California Norte
westcoast_0285,Baja California Norte,2017,0,0.5849279545616412,current_only,leave_region_out,Baja California Norte
westcoast_0306,Baja California Norte,2017,0,0.2566862692911689,current_only,leave_region_out,Baja California Norte
westcoast_0237,Baja California Norte,2017,0,0.2531870783467254,current_plus_trajectory,leave_region_out,Baja California Norte
westcoast_0238,Baja California Norte,2017,1,0.2130905420342765,current_plus_trajectory,leave_region_out,Baja California Norte
westcoast_0239,Baja California Norte,2017,0,0.5582001293249276,current_plus_trajectory,leave_region_out,Baja California Norte
westcoast_0240,Baja California Norte,2017,0,0.4962692560573472,current_plus_trajectory,leave_region_out,Baja California Norte
westcoast_0241,Baja California Norte,2017,0,0.2113430591261084,current_plus_trajectory,leave_region_out,Baja California Norte
westcoast_0243,Baja California Norte,2017,0,0.4538437255183019,current_plus_trajectory,leave_region_out,Baja California Norte
westcoast_0246,Baja California Norte,2017,0,0.9157945231424989,current_plus_trajectory,leave_region_out,Baja California Norte
westcoast_0247,Baja California Norte,2017,1,0.4686937416711629,current_plus_trajectory,leave_region_out,Baja California Norte
westcoast_0248,Baja California Norte,2017,0,0.24380686434094906,current_plus_trajectory,leave_region_out,Baja California Norte
westcoast_0250,Baja California Norte,2017,0,0.5234196744754949,current_plus_trajectory,leave_region_out,Baja California Norte
westcoast_0252,Baja California Norte,2017,0,0.2689449773187913,current_plus_trajectory,leave_region_out,Baja California Norte
westcoast_0255,Baja California Norte,2017,0,0.36518075481415685,current_plus_trajectory,leave_region_out,Baja California Norte
westcoast_0256,Baja California Norte,2017,0,0.5268394220744372,current_plus_trajectory,leave_region_out,Baja California Norte
westcoast_0257,Baja California Norte,2017,0,0.22930836339643684,current_plus_trajectory,leave_region_out,Baja California Norte
westcoast_0258,Baja California Norte,2017,0,0.6330850428043323,current_plus_trajectory,leave_region_out,Baja California Norte
westcoast_0262,Baja California Norte,2017,1,0.8628153997903203,current_plus_trajectory,leave_region_out,Baja California Norte
westcoast_0263,Baja California Norte,2017,0,0.30925192411584806,current_plus_trajectory,leave_region_out,Baja California Norte
westcoast_0273,Baja California Norte,2017,0,0.4581815525219373,current_plus_trajectory,leave_region_out,Baja California Norte
westcoast_0274,Baja California Norte,2017,0,0.2842361706208023,current_plus_trajectory,leave_region_out,Baja California Norte
westcoast_0276,Baja California Norte,2017,0,0.2611936968348834,current_plus_trajectory,leave_region_out,Baja California Norte
westcoast_0277,Baja California Norte,2017,0,0.22280862434830165,current_plus_trajectory,leave_region_out,Baja California Norte
westcoast_0278,Baja California Norte,2017,0,0.44412345114583995,current_plus_trajectory,leave_region_out,Baja California Norte
westcoast_0281,Baja California Norte,2017,0,0.2542346585741672,current_plus_trajectory,leave_region_out,Baja California Norte
westcoast_0282,Baja California Norte,2017,0,0.3458647727993939,current_plus_trajectory,leave_region_out,Baja California Norte
westcoast_0285,Baja California Norte,2017,0,0.6842525274222595,current_plus_trajectory,leave_region_out,Baja California Norte
westcoast_0306,Baja California Norte,2017,0,0.3561985115318332,current_plus_trajectory,leave_region_out,Baja California Norte
westcoast_0237,Baja California Norte,2017,0,0.2801852868916547,trajectory_plus_oisst,leave_region_out,Baja California Norte
westcoast_0238,Baja California Norte,2017,1,0.23667882449920094,trajectory_plus_oisst,leave_region_out,Baja California Norte
westcoast_0239,Baja California Norte,2017,0,0.6070613256394286,trajectory_plus_oisst,leave_region_out,Baja California Norte
westcoast_0240,Baja California Norte,2017,0,0.5474261955901566,trajectory_plus_oisst,leave_region_out,Baja California Norte
westcoast_0241,Baja California Norte,2017,0,0.23828473815861506,trajectory_plus_oisst,leave_region_out,Baja California Norte
westcoast_0243,Baja California Norte,2017,0,0.5054710717246386,trajectory_plus_oisst,leave_region_out,Baja California Norte
westcoast_0246,Baja California Norte,2017,0,0.9371838296257423,trajectory_plus_oisst,leave_region_out,Baja California Norte
westcoast_0247,Baja California Norte,2017,1,0.5126114977592979,trajectory_plus_oisst,leave_region_out,Baja California Norte
westcoast_0248,Baja California Norte,2017,0,0.268111938598472,trajectory_plus_oisst,leave_region_out,Baja California Norte
westcoast_0250,Baja California Norte,2017,0,0.5705306155207632,trajectory_plus_oisst,leave_region_out,Baja California Norte
westcoast_0252,Baja California Norte,2017,0,0.2992127449529748,trajectory_plus_oisst,leave_region_out,Baja California Norte
westcoast_0255,Baja California Norte,2017,0,0.4062638702974888,trajectory_plus_oisst,leave_region_out,Baja California Norte
westcoast_0256,Baja California Norte,2017,0,0.5614000135213834,trajectory_plus_oisst,leave_region_out,Baja California Norte
westcoast_0257,Baja California Norte,2017,0,0.239815898799416,trajectory_plus_oisst,leave_region_out,Baja California Norte
westcoast_0258,Baja California Norte,2017,0,0.659367905111204,trajectory_plus_oisst,leave_region_out,Baja California Norte
westcoast_0262,Baja California Norte,2017,1,0.8855095628561346,trajectory_plus_oisst,leave_region_out,Baja California Norte
westcoast_0263,Baja California Norte,2017,0,0.32961713876096344,trajectory_plus_oisst,leave_region_out,Baja California Norte
westcoast_0273,Baja California Norte,2017,0,0.4845269598858572,trajectory_plus_oisst,leave_region_out,Baja California Norte
westcoast_0274,Baja California Norte,2017,0,0.31360130818311654,trajectory_plus_oisst,leave_region_out,Baja California Norte
westcoast_0276,Baja California Norte,2017,0,0.30107882483970594,trajectory_plus_oisst,leave_region_out,Baja California Norte
westcoast_0277,Baja California Norte,2017,0,0.2516557066046533,trajectory_plus_oisst,leave_region_out,Baja California Norte
westcoast_0278,Baja California Norte,2017,0,0.5062681048325268,trajectory_plus_oisst,leave_region_out,Baja California Norte
westcoast_0281,Baja California Norte,2017,0,0.2893016099927364,trajectory_plus_oisst,leave_region_out,Baja California Norte
westcoast_0282,Baja California Norte,2017,0,0.4007415967406957,trajectory_plus_oisst,leave_region_out,Baja California Norte
westcoast_0285,Baja California Norte,2017,0,0.7388552555458446,trajectory_plus_oisst,leave_region_out,Baja California Norte
westcoast_0306,Baja California Norte,2017,0,0.3911242003676235,trajectory_plus_oisst,leave_region_out,Baja California Norte
westcoast_0235,Baja California Norte,2018,1,0.24228610733059414,current_only,leave_region_out,Baja California Norte
westcoast_0236,Baja California Norte,2018,0,0.23393302327969803,current_only,leave_region_out,Baja California Norte
westcoast_0237,Baja California Norte,2018,1,0.2837635484435325,current_only,leave_region_out,Baja California Norte
westcoast_0239,Baja California Norte,2018,1,0.5406351106593077,current_only,leave_region_out,Baja California Norte
westcoast_0240,Baja California Norte,2018,1,0.43492923424534263,current_only,leave_region_out,Baja California Norte
westcoast_0241,Baja California Norte,2018,1,0.26855526495568294,current_only,leave_region_out,Baja California Norte
westcoast_0243,Baja California Norte,2018,0,0.3392869790603338,current_only,leave_region_out,Baja California Norte
westcoast_0246,Baja California Norte,2018,1,0.9389190900520109,current_only,leave_region_out,Baja California Norte
westcoast_0247,Baja California Norte,2018,1,0.4147334560110751,current_only,leave_region_out,Baja California Norte
westcoast_0248,Baja California Norte,2018,1,0.2885756894329558,current_only,leave_region_out,Baja California Norte
westcoast_0250,Baja California Norte,2018,1,0.558779448171405,current_only,leave_region_out,Baja California Norte
westcoast_0252,Baja California Norte,2018,1,0.4559190058575359,current_only,leave_region_out,Baja California Norte
westcoast_0254,Baja California Norte,2018,0,0.3295586332944128,current_only,leave_region_out,Baja California Norte
westcoast_0255,Baja California Norte,2018,0,0.3300821124383435,current_only,leave_region_out,Baja California Norte
westcoast_0256,Baja California Norte,2018,1,0.5574136739841814,current_only,leave_region_out,Baja California Norte
westcoast_0257,Baja California Norte,2018,1,0.262467886356389,current_only,leave_region_out,Baja California Norte
westcoast_0258,Baja California Norte,2018,1,0.7029587729124717,current_only,leave_region_out,Baja California Norte
westcoast_0262,Baja California Norte,2018,1,0.7198464985327595,current_only,leave_region_out,Baja California Norte
westcoast_0263,Baja California Norte,2018,1,0.30181654313960166,current_only,leave_region_out,Baja California Norte
westcoast_0268,Baja California Norte,2018,1,0.3169900369304666,current_only,leave_region_out,Baja California Norte
westcoast_0273,Baja California Norte,2018,1,0.957200719551345,current_only,leave_region_out,Baja California Norte
westcoast_0274,Baja California Norte,2018,1,0.635052945816166,current_only,leave_region_out,Baja California Norte
westcoast_0275,Baja California Norte,2018,1,0.582224750650853,current_only,leave_region_out,Baja California Norte
westcoast_0276,Baja California Norte,2018,1,0.6456788577874238,current_only,leave_region_out,Baja California Norte
westcoast_0277,Baja California Norte,2018,1,0.8040127608530715,current_only,leave_region_out,Baja California Norte
westcoast_0278,Baja California Norte,2018,1,0.47246496260530446,current_only,leave_region_out,Baja California Norte
westcoast_0279,Baja California Norte,2018,1,0.25226402795045333,current_only,leave_region_out,Baja California Norte
westcoast_0280,Baja California Norte,2018,1,0.27899731504053144,current_only,leave_region_out,Baja California Norte
westcoast_0281,Baja California Norte,2018,1,0.3942289066366132,current_only,leave_region_out,Baja California Norte
westcoast_0282,Baja California Norte,2018,1,0.34021656367423514,current_only,leave_region_out,Baja California Norte
westcoast_0285,Baja California Norte,2018,1,0.9880136768166009,current_only,leave_region_out,Baja California Norte
westcoast_0298,Baja California Norte,2018,1,0.25732098882456017,current_only,leave_region_out,Baja California Norte
westcoast_0302,Baja California Norte,2018,1,0.2750496147695912,current_only,leave_region_out,Baja California Norte
westcoast_0306,Baja California Norte,2018,1,0.2936332420135294,current_only,leave_region_out,Baja California Norte
westcoast_0307,Baja California Norte,2018,1,0.24203926161159708,current_only,leave_region_out,Baja California Norte
westcoast_0235,Baja California Norte,2018,1,0.34004344820229626,current_plus_trajectory,leave_region_out,Baja California Norte
westcoast_0236,Baja California Norte,2018,0,0.3215185087998597,current_plus_trajectory,leave_region_out,Baja California Norte
westcoast_0237,Baja California Norte,2018,1,0.35570559666089735,current_plus_trajectory,leave_region_out,Baja California Norte
westcoast_0239,Baja California Norte,2018,1,0.5902438474878448,current_plus_trajectory,leave_region_out,Baja California Norte
westcoast_0240,Baja California Norte,2018,1,0.5079582998522911,current_plus_trajectory,leave_region_out,Baja California Norte
westcoast_0241,Baja California Norte,2018,1,0.3490046616491915,current_plus_trajectory,leave_region_out,Baja California Norte
westcoast_0243,Baja California Norte,2018,0,0.38791132188707755,current_plus_trajectory,leave_region_out,Baja California Norte
westcoast_0246,Baja California Norte,2018,1,0.9468498796833056,current_plus_trajectory,leave_region_out,Baja California Norte
westcoast_0247,Baja California Norte,2018,1,0.371393507481381,current_plus_trajectory,leave_region_out,Baja California Norte
westcoast_0248,Baja California Norte,2018,1,0.300800645117153,current_plus_trajectory,leave_region_out,Baja California Norte
westcoast_0250,Baja California Norte,2018,1,0.5878871013183676,current_plus_trajectory,leave_region_out,Baja California Norte
westcoast_0252,Baja California Norte,2018,1,0.5311385769158691,current_plus_trajectory,leave_region_out,Baja California Norte
westcoast_0254,Baja California Norte,2018,0,0.43799381329261405,current_plus_trajectory,leave_region_out,Baja California Norte
westcoast_0255,Baja California Norte,2018,0,0.4203738588526003,current_plus_trajectory,leave_region_out,Baja California Norte
westcoast_0256,Baja California Norte,2018,1,0.5318857213205093,current_plus_trajectory,leave_region_out,Baja California Norte
westcoast_0257,Baja California Norte,2018,1,0.28536852383478917,current_plus_trajectory,leave_region_out,Baja California Norte
westcoast_0258,Baja California Norte,2018,1,0.8078810752926704,current_plus_trajectory,leave_region_out,Baja California Norte
westcoast_0262,Baja California Norte,2018,1,0.7489233760217152,current_plus_trajectory,leave_region_out,Baja California Norte
westcoast_0263,Baja California Norte,2018,1,0.38077242809101963,current_plus_trajectory,leave_region_out,Baja California Norte
westcoast_0268,Baja California Norte,2018,1,0.4224825596231969,current_plus_trajectory,leave_region_out,Baja California Norte
westcoast_0273,Baja California Norte,2018,1,0.9918544236522537,current_plus_trajectory,leave_region_out,Baja California Norte
westcoast_0274,Baja California Norte,2018,1,0.7935211666317075,current_plus_trajectory,leave_region_out,Baja California Norte
westcoast_0275,Baja California Norte,2018,1,0.7326953850592044,current_plus_trajectory,leave_region_out,Baja California Norte
westcoast_0276,Baja California Norte,2018,1,0.7850747179032218,current_plus_trajectory,leave_region_out,Baja California Norte
westcoast_0277,Baja California Norte,2018,1,0.9084028722745875,current_plus_trajectory,leave_region_out,Baja California Norte
westcoast_0278,Baja California Norte,2018,1,0.5432627193208845,current_plus_trajectory,leave_region_out,Baja California Norte
westcoast_0279,Baja California Norte,2018,1,0.3282590246884454,current_plus_trajectory,leave_region_out,Baja California Norte
westcoast_0280,Baja California Norte,2018,1,0.35897242633777854,current_plus_trajectory,leave_region_out,Baja California Norte
westcoast_0281,Baja California Norte,2018,1,0.5097859004685118,current_plus_trajectory,leave_region_out,Baja California Norte
westcoast_0282,Baja California Norte,2018,1,0.4113236499666491,current_plus_trajectory,leave_region_out,Baja California Norte
westcoast_0285,Baja California Norte,2018,1,0.9955731766536744,current_plus_trajectory,leave_region_out,Baja California Norte
westcoast_0298,Baja California Norte,2018,1,0.3246186894913451,current_plus_trajectory,leave_region_out,Baja California Norte
westcoast_0302,Baja California Norte,2018,1,0.34870441966972937,current_plus_trajectory,leave_region_out,Baja California Norte
westcoast_0306,Baja California Norte,2018,1,0.35252228339618835,current_plus_trajectory,leave_region_out,Baja California Norte
westcoast_0307,Baja California Norte,2018,1,0.305158561696848,current_plus_trajectory,leave_region_out,Baja California Norte
westcoast_0235,Baja California Norte,2018,1,0.34807616834836563,trajectory_plus_oisst,leave_region_out,Baja California Norte
westcoast_0236,Baja California Norte,2018,0,0.3295545064393642,trajectory_plus_oisst,leave_region_out,Baja California Norte
westcoast_0237,Baja California Norte,2018,1,0.365927759487933,trajectory_plus_oisst,leave_region_out,Baja California Norte
westcoast_0239,Baja California Norte,2018,1,0.6104881272160133,trajectory_plus_oisst,leave_region_out,Baja California Norte
westcoast_0240,Baja California Norte,2018,1,0.5231784487793775,trajectory_plus_oisst,leave_region_out,Baja California Norte
westcoast_0241,Baja California Norte,2018,1,0.358228310418799,trajectory_plus_oisst,leave_region_out,Baja California Norte
westcoast_0243,Baja California Norte,2018,0,0.3978326276066632,trajectory_plus_oisst,leave_region_out,Baja California Norte
westcoast_0246,Baja California Norte,2018,1,0.9543486903795728,trajectory_plus_oisst,leave_region_out,Baja California Norte
westcoast_0247,Baja California Norte,2018,1,0.38967168653550016,trajectory_plus_oisst,leave_region_out,Baja California Norte
westcoast_0248,Baja California Norte,2018,1,0.3157478066133726,trajectory_plus_oisst,leave_region_out,Baja California Norte
westcoast_0250,Baja California Norte,2018,1,0.6145133089099793,trajectory_plus_oisst,leave_region_out,Baja California Norte
westcoast_0252,Baja California Norte,2018,1,0.5525357534330118,trajectory_plus_oisst,leave_region_out,Baja California Norte
westcoast_0254,Baja California Norte,2018,0,0.4747881696169651,trajectory_plus_oisst,leave_region_out,Baja California Norte
westcoast_0255,Baja California Norte,2018,0,0.4574455627497414,trajectory_plus_oisst,leave_region_out,Baja California Norte
westcoast_0256,Baja California Norte,2018,1,0.582944811846386,trajectory_plus_oisst,leave_region_out,Baja California Norte
westcoast_0257,Baja California Norte,2018,1,0.32864262456029275,trajectory_plus_oisst,leave_region_out,Baja California Norte
westcoast_0258,Baja California Norte,2018,1,0.8432143572784119,trajectory_plus_oisst,leave_region_out,Baja California Norte
westcoast_0262,Baja California Norte,2018,1,0.7929942508143074,trajectory_plus_oisst,leave_region_out,Baja California Norte
westcoast_0263,Baja California Norte,2018,1,0.42523070809311425,trajectory_plus_oisst,leave_region_out,Baja California Norte
westcoast_0268,Baja California Norte,2018,1,0.4650588973641561,trajectory_plus_oisst,leave_region_out,Baja California Norte
westcoast_0273,Baja California Norte,2018,1,0.9936937120863689,trajectory_plus_oisst,leave_region_out,Baja California Norte
westcoast_0274,Baja California Norte,2018,1,0.8273884004599257,trajectory_plus_oisst,leave_region_out,Baja California Norte
westcoast_0275,Baja California Norte,2018,1,0.787478908475993,trajectory_plus_oisst,leave_region_out,Baja California Norte
westcoast_0276,Baja California Norte,2018,1,0.8278262145898531,trajectory_plus_oisst,leave_region_out,Baja California Norte
westcoast_0277,Baja California Norte,2018,1,0.9318722718570612,trajectory_plus_oisst,leave_region_out,Baja California Norte
westcoast_0278,Baja California Norte,2018,1,0.6086401207679231,trajectory_plus_oisst,leave_region_out,Baja California Norte
westcoast_0279,Baja California Norte,2018,1,0.3932966118377316,trajectory_plus_oisst,leave_region_out,Baja California Norte
westcoast_0280,Baja California Norte,2018,1,0.4165644027170445,trajectory_plus_oisst,leave_region_out,Baja California Norte
westcoast_0281,Baja California Norte,2018,1,0.5847899340892667,trajectory_plus_oisst,leave_region_out,Baja California Norte
westcoast_0282,Baja California Norte,2018,1,0.4737746706682387,trajectory_plus_oisst,leave_region_out,Baja California Norte
westcoast_0285,Baja California Norte,2018,1,0.9968539199171469,trajectory_plus_oisst,leave_region_out,Baja California Norte
westcoast_0298,Baja California Norte,2018,1,0.38353890209633146,trajectory_plus_oisst,leave_region_out,Baja California Norte
westcoast_0302,Baja California Norte,2018,1,0.4097119432054753,trajectory_plus_oisst,leave_region_out,Baja California Norte
westcoast_0306,Baja California Norte,2018,1,0.3967572454773036,trajectory_plus_oisst,leave_region_out,Baja California Norte
westcoast_0307,Baja California Norte,2018,1,0.34480673449597865,trajectory_plus_oisst,leave_region_out,Baja California Norte
westcoast_0235,Baja California Norte,2019,1,0.2406312013549955,current_only,leave_region_out,Baja California Norte
westcoast_0236,Baja California Norte,2019,1,0.26077200640513265,current_only,leave_region_out,Baja California Norte
westcoast_0239,Baja California Norte,2019,1,0.2507707328343469,current_only,leave_region_out,Baja California Norte
westcoast_0240,Baja California Norte,2019,1,0.3096593148510305,current_only,leave_region_out,Baja California Norte
westcoast_0241,Baja California Norte,2019,0,0.2434492433561152,current_only,leave_region_out,Baja California Norte
westcoast_0243,Baja California Norte,2019,0,0.3240768690357508,current_only,leave_region_out,Baja California Norte
westcoast_0246,Baja California Norte,2019,1,0.5334412258007899,current_only,leave_region_out,Baja California Norte
westcoast_0247,Baja California Norte,2019,1,0.30920872152265644,current_only,leave_region_out,Baja California Norte
westcoast_0250,Baja California Norte,2019,0,0.3142409873332189,current_only,leave_region_out,Baja California Norte
westcoast_0252,Baja California Norte,2019,0,0.3208439286403956,current_only,leave_region_out,Baja California Norte
westcoast_0254,Baja California Norte,2019,1,0.5223728623966811,current_only,leave_region_out,Baja California Norte
westcoast_0255,Baja California Norte,2019,0,0.3258221249819282,current_only,leave_region_out,Baja California Norte
westcoast_0262,Baja California Norte,2019,0,0.483458506188242,current_only,leave_region_out,Baja California Norte
westcoast_0263,Baja California Norte,2019,0,0.25489480531172704,current_only,leave_region_out,Baja California Norte
westcoast_0273,Baja California Norte,2019,0,0.2806095869848679,current_only,leave_region_out,Baja California Norte
westcoast_0274,Baja California Norte,2019,0,0.4921138861087829,current_only,leave_region_out,Baja California Norte
westcoast_0281,Baja California Norte,2019,1,0.24749915230729422,current_only,leave_region_out,Baja California Norte
westcoast_0285,Baja California Norte,2019,1,0.5653227835328102,current_only,leave_region_out,Baja California Norte
westcoast_0306,Baja California Norte,2019,0,0.26302850779902653,current_only,leave_region_out,Baja California Norte
westcoast_0235,Baja California Norte,2019,1,0.2498185840885353,current_plus_trajectory,leave_region_out,Baja California Norte
westcoast_0236,Baja California Norte,2019,1,0.3261544313643373,current_plus_trajectory,leave_region_out,Baja California Norte
westcoast_0239,Baja California Norte,2019,1,0.21290198882975567,current_plus_trajectory,leave_region_out,Baja California Norte
westcoast_0240,Baja California Norte,2019,1,0.2399880166586529,current_plus_trajectory,leave_region_out,Baja California Norte
westcoast_0241,Baja California Norte,2019,0,0.21285163521491562,current_plus_trajectory,leave_region_out,Baja California Norte
westcoast_0243,Baja California Norte,2019,0,0.2706421552672099,current_plus_trajectory,leave_region_out,Baja California Norte
westcoast_0246,Baja California Norte,2019,1,0.38151128186627115,current_plus_trajectory,leave_region_out,Baja California Norte
westcoast_0247,Baja California Norte,2019,1,0.24593087792555993,current_plus_trajectory,leave_region_out,Baja California Norte
westcoast_0250,Baja California Norte,2019,0,0.24717474211969942,current_plus_trajectory,leave_region_out,Baja California Norte
westcoast_0252,Baja California Norte,2019,0,0.30306182421140143,current_plus_trajectory,leave_region_out,Baja California Norte
westcoast_0254,Baja California Norte,2019,1,0.6320394785150044,current_plus_trajectory,leave_region_out,Baja California Norte
westcoast_0255,Baja California Norte,2019,0,0.30874861758940136,current_plus_trajectory,leave_region_out,Baja California Norte
westcoast_0262,Baja California Norte,2019,0,0.36689107520496694,current_plus_trajectory,leave_region_out,Baja California Norte
westcoast_0263,Baja California Norte,2019,0,0.22982615308673163,current_plus_trajectory,leave_region_out,Baja California Norte
westcoast_0273,Baja California Norte,2019,0,0.5771202021764131,current_plus_trajectory,leave_region_out,Baja California Norte
westcoast_0274,Baja California Norte,2019,0,0.5211225336516757,current_plus_trajectory,leave_region_out,Baja California Norte
westcoast_0281,Baja California Norte,2019,1,0.21566152738362793,current_plus_trajectory,leave_region_out,Baja California Norte
westcoast_0285,Baja California Norte,2019,1,0.6756263401992489,current_plus_trajectory,leave_region_out,Baja California Norte
westcoast_0306,Baja California Norte,2019,0,0.24293176410133974,current_plus_trajectory,leave_region_out,Baja California Norte
westcoast_0235,Baja California Norte,2019,1,0.2941783237549091,trajectory_plus_oisst,leave_region_out,Baja California Norte
westcoast_0236,Baja California Norte,2019,1,0.40610771164438136,trajectory_plus_oisst,leave_region_out,Baja California Norte
westcoast_0239,Baja California Norte,2019,1,0.2743868884732761,trajectory_plus_oisst,leave_region_out,Baja California Norte
westcoast_0240,Baja California Norte,2019,1,0.30513857284259355,trajectory_plus_oisst,leave_region_out,Baja California Norte
westcoast_0241,Baja California Norte,2019,0,0.2658393893016405,trajectory_plus_oisst,leave_region_out,Baja California Norte
westcoast_0243,Baja California Norte,2019,0,0.34253400696231817,trajectory_plus_oisst,leave_region_out,Baja California Norte
westcoast_0246,Baja California Norte,2019,1,0.4882709559945658,trajectory_plus_oisst,leave_region_out,Baja California Norte
westcoast_0247,Baja California Norte,2019,1,0.2868010636372594,trajectory_plus_oisst,leave_region_out,Baja California Norte
westcoast_0250,Baja California Norte,2019,0,0.2681733162162596,trajectory_plus_oisst,leave_region_out,Baja California Norte
westcoast_0252,Baja California Norte,2019,0,0.3236255774039228,trajectory_plus_oisst,leave_region_out,Baja California Norte
westcoast_0254,Baja California Norte,2019,1,0.6633563473038601,trajectory_plus_oisst,leave_region_out,Baja California Norte
westcoast_0255,Baja California Norte,2019,0,0.33718895222323436,trajectory_plus_oisst,leave_region_out,Baja California Norte
westcoast_0262,Baja California Norte,2019,0,0.3898988262179454,trajectory_plus_oisst,leave_region_out,Baja California Norte
westcoast_0263,Baja California Norte,2019,0,0.23006817425359405,trajectory_plus_oisst,leave_region_out,Baja California Norte
westcoast_0273,Baja California Norte,2019,0,0.6020985611966121,trajectory_plus_oisst,leave_region_out,Baja California Norte
westcoast_0274,Baja California Norte,2019,0,0.571564875552768,trajectory_plus_oisst,leave_region_out,Baja California Norte
westcoast_0281,Baja California Norte,2019,1,0.25211513844168715,trajectory_plus_oisst,leave_region_out,Baja California Norte
westcoast_0285,Baja California Norte,2019,1,0.7178426210528553,trajectory_plus_oisst,leave_region_out,Baja California Norte
westcoast_0306,Baja California Norte,2019,0,0.27713932094121924,trajectory_plus_oisst,leave_region_out,Baja California Norte
westcoast_0241,Baja California Norte,2020,1,0.3701436267375944,current_only,leave_region_out,Baja California Norte
westcoast_0243,Baja California Norte,2020,1,0.30938803658791797,current_only,leave_region_out,Baja California Norte
westcoast_0244,Baja California Norte,2020,1,0.27057041749339855,current_only,leave_region_out,Baja California Norte
westcoast_0246,Baja California Norte,2020,1,0.3968628729762065,current_only,leave_region_out,Baja California Norte
westcoast_0247,Baja California Norte,2020,1,0.243290402121281,current_only,leave_region_out,Baja California Norte
westcoast_0250,Baja California Norte,2020,0,0.4281955446961376,current_only,leave_region_out,Baja California Norte
westcoast_0252,Baja California Norte,2020,1,0.2972318073926595,current_only,leave_region_out,Baja California Norte
westcoast_0254,Baja California Norte,2020,0,0.2426690385387301,current_only,leave_region_out,Baja California Norte
westcoast_0255,Baja California Norte,2020,1,0.5931144591314328,current_only,leave_region_out,Baja California Norte
westcoast_0256,Baja California Norte,2020,1,0.3914018058272028,current_only,leave_region_out,Baja California Norte
westcoast_0257,Baja California Norte,2020,1,0.27628175540910077,current_only,leave_region_out,Baja California Norte
westcoast_0258,Baja California Norte,2020,0,0.2543117404926045,current_only,leave_region_out,Baja California Norte
westcoast_0262,Baja California Norte,2020,1,0.8310195956414186,current_only,leave_region_out,Baja California Norte
westcoast_0263,Baja California Norte,2020,1,0.25762245257446403,current_only,leave_region_out,Baja California Norte
westcoast_0273,Baja California Norte,2020,0,0.7578401601828239,current_only,leave_region_out,Baja California Norte
westcoast_0274,Baja California Norte,2020,1,0.8695831850869393,current_only,leave_region_out,Baja California Norte
westcoast_0278,Baja California Norte,2020,0,0.24240931261957252,current_only,leave_region_out,Baja California Norte
westcoast_0285,Baja California Norte,2020,0,0.364167955117294,current_only,leave_region_out,Baja California Norte
westcoast_0298,Baja California Norte,2020,1,0.241355652455101,current_only,leave_region_out,Baja California Norte
westcoast_0299,Baja California Norte,2020,0,0.23276860074173542,current_only,leave_region_out,Baja California Norte
westcoast_0302,Baja California Norte,2020,1,0.27933865062161256,current_only,leave_region_out,Baja California Norte
westcoast_0306,Baja California Norte,2020,1,0.4342380529551166,current_only,leave_region_out,Baja California Norte
westcoast_0307,Baja California Norte,2020,1,0.25239612759162683,current_only,leave_region_out,Baja California Norte
westcoast_0241,Baja California Norte,2020,1,0.4608092025969682,current_plus_trajectory,leave_region_out,Baja California Norte
westcoast_0243,Baja California Norte,2020,1,0.28352703084634856,current_plus_trajectory,leave_region_out,Baja California Norte
westcoast_0244,Baja California Norte,2020,1,0.36368124999427015,current_plus_trajectory,leave_region_out,Baja California Norte
westcoast_0246,Baja California Norte,2020,1,0.43164205756797613,current_plus_trajectory,leave_region_out,Baja California Norte
westcoast_0247,Baja California Norte,2020,1,0.20032005418572263,current_plus_trajectory,leave_region_out,Baja California Norte
westcoast_0250,Baja California Norte,2020,0,0.40189860726880766,current_plus_trajectory,leave_region_out,Baja California Norte
westcoast_0252,Baja California Norte,2020,1,0.24749263069475722,current_plus_trajectory,leave_region_out,Baja California Norte
westcoast_0254,Baja California Norte,2020,0,0.20650249030695866,current_plus_trajectory,leave_region_out,Baja California Norte
westcoast_0255,Baja California Norte,2020,1,0.6508970489257074,current_plus_trajectory,leave_region_out,Baja California Norte
westcoast_0256,Baja California Norte,2020,1,0.4297102247285798,current_plus_trajectory,leave_region_out,Baja California Norte
westcoast_0257,Baja California Norte,2020,1,0.3579427440460689,current_plus_trajectory,leave_region_out,Baja California Norte
westcoast_0258,Baja California Norte,2020,0,0.30791955223230005,current_plus_trajectory,leave_region_out,Baja California Norte
westcoast_0262,Baja California Norte,2020,1,0.7813311392043789,current_plus_trajectory,leave_region_out,Baja California Norte
westcoast_0263,Baja California Norte,2020,1,0.23235445913465405,current_plus_trajectory,leave_region_out,Baja California Norte
westcoast_0273,Baja California Norte,2020,0,0.7983503527220241,current_plus_trajectory,leave_region_out,Baja California Norte
westcoast_0274,Baja California Norte,2020,1,0.8283823023003877,current_plus_trajectory,leave_region_out,Baja California Norte
westcoast_0278,Baja California Norte,2020,0,0.2352070793468623,current_plus_trajectory,leave_region_out,Baja California Norte
westcoast_0285,Baja California Norte,2020,0,0.5235891645137245,current_plus_trajectory,leave_region_out,Baja California Norte
westcoast_0298,Baja California Norte,2020,1,0.2417655591311024,current_plus_trajectory,leave_region_out,Baja California Norte
westcoast_0299,Baja California Norte,2020,0,0.30787496318320623,current_plus_trajectory,leave_region_out,Baja California Norte
westcoast_0302,Baja California Norte,2020,1,0.35468700542482523,current_plus_trajectory,leave_region_out,Baja California Norte
westcoast_0306,Baja California Norte,2020,1,0.5155732923751283,current_plus_trajectory,leave_region_out,Baja California Norte
westcoast_0307,Baja California Norte,2020,1,0.33066014159872764,current_plus_trajectory,leave_region_out,Baja California Norte
westcoast_0241,Baja California Norte,2020,1,0.5348721677780724,trajectory_plus_oisst,leave_region_out,Baja California Norte
westcoast_0243,Baja California Norte,2020,1,0.3495773894916973,trajectory_plus_oisst,leave_region_out,Baja California Norte
westcoast_0244,Baja California Norte,2020,1,0.424466380772283,trajectory_plus_oisst,leave_region_out,Baja California Norte
westcoast_0246,Baja California Norte,2020,1,0.5059186467920871,trajectory_plus_oisst,leave_region_out,Baja California Norte
westcoast_0247,Baja California Norte,2020,1,0.2502001550420093,trajectory_plus_oisst,leave_region_out,Baja California Norte
westcoast_0250,Baja California Norte,2020,0,0.4749962189009672,trajectory_plus_oisst,leave_region_out,Baja California Norte
westcoast_0252,Baja California Norte,2020,1,0.2989426401522485,trajectory_plus_oisst,leave_region_out,Baja California Norte
westcoast_0254,Baja California Norte,2020,0,0.23829323225728039,trajectory_plus_oisst,leave_region_out,Baja California Norte
westcoast_0255,Baja California Norte,2020,1,0.7101510565355797,trajectory_plus_oisst,leave_region_out,Baja California Norte
westcoast_0256,Baja California Norte,2020,1,0.4741824444133186,trajectory_plus_oisst,leave_region_out,Baja California Norte
westcoast_0257,Baja California Norte,2020,1,0.4049966853141341,trajectory_plus_oisst,leave_region_out,Baja California Norte
westcoast_0258,Baja California Norte,2020,0,0.33860889941204203,trajectory_plus_oisst,leave_region_out,Baja California Norte
westcoast_0262,Baja California Norte,2020,1,0.8337392612696295,trajectory_plus_oisst,leave_region_out,Baja California Norte
westcoast_0263,Baja California Norte,2020,1,0.2631672821051152,trajectory_plus_oisst,leave_region_out,Baja California Norte
westcoast_0273,Baja California Norte,2020,0,0.8094258933151592,trajectory_plus_oisst,leave_region_out,Baja California Norte
westcoast_0274,Baja California Norte,2020,1,0.8498941192166581,trajectory_plus_oisst,leave_region_out,Baja California Norte
westcoast_0278,Baja California Norte,2020,0,0.26710295099923664,trajectory_plus_oisst,leave_region_out,Baja California Norte
westcoast_0285,Baja California Norte,2020,0,0.5729347802087724,trajectory_plus_oisst,leave_region_out,Baja California Norte
westcoast_0298,Baja California Norte,2020,1,0.27560570608639057,trajectory_plus_oisst,leave_region_out,Baja California Norte
westcoast_0299,Baja California Norte,2020,0,0.33676241130097634,trajectory_plus_oisst,leave_region_out,Baja California Norte
westcoast_0302,Baja California Norte,2020,1,0.4021049954693854,trajectory_plus_oisst,leave_region_out,Baja California Norte
westcoast_0306,Baja California Norte,2020,1,0.5499120455924748,trajectory_plus_oisst,leave_region_out,Baja California Norte
westcoast_0307,Baja California Norte,2020,1,0.3544608675824647,trajectory_plus_oisst,leave_region_out,Baja California Norte
westcoast_0250,Baja California Norte,2021,0,0.3648227028278855,current_only,leave_region_out,Baja California Norte
westcoast_0252,Baja California Norte,2021,0,0.2590491589074689,current_only,leave_region_out,Baja California Norte
westcoast_0254,Baja California Norte,2021,0,0.23595582358755182,current_only,leave_region_out,Baja California Norte
westcoast_0255,Baja California Norte,2021,0,0.2746457898361717,current_only,leave_region_out,Baja California Norte
westcoast_0256,Baja California Norte,2021,0,0.23363771636045794,current_only,leave_region_out,Baja California Norte
westcoast_0258,Baja California Norte,2021,0,0.2529170699412456,current_only,leave_region_out,Baja California Norte
westcoast_0262,Baja California Norte,2021,0,0.39083568898342674,current_only,leave_region_out,Baja California Norte
westcoast_0273,Baja California Norte,2021,0,0.9636579441577807,current_only,leave_region_out,Baja California Norte
westcoast_0274,Baja California Norte,2021,1,0.5303495895917895,current_only,leave_region_out,Baja California Norte
westcoast_0275,Baja California Norte,2021,0,0.23877988863651792,current_only,leave_region_out,Baja California Norte
westcoast_0276,Baja California Norte,2021,0,0.30257295765653386,current_only,leave_region_out,Baja California Norte
westcoast_0278,Baja California Norte,2021,1,0.23979183964606285,current_only,leave_region_out,Baja California Norte
westcoast_0285,Baja California Norte,2021,0,0.40733054210570324,current_only,leave_region_out,Baja California Norte
westcoast_0299,Baja California Norte,2021,0,0.242712915813309,current_only,leave_region_out,Baja California Norte
westcoast_0302,Baja California Norte,2021,0,0.24179800417747876,current_only,leave_region_out,Baja California Norte
westcoast_0306,Baja California Norte,2021,0,0.30161208463946937,current_only,leave_region_out,Baja California Norte
westcoast_0307,Baja California Norte,2021,0,0.23381172643568573,current_only,leave_region_out,Baja California Norte
westcoast_0250,Baja California Norte,2021,0,0.3565852494851463,current_plus_trajectory,leave_region_out,Baja California Norte
westcoast_0252,Baja California Norte,2021,0,0.2272780763028961,current_plus_trajectory,leave_region_out,Baja California Norte
westcoast_0254,Baja California Norte,2021,0,0.21797351015965158,current_plus_trajectory,leave_region_out,Baja California Norte
westcoast_0255,Baja California Norte,2021,0,0.2528411619446662,current_plus_trajectory,leave_region_out,Baja California Norte
westcoast_0256,Baja California Norte,2021,0,0.22088723945551,current_plus_trajectory,leave_region_out,Baja California Norte
westcoast_0258,Baja California Norte,2021,0,0.34539518858357365,current_plus_trajectory,leave_region_out,Baja California Norte
westcoast_0262,Baja California Norte,2021,0,0.35665743725715454,current_plus_trajectory,leave_region_out,Baja California Norte
westcoast_0273,Baja California Norte,2021,0,0.9817839564804254,current_plus_trajectory,leave_region_out,Baja California Norte
westcoast_0274,Baja California Norte,2021,1,0.459656632484125,current_plus_trajectory,leave_region_out,Baja California Norte
westcoast_0275,Baja California Norte,2021,0,0.33200138453188077,current_plus_trajectory,leave_region_out,Baja California Norte
westcoast_0276,Baja California Norte,2021,0,0.4339471945512172,current_plus_trajectory,leave_region_out,Baja California Norte
westcoast_0278,Baja California Norte,2021,1,0.3113913727397439,current_plus_trajectory,leave_region_out,Baja California Norte
westcoast_0285,Baja California Norte,2021,0,0.38487394646979184,current_plus_trajectory,leave_region_out,Baja California Norte
westcoast_0299,Baja California Norte,2021,0,0.32368405143614165,current_plus_trajectory,leave_region_out,Baja California Norte
westcoast_0302,Baja California Norte,2021,0,0.22628816973265453,current_plus_trajectory,leave_region_out,Baja California Norte
westcoast_0306,Baja California Norte,2021,0,0.2902496302094258,current_plus_trajectory,leave_region_out,Baja California Norte
westcoast_0307,Baja California Norte,2021,0,0.22737637688022125,current_plus_trajectory,leave_region_out,Baja California Norte
westcoast_0250,Baja California Norte,2021,0,0.38696811711199464,trajectory_plus_oisst,leave_region_out,Baja California Norte
westcoast_0252,Baja California Norte,2021,0,0.2427901465958017,trajectory_plus_oisst,leave_region_out,Baja California Norte
westcoast_0254,Baja California Norte,2021,0,0.22320814077973303,trajectory_plus_oisst,leave_region_out,Baja California Norte
westcoast_0255,Baja California Norte,2021,0,0.2665338419134839,trajectory_plus_oisst,leave_region_out,Baja California Norte
westcoast_0256,Baja California Norte,2021,0,0.21427602547487712,trajectory_plus_oisst,leave_region_out,Baja California Norte
westcoast_0258,Baja California Norte,2021,0,0.353096762954199,trajectory_plus_oisst,leave_region_out,Baja California Norte
westcoast_0262,Baja California Norte,2021,0,0.37853912717530364,trajectory_plus_oisst,leave_region_out,Baja California Norte
westcoast_0273,Baja California Norte,2021,0,0.9840678171958339,trajectory_plus_oisst,leave_region_out,Baja California Norte
westcoast_0274,Baja California Norte,2021,1,0.4758331710197493,trajectory_plus_oisst,leave_region_out,Baja California Norte
westcoast_0275,Baja California Norte,2021,0,0.3310415763907244,trajectory_plus_oisst,leave_region_out,Baja California Norte
westcoast_0276,Baja California Norte,2021,0,0.41991313225850124,trajectory_plus_oisst,leave_region_out,Baja California Norte
westcoast_0278,Baja California Norte,2021,1,0.2978314307738888,trajectory_plus_oisst,leave_region_out,Baja California Norte
westcoast_0285,Baja California Norte,2021,0,0.38773109159427704,trajectory_plus_oisst,leave_region_out,Baja California Norte
westcoast_0299,Baja California Norte,2021,0,0.2910167855967921,trajectory_plus_oisst,leave_region_out,Baja California Norte
westcoast_0302,Baja California Norte,2021,0,0.2026562828199102,trajectory_plus_oisst,leave_region_out,Baja California Norte
westcoast_0306,Baja California Norte,2021,0,0.26099483550389196,trajectory_plus_oisst,leave_region_out,Baja California Norte
westcoast_0307,Baja California Norte,2021,0,0.1993037343227356,trajectory_plus_oisst,leave_region_out,Baja California Norte
westcoast_0250,Baja California Norte,2022,1,0.3250258423677132,current_only,leave_region_out,Baja California Norte
westcoast_0252,Baja California Norte,2022,1,0.3345636986710218,current_only,leave_region_out,Baja California Norte
westcoast_0254,Baja California Norte,2022,1,0.31840837069811145,current_only,leave_region_out,Baja California Norte
westcoast_0255,Baja California Norte,2022,1,0.2817341630854582,current_only,leave_region_out,Baja California Norte
westcoast_0256,Baja California Norte,2022,0,0.23887250670631613,current_only,leave_region_out,Baja California Norte
westcoast_0258,Baja California Norte,2022,1,0.2792422969619187,current_only,leave_region_out,Baja California Norte
westcoast_0262,Baja California Norte,2022,1,0.4153299839353834,current_only,leave_region_out,Baja California Norte
westcoast_0273,Baja California Norte,2022,1,0.985540296112753,current_only,leave_region_out,Baja California Norte
westcoast_0274,Baja California Norte,2022,1,0.3942621683610807,current_only,leave_region_out,Baja California Norte
westcoast_0275,Baja California Norte,2022,0,0.26431926416164087,current_only,leave_region_out,Baja California Norte
westcoast_0276,Baja California Norte,2022,0,0.28310517158122434,current_only,leave_region_out,Baja California Norte
westcoast_0285,Baja California Norte,2022,1,0.4671686421842365,current_only,leave_region_out,Baja California Norte
westcoast_0299,Baja California Norte,2022,0,0.2536486666162564,current_only,leave_region_out,Baja California Norte
westcoast_0302,Baja California Norte,2022,1,0.2846231900059008,current_only,leave_region_out,Baja California Norte
westcoast_0306,Baja California Norte,2022,1,0.4344551101526894,current_only,leave_region_out,Baja California Norte
westcoast_0307,Baja California Norte,2022,1,0.31452080147481726,current_only,leave_region_out,Baja California Norte
westcoast_0250,Baja California Norte,2022,1,0.2686304687396428,current_plus_trajectory,leave_region_out,Baja California Norte
westcoast_0252,Baja California Norte,2022,1,0.3997529341950558,current_plus_trajectory,leave_region_out,Baja California Norte
westcoast_0254,Baja California Norte,2022,1,0.408587994951039,current_plus_trajectory,leave_region_out,Baja California Norte
westcoast_0255,Baja California Norte,2022,1,0.2667550759693486,current_plus_trajectory,leave_region_out,Baja California Norte
westcoast_0256,Baja California Norte,2022,0,0.2098178265010446,current_plus_trajectory,leave_region_out,Baja California Norte
westcoast_0258,Baja California Norte,2022,1,0.35049791164143784,current_plus_trajectory,leave_region_out,Baja California Norte
westcoast_0262,Baja California Norte,2022,1,0.3761037224338911,current_plus_trajectory,leave_region_out,Baja California Norte
westcoast_0273,Baja California Norte,2022,1,0.9567483157079896,current_plus_trajectory,leave_region_out,Baja California Norte
westcoast_0274,Baja California Norte,2022,1,0.3277885707947723,current_plus_trajectory,leave_region_out,Baja California Norte
westcoast_0275,Baja California Norte,2022,0,0.35805666775632333,current_plus_trajectory,leave_region_out,Baja California Norte
westcoast_0276,Baja California Norte,2022,0,0.33692862575198285,current_plus_trajectory,leave_region_out,Baja California Norte
westcoast_0285,Baja California Norte,2022,1,0.4467303026800235,current_plus_trajectory,leave_region_out,Baja California Norte
westcoast_0299,Baja California Norte,2022,0,0.3340345337275069,current_plus_trajectory,leave_region_out,Baja California Norte
westcoast_0302,Baja California Norte,2022,1,0.36067604027995903,current_plus_trajectory,leave_region_out,Baja California Norte
westcoast_0306,Baja California Norte,2022,1,0.4692684567131019,current_plus_trajectory,leave_region_out,Baja California Norte
westcoast_0307,Baja California Norte,2022,1,0.4127778909690963,current_plus_trajectory,leave_region_out,Baja California Norte
westcoast_0250,Baja California Norte,2022,1,0.2923092428846457,trajectory_plus_oisst,leave_region_out,Baja California Norte
westcoast_0252,Baja California Norte,2022,1,0.4314814396925464,trajectory_plus_oisst,leave_region_out,Baja California Norte
westcoast_0254,Baja California Norte,2022,1,0.4516037122317287,trajectory_plus_oisst,leave_region_out,Baja California Norte
westcoast_0255,Baja California Norte,2022,1,0.2876433865340006,trajectory_plus_oisst,leave_region_out,Baja California Norte
westcoast_0256,Baja California Norte,2022,0,0.2005644521815625,trajectory_plus_oisst,leave_region_out,Baja California Norte
westcoast_0258,Baja California Norte,2022,1,0.35855452129811527,trajectory_plus_oisst,leave_region_out,Baja California Norte
westcoast_0262,Baja California Norte,2022,1,0.3802048100250334,trajectory_plus_oisst,leave_region_out,Baja California Norte
westcoast_0273,Baja California Norte,2022,1,0.9664339690402626,trajectory_plus_oisst,leave_region_out,Baja California Norte
westcoast_0274,Baja California Norte,2022,1,0.32940550081242626,trajectory_plus_oisst,leave_region_out,Baja California Norte
westcoast_0275,Baja California Norte,2022,0,0.3788910609159696,trajectory_plus_oisst,leave_region_out,Baja California Norte
westcoast_0276,Baja California Norte,2022,0,0.3771537382278477,trajectory_plus_oisst,leave_region_out,Baja California Norte
westcoast_0285,Baja California Norte,2022,1,0.5103106759613428,trajectory_plus_oisst,leave_region_out,Baja California Norte
westcoast_0299,Baja California Norte,2022,0,0.38123647552122625,trajectory_plus_oisst,leave_region_out,Baja California Norte
westcoast_0302,Baja California Norte,2022,1,0.3848371166391566,trajectory_plus_oisst,leave_region_out,Baja California Norte
westcoast_0306,Baja California Norte,2022,1,0.5019849340796417,trajectory_plus_oisst,leave_region_out,Baja California Norte
westcoast_0307,Baja California Norte,2022,1,0.4368388761771078,trajectory_plus_oisst,leave_region_out,Baja California Norte
westcoast_0235,Baja California Norte,2023,0,0.2513206664288008,current_only,leave_region_out,Baja California Norte
westcoast_0241,Baja California Norte,2023,0,0.3390008173578318,current_only,leave_region_out,Baja California Norte
westcoast_0243,Baja California Norte,2023,1,0.36102812681269486,current_only,leave_region_out,Baja California Norte
westcoast_0250,Baja California Norte,2023,1,0.25377432747114265,current_only,leave_region_out,Baja California Norte
westcoast_0255,Baja California Norte,2023,0,0.24388481452180252,current_only,leave_region_out,Baja California Norte
westcoast_0256,Baja California Norte,2023,0,0.2540979884839007,current_only,leave_region_out,Baja California Norte
westcoast_0258,Baja California Norte,2023,0,0.2411954417145184,current_only,leave_region_out,Baja California Norte
westcoast_0262,Baja California Norte,2023,0,0.30564359276688524,current_only,leave_region_out,Baja California Norte
westcoast_0273,Baja California Norte,2023,1,0.26774831227823653,current_only,leave_region_out,Baja California Norte
westcoast_0274,Baja California Norte,2023,0,0.30580390719421746,current_only,leave_region_out,Baja California Norte
westcoast_0275,Baja California Norte,2023,1,0.2721574909922229,current_only,leave_region_out,Baja California Norte
westcoast_0276,Baja California Norte,2023,0,0.30572012810546895,current_only,leave_region_out,Baja California Norte
westcoast_0285,Baja California Norte,2023,1,0.36160161576169936,current_only,leave_region_out,Baja California Norte
westcoast_0299,Baja California Norte,2023,0,0.2558670881768296,current_only,leave_region_out,Baja California Norte
westcoast_0302,Baja California Norte,2023,0,0.25857858371999876,current_only,leave_region_out,Baja California Norte
westcoast_0306,Baja California Norte,2023,0,0.30201157403637025,current_only,leave_region_out,Baja California Norte
westcoast_0307,Baja California Norte,2023,0,0.24132766840415315,current_only,leave_region_out,Baja California Norte
westcoast_0235,Baja California Norte,2023,0,0.3588749780431517,current_plus_trajectory,leave_region_out,Baja California Norte
westcoast_0241,Baja California Norte,2023,0,0.46379802373930623,current_plus_trajectory,leave_region_out,Baja California Norte
westcoast_0243,Baja California Norte,2023,1,0.4996917004993203,current_plus_trajectory,leave_region_out,Baja California Norte
westcoast_0250,Baja California Norte,2023,1,0.1890093767137947,current_plus_trajectory,leave_region_out,Baja California Norte
westcoast_0255,Baja California Norte,2023,0,0.18016616967748048,current_plus_trajectory,leave_region_out,Baja California Norte
westcoast_0256,Baja California Norte,2023,0,0.3302398640176762,current_plus_trajectory,leave_region_out,Baja California Norte
westcoast_0258,Baja California Norte,2023,0,0.1974924176263283,current_plus_trajectory,leave_region_out,Baja California Norte
westcoast_0262,Baja California Norte,2023,0,0.20779411127777564,current_plus_trajectory,leave_region_out,Baja California Norte
westcoast_0273,Baja California Norte,2023,1,0.2736027920743756,current_plus_trajectory,leave_region_out,Baja California Norte
westcoast_0274,Baja California Norte,2023,0,0.1976620009018503,current_plus_trajectory,leave_region_out,Baja California Norte
westcoast_0275,Baja California Norte,2023,1,0.36363766926795965,current_plus_trajectory,leave_region_out,Baja California Norte
westcoast_0276,Baja California Norte,2023,0,0.35585352150965854,current_plus_trajectory,leave_region_out,Baja California Norte
westcoast_0285,Baja California Norte,2023,1,0.28978526062950954,current_plus_trajectory,leave_region_out,Baja California Norte
westcoast_0299,Baja California Norte,2023,0,0.30841513607468474,current_plus_trajectory,leave_region_out,Baja California Norte
westcoast_0302,Baja California Norte,2023,0,0.24842453085687666,current_plus_trajectory,leave_region_out,Baja California Norte
westcoast_0306,Baja California Norte,2023,0,0.24861835337762075,current_plus_trajectory,leave_region_out,Baja California Norte
westcoast_0307,Baja California Norte,2023,0,0.19794483916586153,current_plus_trajectory,leave_region_out,Baja California Norte
westcoast_0235,Baja California Norte,2023,0,0.3845005995003444,trajectory_plus_oisst,leave_region_out,Baja California Norte
westcoast_0241,Baja California Norte,2023,0,0.5054392817147381,trajectory_plus_oisst,leave_region_out,Baja California Norte
westcoast_0243,Baja California Norte,2023,1,0.5394829489390779,trajectory_plus_oisst,leave_region_out,Baja California Norte
westcoast_0250,Baja California Norte,2023,1,0.2070649498184381,trajectory_plus_oisst,leave_region_out,Baja California Norte
westcoast_0255,Baja California Norte,2023,0,0.17901954937657208,trajectory_plus_oisst,leave_region_out,Baja California Norte
westcoast_0256,Baja California Norte,2023,0,0.37849506126660104,trajectory_plus_oisst,leave_region_out,Baja California Norte
westcoast_0258,Baja California Norte,2023,0,0.21872165025704732,trajectory_plus_oisst,leave_region_out,Baja California Norte
westcoast_0262,Baja California Norte,2023,0,0.27086304181505927,trajectory_plus_oisst,leave_region_out,Baja California Norte
westcoast_0273,Baja California Norte,2023,1,0.3367362117936746,trajectory_plus_oisst,leave_region_out,Baja California Norte
westcoast_0274,Baja California Norte,2023,0,0.2552590995061878,trajectory_plus_oisst,leave_region_out,Baja California Norte
westcoast_0275,Baja California Norte,2023,1,0.43646742004959815,trajectory_plus_oisst,leave_region_out,Baja California Norte
westcoast_0276,Baja California Norte,2023,0,0.4823579366205699,trajectory_plus_oisst,leave_region_out,Baja California Norte
westcoast_0285,Baja California Norte,2023,1,0.40974045667138775,trajectory_plus_oisst,leave_region_out,Baja California Norte
westcoast_0299,Baja California Norte,2023,0,0.44070571748525833,trajectory_plus_oisst,leave_region_out,Baja California Norte
westcoast_0302,Baja California Norte,2023,0,0.41402459273997505,trajectory_plus_oisst,leave_region_out,Baja California Norte
westcoast_0306,Baja California Norte,2023,0,0.41904283924757413,trajectory_plus_oisst,leave_region_out,Baja California Norte
westcoast_0307,Baja California Norte,2023,0,0.33781948662848393,trajectory_plus_oisst,leave_region_out,Baja California Norte
westcoast_0235,Baja California Norte,2024,1,0.2675465071959156,current_only,leave_region_out,Baja California Norte
westcoast_0241,Baja California Norte,2024,1,0.3412250226612178,current_only,leave_region_out,Baja California Norte
westcoast_0243,Baja California Norte,2024,0,0.2880181344357669,current_only,leave_region_out,Baja California Norte
westcoast_0246,Baja California Norte,2024,0,0.23563761704543118,current_only,leave_region_out,Baja California Norte
westcoast_0250,Baja California Norte,2024,1,0.2369238244098759,current_only,leave_region_out,Baja California Norte
westcoast_0255,Baja California Norte,2024,1,0.2664620809347543,current_only,leave_region_out,Baja California Norte
westcoast_0256,Baja California Norte,2024,0,0.2581557239094064,current_only,leave_region_out,Baja California Norte
westcoast_0258,Baja California Norte,2024,0,0.24518926874393876,current_only,leave_region_out,Baja California Norte
westcoast_0262,Baja California Norte,2024,0,0.3326972597882101,current_only,leave_region_out,Baja California Norte
westcoast_0274,Baja California Norte,2024,0,0.2942711610804367,current_only,leave_region_out,Baja California Norte
westcoast_0276,Baja California Norte,2024,1,0.33539260570393403,current_only,leave_region_out,Baja California Norte
westcoast_0299,Baja California Norte,2024,0,0.2721845804869376,current_only,leave_region_out,Baja California Norte
westcoast_0302,Baja California Norte,2024,0,0.3118735306393254,current_only,leave_region_out,Baja California Norte
westcoast_0306,Baja California Norte,2024,0,0.34689589247187885,current_only,leave_region_out,Baja California Norte
westcoast_0307,Baja California Norte,2024,0,0.24209637483104865,current_only,leave_region_out,Baja California Norte
westcoast_0235,Baja California Norte,2024,1,0.3812222365555647,current_plus_trajectory,leave_region_out,Baja California Norte
westcoast_0241,Baja California Norte,2024,1,0.46607661979792114,current_plus_trajectory,leave_region_out,Baja California Norte
westcoast_0243,Baja California Norte,2024,0,0.30977394258570407,current_plus_trajectory,leave_region_out,Baja California Norte
westcoast_0246,Baja California Norte,2024,0,0.33656771806993224,current_plus_trajectory,leave_region_out,Baja California Norte
westcoast_0250,Baja California Norte,2024,1,0.18077453485377337,current_plus_trajectory,leave_region_out,Baja California Norte
westcoast_0255,Baja California Norte,2024,1,0.30060863113126546,current_plus_trajectory,leave_region_out,Baja California Norte
westcoast_0256,Baja California Norte,2024,0,0.35354341302300085,current_plus_trajectory,leave_region_out,Baja California Norte
westcoast_0258,Baja California Norte,2024,0,0.2271775585505498,current_plus_trajectory,leave_region_out,Baja California Norte
westcoast_0262,Baja California Norte,2024,0,0.30058077682333,current_plus_trajectory,leave_region_out,Baja California Norte
westcoast_0274,Baja California Norte,2024,0,0.23693247627124162,current_plus_trajectory,leave_region_out,Baja California Norte
westcoast_0276,Baja California Norte,2024,1,0.3975279568960023,current_plus_trajectory,leave_region_out,Baja California Norte
westcoast_0299,Baja California Norte,2024,0,0.3623646791058979,current_plus_trajectory,leave_region_out,Baja California Norte
westcoast_0302,Baja California Norte,2024,0,0.4036766266857168,current_plus_trajectory,leave_region_out,Baja California Norte
westcoast_0306,Baja California Norte,2024,0,0.3281216285558536,current_plus_trajectory,leave_region_out,Baja California Norte
westcoast_0307,Baja California Norte,2024,0,0.20647435531552166,current_plus_trajectory,leave_region_out,Baja California Norte
westcoast_0235,Baja California Norte,2024,1,0.4366148082564018,trajectory_plus_oisst,leave_region_out,Baja California Norte
westcoast_0241,Baja California Norte,2024,1,0.5512443502976732,trajectory_plus_oisst,leave_region_out,Baja California Norte
westcoast_0243,Baja California Norte,2024,0,0.37669279385391424,trajectory_plus_oisst,leave_region_out,Baja California Norte
westcoast_0246,Baja California Norte,2024,0,0.4156415131121813,trajectory_plus_oisst,leave_region_out,Baja California Norte
westcoast_0250,Baja California Norte,2024,1,0.23098117561681586,trajectory_plus_oisst,leave_region_out,Baja California Norte
westcoast_0255,Baja California Norte,2024,1,0.40290289419884917,trajectory_plus_oisst,leave_region_out,Baja California Norte
westcoast_0256,Baja California Norte,2024,0,0.4884766887975031,trajectory_plus_oisst,leave_region_out,Baja California Norte
westcoast_0258,Baja California Norte,2024,0,0.3278672190753035,trajectory_plus_oisst,leave_region_out,Baja California Norte
westcoast_0262,Baja California Norte,2024,0,0.4358819675242755,trajectory_plus_oisst,leave_region_out,Baja California Norte
westcoast_0274,Baja California Norte,2024,0,0.39181204173716383,trajectory_plus_oisst,leave_region_out,Baja California Norte
westcoast_0276,Baja California Norte,2024,1,0.5759891626986359,trajectory_plus_oisst,leave_region_out,Baja California Norte
westcoast_0299,Baja California Norte,2024,0,0.4096459687006899,trajectory_plus_oisst,leave_region_out,Baja California Norte
westcoast_0302,Baja California Norte,2024,0,0.45032905437127285,trajectory_plus_oisst,leave_region_out,Baja California Norte
westcoast_0306,Baja California Norte,2024,0,0.37981415920175676,trajectory_plus_oisst,leave_region_out,Baja California Norte
westcoast_0307,Baja California Norte,2024,0,0.2351323447477825,trajectory_plus_oisst,leave_region_out,Baja California Norte
westcoast_0106,Central California,2005,0,0.31874644240999356,current_only,leave_region_out,Central California
westcoast_0107,Central California,2005,0,0.3391216657206411,current_only,leave_region_out,Central California
westcoast_0108,Central California,2005,0,0.5044413097461612,current_only,leave_region_out,Central California
westcoast_0110,Central California,2005,1,0.5598724552345583,current_only,leave_region_out,Central California
westcoast_0111,Central California,2005,1,0.5299666125181136,current_only,leave_region_out,Central California
westcoast_0112,Central California,2005,0,0.5632418256665971,current_only,leave_region_out,Central California
westcoast_0113,Central California,2005,0,0.5428703021519374,current_only,leave_region_out,Central California
westcoast_0114,Central California,2005,1,0.5156165472976514,current_only,leave_region_out,Central California
westcoast_0115,Central California,2005,0,0.4808924490573329,current_only,leave_region_out,Central California
westcoast_0117,Central California,2005,1,0.5576639209018662,current_only,leave_region_out,Central California
westcoast_0118,Central California,2005,1,0.4633807380764083,current_only,leave_region_out,Central California
westcoast_0119,Central California,2005,0,0.3702942990132565,current_only,leave_region_out,Central California
westcoast_0120,Central California,2005,1,0.4414465186294258,current_only,leave_region_out,Central California
westcoast_0121,Central California,2005,1,0.5470224825026174,current_only,leave_region_out,Central California
westcoast_0122,Central California,2005,1,0.4783020698864754,current_only,leave_region_out,Central California
westcoast_0123,Central California,2005,1,0.4106582054757007,current_only,leave_region_out,Central California
westcoast_0124,Central California,2005,0,0.4657558361381466,current_only,leave_region_out,Central California
westcoast_0125,Central California,2005,0,0.37765928623116674,current_only,leave_region_out,Central California
westcoast_0126,Central California,2005,0,0.3670241027142514,current_only,leave_region_out,Central California
westcoast_0127,Central California,2005,0,0.3593528788425904,current_only,leave_region_out,Central California
westcoast_0128,Central California,2005,0,0.3461006401632651,current_only,leave_region_out,Central California
westcoast_0129,Central California,2005,0,0.497383605596652,current_only,leave_region_out,Central California
westcoast_0131,Central California,2005,1,0.39264333295662973,current_only,leave_region_out,Central California
westcoast_0132,Central California,2005,1,0.4151688543720471,current_only,leave_region_out,Central California
westcoast_0133,Central California,2005,0,0.600494632154819,current_only,leave_region_out,Central California
westcoast_0135,Central California,2005,1,0.5236898578543988,current_only,leave_region_out,Central California
westcoast_0136,Central California,2005,0,0.31560467343862697,current_only,leave_region_out,Central California
westcoast_0140,Central California,2005,1,0.6141120174417849,current_only,leave_region_out,Central California
westcoast_0142,Central California,2005,1,0.6669027340424999,current_only,leave_region_out,Central California
westcoast_0143,Central California,2005,0,0.4748382806174557,current_only,leave_region_out,Central California
westcoast_0144,Central California,2005,1,0.3926556722563983,current_only,leave_region_out,Central California
westcoast_0145,Central California,2005,1,0.43614461646241537,current_only,leave_region_out,Central California
westcoast_0146,Central California,2005,1,0.44464940117611856,current_only,leave_region_out,Central California
westcoast_0106,Central California,2005,0,0.32053968546165595,current_plus_trajectory,leave_region_out,Central California
westcoast_0107,Central California,2005,0,0.35339387874665046,current_plus_trajectory,leave_region_out,Central California
westcoast_0108,Central California,2005,0,0.4861724997497173,current_plus_trajectory,leave_region_out,Central California
westcoast_0110,Central California,2005,1,0.5377684538944931,current_plus_trajectory,leave_region_out,Central California
westcoast_0111,Central California,2005,1,0.5067623926539685,current_plus_trajectory,leave_region_out,Central California
westcoast_0112,Central California,2005,0,0.5616733415761225,current_plus_trajectory,leave_region_out,Central California
westcoast_0113,Central California,2005,0,0.5608798725633185,current_plus_trajectory,leave_region_out,Central California
westcoast_0114,Central California,2005,1,0.4876653280867649,current_plus_trajectory,leave_region_out,Central California
westcoast_0115,Central California,2005,0,0.4111701068855904,current_plus_trajectory,leave_region_out,Central California
westcoast_0117,Central California,2005,1,0.5066662109655494,current_plus_trajectory,leave_region_out,Central California
westcoast_0118,Central California,2005,1,0.3862289319787481,current_plus_trajectory,leave_region_out,Central California
westcoast_0119,Central California,2005,0,0.32161447809669497,current_plus_trajectory,leave_region_out,Central California
westcoast_0120,Central California,2005,1,0.37672719093592494,current_plus_trajectory,leave_region_out,Central California
westcoast_0121,Central California,2005,1,0.4562605520549062,current_plus_trajectory,leave_region_out,Central California
westcoast_0122,Central California,2005,1,0.4242460902964547,current_plus_trajectory,leave_region_out,Central California
westcoast_0123,Central California,2005,1,0.35962958014270346,current_plus_trajectory,leave_region_out,Central California
westcoast_0124,Central California,2005,0,0.3668977956832755,current_plus_trajectory,leave_region_out,Central California
westcoast_0125,Central California,2005,0,0.3778673582701256,current_plus_trajectory,leave_region_out,Central California
westcoast_0126,Central California,2005,0,0.3648441111703827,current_plus_trajectory,leave_region_out,Central California
westcoast_0127,Central California,2005,0,0.3463054366707227,current_plus_trajectory,leave_region_out,Central California
westcoast_0128,Central California,2005,0,0.3843108376836933,current_plus_trajectory,leave_region_out,Central California
westcoast_0129,Central California,2005,0,0.586039382513243,current_plus_trajectory,leave_region_out,Central California
westcoast_0131,Central California,2005,1,0.4583058515822399,current_plus_trajectory,leave_region_out,Central California
westcoast_0132,Central California,2005,1,0.4133318913364521,current_plus_trajectory,leave_region_out,Central California
westcoast_0133,Central California,2005,0,0.5552711448378858,current_plus_trajectory,leave_region_out,Central California
westcoast_0135,Central California,2005,1,0.460570602033403,current_plus_trajectory,leave_region_out,Central California
westcoast_0136,Central California,2005,0,0.31463428141235994,current_plus_trajectory,leave_region_out,Central California
westcoast_0140,Central California,2005,1,0.5284007222489387,current_plus_trajectory,leave_region_out,Central California
westcoast_0142,Central California,2005,1,0.6777328181861011,current_plus_trajectory,leave_region_out,Central California
westcoast_0143,Central California,2005,0,0.3774921497509266,current_plus_trajectory,leave_region_out,Central California
westcoast_0144,Central California,2005,1,0.4109257004365805,current_plus_trajectory,leave_region_out,Central California
westcoast_0145,Central California,2005,1,0.42623880716819945,current_plus_trajectory,leave_region_out,Central California
westcoast_0146,Central California,2005,1,0.42375077666212824,current_plus_trajectory,leave_region_out,Central California
westcoast_0106,Central California,2005,0,0.12396837569237022,trajectory_plus_oisst,leave_region_out,Central California
westcoast_0107,Central California,2005,0,0.1652828179412735,trajectory_plus_oisst,leave_region_out,Central California
westcoast_0108,Central California,2005,0,0.2517259875519292,trajectory_plus_oisst,leave_region_out,Central California
westcoast_0110,Central California,2005,1,0.2980169002576224,trajectory_plus_oisst,leave_region_out,Central California
westcoast_0111,Central California,2005,1,0.27994813770931465,trajectory_plus_oisst,leave_region_out,Central California
westcoast_0112,Central California,2005,0,0.3251584135160765,trajectory_plus_oisst,leave_region_out,Central California
westcoast_0113,Central California,2005,0,0.313783011369081,trajectory_plus_oisst,leave_region_out,Central California
westcoast_0114,Central California,2005,1,0.28185487839201145,trajectory_plus_oisst,leave_region_out,Central California
westcoast_0115,Central California,2005,0,0.2770586086998955,trajectory_plus_oisst,leave_region_out,Central California
westcoast_0117,Central California,2005,1,0.35314766625573596,trajectory_plus_oisst,leave_region_out,Central California
westcoast_0118,Central California,2005,1,0.2520785825375765,trajectory_plus_oisst,leave_region_out,Central California
westcoast_0119,Central California,2005,0,0.1912353743531635,trajectory_plus_oisst,leave_region_out,Central California
westcoast_0120,Central California,2005,1,0.21863054000285087,trajectory_plus_oisst,leave_region_out,Central California
westcoast_0121,Central California,2005,1,0.3003302033216634,trajectory_plus_oisst,leave_region_out,Central California
westcoast_0122,Central California,2005,1,0.2588007983682819,trajectory_plus_oisst,leave_region_out,Central California
westcoast_0123,Central California,2005,1,0.19948466684240354,trajectory_plus_oisst,leave_region_out,Central California
westcoast_0124,Central California,2005,0,0.26806836180589483,trajectory_plus_oisst,leave_region_out,Central California
westcoast_0125,Central California,2005,0,0.21878081297260177,trajectory_plus_oisst,leave_region_out,Central California
westcoast_0126,Central California,2005,0,0.2120884451796399,trajectory_plus_oisst,leave_region_out,Central California
westcoast_0127,Central California,2005,0,0.21041681724722952,trajectory_plus_oisst,leave_region_out,Central California
westcoast_0128,Central California,2005,0,0.2102844472640797,trajectory_plus_oisst,leave_region_out,Central California
westcoast_0129,Central California,2005,0,0.38778179623598047,trajectory_plus_oisst,leave_region_out,Central California
westcoast_0131,Central California,2005,1,0.2707737322839491,trajectory_plus_oisst,leave_region_out,Central California
westcoast_0132,Central California,2005,1,0.23579901757442287,trajectory_plus_oisst,leave_region_out,Central California
westcoast_0133,Central California,2005,0,0.4193102683647119,trajectory_plus_oisst,leave_region_out,Central California
westcoast_0135,Central California,2005,1,0.30526362119247413,trajectory_plus_oisst,leave_region_out,Central California
westcoast_0136,Central California,2005,0,0.15281670681749732,trajectory_plus_oisst,leave_region_out,Central California
westcoast_0140,Central California,2005,1,0.395319863241395,trajectory_plus_oisst,leave_region_out,Central California
westcoast_0142,Central California,2005,1,0.568956715561122,trajectory_plus_oisst,leave_region_out,Central California
westcoast_0143,Central California,2005,0,0.28105649468416777,trajectory_plus_oisst,leave_region_out,Central California
westcoast_0144,Central California,2005,1,0.27268915465126814,trajectory_plus_oisst,leave_region_out,Central California
westcoast_0145,Central California,2005,1,0.33601067070517726,trajectory_plus_oisst,leave_region_out,Central California
westcoast_0146,Central California,2005,1,0.3324193324850115,trajectory_plus_oisst,leave_region_out,Central California
westcoast_0105,Central California,2006,0,0.32268738266054237,current_only,leave_region_out,Central California
westcoast_0106,Central California,2006,0,0.41033616970280035,current_only,leave_region_out,Central California
westcoast_0107,Central California,2006,0,0.4269953829024975,current_only,leave_region_out,Central California
westcoast_0108,Central California,2006,0,0.4506699631506981,current_only,leave_region_out,Central California
westcoast_0110,Central California,2006,0,0.4380583486974591,current_only,leave_region_out,Central California
westcoast_0111,Central California,2006,0,0.42516248976268356,current_only,leave_region_out,Central California
westcoast_0112,Central California,2006,1,0.5096725943141716,current_only,leave_region_out,Central California
westcoast_0113,Central California,2006,0,0.514823591760967,current_only,leave_region_out,Central California
westcoast_0114,Central California,2006,0,0.3888897722969981,current_only,leave_region_out,Central California
westcoast_0115,Central California,2006,0,0.45796081566259017,current_only,leave_region_out,Central California
westcoast_0117,Central California,2006,0,0.41213291895356,current_only,leave_region_out,Central California
westcoast_0118,Central California,2006,0,0.3184608084673248,current_only,leave_region_out,Central California
westcoast_0119,Central California,2006,0,0.35524596663187497,current_only,leave_region_out,Central California
westcoast_0120,Central California,2006,0,0.3434858846842761,current_only,leave_region_out,Central California
westcoast_0121,Central California,2006,0,0.3903206676128034,current_only,leave_region_out,Central California
westcoast_0122,Central California,2006,0,0.3442094667002633,current_only,leave_region_out,Central California
westcoast_0124,Central California,2006,0,0.41939660587249095,current_only,leave_region_out,Central California
westcoast_0125,Central California,2006,0,0.357352909156089,current_only,leave_region_out,Central California
westcoast_0126,Central California,2006,0,0.3754589440310772,current_only,leave_region_out,Central California
westcoast_0127,Central California,2006,0,0.395081763346694,current_only,leave_region_out,Central California
westcoast_0128,Central California,2006,0,0.35165410387187923,current_only,leave_region_out,Central California
westcoast_0129,Central California,2006,1,0.43583677287497524,current_only,leave_region_out,Central California
westcoast_0131,Central California,2006,0,0.34513777855406114,current_only,leave_region_out,Central California
westcoast_0132,Central California,2006,0,0.3526910785052112,current_only,leave_region_out,Central California
westcoast_0133,Central California,2006,0,0.5147093822946951,current_only,leave_region_out,Central California
westcoast_0135,Central California,2006,0,0.34543700385865017,current_only,leave_region_out,Central California
westcoast_0136,Central California,2006,0,0.3245532418416174,current_only,leave_region_out,Central California
westcoast_0140,Central California,2006,0,0.29298119785772575,current_only,leave_region_out,Central California
westcoast_0142,Central California,2006,0,0.36296907106676213,current_only,leave_region_out,Central California
westcoast_0143,Central California,2006,0,0.47244889062844225,current_only,leave_region_out,Central California
westcoast_0144,Central California,2006,0,0.357945680921047,current_only,leave_region_out,Central California
westcoast_0145,Central California,2006,0,0.3540271722340592,current_only,leave_region_out,Central California
westcoast_0146,Central California,2006,0,0.3400856266336318,current_only,leave_region_out,Central California
westcoast_0105,Central California,2006,0,0.3198875168289562,current_plus_trajectory,leave_region_out,Central California
westcoast_0106,Central California,2006,0,0.4122102894573251,current_plus_trajectory,leave_region_out,Central California
westcoast_0107,Central California,2006,0,0.4148213843489377,current_plus_trajectory,leave_region_out,Central California
westcoast_0108,Central California,2006,0,0.37659204403519886,current_plus_trajectory,leave_region_out,Central California
westcoast_0110,Central California,2006,0,0.36732194453295475,current_plus_trajectory,leave_region_out,Central California
westcoast_0111,Central California,2006,0,0.3546585429916816,current_plus_trajectory,leave_region_out,Central California
westcoast_0112,Central California,2006,1,0.4097784616553472,current_plus_trajectory,leave_region_out,Central California
westcoast_0113,Central California,2006,0,0.4198048737985191,current_plus_trajectory,leave_region_out,Central California
westcoast_0114,Central California,2006,0,0.3294233640534238,current_plus_trajectory,leave_region_out,Central California
westcoast_0115,Central California,2006,0,0.42678327081819767,current_plus_trajectory,leave_region_out,Central California
westcoast_0117,Central California,2006,0,0.35587352392429866,current_plus_trajectory,leave_region_out,Central California
westcoast_0118,Central California,2006,0,0.2988968259208185,current_plus_trajectory,leave_region_out,Central California
westcoast_0119,Central California,2006,0,0.3491775864459946,current_plus_trajectory,leave_region_out,Central California
westcoast_0120,Central California,2006,0,0.3248666696225215,current_plus_trajectory,leave_region_out,Central California
westcoast_0121,Central California,2006,0,0.35208674008216667,current_plus_trajectory,leave_region_out,Central California
westcoast_0122,Central California,2006,0,0.30937442525544084,current_plus_trajectory,leave_region_out,Central California
westcoast_0124,Central California,2006,0,0.4188818650826683,current_plus_trajectory,leave_region_out,Central California
westcoast_0125,Central California,2006,0,0.315885075973428,current_plus_trajectory,leave_region_out,Central California
westcoast_0126,Central California,2006,0,0.33520418306957595,current_plus_trajectory,leave_region_out,Central California
westcoast_0127,Central California,2006,0,0.37528538902442404,current_plus_trajectory,leave_region_out,Central California
westcoast_0128,Central California,2006,0,0.3113970535192546,current_plus_trajectory,leave_region_out,Central California
westcoast_0129,Central California,2006,1,0.36478111501911825,current_plus_trajectory,leave_region_out,Central California
westcoast_0131,Central California,2006,0,0.2907945308367453,current_plus_trajectory,leave_region_out,Central California
westcoast_0132,Central California,2006,0,0.32261639903993583,current_plus_trajectory,leave_region_out,Central California
westcoast_0133,Central California,2006,0,0.4495930621211261,current_plus_trajectory,leave_region_out,Central California
westcoast_0135,Central California,2006,0,0.34860850416494044,current_plus_trajectory,leave_region_out,Central California
westcoast_0136,Central California,2006,0,0.3329473947439585,current_plus_trajectory,leave_region_out,Central California
westcoast_0140,Central California,2006,0,0.32833423021792524,current_plus_trajectory,leave_region_out,Central California
westcoast_0142,Central California,2006,0,0.340999311416828,current_plus_trajectory,leave_region_out,Central California
westcoast_0143,Central California,2006,0,0.42253518480796204,current_plus_trajectory,leave_region_out,Central California
westcoast_0144,Central California,2006,0,0.363307220575339,current_plus_trajectory,leave_region_out,Central California
westcoast_0145,Central California,2006,0,0.34443901958109024,current_plus_trajectory,leave_region_out,Central California
westcoast_0146,Central California,2006,0,0.3293012961900719,current_plus_trajectory,leave_region_out,Central California
westcoast_0105,Central California,2006,0,0.30895513755402954,trajectory_plus_oisst,leave_region_out,Central California
westcoast_0106,Central California,2006,0,0.417375772460453,trajectory_plus_oisst,leave_region_out,Central California
westcoast_0107,Central California,2006,0,0.4000284228801757,trajectory_plus_oisst,leave_region_out,Central California
westcoast_0108,Central California,2006,0,0.400008391576655,trajectory_plus_oisst,leave_region_out,Central California
westcoast_0110,Central California,2006,0,0.3932518405739832,trajectory_plus_oisst,leave_region_out,Central California
westcoast_0111,Central California,2006,0,0.39655152824836776,trajectory_plus_oisst,leave_region_out,Central California
westcoast_0112,Central California,2006,1,0.47076111688506983,trajectory_plus_oisst,leave_region_out,Central California
westcoast_0113,Central California,2006,0,0.4755826045547318,trajectory_plus_oisst,leave_region_out,Central California
westcoast_0114,Central California,2006,0,0.34796877049795677,trajectory_plus_oisst,leave_region_out,Central California
westcoast_0115,Central California,2006,0,0.39264023561678113,trajectory_plus_oisst,leave_region_out,Central California
westcoast_0117,Central California,2006,0,0.32534878982694804,trajectory_plus_oisst,leave_region_out,Central California
westcoast_0118,Central California,2006,0,0.25098215955958947,trajectory_plus_oisst,leave_region_out,Central California
westcoast_0119,Central California,2006,0,0.2902676942835645,trajectory_plus_oisst,leave_region_out,Central California
westcoast_0120,Central California,2006,0,0.2816189262866596,trajectory_plus_oisst,leave_region_out,Central California
westcoast_0121,Central California,2006,0,0.30169737357313686,trajectory_plus_oisst,leave_region_out,Central California
westcoast_0122,Central California,2006,0,0.2514080245823914,trajectory_plus_oisst,leave_region_out,Central California
westcoast_0124,Central California,2006,0,0.356975625507004,trajectory_plus_oisst,leave_region_out,Central California
westcoast_0125,Central California,2006,0,0.24264234179904617,trajectory_plus_oisst,leave_region_out,Central California
westcoast_0126,Central California,2006,0,0.28727852461965897,trajectory_plus_oisst,leave_region_out,Central California
westcoast_0127,Central California,2006,0,0.32759830263054873,trajectory_plus_oisst,leave_region_out,Central California
westcoast_0128,Central California,2006,0,0.25819248243495163,trajectory_plus_oisst,leave_region_out,Central California
westcoast_0129,Central California,2006,1,0.3337643660860325,trajectory_plus_oisst,leave_region_out,Central California
westcoast_0131,Central California,2006,0,0.2730173802335072,trajectory_plus_oisst,leave_region_out,Central California
westcoast_0132,Central California,2006,0,0.3345420744481268,trajectory_plus_oisst,leave_region_out,Central California
westcoast_0133,Central California,2006,0,0.5194579090854614,trajectory_plus_oisst,leave_region_out,Central California
westcoast_0135,Central California,2006,0,0.34381650220217574,trajectory_plus_oisst,leave_region_out,Central California
westcoast_0136,Central California,2006,0,0.2950678036637812,trajectory_plus_oisst,leave_region_out,Central California
westcoast_0140,Central California,2006,0,0.3124129775845801,trajectory_plus_oisst,leave_region_out,Central California
westcoast_0142,Central California,2006,0,0.33426797766683325,trajectory_plus_oisst,leave_region_out,Central California
westcoast_0143,Central California,2006,0,0.4202929073561387,trajectory_plus_oisst,leave_region_out,Central California
westcoast_0144,Central California,2006,0,0.3273360476694368,trajectory_plus_oisst,leave_region_out,Central California
westcoast_0145,Central California,2006,0,0.34812897502237045,trajectory_plus_oisst,leave_region_out,Central California
westcoast_0146,Central California,2006,0,0.33057061102080065,trajectory_plus_oisst,leave_region_out,Central California
westcoast_0105,Central California,2007,0,0.3269721045127322,current_only,leave_region_out,Central California
westcoast_0106,Central California,2007,1,0.4608702262791168,current_only,leave_region_out,Central California
westcoast_0107,Central California,2007,0,0.4887340071623622,current_only,leave_region_out,Central California
westcoast_0108,Central California,2007,0,0.5529235059850441,current_only,leave_region_out,Central California
westcoast_0110,Central California,2007,0,0.5387511140410368,current_only,leave_region_out,Central California
westcoast_0111,Central California,2007,0,0.4347188646775893,current_only,leave_region_out,Central California
westcoast_0112,Central California,2007,0,0.4116457176926744,current_only,leave_region_out,Central California
westcoast_0113,Central California,2007,0,0.424392619008294,current_only,leave_region_out,Central California
westcoast_0114,Central California,2007,0,0.48992956389122766,current_only,leave_region_out,Central California
westcoast_0115,Central California,2007,0,0.6075495334108589,current_only,leave_region_out,Central California
westcoast_0117,Central California,2007,0,0.5742108070133152,current_only,leave_region_out,Central California
westcoast_0118,Central California,2007,0,0.44072600308946636,current_only,leave_region_out,Central California
westcoast_0119,Central California,2007,0,0.5314114458540328,current_only,leave_region_out,Central California
westcoast_0120,Central California,2007,0,0.48727867768624394,current_only,leave_region_out,Central California
westcoast_0121,Central California,2007,0,0.5416918623754594,current_only,leave_region_out,Central California
westcoast_0122,Central California,2007,0,0.5061273839157869,current_only,leave_region_out,Central California
westcoast_0123,Central California,2007,0,0.4020256863875228,current_only,leave_region_out,Central California
westcoast_0124,Central California,2007,0,0.4002859240759775,current_only,leave_region_out,Central California
westcoast_0125,Central California,2007,0,0.3817234834049179,current_only,leave_region_out,Central California
westcoast_0126,Central California,2007,0,0.4293402742181001,current_only,leave_region_out,Central California
westcoast_0127,Central California,2007,0,0.4299349785015946,current_only,leave_region_out,Central California
westcoast_0128,Central California,2007,0,0.32673643842092776,current_only,leave_region_out,Central California
westcoast_0129,Central California,2007,0,0.3415165403936177,current_only,leave_region_out,Central California
westcoast_0131,Central California,2007,0,0.412467899431733,current_only,leave_region_out,Central California
westcoast_0132,Central California,2007,0,0.4701352150220948,current_only,leave_region_out,Central California
westcoast_0133,Central California,2007,0,0.6644893738227995,current_only,leave_region_out,Central California
westcoast_0135,Central California,2007,0,0.46211389355225685,current_only,leave_region_out,Central California
westcoast_0136,Central California,2007,0,0.4664974174496998,current_only,leave_region_out,Central California
westcoast_0140,Central California,2007,1,0.5072763092291522,current_only,leave_region_out,Central California
westcoast_0142,Central California,2007,1,0.4746892713473682,current_only,leave_region_out,Central California
westcoast_0143,Central California,2007,1,0.4931746320991345,current_only,leave_region_out,Central California
westcoast_0144,Central California,2007,1,0.3733953908398581,current_only,leave_region_out,Central California
westcoast_0145,Central California,2007,1,0.7348150150016218,current_only,leave_region_out,Central California
westcoast_0146,Central California,2007,1,0.6367173163851361,current_only,leave_region_out,Central California
westcoast_0105,Central California,2007,0,0.34887866462611344,current_plus_trajectory,leave_region_out,Central California
westcoast_0106,Central California,2007,1,0.481507672781242,current_plus_trajectory,leave_region_out,Central California
westcoast_0107,Central California,2007,0,0.5384935119974494,current_plus_trajectory,leave_region_out,Central California
westcoast_0108,Central California,2007,0,0.5473495369350391,current_plus_trajectory,leave_region_out,Central California
westcoast_0110,Central California,2007,0,0.5310134832145029,current_plus_trajectory,leave_region_out,Central California
westcoast_0111,Central California,2007,0,0.40978042583377416,current_plus_trajectory,leave_region_out,Central California
westcoast_0112,Central California,2007,0,0.35507022921960946,current_plus_trajectory,leave_region_out,Central California
westcoast_0113,Central California,2007,0,0.35670142563959956,current_plus_trajectory,leave_region_out,Central California
westcoast_0114,Central California,2007,0,0.5008052086016824,current_plus_trajectory,leave_region_out,Central California
westcoast_0115,Central California,2007,0,0.6250472027172191,current_plus_trajectory,leave_region_out,Central California
westcoast_0117,Central California,2007,0,0.5899687288644582,current_plus_trajectory,leave_region_out,Central California
westcoast_0118,Central California,2007,0,0.5124360808454621,current_plus_trajectory,leave_region_out,Central California
westcoast_0119,Central California,2007,0,0.6095102588797614,current_plus_trajectory,leave_region_out,Central California
westcoast_0120,Central California,2007,0,0.5489241853865885,current_plus_trajectory,leave_region_out,Central California
westcoast_0121,Central California,2007,0,0.579285319132245,current_plus_trajectory,leave_region_out,Central California
westcoast_0122,Central California,2007,0,0.5794651678651477,current_plus_trajectory,leave_region_out,Central California
westcoast_0123,Central California,2007,0,0.48929547215092495,current_plus_trajectory,leave_region_out,Central California
westcoast_0124,Central California,2007,0,0.395997654627461,current_plus_trajectory,leave_region_out,Central California
westcoast_0125,Central California,2007,0,0.37428028210006586,current_plus_trajectory,leave_region_out,Central California
westcoast_0126,Central California,2007,0,0.43036827562708463,current_plus_trajectory,leave_region_out,Central California
westcoast_0127,Central California,2007,0,0.4414976672813779,current_plus_trajectory,leave_region_out,Central California
westcoast_0128,Central California,2007,0,0.31126153589262107,current_plus_trajectory,leave_region_out,Central California
westcoast_0129,Central California,2007,0,0.2940077331182159,current_plus_trajectory,leave_region_out,Central California
westcoast_0131,Central California,2007,0,0.4238792642658765,current_plus_trajectory,leave_region_out,Central California
westcoast_0132,Central California,2007,0,0.5135450787267968,current_plus_trajectory,leave_region_out,Central California
westcoast_0133,Central California,2007,0,0.6913161809545775,current_plus_trajectory,leave_region_out,Central California
westcoast_0135,Central California,2007,0,0.5016598054739814,current_plus_trajectory,leave_region_out,Central California
westcoast_0136,Central California,2007,0,0.5380869086464463,current_plus_trajectory,leave_region_out,Central California
westcoast_0140,Central California,2007,1,0.6050785911422196,current_plus_trajectory,leave_region_out,Central California
westcoast_0142,Central California,2007,1,0.48674958718498557,current_plus_trajectory,leave_region_out,Central California
westcoast_0143,Central California,2007,1,0.4536116861284855,current_plus_trajectory,leave_region_out,Central California
westcoast_0144,Central California,2007,1,0.3602603315261686,current_plus_trajectory,leave_region_out,Central California
westcoast_0145,Central California,2007,1,0.80269131255281,current_plus_trajectory,leave_region_out,Central California
westcoast_0146,Central California,2007,1,0.6919503302848412,current_plus_trajectory,leave_region_out,Central California
westcoast_0105,Central California,2007,0,0.22344236628854358,trajectory_plus_oisst,leave_region_out,Central California
westcoast_0106,Central California,2007,1,0.3538050428687344,trajectory_plus_oisst,leave_region_out,Central California
westcoast_0107,Central California,2007,0,0.4456921898022327,trajectory_plus_oisst,leave_region_out,Central California
westcoast_0108,Central California,2007,0,0.4939609092763312,trajectory_plus_oisst,leave_region_out,Central California
westcoast_0110,Central California,2007,0,0.47643683347255605,trajectory_plus_oisst,leave_region_out,Central California
westcoast_0111,Central California,2007,0,0.30719897784845374,trajectory_plus_oisst,leave_region_out,Central California
westcoast_0112,Central California,2007,0,0.26581742755884,trajectory_plus_oisst,leave_region_out,Central California
westcoast_0113,Central California,2007,0,0.26985167133809074,trajectory_plus_oisst,leave_region_out,Central California
westcoast_0114,Central California,2007,0,0.46985336914196196,trajectory_plus_oisst,leave_region_out,Central California
westcoast_0115,Central California,2007,0,0.6578262095903508,trajectory_plus_oisst,leave_region_out,Central California
westcoast_0117,Central California,2007,0,0.6188004103385462,trajectory_plus_oisst,leave_region_out,Central California
westcoast_0118,Central California,2007,0,0.5093865841410196,trajectory_plus_oisst,leave_region_out,Central California
westcoast_0119,Central California,2007,0,0.6144644707284002,trajectory_plus_oisst,leave_region_out,Central California
westcoast_0120,Central California,2007,0,0.5287696482901221,trajectory_plus_oisst,leave_region_out,Central California
westcoast_0121,Central California,2007,0,0.5825394781811193,trajectory_plus_oisst,leave_region_out,Central California
westcoast_0122,Central California,2007,0,0.5681499542280087,trajectory_plus_oisst,leave_region_out,Central California
westcoast_0123,Central California,2007,0,0.45597707884211985,trajectory_plus_oisst,leave_region_out,Central California
westcoast_0124,Central California,2007,0,0.34977805936562517,trajectory_plus_oisst,leave_region_out,Central California
westcoast_0125,Central California,2007,0,0.31958999026086793,trajectory_plus_oisst,leave_region_out,Central California
westcoast_0126,Central California,2007,0,0.34120862168095595,trajectory_plus_oisst,leave_region_out,Central California
westcoast_0127,Central California,2007,0,0.3513754040059111,trajectory_plus_oisst,leave_region_out,Central California
westcoast_0128,Central California,2007,0,0.22858286903930972,trajectory_plus_oisst,leave_region_out,Central California
westcoast_0129,Central California,2007,0,0.22516413654648584,trajectory_plus_oisst,leave_region_out,Central California
westcoast_0131,Central California,2007,0,0.35178221538727633,trajectory_plus_oisst,leave_region_out,Central California
westcoast_0132,Central California,2007,0,0.46257249815621937,trajectory_plus_oisst,leave_region_out,Central California
westcoast_0133,Central California,2007,0,0.68629470281406,trajectory_plus_oisst,leave_region_out,Central California
westcoast_0135,Central California,2007,0,0.43359798572216934,trajectory_plus_oisst,leave_region_out,Central California
westcoast_0136,Central California,2007,0,0.4764747524625927,trajectory_plus_oisst,leave_region_out,Central California
westcoast_0140,Central California,2007,1,0.5434825223374303,trajectory_plus_oisst,leave_region_out,Central California
westcoast_0142,Central California,2007,1,0.4508014534381023,trajectory_plus_oisst,leave_region_out,Central California
westcoast_0143,Central California,2007,1,0.43508299952105356,trajectory_plus_oisst,leave_region_out,Central California
westcoast_0144,Central California,2007,1,0.3164835190703074,trajectory_plus_oisst,leave_region_out,Central California
westcoast_0145,Central California,2007,1,0.78947365613706,trajectory_plus_oisst,leave_region_out,Central California
westcoast_0146,Central California,2007,1,0.6678032077547974,trajectory_plus_oisst,leave_region_out,Central California
westcoast_0105,Central California,2008,0,0.31512223824866775,current_only,leave_region_out,Central California
westcoast_0106,Central California,2008,0,0.3719531869524905,current_only,leave_region_out,Central California
westcoast_0107,Central California,2008,0,0.5099673278027524,current_only,leave_region_out,Central California
westcoast_0108,Central California,2008,0,0.5290092466989386,current_only,leave_region_out,Central California
westcoast_0110,Central California,2008,0,0.534424070732679,current_only,leave_region_out,Central California
westcoast_0111,Central California,2008,0,0.49547279533940125,current_only,leave_region_out,Central California
westcoast_0112,Central California,2008,0,0.49796714271532316,current_only,leave_region_out,Central California
westcoast_0113,Central California,2008,0,0.49668265060759476,current_only,leave_region_out,Central California
westcoast_0114,Central California,2008,0,0.5353320528949681,current_only,leave_region_out,Central California
westcoast_0115,Central California,2008,0,0.6033028878290655,current_only,leave_region_out,Central California
westcoast_0117,Central California,2008,0,0.6312183044273775,current_only,leave_region_out,Central California
westcoast_0118,Central California,2008,0,0.5446676259272951,current_only,leave_region_out,Central California
westcoast_0119,Central California,2008,0,0.5632815771637123,current_only,leave_region_out,Central California
westcoast_0120,Central California,2008,0,0.5624189836400548,current_only,leave_region_out,Central California
westcoast_0121,Central California,2008,0,0.613259019758102,current_only,leave_region_out,Central California
westcoast_0122,Central California,2008,0,0.6177196579833321,current_only,leave_region_out,Central California
westcoast_0123,Central California,2008,0,0.5060257266601141,current_only,leave_region_out,Central California
westcoast_0124,Central California,2008,0,0.6731046502132043,current_only,leave_region_out,Central California
westcoast_0125,Central California,2008,0,0.4529003070513096,current_only,leave_region_out,Central California
westcoast_0126,Central California,2008,0,0.4604985834173531,current_only,leave_region_out,Central California
westcoast_0127,Central California,2008,0,0.49051392815186284,current_only,leave_region_out,Central California
westcoast_0128,Central California,2008,1,0.39065094313651166,current_only,leave_region_out,Central California
westcoast_0129,Central California,2008,1,0.4279752765455415,current_only,leave_region_out,Central California
westcoast_0131,Central California,2008,0,0.3964497230095977,current_only,leave_region_out,Central California
westcoast_0132,Central California,2008,0,0.5183768105529493,current_only,leave_region_out,Central California
westcoast_0133,Central California,2008,0,0.7522290824996041,current_only,leave_region_out,Central California
westcoast_0135,Central California,2008,1,0.44912606712462505,current_only,leave_region_out,Central California
westcoast_0136,Central California,2008,0,0.5320326536622266,current_only,leave_region_out,Central California
westcoast_0142,Central California,2008,0,0.2930775279083714,current_only,leave_region_out,Central California
westcoast_0143,Central California,2008,0,0.3608645934600044,current_only,leave_region_out,Central California
westcoast_0144,Central California,2008,0,0.2968529898071703,current_only,leave_region_out,Central California
westcoast_0145,Central California,2008,0,0.38521808256592965,current_only,leave_region_out,Central California
westcoast_0146,Central California,2008,0,0.3557424533421065,current_only,leave_region_out,Central California
westcoast_0105,Central California,2008,0,0.2931338085400955,current_plus_trajectory,leave_region_out,Central California
westcoast_0106,Central California,2008,0,0.30633755799086587,current_plus_trajectory,leave_region_out,Central California
westcoast_0107,Central California,2008,0,0.44849391983765197,current_plus_trajectory,leave_region_out,Central California
westcoast_0108,Central California,2008,0,0.48816545495901875,current_plus_trajectory,leave_region_out,Central California
westcoast_0110,Central California,2008,0,0.5172439954807067,current_plus_trajectory,leave_region_out,Central California
westcoast_0111,Central California,2008,0,0.49737461364688235,current_plus_trajectory,leave_region_out,Central California
westcoast_0112,Central California,2008,0,0.5035338035228729,current_plus_trajectory,leave_region_out,Central California
westcoast_0113,Central California,2008,0,0.4888341918081715,current_plus_trajectory,leave_region_out,Central California
westcoast_0114,Central California,2008,0,0.5415390638195302,current_plus_trajectory,leave_region_out,Central California
westcoast_0115,Central California,2008,0,0.554287725717614,current_plus_trajectory,leave_region_out,Central California
westcoast_0117,Central California,2008,0,0.6335398426040377,current_plus_trajectory,leave_region_out,Central California
westcoast_0118,Central California,2008,0,0.5873132929658585,current_plus_trajectory,leave_region_out,Central California
westcoast_0119,Central California,2008,0,0.5452927688078204,current_plus_trajectory,leave_region_out,Central California
westcoast_0120,Central California,2008,0,0.578149259047509,current_plus_trajectory,leave_region_out,Central California
westcoast_0121,Central California,2008,0,0.627394372016097,current_plus_trajectory,leave_region_out,Central California
westcoast_0122,Central California,2008,0,0.6464307274296826,current_plus_trajectory,leave_region_out,Central California
westcoast_0123,Central California,2008,0,0.5575811733811661,current_plus_trajectory,leave_region_out,Central California
westcoast_0124,Central California,2008,0,0.716292670039748,current_plus_trajectory,leave_region_out,Central California
westcoast_0125,Central California,2008,0,0.4544521955260904,current_plus_trajectory,leave_region_out,Central California
westcoast_0126,Central California,2008,0,0.4374148222628914,current_plus_trajectory,leave_region_out,Central California
westcoast_0127,Central California,2008,0,0.46221546009126174,current_plus_trajectory,leave_region_out,Central California
westcoast_0128,Central California,2008,1,0.39454611029887343,current_plus_trajectory,leave_region_out,Central California
westcoast_0129,Central California,2008,1,0.4554987945444627,current_plus_trajectory,leave_region_out,Central California
westcoast_0131,Central California,2008,0,0.3883826922431352,current_plus_trajectory,leave_region_out,Central California
westcoast_0132,Central California,2008,0,0.5193185494071056,current_plus_trajectory,leave_region_out,Central California
westcoast_0133,Central California,2008,0,0.7277377044877391,current_plus_trajectory,leave_region_out,Central California
westcoast_0135,Central California,2008,1,0.4729306474542107,current_plus_trajectory,leave_region_out,Central California
westcoast_0136,Central California,2008,0,0.5241343680938588,current_plus_trajectory,leave_region_out,Central California
westcoast_0142,Central California,2008,0,0.3217807836368414,current_plus_trajectory,leave_region_out,Central California
westcoast_0143,Central California,2008,0,0.32000099746854765,current_plus_trajectory,leave_region_out,Central California
westcoast_0144,Central California,2008,0,0.2760578089097506,current_plus_trajectory,leave_region_out,Central California
westcoast_0145,Central California,2008,0,0.34884641139938427,current_plus_trajectory,leave_region_out,Central California
westcoast_0146,Central California,2008,0,0.3320115849386178,current_plus_trajectory,leave_region_out,Central California
westcoast_0105,Central California,2008,0,0.23651451462662065,trajectory_plus_oisst,leave_region_out,Central California
westcoast_0106,Central California,2008,0,0.26372077904207875,trajectory_plus_oisst,leave_region_out,Central California
westcoast_0107,Central California,2008,0,0.3566077613079806,trajectory_plus_oisst,leave_region_out,Central California
westcoast_0108,Central California,2008,0,0.40470683774316973,trajectory_plus_oisst,leave_region_out,Central California
westcoast_0110,Central California,2008,0,0.4280226594866215,trajectory_plus_oisst,leave_region_out,Central California
westcoast_0111,Central California,2008,0,0.38787882976590793,trajectory_plus_oisst,leave_region_out,Central California
westcoast_0112,Central California,2008,0,0.39514082408497186,trajectory_plus_oisst,leave_region_out,Central California
westcoast_0113,Central California,2008,0,0.38413440763095225,trajectory_plus_oisst,leave_region_out,Central California
westcoast_0114,Central California,2008,0,0.4786777736834782,trajectory_plus_oisst,leave_region_out,Central California
westcoast_0115,Central California,2008,0,0.5069517482366377,trajectory_plus_oisst,leave_region_out,Central California
westcoast_0117,Central California,2008,0,0.5786363983748498,trajectory_plus_oisst,leave_region_out,Central California
westcoast_0118,Central California,2008,0,0.5070398542155914,trajectory_plus_oisst,leave_region_out,Central California
westcoast_0119,Central California,2008,0,0.4824752575689709,trajectory_plus_oisst,leave_region_out,Central California
westcoast_0120,Central California,2008,0,0.5151532680060915,trajectory_plus_oisst,leave_region_out,Central California
westcoast_0121,Central California,2008,0,0.5665014633329637,trajectory_plus_oisst,leave_region_out,Central California
westcoast_0122,Central California,2008,0,0.5821469663940275,trajectory_plus_oisst,leave_region_out,Central California
westcoast_0123,Central California,2008,0,0.46906645603306113,trajectory_plus_oisst,leave_region_out,Central California
westcoast_0124,Central California,2008,0,0.6679469241287437,trajectory_plus_oisst,leave_region_out,Central California
westcoast_0125,Central California,2008,0,0.3824732151563244,trajectory_plus_oisst,leave_region_out,Central California
westcoast_0126,Central California,2008,0,0.3482011849425916,trajectory_plus_oisst,leave_region_out,Central California
westcoast_0127,Central California,2008,0,0.3760694827216826,trajectory_plus_oisst,leave_region_out,Central California
westcoast_0128,Central California,2008,1,0.29544201614880583,trajectory_plus_oisst,leave_region_out,Central California
westcoast_0129,Central California,2008,1,0.3513923892907185,trajectory_plus_oisst,leave_region_out,Central California
westcoast_0131,Central California,2008,0,0.24605325524915111,trajectory_plus_oisst,leave_region_out,Central California
westcoast_0132,Central California,2008,0,0.3240656332526051,trajectory_plus_oisst,leave_region_out,Central California
westcoast_0133,Central California,2008,0,0.5855929647425244,trajectory_plus_oisst,leave_region_out,Central California
westcoast_0135,Central California,2008,1,0.2819991838341913,trajectory_plus_oisst,leave_region_out,Central California
westcoast_0136,Central California,2008,0,0.3777668445144546,trajectory_plus_oisst,leave_region_out,Central California
westcoast_0142,Central California,2008,0,0.2093465841377213,trajectory_plus_oisst,leave_region_out,Central California
westcoast_0143,Central California,2008,0,0.2295745208285405,trajectory_plus_oisst,leave_region_out,Central California
westcoast_0144,Central California,2008,0,0.18327977972617499,trajectory_plus_oisst,leave_region_out,Central California
westcoast_0145,Central California,2008,0,0.2714332914671459,trajectory_plus_oisst,leave_region_out,Central California
westcoast_0146,Central California,2008,0,0.2502734569275427,trajectory_plus_oisst,leave_region_out,Central California
westcoast_0105,Central California,2009,0,0.3481987588853283,current_only,leave_region_out,Central California
westcoast_0106,Central California,2009,0,0.43720935058444077,current_only,leave_region_out,Central California
westcoast_0107,Central California,2009,0,0.7327085520594371,current_only,leave_region_out,Central California
westcoast_0108,Central California,2009,0,0.5066728739268577,current_only,leave_region_out,Central California
westcoast_0110,Central California,2009,1,0.5551440600781097,current_only,leave_region_out,Central California
westcoast_0111,Central California,2009,1,0.6056421619007798,current_only,leave_region_out,Central California
westcoast_0112,Central California,2009,1,0.5938082208101352,current_only,leave_region_out,Central California
westcoast_0113,Central California,2009,1,0.513531835866216,current_only,leave_region_out,Central California
westcoast_0114,Central California,2009,1,0.5057867675656273,current_only,leave_region_out,Central California
westcoast_0115,Central California,2009,1,0.5643008557040037,current_only,leave_region_out,Central California
westcoast_0117,Central California,2009,1,0.5287267350483154,current_only,leave_region_out,Central California
westcoast_0118,Central California,2009,1,0.5406807182451746,current_only,leave_region_out,Central California
westcoast_0119,Central California,2009,1,0.5484085147813154,current_only,leave_region_out,Central California
westcoast_0120,Central California,2009,1,0.575875255054501,current_only,leave_region_out,Central California
westcoast_0121,Central California,2009,1,0.5626182393033792,current_only,leave_region_out,Central California
westcoast_0122,Central California,2009,1,0.5282993826029965,current_only,leave_region_out,Central California
westcoast_0123,Central California,2009,1,0.44746752778602,current_only,leave_region_out,Central California
westcoast_0124,Central California,2009,0,0.569717843707937,current_only,leave_region_out,Central California
westcoast_0125,Central California,2009,0,0.38267925980363393,current_only,leave_region_out,Central California
westcoast_0126,Central California,2009,0,0.5139903572527822,current_only,leave_region_out,Central California
westcoast_0127,Central California,2009,0,0.5884564677560573,current_only,leave_region_out,Central California
westcoast_0128,Central California,2009,0,0.3371373186545525,current_only,leave_region_out,Central California
westcoast_0129,Central California,2009,1,0.3538986477970486,current_only,leave_region_out,Central California
westcoast_0131,Central California,2009,0,0.36778335410527213,current_only,leave_region_out,Central California
westcoast_0132,Central California,2009,0,0.5236245796400836,current_only,leave_region_out,Central California
westcoast_0133,Central California,2009,1,0.6075349726977111,current_only,leave_region_out,Central California
westcoast_0135,Central California,2009,0,0.2814459058074066,current_only,leave_region_out,Central California
westcoast_0136,Central California,2009,1,0.7649656050474385,current_only,leave_region_out,Central California
westcoast_0140,Central California,2009,0,0.3240875419922653,current_only,leave_region_out,Central California
westcoast_0142,Central California,2009,0,0.3501283565652056,current_only,leave_region_out,Central California
westcoast_0143,Central California,2009,0,0.35260196619078316,current_only,leave_region_out,Central California
westcoast_0144,Central California,2009,0,0.3640331562629286,current_only,leave_region_out,Central California
westcoast_0145,Central California,2009,1,0.4933219900186619,current_only,leave_region_out,Central California
westcoast_0146,Central California,2009,1,0.47299685270267433,current_only,leave_region_out,Central California
westcoast_0105,Central California,2009,0,0.3513348063812863,current_plus_trajectory,leave_region_out,Central California
westcoast_0106,Central California,2009,0,0.42996946734483055,current_plus_trajectory,leave_region_out,Central California
westcoast_0107,Central California,2009,0,0.7151555551537716,current_plus_trajectory,leave_region_out,Central California
westcoast_0108,Central California,2009,0,0.413901287183793,current_plus_trajectory,leave_region_out,Central California
westcoast_0110,Central California,2009,1,0.4681167873983788,current_plus_trajectory,leave_region_out,Central California
westcoast_0111,Central California,2009,1,0.571430439921711,current_plus_trajectory,leave_region_out,Central California
westcoast_0112,Central California,2009,1,0.5775597628256582,current_plus_trajectory,leave_region_out,Central California
westcoast_0113,Central California,2009,1,0.4797046251646155,current_plus_trajectory,leave_region_out,Central California
westcoast_0114,Central California,2009,1,0.4142347668542029,current_plus_trajectory,leave_region_out,Central California
westcoast_0115,Central California,2009,1,0.43768022868229844,current_plus_trajectory,leave_region_out,Central California
westcoast_0117,Central California,2009,1,0.39516049030651124,current_plus_trajectory,leave_region_out,Central California
westcoast_0118,Central California,2009,1,0.4511116154299593,current_plus_trajectory,leave_region_out,Central California
westcoast_0119,Central California,2009,1,0.43464443492565974,current_plus_trajectory,leave_region_out,Central California
westcoast_0120,Central California,2009,1,0.47704957404299525,current_plus_trajectory,leave_region_out,Central California
westcoast_0121,Central California,2009,1,0.4374187254034995,current_plus_trajectory,leave_region_out,Central California
westcoast_0122,Central California,2009,1,0.39971801689262615,current_plus_trajectory,leave_region_out,Central California
westcoast_0123,Central California,2009,1,0.3621653198720386,current_plus_trajectory,leave_region_out,Central California
westcoast_0124,Central California,2009,0,0.472484175275863,current_plus_trajectory,leave_region_out,Central California
westcoast_0125,Central California,2009,0,0.3287608217579745,current_plus_trajectory,leave_region_out,Central California
westcoast_0126,Central California,2009,0,0.4662831950460642,current_plus_trajectory,leave_region_out,Central California
westcoast_0127,Central California,2009,0,0.5476722620212189,current_plus_trajectory,leave_region_out,Central California
westcoast_0128,Central California,2009,0,0.3093005082176552,current_plus_trajectory,leave_region_out,Central California
westcoast_0129,Central California,2009,1,0.32802650130737787,current_plus_trajectory,leave_region_out,Central California
westcoast_0131,Central California,2009,0,0.32553092178373905,current_plus_trajectory,leave_region_out,Central California
westcoast_0132,Central California,2009,0,0.43880023106836397,current_plus_trajectory,leave_region_out,Central California
westcoast_0133,Central California,2009,1,0.4384190651499736,current_plus_trajectory,leave_region_out,Central California
westcoast_0135,Central California,2009,0,0.2374308193381555,current_plus_trajectory,leave_region_out,Central California
westcoast_0136,Central California,2009,1,0.7353950602942732,current_plus_trajectory,leave_region_out,Central California
westcoast_0140,Central California,2009,0,0.34841477797604503,current_plus_trajectory,leave_region_out,Central California
westcoast_0142,Central California,2009,0,0.37044812972262897,current_plus_trajectory,leave_region_out,Central California
westcoast_0143,Central California,2009,0,0.3525978398873172,current_plus_trajectory,leave_region_out,Central California
westcoast_0144,Central California,2009,0,0.38844652648868494,current_plus_trajectory,leave_region_out,Central California
westcoast_0145,Central California,2009,1,0.48563114525696993,current_plus_trajectory,leave_region_out,Central California
westcoast_0146,Central California,2009,1,0.46991883936517886,current_plus_trajectory,leave_region_out,Central California
westcoast_0105,Central California,2009,0,0.25028470347197157,trajectory_plus_oisst,leave_region_out,Central California
westcoast_0106,Central California,2009,0,0.33103644381541597,trajectory_plus_oisst,leave_region_out,Central California
westcoast_0107,Central California,2009,0,0.6461697542017896,trajectory_plus_oisst,leave_region_out,Central California
westcoast_0108,Central California,2009,0,0.32725575824534503,trajectory_plus_oisst,leave_region_out,Central California
westcoast_0110,Central California,2009,1,0.38246014435742764,trajectory_plus_oisst,leave_region_out,Central California
westcoast_0111,Central California,2009,1,0.5152513924819434,trajectory_plus_oisst,leave_region_out,Central California
westcoast_0112,Central California,2009,1,0.5138517963384549,trajectory_plus_oisst,leave_region_out,Central California
westcoast_0113,Central California,2009,1,0.4084572146668109,trajectory_plus_oisst,leave_region_out,Central California
westcoast_0114,Central California,2009,1,0.3808821268444141,trajectory_plus_oisst,leave_region_out,Central California
westcoast_0115,Central California,2009,1,0.42005460522786,trajectory_plus_oisst,leave_region_out,Central California
westcoast_0117,Central California,2009,1,0.3752215095530699,trajectory_plus_oisst,leave_region_out,Central California
westcoast_0118,Central California,2009,1,0.42306448216561654,trajectory_plus_oisst,leave_region_out,Central California
westcoast_0119,Central California,2009,1,0.41332373675291884,trajectory_plus_oisst,leave_region_out,Central California
westcoast_0120,Central California,2009,1,0.46149467047148734,trajectory_plus_oisst,leave_region_out,Central California
westcoast_0121,Central California,2009,1,0.42450433716153924,trajectory_plus_oisst,leave_region_out,Central California
westcoast_0122,Central California,2009,1,0.38387662432035363,trajectory_plus_oisst,leave_region_out,Central California
westcoast_0123,Central California,2009,1,0.3303474546691397,trajectory_plus_oisst,leave_region_out,Central California
westcoast_0124,Central California,2009,0,0.4497408486100233,trajectory_plus_oisst,leave_region_out,Central California
westcoast_0125,Central California,2009,0,0.2844618025171731,trajectory_plus_oisst,leave_region_out,Central California
westcoast_0126,Central California,2009,0,0.4330907027367226,trajectory_plus_oisst,leave_region_out,Central California
westcoast_0127,Central California,2009,0,0.5227610475528124,trajectory_plus_oisst,leave_region_out,Central California
westcoast_0128,Central California,2009,0,0.25904094786965337,trajectory_plus_oisst,leave_region_out,Central California
westcoast_0129,Central California,2009,1,0.2760149543371938,trajectory_plus_oisst,leave_region_out,Central California
westcoast_0131,Central California,2009,0,0.2836638549324943,trajectory_plus_oisst,leave_region_out,Central California
westcoast_0132,Central California,2009,0,0.42163724750279846,trajectory_plus_oisst,leave_region_out,Central California
westcoast_0133,Central California,2009,1,0.44750171866274513,trajectory_plus_oisst,leave_region_out,Central California
westcoast_0135,Central California,2009,0,0.21231885375590215,trajectory_plus_oisst,leave_region_out,Central California
westcoast_0136,Central California,2009,1,0.7433297011488568,trajectory_plus_oisst,leave_region_out,Central California
westcoast_0140,Central California,2009,0,0.32094096345408796,trajectory_plus_oisst,leave_region_out,Central California
westcoast_0142,Central California,2009,0,0.3805380161359805,trajectory_plus_oisst,leave_region_out,Central California
westcoast_0143,Central California,2009,0,0.3638150622296564,trajectory_plus_oisst,leave_region_out,Central California
westcoast_0144,Central California,2009,0,0.3957928033709197,trajectory_plus_oisst,leave_region_out,Central California
westcoast_0145,Central California,2009,1,0.5006457231297767,trajectory_plus_oisst,leave_region_out,Central California
westcoast_0146,Central California,2009,1,0.47867577244449366,trajectory_plus_oisst,leave_region_out,Central California
westcoast_0105,Central California,2010,0,0.3704525387041379,current_only,leave_region_out,Central California
westcoast_0106,Central California,2010,0,0.38186547284835337,current_only,leave_region_out,Central California
westcoast_0107,Central California,2010,0,0.6441606801443656,current_only,leave_region_out,Central California
westcoast_0108,Central California,2010,0,0.4858728378401344,current_only,leave_region_out,Central California
westcoast_0110,Central California,2010,0,0.39910750793601085,current_only,leave_region_out,Central California
westcoast_0111,Central California,2010,0,0.33424459827015873,current_only,leave_region_out,Central California
westcoast_0112,Central California,2010,1,0.4262292919724556,current_only,leave_region_out,Central California
westcoast_0113,Central California,2010,1,0.41172054097183,current_only,leave_region_out,Central California
westcoast_0114,Central California,2010,0,0.32370239994043326,current_only,leave_region_out,Central California
westcoast_0115,Central California,2010,0,0.3789955257615536,current_only,leave_region_out,Central California
westcoast_0117,Central California,2010,0,0.3278920346313098,current_only,leave_region_out,Central California
westcoast_0118,Central California,2010,1,0.31422967247810185,current_only,leave_region_out,Central California
westcoast_0119,Central California,2010,1,0.38012329405354695,current_only,leave_region_out,Central California
westcoast_0120,Central California,2010,1,0.3563148834431541,current_only,leave_region_out,Central California
westcoast_0121,Central California,2010,1,0.36373319080490807,current_only,leave_region_out,Central California
westcoast_0122,Central California,2010,1,0.31477594776141393,current_only,leave_region_out,Central California
westcoast_0123,Central California,2010,1,0.3210567318251622,current_only,leave_region_out,Central California
westcoast_0124,Central California,2010,1,0.7538668279470405,current_only,leave_region_out,Central California
westcoast_0125,Central California,2010,1,0.38789958030740873,current_only,leave_region_out,Central California
westcoast_0126,Central California,2010,1,0.45495831983719465,current_only,leave_region_out,Central California
westcoast_0127,Central California,2010,1,0.5460048226311519,current_only,leave_region_out,Central California
westcoast_0128,Central California,2010,1,0.3318392986509222,current_only,leave_region_out,Central California
westcoast_0129,Central California,2010,1,0.3101162250222497,current_only,leave_region_out,Central California
westcoast_0131,Central California,2010,1,0.412611506163871,current_only,leave_region_out,Central California
westcoast_0132,Central California,2010,1,0.5492259673899152,current_only,leave_region_out,Central California
westcoast_0133,Central California,2010,1,0.40738616427628277,current_only,leave_region_out,Central California
westcoast_0135,Central California,2010,1,0.6627821868628511,current_only,leave_region_out,Central California
westcoast_0136,Central California,2010,0,0.4974020761759982,current_only,leave_region_out,Central California
westcoast_0140,Central California,2010,1,0.42519658132096816,current_only,leave_region_out,Central California
westcoast_0142,Central California,2010,1,0.5077156370972437,current_only,leave_region_out,Central California
westcoast_0143,Central California,2010,1,0.49134097182160474,current_only,leave_region_out,Central California
westcoast_0144,Central California,2010,1,0.4348949624276653,current_only,leave_region_out,Central California
westcoast_0145,Central California,2010,1,0.30680129298276726,current_only,leave_region_out,Central California
westcoast_0146,Central California,2010,0,0.29451262111404214,current_only,leave_region_out,Central California
westcoast_0105,Central California,2010,0,0.3824677100528776,current_plus_trajectory,leave_region_out,Central California
westcoast_0106,Central California,2010,0,0.3577037998302936,current_plus_trajectory,leave_region_out,Central California
westcoast_0107,Central California,2010,0,0.5489029910277528,current_plus_trajectory,leave_region_out,Central California
westcoast_0108,Central California,2010,0,0.4468064521510944,current_plus_trajectory,leave_region_out,Central California
westcoast_0110,Central California,2010,0,0.350695612204435,current_plus_trajectory,leave_region_out,Central California
westcoast_0111,Central California,2010,0,0.2758876943248881,current_plus_trajectory,leave_region_out,Central California
westcoast_0112,Central California,2010,1,0.348619251176357,current_plus_trajectory,leave_region_out,Central California
westcoast_0113,Central California,2010,1,0.35503432051657197,current_plus_trajectory,leave_region_out,Central California
westcoast_0114,Central California,2010,0,0.2886881203942926,current_plus_trajectory,leave_region_out,Central California
westcoast_0115,Central California,2010,0,0.3464910069817076,current_plus_trajectory,leave_region_out,Central California
westcoast_0117,Central California,2010,0,0.3074125701970619,current_plus_trajectory,leave_region_out,Central California
westcoast_0118,Central California,2010,1,0.27094453782700706,current_plus_trajectory,leave_region_out,Central California
westcoast_0119,Central California,2010,1,0.33836393920118124,current_plus_trajectory,leave_region_out,Central California
westcoast_0120,Central California,2010,1,0.3071237784029317,current_plus_trajectory,leave_region_out,Central California
westcoast_0121,Central California,2010,1,0.3259495297435133,current_plus_trajectory,leave_region_out,Central California
westcoast_0122,Central California,2010,1,0.2870176032307344,current_plus_trajectory,leave_region_out,Central California
westcoast_0123,Central California,2010,1,0.2810814586858218,current_plus_trajectory,leave_region_out,Central California
westcoast_0124,Central California,2010,1,0.6892336580425004,current_plus_trajectory,leave_region_out,Central California
westcoast_0125,Central California,2010,1,0.36477035529853874,current_plus_trajectory,leave_region_out,Central California
westcoast_0126,Central California,2010,1,0.4001173065824867,current_plus_trajectory,leave_region_out,Central California
westcoast_0127,Central California,2010,1,0.4760734701932483,current_plus_trajectory,leave_region_out,Central California
westcoast_0128,Central California,2010,1,0.3084325372455923,current_plus_trajectory,leave_region_out,Central California
westcoast_0129,Central California,2010,1,0.27489490512523923,current_plus_trajectory,leave_region_out,Central California
westcoast_0131,Central California,2010,1,0.4191466579897385,current_plus_trajectory,leave_region_out,Central California
westcoast_0132,Central California,2010,1,0.49777253052412174,current_plus_trajectory,leave_region_out,Central California
westcoast_0133,Central California,2010,1,0.38498805695503313,current_plus_trajectory,leave_region_out,Central California
westcoast_0135,Central California,2010,1,0.723659264747709,current_plus_trajectory,leave_region_out,Central California
westcoast_0136,Central California,2010,0,0.391336022257323,current_plus_trajectory,leave_region_out,Central California
westcoast_0140,Central California,2010,1,0.4859805933182518,current_plus_trajectory,leave_region_out,Central California
westcoast_0142,Central California,2010,1,0.5533724949103989,current_plus_trajectory,leave_region_out,Central California
westcoast_0143,Central California,2010,1,0.5256182940319999,current_plus_trajectory,leave_region_out,Central California
westcoast_0144,Central California,2010,1,0.4569291525701361,current_plus_trajectory,leave_region_out,Central California
westcoast_0145,Central California,2010,1,0.29702907062057793,current_plus_trajectory,leave_region_out,Central California
westcoast_0146,Central California,2010,0,0.27266274001214064,current_plus_trajectory,leave_region_out,Central California
westcoast_0105,Central California,2010,0,0.29299847509894855,trajectory_plus_oisst,leave_region_out,Central California
westcoast_0106,Central California,2010,0,0.2731871775097682,trajectory_plus_oisst,leave_region_out,Central California
westcoast_0107,Central California,2010,0,0.4959458268926862,trajectory_plus_oisst,leave_region_out,Central California
westcoast_0108,Central California,2010,0,0.39026137518234955,trajectory_plus_oisst,leave_region_out,Central California
westcoast_0110,Central California,2010,0,0.294803960800186,trajectory_plus_oisst,leave_region_out,Central California
westcoast_0111,Central California,2010,0,0.2368399577142318,trajectory_plus_oisst,leave_region_out,Central California
westcoast_0112,Central California,2010,1,0.3119460100516047,trajectory_plus_oisst,leave_region_out,Central California
westcoast_0113,Central California,2010,1,0.31447597056127186,trajectory_plus_oisst,leave_region_out,Central California
westcoast_0114,Central California,2010,0,0.2579462954392284,trajectory_plus_oisst,leave_region_out,Central California
westcoast_0115,Central California,2010,0,0.3172003927306454,trajectory_plus_oisst,leave_region_out,Central California
westcoast_0117,Central California,2010,0,0.27602398906555636,trajectory_plus_oisst,leave_region_out,Central California
westcoast_0118,Central California,2010,1,0.24420519279681155,trajectory_plus_oisst,leave_region_out,Central California
westcoast_0119,Central California,2010,1,0.311143874272438,trajectory_plus_oisst,leave_region_out,Central California
westcoast_0120,Central California,2010,1,0.2849464789954653,trajectory_plus_oisst,leave_region_out,Central California
westcoast_0121,Central California,2010,1,0.3001356581319625,trajectory_plus_oisst,leave_region_out,Central California
westcoast_0122,Central California,2010,1,0.25923500820415757,trajectory_plus_oisst,leave_region_out,Central California
westcoast_0123,Central California,2010,1,0.2545186177812585,trajectory_plus_oisst,leave_region_out,Central California
westcoast_0124,Central California,2010,1,0.705839270606735,trajectory_plus_oisst,leave_region_out,Central California
westcoast_0125,Central California,2010,1,0.3460251755638656,trajectory_plus_oisst,leave_region_out,Central California
westcoast_0126,Central California,2010,1,0.3995475877009808,trajectory_plus_oisst,leave_region_out,Central California
westcoast_0127,Central California,2010,1,0.485273422037673,trajectory_plus_oisst,leave_region_out,Central California
westcoast_0128,Central California,2010,1,0.2958023763269315,trajectory_plus_oisst,leave_region_out,Central California
westcoast_0129,Central California,2010,1,0.2623142258263005,trajectory_plus_oisst,leave_region_out,Central California
westcoast_0131,Central California,2010,1,0.4310562021087454,trajectory_plus_oisst,leave_region_out,Central California
westcoast_0132,Central California,2010,1,0.5763569169767768,trajectory_plus_oisst,leave_region_out,Central California
westcoast_0133,Central California,2010,1,0.44869586954630314,trajectory_plus_oisst,leave_region_out,Central California
westcoast_0135,Central California,2010,1,0.7912290781228257,trajectory_plus_oisst,leave_region_out,Central California
westcoast_0136,Central California,2010,0,0.5334907692718506,trajectory_plus_oisst,leave_region_out,Central California
westcoast_0140,Central California,2010,1,0.6133819140776248,trajectory_plus_oisst,leave_region_out,Central California
westcoast_0142,Central California,2010,1,0.6782818536899621,trajectory_plus_oisst,leave_region_out,Central California
westcoast_0143,Central California,2010,1,0.6545617906036802,trajectory_plus_oisst,leave_region_out,Central California
westcoast_0144,Central California,2010,1,0.5889479835203568,trajectory_plus_oisst,leave_region_out,Central California
westcoast_0145,Central California,2010,1,0.4279827015508572,trajectory_plus_oisst,leave_region_out,Central California
westcoast_0146,Central California,2010,0,0.4007773620382975,trajectory_plus_oisst,leave_region_out,Central California
westcoast_0105,Central California,2011,0,0.37913778811999765,current_only,leave_region_out,Central California
westcoast_0106,Central California,2011,0,0.42230513551859195,current_only,leave_region_out,Central California
westcoast_0107,Central California,2011,0,0.5308293545646815,current_only,leave_region_out,Central California
westcoast_0108,Central California,2011,0,0.43065433147838306,current_only,leave_region_out,Central California
westcoast_0110,Central California,2011,0,0.40148616356127514,current_only,leave_region_out,Central California
westcoast_0111,Central California,2011,0,0.3332239668071932,current_only,leave_region_out,Central California
westcoast_0112,Central California,2011,0,0.31777615047316904,current_only,leave_region_out,Central California
westcoast_0113,Central California,2011,0,0.3106449877624067,current_only,leave_region_out,Central California
westcoast_0114,Central California,2011,0,0.3934682499674398,current_only,leave_region_out,Central California
westcoast_0115,Central California,2011,0,0.4533455456277167,current_only,leave_region_out,Central California
westcoast_0117,Central California,2011,0,0.3378171726562962,current_only,leave_region_out,Central California
westcoast_0118,Central California,2011,0,0.28972187436558966,current_only,leave_region_out,Central California
westcoast_0119,Central California,2011,0,0.298722152015604,current_only,leave_region_out,Central California
westcoast_0120,Central California,2011,0,0.2927186576446339,current_only,leave_region_out,Central California
westcoast_0121,Central California,2011,0,0.29908278881485884,current_only,leave_region_out,Central California
westcoast_0123,Central California,2011,0,0.28024836428104766,current_only,leave_region_out,Central California
westcoast_0124,Central California,2011,0,0.3951870615386419,current_only,leave_region_out,Central California
westcoast_0125,Central California,2011,0,0.2935832677319931,current_only,leave_region_out,Central California
westcoast_0126,Central California,2011,0,0.30843912746451274,current_only,leave_region_out,Central California
westcoast_0127,Central California,2011,0,0.40111565667578775,current_only,leave_region_out,Central California
westcoast_0129,Central California,2011,0,0.284422653384348,current_only,leave_region_out,Central California
westcoast_0132,Central California,2011,0,0.3449844124247789,current_only,leave_region_out,Central California
westcoast_0133,Central California,2011,0,0.29361781010955534,current_only,leave_region_out,Central California
westcoast_0135,Central California,2011,0,0.3018428093689851,current_only,leave_region_out,Central California
westcoast_0136,Central California,2011,0,0.6225589910467564,current_only,leave_region_out,Central California
westcoast_0142,Central California,2011,0,0.2810069692239147,current_only,leave_region_out,Central California
westcoast_0143,Central California,2011,0,0.34247674522220395,current_only,leave_region_out,Central California
westcoast_0144,Central California,2011,1,0.3441862053226459,current_only,leave_region_out,Central California
westcoast_0145,Central California,2011,0,0.2816967648489211,current_only,leave_region_out,Central California
westcoast_0146,Central California,2011,0,0.3016806903542371,current_only,leave_region_out,Central California
westcoast_0105,Central California,2011,0,0.3842444643643646,current_plus_trajectory,leave_region_out,Central California
westcoast_0106,Central California,2011,0,0.42089385019656217,current_plus_trajectory,leave_region_out,Central California
westcoast_0107,Central California,2011,0,0.4452847629687077,current_plus_trajectory,leave_region_out,Central California
westcoast_0108,Central California,2011,0,0.39852420713248754,current_plus_trajectory,leave_region_out,Central California
westcoast_0110,Central California,2011,0,0.39273923920830667,current_plus_trajectory,leave_region_out,Central California
westcoast_0111,Central California,2011,0,0.35003941001165956,current_plus_trajectory,leave_region_out,Central California
westcoast_0112,Central California,2011,0,0.30343485021140865,current_plus_trajectory,leave_region_out,Central California
westcoast_0113,Central California,2011,0,0.2847489904165576,current_plus_trajectory,leave_region_out,Central California
westcoast_0114,Central California,2011,0,0.419987448310642,current_plus_trajectory,leave_region_out,Central California
westcoast_0115,Central California,2011,0,0.4754604878890682,current_plus_trajectory,leave_region_out,Central California
westcoast_0117,Central California,2011,0,0.3626718481457063,current_plus_trajectory,leave_region_out,Central California
westcoast_0118,Central California,2011,0,0.30181372386131916,current_plus_trajectory,leave_region_out,Central California
westcoast_0119,Central California,2011,0,0.2954351896147575,current_plus_trajectory,leave_region_out,Central California
westcoast_0120,Central California,2011,0,0.30275119487723884,current_plus_trajectory,leave_region_out,Central California
westcoast_0121,Central California,2011,0,0.31088612149508926,current_plus_trajectory,leave_region_out,Central California
westcoast_0123,Central California,2011,0,0.2604362392109092,current_plus_trajectory,leave_region_out,Central California
westcoast_0124,Central California,2011,0,0.35233600186512565,current_plus_trajectory,leave_region_out,Central California
westcoast_0125,Central California,2011,0,0.2529238246012058,current_plus_trajectory,leave_region_out,Central California
westcoast_0126,Central California,2011,0,0.271961104372957,current_plus_trajectory,leave_region_out,Central California
westcoast_0127,Central California,2011,0,0.35242048728498393,current_plus_trajectory,leave_region_out,Central California
westcoast_0129,Central California,2011,0,0.24577363575658537,current_plus_trajectory,leave_region_out,Central California
westcoast_0132,Central California,2011,0,0.30294747364084607,current_plus_trajectory,leave_region_out,Central California
westcoast_0133,Central California,2011,0,0.3287605345489511,current_plus_trajectory,leave_region_out,Central California
westcoast_0135,Central California,2011,0,0.26218041248015594,current_plus_trajectory,leave_region_out,Central California
westcoast_0136,Central California,2011,0,0.5948632600756034,current_plus_trajectory,leave_region_out,Central California
westcoast_0142,Central California,2011,0,0.21007771893967475,current_plus_trajectory,leave_region_out,Central California
westcoast_0143,Central California,2011,0,0.2797228816924749,current_plus_trajectory,leave_region_out,Central California
westcoast_0144,Central California,2011,1,0.2823529790514009,current_plus_trajectory,leave_region_out,Central California
westcoast_0145,Central California,2011,0,0.261821061343738,current_plus_trajectory,leave_region_out,Central California
westcoast_0146,Central California,2011,0,0.2821701796432726,current_plus_trajectory,leave_region_out,Central California
westcoast_0105,Central California,2011,0,0.3823999380125442,trajectory_plus_oisst,leave_region_out,Central California
westcoast_0106,Central California,2011,0,0.42071149391263085,trajectory_plus_oisst,leave_region_out,Central California
westcoast_0107,Central California,2011,0,0.45558878055481955,trajectory_plus_oisst,leave_region_out,Central California
westcoast_0108,Central California,2011,0,0.3887378034485031,trajectory_plus_oisst,leave_region_out,Central California
westcoast_0110,Central California,2011,0,0.3815918214552387,trajectory_plus_oisst,leave_region_out,Central California
westcoast_0111,Central California,2011,0,0.3050846790031481,trajectory_plus_oisst,leave_region_out,Central California
westcoast_0112,Central California,2011,0,0.2611986265002592,trajectory_plus_oisst,leave_region_out,Central California
westcoast_0113,Central California,2011,0,0.24358986564727725,trajectory_plus_oisst,leave_region_out,Central California
westcoast_0114,Central California,2011,0,0.3898526452802227,trajectory_plus_oisst,leave_region_out,Central California
westcoast_0115,Central California,2011,0,0.4298896856934264,trajectory_plus_oisst,leave_region_out,Central California
westcoast_0117,Central California,2011,0,0.3125261897935434,trajectory_plus_oisst,leave_region_out,Central California
westcoast_0118,Central California,2011,0,0.2585021907421661,trajectory_plus_oisst,leave_region_out,Central California
westcoast_0119,Central California,2011,0,0.25250431874083074,trajectory_plus_oisst,leave_region_out,Central California
westcoast_0120,Central California,2011,0,0.24285195905696638,trajectory_plus_oisst,leave_region_out,Central California
westcoast_0121,Central California,2011,0,0.2552471339946139,trajectory_plus_oisst,leave_region_out,Central California
westcoast_0123,Central California,2011,0,0.2149398028048687,trajectory_plus_oisst,leave_region_out,Central California
westcoast_0124,Central California,2011,0,0.2854708904415853,trajectory_plus_oisst,leave_region_out,Central California
westcoast_0125,Central California,2011,0,0.20623535272872845,trajectory_plus_oisst,leave_region_out,Central California
westcoast_0126,Central California,2011,0,0.22279170772858356,trajectory_plus_oisst,leave_region_out,Central California
westcoast_0127,Central California,2011,0,0.2994169554140732,trajectory_plus_oisst,leave_region_out,Central California
westcoast_0129,Central California,2011,0,0.20020067238390438,trajectory_plus_oisst,leave_region_out,Central California
westcoast_0132,Central California,2011,0,0.24598940225898525,trajectory_plus_oisst,leave_region_out,Central California
westcoast_0133,Central California,2011,0,0.2536053646820769,trajectory_plus_oisst,leave_region_out,Central California
westcoast_0135,Central California,2011,0,0.21387281734650615,trajectory_plus_oisst,leave_region_out,Central California
westcoast_0136,Central California,2011,0,0.5491896505368352,trajectory_plus_oisst,leave_region_out,Central California
westcoast_0142,Central California,2011,0,0.17604911406840634,trajectory_plus_oisst,leave_region_out,Central California
westcoast_0143,Central California,2011,0,0.23776375160594404,trajectory_plus_oisst,leave_region_out,Central California
westcoast_0144,Central California,2011,1,0.24466013592651165,trajectory_plus_oisst,leave_region_out,Central California
westcoast_0145,Central California,2011,0,0.22552911925503627,trajectory_plus_oisst,leave_region_out,Central California
westcoast_0146,Central California,2011,0,0.24641707026472873,trajectory_plus_oisst,leave_region_out,Central California
westcoast_0105,Central California,2012,0,0.3781798457626001,current_only,leave_region_out,Central California
westcoast_0106,Central California,2012,0,0.4006296795777697,current_only,leave_region_out,Central California
westcoast_0107,Central California,2012,0,0.44732359932027144,current_only,leave_region_out,Central California
westcoast_0108,Central California,2012,0,0.46477474512558603,current_only,leave_region_out,Central California
westcoast_0110,Central California,2012,0,0.492727390906225,current_only,leave_region_out,Central California
westcoast_0111,Central California,2012,0,0.42171562873027757,current_only,leave_region_out,Central California
westcoast_0112,Central California,2012,0,0.35614145859699003,current_only,leave_region_out,Central California
westcoast_0113,Central California,2012,0,0.38072429535941615,current_only,leave_region_out,Central California
westcoast_0114,Central California,2012,0,0.5142060651787048,current_only,leave_region_out,Central California
westcoast_0115,Central California,2012,0,0.4990559242173661,current_only,leave_region_out,Central California
westcoast_0117,Central California,2012,0,0.41699300369725834,current_only,leave_region_out,Central California
westcoast_0118,Central California,2012,0,0.3676637732457697,current_only,leave_region_out,Central California
westcoast_0119,Central California,2012,0,0.3182127496557863,current_only,leave_region_out,Central California
westcoast_0120,Central California,2012,0,0.38556455514050103,current_only,leave_region_out,Central California
westcoast_0121,Central California,2012,0,0.43022073470642164,current_only,leave_region_out,Central California
westcoast_0122,Central California,2012,0,0.348438302155671,current_only,leave_region_out,Central California
westcoast_0123,Central California,2012,0,0.29455448559735936,current_only,leave_region_out,Central California
westcoast_0124,Central California,2012,0,0.4042954867547694,current_only,leave_region_out,Central California
westcoast_0125,Central California,2012,0,0.35333167599184107,current_only,leave_region_out,Central California
westcoast_0126,Central California,2012,0,0.34324814192528713,current_only,leave_region_out,Central California
westcoast_0127,Central California,2012,0,0.39203881741455837,current_only,leave_region_out,Central California
westcoast_0128,Central California,2012,0,0.28330045127043557,current_only,leave_region_out,Central California
westcoast_0129,Central California,2012,0,0.31674908880274466,current_only,leave_region_out,Central California
westcoast_0131,Central California,2012,0,0.31056579868501616,current_only,leave_region_out,Central California
westcoast_0132,Central California,2012,0,0.3917339080085917,current_only,leave_region_out,Central California
westcoast_0133,Central California,2012,0,0.412902095028775,current_only,leave_region_out,Central California
westcoast_0135,Central California,2012,0,0.3081437449696378,current_only,leave_region_out,Central California
westcoast_0136,Central California,2012,0,0.5228707547640734,current_only,leave_region_out,Central California
westcoast_0140,Central California,2012,0,0.28384068588461214,current_only,leave_region_out,Central California
westcoast_0142,Central California,2012,0,0.35825256415077084,current_only,leave_region_out,Central California
westcoast_0143,Central California,2012,0,0.35898292357086775,current_only,leave_region_out,Central California
westcoast_0144,Central California,2012,0,0.3121797891246528,current_only,leave_region_out,Central California
westcoast_0145,Central California,2012,0,0.30205994181111107,current_only,leave_region_out,Central California
westcoast_0146,Central California,2012,0,0.3337270481976189,current_only,leave_region_out,Central California
westcoast_0105,Central California,2012,0,0.3882592129745456,current_plus_trajectory,leave_region_out,Central California
westcoast_0106,Central California,2012,0,0.3928897429086613,current_plus_trajectory,leave_region_out,Central California
westcoast_0107,Central California,2012,0,0.43940841952741766,current_plus_trajectory,leave_region_out,Central California
westcoast_0108,Central California,2012,0,0.4634328550229119,current_plus_trajectory,leave_region_out,Central California
westcoast_0110,Central California,2012,0,0.5148137143859867,current_plus_trajectory,leave_region_out,Central California
westcoast_0111,Central California,2012,0,0.48037801606971675,current_plus_trajectory,leave_region_out,Central California
westcoast_0112,Central California,2012,0,0.3735327605387591,current_plus_trajectory,leave_region_out,Central California
westcoast_0113,Central California,2012,0,0.41963471394926305,current_plus_trajectory,leave_region_out,Central California
westcoast_0114,Central California,2012,0,0.5423909573898054,current_plus_trajectory,leave_region_out,Central California
westcoast_0115,Central California,2012,0,0.5120810383629432,current_plus_trajectory,leave_region_out,Central California
westcoast_0117,Central California,2012,0,0.4662471418834363,current_plus_trajectory,leave_region_out,Central California
westcoast_0118,Central California,2012,0,0.43942830206956585,current_plus_trajectory,leave_region_out,Central California
westcoast_0119,Central California,2012,0,0.3175870507069632,current_plus_trajectory,leave_region_out,Central California
westcoast_0120,Central California,2012,0,0.46466810338188685,current_plus_trajectory,leave_region_out,Central California
westcoast_0121,Central California,2012,0,0.5025634549077738,current_plus_trajectory,leave_region_out,Central California
westcoast_0122,Central California,2012,0,0.4265088945359342,current_plus_trajectory,leave_region_out,Central California
westcoast_0123,Central California,2012,0,0.28459808127198805,current_plus_trajectory,leave_region_out,Central California
westcoast_0124,Central California,2012,0,0.46091927710268066,current_plus_trajectory,leave_region_out,Central California
westcoast_0125,Central California,2012,0,0.37424910368220554,current_plus_trajectory,leave_region_out,Central California
westcoast_0126,Central California,2012,0,0.347638502903122,current_plus_trajectory,leave_region_out,Central California
westcoast_0127,Central California,2012,0,0.3890949467670082,current_plus_trajectory,leave_region_out,Central California
westcoast_0128,Central California,2012,0,0.24127751031729414,current_plus_trajectory,leave_region_out,Central California
westcoast_0129,Central California,2012,0,0.3726764920640251,current_plus_trajectory,leave_region_out,Central California
westcoast_0131,Central California,2012,0,0.2977434089710675,current_plus_trajectory,leave_region_out,Central California
westcoast_0132,Central California,2012,0,0.40454518618279695,current_plus_trajectory,leave_region_out,Central California
westcoast_0133,Central California,2012,0,0.5042482694078022,current_plus_trajectory,leave_region_out,Central California
westcoast_0135,Central California,2012,0,0.3392581360252553,current_plus_trajectory,leave_region_out,Central California
westcoast_0136,Central California,2012,0,0.4833222572377815,current_plus_trajectory,leave_region_out,Central California
westcoast_0140,Central California,2012,0,0.25501729426775605,current_plus_trajectory,leave_region_out,Central California
westcoast_0142,Central California,2012,0,0.37001895899030796,current_plus_trajectory,leave_region_out,Central California
westcoast_0143,Central California,2012,0,0.34186984599331843,current_plus_trajectory,leave_region_out,Central California
westcoast_0144,Central California,2012,0,0.2763060570366237,current_plus_trajectory,leave_region_out,Central California
westcoast_0145,Central California,2012,0,0.3420064747188972,current_plus_trajectory,leave_region_out,Central California
westcoast_0146,Central California,2012,0,0.3921839454573927,current_plus_trajectory,leave_region_out,Central California
westcoast_0105,Central California,2012,0,0.33673600614858784,trajectory_plus_oisst,leave_region_out,Central California
westcoast_0106,Central California,2012,0,0.33793641769211363,trajectory_plus_oisst,leave_region_out,Central California
westcoast_0107,Central California,2012,0,0.3838948598053246,trajectory_plus_oisst,leave_region_out,Central California
westcoast_0108,Central California,2012,0,0.42752214983234094,trajectory_plus_oisst,leave_region_out,Central California
westcoast_0110,Central California,2012,0,0.4746402351541428,trajectory_plus_oisst,leave_region_out,Central California
westcoast_0111,Central California,2012,0,0.46878352357737507,trajectory_plus_oisst,leave_region_out,Central California
westcoast_0112,Central California,2012,0,0.3634964211223421,trajectory_plus_oisst,leave_region_out,Central California
westcoast_0113,Central California,2012,0,0.4137865177591774,trajectory_plus_oisst,leave_region_out,Central California
westcoast_0114,Central California,2012,0,0.6131872297693605,trajectory_plus_oisst,leave_region_out,Central California
westcoast_0115,Central California,2012,0,0.5882559986345993,trajectory_plus_oisst,leave_region_out,Central California
westcoast_0117,Central California,2012,0,0.539491609042439,trajectory_plus_oisst,leave_region_out,Central California
westcoast_0118,Central California,2012,0,0.508227270250004,trajectory_plus_oisst,leave_region_out,Central California
westcoast_0119,Central California,2012,0,0.3816119781087034,trajectory_plus_oisst,leave_region_out,Central California
westcoast_0120,Central California,2012,0,0.5582962857186021,trajectory_plus_oisst,leave_region_out,Central California
westcoast_0121,Central California,2012,0,0.5780683199047335,trajectory_plus_oisst,leave_region_out,Central California
westcoast_0122,Central California,2012,0,0.4978163209302887,trajectory_plus_oisst,leave_region_out,Central California
westcoast_0123,Central California,2012,0,0.3518378115887928,trajectory_plus_oisst,leave_region_out,Central California
westcoast_0124,Central California,2012,0,0.49970268929586803,trajectory_plus_oisst,leave_region_out,Central California
westcoast_0125,Central California,2012,0,0.41690865459081194,trajectory_plus_oisst,leave_region_out,Central California
westcoast_0126,Central California,2012,0,0.34764963259848863,trajectory_plus_oisst,leave_region_out,Central California
westcoast_0127,Central California,2012,0,0.3885332768078324,trajectory_plus_oisst,leave_region_out,Central California
westcoast_0128,Central California,2012,0,0.24683656413138322,trajectory_plus_oisst,leave_region_out,Central California
westcoast_0129,Central California,2012,0,0.3746662064660716,trajectory_plus_oisst,leave_region_out,Central California
westcoast_0131,Central California,2012,0,0.3069596618268111,trajectory_plus_oisst,leave_region_out,Central California
westcoast_0132,Central California,2012,0,0.3667894921958936,trajectory_plus_oisst,leave_region_out,Central California
westcoast_0133,Central California,2012,0,0.455969038907638,trajectory_plus_oisst,leave_region_out,Central California
westcoast_0135,Central California,2012,0,0.3285363918397459,trajectory_plus_oisst,leave_region_out,Central California
westcoast_0136,Central California,2012,0,0.4527208586660016,trajectory_plus_oisst,leave_region_out,Central California
westcoast_0140,Central California,2012,0,0.3082219419661433,trajectory_plus_oisst,leave_region_out,Central California
westcoast_0142,Central California,2012,0,0.4564128991563621,trajectory_plus_oisst,leave_region_out,Central California
westcoast_0143,Central California,2012,0,0.4265032786712136,trajectory_plus_oisst,leave_region_out,Central California
westcoast_0144,Central California,2012,0,0.350007958439958,trajectory_plus_oisst,leave_region_out,Central California
westcoast_0145,Central California,2012,0,0.38315168647463554,trajectory_plus_oisst,leave_region_out,Central California
westcoast_0146,Central California,2012,0,0.4368276826578358,trajectory_plus_oisst,leave_region_out,Central California
westcoast_0105,Central California,2013,0,0.3452584789149651,current_only,leave_region_out,Central California
westcoast_0106,Central California,2013,0,0.37392043899970484,current_only,leave_region_out,Central California
westcoast_0107,Central California,2013,1,0.522205027200396,current_only,leave_region_out,Central California
westcoast_0108,Central California,2013,1,0.47650617808231127,current_only,leave_region_out,Central California
westcoast_0110,Central California,2013,1,0.5537926037967458,current_only,leave_region_out,Central California
westcoast_0111,Central California,2013,1,0.5290666423752252,current_only,leave_region_out,Central California
westcoast_0112,Central California,2013,1,0.5168505415402126,current_only,leave_region_out,Central California
westcoast_0113,Central California,2013,0,0.5148439391101411,current_only,leave_region_out,Central California
westcoast_0114,Central California,2013,1,0.4918085391210255,current_only,leave_region_out,Central California
westcoast_0115,Central California,2013,1,0.5557476400231597,current_only,leave_region_out,Central California
westcoast_0117,Central California,2013,1,0.5455238017753412,current_only,leave_region_out,Central California
westcoast_0118,Central California,2013,1,0.4347178010622683,current_only,leave_region_out,Central California
westcoast_0119,Central California,2013,1,0.39245632391400365,current_only,leave_region_out,Central California
westcoast_0120,Central California,2013,1,0.5080487569539619,current_only,leave_region_out,Central California
westcoast_0121,Central California,2013,1,0.5447372999326853,current_only,leave_region_out,Central California
westcoast_0122,Central California,2013,1,0.47263888601478854,current_only,leave_region_out,Central California
westcoast_0123,Central California,2013,1,0.42276887367018817,current_only,leave_region_out,Central California
westcoast_0124,Central California,2013,1,0.43830595050678206,current_only,leave_region_out,Central California
westcoast_0125,Central California,2013,1,0.39410121771443424,current_only,leave_region_out,Central California
westcoast_0126,Central California,2013,0,0.39013704343205907,current_only,leave_region_out,Central California
westcoast_0127,Central California,2013,0,0.5021099928953756,current_only,leave_region_out,Central California
westcoast_0128,Central California,2013,1,0.3989314775015251,current_only,leave_region_out,Central California
westcoast_0129,Central California,2013,1,0.6150264652913016,current_only,leave_region_out,Central California
westcoast_0131,Central California,2013,1,0.46123104432088513,current_only,leave_region_out,Central California
westcoast_0132,Central California,2013,1,0.44608484348498645,current_only,leave_region_out,Central California
westcoast_0133,Central California,2013,0,0.5433988596671073,current_only,leave_region_out,Central California
westcoast_0135,Central California,2013,0,0.30850842692051583,current_only,leave_region_out,Central California
westcoast_0136,Central California,2013,1,0.7367448404850074,current_only,leave_region_out,Central California
westcoast_0140,Central California,2013,1,0.42828232535387323,current_only,leave_region_out,Central California
westcoast_0142,Central California,2013,0,0.4649727159048077,current_only,leave_region_out,Central California
westcoast_0143,Central California,2013,1,0.4368153329502769,current_only,leave_region_out,Central California
westcoast_0144,Central California,2013,1,0.3622982771486747,current_only,leave_region_out,Central California
westcoast_0145,Central California,2013,0,0.5087744219761948,current_only,leave_region_out,Central California
westcoast_0146,Central California,2013,1,0.5050469930926769,current_only,leave_region_out,Central California
westcoast_0105,Central California,2013,0,0.3417858698362393,current_plus_trajectory,leave_region_out,Central California
westcoast_0106,Central California,2013,0,0.3569642277409299,current_plus_trajectory,leave_region_out,Central California
westcoast_0107,Central California,2013,1,0.5103514035069835,current_plus_trajectory,leave_region_out,Central California
westcoast_0108,Central California,2013,1,0.4634427741808388,current_plus_trajectory,leave_region_out,Central California
westcoast_0110,Central California,2013,1,0.5385235770987731,current_plus_trajectory,leave_region_out,Central California
westcoast_0111,Central California,2013,1,0.5452124028826519,current_plus_trajectory,leave_region_out,Central California
westcoast_0112,Central California,2013,1,0.5526986581147985,current_plus_trajectory,leave_region_out,Central California
westcoast_0113,Central California,2013,0,0.5459837335218763,current_plus_trajectory,leave_region_out,Central California
westcoast_0114,Central California,2013,1,0.4760585373281007,current_plus_trajectory,leave_region_out,Central California
westcoast_0115,Central California,2013,1,0.5263539225735268,current_plus_trajectory,leave_region_out,Central California
westcoast_0117,Central California,2013,1,0.5604860309440877,current_plus_trajectory,leave_region_out,Central California
westcoast_0118,Central California,2013,1,0.4787847735811946,current_plus_trajectory,leave_region_out,Central California
westcoast_0119,Central California,2013,1,0.44644125633386494,current_plus_trajectory,leave_region_out,Central California
westcoast_0120,Central California,2013,1,0.5433958394170394,current_plus_trajectory,leave_region_out,Central California
westcoast_0121,Central California,2013,1,0.5678306057006565,current_plus_trajectory,leave_region_out,Central California
westcoast_0122,Central California,2013,1,0.5224435802955921,current_plus_trajectory,leave_region_out,Central California
westcoast_0123,Central California,2013,1,0.48853468840551423,current_plus_trajectory,leave_region_out,Central California
westcoast_0124,Central California,2013,1,0.44724293505191337,current_plus_trajectory,leave_region_out,Central California
westcoast_0125,Central California,2013,1,0.44133244620014817,current_plus_trajectory,leave_region_out,Central California
westcoast_0126,Central California,2013,0,0.43502672504160006,current_plus_trajectory,leave_region_out,Central California
westcoast_0127,Central California,2013,0,0.5132591107251331,current_plus_trajectory,leave_region_out,Central California
westcoast_0128,Central California,2013,1,0.4708797950457737,current_plus_trajectory,leave_region_out,Central California
westcoast_0129,Central California,2013,1,0.6634463821222525,current_plus_trajectory,leave_region_out,Central California
westcoast_0131,Central California,2013,1,0.5229686761995388,current_plus_trajectory,leave_region_out,Central California
westcoast_0132,Central California,2013,1,0.46926178579829364,current_plus_trajectory,leave_region_out,Central California
westcoast_0133,Central California,2013,0,0.5708917233128831,current_plus_trajectory,leave_region_out,Central California
westcoast_0135,Central California,2013,0,0.3622825797755426,current_plus_trajectory,leave_region_out,Central California
westcoast_0136,Central California,2013,1,0.6867341704873731,current_plus_trajectory,leave_region_out,Central California
westcoast_0140,Central California,2013,1,0.5004850521841055,current_plus_trajectory,leave_region_out,Central California
westcoast_0142,Central California,2013,0,0.5113890981781605,current_plus_trajectory,leave_region_out,Central California
westcoast_0143,Central California,2013,1,0.4691765242139915,current_plus_trajectory,leave_region_out,Central California
westcoast_0144,Central California,2013,1,0.4142421023786744,current_plus_trajectory,leave_region_out,Central California
westcoast_0145,Central California,2013,0,0.5694523424139861,current_plus_trajectory,leave_region_out,Central California
westcoast_0146,Central California,2013,1,0.551608838243579,current_plus_trajectory,leave_region_out,Central California
westcoast_0105,Central California,2013,0,0.23924617762889427,trajectory_plus_oisst,leave_region_out,Central California
westcoast_0106,Central California,2013,0,0.2526009165166512,trajectory_plus_oisst,leave_region_out,Central California
westcoast_0107,Central California,2013,1,0.3796451187023791,trajectory_plus_oisst,leave_region_out,Central California
westcoast_0108,Central California,2013,1,0.3623552853297574,trajectory_plus_oisst,leave_region_out,Central California
westcoast_0110,Central California,2013,1,0.44137649286793446,trajectory_plus_oisst,leave_region_out,Central California
westcoast_0111,Central California,2013,1,0.47616812910378675,trajectory_plus_oisst,leave_region_out,Central California
westcoast_0112,Central California,2013,1,0.478369767608068,trajectory_plus_oisst,leave_region_out,Central California
westcoast_0113,Central California,2013,0,0.47232205480224937,trajectory_plus_oisst,leave_region_out,Central California
westcoast_0114,Central California,2013,1,0.427112193283661,trajectory_plus_oisst,leave_region_out,Central California
westcoast_0115,Central California,2013,1,0.4746736202453024,trajectory_plus_oisst,leave_region_out,Central California
westcoast_0117,Central California,2013,1,0.5093536102880893,trajectory_plus_oisst,leave_region_out,Central California
westcoast_0118,Central California,2013,1,0.42267794370542927,trajectory_plus_oisst,leave_region_out,Central California
westcoast_0119,Central California,2013,1,0.38618820288890016,trajectory_plus_oisst,leave_region_out,Central California
westcoast_0120,Central California,2013,1,0.4839742097922638,trajectory_plus_oisst,leave_region_out,Central California
westcoast_0121,Central California,2013,1,0.505398972146408,trajectory_plus_oisst,leave_region_out,Central California
westcoast_0122,Central California,2013,1,0.45789482854093183,trajectory_plus_oisst,leave_region_out,Central California
westcoast_0123,Central California,2013,1,0.42139064592750103,trajectory_plus_oisst,leave_region_out,Central California
westcoast_0124,Central California,2013,1,0.36057666169851393,trajectory_plus_oisst,leave_region_out,Central California
westcoast_0125,Central California,2013,1,0.36713768965943266,trajectory_plus_oisst,leave_region_out,Central California
westcoast_0126,Central California,2013,0,0.3519434384618548,trajectory_plus_oisst,leave_region_out,Central California
westcoast_0127,Central California,2013,0,0.42885196796406894,trajectory_plus_oisst,leave_region_out,Central California
westcoast_0128,Central California,2013,1,0.3902342671038806,trajectory_plus_oisst,leave_region_out,Central California
westcoast_0129,Central California,2013,1,0.5973931858615676,trajectory_plus_oisst,leave_region_out,Central California
westcoast_0131,Central California,2013,1,0.4486454373861615,trajectory_plus_oisst,leave_region_out,Central California
westcoast_0132,Central California,2013,1,0.40784804159390864,trajectory_plus_oisst,leave_region_out,Central California
westcoast_0133,Central California,2013,0,0.5190360768669426,trajectory_plus_oisst,leave_region_out,Central California
westcoast_0135,Central California,2013,0,0.31491552409664664,trajectory_plus_oisst,leave_region_out,Central California
westcoast_0136,Central California,2013,1,0.6795428806597147,trajectory_plus_oisst,leave_region_out,Central California
westcoast_0140,Central California,2013,1,0.5072429002292353,trajectory_plus_oisst,leave_region_out,Central California
westcoast_0142,Central California,2013,0,0.5118832445017152,trajectory_plus_oisst,leave_region_out,Central California
westcoast_0143,Central California,2013,1,0.46958745318132894,trajectory_plus_oisst,leave_region_out,Central California
westcoast_0144,Central California,2013,1,0.4127758740617222,trajectory_plus_oisst,leave_region_out,Central California
westcoast_0145,Central California,2013,0,0.5750708003379569,trajectory_plus_oisst,leave_region_out,Central California
westcoast_0146,Central California,2013,1,0.5582444513134559,trajectory_plus_oisst,leave_region_out,Central California
westcoast_0105,Central California,2014,0,0.3723345080324157,current_only,leave_region_out,Central California
westcoast_0106,Central California,2014,0,0.3634096513907553,current_only,leave_region_out,Central California
westcoast_0107,Central California,2014,0,0.37506359415023544,current_only,leave_region_out,Central California
westcoast_0108,Central California,2014,0,0.349166333292685,current_only,leave_region_out,Central California
westcoast_0110,Central California,2014,0,0.3969772885496411,current_only,leave_region_out,Central California
westcoast_0111,Central California,2014,0,0.35034998388007943,current_only,leave_region_out,Central California
westcoast_0112,Central California,2014,0,0.3716701125171838,current_only,leave_region_out,Central California
westcoast_0113,Central California,2014,0,0.44297050578213665,current_only,leave_region_out,Central California
westcoast_0114,Central California,2014,0,0.3156663390594465,current_only,leave_region_out,Central California
westcoast_0115,Central California,2014,0,0.3383273120311834,current_only,leave_region_out,Central California
westcoast_0117,Central California,2014,0,0.3163685244639386,current_only,leave_region_out,Central California
westcoast_0118,Central California,2014,0,0.2823842205681927,current_only,leave_region_out,Central California
westcoast_0119,Central California,2014,0,0.3554436870763715,current_only,leave_region_out,Central California
westcoast_0120,Central California,2014,0,0.3200597482811284,current_only,leave_region_out,Central California
westcoast_0121,Central California,2014,0,0.34284303782306536,current_only,leave_region_out,Central California
westcoast_0122,Central California,2014,0,0.28911176004283484,current_only,leave_region_out,Central California
westcoast_0124,Central California,2014,0,0.3116478266353503,current_only,leave_region_out,Central California
westcoast_0125,Central California,2014,0,0.3298392837281609,current_only,leave_region_out,Central California
westcoast_0126,Central California,2014,0,0.40475496400796035,current_only,leave_region_out,Central California
westcoast_0127,Central California,2014,0,0.4745851881099444,current_only,leave_region_out,Central California
westcoast_0128,Central California,2014,0,0.3452383511572138,current_only,leave_region_out,Central California
westcoast_0129,Central California,2014,0,0.29560280090033386,current_only,leave_region_out,Central California
westcoast_0131,Central California,2014,0,0.40054547737921253,current_only,leave_region_out,Central California
westcoast_0132,Central California,2014,0,0.3811915459858317,current_only,leave_region_out,Central California
westcoast_0133,Central California,2014,0,0.5134729922441574,current_only,leave_region_out,Central California
westcoast_0135,Central California,2014,0,0.31193989472390404,current_only,leave_region_out,Central California
westcoast_0136,Central California,2014,0,0.3652767250448422,current_only,leave_region_out,Central California
westcoast_0140,Central California,2014,0,0.3755352977213286,current_only,leave_region_out,Central California
westcoast_0142,Central California,2014,0,0.474727742477755,current_only,leave_region_out,Central California
westcoast_0143,Central California,2014,0,0.3031849377370707,current_only,leave_region_out,Central California
westcoast_0144,Central California,2014,0,0.3054575891783128,current_only,leave_region_out,Central California
westcoast_0145,Central California,2014,1,0.43692494152638195,current_only,leave_region_out,Central California
westcoast_0146,Central California,2014,0,0.30846371235004966,current_only,leave_region_out,Central California
westcoast_0105,Central California,2014,0,0.3981114819295116,current_plus_trajectory,leave_region_out,Central California
westcoast_0106,Central California,2014,0,0.34964652724621137,current_plus_trajectory,leave_region_out,Central California
westcoast_0107,Central California,2014,0,0.31465111425106307,current_plus_trajectory,leave_region_out,Central California
westcoast_0108,Central California,2014,0,0.29809392481810887,current_plus_trajectory,leave_region_out,Central California
westcoast_0110,Central California,2014,0,0.33333191703105963,current_plus_trajectory,leave_region_out,Central California
westcoast_0111,Central California,2014,0,0.29401399062783795,current_plus_trajectory,leave_region_out,Central California
westcoast_0112,Central California,2014,0,0.3257668689574165,current_plus_trajectory,leave_region_out,Central California
westcoast_0113,Central California,2014,0,0.4091024656366514,current_plus_trajectory,leave_region_out,Central California
westcoast_0114,Central California,2014,0,0.26538881280654525,current_plus_trajectory,leave_region_out,Central California
westcoast_0115,Central California,2014,0,0.2807317908407299,current_plus_trajectory,leave_region_out,Central California
westcoast_0117,Central California,2014,0,0.26203016810117136,current_plus_trajectory,leave_region_out,Central California
westcoast_0118,Central California,2014,0,0.22414075826478114,current_plus_trajectory,leave_region_out,Central California
westcoast_0119,Central California,2014,0,0.34869356604883106,current_plus_trajectory,leave_region_out,Central California
westcoast_0120,Central California,2014,0,0.2666313470681468,current_plus_trajectory,leave_region_out,Central California
westcoast_0121,Central California,2014,0,0.28673484654050746,current_plus_trajectory,leave_region_out,Central California
westcoast_0122,Central California,2014,0,0.23486806350240014,current_plus_trajectory,leave_region_out,Central California
westcoast_0124,Central California,2014,0,0.2583113229259208,current_plus_trajectory,leave_region_out,Central California
westcoast_0125,Central California,2014,0,0.2949339331393624,current_plus_trajectory,leave_region_out,Central California
westcoast_0126,Central California,2014,0,0.43533861318184397,current_plus_trajectory,leave_region_out,Central California
westcoast_0127,Central California,2014,0,0.45403609921760835,current_plus_trajectory,leave_region_out,Central California
westcoast_0128,Central California,2014,0,0.3369110742457513,current_plus_trajectory,leave_region_out,Central California
westcoast_0129,Central California,2014,0,0.25987034388383967,current_plus_trajectory,leave_region_out,Central California
westcoast_0131,Central California,2014,0,0.3924646660874872,current_plus_trajectory,leave_region_out,Central California
westcoast_0132,Central California,2014,0,0.345692312649032,current_plus_trajectory,leave_region_out,Central California
westcoast_0133,Central California,2014,0,0.4842610021191813,current_plus_trajectory,leave_region_out,Central California
westcoast_0135,Central California,2014,0,0.35043242534274366,current_plus_trajectory,leave_region_out,Central California
westcoast_0136,Central California,2014,0,0.30581396506475017,current_plus_trajectory,leave_region_out,Central California
westcoast_0140,Central California,2014,0,0.3768494172588304,current_plus_trajectory,leave_region_out,Central California
westcoast_0142,Central California,2014,0,0.4908135589178954,current_plus_trajectory,leave_region_out,Central California
westcoast_0143,Central California,2014,0,0.24869309918596524,current_plus_trajectory,leave_region_out,Central California
westcoast_0144,Central California,2014,0,0.2669071008627525,current_plus_trajectory,leave_region_out,Central California
westcoast_0145,Central California,2014,1,0.43074093180030837,current_plus_trajectory,leave_region_out,Central California
westcoast_0146,Central California,2014,0,0.2589652918219484,current_plus_trajectory,leave_region_out,Central California
westcoast_0105,Central California,2014,0,0.4395126311639738,trajectory_plus_oisst,leave_region_out,Central California
westcoast_0106,Central California,2014,0,0.3886199952872126,trajectory_plus_oisst,leave_region_out,Central California
westcoast_0107,Central California,2014,0,0.3489297208310248,trajectory_plus_oisst,leave_region_out,Central California
westcoast_0108,Central California,2014,0,0.3310744039917984,trajectory_plus_oisst,leave_region_out,Central California
westcoast_0110,Central California,2014,0,0.37137122005151363,trajectory_plus_oisst,leave_region_out,Central California
westcoast_0111,Central California,2014,0,0.329349377251934,trajectory_plus_oisst,leave_region_out,Central California
westcoast_0112,Central California,2014,0,0.3642384662818227,trajectory_plus_oisst,leave_region_out,Central California
westcoast_0113,Central California,2014,0,0.4524777315542919,trajectory_plus_oisst,leave_region_out,Central California
westcoast_0114,Central California,2014,0,0.2903359086447886,trajectory_plus_oisst,leave_region_out,Central California
westcoast_0115,Central California,2014,0,0.3218873864493085,trajectory_plus_oisst,leave_region_out,Central California
westcoast_0117,Central California,2014,0,0.30602333309406143,trajectory_plus_oisst,leave_region_out,Central California
westcoast_0118,Central California,2014,0,0.26518665865652225,trajectory_plus_oisst,leave_region_out,Central California
westcoast_0119,Central California,2014,0,0.3999947046494173,trajectory_plus_oisst,leave_region_out,Central California
westcoast_0120,Central California,2014,0,0.32088375795853186,trajectory_plus_oisst,leave_region_out,Central California
westcoast_0121,Central California,2014,0,0.34805953382699706,trajectory_plus_oisst,leave_region_out,Central California
westcoast_0122,Central California,2014,0,0.28951181877266463,trajectory_plus_oisst,leave_region_out,Central California
westcoast_0124,Central California,2014,0,0.313162975625253,trajectory_plus_oisst,leave_region_out,Central California
westcoast_0125,Central California,2014,0,0.35816193866132884,trajectory_plus_oisst,leave_region_out,Central California
westcoast_0126,Central California,2014,0,0.520555537676254,trajectory_plus_oisst,leave_region_out,Central California
westcoast_0127,Central California,2014,0,0.5392905060057119,trajectory_plus_oisst,leave_region_out,Central California
westcoast_0128,Central California,2014,0,0.41965024799977685,trajectory_plus_oisst,leave_region_out,Central California
westcoast_0129,Central California,2014,0,0.3333266187022466,trajectory_plus_oisst,leave_region_out,Central California
westcoast_0131,Central California,2014,0,0.4948026708481752,trajectory_plus_oisst,leave_region_out,Central California
westcoast_0132,Central California,2014,0,0.4668165213182114,trajectory_plus_oisst,leave_region_out,Central California
westcoast_0133,Central California,2014,0,0.6153529945769364,trajectory_plus_oisst,leave_region_out,Central California
westcoast_0135,Central California,2014,0,0.4816026365191943,trajectory_plus_oisst,leave_region_out,Central California
westcoast_0136,Central California,2014,0,0.4382614895361805,trajectory_plus_oisst,leave_region_out,Central California
westcoast_0140,Central California,2014,0,0.506502584539631,trajectory_plus_oisst,leave_region_out,Central California
westcoast_0142,Central California,2014,0,0.6135709416469727,trajectory_plus_oisst,leave_region_out,Central California
westcoast_0143,Central California,2014,0,0.34775553046827146,trajectory_plus_oisst,leave_region_out,Central California
westcoast_0144,Central California,2014,0,0.36869246182449406,trajectory_plus_oisst,leave_region_out,Central California
westcoast_0145,Central California,2014,1,0.5755104549140172,trajectory_plus_oisst,leave_region_out,Central California
westcoast_0146,Central California,2014,0,0.38175672763315915,trajectory_plus_oisst,leave_region_out,Central California
westcoast_0105,Central California,2015,0,0.4639523736217045,current_only,leave_region_out,Central California
westcoast_0106,Central California,2015,0,0.44962622661804547,current_only,leave_region_out,Central California
westcoast_0107,Central California,2015,0,0.5729974690488928,current_only,leave_region_out,Central California
westcoast_0108,Central California,2015,0,0.36498673852303787,current_only,leave_region_out,Central California
westcoast_0110,Central California,2015,0,0.4218978121753686,current_only,leave_region_out,Central California
westcoast_0111,Central California,2015,0,0.35633027467258743,current_only,leave_region_out,Central California
westcoast_0112,Central California,2015,0,0.39144503419235466,current_only,leave_region_out,Central California
westcoast_0113,Central California,2015,1,0.4143218919825171,current_only,leave_region_out,Central California
westcoast_0114,Central California,2015,0,0.466632242876448,current_only,leave_region_out,Central California
westcoast_0115,Central California,2015,0,0.5183683226507577,current_only,leave_region_out,Central California
westcoast_0117,Central California,2015,0,0.3997657267295743,current_only,leave_region_out,Central California
westcoast_0118,Central California,2015,0,0.3303749531942838,current_only,leave_region_out,Central California
westcoast_0119,Central California,2015,0,0.43178725843274307,current_only,leave_region_out,Central California
westcoast_0120,Central California,2015,0,0.3769727578780324,current_only,leave_region_out,Central California
westcoast_0121,Central California,2015,0,0.3774207049895353,current_only,leave_region_out,Central California
westcoast_0122,Central California,2015,0,0.34816789129095943,current_only,leave_region_out,Central California
westcoast_0123,Central California,2015,0,0.29331524453781105,current_only,leave_region_out,Central California
westcoast_0124,Central California,2015,0,0.40211118588493144,current_only,leave_region_out,Central California
westcoast_0125,Central California,2015,0,0.49202880819208417,current_only,leave_region_out,Central California
westcoast_0126,Central California,2015,0,0.4891710206293725,current_only,leave_region_out,Central California
westcoast_0127,Central California,2015,0,0.5940405845437383,current_only,leave_region_out,Central California
westcoast_0128,Central California,2015,0,0.43399264774522844,current_only,leave_region_out,Central California
westcoast_0129,Central California,2015,0,0.5027246954492256,current_only,leave_region_out,Central California
westcoast_0131,Central California,2015,0,0.4809222431620863,current_only,leave_region_out,Central California
westcoast_0132,Central California,2015,1,0.4226630114883601,current_only,leave_region_out,Central California
westcoast_0133,Central California,2015,1,0.6562149468098892,current_only,leave_region_out,Central California
westcoast_0135,Central California,2015,0,0.36843516051086667,current_only,leave_region_out,Central California
westcoast_0136,Central California,2015,1,0.4268825231357029,current_only,leave_region_out,Central California
westcoast_0140,Central California,2015,0,0.5810250456723272,current_only,leave_region_out,Central California
westcoast_0142,Central California,2015,1,0.6139024703714885,current_only,leave_region_out,Central California
westcoast_0143,Central California,2015,1,0.4428979559703245,current_only,leave_region_out,Central California
westcoast_0144,Central California,2015,0,0.3196437494566608,current_only,leave_region_out,Central California
westcoast_0145,Central California,2015,0,0.30543951382142415,current_only,leave_region_out,Central California
westcoast_0146,Central California,2015,1,0.32049031998296124,current_only,leave_region_out,Central California
westcoast_0105,Central California,2015,0,0.4858375924812368,current_plus_trajectory,leave_region_out,Central California
westcoast_0106,Central California,2015,0,0.46888726571228984,current_plus_trajectory,leave_region_out,Central California
westcoast_0107,Central California,2015,0,0.5833078445285267,current_plus_trajectory,leave_region_out,Central California
westcoast_0108,Central California,2015,0,0.34109575357363664,current_plus_trajectory,leave_region_out,Central California
westcoast_0110,Central California,2015,0,0.391579850048237,current_plus_trajectory,leave_region_out,Central California
westcoast_0111,Central California,2015,0,0.3354983537753214,current_plus_trajectory,leave_region_out,Central California
westcoast_0112,Central California,2015,0,0.37162118759324386,current_plus_trajectory,leave_region_out,Central California
westcoast_0113,Central California,2015,1,0.3771747770749366,current_plus_trajectory,leave_region_out,Central California
westcoast_0114,Central California,2015,0,0.49314078834715863,current_plus_trajectory,leave_region_out,Central California
westcoast_0115,Central California,2015,0,0.5362991445447138,current_plus_trajectory,leave_region_out,Central California
westcoast_0117,Central California,2015,0,0.3994225075744757,current_plus_trajectory,leave_region_out,Central California
westcoast_0118,Central California,2015,0,0.3219874282367683,current_plus_trajectory,leave_region_out,Central California
westcoast_0119,Central California,2015,0,0.4591068977074796,current_plus_trajectory,leave_region_out,Central California
westcoast_0120,Central California,2015,0,0.37048789315763175,current_plus_trajectory,leave_region_out,Central California
westcoast_0121,Central California,2015,0,0.3625187930079409,current_plus_trajectory,leave_region_out,Central California
westcoast_0122,Central California,2015,0,0.34611867633278404,current_plus_trajectory,leave_region_out,Central California
westcoast_0123,Central California,2015,0,0.2710128700089722,current_plus_trajectory,leave_region_out,Central California
westcoast_0124,Central California,2015,0,0.41996812782872417,current_plus_trajectory,leave_region_out,Central California
westcoast_0125,Central California,2015,0,0.5263547360900662,current_plus_trajectory,leave_region_out,Central California
westcoast_0126,Central California,2015,0,0.49654353968574705,current_plus_trajectory,leave_region_out,Central California
westcoast_0127,Central California,2015,0,0.5649062655685361,current_plus_trajectory,leave_region_out,Central California
westcoast_0128,Central California,2015,0,0.468586313939475,current_plus_trajectory,leave_region_out,Central California
westcoast_0129,Central California,2015,0,0.5390429048464457,current_plus_trajectory,leave_region_out,Central California
westcoast_0131,Central California,2015,0,0.4903884229555019,current_plus_trajectory,leave_region_out,Central California
westcoast_0132,Central California,2015,1,0.41890868846961543,current_plus_trajectory,leave_region_out,Central California
westcoast_0133,Central California,2015,1,0.6118133454415449,current_plus_trajectory,leave_region_out,Central California
westcoast_0135,Central California,2015,0,0.4166193683107563,current_plus_trajectory,leave_region_out,Central California
westcoast_0136,Central California,2015,1,0.4327001532782021,current_plus_trajectory,leave_region_out,Central California
westcoast_0140,Central California,2015,0,0.5973955499413249,current_plus_trajectory,leave_region_out,Central California
westcoast_0142,Central California,2015,1,0.5907108938555242,current_plus_trajectory,leave_region_out,Central California
westcoast_0143,Central California,2015,1,0.49793634175335605,current_plus_trajectory,leave_region_out,Central California
westcoast_0144,Central California,2015,0,0.3077127883650009,current_plus_trajectory,leave_region_out,Central California
westcoast_0145,Central California,2015,0,0.2723916754041218,current_plus_trajectory,leave_region_out,Central California
westcoast_0146,Central California,2015,1,0.3081173333924149,current_plus_trajectory,leave_region_out,Central California
westcoast_0105,Central California,2015,0,0.5120498772316658,trajectory_plus_oisst,leave_region_out,Central California
westcoast_0106,Central California,2015,0,0.494126472717223,trajectory_plus_oisst,leave_region_out,Central California
westcoast_0107,Central California,2015,0,0.6099305570738905,trajectory_plus_oisst,leave_region_out,Central California
westcoast_0108,Central California,2015,0,0.3668679030111,trajectory_plus_oisst,leave_region_out,Central California
westcoast_0110,Central California,2015,0,0.42040417068061053,trajectory_plus_oisst,leave_region_out,Central California
westcoast_0111,Central California,2015,0,0.3607486078756712,trajectory_plus_oisst,leave_region_out,Central California
westcoast_0112,Central California,2015,0,0.40204449499379236,trajectory_plus_oisst,leave_region_out,Central California
westcoast_0113,Central California,2015,1,0.4071788043482488,trajectory_plus_oisst,leave_region_out,Central California
westcoast_0114,Central California,2015,0,0.5162901179496038,trajectory_plus_oisst,leave_region_out,Central California
westcoast_0115,Central California,2015,0,0.5536433365710077,trajectory_plus_oisst,leave_region_out,Central California
westcoast_0117,Central California,2015,0,0.4156298093563449,trajectory_plus_oisst,leave_region_out,Central California
westcoast_0118,Central California,2015,0,0.3353798052889807,trajectory_plus_oisst,leave_region_out,Central California
westcoast_0119,Central California,2015,0,0.4795694244994865,trajectory_plus_oisst,leave_region_out,Central California
westcoast_0120,Central California,2015,0,0.39493508736228333,trajectory_plus_oisst,leave_region_out,Central California
westcoast_0121,Central California,2015,0,0.37753054525426655,trajectory_plus_oisst,leave_region_out,Central California
westcoast_0122,Central California,2015,0,0.3627044742307182,trajectory_plus_oisst,leave_region_out,Central California
westcoast_0123,Central California,2015,0,0.2854831246639384,trajectory_plus_oisst,leave_region_out,Central California
westcoast_0124,Central California,2015,0,0.4542403338357397,trajectory_plus_oisst,leave_region_out,Central California
westcoast_0125,Central California,2015,0,0.5656462716536601,trajectory_plus_oisst,leave_region_out,Central California
westcoast_0126,Central California,2015,0,0.5516438444757555,trajectory_plus_oisst,leave_region_out,Central California
westcoast_0127,Central California,2015,0,0.620968441512279,trajectory_plus_oisst,leave_region_out,Central California
westcoast_0128,Central California,2015,0,0.5253603177735429,trajectory_plus_oisst,leave_region_out,Central California
westcoast_0129,Central California,2015,0,0.5983298582036635,trajectory_plus_oisst,leave_region_out,Central California
westcoast_0131,Central California,2015,0,0.5510832132877167,trajectory_plus_oisst,leave_region_out,Central California
westcoast_0132,Central California,2015,1,0.47607958904713443,trajectory_plus_oisst,leave_region_out,Central California
westcoast_0133,Central California,2015,1,0.6725048491179272,trajectory_plus_oisst,leave_region_out,Central California
westcoast_0135,Central California,2015,0,0.46210339149690494,trajectory_plus_oisst,leave_region_out,Central California
westcoast_0136,Central California,2015,1,0.47775409138483804,trajectory_plus_oisst,leave_region_out,Central California
westcoast_0140,Central California,2015,0,0.6489007547576842,trajectory_plus_oisst,leave_region_out,Central California
westcoast_0142,Central California,2015,1,0.6187540668917517,trajectory_plus_oisst,leave_region_out,Central California
westcoast_0143,Central California,2015,1,0.5213867926794391,trajectory_plus_oisst,leave_region_out,Central California
westcoast_0144,Central California,2015,0,0.3252769061849022,trajectory_plus_oisst,leave_region_out,Central California
westcoast_0145,Central California,2015,0,0.2928140332492474,trajectory_plus_oisst,leave_region_out,Central California
westcoast_0146,Central California,2015,1,0.32986825230232686,trajectory_plus_oisst,leave_region_out,Central California
westcoast_0105,Central California,2016,0,0.45144908021793706,current_only,leave_region_out,Central California
westcoast_0106,Central California,2016,1,0.5574787654656093,current_only,leave_region_out,Central California
westcoast_0107,Central California,2016,1,0.49710696647891645,current_only,leave_region_out,Central California
westcoast_0108,Central California,2016,1,0.3750381133221257,current_only,leave_region_out,Central California
westcoast_0110,Central California,2016,1,0.39959853427488107,current_only,leave_region_out,Central California
westcoast_0111,Central California,2016,0,0.36180735055172986,current_only,leave_region_out,Central California
westcoast_0112,Central California,2016,0,0.38401921203935874,current_only,leave_region_out,Central California
westcoast_0113,Central California,2016,0,0.36193245467103763,current_only,leave_region_out,Central California
westcoast_0114,Central California,2016,1,0.53481896818505,current_only,leave_region_out,Central California
westcoast_0115,Central California,2016,1,0.578559968800242,current_only,leave_region_out,Central California
westcoast_0117,Central California,2016,1,0.500078783432286,current_only,leave_region_out,Central California
westcoast_0118,Central California,2016,1,0.41260351258534445,current_only,leave_region_out,Central California
westcoast_0119,Central California,2016,1,0.4270409554193917,current_only,leave_region_out,Central California
westcoast_0120,Central California,2016,1,0.4259204936727531,current_only,leave_region_out,Central California
westcoast_0121,Central California,2016,1,0.44691627194243944,current_only,leave_region_out,Central California
westcoast_0122,Central California,2016,1,0.4420504323323959,current_only,leave_region_out,Central California
westcoast_0123,Central California,2016,1,0.3395592647685235,current_only,leave_region_out,Central California
westcoast_0124,Central California,2016,0,0.49815051849673125,current_only,leave_region_out,Central California
westcoast_0125,Central California,2016,1,0.4820748142790032,current_only,leave_region_out,Central California
westcoast_0126,Central California,2016,1,0.48024518627667984,current_only,leave_region_out,Central California
westcoast_0127,Central California,2016,1,0.5609878057310991,current_only,leave_region_out,Central California
westcoast_0128,Central California,2016,1,0.47129539143248333,current_only,leave_region_out,Central California
westcoast_0129,Central California,2016,1,0.7053256890861512,current_only,leave_region_out,Central California
westcoast_0131,Central California,2016,1,0.511341157319183,current_only,leave_region_out,Central California
westcoast_0132,Central California,2016,0,0.36768901262219805,current_only,leave_region_out,Central California
westcoast_0133,Central California,2016,1,0.4980848132937845,current_only,leave_region_out,Central California
westcoast_0135,Central California,2016,0,0.4765274556953725,current_only,leave_region_out,Central California
westcoast_0136,Central California,2016,0,0.3392431950097559,current_only,leave_region_out,Central California
westcoast_0140,Central California,2016,1,0.5483384793665702,current_only,leave_region_out,Central California
westcoast_0142,Central California,2016,1,0.34582221960684784,current_only,leave_region_out,Central California
westcoast_0143,Central California,2016,0,0.338369486562147,current_only,leave_region_out,Central California
westcoast_0144,Central California,2016,0,0.32006065872674083,current_only,leave_region_out,Central California
westcoast_0145,Central California,2016,0,0.3084331380027104,current_only,leave_region_out,Central California
westcoast_0146,Central California,2016,0,0.29036602539355516,current_only,leave_region_out,Central California
westcoast_0105,Central California,2016,0,0.449988876686606,current_plus_trajectory,leave_region_out,Central California
westcoast_0106,Central California,2016,1,0.5586919882695626,current_plus_trajectory,leave_region_out,Central California
westcoast_0107,Central California,2016,1,0.4521742103739096,current_plus_trajectory,leave_region_out,Central California
westcoast_0108,Central California,2016,1,0.39026375244856853,current_plus_trajectory,leave_region_out,Central California
westcoast_0110,Central California,2016,1,0.37424909080164204,current_plus_trajectory,leave_region_out,Central California
westcoast_0111,Central California,2016,0,0.3740593118325815,current_plus_trajectory,leave_region_out,Central California
westcoast_0112,Central California,2016,0,0.3775595013790427,current_plus_trajectory,leave_region_out,Central California
westcoast_0113,Central California,2016,0,0.3242508412549059,current_plus_trajectory,leave_region_out,Central California
westcoast_0114,Central California,2016,1,0.5371269183444649,current_plus_trajectory,leave_region_out,Central California
westcoast_0115,Central California,2016,1,0.5639366013855478,current_plus_trajectory,leave_region_out,Central California
westcoast_0117,Central California,2016,1,0.505192347652894,current_plus_trajectory,leave_region_out,Central California
westcoast_0118,Central California,2016,1,0.4479040590913658,current_plus_trajectory,leave_region_out,Central California
westcoast_0119,Central California,2016,1,0.432968456941308,current_plus_trajectory,leave_region_out,Central California
westcoast_0120,Central California,2016,1,0.44048075878357507,current_plus_trajectory,leave_region_out,Central California
westcoast_0121,Central California,2016,1,0.4526941538811512,current_plus_trajectory,leave_region_out,Central California
westcoast_0122,Central California,2016,1,0.46895301324165495,current_plus_trajectory,leave_region_out,Central California
westcoast_0123,Central California,2016,1,0.3836870585818627,current_plus_trajectory,leave_region_out,Central California
westcoast_0124,Central California,2016,0,0.5133572025053184,current_plus_trajectory,leave_region_out,Central California
westcoast_0125,Central California,2016,1,0.48532942107701793,current_plus_trajectory,leave_region_out,Central California
westcoast_0126,Central California,2016,1,0.46659631574323207,current_plus_trajectory,leave_region_out,Central California
westcoast_0127,Central California,2016,1,0.5046282375469903,current_plus_trajectory,leave_region_out,Central California
westcoast_0128,Central California,2016,1,0.4822754772657052,current_plus_trajectory,leave_region_out,Central California
westcoast_0129,Central California,2016,1,0.6874442670196002,current_plus_trajectory,leave_region_out,Central California
westcoast_0131,Central California,2016,1,0.4984399826389827,current_plus_trajectory,leave_region_out,Central California
westcoast_0132,Central California,2016,0,0.33784786399369526,current_plus_trajectory,leave_region_out,Central California
westcoast_0133,Central California,2016,1,0.42205867384317364,current_plus_trajectory,leave_region_out,Central California
westcoast_0135,Central California,2016,0,0.5092642495721993,current_plus_trajectory,leave_region_out,Central California
westcoast_0136,Central California,2016,0,0.2764144319221734,current_plus_trajectory,leave_region_out,Central California
westcoast_0140,Central California,2016,1,0.5213933352852009,current_plus_trajectory,leave_region_out,Central California
westcoast_0142,Central California,2016,1,0.3000357478278982,current_plus_trajectory,leave_region_out,Central California
westcoast_0143,Central California,2016,0,0.29926466953408953,current_plus_trajectory,leave_region_out,Central California
westcoast_0144,Central California,2016,0,0.35774591296369745,current_plus_trajectory,leave_region_out,Central California
westcoast_0145,Central California,2016,0,0.27456254303578254,current_plus_trajectory,leave_region_out,Central California
westcoast_0146,Central California,2016,0,0.2478258883696962,current_plus_trajectory,leave_region_out,Central California
westcoast_0105,Central California,2016,0,0.52826529475521,trajectory_plus_oisst,leave_region_out,Central California
westcoast_0106,Central California,2016,1,0.6365315199507909,trajectory_plus_oisst,leave_region_out,Central California
westcoast_0107,Central California,2016,1,0.5185741856799714,trajectory_plus_oisst,leave_region_out,Central California
westcoast_0108,Central California,2016,1,0.424627932592049,trajectory_plus_oisst,leave_region_out,Central California
westcoast_0110,Central California,2016,1,0.40566256250953714,trajectory_plus_oisst,leave_region_out,Central California
westcoast_0111,Central California,2016,0,0.41028325019545236,trajectory_plus_oisst,leave_region_out,Central California
westcoast_0112,Central California,2016,0,0.4149681637157925,trajectory_plus_oisst,leave_region_out,Central California
westcoast_0113,Central California,2016,0,0.35744594103999183,trajectory_plus_oisst,leave_region_out,Central California
westcoast_0114,Central California,2016,1,0.592604525049845,trajectory_plus_oisst,leave_region_out,Central California
westcoast_0115,Central California,2016,1,0.6256021916335152,trajectory_plus_oisst,leave_region_out,Central California
westcoast_0117,Central California,2016,1,0.5660642456694277,trajectory_plus_oisst,leave_region_out,Central California
westcoast_0118,Central California,2016,1,0.5100433934723729,trajectory_plus_oisst,leave_region_out,Central California
westcoast_0119,Central California,2016,1,0.49736251724645647,trajectory_plus_oisst,leave_region_out,Central California
westcoast_0120,Central California,2016,1,0.503760675054131,trajectory_plus_oisst,leave_region_out,Central California
westcoast_0121,Central California,2016,1,0.515852362195741,trajectory_plus_oisst,leave_region_out,Central California
westcoast_0122,Central California,2016,1,0.534700355400976,trajectory_plus_oisst,leave_region_out,Central California
westcoast_0123,Central California,2016,1,0.44564224589705353,trajectory_plus_oisst,leave_region_out,Central California
westcoast_0124,Central California,2016,0,0.5825721367829543,trajectory_plus_oisst,leave_region_out,Central California
westcoast_0125,Central California,2016,1,0.556433646808372,trajectory_plus_oisst,leave_region_out,Central California
westcoast_0126,Central California,2016,1,0.5167893043080698,trajectory_plus_oisst,leave_region_out,Central California
westcoast_0127,Central California,2016,1,0.5531605820426957,trajectory_plus_oisst,leave_region_out,Central California
westcoast_0128,Central California,2016,1,0.5318370397044082,trajectory_plus_oisst,leave_region_out,Central California
westcoast_0129,Central California,2016,1,0.7284055426494591,trajectory_plus_oisst,leave_region_out,Central California
westcoast_0131,Central California,2016,1,0.5431346367738217,trajectory_plus_oisst,leave_region_out,Central California
westcoast_0132,Central California,2016,0,0.33297318648251023,trajectory_plus_oisst,leave_region_out,Central California
westcoast_0133,Central California,2016,1,0.418191020374537,trajectory_plus_oisst,leave_region_out,Central California
westcoast_0135,Central California,2016,0,0.5307201549255502,trajectory_plus_oisst,leave_region_out,Central California
westcoast_0136,Central California,2016,0,0.25721852772588905,trajectory_plus_oisst,leave_region_out,Central California
westcoast_0140,Central California,2016,1,0.5442117871961195,trajectory_plus_oisst,leave_region_out,Central California
westcoast_0142,Central California,2016,1,0.2946898537069068,trajectory_plus_oisst,leave_region_out,Central California
westcoast_0143,Central California,2016,0,0.29456197431230813,trajectory_plus_oisst,leave_region_out,Central California
westcoast_0144,Central California,2016,0,0.35633024192336504,trajectory_plus_oisst,leave_region_out,Central California
westcoast_0145,Central California,2016,0,0.27264607344786,trajectory_plus_oisst,leave_region_out,Central California
westcoast_0146,Central California,2016,0,0.24610518047097305,trajectory_plus_oisst,leave_region_out,Central California
westcoast_0105,Central California,2017,0,0.5159507609646198,current_only,leave_region_out,Central California
westcoast_0106,Central California,2017,0,0.4467432076747313,current_only,leave_region_out,Central California
westcoast_0107,Central California,2017,0,0.38300114334862245,current_only,leave_region_out,Central California
westcoast_0108,Central California,2017,0,0.32794743854682606,current_only,leave_region_out,Central California
westcoast_0110,Central California,2017,0,0.33286129904421546,current_only,leave_region_out,Central California
westcoast_0111,Central California,2017,0,0.33657299338885727,current_only,leave_region_out,Central California
westcoast_0112,Central California,2017,0,0.3926200726913786,current_only,leave_region_out,Central California
westcoast_0113,Central California,2017,0,0.447411033169401,current_only,leave_region_out,Central California
westcoast_0114,Central California,2017,0,0.31809182479458414,current_only,leave_region_out,Central California
westcoast_0115,Central California,2017,0,0.424728113821631,current_only,leave_region_out,Central California
westcoast_0117,Central California,2017,0,0.3457981859547063,current_only,leave_region_out,Central California
westcoast_0118,Central California,2017,0,0.33008438323317246,current_only,leave_region_out,Central California
westcoast_0119,Central California,2017,0,0.36440724292521054,current_only,leave_region_out,Central California
westcoast_0120,Central California,2017,0,0.36925599113237645,current_only,leave_region_out,Central California
westcoast_0121,Central California,2017,0,0.33635857721748375,current_only,leave_region_out,Central California
westcoast_0122,Central California,2017,0,0.3119051363941527,current_only,leave_region_out,Central California
westcoast_0123,Central California,2017,0,0.29722488002235475,current_only,leave_region_out,Central California
westcoast_0124,Central California,2017,0,0.6421187482394006,current_only,leave_region_out,Central California
westcoast_0125,Central California,2017,0,0.3621869123232198,current_only,leave_region_out,Central California
westcoast_0126,Central California,2017,0,0.38662000409557096,current_only,leave_region_out,Central California
westcoast_0127,Central California,2017,0,0.3694878313544381,current_only,leave_region_out,Central California
westcoast_0128,Central California,2017,0,0.3193120770513299,current_only,leave_region_out,Central California
westcoast_0129,Central California,2017,0,0.3578992830158535,current_only,leave_region_out,Central California
westcoast_0131,Central California,2017,0,0.2943078070361052,current_only,leave_region_out,Central California
westcoast_0132,Central California,2017,0,0.3341985117974278,current_only,leave_region_out,Central California
westcoast_0133,Central California,2017,0,0.31073664493483805,current_only,leave_region_out,Central California
westcoast_0135,Central California,2017,0,0.4080793529730924,current_only,leave_region_out,Central California
westcoast_0136,Central California,2017,0,0.33599701458881354,current_only,leave_region_out,Central California
westcoast_0140,Central California,2017,0,0.35755504070508903,current_only,leave_region_out,Central California
westcoast_0142,Central California,2017,0,0.3135894596875674,current_only,leave_region_out,Central California
westcoast_0143,Central California,2017,0,0.3529791998736705,current_only,leave_region_out,Central California
westcoast_0144,Central California,2017,0,0.42339623253173414,current_only,leave_region_out,Central California
westcoast_0145,Central California,2017,0,0.368696283320518,current_only,leave_region_out,Central California
westcoast_0146,Central California,2017,0,0.34116301711698094,current_only,leave_region_out,Central California
westcoast_0105,Central California,2017,0,0.5057879549369692,current_plus_trajectory,leave_region_out,Central California
westcoast_0106,Central California,2017,0,0.4007079047810602,current_plus_trajectory,leave_region_out,Central California
westcoast_0107,Central California,2017,0,0.3498956639860495,current_plus_trajectory,leave_region_out,Central California
westcoast_0108,Central California,2017,0,0.31507221454383655,current_plus_trajectory,leave_region_out,Central California
westcoast_0110,Central California,2017,0,0.30180560284796953,current_plus_trajectory,leave_region_out,Central California
westcoast_0111,Central California,2017,0,0.3421917040819918,current_plus_trajectory,leave_region_out,Central California
westcoast_0112,Central California,2017,0,0.4094450017870676,current_plus_trajectory,leave_region_out,Central California
westcoast_0113,Central California,2017,0,0.46502596286973785,current_plus_trajectory,leave_region_out,Central California
westcoast_0114,Central California,2017,0,0.28363786598519297,current_plus_trajectory,leave_region_out,Central California
westcoast_0115,Central California,2017,0,0.3800634870940251,current_plus_trajectory,leave_region_out,Central California
westcoast_0117,Central California,2017,0,0.30843561949310655,current_plus_trajectory,leave_region_out,Central California
westcoast_0118,Central California,2017,0,0.3083295179654592,current_plus_trajectory,leave_region_out,Central California
westcoast_0119,Central California,2017,0,0.34322186293351503,current_plus_trajectory,leave_region_out,Central California
westcoast_0120,Central California,2017,0,0.35418738866354116,current_plus_trajectory,leave_region_out,Central California
westcoast_0121,Central California,2017,0,0.3014049904656126,current_plus_trajectory,leave_region_out,Central California
westcoast_0122,Central California,2017,0,0.2764610484783966,current_plus_trajectory,leave_region_out,Central California
westcoast_0123,Central California,2017,0,0.2822972872730868,current_plus_trajectory,leave_region_out,Central California
westcoast_0124,Central California,2017,0,0.6358517120701419,current_plus_trajectory,leave_region_out,Central California
westcoast_0125,Central California,2017,0,0.333115071685716,current_plus_trajectory,leave_region_out,Central California
westcoast_0126,Central California,2017,0,0.3514915935998885,current_plus_trajectory,leave_region_out,Central California
westcoast_0127,Central California,2017,0,0.32792150596416036,current_plus_trajectory,leave_region_out,Central California
westcoast_0128,Central California,2017,0,0.28256092469565774,current_plus_trajectory,leave_region_out,Central California
westcoast_0129,Central California,2017,0,0.32578963539198436,current_plus_trajectory,leave_region_out,Central California
westcoast_0131,Central California,2017,0,0.25627526476352236,current_plus_trajectory,leave_region_out,Central California
westcoast_0132,Central California,2017,0,0.30815895447005437,current_plus_trajectory,leave_region_out,Central California
westcoast_0133,Central California,2017,0,0.2917776491655074,current_plus_trajectory,leave_region_out,Central California
westcoast_0135,Central California,2017,0,0.39128527128288343,current_plus_trajectory,leave_region_out,Central California
westcoast_0136,Central California,2017,0,0.31793057232077254,current_plus_trajectory,leave_region_out,Central California
westcoast_0140,Central California,2017,0,0.32588523260030067,current_plus_trajectory,leave_region_out,Central California
westcoast_0142,Central California,2017,0,0.31011611172573855,current_plus_trajectory,leave_region_out,Central California
westcoast_0143,Central California,2017,0,0.34747817041146317,current_plus_trajectory,leave_region_out,Central California
westcoast_0144,Central California,2017,0,0.47241900287508753,current_plus_trajectory,leave_region_out,Central California
westcoast_0145,Central California,2017,0,0.4077472233061744,current_plus_trajectory,leave_region_out,Central California
westcoast_0146,Central California,2017,0,0.3990619585678646,current_plus_trajectory,leave_region_out,Central California
westcoast_0105,Central California,2017,0,0.5006952630653757,trajectory_plus_oisst,leave_region_out,Central California
westcoast_0106,Central California,2017,0,0.3906265645732595,trajectory_plus_oisst,leave_region_out,Central California
westcoast_0107,Central California,2017,0,0.32163611524664626,trajectory_plus_oisst,leave_region_out,Central California
westcoast_0108,Central California,2017,0,0.29072199466740506,trajectory_plus_oisst,leave_region_out,Central California
westcoast_0110,Central California,2017,0,0.27599525041316375,trajectory_plus_oisst,leave_region_out,Central California
westcoast_0111,Central California,2017,0,0.30732927624368056,trajectory_plus_oisst,leave_region_out,Central California
westcoast_0112,Central California,2017,0,0.37386519228950155,trajectory_plus_oisst,leave_region_out,Central California
westcoast_0113,Central California,2017,0,0.4269301339533808,trajectory_plus_oisst,leave_region_out,Central California
westcoast_0114,Central California,2017,0,0.2619754464052823,trajectory_plus_oisst,leave_region_out,Central California
westcoast_0115,Central California,2017,0,0.3523216859197536,trajectory_plus_oisst,leave_region_out,Central California
westcoast_0117,Central California,2017,0,0.28070685895333225,trajectory_plus_oisst,leave_region_out,Central California
westcoast_0118,Central California,2017,0,0.2821855122579657,trajectory_plus_oisst,leave_region_out,Central California
westcoast_0119,Central California,2017,0,0.3152843004825439,trajectory_plus_oisst,leave_region_out,Central California
westcoast_0120,Central California,2017,0,0.3251126031147004,trajectory_plus_oisst,leave_region_out,Central California
westcoast_0121,Central California,2017,0,0.2731989685056204,trajectory_plus_oisst,leave_region_out,Central California
westcoast_0122,Central California,2017,0,0.2501818893329833,trajectory_plus_oisst,leave_region_out,Central California
westcoast_0123,Central California,2017,0,0.2568577584615403,trajectory_plus_oisst,leave_region_out,Central California
westcoast_0124,Central California,2017,0,0.6054365599509719,trajectory_plus_oisst,leave_region_out,Central California
westcoast_0125,Central California,2017,0,0.2953329841735319,trajectory_plus_oisst,leave_region_out,Central California
westcoast_0126,Central California,2017,0,0.3079109111878774,trajectory_plus_oisst,leave_region_out,Central California
westcoast_0127,Central California,2017,0,0.2817942364995982,trajectory_plus_oisst,leave_region_out,Central California
westcoast_0128,Central California,2017,0,0.24277540370829645,trajectory_plus_oisst,leave_region_out,Central California
westcoast_0129,Central California,2017,0,0.2828290846432584,trajectory_plus_oisst,leave_region_out,Central California
westcoast_0131,Central California,2017,0,0.22341275119503606,trajectory_plus_oisst,leave_region_out,Central California
westcoast_0132,Central California,2017,0,0.25841029310308544,trajectory_plus_oisst,leave_region_out,Central California
westcoast_0133,Central California,2017,0,0.23761856280081567,trajectory_plus_oisst,leave_region_out,Central California
westcoast_0135,Central California,2017,0,0.3397015262899243,trajectory_plus_oisst,leave_region_out,Central California
westcoast_0136,Central California,2017,0,0.2662294090723243,trajectory_plus_oisst,leave_region_out,Central California
westcoast_0140,Central California,2017,0,0.2854512455315695,trajectory_plus_oisst,leave_region_out,Central California
westcoast_0142,Central California,2017,0,0.2713354425482097,trajectory_plus_oisst,leave_region_out,Central California
westcoast_0143,Central California,2017,0,0.31510349662768733,trajectory_plus_oisst,leave_region_out,Central California
westcoast_0144,Central California,2017,0,0.4391578966871334,trajectory_plus_oisst,leave_region_out,Central California
westcoast_0145,Central California,2017,0,0.40107804275679093,trajectory_plus_oisst,leave_region_out,Central California
westcoast_0146,Central California,2017,0,0.3979284240566655,trajectory_plus_oisst,leave_region_out,Central California
westcoast_0105,Central California,2018,1,0.5801291514097904,current_only,leave_region_out,Central California
westcoast_0106,Central California,2018,1,0.4467675386668606,current_only,leave_region_out,Central California
westcoast_0107,Central California,2018,1,0.4756516317936675,current_only,leave_region_out,Central California
westcoast_0108,Central California,2018,1,0.32687568640689574,current_only,leave_region_out,Central California
westcoast_0110,Central California,2018,1,0.34680749576882774,current_only,leave_region_out,Central California
westcoast_0111,Central California,2018,1,0.34554793214780666,current_only,leave_region_out,Central California
westcoast_0112,Central California,2018,1,0.49724522984084973,current_only,leave_region_out,Central California
westcoast_0113,Central California,2018,1,0.49441668722194315,current_only,leave_region_out,Central California
westcoast_0114,Central California,2018,1,0.4803850324679628,current_only,leave_region_out,Central California
westcoast_0115,Central California,2018,1,0.5365135935043798,current_only,leave_region_out,Central California
westcoast_0117,Central California,2018,1,0.4841122059324161,current_only,leave_region_out,Central California
westcoast_0118,Central California,2018,1,0.39815498636015734,current_only,leave_region_out,Central California
westcoast_0119,Central California,2018,1,0.4885241500368575,current_only,leave_region_out,Central California
westcoast_0120,Central California,2018,1,0.6283085377273686,current_only,leave_region_out,Central California
westcoast_0121,Central California,2018,1,0.4076990616897688,current_only,leave_region_out,Central California
westcoast_0122,Central California,2018,1,0.43003100166418784,current_only,leave_region_out,Central California
westcoast_0123,Central California,2018,1,0.3396705651557903,current_only,leave_region_out,Central California
westcoast_0124,Central California,2018,1,0.8760350371171416,current_only,leave_region_out,Central California
westcoast_0125,Central California,2018,1,0.5587217889731952,current_only,leave_region_out,Central California
westcoast_0126,Central California,2018,1,0.5363278259181927,current_only,leave_region_out,Central California
westcoast_0127,Central California,2018,1,0.5340036091611347,current_only,leave_region_out,Central California
westcoast_0128,Central California,2018,1,0.4728997827599848,current_only,leave_region_out,Central California
westcoast_0129,Central California,2018,1,0.6143766658635612,current_only,leave_region_out,Central California
westcoast_0131,Central California,2018,1,0.44988228634972394,current_only,leave_region_out,Central California
westcoast_0132,Central California,2018,1,0.4068947276615284,current_only,leave_region_out,Central California
westcoast_0133,Central California,2018,1,0.5152270965213346,current_only,leave_region_out,Central California
westcoast_0135,Central California,2018,1,0.46909544150500265,current_only,leave_region_out,Central California
westcoast_0136,Central California,2018,1,0.39952167293360663,current_only,leave_region_out,Central California
westcoast_0140,Central California,2018,0,0.5432625637601469,current_only,leave_region_out,Central California
westcoast_0142,Central California,2018,0,0.5175626039795329,current_only,leave_region_out,Central California
westcoast_0143,Central California,2018,1,0.4903029164056631,current_only,leave_region_out,Central California
westcoast_0144,Central California,2018,1,0.45237797927683954,current_only,leave_region_out,Central California
westcoast_0145,Central California,2018,1,0.5858575927434332,current_only,leave_region_out,Central California
westcoast_0146,Central California,2018,1,0.5286206001844825,current_only,leave_region_out,Central California
westcoast_0105,Central California,2018,1,0.5495334694801819,current_plus_trajectory,leave_region_out,Central California
westcoast_0106,Central California,2018,1,0.4095932239590359,current_plus_trajectory,leave_region_out,Central California
westcoast_0107,Central California,2018,1,0.4624630878870012,current_plus_trajectory,leave_region_out,Central California
westcoast_0108,Central California,2018,1,0.3213954349368686,current_plus_trajectory,leave_region_out,Central California
westcoast_0110,Central California,2018,1,0.33807543648781874,current_plus_trajectory,leave_region_out,Central California
westcoast_0111,Central California,2018,1,0.36803928758155274,current_plus_trajectory,leave_region_out,Central California
westcoast_0112,Central California,2018,1,0.5066988669489236,current_plus_trajectory,leave_region_out,Central California
westcoast_0113,Central California,2018,1,0.4983127870963717,current_plus_trajectory,leave_region_out,Central California
westcoast_0114,Central California,2018,1,0.49620205573022275,current_plus_trajectory,leave_region_out,Central California
westcoast_0115,Central California,2018,1,0.5125292632673633,current_plus_trajectory,leave_region_out,Central California
westcoast_0117,Central California,2018,1,0.5096284201384867,current_plus_trajectory,leave_region_out,Central California
westcoast_0118,Central California,2018,1,0.4344691753524641,current_plus_trajectory,leave_region_out,Central California
westcoast_0119,Central California,2018,1,0.49798336734374626,current_plus_trajectory,leave_region_out,Central California
westcoast_0120,Central California,2018,1,0.6417112288332367,current_plus_trajectory,leave_region_out,Central California
westcoast_0121,Central California,2018,1,0.42234022215900957,current_plus_trajectory,leave_region_out,Central California
westcoast_0122,Central California,2018,1,0.4754754550509167,current_plus_trajectory,leave_region_out,Central California
westcoast_0123,Central California,2018,1,0.390804036278228,current_plus_trajectory,leave_region_out,Central California
westcoast_0124,Central California,2018,1,0.8507943877580307,current_plus_trajectory,leave_region_out,Central California
westcoast_0125,Central California,2018,1,0.5612459127958134,current_plus_trajectory,leave_region_out,Central California
westcoast_0126,Central California,2018,1,0.5312271710403668,current_plus_trajectory,leave_region_out,Central California
westcoast_0127,Central California,2018,1,0.5249979848492043,current_plus_trajectory,leave_region_out,Central California
westcoast_0128,Central California,2018,1,0.5046867300879422,current_plus_trajectory,leave_region_out,Central California
westcoast_0129,Central California,2018,1,0.617820261949232,current_plus_trajectory,leave_region_out,Central California
westcoast_0131,Central California,2018,1,0.4682891884661244,current_plus_trajectory,leave_region_out,Central California
westcoast_0132,Central California,2018,1,0.4285507780724877,current_plus_trajectory,leave_region_out,Central California
westcoast_0133,Central California,2018,1,0.5220979897553407,current_plus_trajectory,leave_region_out,Central California
westcoast_0135,Central California,2018,1,0.4753926183276507,current_plus_trajectory,leave_region_out,Central California
westcoast_0136,Central California,2018,1,0.4220527476904285,current_plus_trajectory,leave_region_out,Central California
westcoast_0140,Central California,2018,0,0.5450569953690716,current_plus_trajectory,leave_region_out,Central California
westcoast_0142,Central California,2018,0,0.5242175665894652,current_plus_trajectory,leave_region_out,Central California
westcoast_0143,Central California,2018,1,0.5085214522644371,current_plus_trajectory,leave_region_out,Central California
westcoast_0144,Central California,2018,1,0.4831547952116135,current_plus_trajectory,leave_region_out,Central California
westcoast_0145,Central California,2018,1,0.6229425235641052,current_plus_trajectory,leave_region_out,Central California
westcoast_0146,Central California,2018,1,0.573312594039687,current_plus_trajectory,leave_region_out,Central California
westcoast_0105,Central California,2018,1,0.5981479550372851,trajectory_plus_oisst,leave_region_out,Central California
westcoast_0106,Central California,2018,1,0.45594469951972844,trajectory_plus_oisst,leave_region_out,Central California
westcoast_0107,Central California,2018,1,0.5188442464090366,trajectory_plus_oisst,leave_region_out,Central California
westcoast_0108,Central California,2018,1,0.36628998326526924,trajectory_plus_oisst,leave_region_out,Central California
westcoast_0110,Central California,2018,1,0.3827261607854081,trajectory_plus_oisst,leave_region_out,Central California
westcoast_0111,Central California,2018,1,0.436583291092594,trajectory_plus_oisst,leave_region_out,Central California
westcoast_0112,Central California,2018,1,0.5789464714818666,trajectory_plus_oisst,leave_region_out,Central California
westcoast_0113,Central California,2018,1,0.5680694010219397,trajectory_plus_oisst,leave_region_out,Central California
westcoast_0114,Central California,2018,1,0.5696677536455124,trajectory_plus_oisst,leave_region_out,Central California
westcoast_0115,Central California,2018,1,0.5810625781913005,trajectory_plus_oisst,leave_region_out,Central California
westcoast_0117,Central California,2018,1,0.5832940216578442,trajectory_plus_oisst,leave_region_out,Central California
westcoast_0118,Central California,2018,1,0.5086918793691749,trajectory_plus_oisst,leave_region_out,Central California
westcoast_0119,Central California,2018,1,0.5693170970405105,trajectory_plus_oisst,leave_region_out,Central California
westcoast_0120,Central California,2018,1,0.7032059147452053,trajectory_plus_oisst,leave_region_out,Central California
westcoast_0121,Central California,2018,1,0.48231617007203403,trajectory_plus_oisst,leave_region_out,Central California
westcoast_0122,Central California,2018,1,0.5397887167371236,trajectory_plus_oisst,leave_region_out,Central California
westcoast_0123,Central California,2018,1,0.4527952281169431,trajectory_plus_oisst,leave_region_out,Central California
westcoast_0124,Central California,2018,1,0.8794962144180385,trajectory_plus_oisst,leave_region_out,Central California
westcoast_0125,Central California,2018,1,0.6141134538728575,trajectory_plus_oisst,leave_region_out,Central California
westcoast_0126,Central California,2018,1,0.5805458764141251,trajectory_plus_oisst,leave_region_out,Central California
westcoast_0127,Central California,2018,1,0.5711756016735893,trajectory_plus_oisst,leave_region_out,Central California
westcoast_0128,Central California,2018,1,0.5567883384994412,trajectory_plus_oisst,leave_region_out,Central California
westcoast_0129,Central California,2018,1,0.6669963090509572,trajectory_plus_oisst,leave_region_out,Central California
westcoast_0131,Central California,2018,1,0.5164346274765632,trajectory_plus_oisst,leave_region_out,Central California
westcoast_0132,Central California,2018,1,0.4834249584350272,trajectory_plus_oisst,leave_region_out,Central California
westcoast_0133,Central California,2018,1,0.5721292801126989,trajectory_plus_oisst,leave_region_out,Central California
westcoast_0135,Central California,2018,1,0.5334880879535825,trajectory_plus_oisst,leave_region_out,Central California
westcoast_0136,Central California,2018,1,0.47396849382601997,trajectory_plus_oisst,leave_region_out,Central California
westcoast_0140,Central California,2018,0,0.57613180406728,trajectory_plus_oisst,leave_region_out,Central California
westcoast_0142,Central California,2018,0,0.5613383433936617,trajectory_plus_oisst,leave_region_out,Central California
westcoast_0143,Central California,2018,1,0.5512318337952729,trajectory_plus_oisst,leave_region_out,Central California
westcoast_0144,Central California,2018,1,0.5285856103415372,trajectory_plus_oisst,leave_region_out,Central California
westcoast_0145,Central California,2018,1,0.6530688705543456,trajectory_plus_oisst,leave_region_out,Central California
westcoast_0146,Central California,2018,1,0.6032744933758631,trajectory_plus_oisst,leave_region_out,Central California
westcoast_0105,Central California,2019,0,0.4049336943692974,current_only,leave_region_out,Central California
westcoast_0106,Central California,2019,0,0.3411253455332826,current_only,leave_region_out,Central California
westcoast_0107,Central California,2019,0,0.41085632721653487,current_only,leave_region_out,Central California
westcoast_0108,Central California,2019,0,0.2940889696001557,current_only,leave_region_out,Central California
westcoast_0110,Central California,2019,0,0.3134529102633002,current_only,leave_region_out,Central California
westcoast_0111,Central California,2019,0,0.2917033066061536,current_only,leave_region_out,Central California
westcoast_0112,Central California,2019,0,0.3493695791363867,current_only,leave_region_out,Central California
westcoast_0113,Central California,2019,0,0.3289741631805152,current_only,leave_region_out,Central California
westcoast_0114,Central California,2019,0,0.383925470871398,current_only,leave_region_out,Central California
westcoast_0115,Central California,2019,0,0.3606746391229827,current_only,leave_region_out,Central California
westcoast_0117,Central California,2019,0,0.3390314972997289,current_only,leave_region_out,Central California
westcoast_0119,Central California,2019,0,0.3356135716626849,current_only,leave_region_out,Central California
westcoast_0120,Central California,2019,0,0.3039126071714729,current_only,leave_region_out,Central California
westcoast_0121,Central California,2019,0,0.2839709509581331,current_only,leave_region_out,Central California
westcoast_0124,Central California,2019,0,0.401546356033806,current_only,leave_region_out,Central California
westcoast_0125,Central California,2019,0,0.3879771996914244,current_only,leave_region_out,Central California
westcoast_0126,Central California,2019,0,0.3357713156215668,current_only,leave_region_out,Central California
westcoast_0127,Central California,2019,0,0.3657718517162399,current_only,leave_region_out,Central California
westcoast_0128,Central California,2019,0,0.33339746259024483,current_only,leave_region_out,Central California
westcoast_0129,Central California,2019,0,0.3039361971360158,current_only,leave_region_out,Central California
westcoast_0131,Central California,2019,0,0.2948426717143986,current_only,leave_region_out,Central California
westcoast_0132,Central California,2019,0,0.29399679242033316,current_only,leave_region_out,Central California
westcoast_0133,Central California,2019,0,0.4114865975094472,current_only,leave_region_out,Central California
westcoast_0135,Central California,2019,0,0.34962338128442544,current_only,leave_region_out,Central California
westcoast_0136,Central California,2019,0,0.35314538057377864,current_only,leave_region_out,Central California
westcoast_0140,Central California,2019,0,0.6565486142030769,current_only,leave_region_out,Central California
westcoast_0142,Central California,2019,0,0.5031882155264137,current_only,leave_region_out,Central California
westcoast_0143,Central California,2019,0,0.3166874097406875,current_only,leave_region_out,Central California
westcoast_0145,Central California,2019,0,0.2881532258363451,current_only,leave_region_out,Central California
westcoast_0105,Central California,2019,0,0.34271792908145304,current_plus_trajectory,leave_region_out,Central California
westcoast_0106,Central California,2019,0,0.28550686292784,current_plus_trajectory,leave_region_out,Central California
westcoast_0107,Central California,2019,0,0.36759068961336155,current_plus_trajectory,leave_region_out,Central California
westcoast_0108,Central California,2019,0,0.26279155317875147,current_plus_trajectory,leave_region_out,Central California
westcoast_0110,Central California,2019,0,0.2889112656028165,current_plus_trajectory,leave_region_out,Central California
westcoast_0111,Central California,2019,0,0.2521894051513236,current_plus_trajectory,leave_region_out,Central California
westcoast_0112,Central California,2019,0,0.30596004754456885,current_plus_trajectory,leave_region_out,Central California
westcoast_0113,Central California,2019,0,0.28705765615637735,current_plus_trajectory,leave_region_out,Central California
westcoast_0114,Central California,2019,0,0.3450425394357725,current_plus_trajectory,leave_region_out,Central California
westcoast_0115,Central California,2019,0,0.29430257701827073,current_plus_trajectory,leave_region_out,Central California
westcoast_0117,Central California,2019,0,0.2887579967357359,current_plus_trajectory,leave_region_out,Central California
westcoast_0119,Central California,2019,0,0.28983447060594814,current_plus_trajectory,leave_region_out,Central California
westcoast_0120,Central California,2019,0,0.27042357240154663,current_plus_trajectory,leave_region_out,Central California
westcoast_0121,Central California,2019,0,0.22975319844307776,current_plus_trajectory,leave_region_out,Central California
westcoast_0124,Central California,2019,0,0.35776472231991413,current_plus_trajectory,leave_region_out,Central California
westcoast_0125,Central California,2019,0,0.3391091890994095,current_plus_trajectory,leave_region_out,Central California
westcoast_0126,Central California,2019,0,0.28365293187592794,current_plus_trajectory,leave_region_out,Central California
westcoast_0127,Central California,2019,0,0.30692465031899285,current_plus_trajectory,leave_region_out,Central California
westcoast_0128,Central California,2019,0,0.2897155178982416,current_plus_trajectory,leave_region_out,Central California
westcoast_0129,Central California,2019,0,0.24324866851300922,current_plus_trajectory,leave_region_out,Central California
westcoast_0131,Central California,2019,0,0.24425149901108456,current_plus_trajectory,leave_region_out,Central California
westcoast_0132,Central California,2019,0,0.2497108900312746,current_plus_trajectory,leave_region_out,Central California
westcoast_0133,Central California,2019,0,0.3808937448355257,current_plus_trajectory,leave_region_out,Central California
westcoast_0135,Central California,2019,0,0.29761167805939365,current_plus_trajectory,leave_region_out,Central California
westcoast_0136,Central California,2019,0,0.3388004673775432,current_plus_trajectory,leave_region_out,Central California
westcoast_0140,Central California,2019,0,0.638223682419473,current_plus_trajectory,leave_region_out,Central California
westcoast_0142,Central California,2019,0,0.5222777113131936,current_plus_trajectory,leave_region_out,Central California
westcoast_0143,Central California,2019,0,0.2799783420337524,current_plus_trajectory,leave_region_out,Central California
westcoast_0145,Central California,2019,0,0.2629720488497417,current_plus_trajectory,leave_region_out,Central California
westcoast_0105,Central California,2019,0,0.3168220713554029,trajectory_plus_oisst,leave_region_out,Central California
westcoast_0106,Central California,2019,0,0.2565510152278288,trajectory_plus_oisst,leave_region_out,Central California
westcoast_0107,Central California,2019,0,0.33177604022253476,trajectory_plus_oisst,leave_region_out,Central California
westcoast_0108,Central California,2019,0,0.22105266081733155,trajectory_plus_oisst,leave_region_out,Central California
westcoast_0110,Central California,2019,0,0.24546151209850908,trajectory_plus_oisst,leave_region_out,Central California
westcoast_0111,Central California,2019,0,0.20988587139095202,trajectory_plus_oisst,leave_region_out,Central California
westcoast_0112,Central California,2019,0,0.2588113522258624,trajectory_plus_oisst,leave_region_out,Central California
westcoast_0113,Central California,2019,0,0.24204580651274568,trajectory_plus_oisst,leave_region_out,Central California
westcoast_0114,Central California,2019,0,0.2964382747868266,trajectory_plus_oisst,leave_region_out,Central California
westcoast_0115,Central California,2019,0,0.2592877347831563,trajectory_plus_oisst,leave_region_out,Central California
westcoast_0117,Central California,2019,0,0.2548039643973826,trajectory_plus_oisst,leave_region_out,Central California
westcoast_0119,Central California,2019,0,0.25830859855916016,trajectory_plus_oisst,leave_region_out,Central California
westcoast_0120,Central California,2019,0,0.2321834716609195,trajectory_plus_oisst,leave_region_out,Central California
westcoast_0121,Central California,2019,0,0.19388528122336168,trajectory_plus_oisst,leave_region_out,Central California
westcoast_0124,Central California,2019,0,0.31692391469374526,trajectory_plus_oisst,leave_region_out,Central California
westcoast_0125,Central California,2019,0,0.30314864150856896,trajectory_plus_oisst,leave_region_out,Central California
westcoast_0126,Central California,2019,0,0.24832884865249844,trajectory_plus_oisst,leave_region_out,Central California
westcoast_0127,Central California,2019,0,0.26884797859183457,trajectory_plus_oisst,leave_region_out,Central California
westcoast_0128,Central California,2019,0,0.2540318817431061,trajectory_plus_oisst,leave_region_out,Central California
westcoast_0129,Central California,2019,0,0.20063003678555355,trajectory_plus_oisst,leave_region_out,Central California
westcoast_0131,Central California,2019,0,0.20843778799045898,trajectory_plus_oisst,leave_region_out,Central California
westcoast_0132,Central California,2019,0,0.21197851636237403,trajectory_plus_oisst,leave_region_out,Central California
westcoast_0133,Central California,2019,0,0.33256532708822184,trajectory_plus_oisst,leave_region_out,Central California
westcoast_0135,Central California,2019,0,0.25882798079083574,trajectory_plus_oisst,leave_region_out,Central California
westcoast_0136,Central California,2019,0,0.32586509679889125,trajectory_plus_oisst,leave_region_out,Central California
westcoast_0140,Central California,2019,0,0.6262150934757902,trajectory_plus_oisst,leave_region_out,Central California
westcoast_0142,Central California,2019,0,0.5388816758859234,trajectory_plus_oisst,leave_region_out,Central California
westcoast_0143,Central California,2019,0,0.28365159590830286,trajectory_plus_oisst,leave_region_out,Central California
westcoast_0145,Central California,2019,0,0.24664977228150434,trajectory_plus_oisst,leave_region_out,Central California
westcoast_0105,Central California,2020,0,0.45775176497118186,current_only,leave_region_out,Central California
westcoast_0106,Central California,2020,0,0.3420160831347473,current_only,leave_region_out,Central California
westcoast_0107,Central California,2020,0,0.4682595000810318,current_only,leave_region_out,Central California
westcoast_0108,Central California,2020,0,0.2988242640862584,current_only,leave_region_out,Central California
westcoast_0110,Central California,2020,0,0.31084028469219843,current_only,leave_region_out,Central California
westcoast_0111,Central California,2020,0,0.29324081457804324,current_only,leave_region_out,Central California
westcoast_0112,Central California,2020,0,0.3818946116409454,current_only,leave_region_out,Central California
westcoast_0113,Central California,2020,0,0.4209631441227592,current_only,leave_region_out,Central California
westcoast_0114,Central California,2020,1,0.4656568717069534,current_only,leave_region_out,Central California
westcoast_0115,Central California,2020,0,0.41329838116250034,current_only,leave_region_out,Central California
westcoast_0117,Central California,2020,1,0.35246404801620146,current_only,leave_region_out,Central California
westcoast_0118,Central California,2020,0,0.28844379178905677,current_only,leave_region_out,Central California
westcoast_0119,Central California,2020,1,0.38459719427259187,current_only,leave_region_out,Central California
westcoast_0120,Central California,2020,0,0.34951051111586867,current_only,leave_region_out,Central California
westcoast_0121,Central California,2020,0,0.3046967330975827,current_only,leave_region_out,Central California
westcoast_0122,Central California,2020,0,0.3415532315068791,current_only,leave_region_out,Central California
westcoast_0123,Central California,2020,0,0.32012841502793876,current_only,leave_region_out,Central California
westcoast_0124,Central California,2020,0,0.414327626111909,current_only,leave_region_out,Central California
westcoast_0125,Central California,2020,0,0.4572355637961393,current_only,leave_region_out,Central California
westcoast_0126,Central California,2020,0,0.3949330856417041,current_only,leave_region_out,Central California
westcoast_0127,Central California,2020,0,0.4400793068278249,current_only,leave_region_out,Central California
westcoast_0128,Central California,2020,0,0.3610785990123247,current_only,leave_region_out,Central California
westcoast_0129,Central California,2020,0,0.37244415976770173,current_only,leave_region_out,Central California
westcoast_0131,Central California,2020,0,0.3329505071889363,current_only,leave_region_out,Central California
westcoast_0132,Central California,2020,0,0.41054140887524654,current_only,leave_region_out,Central California
westcoast_0133,Central California,2020,1,0.48669821682147446,current_only,leave_region_out,Central California
westcoast_0135,Central California,2020,0,0.5045616794979526,current_only,leave_region_out,Central California
westcoast_0136,Central California,2020,1,0.49116733405255675,current_only,leave_region_out,Central California
westcoast_0140,Central California,2020,0,0.6376138832796123,current_only,leave_region_out,Central California
westcoast_0142,Central California,2020,0,0.5570828381784952,current_only,leave_region_out,Central California
westcoast_0143,Central California,2020,1,0.43990889564642893,current_only,leave_region_out,Central California
westcoast_0144,Central California,2020,1,0.31144148163818064,current_only,leave_region_out,Central California
westcoast_0145,Central California,2020,1,0.3311497579164767,current_only,leave_region_out,Central California
westcoast_0146,Central California,2020,1,0.3931914603069226,current_only,leave_region_out,Central California
westcoast_0105,Central California,2020,0,0.41393594919812926,current_plus_trajectory,leave_region_out,Central California
westcoast_0106,Central California,2020,0,0.30735316227331955,current_plus_trajectory,leave_region_out,Central California
westcoast_0107,Central California,2020,0,0.4604403581617208,current_plus_trajectory,leave_region_out,Central California
westcoast_0108,Central California,2020,0,0.28219482357965664,current_plus_trajectory,leave_region_out,Central California
westcoast_0110,Central California,2020,0,0.29445149351775807,current_plus_trajectory,leave_region_out,Central California
westcoast_0111,Central California,2020,0,0.26185404025683323,current_plus_trajectory,leave_region_out,Central California
westcoast_0112,Central California,2020,0,0.35992330518960836,current_plus_trajectory,leave_region_out,Central California
westcoast_0113,Central California,2020,0,0.41292338532844736,current_plus_trajectory,leave_region_out,Central California
westcoast_0114,Central California,2020,1,0.4744276219368314,current_plus_trajectory,leave_region_out,Central California
westcoast_0115,Central California,2020,0,0.38944241562250487,current_plus_trajectory,leave_region_out,Central California
westcoast_0117,Central California,2020,1,0.33201730781100786,current_plus_trajectory,leave_region_out,Central California
westcoast_0118,Central California,2020,0,0.2570868730797053,current_plus_trajectory,leave_region_out,Central California
westcoast_0119,Central California,2020,1,0.3718042093366731,current_plus_trajectory,leave_region_out,Central California
westcoast_0120,Central California,2020,0,0.3538149045690283,current_plus_trajectory,leave_region_out,Central California
westcoast_0121,Central California,2020,0,0.2818698609844757,current_plus_trajectory,leave_region_out,Central California
westcoast_0122,Central California,2020,0,0.3453403429540219,current_plus_trajectory,leave_region_out,Central California
westcoast_0123,Central California,2020,0,0.3415210101407991,current_plus_trajectory,leave_region_out,Central California
westcoast_0124,Central California,2020,0,0.42942803289626774,current_plus_trajectory,leave_region_out,Central California
westcoast_0125,Central California,2020,0,0.4385474085486285,current_plus_trajectory,leave_region_out,Central California
westcoast_0126,Central California,2020,0,0.3807233934518826,current_plus_trajectory,leave_region_out,Central California
westcoast_0127,Central California,2020,0,0.4270638499167931,current_plus_trajectory,leave_region_out,Central California
westcoast_0128,Central California,2020,0,0.34798422606793644,current_plus_trajectory,leave_region_out,Central California
westcoast_0129,Central California,2020,0,0.3769245045793593,current_plus_trajectory,leave_region_out,Central California
westcoast_0131,Central California,2020,0,0.32576347732178806,current_plus_trajectory,leave_region_out,Central California
westcoast_0132,Central California,2020,0,0.46597169428167484,current_plus_trajectory,leave_region_out,Central California
westcoast_0133,Central California,2020,1,0.48138578735835263,current_plus_trajectory,leave_region_out,Central California
westcoast_0135,Central California,2020,0,0.5290839912634929,current_plus_trajectory,leave_region_out,Central California
westcoast_0136,Central California,2020,1,0.5214694529584059,current_plus_trajectory,leave_region_out,Central California
westcoast_0140,Central California,2020,0,0.5719735713078454,current_plus_trajectory,leave_region_out,Central California
westcoast_0142,Central California,2020,0,0.5288872942304326,current_plus_trajectory,leave_region_out,Central California
westcoast_0143,Central California,2020,1,0.45804545337358266,current_plus_trajectory,leave_region_out,Central California
westcoast_0144,Central California,2020,1,0.28776896674630287,current_plus_trajectory,leave_region_out,Central California
westcoast_0145,Central California,2020,1,0.3317307852207634,current_plus_trajectory,leave_region_out,Central California
westcoast_0146,Central California,2020,1,0.40760557764883176,current_plus_trajectory,leave_region_out,Central California
westcoast_0105,Central California,2020,0,0.3594101988855097,trajectory_plus_oisst,leave_region_out,Central California
westcoast_0106,Central California,2020,0,0.2563514901884019,trajectory_plus_oisst,leave_region_out,Central California
westcoast_0107,Central California,2020,0,0.42362289780391693,trajectory_plus_oisst,leave_region_out,Central California
westcoast_0108,Central California,2020,0,0.24096095322946437,trajectory_plus_oisst,leave_region_out,Central California
westcoast_0110,Central California,2020,0,0.2528689556255238,trajectory_plus_oisst,leave_region_out,Central California
westcoast_0111,Central California,2020,0,0.22498465304503823,trajectory_plus_oisst,leave_region_out,Central California
westcoast_0112,Central California,2020,0,0.3197155420748243,trajectory_plus_oisst,leave_region_out,Central California
westcoast_0113,Central California,2020,0,0.37089429966906057,trajectory_plus_oisst,leave_region_out,Central California
westcoast_0114,Central California,2020,1,0.4543407306772177,trajectory_plus_oisst,leave_region_out,Central California
westcoast_0115,Central California,2020,0,0.3697807686651795,trajectory_plus_oisst,leave_region_out,Central California
westcoast_0117,Central California,2020,1,0.3126443503405535,trajectory_plus_oisst,leave_region_out,Central California
westcoast_0118,Central California,2020,0,0.23616685382793606,trajectory_plus_oisst,leave_region_out,Central California
westcoast_0119,Central California,2020,1,0.35314932148353534,trajectory_plus_oisst,leave_region_out,Central California
westcoast_0120,Central California,2020,0,0.34513467431326045,trajectory_plus_oisst,leave_region_out,Central California
westcoast_0121,Central California,2020,0,0.270838420390783,trajectory_plus_oisst,leave_region_out,Central California
westcoast_0122,Central California,2020,0,0.3372889120307825,trajectory_plus_oisst,leave_region_out,Central California
westcoast_0123,Central California,2020,0,0.3345631064489539,trajectory_plus_oisst,leave_region_out,Central California
westcoast_0124,Central California,2020,0,0.4364424469058746,trajectory_plus_oisst,leave_region_out,Central California
westcoast_0125,Central California,2020,0,0.4615938604240516,trajectory_plus_oisst,leave_region_out,Central California
westcoast_0126,Central California,2020,0,0.39904798249972284,trajectory_plus_oisst,leave_region_out,Central California
westcoast_0127,Central California,2020,0,0.4505678133679647,trajectory_plus_oisst,leave_region_out,Central California
westcoast_0128,Central California,2020,0,0.3665366063905569,trajectory_plus_oisst,leave_region_out,Central California
westcoast_0129,Central California,2020,0,0.393856971851145,trajectory_plus_oisst,leave_region_out,Central California
westcoast_0131,Central California,2020,0,0.34998492756673205,trajectory_plus_oisst,leave_region_out,Central California
westcoast_0132,Central California,2020,0,0.4621087013733663,trajectory_plus_oisst,leave_region_out,Central California
westcoast_0133,Central California,2020,1,0.4830328001073503,trajectory_plus_oisst,leave_region_out,Central California
westcoast_0135,Central California,2020,0,0.5401041776810928,trajectory_plus_oisst,leave_region_out,Central California
westcoast_0136,Central California,2020,1,0.5550217171097677,trajectory_plus_oisst,leave_region_out,Central California
westcoast_0140,Central California,2020,0,0.6397908416242695,trajectory_plus_oisst,leave_region_out,Central California
westcoast_0142,Central California,2020,0,0.6124882382961789,trajectory_plus_oisst,leave_region_out,Central California
westcoast_0143,Central California,2020,1,0.5324398468192275,trajectory_plus_oisst,leave_region_out,Central California
westcoast_0144,Central California,2020,1,0.33946949025326245,trajectory_plus_oisst,leave_region_out,Central California
westcoast_0145,Central California,2020,1,0.3629370344672008,trajectory_plus_oisst,leave_region_out,Central California
westcoast_0146,Central California,2020,1,0.4475404071608988,trajectory_plus_oisst,leave_region_out,Central California
westcoast_0105,Central California,2021,0,0.4541021047399991,current_only,leave_region_out,Central California
westcoast_0106,Central California,2021,0,0.4612484662835687,current_only,leave_region_out,Central California
westcoast_0107,Central California,2021,0,0.576070918200942,current_only,leave_region_out,Central California
westcoast_0108,Central California,2021,0,0.2951237314164531,current_only,leave_region_out,Central California
westcoast_0110,Central California,2021,0,0.3027326009440985,current_only,leave_region_out,Central California
westcoast_0111,Central California,2021,0,0.288898705683291,current_only,leave_region_out,Central California
westcoast_0112,Central California,2021,0,0.36419895495957266,current_only,leave_region_out,Central California
westcoast_0113,Central California,2021,0,0.48770472683715405,current_only,leave_region_out,Central California
westcoast_0114,Central California,2021,0,0.36248163955002294,current_only,leave_region_out,Central California
westcoast_0115,Central California,2021,0,0.37493967633194325,current_only,leave_region_out,Central California
westcoast_0117,Central California,2021,0,0.30276011975465084,current_only,leave_region_out,Central California
westcoast_0118,Central California,2021,0,0.30504092522776166,current_only,leave_region_out,Central California
westcoast_0119,Central California,2021,0,0.31852314097320944,current_only,leave_region_out,Central California
westcoast_0120,Central California,2021,0,0.46767729079744896,current_only,leave_region_out,Central California
westcoast_0121,Central California,2021,0,0.4322729628938235,current_only,leave_region_out,Central California
westcoast_0122,Central California,2021,0,0.520730045080876,current_only,leave_region_out,Central California
westcoast_0123,Central California,2021,0,0.3595074753698588,current_only,leave_region_out,Central California
westcoast_0124,Central California,2021,0,0.7847313441233388,current_only,leave_region_out,Central California
westcoast_0125,Central California,2021,0,0.4219012557987404,current_only,leave_region_out,Central California
westcoast_0126,Central California,2021,0,0.35656084876280003,current_only,leave_region_out,Central California
westcoast_0127,Central California,2021,0,0.3864745625812263,current_only,leave_region_out,Central California
westcoast_0128,Central California,2021,0,0.3666709196033542,current_only,leave_region_out,Central California
westcoast_0129,Central California,2021,0,0.6530004141594762,current_only,leave_region_out,Central California
westcoast_0131,Central California,2021,0,0.41693199385259455,current_only,leave_region_out,Central California
westcoast_0132,Central California,2021,0,0.4058035300504578,current_only,leave_region_out,Central California
westcoast_0133,Central California,2021,0,0.319773080018122,current_only,leave_region_out,Central California
westcoast_0135,Central California,2021,0,0.48565084888438126,current_only,leave_region_out,Central California
westcoast_0136,Central California,2021,0,0.3635281259948269,current_only,leave_region_out,Central California
westcoast_0140,Central California,2021,0,0.6366151997360765,current_only,leave_region_out,Central California
westcoast_0142,Central California,2021,1,0.4911877145252538,current_only,leave_region_out,Central California
westcoast_0143,Central California,2021,0,0.38489334584479484,current_only,leave_region_out,Central California
westcoast_0145,Central California,2021,0,0.3131602917107853,current_only,leave_region_out,Central California
westcoast_0146,Central California,2021,0,0.3451490180320046,current_only,leave_region_out,Central California
westcoast_0105,Central California,2021,0,0.43498776359601254,current_plus_trajectory,leave_region_out,Central California
westcoast_0106,Central California,2021,0,0.4937027576502451,current_plus_trajectory,leave_region_out,Central California
westcoast_0107,Central California,2021,0,0.5626748908678856,current_plus_trajectory,leave_region_out,Central California
westcoast_0108,Central California,2021,0,0.3243734873378795,current_plus_trajectory,leave_region_out,Central California
westcoast_0110,Central California,2021,0,0.3139061091716638,current_plus_trajectory,leave_region_out,Central California
westcoast_0111,Central California,2021,0,0.30649736345854606,current_plus_trajectory,leave_region_out,Central California
westcoast_0112,Central California,2021,0,0.35992194698137386,current_plus_trajectory,leave_region_out,Central California
westcoast_0113,Central California,2021,0,0.5060313964979518,current_plus_trajectory,leave_region_out,Central California
westcoast_0114,Central California,2021,0,0.31429808047575547,current_plus_trajectory,leave_region_out,Central California
westcoast_0115,Central California,2021,0,0.34960749951028963,current_plus_trajectory,leave_region_out,Central California
westcoast_0117,Central California,2021,0,0.2600177420292695,current_plus_trajectory,leave_region_out,Central California
westcoast_0118,Central California,2021,0,0.3618392164437106,current_plus_trajectory,leave_region_out,Central California
westcoast_0119,Central California,2021,0,0.2762280381813222,current_plus_trajectory,leave_region_out,Central California
westcoast_0120,Central California,2021,0,0.4905202111973837,current_plus_trajectory,leave_region_out,Central California
westcoast_0121,Central California,2021,0,0.4925225324045471,current_plus_trajectory,leave_region_out,Central California
westcoast_0122,Central California,2021,0,0.5748025593363506,current_plus_trajectory,leave_region_out,Central California
westcoast_0123,Central California,2021,0,0.4252944778655802,current_plus_trajectory,leave_region_out,Central California
westcoast_0124,Central California,2021,0,0.751640930774053,current_plus_trajectory,leave_region_out,Central California
westcoast_0125,Central California,2021,0,0.39096266976420707,current_plus_trajectory,leave_region_out,Central California
westcoast_0126,Central California,2021,0,0.33502030537729705,current_plus_trajectory,leave_region_out,Central California
westcoast_0127,Central California,2021,0,0.3535492435842544,current_plus_trajectory,leave_region_out,Central California
westcoast_0128,Central California,2021,0,0.3933127803380415,current_plus_trajectory,leave_region_out,Central California
westcoast_0129,Central California,2021,0,0.6726850689095719,current_plus_trajectory,leave_region_out,Central California
westcoast_0131,Central California,2021,0,0.4628887628140782,current_plus_trajectory,leave_region_out,Central California
westcoast_0132,Central California,2021,0,0.44764590945647414,current_plus_trajectory,leave_region_out,Central California
westcoast_0133,Central California,2021,0,0.2587073972531355,current_plus_trajectory,leave_region_out,Central California
westcoast_0135,Central California,2021,0,0.48699922686045194,current_plus_trajectory,leave_region_out,Central California
westcoast_0136,Central California,2021,0,0.32438267964630213,current_plus_trajectory,leave_region_out,Central California
westcoast_0140,Central California,2021,0,0.5243688555349088,current_plus_trajectory,leave_region_out,Central California
westcoast_0142,Central California,2021,1,0.4206978119148466,current_plus_trajectory,leave_region_out,Central California
westcoast_0143,Central California,2021,0,0.37045965060660757,current_plus_trajectory,leave_region_out,Central California
westcoast_0145,Central California,2021,0,0.30353262650270485,current_plus_trajectory,leave_region_out,Central California
westcoast_0146,Central California,2021,0,0.3338913362857383,current_plus_trajectory,leave_region_out,Central California
westcoast_0105,Central California,2021,0,0.39747466435383416,trajectory_plus_oisst,leave_region_out,Central California
westcoast_0106,Central California,2021,0,0.4568243527083162,trajectory_plus_oisst,leave_region_out,Central California
westcoast_0107,Central California,2021,0,0.536960187091998,trajectory_plus_oisst,leave_region_out,Central California
westcoast_0108,Central California,2021,0,0.2551043923780987,trajectory_plus_oisst,leave_region_out,Central California
westcoast_0110,Central California,2021,0,0.24541120447087722,trajectory_plus_oisst,leave_region_out,Central California
westcoast_0111,Central California,2021,0,0.2330383268559659,trajectory_plus_oisst,leave_region_out,Central California
westcoast_0112,Central California,2021,0,0.27838220479014203,trajectory_plus_oisst,leave_region_out,Central California
westcoast_0113,Central California,2021,0,0.4159420999344981,trajectory_plus_oisst,leave_region_out,Central California
westcoast_0114,Central California,2021,0,0.2455356706857723,trajectory_plus_oisst,leave_region_out,Central California
westcoast_0115,Central California,2021,0,0.27529654274180865,trajectory_plus_oisst,leave_region_out,Central California
westcoast_0117,Central California,2021,0,0.19569523306913078,trajectory_plus_oisst,leave_region_out,Central California
westcoast_0118,Central California,2021,0,0.287988345834375,trajectory_plus_oisst,leave_region_out,Central California
westcoast_0119,Central California,2021,0,0.209472534136073,trajectory_plus_oisst,leave_region_out,Central California
westcoast_0120,Central California,2021,0,0.4151186194830856,trajectory_plus_oisst,leave_region_out,Central California
westcoast_0121,Central California,2021,0,0.4107594111616567,trajectory_plus_oisst,leave_region_out,Central California
westcoast_0122,Central California,2021,0,0.4932052563287801,trajectory_plus_oisst,leave_region_out,Central California
westcoast_0123,Central California,2021,0,0.34826020888285686,trajectory_plus_oisst,leave_region_out,Central California
westcoast_0124,Central California,2021,0,0.6630961639614108,trajectory_plus_oisst,leave_region_out,Central California
westcoast_0125,Central California,2021,0,0.30213211943998025,trajectory_plus_oisst,leave_region_out,Central California
westcoast_0126,Central California,2021,0,0.25346091491458694,trajectory_plus_oisst,leave_region_out,Central California
westcoast_0127,Central California,2021,0,0.2709156052346649,trajectory_plus_oisst,leave_region_out,Central California
westcoast_0128,Central California,2021,0,0.30891229276255017,trajectory_plus_oisst,leave_region_out,Central California
westcoast_0129,Central California,2021,0,0.5839771929024211,trajectory_plus_oisst,leave_region_out,Central California
westcoast_0131,Central California,2021,0,0.36640226519869074,trajectory_plus_oisst,leave_region_out,Central California
westcoast_0132,Central California,2021,0,0.3518787081674081,trajectory_plus_oisst,leave_region_out,Central California
westcoast_0133,Central California,2021,0,0.18213770040686716,trajectory_plus_oisst,leave_region_out,Central California
westcoast_0135,Central California,2021,0,0.3776879911400687,trajectory_plus_oisst,leave_region_out,Central California
westcoast_0136,Central California,2021,0,0.2335781974730791,trajectory_plus_oisst,leave_region_out,Central California
westcoast_0140,Central California,2021,0,0.4495333438812743,trajectory_plus_oisst,leave_region_out,Central California
westcoast_0142,Central California,2021,1,0.36391283545720626,trajectory_plus_oisst,leave_region_out,Central California
westcoast_0143,Central California,2021,0,0.30767714452369577,trajectory_plus_oisst,leave_region_out,Central California
westcoast_0145,Central California,2021,0,0.24208476392132675,trajectory_plus_oisst,leave_region_out,Central California
westcoast_0146,Central California,2021,0,0.2698286257556676,trajectory_plus_oisst,leave_region_out,Central California
westcoast_0105,Central California,2022,1,0.5858842995976863,current_only,leave_region_out,Central California
westcoast_0106,Central California,2022,1,0.45884830212229427,current_only,leave_region_out,Central California
westcoast_0107,Central California,2022,1,0.6074988801657593,current_only,leave_region_out,Central California
westcoast_0108,Central California,2022,1,0.3134161667652045,current_only,leave_region_out,Central California
westcoast_0110,Central California,2022,1,0.31713807025597723,current_only,leave_region_out,Central California
westcoast_0111,Central California,2022,1,0.3078748295472511,current_only,leave_region_out,Central California
westcoast_0112,Central California,2022,1,0.4076900799395825,current_only,leave_region_out,Central California
westcoast_0113,Central California,2022,1,0.5047301607576364,current_only,leave_region_out,Central California
westcoast_0114,Central California,2022,1,0.4541908889872845,current_only,leave_region_out,Central California
westcoast_0115,Central California,2022,1,0.4035710159119442,current_only,leave_region_out,Central California
westcoast_0117,Central California,2022,1,0.3366679092276998,current_only,leave_region_out,Central California
westcoast_0118,Central California,2022,1,0.34344997305846303,current_only,leave_region_out,Central California
westcoast_0119,Central California,2022,1,0.3593723331926407,current_only,leave_region_out,Central California
westcoast_0120,Central California,2022,1,0.4778202876133993,current_only,leave_region_out,Central California
westcoast_0121,Central California,2022,1,0.4788177069725027,current_only,leave_region_out,Central California
westcoast_0122,Central California,2022,1,0.5510457784496884,current_only,leave_region_out,Central California
westcoast_0123,Central California,2022,1,0.3882087477306447,current_only,leave_region_out,Central California
westcoast_0124,Central California,2022,1,0.6957819987065837,current_only,leave_region_out,Central California
westcoast_0125,Central California,2022,1,0.45882142866391074,current_only,leave_region_out,Central California
westcoast_0126,Central California,2022,1,0.42231844746593955,current_only,leave_region_out,Central California
westcoast_0127,Central California,2022,1,0.47810560046891665,current_only,leave_region_out,Central California
westcoast_0128,Central California,2022,1,0.3919438348354747,current_only,leave_region_out,Central California
westcoast_0129,Central California,2022,1,0.7652671967592234,current_only,leave_region_out,Central California
westcoast_0131,Central California,2022,1,0.45670180095590707,current_only,leave_region_out,Central California
westcoast_0132,Central California,2022,1,0.45587166110791305,current_only,leave_region_out,Central California
westcoast_0133,Central California,2022,1,0.367261094696963,current_only,leave_region_out,Central California
westcoast_0135,Central California,2022,1,0.572103700730101,current_only,leave_region_out,Central California
westcoast_0136,Central California,2022,1,0.41680618529517816,current_only,leave_region_out,Central California
westcoast_0140,Central California,2022,1,0.6490586955379888,current_only,leave_region_out,Central California
westcoast_0142,Central California,2022,0,0.38683759749629093,current_only,leave_region_out,Central California
westcoast_0143,Central California,2022,1,0.4311505748498377,current_only,leave_region_out,Central California
westcoast_0144,Central California,2022,1,0.3116164912569236,current_only,leave_region_out,Central California
westcoast_0145,Central California,2022,1,0.4001267468631197,current_only,leave_region_out,Central California
westcoast_0146,Central California,2022,1,0.32553645585016144,current_only,leave_region_out,Central California
westcoast_0105,Central California,2022,1,0.5765611725701982,current_plus_trajectory,leave_region_out,Central California
westcoast_0106,Central California,2022,1,0.4924380669741247,current_plus_trajectory,leave_region_out,Central California
westcoast_0107,Central California,2022,1,0.5779466532023911,current_plus_trajectory,leave_region_out,Central California
westcoast_0108,Central California,2022,1,0.385351209909589,current_plus_trajectory,leave_region_out,Central California
westcoast_0110,Central California,2022,1,0.3826927606399147,current_plus_trajectory,leave_region_out,Central California
westcoast_0111,Central California,2022,1,0.3825039643785895,current_plus_trajectory,leave_region_out,Central California
westcoast_0112,Central California,2022,1,0.4430640509500886,current_plus_trajectory,leave_region_out,Central California
westcoast_0113,Central California,2022,1,0.5129998981781941,current_plus_trajectory,leave_region_out,Central California
westcoast_0114,Central California,2022,1,0.47760397884983347,current_plus_trajectory,leave_region_out,Central California
westcoast_0115,Central California,2022,1,0.4228718366178631,current_plus_trajectory,leave_region_out,Central California
westcoast_0117,Central California,2022,1,0.36638159780115964,current_plus_trajectory,leave_region_out,Central California
westcoast_0118,Central California,2022,1,0.4196817438979046,current_plus_trajectory,leave_region_out,Central California
westcoast_0119,Central California,2022,1,0.38213554832917274,current_plus_trajectory,leave_region_out,Central California
westcoast_0120,Central California,2022,1,0.5162723985383579,current_plus_trajectory,leave_region_out,Central California
westcoast_0121,Central California,2022,1,0.5360094046097329,current_plus_trajectory,leave_region_out,Central California
westcoast_0122,Central California,2022,1,0.588919841390676,current_plus_trajectory,leave_region_out,Central California
westcoast_0123,Central California,2022,1,0.45081224050799057,current_plus_trajectory,leave_region_out,Central California
westcoast_0124,Central California,2022,1,0.6504544631966633,current_plus_trajectory,leave_region_out,Central California
westcoast_0125,Central California,2022,1,0.46506745963825746,current_plus_trajectory,leave_region_out,Central California
westcoast_0126,Central California,2022,1,0.4626240705227424,current_plus_trajectory,leave_region_out,Central California
westcoast_0127,Central California,2022,1,0.4996581468049269,current_plus_trajectory,leave_region_out,Central California
westcoast_0128,Central California,2022,1,0.43134401079356777,current_plus_trajectory,leave_region_out,Central California
westcoast_0129,Central California,2022,1,0.764122575226147,current_plus_trajectory,leave_region_out,Central California
westcoast_0131,Central California,2022,1,0.504591516373316,current_plus_trajectory,leave_region_out,Central California
westcoast_0132,Central California,2022,1,0.484835273759302,current_plus_trajectory,leave_region_out,Central California
westcoast_0133,Central California,2022,1,0.3457644978485124,current_plus_trajectory,leave_region_out,Central California
westcoast_0135,Central California,2022,1,0.5567753586777434,current_plus_trajectory,leave_region_out,Central California
westcoast_0136,Central California,2022,1,0.41027840124714554,current_plus_trajectory,leave_region_out,Central California
westcoast_0140,Central California,2022,1,0.5287313005760026,current_plus_trajectory,leave_region_out,Central California
westcoast_0142,Central California,2022,0,0.32089549429199105,current_plus_trajectory,leave_region_out,Central California
westcoast_0143,Central California,2022,1,0.45683229547054877,current_plus_trajectory,leave_region_out,Central California
westcoast_0144,Central California,2022,1,0.38569924117462595,current_plus_trajectory,leave_region_out,Central California
westcoast_0145,Central California,2022,1,0.4684785206846904,current_plus_trajectory,leave_region_out,Central California
westcoast_0146,Central California,2022,1,0.309876370768823,current_plus_trajectory,leave_region_out,Central California
westcoast_0105,Central California,2022,1,0.54545364763199,trajectory_plus_oisst,leave_region_out,Central California
westcoast_0106,Central California,2022,1,0.4563652525061092,trajectory_plus_oisst,leave_region_out,Central California
westcoast_0107,Central California,2022,1,0.5454864782677038,trajectory_plus_oisst,leave_region_out,Central California
westcoast_0108,Central California,2022,1,0.32563594889011543,trajectory_plus_oisst,leave_region_out,Central California
westcoast_0110,Central California,2022,1,0.3227838570797936,trajectory_plus_oisst,leave_region_out,Central California
westcoast_0111,Central California,2022,1,0.33364267705372813,trajectory_plus_oisst,leave_region_out,Central California
westcoast_0112,Central California,2022,1,0.3941045436362834,trajectory_plus_oisst,leave_region_out,Central California
westcoast_0113,Central California,2022,1,0.46722954019495777,trajectory_plus_oisst,leave_region_out,Central California
westcoast_0114,Central California,2022,1,0.39464817674778885,trajectory_plus_oisst,leave_region_out,Central California
westcoast_0115,Central California,2022,1,0.33890260996881577,trajectory_plus_oisst,leave_region_out,Central California
westcoast_0117,Central California,2022,1,0.28440828845984234,trajectory_plus_oisst,leave_region_out,Central California
westcoast_0118,Central California,2022,1,0.33528621968173733,trajectory_plus_oisst,leave_region_out,Central California
westcoast_0119,Central California,2022,1,0.29935797933286445,trajectory_plus_oisst,leave_region_out,Central California
westcoast_0120,Central California,2022,1,0.4356709147859204,trajectory_plus_oisst,leave_region_out,Central California
westcoast_0121,Central California,2022,1,0.46412066129921514,trajectory_plus_oisst,leave_region_out,Central California
westcoast_0122,Central California,2022,1,0.5210195133354485,trajectory_plus_oisst,leave_region_out,Central California
westcoast_0123,Central California,2022,1,0.3802738733339173,trajectory_plus_oisst,leave_region_out,Central California
westcoast_0124,Central California,2022,1,0.5924323006363096,trajectory_plus_oisst,leave_region_out,Central California
westcoast_0125,Central California,2022,1,0.4051437519878779,trajectory_plus_oisst,leave_region_out,Central California
westcoast_0126,Central California,2022,1,0.3922922470180971,trajectory_plus_oisst,leave_region_out,Central California
westcoast_0127,Central California,2022,1,0.4294253912848036,trajectory_plus_oisst,leave_region_out,Central California
westcoast_0128,Central California,2022,1,0.36147396268041165,trajectory_plus_oisst,leave_region_out,Central California
westcoast_0129,Central California,2022,1,0.7161352533668192,trajectory_plus_oisst,leave_region_out,Central California
westcoast_0131,Central California,2022,1,0.4772384714863084,trajectory_plus_oisst,leave_region_out,Central California
westcoast_0132,Central California,2022,1,0.4305283043261413,trajectory_plus_oisst,leave_region_out,Central California
westcoast_0133,Central California,2022,1,0.2858391834555727,trajectory_plus_oisst,leave_region_out,Central California
westcoast_0135,Central California,2022,1,0.535112437528813,trajectory_plus_oisst,leave_region_out,Central California
westcoast_0136,Central California,2022,1,0.35034410106713526,trajectory_plus_oisst,leave_region_out,Central California
westcoast_0140,Central California,2022,1,0.5208360435143936,trajectory_plus_oisst,leave_region_out,Central California
westcoast_0142,Central California,2022,0,0.3012211318384735,trajectory_plus_oisst,leave_region_out,Central California
westcoast_0143,Central California,2022,1,0.4490090002582932,trajectory_plus_oisst,leave_region_out,Central California
westcoast_0144,Central California,2022,1,0.3735614501938523,trajectory_plus_oisst,leave_region_out,Central California
westcoast_0145,Central California,2022,1,0.45929294366774376,trajectory_plus_oisst,leave_region_out,Central California
westcoast_0146,Central California,2022,1,0.2964229631821208,trajectory_plus_oisst,leave_region_out,Central California
westcoast_0105,Central California,2023,1,0.3062197014786492,current_only,leave_region_out,Central California
westcoast_0106,Central California,2023,0,0.308234596461317,current_only,leave_region_out,Central California
westcoast_0107,Central California,2023,0,0.33456593993176587,current_only,leave_region_out,Central California
westcoast_0108,Central California,2023,0,0.2974987701402887,current_only,leave_region_out,Central California
westcoast_0110,Central California,2023,0,0.2946994199443766,current_only,leave_region_out,Central California
westcoast_0112,Central California,2023,0,0.31000879886550536,current_only,leave_region_out,Central California
westcoast_0113,Central California,2023,0,0.30443058075244545,current_only,leave_region_out,Central California
westcoast_0114,Central California,2023,0,0.30367469967359567,current_only,leave_region_out,Central California
westcoast_0115,Central California,2023,0,0.3174295316228613,current_only,leave_region_out,Central California
westcoast_0117,Central California,2023,0,0.3015162515291436,current_only,leave_region_out,Central California
westcoast_0119,Central California,2023,0,0.2948688055780857,current_only,leave_region_out,Central California
westcoast_0124,Central California,2023,0,0.3252131579652743,current_only,leave_region_out,Central California
westcoast_0125,Central California,2023,0,0.38234554188248027,current_only,leave_region_out,Central California
westcoast_0126,Central California,2023,0,0.3435567801343257,current_only,leave_region_out,Central California
westcoast_0127,Central California,2023,0,0.31253754614764956,current_only,leave_region_out,Central California
westcoast_0128,Central California,2023,0,0.3040327514308339,current_only,leave_region_out,Central California
westcoast_0132,Central California,2023,0,0.2908794712476773,current_only,leave_region_out,Central California
westcoast_0133,Central California,2023,0,0.3028136643389783,current_only,leave_region_out,Central California
westcoast_0135,Central California,2023,0,0.392827746447319,current_only,leave_region_out,Central California
westcoast_0136,Central California,2023,0,0.32557815521645156,current_only,leave_region_out,Central California
westcoast_0140,Central California,2023,0,0.3854399591118919,current_only,leave_region_out,Central California
westcoast_0142,Central California,2023,0,0.3873629502269003,current_only,leave_region_out,Central California
westcoast_0105,Central California,2023,1,0.24197751772934006,current_plus_trajectory,leave_region_out,Central California
westcoast_0106,Central California,2023,0,0.2610337086689572,current_plus_trajectory,leave_region_out,Central California
westcoast_0107,Central California,2023,0,0.2737607129262178,current_plus_trajectory,leave_region_out,Central California
westcoast_0108,Central California,2023,0,0.29097260668215624,current_plus_trajectory,leave_region_out,Central California
westcoast_0110,Central California,2023,0,0.2708411800059482,current_plus_trajectory,leave_region_out,Central California
westcoast_0112,Central California,2023,0,0.2559952135837777,current_plus_trajectory,leave_region_out,Central California
westcoast_0113,Central California,2023,0,0.2460071616643057,current_plus_trajectory,leave_region_out,Central California
westcoast_0114,Central California,2023,0,0.2328829944976276,current_plus_trajectory,leave_region_out,Central California
westcoast_0115,Central California,2023,0,0.2647770355205504,current_plus_trajectory,leave_region_out,Central California
westcoast_0117,Central California,2023,0,0.26860914458809027,current_plus_trajectory,leave_region_out,Central California
westcoast_0119,Central California,2023,0,0.236839307589411,current_plus_trajectory,leave_region_out,Central California
westcoast_0124,Central California,2023,0,0.30184133136566754,current_plus_trajectory,leave_region_out,Central California
westcoast_0125,Central California,2023,0,0.3351116942251872,current_plus_trajectory,leave_region_out,Central California
westcoast_0126,Central California,2023,0,0.30307367026938686,current_plus_trajectory,leave_region_out,Central California
westcoast_0127,Central California,2023,0,0.24648952179762257,current_plus_trajectory,leave_region_out,Central California
westcoast_0128,Central California,2023,0,0.2523845119163143,current_plus_trajectory,leave_region_out,Central California
westcoast_0132,Central California,2023,0,0.22570652984091455,current_plus_trajectory,leave_region_out,Central California
westcoast_0133,Central California,2023,0,0.23809402718533784,current_plus_trajectory,leave_region_out,Central California
westcoast_0135,Central California,2023,0,0.3165814942603114,current_plus_trajectory,leave_region_out,Central California
westcoast_0136,Central California,2023,0,0.2629304686921415,current_plus_trajectory,leave_region_out,Central California
westcoast_0140,Central California,2023,0,0.295841887894721,current_plus_trajectory,leave_region_out,Central California
westcoast_0142,Central California,2023,0,0.3299319298679516,current_plus_trajectory,leave_region_out,Central California
westcoast_0105,Central California,2023,1,0.23167463642289127,trajectory_plus_oisst,leave_region_out,Central California
westcoast_0106,Central California,2023,0,0.2564856761997299,trajectory_plus_oisst,leave_region_out,Central California
westcoast_0107,Central California,2023,0,0.25428883872671343,trajectory_plus_oisst,leave_region_out,Central California
westcoast_0108,Central California,2023,0,0.3009300125606952,trajectory_plus_oisst,leave_region_out,Central California
westcoast_0110,Central California,2023,0,0.2791221808232346,trajectory_plus_oisst,leave_region_out,Central California
westcoast_0112,Central California,2023,0,0.24586341792349709,trajectory_plus_oisst,leave_region_out,Central California
westcoast_0113,Central California,2023,0,0.23355160735451788,trajectory_plus_oisst,leave_region_out,Central California
westcoast_0114,Central California,2023,0,0.21810744112448097,trajectory_plus_oisst,leave_region_out,Central California
westcoast_0115,Central California,2023,0,0.25501607820543426,trajectory_plus_oisst,leave_region_out,Central California
westcoast_0117,Central California,2023,0,0.2601042035021376,trajectory_plus_oisst,leave_region_out,Central California
westcoast_0119,Central California,2023,0,0.22646392392039946,trajectory_plus_oisst,leave_region_out,Central California
westcoast_0124,Central California,2023,0,0.2723049500223953,trajectory_plus_oisst,leave_region_out,Central California
westcoast_0125,Central California,2023,0,0.3112081841279139,trajectory_plus_oisst,leave_region_out,Central California
westcoast_0126,Central California,2023,0,0.27498566725889845,trajectory_plus_oisst,leave_region_out,Central California
westcoast_0127,Central California,2023,0,0.21685558638322902,trajectory_plus_oisst,leave_region_out,Central California
westcoast_0128,Central California,2023,0,0.2254784001732608,trajectory_plus_oisst,leave_region_out,Central California
westcoast_0132,Central California,2023,0,0.19764865557851155,trajectory_plus_oisst,leave_region_out,Central California
westcoast_0133,Central California,2023,0,0.20913021416442473,trajectory_plus_oisst,leave_region_out,Central California
westcoast_0135,Central California,2023,0,0.29251937632980257,trajectory_plus_oisst,leave_region_out,Central California
westcoast_0136,Central California,2023,0,0.22141709665310672,trajectory_plus_oisst,leave_region_out,Central California
westcoast_0140,Central California,2023,0,0.28176667237699915,trajectory_plus_oisst,leave_region_out,Central California
westcoast_0142,Central California,2023,0,0.3185937531070249,trajectory_plus_oisst,leave_region_out,Central California
westcoast_0105,Central California,2024,0,0.2900894532573986,current_only,leave_region_out,Central California
westcoast_0106,Central California,2024,0,0.3496726241217964,current_only,leave_region_out,Central California
westcoast_0107,Central California,2024,0,0.41404164171845964,current_only,leave_region_out,Central California
westcoast_0108,Central California,2024,0,0.30521601741168614,current_only,leave_region_out,Central California
westcoast_0110,Central California,2024,0,0.29766109503828003,current_only,leave_region_out,Central California
westcoast_0112,Central California,2024,0,0.3205217037085393,current_only,leave_region_out,Central California
westcoast_0113,Central California,2024,0,0.33898500201616577,current_only,leave_region_out,Central California
westcoast_0114,Central California,2024,0,0.3260981912089023,current_only,leave_region_out,Central California
westcoast_0115,Central California,2024,0,0.3540489415977834,current_only,leave_region_out,Central California
westcoast_0117,Central California,2024,0,0.3113096637551913,current_only,leave_region_out,Central California
westcoast_0118,Central California,2024,0,0.30601212424643565,current_only,leave_region_out,Central California
westcoast_0119,Central California,2024,0,0.3210493141979608,current_only,leave_region_out,Central California
westcoast_0120,Central California,2024,0,0.2890394454903294,current_only,leave_region_out,Central California
westcoast_0121,Central California,2024,0,0.29060625791995415,current_only,leave_region_out,Central California
westcoast_0122,Central California,2024,0,0.2888958976993142,current_only,leave_region_out,Central California
westcoast_0124,Central California,2024,0,0.5509747712852275,current_only,leave_region_out,Central California
westcoast_0125,Central California,2024,0,0.44009390751249533,current_only,leave_region_out,Central California
westcoast_0126,Central California,2024,0,0.37324993986782967,current_only,leave_region_out,Central California
westcoast_0127,Central California,2024,0,0.33002084654649266,current_only,leave_region_out,Central California
westcoast_0128,Central California,2024,0,0.31040970246404065,current_only,leave_region_out,Central California
westcoast_0129,Central California,2024,0,0.3357198763263452,current_only,leave_region_out,Central California
westcoast_0131,Central California,2024,0,0.29238041794936664,current_only,leave_region_out,Central California
westcoast_0132,Central California,2024,0,0.3727770829508954,current_only,leave_region_out,Central California
westcoast_0133,Central California,2024,0,0.32463409718458397,current_only,leave_region_out,Central California
westcoast_0135,Central California,2024,0,0.4753746559131754,current_only,leave_region_out,Central California
westcoast_0136,Central California,2024,0,0.4067541412797459,current_only,leave_region_out,Central California
westcoast_0140,Central California,2024,0,0.5638529986073186,current_only,leave_region_out,Central California
westcoast_0142,Central California,2024,1,0.38968147707568584,current_only,leave_region_out,Central California
westcoast_0143,Central California,2024,0,0.30643482182090603,current_only,leave_region_out,Central California
westcoast_0144,Central California,2024,0,0.37611570083018697,current_only,leave_region_out,Central California
westcoast_0145,Central California,2024,0,0.2864473020884428,current_only,leave_region_out,Central California
westcoast_0105,Central California,2024,0,0.25893780745229245,current_plus_trajectory,leave_region_out,Central California
westcoast_0106,Central California,2024,0,0.3175333529018006,current_plus_trajectory,leave_region_out,Central California
westcoast_0107,Central California,2024,0,0.37125549535267005,current_plus_trajectory,leave_region_out,Central California
westcoast_0108,Central California,2024,0,0.34796729125203735,current_plus_trajectory,leave_region_out,Central California
westcoast_0110,Central California,2024,0,0.29972235987316803,current_plus_trajectory,leave_region_out,Central California
westcoast_0112,Central California,2024,0,0.29035265287196776,current_plus_trajectory,leave_region_out,Central California
westcoast_0113,Central California,2024,0,0.2983720732644768,current_plus_trajectory,leave_region_out,Central California
westcoast_0114,Central California,2024,0,0.2984497400842152,current_plus_trajectory,leave_region_out,Central California
westcoast_0115,Central California,2024,0,0.35376900972398256,current_plus_trajectory,leave_region_out,Central California
westcoast_0117,Central California,2024,0,0.3204288164074741,current_plus_trajectory,leave_region_out,Central California
westcoast_0118,Central California,2024,0,0.30044463762200163,current_plus_trajectory,leave_region_out,Central California
westcoast_0119,Central California,2024,0,0.3253659581539695,current_plus_trajectory,leave_region_out,Central California
westcoast_0120,Central California,2024,0,0.23900950996838138,current_plus_trajectory,leave_region_out,Central California
westcoast_0121,Central California,2024,0,0.24485635984165688,current_plus_trajectory,leave_region_out,Central California
westcoast_0122,Central California,2024,0,0.2461299262674676,current_plus_trajectory,leave_region_out,Central California
westcoast_0124,Central California,2024,0,0.49122559479055244,current_plus_trajectory,leave_region_out,Central California
westcoast_0125,Central California,2024,0,0.4479678390751788,current_plus_trajectory,leave_region_out,Central California
westcoast_0126,Central California,2024,0,0.3749117471717628,current_plus_trajectory,leave_region_out,Central California
westcoast_0127,Central California,2024,0,0.29820221328891994,current_plus_trajectory,leave_region_out,Central California
westcoast_0128,Central California,2024,0,0.2748619782429809,current_plus_trajectory,leave_region_out,Central California
westcoast_0129,Central California,2024,0,0.32796647141347124,current_plus_trajectory,leave_region_out,Central California
westcoast_0131,Central California,2024,0,0.24614550300626514,current_plus_trajectory,leave_region_out,Central California
westcoast_0132,Central California,2024,0,0.3724627623662692,current_plus_trajectory,leave_region_out,Central California
westcoast_0133,Central California,2024,0,0.32539064237839277,current_plus_trajectory,leave_region_out,Central California
westcoast_0135,Central California,2024,0,0.44278705526680034,current_plus_trajectory,leave_region_out,Central California
westcoast_0136,Central California,2024,0,0.4550455936395143,current_plus_trajectory,leave_region_out,Central California
westcoast_0140,Central California,2024,0,0.5191139696746343,current_plus_trajectory,leave_region_out,Central California
westcoast_0142,Central California,2024,1,0.39815924315427836,current_plus_trajectory,leave_region_out,Central California
westcoast_0143,Central California,2024,0,0.26988454230162034,current_plus_trajectory,leave_region_out,Central California
westcoast_0144,Central California,2024,0,0.46698351245894654,current_plus_trajectory,leave_region_out,Central California
westcoast_0145,Central California,2024,0,0.24414415909104162,current_plus_trajectory,leave_region_out,Central California
westcoast_0105,Central California,2024,0,0.21480045614271104,trajectory_plus_oisst,leave_region_out,Central California
westcoast_0106,Central California,2024,0,0.2729336522605339,trajectory_plus_oisst,leave_region_out,Central California
westcoast_0107,Central California,2024,0,0.32344046315286223,trajectory_plus_oisst,leave_region_out,Central California
westcoast_0108,Central California,2024,0,0.3072834736591031,trajectory_plus_oisst,leave_region_out,Central California
westcoast_0110,Central California,2024,0,0.25920643432323315,trajectory_plus_oisst,leave_region_out,Central California
westcoast_0112,Central California,2024,0,0.25872332869432796,trajectory_plus_oisst,leave_region_out,Central California
westcoast_0113,Central California,2024,0,0.2631224009419586,trajectory_plus_oisst,leave_region_out,Central California
westcoast_0114,Central California,2024,0,0.2704064432186588,trajectory_plus_oisst,leave_region_out,Central California
westcoast_0115,Central California,2024,0,0.3351185336201627,trajectory_plus_oisst,leave_region_out,Central California
westcoast_0117,Central California,2024,0,0.3027912621718741,trajectory_plus_oisst,leave_region_out,Central California
westcoast_0118,Central California,2024,0,0.28152547626594154,trajectory_plus_oisst,leave_region_out,Central California
westcoast_0119,Central California,2024,0,0.306931254114926,trajectory_plus_oisst,leave_region_out,Central California
westcoast_0120,Central California,2024,0,0.2130536892218225,trajectory_plus_oisst,leave_region_out,Central California
westcoast_0121,Central California,2024,0,0.22516023054381068,trajectory_plus_oisst,leave_region_out,Central California
westcoast_0122,Central California,2024,0,0.22415411537204905,trajectory_plus_oisst,leave_region_out,Central California
westcoast_0124,Central California,2024,0,0.4672504336829038,trajectory_plus_oisst,leave_region_out,Central California
westcoast_0125,Central California,2024,0,0.43651852193184887,trajectory_plus_oisst,leave_region_out,Central California
westcoast_0126,Central California,2024,0,0.36758258878367256,trajectory_plus_oisst,leave_region_out,Central California
westcoast_0127,Central California,2024,0,0.28466294905288947,trajectory_plus_oisst,leave_region_out,Central California
westcoast_0128,Central California,2024,0,0.2618843299886886,trajectory_plus_oisst,leave_region_out,Central California
westcoast_0129,Central California,2024,0,0.30514843858777196,trajectory_plus_oisst,leave_region_out,Central California
westcoast_0131,Central California,2024,0,0.2326252229678431,trajectory_plus_oisst,leave_region_out,Central California
westcoast_0132,Central California,2024,0,0.35883286459291547,trajectory_plus_oisst,leave_region_out,Central California
westcoast_0133,Central California,2024,0,0.3133316524234843,trajectory_plus_oisst,leave_region_out,Central California
westcoast_0135,Central California,2024,0,0.4170346412176107,trajectory_plus_oisst,leave_region_out,Central California
westcoast_0136,Central California,2024,0,0.4292046489623941,trajectory_plus_oisst,leave_region_out,Central California
westcoast_0140,Central California,2024,0,0.48399852405604155,trajectory_plus_oisst,leave_region_out,Central California
westcoast_0142,Central California,2024,1,0.3502980887219781,trajectory_plus_oisst,leave_region_out,Central California
westcoast_0143,Central California,2024,0,0.22324922331299982,trajectory_plus_oisst,leave_region_out,Central California
westcoast_0144,Central California,2024,0,0.42100151539355435,trajectory_plus_oisst,leave_region_out,Central California
westcoast_0145,Central California,2024,0,0.19522536787695072,trajectory_plus_oisst,leave_region_out,Central California
westcoast_0081,Northern California,2005,0,0.27345959656689217,current_only,leave_region_out,Northern California
westcoast_0082,Northern California,2005,0,0.2717921196479635,current_only,leave_region_out,Northern California
westcoast_0086,Northern California,2005,1,0.25107246113059056,current_only,leave_region_out,Northern California
westcoast_0081,Northern California,2005,0,0.3247382744170294,current_plus_trajectory,leave_region_out,Northern California
westcoast_0082,Northern California,2005,0,0.2851608213362632,current_plus_trajectory,leave_region_out,Northern California
westcoast_0086,Northern California,2005,1,0.23497341033510388,current_plus_trajectory,leave_region_out,Northern California
westcoast_0081,Northern California,2005,0,0.13905293727990314,trajectory_plus_oisst,leave_region_out,Northern California
westcoast_0082,Northern California,2005,0,0.11953602394720268,trajectory_plus_oisst,leave_region_out,Northern California
westcoast_0086,Northern California,2005,1,0.0909716644870543,trajectory_plus_oisst,leave_region_out,Northern California
westcoast_0074,Northern California,2006,1,0.4181166516450936,current_only,leave_region_out,Northern California
westcoast_0075,Northern California,2006,0,0.31236509993657935,current_only,leave_region_out,Northern California
westcoast_0076,Northern California,2006,0,0.27258256212092047,current_only,leave_region_out,Northern California
westcoast_0078,Northern California,2006,0,0.2692474847054828,current_only,leave_region_out,Northern California
westcoast_0081,Northern California,2006,0,0.27711052972970535,current_only,leave_region_out,Northern California
westcoast_0082,Northern California,2006,0,0.321584885752288,current_only,leave_region_out,Northern California
westcoast_0074,Northern California,2006,1,0.5019778619431844,current_plus_trajectory,leave_region_out,Northern California
westcoast_0075,Northern California,2006,0,0.3580662917964695,current_plus_trajectory,leave_region_out,Northern California
westcoast_0076,Northern California,2006,0,0.28042191898925267,current_plus_trajectory,leave_region_out,Northern California
westcoast_0078,Northern California,2006,0,0.2994485251083124,current_plus_trajectory,leave_region_out,Northern California
westcoast_0081,Northern California,2006,0,0.28034103459560594,current_plus_trajectory,leave_region_out,Northern California
westcoast_0082,Northern California,2006,0,0.34587007899746947,current_plus_trajectory,leave_region_out,Northern California
westcoast_0074,Northern California,2006,1,0.22264658383164798,trajectory_plus_oisst,leave_region_out,Northern California
westcoast_0075,Northern California,2006,0,0.13516899086143758,trajectory_plus_oisst,leave_region_out,Northern California
westcoast_0076,Northern California,2006,0,0.09837854542658796,trajectory_plus_oisst,leave_region_out,Northern California
westcoast_0078,Northern California,2006,0,0.10442786783138894,trajectory_plus_oisst,leave_region_out,Northern California
westcoast_0081,Northern California,2006,0,0.10180678128741417,trajectory_plus_oisst,leave_region_out,Northern California
westcoast_0082,Northern California,2006,0,0.1379799874875391,trajectory_plus_oisst,leave_region_out,Northern California
westcoast_0074,Northern California,2007,0,0.2843976674895878,current_only,leave_region_out,Northern California
westcoast_0075,Northern California,2007,0,0.27578546595698333,current_only,leave_region_out,Northern California
westcoast_0076,Northern California,2007,0,0.2873779872807673,current_only,leave_region_out,Northern California
westcoast_0077,Northern California,2007,0,0.2594520307950013,current_only,leave_region_out,Northern California
westcoast_0078,Northern California,2007,0,0.24369360907509122,current_only,leave_region_out,Northern California
westcoast_0079,Northern California,2007,0,0.2366433297859913,current_only,leave_region_out,Northern California
westcoast_0081,Northern California,2007,0,0.27209756588345557,current_only,leave_region_out,Northern California
westcoast_0082,Northern California,2007,0,0.3678149145057268,current_only,leave_region_out,Northern California
westcoast_0083,Northern California,2007,0,0.2815183550139895,current_only,leave_region_out,Northern California
westcoast_0084,Northern California,2007,0,0.275576809208393,current_only,leave_region_out,Northern California
westcoast_0086,Northern California,2007,0,0.38084478595537374,current_only,leave_region_out,Northern California
westcoast_0087,Northern California,2007,0,0.2879116146385096,current_only,leave_region_out,Northern California
westcoast_0088,Northern California,2007,0,0.30436282428430317,current_only,leave_region_out,Northern California
westcoast_0089,Northern California,2007,0,0.3212641364482796,current_only,leave_region_out,Northern California
westcoast_0090,Northern California,2007,0,0.27701642167940166,current_only,leave_region_out,Northern California
westcoast_0091,Northern California,2007,0,0.4046362134039615,current_only,leave_region_out,Northern California
westcoast_0074,Northern California,2007,0,0.2611874413084732,current_plus_trajectory,leave_region_out,Northern California
westcoast_0075,Northern California,2007,0,0.2937308555891997,current_plus_trajectory,leave_region_out,Northern California
westcoast_0076,Northern California,2007,0,0.35042050169066824,current_plus_trajectory,leave_region_out,Northern California
westcoast_0077,Northern California,2007,0,0.32968028724653775,current_plus_trajectory,leave_region_out,Northern California
westcoast_0078,Northern California,2007,0,0.26921640002957187,current_plus_trajectory,leave_region_out,Northern California
westcoast_0079,Northern California,2007,0,0.29178959645292507,current_plus_trajectory,leave_region_out,Northern California
westcoast_0081,Northern California,2007,0,0.31037507094704975,current_plus_trajectory,leave_region_out,Northern California
westcoast_0082,Northern California,2007,0,0.4166646334688377,current_plus_trajectory,leave_region_out,Northern California
westcoast_0083,Northern California,2007,0,0.35175674095751935,current_plus_trajectory,leave_region_out,Northern California
westcoast_0084,Northern California,2007,0,0.34314628166330907,current_plus_trajectory,leave_region_out,Northern California
westcoast_0086,Northern California,2007,0,0.48640099949355714,current_plus_trajectory,leave_region_out,Northern California
westcoast_0087,Northern California,2007,0,0.37037837122902917,current_plus_trajectory,leave_region_out,Northern California
westcoast_0088,Northern California,2007,0,0.38949468090784195,current_plus_trajectory,leave_region_out,Northern California
westcoast_0089,Northern California,2007,0,0.42048697747529995,current_plus_trajectory,leave_region_out,Northern California
westcoast_0090,Northern California,2007,0,0.35749382422446924,current_plus_trajectory,leave_region_out,Northern California
westcoast_0091,Northern California,2007,0,0.5297938492293499,current_plus_trajectory,leave_region_out,Northern California
westcoast_0074,Northern California,2007,0,0.08708125070928417,trajectory_plus_oisst,leave_region_out,Northern California
westcoast_0075,Northern California,2007,0,0.104368292681307,trajectory_plus_oisst,leave_region_out,Northern California
westcoast_0076,Northern California,2007,0,0.13064080753808177,trajectory_plus_oisst,leave_region_out,Northern California
westcoast_0077,Northern California,2007,0,0.12799124090352945,trajectory_plus_oisst,leave_region_out,Northern California
westcoast_0078,Northern California,2007,0,0.09116329309345232,trajectory_plus_oisst,leave_region_out,Northern California
westcoast_0079,Northern California,2007,0,0.0997922726606591,trajectory_plus_oisst,leave_region_out,Northern California
westcoast_0081,Northern California,2007,0,0.11774486463225271,trajectory_plus_oisst,leave_region_out,Northern California
westcoast_0082,Northern California,2007,0,0.18419684949800416,trajectory_plus_oisst,leave_region_out,Northern California
westcoast_0083,Northern California,2007,0,0.12930613504819816,trajectory_plus_oisst,leave_region_out,Northern California
westcoast_0084,Northern California,2007,0,0.1255230707467652,trajectory_plus_oisst,leave_region_out,Northern California
westcoast_0086,Northern California,2007,0,0.18935663920949836,trajectory_plus_oisst,leave_region_out,Northern California
westcoast_0087,Northern California,2007,0,0.12159933997568399,trajectory_plus_oisst,leave_region_out,Northern California
westcoast_0088,Northern California,2007,0,0.13223817665061507,trajectory_plus_oisst,leave_region_out,Northern California
westcoast_0089,Northern California,2007,0,0.14598481171121652,trajectory_plus_oisst,leave_region_out,Northern California
westcoast_0090,Northern California,2007,0,0.13766934266091474,trajectory_plus_oisst,leave_region_out,Northern California
westcoast_0091,Northern California,2007,0,0.1962231698150883,trajectory_plus_oisst,leave_region_out,Northern California
westcoast_0074,Northern California,2008,0,0.4559244692931291,current_only,leave_region_out,Northern California
westcoast_0075,Northern California,2008,1,0.5944681453897166,current_only,leave_region_out,Northern California
westcoast_0076,Northern California,2008,1,0.5815287020417229,current_only,leave_region_out,Northern California
westcoast_0077,Northern California,2008,1,0.64805065890766,current_only,leave_region_out,Northern California
westcoast_0078,Northern California,2008,1,0.7828123065885897,current_only,leave_region_out,Northern California
westcoast_0079,Northern California,2008,0,0.5978058310892501,current_only,leave_region_out,Northern California
westcoast_0081,Northern California,2008,0,0.390814461992473,current_only,leave_region_out,Northern California
westcoast_0082,Northern California,2008,0,0.42096058338080083,current_only,leave_region_out,Northern California
westcoast_0083,Northern California,2008,0,0.2812539759499928,current_only,leave_region_out,Northern California
westcoast_0084,Northern California,2008,1,0.660548166234035,current_only,leave_region_out,Northern California
westcoast_0086,Northern California,2008,1,0.5315188882620109,current_only,leave_region_out,Northern California
westcoast_0087,Northern California,2008,1,0.6005341711478477,current_only,leave_region_out,Northern California
westcoast_0088,Northern California,2008,1,0.6257739250751114,current_only,leave_region_out,Northern California
westcoast_0089,Northern California,2008,1,0.826957304720463,current_only,leave_region_out,Northern California
westcoast_0090,Northern California,2008,1,0.861166510565616,current_only,leave_region_out,Northern California
westcoast_0091,Northern California,2008,1,0.6736541586168717,current_only,leave_region_out,Northern California
westcoast_0074,Northern California,2008,0,0.4863929228719401,current_plus_trajectory,leave_region_out,Northern California
westcoast_0075,Northern California,2008,1,0.6805954845068475,current_plus_trajectory,leave_region_out,Northern California
westcoast_0076,Northern California,2008,1,0.676065959653569,current_plus_trajectory,leave_region_out,Northern California
westcoast_0077,Northern California,2008,1,0.7696535589937086,current_plus_trajectory,leave_region_out,Northern California
westcoast_0078,Northern California,2008,1,0.8834633303844507,current_plus_trajectory,leave_region_out,Northern California
westcoast_0079,Northern California,2008,0,0.7300328702237516,current_plus_trajectory,leave_region_out,Northern California
westcoast_0081,Northern California,2008,0,0.4584085403125335,current_plus_trajectory,leave_region_out,Northern California
westcoast_0082,Northern California,2008,0,0.42636928649251704,current_plus_trajectory,leave_region_out,Northern California
westcoast_0083,Northern California,2008,0,0.32538862279362696,current_plus_trajectory,leave_region_out,Northern California
westcoast_0084,Northern California,2008,1,0.7727930061168216,current_plus_trajectory,leave_region_out,Northern California
westcoast_0086,Northern California,2008,1,0.5949553177565674,current_plus_trajectory,leave_region_out,Northern California
westcoast_0087,Northern California,2008,1,0.7092110173084906,current_plus_trajectory,leave_region_out,Northern California
westcoast_0088,Northern California,2008,1,0.7264978755633659,current_plus_trajectory,leave_region_out,Northern California
westcoast_0089,Northern California,2008,1,0.9025649110689791,current_plus_trajectory,leave_region_out,Northern California
westcoast_0090,Northern California,2008,1,0.934237433162809,current_plus_trajectory,leave_region_out,Northern California
westcoast_0091,Northern California,2008,1,0.7450087138855696,current_plus_trajectory,leave_region_out,Northern California
westcoast_0074,Northern California,2008,0,0.22481124627467913,trajectory_plus_oisst,leave_region_out,Northern California
westcoast_0075,Northern California,2008,1,0.3768250944997143,trajectory_plus_oisst,leave_region_out,Northern California
westcoast_0076,Northern California,2008,1,0.36336868190193133,trajectory_plus_oisst,leave_region_out,Northern California
westcoast_0077,Northern California,2008,1,0.4682641412312866,trajectory_plus_oisst,leave_region_out,Northern California
westcoast_0078,Northern California,2008,1,0.7121011686051503,trajectory_plus_oisst,leave_region_out,Northern California
westcoast_0079,Northern California,2008,0,0.4529610457323226,trajectory_plus_oisst,leave_region_out,Northern California
westcoast_0081,Northern California,2008,0,0.21230319183810936,trajectory_plus_oisst,leave_region_out,Northern California
westcoast_0082,Northern California,2008,0,0.2159213071603268,trajectory_plus_oisst,leave_region_out,Northern California
westcoast_0083,Northern California,2008,0,0.12853817578266094,trajectory_plus_oisst,leave_region_out,Northern California
westcoast_0084,Northern California,2008,1,0.5240874895456219,trajectory_plus_oisst,leave_region_out,Northern California
westcoast_0086,Northern California,2008,1,0.261979466081512,trajectory_plus_oisst,leave_region_out,Northern California
westcoast_0087,Northern California,2008,1,0.3551382847571151,trajectory_plus_oisst,leave_region_out,Northern California
westcoast_0088,Northern California,2008,1,0.3810493212436048,trajectory_plus_oisst,leave_region_out,Northern California
westcoast_0089,Northern California,2008,1,0.6936415529242299,trajectory_plus_oisst,leave_region_out,Northern California
westcoast_0090,Northern California,2008,1,0.8147186646021531,trajectory_plus_oisst,leave_region_out,Northern California
westcoast_0091,Northern California,2008,1,0.5126030509948816,trajectory_plus_oisst,leave_region_out,Northern California
westcoast_0074,Northern California,2009,1,0.3831444696472331,current_only,leave_region_out,Northern California
westcoast_0075,Northern California,2009,1,0.3977722754143713,current_only,leave_region_out,Northern California
westcoast_0076,Northern California,2009,1,0.3298488159715912,current_only,leave_region_out,Northern California
westcoast_0077,Northern California,2009,1,0.3393366554202612,current_only,leave_region_out,Northern California
westcoast_0078,Northern California,2009,1,0.3403247383181353,current_only,leave_region_out,Northern California
westcoast_0079,Northern California,2009,1,0.5344315564983163,current_only,leave_region_out,Northern California
westcoast_0081,Northern California,2009,1,0.5153815823793781,current_only,leave_region_out,Northern California
westcoast_0082,Northern California,2009,1,0.37724416820684925,current_only,leave_region_out,Northern California
westcoast_0083,Northern California,2009,1,0.35860801871626813,current_only,leave_region_out,Northern California
westcoast_0084,Northern California,2009,1,0.4053866572114612,current_only,leave_region_out,Northern California
westcoast_0086,Northern California,2009,1,0.2611906016806776,current_only,leave_region_out,Northern California
westcoast_0087,Northern California,2009,1,0.3253162253377543,current_only,leave_region_out,Northern California
westcoast_0088,Northern California,2009,1,0.38865243781265807,current_only,leave_region_out,Northern California
westcoast_0089,Northern California,2009,1,0.3456450374961111,current_only,leave_region_out,Northern California
westcoast_0090,Northern California,2009,0,0.4097712362658061,current_only,leave_region_out,Northern California
westcoast_0091,Northern California,2009,1,0.45991962777901874,current_only,leave_region_out,Northern California
westcoast_0074,Northern California,2009,1,0.35479743450001666,current_plus_trajectory,leave_region_out,Northern California
westcoast_0075,Northern California,2009,1,0.31612118505193515,current_plus_trajectory,leave_region_out,Northern California
westcoast_0076,Northern California,2009,1,0.24543004656486395,current_plus_trajectory,leave_region_out,Northern California
westcoast_0077,Northern California,2009,1,0.24904200214587982,current_plus_trajectory,leave_region_out,Northern California
westcoast_0078,Northern California,2009,1,0.23978947490816155,current_plus_trajectory,leave_region_out,Northern California
westcoast_0079,Northern California,2009,1,0.49436675470297897,current_plus_trajectory,leave_region_out,Northern California
westcoast_0081,Northern California,2009,1,0.5353301713532757,current_plus_trajectory,leave_region_out,Northern California
westcoast_0082,Northern California,2009,1,0.3287746298583238,current_plus_trajectory,leave_region_out,Northern California
westcoast_0083,Northern California,2009,1,0.4047892577427414,current_plus_trajectory,leave_region_out,Northern California
westcoast_0084,Northern California,2009,1,0.3026301853949863,current_plus_trajectory,leave_region_out,Northern California
westcoast_0086,Northern California,2009,1,0.1826587803438517,current_plus_trajectory,leave_region_out,Northern California
westcoast_0087,Northern California,2009,1,0.23630801814490238,current_plus_trajectory,leave_region_out,Northern California
westcoast_0088,Northern California,2009,1,0.28523412979246604,current_plus_trajectory,leave_region_out,Northern California
westcoast_0089,Northern California,2009,1,0.2205725911170129,current_plus_trajectory,leave_region_out,Northern California
westcoast_0090,Northern California,2009,0,0.2682135279960635,current_plus_trajectory,leave_region_out,Northern California
westcoast_0091,Northern California,2009,1,0.31271215630112364,current_plus_trajectory,leave_region_out,Northern California
westcoast_0074,Northern California,2009,1,0.15295487648583614,trajectory_plus_oisst,leave_region_out,Northern California
westcoast_0075,Northern California,2009,1,0.13255644314593917,trajectory_plus_oisst,leave_region_out,Northern California
westcoast_0076,Northern California,2009,1,0.09079369284926977,trajectory_plus_oisst,leave_region_out,Northern California
westcoast_0077,Northern California,2009,1,0.09085784367524602,trajectory_plus_oisst,leave_region_out,Northern California
westcoast_0078,Northern California,2009,1,0.08518717072634857,trajectory_plus_oisst,leave_region_out,Northern California
westcoast_0079,Northern California,2009,1,0.27052680364580833,trajectory_plus_oisst,leave_region_out,Northern California
westcoast_0081,Northern California,2009,1,0.2963365676283668,trajectory_plus_oisst,leave_region_out,Northern California
westcoast_0082,Northern California,2009,1,0.15894984403343113,trajectory_plus_oisst,leave_region_out,Northern California
westcoast_0083,Northern California,2009,1,0.18218233895625446,trajectory_plus_oisst,leave_region_out,Northern California
westcoast_0084,Northern California,2009,1,0.13081486705737802,trajectory_plus_oisst,leave_region_out,Northern California
westcoast_0086,Northern California,2009,1,0.05789733311663552,trajectory_plus_oisst,leave_region_out,Northern California
westcoast_0087,Northern California,2009,1,0.08205030983769913,trajectory_plus_oisst,leave_region_out,Northern California
westcoast_0088,Northern California,2009,1,0.11404076924535043,trajectory_plus_oisst,leave_region_out,Northern California
westcoast_0089,Northern California,2009,1,0.07689420920180144,trajectory_plus_oisst,leave_region_out,Northern California
westcoast_0090,Northern California,2009,0,0.09851519927279817,trajectory_plus_oisst,leave_region_out,Northern California
westcoast_0091,Northern California,2009,1,0.15576183801148705,trajectory_plus_oisst,leave_region_out,Northern California
westcoast_0074,Northern California,2010,0,0.282767911839317,current_only,leave_region_out,Northern California
westcoast_0075,Northern California,2010,0,0.2732868269932877,current_only,leave_region_out,Northern California
westcoast_0076,Northern California,2010,0,0.24846596181621752,current_only,leave_region_out,Northern California
westcoast_0077,Northern California,2010,0,0.2535089564326776,current_only,leave_region_out,Northern California
westcoast_0078,Northern California,2010,0,0.24620416010575463,current_only,leave_region_out,Northern California
westcoast_0079,Northern California,2010,0,0.2468672646360038,current_only,leave_region_out,Northern California
westcoast_0081,Northern California,2010,0,0.26184801131552915,current_only,leave_region_out,Northern California
westcoast_0082,Northern California,2010,0,0.3217541170839845,current_only,leave_region_out,Northern California
westcoast_0083,Northern California,2010,1,0.2932033348531569,current_only,leave_region_out,Northern California
westcoast_0084,Northern California,2010,1,0.29161145351233453,current_only,leave_region_out,Northern California
westcoast_0087,Northern California,2010,1,0.2453944146998319,current_only,leave_region_out,Northern California
westcoast_0088,Northern California,2010,0,0.280328371061294,current_only,leave_region_out,Northern California
westcoast_0089,Northern California,2010,0,0.29786515550800446,current_only,leave_region_out,Northern California
westcoast_0090,Northern California,2010,1,0.3631576585610191,current_only,leave_region_out,Northern California
westcoast_0091,Northern California,2010,1,0.3736940852043666,current_only,leave_region_out,Northern California
westcoast_0074,Northern California,2010,0,0.22823438601191584,current_plus_trajectory,leave_region_out,Northern California
westcoast_0075,Northern California,2010,0,0.23650217406609952,current_plus_trajectory,leave_region_out,Northern California
westcoast_0076,Northern California,2010,0,0.22848330931873095,current_plus_trajectory,leave_region_out,Northern California
westcoast_0077,Northern California,2010,0,0.24782753754125164,current_plus_trajectory,leave_region_out,Northern California
westcoast_0078,Northern California,2010,0,0.29161830834906455,current_plus_trajectory,leave_region_out,Northern California
westcoast_0079,Northern California,2010,0,0.1937576967633038,current_plus_trajectory,leave_region_out,Northern California
westcoast_0081,Northern California,2010,0,0.18335660468267173,current_plus_trajectory,leave_region_out,Northern California
westcoast_0082,Northern California,2010,0,0.2832191162219784,current_plus_trajectory,leave_region_out,Northern California
westcoast_0083,Northern California,2010,1,0.24754661418453255,current_plus_trajectory,leave_region_out,Northern California
westcoast_0084,Northern California,2010,1,0.26637463518012555,current_plus_trajectory,leave_region_out,Northern California
westcoast_0087,Northern California,2010,1,0.23207084128808417,current_plus_trajectory,leave_region_out,Northern California
westcoast_0088,Northern California,2010,0,0.25377726903786596,current_plus_trajectory,leave_region_out,Northern California
westcoast_0089,Northern California,2010,0,0.36346662472588354,current_plus_trajectory,leave_region_out,Northern California
westcoast_0090,Northern California,2010,1,0.4081956684415915,current_plus_trajectory,leave_region_out,Northern California
westcoast_0091,Northern California,2010,1,0.3289875057763194,current_plus_trajectory,leave_region_out,Northern California
westcoast_0074,Northern California,2010,0,0.21083477926648916,trajectory_plus_oisst,leave_region_out,Northern California
westcoast_0075,Northern California,2010,0,0.21082097841452851,trajectory_plus_oisst,leave_region_out,Northern California
westcoast_0076,Northern California,2010,0,0.18894312635727922,trajectory_plus_oisst,leave_region_out,Northern California
westcoast_0077,Northern California,2010,0,0.1952717082475648,trajectory_plus_oisst,leave_region_out,Northern California
westcoast_0078,Northern California,2010,0,0.1967790339331341,trajectory_plus_oisst,leave_region_out,Northern California
westcoast_0079,Northern California,2010,0,0.1412551690028841,trajectory_plus_oisst,leave_region_out,Northern California
westcoast_0081,Northern California,2010,0,0.13274272188545452,trajectory_plus_oisst,leave_region_out,Northern California
westcoast_0082,Northern California,2010,0,0.23745674956785676,trajectory_plus_oisst,leave_region_out,Northern California
westcoast_0083,Northern California,2010,1,0.19151556650882598,trajectory_plus_oisst,leave_region_out,Northern California
westcoast_0084,Northern California,2010,1,0.2033888179415308,trajectory_plus_oisst,leave_region_out,Northern California
westcoast_0087,Northern California,2010,1,0.13850499940216118,trajectory_plus_oisst,leave_region_out,Northern California
westcoast_0088,Northern California,2010,0,0.1671487653152293,trajectory_plus_oisst,leave_region_out,Northern California
westcoast_0089,Northern California,2010,0,0.23715583058132694,trajectory_plus_oisst,leave_region_out,Northern California
westcoast_0090,Northern California,2010,1,0.31697121941603473,trajectory_plus_oisst,leave_region_out,Northern California
westcoast_0091,Northern California,2010,1,0.2319035640170313,trajectory_plus_oisst,leave_region_out,Northern California
westcoast_0074,Northern California,2011,0,0.2822035102985998,current_only,leave_region_out,Northern California
westcoast_0075,Northern California,2011,0,0.3533693750233366,current_only,leave_region_out,Northern California
westcoast_0076,Northern California,2011,0,0.3245353234586521,current_only,leave_region_out,Northern California
westcoast_0077,Northern California,2011,0,0.44167634814538476,current_only,leave_region_out,Northern California
westcoast_0078,Northern California,2011,0,0.3365470414430165,current_only,leave_region_out,Northern California
westcoast_0079,Northern California,2011,0,0.3865326505334855,current_only,leave_region_out,Northern California
westcoast_0081,Northern California,2011,0,0.2894136155828039,current_only,leave_region_out,Northern California
westcoast_0082,Northern California,2011,0,0.33957580372507834,current_only,leave_region_out,Northern California
westcoast_0083,Northern California,2011,0,0.25142123393569904,current_only,leave_region_out,Northern California
westcoast_0084,Northern California,2011,0,0.2748478901467982,current_only,leave_region_out,Northern California
westcoast_0088,Northern California,2011,0,0.2749212839678564,current_only,leave_region_out,Northern California
westcoast_0089,Northern California,2011,0,0.2860530090153614,current_only,leave_region_out,Northern California
westcoast_0090,Northern California,2011,0,0.28069253979751485,current_only,leave_region_out,Northern California
westcoast_0091,Northern California,2011,0,0.2609720180292246,current_only,leave_region_out,Northern California
westcoast_0074,Northern California,2011,0,0.2505763714809126,current_plus_trajectory,leave_region_out,Northern California
westcoast_0075,Northern California,2011,0,0.40274820911849074,current_plus_trajectory,leave_region_out,Northern California
westcoast_0076,Northern California,2011,0,0.4125565178899119,current_plus_trajectory,leave_region_out,Northern California
westcoast_0077,Northern California,2011,0,0.5489299756593017,current_plus_trajectory,leave_region_out,Northern California
westcoast_0078,Northern California,2011,0,0.4558098099231207,current_plus_trajectory,leave_region_out,Northern California
westcoast_0079,Northern California,2011,0,0.4567581551669538,current_plus_trajectory,leave_region_out,Northern California
westcoast_0081,Northern California,2011,0,0.2929700571895089,current_plus_trajectory,leave_region_out,Northern California
westcoast_0082,Northern California,2011,0,0.3388536101947075,current_plus_trajectory,leave_region_out,Northern California
westcoast_0083,Northern California,2011,0,0.18258644452286837,current_plus_trajectory,leave_region_out,Northern California
westcoast_0084,Northern California,2011,0,0.25110710740891046,current_plus_trajectory,leave_region_out,Northern California
westcoast_0088,Northern California,2011,0,0.2504213866024968,current_plus_trajectory,leave_region_out,Northern California
westcoast_0089,Northern California,2011,0,0.2842610697983107,current_plus_trajectory,leave_region_out,Northern California
westcoast_0090,Northern California,2011,0,0.26203468278786535,current_plus_trajectory,leave_region_out,Northern California
westcoast_0091,Northern California,2011,0,0.22733273220425484,current_plus_trajectory,leave_region_out,Northern California
westcoast_0074,Northern California,2011,0,0.1278806144407828,trajectory_plus_oisst,leave_region_out,Northern California
westcoast_0075,Northern California,2011,0,0.2390890552908799,trajectory_plus_oisst,leave_region_out,Northern California
westcoast_0076,Northern California,2011,0,0.24408123534112292,trajectory_plus_oisst,leave_region_out,Northern California
westcoast_0077,Northern California,2011,0,0.3674310233799618,trajectory_plus_oisst,leave_region_out,Northern California
westcoast_0078,Northern California,2011,0,0.29225069986140595,trajectory_plus_oisst,leave_region_out,Northern California
westcoast_0079,Northern California,2011,0,0.29620507945712204,trajectory_plus_oisst,leave_region_out,Northern California
westcoast_0081,Northern California,2011,0,0.16546865385502854,trajectory_plus_oisst,leave_region_out,Northern California
westcoast_0082,Northern California,2011,0,0.225402155733039,trajectory_plus_oisst,leave_region_out,Northern California
westcoast_0083,Northern California,2011,0,0.09852699948702476,trajectory_plus_oisst,leave_region_out,Northern California
westcoast_0084,Northern California,2011,0,0.13423437832357693,trajectory_plus_oisst,leave_region_out,Northern California
westcoast_0088,Northern California,2011,0,0.12609152269081195,trajectory_plus_oisst,leave_region_out,Northern California
westcoast_0089,Northern California,2011,0,0.14551335533140755,trajectory_plus_oisst,leave_region_out,Northern California
westcoast_0090,Northern California,2011,0,0.146518213240369,trajectory_plus_oisst,leave_region_out,Northern California
westcoast_0091,Northern California,2011,0,0.11084257380737085,trajectory_plus_oisst,leave_region_out,Northern California
westcoast_0074,Northern California,2012,0,0.47872869055967043,current_only,leave_region_out,Northern California
westcoast_0075,Northern California,2012,0,0.6119080051300851,current_only,leave_region_out,Northern California
westcoast_0076,Northern California,2012,0,0.3860497419147464,current_only,leave_region_out,Northern California
westcoast_0077,Northern California,2012,0,0.592058781971443,current_only,leave_region_out,Northern California
westcoast_0078,Northern California,2012,0,0.7422886224902698,current_only,leave_region_out,Northern California
westcoast_0079,Northern California,2012,1,0.9871543251377686,current_only,leave_region_out,Northern California
westcoast_0081,Northern California,2012,0,0.3376429846075112,current_only,leave_region_out,Northern California
westcoast_0082,Northern California,2012,0,0.521026632835275,current_only,leave_region_out,Northern California
westcoast_0083,Northern California,2012,1,0.547791259466865,current_only,leave_region_out,Northern California
westcoast_0084,Northern California,2012,1,0.6395832365117243,current_only,leave_region_out,Northern California
westcoast_0086,Northern California,2012,1,0.41440987810067154,current_only,leave_region_out,Northern California
westcoast_0087,Northern California,2012,1,0.5793476679018982,current_only,leave_region_out,Northern California
westcoast_0088,Northern California,2012,1,0.551147068552452,current_only,leave_region_out,Northern California
westcoast_0089,Northern California,2012,1,0.6395758884206564,current_only,leave_region_out,Northern California
westcoast_0090,Northern California,2012,1,0.6300754582158411,current_only,leave_region_out,Northern California
westcoast_0091,Northern California,2012,1,0.6266513413391837,current_only,leave_region_out,Northern California
westcoast_0074,Northern California,2012,0,0.5355569943256044,current_plus_trajectory,leave_region_out,Northern California
westcoast_0075,Northern California,2012,0,0.6231429904743896,current_plus_trajectory,leave_region_out,Northern California
westcoast_0076,Northern California,2012,0,0.43673424274792755,current_plus_trajectory,leave_region_out,Northern California
westcoast_0077,Northern California,2012,0,0.5833838079843683,current_plus_trajectory,leave_region_out,Northern California
westcoast_0078,Northern California,2012,0,0.7419094031514893,current_plus_trajectory,leave_region_out,Northern California
westcoast_0079,Northern California,2012,1,0.9807369931477903,current_plus_trajectory,leave_region_out,Northern California
westcoast_0081,Northern California,2012,0,0.4107950324436204,current_plus_trajectory,leave_region_out,Northern California
westcoast_0082,Northern California,2012,0,0.5445580020883305,current_plus_trajectory,leave_region_out,Northern California
westcoast_0083,Northern California,2012,1,0.6122168318904601,current_plus_trajectory,leave_region_out,Northern California
westcoast_0084,Northern California,2012,1,0.6792156136125663,current_plus_trajectory,leave_region_out,Northern California
westcoast_0086,Northern California,2012,1,0.49064793554895253,current_plus_trajectory,leave_region_out,Northern California
westcoast_0087,Northern California,2012,1,0.6392291605160733,current_plus_trajectory,leave_region_out,Northern California
westcoast_0088,Northern California,2012,1,0.6029453079892022,current_plus_trajectory,leave_region_out,Northern California
westcoast_0089,Northern California,2012,1,0.6708796037007945,current_plus_trajectory,leave_region_out,Northern California
westcoast_0090,Northern California,2012,1,0.6724840123629943,current_plus_trajectory,leave_region_out,Northern California
westcoast_0091,Northern California,2012,1,0.6845940223507784,current_plus_trajectory,leave_region_out,Northern California
westcoast_0074,Northern California,2012,0,0.6004846386744837,trajectory_plus_oisst,leave_region_out,Northern California
westcoast_0075,Northern California,2012,0,0.6822642783232825,trajectory_plus_oisst,leave_region_out,Northern California
westcoast_0076,Northern California,2012,0,0.5041315686767263,trajectory_plus_oisst,leave_region_out,Northern California
westcoast_0077,Northern California,2012,0,0.6479083268065513,trajectory_plus_oisst,leave_region_out,Northern California
westcoast_0078,Northern California,2012,0,0.7971848537756505,trajectory_plus_oisst,leave_region_out,Northern California
westcoast_0079,Northern California,2012,1,0.9834422442613163,trajectory_plus_oisst,leave_region_out,Northern California
westcoast_0081,Northern California,2012,0,0.49736811255051927,trajectory_plus_oisst,leave_region_out,Northern California
westcoast_0082,Northern California,2012,0,0.6452155748190522,trajectory_plus_oisst,leave_region_out,Northern California
westcoast_0083,Northern California,2012,1,0.6902621376235939,trajectory_plus_oisst,leave_region_out,Northern California
westcoast_0084,Northern California,2012,1,0.7471388395243972,trajectory_plus_oisst,leave_region_out,Northern California
westcoast_0086,Northern California,2012,1,0.5411909194559602,trajectory_plus_oisst,leave_region_out,Northern California
westcoast_0087,Northern California,2012,1,0.676858470485483,trajectory_plus_oisst,leave_region_out,Northern California
westcoast_0088,Northern California,2012,1,0.6516374438435869,trajectory_plus_oisst,leave_region_out,Northern California
westcoast_0089,Northern California,2012,1,0.7177027762496546,trajectory_plus_oisst,leave_region_out,Northern California
westcoast_0090,Northern California,2012,1,0.7096634653881537,trajectory_plus_oisst,leave_region_out,Northern California
westcoast_0091,Northern California,2012,1,0.6824877424564071,trajectory_plus_oisst,leave_region_out,Northern California
westcoast_0074,Northern California,2013,1,0.651380389091162,current_only,leave_region_out,Northern California
westcoast_0075,Northern California,2013,1,0.5582948643607557,current_only,leave_region_out,Northern California
westcoast_0076,Northern California,2013,1,0.5042834213224935,current_only,leave_region_out,Northern California
westcoast_0077,Northern California,2013,1,0.6696104521692436,current_only,leave_region_out,Northern California
westcoast_0078,Northern California,2013,1,0.6777033913873646,current_only,leave_region_out,Northern California
westcoast_0079,Northern California,2013,1,0.7916382771408138,current_only,leave_region_out,Northern California
westcoast_0081,Northern California,2013,1,0.33912466369552335,current_only,leave_region_out,Northern California
westcoast_0082,Northern California,2013,1,0.4802137815993936,current_only,leave_region_out,Northern California
westcoast_0083,Northern California,2013,1,0.3643251575221547,current_only,leave_region_out,Northern California
westcoast_0084,Northern California,2013,1,0.4157450522031508,current_only,leave_region_out,Northern California
westcoast_0086,Northern California,2013,1,0.295364331146908,current_only,leave_region_out,Northern California
westcoast_0087,Northern California,2013,1,0.35423856618744026,current_only,leave_region_out,Northern California
westcoast_0088,Northern California,2013,1,0.30489171820970873,current_only,leave_region_out,Northern California
westcoast_0089,Northern California,2013,1,0.4067446985275802,current_only,leave_region_out,Northern California
westcoast_0090,Northern California,2013,1,0.33861419302693996,current_only,leave_region_out,Northern California
westcoast_0091,Northern California,2013,1,0.3327534886927568,current_only,leave_region_out,Northern California
westcoast_0074,Northern California,2013,1,0.6420767105683477,current_plus_trajectory,leave_region_out,Northern California
westcoast_0075,Northern California,2013,1,0.5120453775262189,current_plus_trajectory,leave_region_out,Northern California
westcoast_0076,Northern California,2013,1,0.5269519682745086,current_plus_trajectory,leave_region_out,Northern California
westcoast_0077,Northern California,2013,1,0.6089141695909632,current_plus_trajectory,leave_region_out,Northern California
westcoast_0078,Northern California,2013,1,0.6073843483779995,current_plus_trajectory,leave_region_out,Northern California
westcoast_0079,Northern California,2013,1,0.6765848080486646,current_plus_trajectory,leave_region_out,Northern California
westcoast_0081,Northern California,2013,1,0.40131878564616175,current_plus_trajectory,leave_region_out,Northern California
westcoast_0082,Northern California,2013,1,0.4591071182803722,current_plus_trajectory,leave_region_out,Northern California
westcoast_0083,Northern California,2013,1,0.31010271977592313,current_plus_trajectory,leave_region_out,Northern California
westcoast_0084,Northern California,2013,1,0.34785001183101155,current_plus_trajectory,leave_region_out,Northern California
westcoast_0086,Northern California,2013,1,0.25060215325509744,current_plus_trajectory,leave_region_out,Northern California
westcoast_0087,Northern California,2013,1,0.2977983397311615,current_plus_trajectory,leave_region_out,Northern California
westcoast_0088,Northern California,2013,1,0.23853043411845204,current_plus_trajectory,leave_region_out,Northern California
westcoast_0089,Northern California,2013,1,0.33552546583630605,current_plus_trajectory,leave_region_out,Northern California
westcoast_0090,Northern California,2013,1,0.2657128240789543,current_plus_trajectory,leave_region_out,Northern California
westcoast_0091,Northern California,2013,1,0.2623897241092956,current_plus_trajectory,leave_region_out,Northern California
westcoast_0074,Northern California,2013,1,0.35969969904590576,trajectory_plus_oisst,leave_region_out,Northern California
westcoast_0075,Northern California,2013,1,0.25434316342574903,trajectory_plus_oisst,leave_region_out,Northern California
westcoast_0076,Northern California,2013,1,0.26435442151348915,trajectory_plus_oisst,leave_region_out,Northern California
westcoast_0077,Northern California,2013,1,0.3658941624641295,trajectory_plus_oisst,leave_region_out,Northern California
westcoast_0078,Northern California,2013,1,0.3514415949788648,trajectory_plus_oisst,leave_region_out,Northern California
westcoast_0079,Northern California,2013,1,0.38203010533128656,trajectory_plus_oisst,leave_region_out,Northern California
westcoast_0081,Northern California,2013,1,0.18495349486955565,trajectory_plus_oisst,leave_region_out,Northern California
westcoast_0082,Northern California,2013,1,0.22646199672317419,trajectory_plus_oisst,leave_region_out,Northern California
westcoast_0083,Northern California,2013,1,0.11701833202084669,trajectory_plus_oisst,leave_region_out,Northern California
westcoast_0084,Northern California,2013,1,0.13778724855113875,trajectory_plus_oisst,leave_region_out,Northern California
westcoast_0086,Northern California,2013,1,0.10681313359568649,trajectory_plus_oisst,leave_region_out,Northern California
westcoast_0087,Northern California,2013,1,0.12905344345373812,trajectory_plus_oisst,leave_region_out,Northern California
westcoast_0088,Northern California,2013,1,0.09706528357123388,trajectory_plus_oisst,leave_region_out,Northern California
westcoast_0089,Northern California,2013,1,0.15433960373251734,trajectory_plus_oisst,leave_region_out,Northern California
westcoast_0090,Northern California,2013,1,0.10785761811139205,trajectory_plus_oisst,leave_region_out,Northern California
westcoast_0091,Northern California,2013,1,0.09775077362835079,trajectory_plus_oisst,leave_region_out,Northern California
westcoast_0082,Northern California,2014,1,0.28098487003588385,current_only,leave_region_out,Northern California
westcoast_0083,Northern California,2014,1,0.2799181522046109,current_only,leave_region_out,Northern California
westcoast_0084,Northern California,2014,1,0.27337668705834095,current_only,leave_region_out,Northern California
westcoast_0089,Northern California,2014,1,0.2624306627379861,current_only,leave_region_out,Northern California
westcoast_0090,Northern California,2014,1,0.2722297477010289,current_only,leave_region_out,Northern California
westcoast_0091,Northern California,2014,1,0.2578514224721509,current_only,leave_region_out,Northern California
westcoast_0082,Northern California,2014,1,0.2204810508357213,current_plus_trajectory,leave_region_out,Northern California
westcoast_0083,Northern California,2014,1,0.23742276452082275,current_plus_trajectory,leave_region_out,Northern California
westcoast_0084,Northern California,2014,1,0.24520387132680477,current_plus_trajectory,leave_region_out,Northern California
westcoast_0089,Northern California,2014,1,0.23677108469246194,current_plus_trajectory,leave_region_out,Northern California
westcoast_0090,Northern California,2014,1,0.25524396839868396,current_plus_trajectory,leave_region_out,Northern California
westcoast_0091,Northern California,2014,1,0.24312830766853533,current_plus_trajectory,leave_region_out,Northern California
westcoast_0082,Northern California,2014,1,0.23851466610567995,trajectory_plus_oisst,leave_region_out,Northern California
westcoast_0083,Northern California,2014,1,0.2576744594437671,trajectory_plus_oisst,leave_region_out,Northern California
westcoast_0084,Northern California,2014,1,0.26125390044028957,trajectory_plus_oisst,leave_region_out,Northern California
westcoast_0089,Northern California,2014,1,0.21586882547801833,trajectory_plus_oisst,leave_region_out,Northern California
westcoast_0090,Northern California,2014,1,0.21778909053805556,trajectory_plus_oisst,leave_region_out,Northern California
westcoast_0091,Northern California,2014,1,0.17180374958531697,trajectory_plus_oisst,leave_region_out,Northern California
westcoast_0076,Northern California,2016,1,0.2486864775655485,current_only,leave_region_out,Northern California
westcoast_0079,Northern California,2016,1,0.2566682674168703,current_only,leave_region_out,Northern California
westcoast_0084,Northern California,2016,0,0.24703320126760403,current_only,leave_region_out,Northern California
westcoast_0076,Northern California,2016,1,0.3170665671898203,current_plus_trajectory,leave_region_out,Northern California
westcoast_0079,Northern California,2016,1,0.300577625642537,current_plus_trajectory,leave_region_out,Northern California
westcoast_0084,Northern California,2016,0,0.19985664386981597,current_plus_trajectory,leave_region_out,Northern California
westcoast_0076,Northern California,2016,1,0.4104171022316849,trajectory_plus_oisst,leave_region_out,Northern California
westcoast_0079,Northern California,2016,1,0.4028069071262628,trajectory_plus_oisst,leave_region_out,Northern California
westcoast_0084,Northern California,2016,0,0.2593733893937815,trajectory_plus_oisst,leave_region_out,Northern California
westcoast_0086,Northern California,2017,1,0.24390189492377307,current_only,leave_region_out,Northern California
westcoast_0086,Northern California,2017,1,0.3377561944350599,current_plus_trajectory,leave_region_out,Northern California
westcoast_0086,Northern California,2017,1,0.2739292002886155,trajectory_plus_oisst,leave_region_out,Northern California
westcoast_0076,Northern California,2021,1,0.25201618033660717,current_only,leave_region_out,Northern California
westcoast_0078,Northern California,2021,1,0.26525652242685427,current_only,leave_region_out,Northern California
westcoast_0081,Northern California,2021,1,0.264740429054342,current_only,leave_region_out,Northern California
westcoast_0082,Northern California,2021,1,0.27545043634725064,current_only,leave_region_out,Northern California
westcoast_0084,Northern California,2021,1,0.30776124102369323,current_only,leave_region_out,Northern California
westcoast_0089,Northern California,2021,1,0.2495190912383684,current_only,leave_region_out,Northern California
westcoast_0091,Northern California,2021,1,0.3020102757304142,current_only,leave_region_out,Northern California
westcoast_0076,Northern California,2021,1,0.3628686001922635,current_plus_trajectory,leave_region_out,Northern California
westcoast_0078,Northern California,2021,1,0.37793619549075574,current_plus_trajectory,leave_region_out,Northern California
westcoast_0081,Northern California,2021,1,0.3791092073396194,current_plus_trajectory,leave_region_out,Northern California
westcoast_0082,Northern California,2021,1,0.38692470737814266,current_plus_trajectory,leave_region_out,Northern California
westcoast_0084,Northern California,2021,1,0.4207074690752831,current_plus_trajectory,leave_region_out,Northern California
westcoast_0089,Northern California,2021,1,0.3615113309461028,current_plus_trajectory,leave_region_out,Northern California
westcoast_0091,Northern California,2021,1,0.418400167953307,current_plus_trajectory,leave_region_out,Northern California
westcoast_0076,Northern California,2021,1,0.19618983203220297,trajectory_plus_oisst,leave_region_out,Northern California
westcoast_0078,Northern California,2021,1,0.20649799172883834,trajectory_plus_oisst,leave_region_out,Northern California
westcoast_0081,Northern California,2021,1,0.2069307311155633,trajectory_plus_oisst,leave_region_out,Northern California
westcoast_0082,Northern California,2021,1,0.21213926150782791,trajectory_plus_oisst,leave_region_out,Northern California
westcoast_0084,Northern California,2021,1,0.234210236373073,trajectory_plus_oisst,leave_region_out,Northern California
westcoast_0089,Northern California,2021,1,0.20514362943116898,trajectory_plus_oisst,leave_region_out,Northern California
westcoast_0091,Northern California,2021,1,0.2423287058419208,trajectory_plus_oisst,leave_region_out,Northern California
westcoast_0001,Washington outer coast,2005,0,0.3066728158034873,current_only,leave_region_out,Washington outer coast
westcoast_0002,Washington outer coast,2005,0,0.4116006098927913,current_only,leave_region_out,Washington outer coast
westcoast_0003,Washington outer coast,2005,0,0.5135026710139963,current_only,leave_region_out,Washington outer coast
westcoast_0004,Washington outer coast,2005,0,0.49608457855022225,current_only,leave_region_out,Washington outer coast
westcoast_0006,Washington outer coast,2005,0,0.3398478339717098,current_only,leave_region_out,Washington outer coast
westcoast_0008,Washington outer coast,2005,0,0.42446631976890786,current_only,leave_region_out,Washington outer coast
westcoast_0010,Washington outer coast,2005,0,0.4583734030305941,current_only,leave_region_out,Washington outer coast
westcoast_0011,Washington outer coast,2005,0,0.4770370185778441,current_only,leave_region_out,Washington outer coast
westcoast_0013,Washington outer coast,2005,0,0.32688114343808106,current_only,leave_region_out,Washington outer coast
westcoast_0014,Washington outer coast,2005,1,0.6505625102993745,current_only,leave_region_out,Washington outer coast
westcoast_0015,Washington outer coast,2005,0,0.5180957720118883,current_only,leave_region_out,Washington outer coast
westcoast_0016,Washington outer coast,2005,1,0.5308378215050181,current_only,leave_region_out,Washington outer coast
westcoast_0017,Washington outer coast,2005,0,0.4219668227111318,current_only,leave_region_out,Washington outer coast
westcoast_0018,Washington outer coast,2005,0,0.4074639998901511,current_only,leave_region_out,Washington outer coast
westcoast_0022,Washington outer coast,2005,0,0.33917654560908483,current_only,leave_region_out,Washington outer coast
westcoast_0001,Washington outer coast,2005,0,0.29623199084331686,current_plus_trajectory,leave_region_out,Washington outer coast
westcoast_0002,Washington outer coast,2005,0,0.35800248679804214,current_plus_trajectory,leave_region_out,Washington outer coast
westcoast_0003,Washington outer coast,2005,0,0.4723804055093791,current_plus_trajectory,leave_region_out,Washington outer coast
westcoast_0004,Washington outer coast,2005,0,0.47637814311127213,current_plus_trajectory,leave_region_out,Washington outer coast
westcoast_0006,Washington outer coast,2005,0,0.31498463133807686,current_plus_trajectory,leave_region_out,Washington outer coast
westcoast_0008,Washington outer coast,2005,0,0.4019735889540811,current_plus_trajectory,leave_region_out,Washington outer coast
westcoast_0010,Washington outer coast,2005,0,0.41600613713851525,current_plus_trajectory,leave_region_out,Washington outer coast
westcoast_0011,Washington outer coast,2005,0,0.4492108910282544,current_plus_trajectory,leave_region_out,Washington outer coast
westcoast_0013,Washington outer coast,2005,0,0.2979896870346846,current_plus_trajectory,leave_region_out,Washington outer coast
westcoast_0014,Washington outer coast,2005,1,0.7089650470228427,current_plus_trajectory,leave_region_out,Washington outer coast
westcoast_0015,Washington outer coast,2005,0,0.5123094346047117,current_plus_trajectory,leave_region_out,Washington outer coast
westcoast_0016,Washington outer coast,2005,1,0.5891419727985765,current_plus_trajectory,leave_region_out,Washington outer coast
westcoast_0017,Washington outer coast,2005,0,0.4235531713290407,current_plus_trajectory,leave_region_out,Washington outer coast
westcoast_0018,Washington outer coast,2005,0,0.4046389240038666,current_plus_trajectory,leave_region_out,Washington outer coast
westcoast_0022,Washington outer coast,2005,0,0.3964012572141912,current_plus_trajectory,leave_region_out,Washington outer coast
westcoast_0001,Washington outer coast,2005,0,0.21062556950166075,trajectory_plus_oisst,leave_region_out,Washington outer coast
westcoast_0002,Washington outer coast,2005,0,0.2839725511652315,trajectory_plus_oisst,leave_region_out,Washington outer coast
westcoast_0003,Washington outer coast,2005,0,0.39638136159941595,trajectory_plus_oisst,leave_region_out,Washington outer coast
westcoast_0004,Washington outer coast,2005,0,0.35039593630268234,trajectory_plus_oisst,leave_region_out,Washington outer coast
westcoast_0006,Washington outer coast,2005,0,0.2602263680714417,trajectory_plus_oisst,leave_region_out,Washington outer coast
westcoast_0008,Washington outer coast,2005,0,0.3417660807550055,trajectory_plus_oisst,leave_region_out,Washington outer coast
westcoast_0010,Washington outer coast,2005,0,0.27026384760987937,trajectory_plus_oisst,leave_region_out,Washington outer coast
westcoast_0011,Washington outer coast,2005,0,0.2993556644742077,trajectory_plus_oisst,leave_region_out,Washington outer coast
westcoast_0013,Washington outer coast,2005,0,0.24989318213231634,trajectory_plus_oisst,leave_region_out,Washington outer coast
westcoast_0014,Washington outer coast,2005,1,0.5581882718191807,trajectory_plus_oisst,leave_region_out,Washington outer coast
westcoast_0015,Washington outer coast,2005,0,0.30903294117435426,trajectory_plus_oisst,leave_region_out,Washington outer coast
westcoast_0016,Washington outer coast,2005,1,0.3475606894371121,trajectory_plus_oisst,leave_region_out,Washington outer coast
westcoast_0017,Washington outer coast,2005,0,0.17858005324524007,trajectory_plus_oisst,leave_region_out,Washington outer coast
westcoast_0018,Washington outer coast,2005,0,0.1683603710540428,trajectory_plus_oisst,leave_region_out,Washington outer coast
westcoast_0022,Washington outer coast,2005,0,0.3053909664463373,trajectory_plus_oisst,leave_region_out,Washington outer coast
westcoast_0001,Washington outer coast,2006,1,0.42718311666276126,current_only,leave_region_out,Washington outer coast
westcoast_0002,Washington outer coast,2006,1,0.5832947465906402,current_only,leave_region_out,Washington outer coast
westcoast_0003,Washington outer coast,2006,0,0.5527557479681967,current_only,leave_region_out,Washington outer coast
westcoast_0004,Washington outer coast,2006,0,0.4870220467185067,current_only,leave_region_out,Washington outer coast
westcoast_0006,Washington outer coast,2006,1,0.4173893138610168,current_only,leave_region_out,Washington outer coast
westcoast_0008,Washington outer coast,2006,1,0.4931206549921456,current_only,leave_region_out,Washington outer coast
westcoast_0010,Washington outer coast,2006,0,0.5854292960215142,current_only,leave_region_out,Washington outer coast
westcoast_0011,Washington outer coast,2006,0,0.5411055831215067,current_only,leave_region_out,Washington outer coast
westcoast_0013,Washington outer coast,2006,0,0.4109152266844854,current_only,leave_region_out,Washington outer coast
westcoast_0014,Washington outer coast,2006,0,0.4500591450272974,current_only,leave_region_out,Washington outer coast
westcoast_0015,Washington outer coast,2006,0,0.5245949169420595,current_only,leave_region_out,Washington outer coast
westcoast_0016,Washington outer coast,2006,0,0.4229279176162565,current_only,leave_region_out,Washington outer coast
westcoast_0017,Washington outer coast,2006,0,0.41745787923225575,current_only,leave_region_out,Washington outer coast
westcoast_0018,Washington outer coast,2006,0,0.43334908320099763,current_only,leave_region_out,Washington outer coast
westcoast_0022,Washington outer coast,2006,1,0.35385564443707657,current_only,leave_region_out,Washington outer coast
westcoast_0001,Washington outer coast,2006,1,0.4456240456348638,current_plus_trajectory,leave_region_out,Washington outer coast
westcoast_0002,Washington outer coast,2006,1,0.5711850562384155,current_plus_trajectory,leave_region_out,Washington outer coast
westcoast_0003,Washington outer coast,2006,0,0.47456949382421243,current_plus_trajectory,leave_region_out,Washington outer coast
westcoast_0004,Washington outer coast,2006,0,0.41711332949209284,current_plus_trajectory,leave_region_out,Washington outer coast
westcoast_0006,Washington outer coast,2006,1,0.42127097244108835,current_plus_trajectory,leave_region_out,Washington outer coast
westcoast_0008,Washington outer coast,2006,1,0.47095748852083935,current_plus_trajectory,leave_region_out,Washington outer coast
westcoast_0010,Washington outer coast,2006,0,0.5388359364496603,current_plus_trajectory,leave_region_out,Washington outer coast
westcoast_0011,Washington outer coast,2006,0,0.47171493613520843,current_plus_trajectory,leave_region_out,Washington outer coast
westcoast_0013,Washington outer coast,2006,0,0.42741217171994,current_plus_trajectory,leave_region_out,Washington outer coast
westcoast_0014,Washington outer coast,2006,0,0.3367761957179767,current_plus_trajectory,leave_region_out,Washington outer coast
westcoast_0015,Washington outer coast,2006,0,0.4236096252019906,current_plus_trajectory,leave_region_out,Washington outer coast
westcoast_0016,Washington outer coast,2006,0,0.3292717875567233,current_plus_trajectory,leave_region_out,Washington outer coast
westcoast_0017,Washington outer coast,2006,0,0.3859292490076016,current_plus_trajectory,leave_region_out,Washington outer coast
westcoast_0018,Washington outer coast,2006,0,0.4231914124786302,current_plus_trajectory,leave_region_out,Washington outer coast
westcoast_0022,Washington outer coast,2006,1,0.3411777486103931,current_plus_trajectory,leave_region_out,Washington outer coast
westcoast_0001,Washington outer coast,2006,1,0.30460158783460833,trajectory_plus_oisst,leave_region_out,Washington outer coast
westcoast_0002,Washington outer coast,2006,1,0.45915510077087524,trajectory_plus_oisst,leave_region_out,Washington outer coast
westcoast_0003,Washington outer coast,2006,0,0.38237730600661096,trajectory_plus_oisst,leave_region_out,Washington outer coast
westcoast_0004,Washington outer coast,2006,0,0.30325936510953877,trajectory_plus_oisst,leave_region_out,Washington outer coast
westcoast_0006,Washington outer coast,2006,1,0.33330031526985465,trajectory_plus_oisst,leave_region_out,Washington outer coast
westcoast_0008,Washington outer coast,2006,1,0.40256698756995984,trajectory_plus_oisst,leave_region_out,Washington outer coast
westcoast_0010,Washington outer coast,2006,0,0.36271638455877175,trajectory_plus_oisst,leave_region_out,Washington outer coast
westcoast_0011,Washington outer coast,2006,0,0.3031679484392917,trajectory_plus_oisst,leave_region_out,Washington outer coast
westcoast_0013,Washington outer coast,2006,0,0.3339967777676563,trajectory_plus_oisst,leave_region_out,Washington outer coast
westcoast_0014,Washington outer coast,2006,0,0.21994787046201353,trajectory_plus_oisst,leave_region_out,Washington outer coast
westcoast_0015,Washington outer coast,2006,0,0.25921008092239206,trajectory_plus_oisst,leave_region_out,Washington outer coast
westcoast_0016,Washington outer coast,2006,0,0.1856557684345654,trajectory_plus_oisst,leave_region_out,Washington outer coast
westcoast_0017,Washington outer coast,2006,0,0.18481525670882742,trajectory_plus_oisst,leave_region_out,Washington outer coast
westcoast_0018,Washington outer coast,2006,0,0.2051756176989126,trajectory_plus_oisst,leave_region_out,Washington outer coast
westcoast_0022,Washington outer coast,2006,1,0.20472829745654986,trajectory_plus_oisst,leave_region_out,Washington outer coast
westcoast_0001,Washington outer coast,2007,0,0.3044539790440464,current_only,leave_region_out,Washington outer coast
westcoast_0002,Washington outer coast,2007,0,0.4580876957385527,current_only,leave_region_out,Washington outer coast
westcoast_0003,Washington outer coast,2007,0,0.4551220240837841,current_only,leave_region_out,Washington outer coast
westcoast_0004,Washington outer coast,2007,0,0.40535935555331437,current_only,leave_region_out,Washington outer coast
westcoast_0006,Washington outer coast,2007,0,0.3023709897794923,current_only,leave_region_out,Washington outer coast
westcoast_0010,Washington outer coast,2007,0,0.5145138516956602,current_only,leave_region_out,Washington outer coast
westcoast_0011,Washington outer coast,2007,0,0.48569684993951,current_only,leave_region_out,Washington outer coast
westcoast_0013,Washington outer coast,2007,0,0.3510387574951862,current_only,leave_region_out,Washington outer coast
westcoast_0014,Washington outer coast,2007,0,0.4106762658297385,current_only,leave_region_out,Washington outer coast
westcoast_0015,Washington outer coast,2007,0,0.5460587574695007,current_only,leave_region_out,Washington outer coast
westcoast_0016,Washington outer coast,2007,0,0.4606480278514674,current_only,leave_region_out,Washington outer coast
westcoast_0017,Washington outer coast,2007,0,0.4608283207125406,current_only,leave_region_out,Washington outer coast
westcoast_0018,Washington outer coast,2007,0,0.43209495847635837,current_only,leave_region_out,Washington outer coast
westcoast_0022,Washington outer coast,2007,0,0.28497778344725033,current_only,leave_region_out,Washington outer coast
westcoast_0001,Washington outer coast,2007,0,0.27596125784234377,current_plus_trajectory,leave_region_out,Washington outer coast
westcoast_0002,Washington outer coast,2007,0,0.4031881893737878,current_plus_trajectory,leave_region_out,Washington outer coast
westcoast_0003,Washington outer coast,2007,0,0.38443160232334417,current_plus_trajectory,leave_region_out,Washington outer coast
westcoast_0004,Washington outer coast,2007,0,0.35124506713649756,current_plus_trajectory,leave_region_out,Washington outer coast
westcoast_0006,Washington outer coast,2007,0,0.26466947825128145,current_plus_trajectory,leave_region_out,Washington outer coast
westcoast_0010,Washington outer coast,2007,0,0.45363651971531493,current_plus_trajectory,leave_region_out,Washington outer coast
westcoast_0011,Washington outer coast,2007,0,0.4370106915338083,current_plus_trajectory,leave_region_out,Washington outer coast
westcoast_0013,Washington outer coast,2007,0,0.3413837706688929,current_plus_trajectory,leave_region_out,Washington outer coast
westcoast_0014,Washington outer coast,2007,0,0.3520922006851365,current_plus_trajectory,leave_region_out,Washington outer coast
westcoast_0015,Washington outer coast,2007,0,0.511513220991018,current_plus_trajectory,leave_region_out,Washington outer coast
westcoast_0016,Washington outer coast,2007,0,0.43491991084771037,current_plus_trajectory,leave_region_out,Washington outer coast
westcoast_0017,Washington outer coast,2007,0,0.4510538214355175,current_plus_trajectory,leave_region_out,Washington outer coast
westcoast_0018,Washington outer coast,2007,0,0.4070264690693337,current_plus_trajectory,leave_region_out,Washington outer coast
westcoast_0022,Washington outer coast,2007,0,0.25596150572559506,current_plus_trajectory,leave_region_out,Washington outer coast
westcoast_0001,Washington outer coast,2007,0,0.2268006301119787,trajectory_plus_oisst,leave_region_out,Washington outer coast
westcoast_0002,Washington outer coast,2007,0,0.36523547886675534,trajectory_plus_oisst,leave_region_out,Washington outer coast
westcoast_0003,Washington outer coast,2007,0,0.34335087116933993,trajectory_plus_oisst,leave_region_out,Washington outer coast
westcoast_0004,Washington outer coast,2007,0,0.3000003399689272,trajectory_plus_oisst,leave_region_out,Washington outer coast
westcoast_0006,Washington outer coast,2007,0,0.2726501477873709,trajectory_plus_oisst,leave_region_out,Washington outer coast
westcoast_0010,Washington outer coast,2007,0,0.4515036394708753,trajectory_plus_oisst,leave_region_out,Washington outer coast
westcoast_0011,Washington outer coast,2007,0,0.42365137787618473,trajectory_plus_oisst,leave_region_out,Washington outer coast
westcoast_0013,Washington outer coast,2007,0,0.34592006683596466,trajectory_plus_oisst,leave_region_out,Washington outer coast
westcoast_0014,Washington outer coast,2007,0,0.3372262118430107,trajectory_plus_oisst,leave_region_out,Washington outer coast
westcoast_0015,Washington outer coast,2007,0,0.46061268689992685,trajectory_plus_oisst,leave_region_out,Washington outer coast
westcoast_0016,Washington outer coast,2007,0,0.375985935512491,trajectory_plus_oisst,leave_region_out,Washington outer coast
westcoast_0017,Washington outer coast,2007,0,0.39991350138972,trajectory_plus_oisst,leave_region_out,Washington outer coast
westcoast_0018,Washington outer coast,2007,0,0.3578468012654614,trajectory_plus_oisst,leave_region_out,Washington outer coast
westcoast_0022,Washington outer coast,2007,0,0.28435549483605604,trajectory_plus_oisst,leave_region_out,Washington outer coast
westcoast_0001,Washington outer coast,2008,0,0.3160419837440665,current_only,leave_region_out,Washington outer coast
westcoast_0002,Washington outer coast,2008,0,0.4585191410077874,current_only,leave_region_out,Washington outer coast
westcoast_0003,Washington outer coast,2008,0,0.43513480793688053,current_only,leave_region_out,Washington outer coast
westcoast_0004,Washington outer coast,2008,0,0.3803091852553067,current_only,leave_region_out,Washington outer coast
westcoast_0006,Washington outer coast,2008,0,0.2988692595016751,current_only,leave_region_out,Washington outer coast
westcoast_0010,Washington outer coast,2008,1,0.5118282617237307,current_only,leave_region_out,Washington outer coast
westcoast_0011,Washington outer coast,2008,1,0.4910610984204488,current_only,leave_region_out,Washington outer coast
westcoast_0013,Washington outer coast,2008,0,0.3468766407579901,current_only,leave_region_out,Washington outer coast
westcoast_0014,Washington outer coast,2008,0,0.43093787699272024,current_only,leave_region_out,Washington outer coast
westcoast_0015,Washington outer coast,2008,1,0.6283715626731401,current_only,leave_region_out,Washington outer coast
westcoast_0016,Washington outer coast,2008,0,0.5165846817481292,current_only,leave_region_out,Washington outer coast
westcoast_0017,Washington outer coast,2008,0,0.572061885723153,current_only,leave_region_out,Washington outer coast
westcoast_0018,Washington outer coast,2008,0,0.4577880531562999,current_only,leave_region_out,Washington outer coast
westcoast_0022,Washington outer coast,2008,1,0.5978668360248064,current_only,leave_region_out,Washington outer coast
westcoast_0001,Washington outer coast,2008,0,0.2839334800442839,current_plus_trajectory,leave_region_out,Washington outer coast
westcoast_0002,Washington outer coast,2008,0,0.38751439648375857,current_plus_trajectory,leave_region_out,Washington outer coast
westcoast_0003,Washington outer coast,2008,0,0.3943026901810748,current_plus_trajectory,leave_region_out,Washington outer coast
westcoast_0004,Washington outer coast,2008,0,0.3589327578621966,current_plus_trajectory,leave_region_out,Washington outer coast
westcoast_0006,Washington outer coast,2008,0,0.27200839000405713,current_plus_trajectory,leave_region_out,Washington outer coast
westcoast_0010,Washington outer coast,2008,1,0.4298685950754059,current_plus_trajectory,leave_region_out,Washington outer coast
westcoast_0011,Washington outer coast,2008,1,0.43341508411960383,current_plus_trajectory,leave_region_out,Washington outer coast
westcoast_0013,Washington outer coast,2008,0,0.3136353977836987,current_plus_trajectory,leave_region_out,Washington outer coast
westcoast_0014,Washington outer coast,2008,0,0.4711151381746587,current_plus_trajectory,leave_region_out,Washington outer coast
westcoast_0015,Washington outer coast,2008,1,0.5847757009821722,current_plus_trajectory,leave_region_out,Washington outer coast
westcoast_0016,Washington outer coast,2008,0,0.5265261034625861,current_plus_trajectory,leave_region_out,Washington outer coast
westcoast_0017,Washington outer coast,2008,0,0.5630506879316216,current_plus_trajectory,leave_region_out,Washington outer coast
westcoast_0018,Washington outer coast,2008,0,0.43020375545092704,current_plus_trajectory,leave_region_out,Washington outer coast
westcoast_0022,Washington outer coast,2008,1,0.664366062308936,current_plus_trajectory,leave_region_out,Washington outer coast
westcoast_0001,Washington outer coast,2008,0,0.20601949194970362,trajectory_plus_oisst,leave_region_out,Washington outer coast
westcoast_0002,Washington outer coast,2008,0,0.3113933003164892,trajectory_plus_oisst,leave_region_out,Washington outer coast
westcoast_0003,Washington outer coast,2008,0,0.3047599115629911,trajectory_plus_oisst,leave_region_out,Washington outer coast
westcoast_0004,Washington outer coast,2008,0,0.2787316285087874,trajectory_plus_oisst,leave_region_out,Washington outer coast
westcoast_0006,Washington outer coast,2008,0,0.17488714752722997,trajectory_plus_oisst,leave_region_out,Washington outer coast
westcoast_0010,Washington outer coast,2008,1,0.37607508432075065,trajectory_plus_oisst,leave_region_out,Washington outer coast
westcoast_0011,Washington outer coast,2008,1,0.3701075502464574,trajectory_plus_oisst,leave_region_out,Washington outer coast
westcoast_0013,Washington outer coast,2008,0,0.20939313000564178,trajectory_plus_oisst,leave_region_out,Washington outer coast
westcoast_0014,Washington outer coast,2008,0,0.3696015689719431,trajectory_plus_oisst,leave_region_out,Washington outer coast
westcoast_0015,Washington outer coast,2008,1,0.5425140666171365,trajectory_plus_oisst,leave_region_out,Washington outer coast
westcoast_0016,Washington outer coast,2008,0,0.45529488492719855,trajectory_plus_oisst,leave_region_out,Washington outer coast
westcoast_0017,Washington outer coast,2008,0,0.49535725503562306,trajectory_plus_oisst,leave_region_out,Washington outer coast
westcoast_0018,Washington outer coast,2008,0,0.35010658824057367,trajectory_plus_oisst,leave_region_out,Washington outer coast
westcoast_0022,Washington outer coast,2008,1,0.5382613742553944,trajectory_plus_oisst,leave_region_out,Washington outer coast
westcoast_0001,Washington outer coast,2009,1,0.5061606373578668,current_only,leave_region_out,Washington outer coast
westcoast_0002,Washington outer coast,2009,1,0.4886960705124147,current_only,leave_region_out,Washington outer coast
westcoast_0003,Washington outer coast,2009,1,0.3932388075121503,current_only,leave_region_out,Washington outer coast
westcoast_0004,Washington outer coast,2009,1,0.3698771476486295,current_only,leave_region_out,Washington outer coast
westcoast_0006,Washington outer coast,2009,1,0.4340071247434079,current_only,leave_region_out,Washington outer coast
westcoast_0008,Washington outer coast,2009,0,0.3906870182414776,current_only,leave_region_out,Washington outer coast
westcoast_0010,Washington outer coast,2009,0,0.3924087988180455,current_only,leave_region_out,Washington outer coast
westcoast_0011,Washington outer coast,2009,1,0.38978416146130346,current_only,leave_region_out,Washington outer coast
westcoast_0013,Washington outer coast,2009,1,0.4739251351355461,current_only,leave_region_out,Washington outer coast
westcoast_0014,Washington outer coast,2009,1,0.40474363154868903,current_only,leave_region_out,Washington outer coast
westcoast_0015,Washington outer coast,2009,1,0.40497097759170847,current_only,leave_region_out,Washington outer coast
westcoast_0016,Washington outer coast,2009,1,0.41299173438689546,current_only,leave_region_out,Washington outer coast
westcoast_0017,Washington outer coast,2009,1,0.49313219698164823,current_only,leave_region_out,Washington outer coast
westcoast_0018,Washington outer coast,2009,1,0.40242922476248566,current_only,leave_region_out,Washington outer coast
westcoast_0022,Washington outer coast,2009,0,0.350252147546734,current_only,leave_region_out,Washington outer coast
westcoast_0001,Washington outer coast,2009,1,0.5749785457411777,current_plus_trajectory,leave_region_out,Washington outer coast
westcoast_0002,Washington outer coast,2009,1,0.4797163999846565,current_plus_trajectory,leave_region_out,Washington outer coast
westcoast_0003,Washington outer coast,2009,1,0.37615212934701053,current_plus_trajectory,leave_region_out,Washington outer coast
westcoast_0004,Washington outer coast,2009,1,0.369555157803431,current_plus_trajectory,leave_region_out,Washington outer coast
westcoast_0006,Washington outer coast,2009,1,0.5002361807417366,current_plus_trajectory,leave_region_out,Washington outer coast
westcoast_0008,Washington outer coast,2009,0,0.42253083441106154,current_plus_trajectory,leave_region_out,Washington outer coast
westcoast_0010,Washington outer coast,2009,0,0.34797456097532004,current_plus_trajectory,leave_region_out,Washington outer coast
westcoast_0011,Washington outer coast,2009,1,0.344834082108036,current_plus_trajectory,leave_region_out,Washington outer coast
westcoast_0013,Washington outer coast,2009,1,0.5065252097352164,current_plus_trajectory,leave_region_out,Washington outer coast
westcoast_0014,Washington outer coast,2009,1,0.3789175804456146,current_plus_trajectory,leave_region_out,Washington outer coast
westcoast_0015,Washington outer coast,2009,1,0.3097194326492957,current_plus_trajectory,leave_region_out,Washington outer coast
westcoast_0016,Washington outer coast,2009,1,0.3363492649901348,current_plus_trajectory,leave_region_out,Washington outer coast
westcoast_0017,Washington outer coast,2009,1,0.4011307640387847,current_plus_trajectory,leave_region_out,Washington outer coast
westcoast_0018,Washington outer coast,2009,1,0.3539281332035479,current_plus_trajectory,leave_region_out,Washington outer coast
westcoast_0022,Washington outer coast,2009,0,0.275979070269625,current_plus_trajectory,leave_region_out,Washington outer coast
westcoast_0001,Washington outer coast,2009,1,0.41244387677643307,trajectory_plus_oisst,leave_region_out,Washington outer coast
westcoast_0002,Washington outer coast,2009,1,0.3173798677102799,trajectory_plus_oisst,leave_region_out,Washington outer coast
westcoast_0003,Washington outer coast,2009,1,0.22418252783888276,trajectory_plus_oisst,leave_region_out,Washington outer coast
westcoast_0004,Washington outer coast,2009,1,0.23412579979971743,trajectory_plus_oisst,leave_region_out,Washington outer coast
westcoast_0006,Washington outer coast,2009,1,0.33805557636621575,trajectory_plus_oisst,leave_region_out,Washington outer coast
westcoast_0008,Washington outer coast,2009,0,0.268496416687292,trajectory_plus_oisst,leave_region_out,Washington outer coast
westcoast_0010,Washington outer coast,2009,0,0.24770907308862336,trajectory_plus_oisst,leave_region_out,Washington outer coast
westcoast_0011,Washington outer coast,2009,1,0.24615052703297716,trajectory_plus_oisst,leave_region_out,Washington outer coast
westcoast_0013,Washington outer coast,2009,1,0.3548707077167773,trajectory_plus_oisst,leave_region_out,Washington outer coast
westcoast_0014,Washington outer coast,2009,1,0.2747506740423604,trajectory_plus_oisst,leave_region_out,Washington outer coast
westcoast_0015,Washington outer coast,2009,1,0.23786562051108018,trajectory_plus_oisst,leave_region_out,Washington outer coast
westcoast_0016,Washington outer coast,2009,1,0.25838260984416944,trajectory_plus_oisst,leave_region_out,Washington outer coast
westcoast_0017,Washington outer coast,2009,1,0.30541804273372625,trajectory_plus_oisst,leave_region_out,Washington outer coast
westcoast_0018,Washington outer coast,2009,1,0.24381261114582545,trajectory_plus_oisst,leave_region_out,Washington outer coast
westcoast_0022,Washington outer coast,2009,0,0.18990030360069377,trajectory_plus_oisst,leave_region_out,Washington outer coast
westcoast_0001,Washington outer coast,2010,0,0.2903828770317383,current_only,leave_region_out,Washington outer coast
westcoast_0002,Washington outer coast,2010,0,0.33686640676471996,current_only,leave_region_out,Washington outer coast
westcoast_0003,Washington outer coast,2010,0,0.3389558139513298,current_only,leave_region_out,Washington outer coast
westcoast_0004,Washington outer coast,2010,0,0.32160730676284816,current_only,leave_region_out,Washington outer coast
westcoast_0006,Washington outer coast,2010,0,0.31031362304634175,current_only,leave_region_out,Washington outer coast
westcoast_0008,Washington outer coast,2010,0,0.36545950972639196,current_only,leave_region_out,Washington outer coast
westcoast_0010,Washington outer coast,2010,0,0.3744614811431005,current_only,leave_region_out,Washington outer coast
westcoast_0011,Washington outer coast,2010,0,0.33390065136157016,current_only,leave_region_out,Washington outer coast
westcoast_0013,Washington outer coast,2010,0,0.3126472020998581,current_only,leave_region_out,Washington outer coast
westcoast_0014,Washington outer coast,2010,0,0.335410862303298,current_only,leave_region_out,Washington outer coast
westcoast_0015,Washington outer coast,2010,0,0.2812990695327281,current_only,leave_region_out,Washington outer coast
westcoast_0016,Washington outer coast,2010,0,0.2765233559355534,current_only,leave_region_out,Washington outer coast
westcoast_0017,Washington outer coast,2010,0,0.34034790398404824,current_only,leave_region_out,Washington outer coast
westcoast_0018,Washington outer coast,2010,0,0.3451115072902083,current_only,leave_region_out,Washington outer coast
westcoast_0022,Washington outer coast,2010,1,0.4413104400867464,current_only,leave_region_out,Washington outer coast
westcoast_0001,Washington outer coast,2010,0,0.2215079150760019,current_plus_trajectory,leave_region_out,Washington outer coast
westcoast_0002,Washington outer coast,2010,0,0.2856881094835489,current_plus_trajectory,leave_region_out,Washington outer coast
westcoast_0003,Washington outer coast,2010,0,0.3127964167654798,current_plus_trajectory,leave_region_out,Washington outer coast
westcoast_0004,Washington outer coast,2010,0,0.30119638959627165,current_plus_trajectory,leave_region_out,Washington outer coast
westcoast_0006,Washington outer coast,2010,0,0.2516060018237208,current_plus_trajectory,leave_region_out,Washington outer coast
westcoast_0008,Washington outer coast,2010,0,0.382940208196112,current_plus_trajectory,leave_region_out,Washington outer coast
westcoast_0010,Washington outer coast,2010,0,0.3551039210535356,current_plus_trajectory,leave_region_out,Washington outer coast
westcoast_0011,Washington outer coast,2010,0,0.3054788469394015,current_plus_trajectory,leave_region_out,Washington outer coast
westcoast_0013,Washington outer coast,2010,0,0.2503298700391791,current_plus_trajectory,leave_region_out,Washington outer coast
westcoast_0014,Washington outer coast,2010,0,0.3020150269007343,current_plus_trajectory,leave_region_out,Washington outer coast
westcoast_0015,Washington outer coast,2010,0,0.27055206327830505,current_plus_trajectory,leave_region_out,Washington outer coast
westcoast_0016,Washington outer coast,2010,0,0.2385185221599921,current_plus_trajectory,leave_region_out,Washington outer coast
westcoast_0017,Washington outer coast,2010,0,0.2924690932076798,current_plus_trajectory,leave_region_out,Washington outer coast
westcoast_0018,Washington outer coast,2010,0,0.31192187458374127,current_plus_trajectory,leave_region_out,Washington outer coast
westcoast_0022,Washington outer coast,2010,1,0.4156017207190163,current_plus_trajectory,leave_region_out,Washington outer coast
westcoast_0001,Washington outer coast,2010,0,0.2837415923549093,trajectory_plus_oisst,leave_region_out,Washington outer coast
westcoast_0002,Washington outer coast,2010,0,0.3468194105170997,trajectory_plus_oisst,leave_region_out,Washington outer coast
westcoast_0003,Washington outer coast,2010,0,0.3675466044031551,trajectory_plus_oisst,leave_region_out,Washington outer coast
westcoast_0004,Washington outer coast,2010,0,0.3706324407495008,trajectory_plus_oisst,leave_region_out,Washington outer coast
westcoast_0006,Washington outer coast,2010,0,0.3098806065302146,trajectory_plus_oisst,leave_region_out,Washington outer coast
westcoast_0008,Washington outer coast,2010,0,0.4420883445503703,trajectory_plus_oisst,leave_region_out,Washington outer coast
westcoast_0010,Washington outer coast,2010,0,0.4028429667779285,trajectory_plus_oisst,leave_region_out,Washington outer coast
westcoast_0011,Washington outer coast,2010,0,0.34906655788597263,trajectory_plus_oisst,leave_region_out,Washington outer coast
westcoast_0013,Washington outer coast,2010,0,0.3081167841020737,trajectory_plus_oisst,leave_region_out,Washington outer coast
westcoast_0014,Washington outer coast,2010,0,0.3504381991121345,trajectory_plus_oisst,leave_region_out,Washington outer coast
westcoast_0015,Washington outer coast,2010,0,0.29697097684850554,trajectory_plus_oisst,leave_region_out,Washington outer coast
westcoast_0016,Washington outer coast,2010,0,0.2686788626079348,trajectory_plus_oisst,leave_region_out,Washington outer coast
westcoast_0017,Washington outer coast,2010,0,0.2916012373959125,trajectory_plus_oisst,leave_region_out,Washington outer coast
westcoast_0018,Washington outer coast,2010,0,0.3052227876549081,trajectory_plus_oisst,leave_region_out,Washington outer coast
westcoast_0022,Washington outer coast,2010,1,0.48228299944582814,trajectory_plus_oisst,leave_region_out,Washington outer coast
westcoast_0003,Washington outer coast,2011,0,0.4926478331906933,current_only,leave_region_out,Washington outer coast
westcoast_0008,Washington outer coast,2011,0,0.46256686410701703,current_only,leave_region_out,Washington outer coast
westcoast_0010,Washington outer coast,2011,0,0.4866765427857035,current_only,leave_region_out,Washington outer coast
westcoast_0011,Washington outer coast,2011,0,0.49058557394694086,current_only,leave_region_out,Washington outer coast
westcoast_0014,Washington outer coast,2011,1,0.5208299035501873,current_only,leave_region_out,Washington outer coast
westcoast_0015,Washington outer coast,2011,1,0.5083443664540046,current_only,leave_region_out,Washington outer coast
westcoast_0016,Washington outer coast,2011,1,0.5122716602694226,current_only,leave_region_out,Washington outer coast
westcoast_0017,Washington outer coast,2011,0,0.38656200561658344,current_only,leave_region_out,Washington outer coast
westcoast_0018,Washington outer coast,2011,1,0.4652416931502309,current_only,leave_region_out,Washington outer coast
westcoast_0003,Washington outer coast,2011,0,0.5310045338585616,current_plus_trajectory,leave_region_out,Washington outer coast
westcoast_0008,Washington outer coast,2011,0,0.4939912733058938,current_plus_trajectory,leave_region_out,Washington outer coast
westcoast_0010,Washington outer coast,2011,0,0.521151839980517,current_plus_trajectory,leave_region_out,Washington outer coast
westcoast_0011,Washington outer coast,2011,0,0.5412424217726602,current_plus_trajectory,leave_region_out,Washington outer coast
westcoast_0014,Washington outer coast,2011,1,0.5586072731829189,current_plus_trajectory,leave_region_out,Washington outer coast
westcoast_0015,Washington outer coast,2011,1,0.6112026444967602,current_plus_trajectory,leave_region_out,Washington outer coast
westcoast_0016,Washington outer coast,2011,1,0.5995069894874435,current_plus_trajectory,leave_region_out,Washington outer coast
westcoast_0017,Washington outer coast,2011,0,0.4031591587663972,current_plus_trajectory,leave_region_out,Washington outer coast
westcoast_0018,Washington outer coast,2011,1,0.5061903347597184,current_plus_trajectory,leave_region_out,Washington outer coast
westcoast_0003,Washington outer coast,2011,0,0.5399762660260339,trajectory_plus_oisst,leave_region_out,Washington outer coast
westcoast_0008,Washington outer coast,2011,0,0.45114632791942083,trajectory_plus_oisst,leave_region_out,Washington outer coast
westcoast_0010,Washington outer coast,2011,0,0.5524187179342667,trajectory_plus_oisst,leave_region_out,Washington outer coast
westcoast_0011,Washington outer coast,2011,0,0.5736687756534898,trajectory_plus_oisst,leave_region_out,Washington outer coast
westcoast_0014,Washington outer coast,2011,1,0.6004232895991473,trajectory_plus_oisst,leave_region_out,Washington outer coast
westcoast_0015,Washington outer coast,2011,1,0.644560378450008,trajectory_plus_oisst,leave_region_out,Washington outer coast
westcoast_0016,Washington outer coast,2011,1,0.6441998451403255,trajectory_plus_oisst,leave_region_out,Washington outer coast
westcoast_0017,Washington outer coast,2011,0,0.4164583061585667,trajectory_plus_oisst,leave_region_out,Washington outer coast
westcoast_0018,Washington outer coast,2011,1,0.5347197853932891,trajectory_plus_oisst,leave_region_out,Washington outer coast
westcoast_0003,Washington outer coast,2012,1,0.5377714035577714,current_only,leave_region_out,Washington outer coast
westcoast_0008,Washington outer coast,2012,1,0.5638086027264148,current_only,leave_region_out,Washington outer coast
westcoast_0011,Washington outer coast,2012,0,0.44358565266224553,current_only,leave_region_out,Washington outer coast
westcoast_0014,Washington outer coast,2012,1,0.4323894198549421,current_only,leave_region_out,Washington outer coast
westcoast_0015,Washington outer coast,2012,0,0.41311877855082657,current_only,leave_region_out,Washington outer coast
westcoast_0016,Washington outer coast,2012,0,0.40951755536736095,current_only,leave_region_out,Washington outer coast
westcoast_0017,Washington outer coast,2012,1,0.3809503806848984,current_only,leave_region_out,Washington outer coast
westcoast_0018,Washington outer coast,2012,1,0.36016300022318837,current_only,leave_region_out,Washington outer coast
westcoast_0003,Washington outer coast,2012,1,0.5382614237771556,current_plus_trajectory,leave_region_out,Washington outer coast
westcoast_0008,Washington outer coast,2012,1,0.557915570537268,current_plus_trajectory,leave_region_out,Washington outer coast
westcoast_0011,Washington outer coast,2012,0,0.42645704517359556,current_plus_trajectory,leave_region_out,Washington outer coast
westcoast_0014,Washington outer coast,2012,1,0.3948826809995938,current_plus_trajectory,leave_region_out,Washington outer coast
westcoast_0015,Washington outer coast,2012,0,0.38446993039391547,current_plus_trajectory,leave_region_out,Washington outer coast
westcoast_0016,Washington outer coast,2012,0,0.37960966883237685,current_plus_trajectory,leave_region_out,Washington outer coast
westcoast_0017,Washington outer coast,2012,1,0.42215572488096426,current_plus_trajectory,leave_region_out,Washington outer coast
westcoast_0018,Washington outer coast,2012,1,0.3141088207851743,current_plus_trajectory,leave_region_out,Washington outer coast
westcoast_0003,Washington outer coast,2012,1,0.4983979748876729,trajectory_plus_oisst,leave_region_out,Washington outer coast
westcoast_0008,Washington outer coast,2012,1,0.5219007197761419,trajectory_plus_oisst,leave_region_out,Washington outer coast
westcoast_0011,Washington outer coast,2012,0,0.4523564786074741,trajectory_plus_oisst,leave_region_out,Washington outer coast
westcoast_0014,Washington outer coast,2012,1,0.42040536481792135,trajectory_plus_oisst,leave_region_out,Washington outer coast
westcoast_0015,Washington outer coast,2012,0,0.410236098774197,trajectory_plus_oisst,leave_region_out,Washington outer coast
westcoast_0016,Washington outer coast,2012,0,0.4045672044794416,trajectory_plus_oisst,leave_region_out,Washington outer coast
westcoast_0017,Washington outer coast,2012,1,0.38719616035691384,trajectory_plus_oisst,leave_region_out,Washington outer coast
westcoast_0018,Washington outer coast,2012,1,0.29628325200258177,trajectory_plus_oisst,leave_region_out,Washington outer coast
westcoast_0001,Washington outer coast,2013,0,0.3143279443041921,current_only,leave_region_out,Washington outer coast
westcoast_0002,Washington outer coast,2013,0,0.3656385256328381,current_only,leave_region_out,Washington outer coast
westcoast_0003,Washington outer coast,2013,0,0.35977776811107165,current_only,leave_region_out,Washington outer coast
westcoast_0004,Washington outer coast,2013,0,0.3167770644660303,current_only,leave_region_out,Washington outer coast
westcoast_0008,Washington outer coast,2013,0,0.33104664059581196,current_only,leave_region_out,Washington outer coast
westcoast_0011,Washington outer coast,2013,0,0.3904643309015518,current_only,leave_region_out,Washington outer coast
westcoast_0014,Washington outer coast,2013,0,0.3390000106812035,current_only,leave_region_out,Washington outer coast
westcoast_0015,Washington outer coast,2013,0,0.41282274939470476,current_only,leave_region_out,Washington outer coast
westcoast_0016,Washington outer coast,2013,0,0.3758532668304751,current_only,leave_region_out,Washington outer coast
westcoast_0017,Washington outer coast,2013,1,0.3242245844472632,current_only,leave_region_out,Washington outer coast
westcoast_0022,Washington outer coast,2013,1,0.38779932504516845,current_only,leave_region_out,Washington outer coast
westcoast_0001,Washington outer coast,2013,0,0.3884121246808173,current_plus_trajectory,leave_region_out,Washington outer coast
westcoast_0002,Washington outer coast,2013,0,0.44362419846214585,current_plus_trajectory,leave_region_out,Washington outer coast
westcoast_0003,Washington outer coast,2013,0,0.3008667287007998,current_plus_trajectory,leave_region_out,Washington outer coast
westcoast_0004,Washington outer coast,2013,0,0.38853288348557957,current_plus_trajectory,leave_region_out,Washington outer coast
westcoast_0008,Washington outer coast,2013,0,0.26880943959291265,current_plus_trajectory,leave_region_out,Washington outer coast
westcoast_0011,Washington outer coast,2013,0,0.3511313945981172,current_plus_trajectory,leave_region_out,Washington outer coast
westcoast_0014,Washington outer coast,2013,0,0.29072709195627183,current_plus_trajectory,leave_region_out,Washington outer coast
westcoast_0015,Washington outer coast,2013,0,0.3818230197624925,current_plus_trajectory,leave_region_out,Washington outer coast
westcoast_0016,Washington outer coast,2013,0,0.33634369862096175,current_plus_trajectory,leave_region_out,Washington outer coast
westcoast_0017,Washington outer coast,2013,1,0.3070637453007009,current_plus_trajectory,leave_region_out,Washington outer coast
westcoast_0022,Washington outer coast,2013,1,0.39403608345923774,current_plus_trajectory,leave_region_out,Washington outer coast
westcoast_0001,Washington outer coast,2013,0,0.3195902657882986,trajectory_plus_oisst,leave_region_out,Washington outer coast
westcoast_0002,Washington outer coast,2013,0,0.3596210261963489,trajectory_plus_oisst,leave_region_out,Washington outer coast
westcoast_0003,Washington outer coast,2013,0,0.2657739342237391,trajectory_plus_oisst,leave_region_out,Washington outer coast
westcoast_0004,Washington outer coast,2013,0,0.3320814202452014,trajectory_plus_oisst,leave_region_out,Washington outer coast
westcoast_0008,Washington outer coast,2013,0,0.23338755126142138,trajectory_plus_oisst,leave_region_out,Washington outer coast
westcoast_0011,Washington outer coast,2013,0,0.33274355837558744,trajectory_plus_oisst,leave_region_out,Washington outer coast
westcoast_0014,Washington outer coast,2013,0,0.2719376766937649,trajectory_plus_oisst,leave_region_out,Washington outer coast
westcoast_0015,Washington outer coast,2013,0,0.37285115211236286,trajectory_plus_oisst,leave_region_out,Washington outer coast
westcoast_0016,Washington outer coast,2013,0,0.3263054093011687,trajectory_plus_oisst,leave_region_out,Washington outer coast
westcoast_0017,Washington outer coast,2013,1,0.29040582537190984,trajectory_plus_oisst,leave_region_out,Washington outer coast
westcoast_0022,Washington outer coast,2013,1,0.38159772388319657,trajectory_plus_oisst,leave_region_out,Washington outer coast
westcoast_0001,Washington outer coast,2014,1,0.44802158342404513,current_only,leave_region_out,Washington outer coast
westcoast_0002,Washington outer coast,2014,0,0.5061958512858877,current_only,leave_region_out,Washington outer coast
westcoast_0003,Washington outer coast,2014,0,0.43320334364264734,current_only,leave_region_out,Washington outer coast
westcoast_0004,Washington outer coast,2014,0,0.42744003805108305,current_only,leave_region_out,Washington outer coast
westcoast_0006,Washington outer coast,2014,0,0.3034956224643961,current_only,leave_region_out,Washington outer coast
westcoast_0008,Washington outer coast,2014,0,0.42201968827972935,current_only,leave_region_out,Washington outer coast
westcoast_0010,Washington outer coast,2014,0,0.4496947085261135,current_only,leave_region_out,Washington outer coast
westcoast_0011,Washington outer coast,2014,0,0.4875399910694635,current_only,leave_region_out,Washington outer coast
westcoast_0013,Washington outer coast,2014,0,0.3514604359546357,current_only,leave_region_out,Washington outer coast
westcoast_0014,Washington outer coast,2014,0,0.4172920345795337,current_only,leave_region_out,Washington outer coast
westcoast_0015,Washington outer coast,2014,0,0.45617155513311575,current_only,leave_region_out,Washington outer coast
westcoast_0016,Washington outer coast,2014,0,0.4127553949115354,current_only,leave_region_out,Washington outer coast
westcoast_0017,Washington outer coast,2014,0,0.2975829748895525,current_only,leave_region_out,Washington outer coast
westcoast_0018,Washington outer coast,2014,0,0.2971762237023782,current_only,leave_region_out,Washington outer coast
westcoast_0022,Washington outer coast,2014,0,0.2773157978338878,current_only,leave_region_out,Washington outer coast
westcoast_0001,Washington outer coast,2014,1,0.4596292380094702,current_plus_trajectory,leave_region_out,Washington outer coast
westcoast_0002,Washington outer coast,2014,0,0.5065695788212812,current_plus_trajectory,leave_region_out,Washington outer coast
westcoast_0003,Washington outer coast,2014,0,0.40228882587976417,current_plus_trajectory,leave_region_out,Washington outer coast
westcoast_0004,Washington outer coast,2014,0,0.4420266979933373,current_plus_trajectory,leave_region_out,Washington outer coast
westcoast_0006,Washington outer coast,2014,0,0.33612760397158786,current_plus_trajectory,leave_region_out,Washington outer coast
westcoast_0008,Washington outer coast,2014,0,0.39474491546728885,current_plus_trajectory,leave_region_out,Washington outer coast
westcoast_0010,Washington outer coast,2014,0,0.4573374505757394,current_plus_trajectory,leave_region_out,Washington outer coast
westcoast_0011,Washington outer coast,2014,0,0.490168549561986,current_plus_trajectory,leave_region_out,Washington outer coast
westcoast_0013,Washington outer coast,2014,0,0.37703900034159066,current_plus_trajectory,leave_region_out,Washington outer coast
westcoast_0014,Washington outer coast,2014,0,0.437961296525818,current_plus_trajectory,leave_region_out,Washington outer coast
westcoast_0015,Washington outer coast,2014,0,0.4578229297348759,current_plus_trajectory,leave_region_out,Washington outer coast
westcoast_0016,Washington outer coast,2014,0,0.42966642502148455,current_plus_trajectory,leave_region_out,Washington outer coast
westcoast_0017,Washington outer coast,2014,0,0.25150663554581,current_plus_trajectory,leave_region_out,Washington outer coast
westcoast_0018,Washington outer coast,2014,0,0.2708300342123409,current_plus_trajectory,leave_region_out,Washington outer coast
westcoast_0022,Washington outer coast,2014,0,0.31233294622594265,current_plus_trajectory,leave_region_out,Washington outer coast
westcoast_0001,Washington outer coast,2014,1,0.5876570862610925,trajectory_plus_oisst,leave_region_out,Washington outer coast
westcoast_0002,Washington outer coast,2014,0,0.6375712604815692,trajectory_plus_oisst,leave_region_out,Washington outer coast
westcoast_0003,Washington outer coast,2014,0,0.5131505755503954,trajectory_plus_oisst,leave_region_out,Washington outer coast
westcoast_0004,Washington outer coast,2014,0,0.5408696950696972,trajectory_plus_oisst,leave_region_out,Washington outer coast
westcoast_0006,Washington outer coast,2014,0,0.47249222720699957,trajectory_plus_oisst,leave_region_out,Washington outer coast
westcoast_0008,Washington outer coast,2014,0,0.5484424539522982,trajectory_plus_oisst,leave_region_out,Washington outer coast
westcoast_0010,Washington outer coast,2014,0,0.5385455516171797,trajectory_plus_oisst,leave_region_out,Washington outer coast
westcoast_0011,Washington outer coast,2014,0,0.5763634664341277,trajectory_plus_oisst,leave_region_out,Washington outer coast
westcoast_0013,Washington outer coast,2014,0,0.524734072098,trajectory_plus_oisst,leave_region_out,Washington outer coast
westcoast_0014,Washington outer coast,2014,0,0.5160144142430956,trajectory_plus_oisst,leave_region_out,Washington outer coast
westcoast_0015,Washington outer coast,2014,0,0.5349322430843342,trajectory_plus_oisst,leave_region_out,Washington outer coast
westcoast_0016,Washington outer coast,2014,0,0.5013034774666486,trajectory_plus_oisst,leave_region_out,Washington outer coast
westcoast_0017,Washington outer coast,2014,0,0.2459874484111991,trajectory_plus_oisst,leave_region_out,Washington outer coast
westcoast_0018,Washington outer coast,2014,0,0.25953132805811147,trajectory_plus_oisst,leave_region_out,Washington outer coast
westcoast_0022,Washington outer coast,2014,0,0.42095127736057725,trajectory_plus_oisst,leave_region_out,Washington outer coast
westcoast_0001,Washington outer coast,2015,0,0.3508595518555367,current_only,leave_region_out,Washington outer coast
westcoast_0002,Washington outer coast,2015,0,0.4361666688020887,current_only,leave_region_out,Washington outer coast
westcoast_0003,Washington outer coast,2015,0,0.5907296624871192,current_only,leave_region_out,Washington outer coast
westcoast_0004,Washington outer coast,2015,0,0.4622665987560877,current_only,leave_region_out,Washington outer coast
westcoast_0006,Washington outer coast,2015,0,0.3174407922252517,current_only,leave_region_out,Washington outer coast
westcoast_0008,Washington outer coast,2015,0,0.49864560665399416,current_only,leave_region_out,Washington outer coast
westcoast_0010,Washington outer coast,2015,1,0.6637884804219839,current_only,leave_region_out,Washington outer coast
westcoast_0011,Washington outer coast,2015,1,0.6084652504488511,current_only,leave_region_out,Washington outer coast
westcoast_0013,Washington outer coast,2015,0,0.34913454161469015,current_only,leave_region_out,Washington outer coast
westcoast_0014,Washington outer coast,2015,1,0.5122109852212898,current_only,leave_region_out,Washington outer coast
westcoast_0015,Washington outer coast,2015,1,0.5532479418688125,current_only,leave_region_out,Washington outer coast
westcoast_0016,Washington outer coast,2015,1,0.5432531037410973,current_only,leave_region_out,Washington outer coast
westcoast_0017,Washington outer coast,2015,0,0.34199886516975053,current_only,leave_region_out,Washington outer coast
westcoast_0018,Washington outer coast,2015,0,0.38750562757449997,current_only,leave_region_out,Washington outer coast
westcoast_0022,Washington outer coast,2015,1,0.2899009468352776,current_only,leave_region_out,Washington outer coast
westcoast_0001,Washington outer coast,2015,0,0.3173010370090876,current_plus_trajectory,leave_region_out,Washington outer coast
westcoast_0002,Washington outer coast,2015,0,0.4037491224198869,current_plus_trajectory,leave_region_out,Washington outer coast
westcoast_0003,Washington outer coast,2015,0,0.5863844860031213,current_plus_trajectory,leave_region_out,Washington outer coast
westcoast_0004,Washington outer coast,2015,0,0.48635551265209453,current_plus_trajectory,leave_region_out,Washington outer coast
westcoast_0006,Washington outer coast,2015,0,0.33541342502651617,current_plus_trajectory,leave_region_out,Washington outer coast
westcoast_0008,Washington outer coast,2015,0,0.5097857997031319,current_plus_trajectory,leave_region_out,Washington outer coast
westcoast_0010,Washington outer coast,2015,1,0.6737997838169565,current_plus_trajectory,leave_region_out,Washington outer coast
westcoast_0011,Washington outer coast,2015,1,0.5907576278570271,current_plus_trajectory,leave_region_out,Washington outer coast
westcoast_0013,Washington outer coast,2015,0,0.3671832741328381,current_plus_trajectory,leave_region_out,Washington outer coast
westcoast_0014,Washington outer coast,2015,1,0.5256468944628161,current_plus_trajectory,leave_region_out,Washington outer coast
westcoast_0015,Washington outer coast,2015,1,0.5407527000968533,current_plus_trajectory,leave_region_out,Washington outer coast
westcoast_0016,Washington outer coast,2015,1,0.5479305865833409,current_plus_trajectory,leave_region_out,Washington outer coast
westcoast_0017,Washington outer coast,2015,0,0.4018500800298391,current_plus_trajectory,leave_region_out,Washington outer coast
westcoast_0018,Washington outer coast,2015,0,0.45499965838317225,current_plus_trajectory,leave_region_out,Washington outer coast
westcoast_0022,Washington outer coast,2015,1,0.2565298380836312,current_plus_trajectory,leave_region_out,Washington outer coast
westcoast_0001,Washington outer coast,2015,0,0.43196645023335417,trajectory_plus_oisst,leave_region_out,Washington outer coast
westcoast_0002,Washington outer coast,2015,0,0.5275390858165372,trajectory_plus_oisst,leave_region_out,Washington outer coast
westcoast_0003,Washington outer coast,2015,0,0.7065260932361446,trajectory_plus_oisst,leave_region_out,Washington outer coast
westcoast_0004,Washington outer coast,2015,0,0.5799581254572619,trajectory_plus_oisst,leave_region_out,Washington outer coast
westcoast_0006,Washington outer coast,2015,0,0.47990553540544945,trajectory_plus_oisst,leave_region_out,Washington outer coast
westcoast_0008,Washington outer coast,2015,0,0.6651051352559271,trajectory_plus_oisst,leave_region_out,Washington outer coast
westcoast_0010,Washington outer coast,2015,1,0.7856683785612507,trajectory_plus_oisst,leave_region_out,Washington outer coast
westcoast_0011,Washington outer coast,2015,1,0.6805870466951174,trajectory_plus_oisst,leave_region_out,Washington outer coast
westcoast_0013,Washington outer coast,2015,0,0.5206044510540049,trajectory_plus_oisst,leave_region_out,Washington outer coast
westcoast_0014,Washington outer coast,2015,1,0.6150078223097699,trajectory_plus_oisst,leave_region_out,Washington outer coast
westcoast_0015,Washington outer coast,2015,1,0.6146111639507942,trajectory_plus_oisst,leave_region_out,Washington outer coast
westcoast_0016,Washington outer coast,2015,1,0.6218900372106021,trajectory_plus_oisst,leave_region_out,Washington outer coast
westcoast_0017,Washington outer coast,2015,0,0.4588235179881508,trajectory_plus_oisst,leave_region_out,Washington outer coast
westcoast_0018,Washington outer coast,2015,0,0.5188870766065282,trajectory_plus_oisst,leave_region_out,Washington outer coast
westcoast_0022,Washington outer coast,2015,1,0.3924987203777204,trajectory_plus_oisst,leave_region_out,Washington outer coast
westcoast_0001,Washington outer coast,2016,0,0.5217150644600281,current_only,leave_region_out,Washington outer coast
westcoast_0002,Washington outer coast,2016,0,0.44999921325858744,current_only,leave_region_out,Washington outer coast
westcoast_0003,Washington outer coast,2016,0,0.517262394248381,current_only,leave_region_out,Washington outer coast
westcoast_0004,Washington outer coast,2016,0,0.4569159249651049,current_only,leave_region_out,Washington outer coast
westcoast_0006,Washington outer coast,2016,0,0.32739775087618883,current_only,leave_region_out,Washington outer coast
westcoast_0008,Washington outer coast,2016,1,0.5458188799848083,current_only,leave_region_out,Washington outer coast
westcoast_0010,Washington outer coast,2016,0,0.5115477575831853,current_only,leave_region_out,Washington outer coast
westcoast_0011,Washington outer coast,2016,0,0.44787344769107074,current_only,leave_region_out,Washington outer coast
westcoast_0013,Washington outer coast,2016,0,0.34387171860081783,current_only,leave_region_out,Washington outer coast
westcoast_0014,Washington outer coast,2016,0,0.3397694610725913,current_only,leave_region_out,Washington outer coast
westcoast_0015,Washington outer coast,2016,0,0.3281381370188416,current_only,leave_region_out,Washington outer coast
westcoast_0016,Washington outer coast,2016,0,0.3292339430173221,current_only,leave_region_out,Washington outer coast
westcoast_0017,Washington outer coast,2016,0,0.3355702100668489,current_only,leave_region_out,Washington outer coast
westcoast_0018,Washington outer coast,2016,1,0.39179932720724175,current_only,leave_region_out,Washington outer coast
westcoast_0022,Washington outer coast,2016,0,0.2773420716985435,current_only,leave_region_out,Washington outer coast
westcoast_0001,Washington outer coast,2016,0,0.5483113773272306,current_plus_trajectory,leave_region_out,Washington outer coast
westcoast_0002,Washington outer coast,2016,0,0.42375117527933487,current_plus_trajectory,leave_region_out,Washington outer coast
westcoast_0003,Washington outer coast,2016,0,0.47221466120828043,current_plus_trajectory,leave_region_out,Washington outer coast
westcoast_0004,Washington outer coast,2016,0,0.4536636008021974,current_plus_trajectory,leave_region_out,Washington outer coast
westcoast_0006,Washington outer coast,2016,0,0.38234555681864846,current_plus_trajectory,leave_region_out,Washington outer coast
westcoast_0008,Washington outer coast,2016,1,0.5360591837306303,current_plus_trajectory,leave_region_out,Washington outer coast
westcoast_0010,Washington outer coast,2016,0,0.44205920196235443,current_plus_trajectory,leave_region_out,Washington outer coast
westcoast_0011,Washington outer coast,2016,0,0.3858665586308103,current_plus_trajectory,leave_region_out,Washington outer coast
westcoast_0013,Washington outer coast,2016,0,0.36968944652168934,current_plus_trajectory,leave_region_out,Washington outer coast
westcoast_0014,Washington outer coast,2016,0,0.29137191080331265,current_plus_trajectory,leave_region_out,Washington outer coast
westcoast_0015,Washington outer coast,2016,0,0.2768288536541389,current_plus_trajectory,leave_region_out,Washington outer coast
westcoast_0016,Washington outer coast,2016,0,0.27812021199637715,current_plus_trajectory,leave_region_out,Washington outer coast
westcoast_0017,Washington outer coast,2016,0,0.37482516222029144,current_plus_trajectory,leave_region_out,Washington outer coast
westcoast_0018,Washington outer coast,2016,1,0.44529349683794145,current_plus_trajectory,leave_region_out,Washington outer coast
westcoast_0022,Washington outer coast,2016,0,0.27178688297655385,current_plus_trajectory,leave_region_out,Washington outer coast
westcoast_0001,Washington outer coast,2016,0,0.6837478226770046,trajectory_plus_oisst,leave_region_out,Washington outer coast
westcoast_0002,Washington outer coast,2016,0,0.559179770783461,trajectory_plus_oisst,leave_region_out,Washington outer coast
westcoast_0003,Washington outer coast,2016,0,0.614929477904223,trajectory_plus_oisst,leave_region_out,Washington outer coast
westcoast_0004,Washington outer coast,2016,0,0.5733983138876783,trajectory_plus_oisst,leave_region_out,Washington outer coast
westcoast_0006,Washington outer coast,2016,0,0.5238474919316122,trajectory_plus_oisst,leave_region_out,Washington outer coast
westcoast_0008,Washington outer coast,2016,1,0.6802495577696867,trajectory_plus_oisst,leave_region_out,Washington outer coast
westcoast_0010,Washington outer coast,2016,0,0.5320146764888116,trajectory_plus_oisst,leave_region_out,Washington outer coast
westcoast_0011,Washington outer coast,2016,0,0.4705994664419462,trajectory_plus_oisst,leave_region_out,Washington outer coast
westcoast_0013,Washington outer coast,2016,0,0.5087638809355067,trajectory_plus_oisst,leave_region_out,Washington outer coast
westcoast_0014,Washington outer coast,2016,0,0.3647857338277228,trajectory_plus_oisst,leave_region_out,Washington outer coast
westcoast_0015,Washington outer coast,2016,0,0.33767969913684737,trajectory_plus_oisst,leave_region_out,Washington outer coast
westcoast_0016,Washington outer coast,2016,0,0.3409143948780516,trajectory_plus_oisst,leave_region_out,Washington outer coast
westcoast_0017,Washington outer coast,2016,0,0.4509512424189443,trajectory_plus_oisst,leave_region_out,Washington outer coast
westcoast_0018,Washington outer coast,2016,1,0.5304637902601668,trajectory_plus_oisst,leave_region_out,Washington outer coast
westcoast_0022,Washington outer coast,2016,0,0.37521024512167667,trajectory_plus_oisst,leave_region_out,Washington outer coast
westcoast_0001,Washington outer coast,2017,1,0.472571835150945,current_only,leave_region_out,Washington outer coast
westcoast_0002,Washington outer coast,2017,0,0.44871815550283606,current_only,leave_region_out,Washington outer coast
westcoast_0003,Washington outer coast,2017,0,0.4753005169849151,current_only,leave_region_out,Washington outer coast
westcoast_0004,Washington outer coast,2017,0,0.4386693338230294,current_only,leave_region_out,Washington outer coast
westcoast_0006,Washington outer coast,2017,0,0.3749681236180616,current_only,leave_region_out,Washington outer coast
westcoast_0008,Washington outer coast,2017,0,0.420798389809041,current_only,leave_region_out,Washington outer coast
westcoast_0010,Washington outer coast,2017,0,0.47085765529590135,current_only,leave_region_out,Washington outer coast
westcoast_0011,Washington outer coast,2017,0,0.47180073920294135,current_only,leave_region_out,Washington outer coast
westcoast_0013,Washington outer coast,2017,0,0.4269538797815999,current_only,leave_region_out,Washington outer coast
westcoast_0014,Washington outer coast,2017,0,0.3812270679809539,current_only,leave_region_out,Washington outer coast
westcoast_0015,Washington outer coast,2017,0,0.43821368270074473,current_only,leave_region_out,Washington outer coast
westcoast_0016,Washington outer coast,2017,0,0.4709060928489889,current_only,leave_region_out,Washington outer coast
westcoast_0017,Washington outer coast,2017,0,0.3351616073411377,current_only,leave_region_out,Washington outer coast
westcoast_0018,Washington outer coast,2017,0,0.3236913820967635,current_only,leave_region_out,Washington outer coast
westcoast_0022,Washington outer coast,2017,0,0.3168517706369645,current_only,leave_region_out,Washington outer coast
westcoast_0001,Washington outer coast,2017,1,0.4581490117691021,current_plus_trajectory,leave_region_out,Washington outer coast
westcoast_0002,Washington outer coast,2017,0,0.4417339944404077,current_plus_trajectory,leave_region_out,Washington outer coast
westcoast_0003,Washington outer coast,2017,0,0.4197087493652197,current_plus_trajectory,leave_region_out,Washington outer coast
westcoast_0004,Washington outer coast,2017,0,0.42037674928734753,current_plus_trajectory,leave_region_out,Washington outer coast
westcoast_0006,Washington outer coast,2017,0,0.4270011828006847,current_plus_trajectory,leave_region_out,Washington outer coast
westcoast_0008,Washington outer coast,2017,0,0.3695444651691625,current_plus_trajectory,leave_region_out,Washington outer coast
westcoast_0010,Washington outer coast,2017,0,0.41473180689495615,current_plus_trajectory,leave_region_out,Washington outer coast
westcoast_0011,Washington outer coast,2017,0,0.4250359017198111,current_plus_trajectory,leave_region_out,Washington outer coast
westcoast_0013,Washington outer coast,2017,0,0.4649070827620995,current_plus_trajectory,leave_region_out,Washington outer coast
westcoast_0014,Washington outer coast,2017,0,0.3573806475454385,current_plus_trajectory,leave_region_out,Washington outer coast
westcoast_0015,Washington outer coast,2017,0,0.42760896881390426,current_plus_trajectory,leave_region_out,Washington outer coast
westcoast_0016,Washington outer coast,2017,0,0.4750221774176857,current_plus_trajectory,leave_region_out,Washington outer coast
westcoast_0017,Washington outer coast,2017,0,0.3735623971526319,current_plus_trajectory,leave_region_out,Washington outer coast
westcoast_0018,Washington outer coast,2017,0,0.3016697234376282,current_plus_trajectory,leave_region_out,Washington outer coast
westcoast_0022,Washington outer coast,2017,0,0.388014837694464,current_plus_trajectory,leave_region_out,Washington outer coast
westcoast_0001,Washington outer coast,2017,1,0.4932317660981256,trajectory_plus_oisst,leave_region_out,Washington outer coast
westcoast_0002,Washington outer coast,2017,0,0.46943894444969175,trajectory_plus_oisst,leave_region_out,Washington outer coast
westcoast_0003,Washington outer coast,2017,0,0.4500748322502112,trajectory_plus_oisst,leave_region_out,Washington outer coast
westcoast_0004,Washington outer coast,2017,0,0.4503359710933189,trajectory_plus_oisst,leave_region_out,Washington outer coast
westcoast_0006,Washington outer coast,2017,0,0.46551430079031403,trajectory_plus_oisst,leave_region_out,Washington outer coast
westcoast_0008,Washington outer coast,2017,0,0.39997903912135746,trajectory_plus_oisst,leave_region_out,Washington outer coast
westcoast_0010,Washington outer coast,2017,0,0.4335924713592772,trajectory_plus_oisst,leave_region_out,Washington outer coast
westcoast_0011,Washington outer coast,2017,0,0.443426692054378,trajectory_plus_oisst,leave_region_out,Washington outer coast
westcoast_0013,Washington outer coast,2017,0,0.5044823836261286,trajectory_plus_oisst,leave_region_out,Washington outer coast
westcoast_0014,Washington outer coast,2017,0,0.3749036094537774,trajectory_plus_oisst,leave_region_out,Washington outer coast
westcoast_0015,Washington outer coast,2017,0,0.4397955744518146,trajectory_plus_oisst,leave_region_out,Washington outer coast
westcoast_0016,Washington outer coast,2017,0,0.4910412392276064,trajectory_plus_oisst,leave_region_out,Washington outer coast
westcoast_0017,Washington outer coast,2017,0,0.3725480679715331,trajectory_plus_oisst,leave_region_out,Washington outer coast
westcoast_0018,Washington outer coast,2017,0,0.29960535240514086,trajectory_plus_oisst,leave_region_out,Washington outer coast
westcoast_0022,Washington outer coast,2017,0,0.4339518323407638,trajectory_plus_oisst,leave_region_out,Washington outer coast
westcoast_0001,Washington outer coast,2018,0,0.352714738483434,current_only,leave_region_out,Washington outer coast
westcoast_0002,Washington outer coast,2018,0,0.4594281103571892,current_only,leave_region_out,Washington outer coast
westcoast_0003,Washington outer coast,2018,0,0.5178987786646209,current_only,leave_region_out,Washington outer coast
westcoast_0004,Washington outer coast,2018,0,0.41014967261277085,current_only,leave_region_out,Washington outer coast
westcoast_0006,Washington outer coast,2018,0,0.35208697280114265,current_only,leave_region_out,Washington outer coast
westcoast_0008,Washington outer coast,2018,0,0.4768791190407764,current_only,leave_region_out,Washington outer coast
westcoast_0010,Washington outer coast,2018,0,0.49601221982458527,current_only,leave_region_out,Washington outer coast
westcoast_0011,Washington outer coast,2018,0,0.49680362942043704,current_only,leave_region_out,Washington outer coast
westcoast_0013,Washington outer coast,2018,0,0.38171730391112235,current_only,leave_region_out,Washington outer coast
westcoast_0014,Washington outer coast,2018,0,0.45755160939621364,current_only,leave_region_out,Washington outer coast
westcoast_0015,Washington outer coast,2018,0,0.4808462065524014,current_only,leave_region_out,Washington outer coast
westcoast_0016,Washington outer coast,2018,0,0.4768412285833939,current_only,leave_region_out,Washington outer coast
westcoast_0017,Washington outer coast,2018,0,0.3378730234634994,current_only,leave_region_out,Washington outer coast
westcoast_0018,Washington outer coast,2018,0,0.3343841421955994,current_only,leave_region_out,Washington outer coast
westcoast_0022,Washington outer coast,2018,0,0.3262486288620291,current_only,leave_region_out,Washington outer coast
westcoast_0001,Washington outer coast,2018,0,0.3108417045179764,current_plus_trajectory,leave_region_out,Washington outer coast
westcoast_0002,Washington outer coast,2018,0,0.4528934959867652,current_plus_trajectory,leave_region_out,Washington outer coast
westcoast_0003,Washington outer coast,2018,0,0.48899973841463185,current_plus_trajectory,leave_region_out,Washington outer coast
westcoast_0004,Washington outer coast,2018,0,0.3877833034240673,current_plus_trajectory,leave_region_out,Washington outer coast
westcoast_0006,Washington outer coast,2018,0,0.37592234154673365,current_plus_trajectory,leave_region_out,Washington outer coast
westcoast_0008,Washington outer coast,2018,0,0.44658590309488067,current_plus_trajectory,leave_region_out,Washington outer coast
westcoast_0010,Washington outer coast,2018,0,0.4598380857514312,current_plus_trajectory,leave_region_out,Washington outer coast
westcoast_0011,Washington outer coast,2018,0,0.47352472386880534,current_plus_trajectory,leave_region_out,Washington outer coast
westcoast_0013,Washington outer coast,2018,0,0.3825239415423445,current_plus_trajectory,leave_region_out,Washington outer coast
westcoast_0014,Washington outer coast,2018,0,0.4765564088895317,current_plus_trajectory,leave_region_out,Washington outer coast
westcoast_0015,Washington outer coast,2018,0,0.49514831101662526,current_plus_trajectory,leave_region_out,Washington outer coast
westcoast_0016,Washington outer coast,2018,0,0.49330520645208703,current_plus_trajectory,leave_region_out,Washington outer coast
westcoast_0017,Washington outer coast,2018,0,0.38154333407833496,current_plus_trajectory,leave_region_out,Washington outer coast
westcoast_0018,Washington outer coast,2018,0,0.326032446644921,current_plus_trajectory,leave_region_out,Washington outer coast
westcoast_0022,Washington outer coast,2018,0,0.39061600493371723,current_plus_trajectory,leave_region_out,Washington outer coast
westcoast_0001,Washington outer coast,2018,0,0.33691248035391713,trajectory_plus_oisst,leave_region_out,Washington outer coast
westcoast_0002,Washington outer coast,2018,0,0.4849005110978884,trajectory_plus_oisst,leave_region_out,Washington outer coast
westcoast_0003,Washington outer coast,2018,0,0.5177294280189033,trajectory_plus_oisst,leave_region_out,Washington outer coast
westcoast_0004,Washington outer coast,2018,0,0.41624800225743663,trajectory_plus_oisst,leave_region_out,Washington outer coast
westcoast_0006,Washington outer coast,2018,0,0.4255093589525194,trajectory_plus_oisst,leave_region_out,Washington outer coast
westcoast_0008,Washington outer coast,2018,0,0.4951022752523896,trajectory_plus_oisst,leave_region_out,Washington outer coast
westcoast_0010,Washington outer coast,2018,0,0.4820303606729536,trajectory_plus_oisst,leave_region_out,Washington outer coast
westcoast_0011,Washington outer coast,2018,0,0.49902731862127464,trajectory_plus_oisst,leave_region_out,Washington outer coast
westcoast_0013,Washington outer coast,2018,0,0.4317013492058196,trajectory_plus_oisst,leave_region_out,Washington outer coast
westcoast_0014,Washington outer coast,2018,0,0.5084742475017006,trajectory_plus_oisst,leave_region_out,Washington outer coast
westcoast_0015,Washington outer coast,2018,0,0.5318549385430553,trajectory_plus_oisst,leave_region_out,Washington outer coast
westcoast_0016,Washington outer coast,2018,0,0.5297859227192822,trajectory_plus_oisst,leave_region_out,Washington outer coast
westcoast_0017,Washington outer coast,2018,0,0.40718752311816786,trajectory_plus_oisst,leave_region_out,Washington outer coast
westcoast_0018,Washington outer coast,2018,0,0.3476129962222681,trajectory_plus_oisst,leave_region_out,Washington outer coast
westcoast_0022,Washington outer coast,2018,0,0.4569786862641243,trajectory_plus_oisst,leave_region_out,Washington outer coast
westcoast_0001,Washington outer coast,2019,0,0.3545119682867967,current_only,leave_region_out,Washington outer coast
westcoast_0002,Washington outer coast,2019,0,0.5102260996438781,current_only,leave_region_out,Washington outer coast
westcoast_0003,Washington outer coast,2019,1,0.5959960811522573,current_only,leave_region_out,Washington outer coast
westcoast_0004,Washington outer coast,2019,1,0.5382013592085926,current_only,leave_region_out,Washington outer coast
westcoast_0006,Washington outer coast,2019,0,0.3712158428178382,current_only,leave_region_out,Washington outer coast
westcoast_0008,Washington outer coast,2019,1,0.6085391852005283,current_only,leave_region_out,Washington outer coast
westcoast_0010,Washington outer coast,2019,1,0.6560266600516307,current_only,leave_region_out,Washington outer coast
westcoast_0011,Washington outer coast,2019,1,0.5525966613382687,current_only,leave_region_out,Washington outer coast
westcoast_0013,Washington outer coast,2019,1,0.4962752551836278,current_only,leave_region_out,Washington outer coast
westcoast_0014,Washington outer coast,2019,1,0.5248550595182818,current_only,leave_region_out,Washington outer coast
westcoast_0015,Washington outer coast,2019,1,0.5241422125784577,current_only,leave_region_out,Washington outer coast
westcoast_0016,Washington outer coast,2019,1,0.6277549335405664,current_only,leave_region_out,Washington outer coast
westcoast_0017,Washington outer coast,2019,1,0.4339639404889976,current_only,leave_region_out,Washington outer coast
westcoast_0018,Washington outer coast,2019,1,0.4765391476523782,current_only,leave_region_out,Washington outer coast
westcoast_0022,Washington outer coast,2019,1,0.3713136731162541,current_only,leave_region_out,Washington outer coast
westcoast_0001,Washington outer coast,2019,0,0.30694311101340666,current_plus_trajectory,leave_region_out,Washington outer coast
westcoast_0002,Washington outer coast,2019,0,0.498542912585948,current_plus_trajectory,leave_region_out,Washington outer coast
westcoast_0003,Washington outer coast,2019,1,0.5599045869113313,current_plus_trajectory,leave_region_out,Washington outer coast
westcoast_0004,Washington outer coast,2019,1,0.5356023307773861,current_plus_trajectory,leave_region_out,Washington outer coast
westcoast_0006,Washington outer coast,2019,0,0.3980702165165975,current_plus_trajectory,leave_region_out,Washington outer coast
westcoast_0008,Washington outer coast,2019,1,0.586300161404762,current_plus_trajectory,leave_region_out,Washington outer coast
westcoast_0010,Washington outer coast,2019,1,0.6201738076438532,current_plus_trajectory,leave_region_out,Washington outer coast
westcoast_0011,Washington outer coast,2019,1,0.5275961597205062,current_plus_trajectory,leave_region_out,Washington outer coast
westcoast_0013,Washington outer coast,2019,1,0.5138555214301342,current_plus_trajectory,leave_region_out,Washington outer coast
westcoast_0014,Washington outer coast,2019,1,0.5363497327252671,current_plus_trajectory,leave_region_out,Washington outer coast
westcoast_0015,Washington outer coast,2019,1,0.5200760256269471,current_plus_trajectory,leave_region_out,Washington outer coast
westcoast_0016,Washington outer coast,2019,1,0.6077092377827115,current_plus_trajectory,leave_region_out,Washington outer coast
westcoast_0017,Washington outer coast,2019,1,0.47932898829478787,current_plus_trajectory,leave_region_out,Washington outer coast
westcoast_0018,Washington outer coast,2019,1,0.5179287253653901,current_plus_trajectory,leave_region_out,Washington outer coast
westcoast_0022,Washington outer coast,2019,1,0.4305328679762265,current_plus_trajectory,leave_region_out,Washington outer coast
westcoast_0001,Washington outer coast,2019,0,0.30258564102301266,trajectory_plus_oisst,leave_region_out,Washington outer coast
westcoast_0002,Washington outer coast,2019,0,0.5048667969291841,trajectory_plus_oisst,leave_region_out,Washington outer coast
westcoast_0003,Washington outer coast,2019,1,0.5688003375848227,trajectory_plus_oisst,leave_region_out,Washington outer coast
westcoast_0004,Washington outer coast,2019,1,0.5089001203493421,trajectory_plus_oisst,leave_region_out,Washington outer coast
westcoast_0006,Washington outer coast,2019,0,0.3754498695903627,trajectory_plus_oisst,leave_region_out,Washington outer coast
westcoast_0008,Washington outer coast,2019,1,0.569584211240114,trajectory_plus_oisst,leave_region_out,Washington outer coast
westcoast_0010,Washington outer coast,2019,1,0.6214863399917221,trajectory_plus_oisst,leave_region_out,Washington outer coast
westcoast_0011,Washington outer coast,2019,1,0.5228556572333967,trajectory_plus_oisst,leave_region_out,Washington outer coast
westcoast_0013,Washington outer coast,2019,1,0.4977779373347184,trajectory_plus_oisst,leave_region_out,Washington outer coast
westcoast_0014,Washington outer coast,2019,1,0.5373759002034634,trajectory_plus_oisst,leave_region_out,Washington outer coast
westcoast_0015,Washington outer coast,2019,1,0.5175151904032453,trajectory_plus_oisst,leave_region_out,Washington outer coast
westcoast_0016,Washington outer coast,2019,1,0.6125820451385029,trajectory_plus_oisst,leave_region_out,Washington outer coast
westcoast_0017,Washington outer coast,2019,1,0.48912673830594416,trajectory_plus_oisst,leave_region_out,Washington outer coast
westcoast_0018,Washington outer coast,2019,1,0.5290341177638511,trajectory_plus_oisst,leave_region_out,Washington outer coast
westcoast_0022,Washington outer coast,2019,1,0.3856299506843915,trajectory_plus_oisst,leave_region_out,Washington outer coast
westcoast_0001,Washington outer coast,2020,0,0.3781071729073487,current_only,leave_region_out,Washington outer coast
westcoast_0002,Washington outer coast,2020,0,0.4464568233959656,current_only,leave_region_out,Washington outer coast
westcoast_0003,Washington outer coast,2020,0,0.3987361812087878,current_only,leave_region_out,Washington outer coast
westcoast_0004,Washington outer coast,2020,0,0.41193251000961667,current_only,leave_region_out,Washington outer coast
westcoast_0006,Washington outer coast,2020,0,0.3370939257799325,current_only,leave_region_out,Washington outer coast
westcoast_0008,Washington outer coast,2020,0,0.4456755148761445,current_only,leave_region_out,Washington outer coast
westcoast_0010,Washington outer coast,2020,0,0.5312614482119709,current_only,leave_region_out,Washington outer coast
westcoast_0011,Washington outer coast,2020,0,0.4181746175706495,current_only,leave_region_out,Washington outer coast
westcoast_0013,Washington outer coast,2020,0,0.3727029338532815,current_only,leave_region_out,Washington outer coast
westcoast_0014,Washington outer coast,2020,0,0.32378682145866167,current_only,leave_region_out,Washington outer coast
westcoast_0015,Washington outer coast,2020,0,0.40346445283827004,current_only,leave_region_out,Washington outer coast
westcoast_0016,Washington outer coast,2020,0,0.4227269636827758,current_only,leave_region_out,Washington outer coast
westcoast_0017,Washington outer coast,2020,0,0.3417107854122433,current_only,leave_region_out,Washington outer coast
westcoast_0018,Washington outer coast,2020,0,0.3469598992965494,current_only,leave_region_out,Washington outer coast
westcoast_0022,Washington outer coast,2020,0,0.30420318076801733,current_only,leave_region_out,Washington outer coast
westcoast_0001,Washington outer coast,2020,0,0.4176622236492436,current_plus_trajectory,leave_region_out,Washington outer coast
westcoast_0002,Washington outer coast,2020,0,0.4039960577227755,current_plus_trajectory,leave_region_out,Washington outer coast
westcoast_0003,Washington outer coast,2020,0,0.3277824785030631,current_plus_trajectory,leave_region_out,Washington outer coast
westcoast_0004,Washington outer coast,2020,0,0.3554896389383619,current_plus_trajectory,leave_region_out,Washington outer coast
westcoast_0006,Washington outer coast,2020,0,0.33845127286973803,current_plus_trajectory,leave_region_out,Washington outer coast
westcoast_0008,Washington outer coast,2020,0,0.37388540456757985,current_plus_trajectory,leave_region_out,Washington outer coast
westcoast_0010,Washington outer coast,2020,0,0.44813016387054344,current_plus_trajectory,leave_region_out,Washington outer coast
westcoast_0011,Washington outer coast,2020,0,0.3554070284468861,current_plus_trajectory,leave_region_out,Washington outer coast
westcoast_0013,Washington outer coast,2020,0,0.3208450528406473,current_plus_trajectory,leave_region_out,Washington outer coast
westcoast_0014,Washington outer coast,2020,0,0.2637402578906464,current_plus_trajectory,leave_region_out,Washington outer coast
westcoast_0015,Washington outer coast,2020,0,0.34943638088634477,current_plus_trajectory,leave_region_out,Washington outer coast
westcoast_0016,Washington outer coast,2020,0,0.34578251258426784,current_plus_trajectory,leave_region_out,Washington outer coast
westcoast_0017,Washington outer coast,2020,0,0.30585957917295187,current_plus_trajectory,leave_region_out,Washington outer coast
westcoast_0018,Washington outer coast,2020,0,0.30238823471946535,current_plus_trajectory,leave_region_out,Washington outer coast
westcoast_0022,Washington outer coast,2020,0,0.26930784755623927,current_plus_trajectory,leave_region_out,Washington outer coast
westcoast_0001,Washington outer coast,2020,0,0.39651007855258874,trajectory_plus_oisst,leave_region_out,Washington outer coast
westcoast_0002,Washington outer coast,2020,0,0.3863499081752647,trajectory_plus_oisst,leave_region_out,Washington outer coast
westcoast_0003,Washington outer coast,2020,0,0.3080987951327341,trajectory_plus_oisst,leave_region_out,Washington outer coast
westcoast_0004,Washington outer coast,2020,0,0.34968420696519237,trajectory_plus_oisst,leave_region_out,Washington outer coast
westcoast_0006,Washington outer coast,2020,0,0.32755428072269427,trajectory_plus_oisst,leave_region_out,Washington outer coast
westcoast_0008,Washington outer coast,2020,0,0.36557042344569424,trajectory_plus_oisst,leave_region_out,Washington outer coast
westcoast_0010,Washington outer coast,2020,0,0.4389576280754001,trajectory_plus_oisst,leave_region_out,Washington outer coast
westcoast_0011,Washington outer coast,2020,0,0.34107577752569623,trajectory_plus_oisst,leave_region_out,Washington outer coast
westcoast_0013,Washington outer coast,2020,0,0.30993249996530714,trajectory_plus_oisst,leave_region_out,Washington outer coast
westcoast_0014,Washington outer coast,2020,0,0.25043544658346234,trajectory_plus_oisst,leave_region_out,Washington outer coast
westcoast_0015,Washington outer coast,2020,0,0.32713954102494947,trajectory_plus_oisst,leave_region_out,Washington outer coast
westcoast_0016,Washington outer coast,2020,0,0.32336679858573014,trajectory_plus_oisst,leave_region_out,Washington outer coast
westcoast_0017,Washington outer coast,2020,0,0.31473189137840546,trajectory_plus_oisst,leave_region_out,Washington outer coast
westcoast_0018,Washington outer coast,2020,0,0.31199069453934236,trajectory_plus_oisst,leave_region_out,Washington outer coast
westcoast_0022,Washington outer coast,2020,0,0.26361104751415204,trajectory_plus_oisst,leave_region_out,Washington outer coast
westcoast_0001,Washington outer coast,2021,1,0.48732715782965064,current_only,leave_region_out,Washington outer coast
westcoast_0002,Washington outer coast,2021,1,0.5374744028873597,current_only,leave_region_out,Washington outer coast
westcoast_0003,Washington outer coast,2021,1,0.5410340862251287,current_only,leave_region_out,Washington outer coast
westcoast_0004,Washington outer coast,2021,1,0.6489884556226321,current_only,leave_region_out,Washington outer coast
westcoast_0006,Washington outer coast,2021,1,0.35598213507473697,current_only,leave_region_out,Washington outer coast
westcoast_0008,Washington outer coast,2021,1,0.6111194519595149,current_only,leave_region_out,Washington outer coast
westcoast_0010,Washington outer coast,2021,1,0.5798112964392935,current_only,leave_region_out,Washington outer coast
westcoast_0011,Washington outer coast,2021,1,0.48829046168022916,current_only,leave_region_out,Washington outer coast
westcoast_0013,Washington outer coast,2021,0,0.3772608987725803,current_only,leave_region_out,Washington outer coast
westcoast_0014,Washington outer coast,2021,1,0.34693679524196125,current_only,leave_region_out,Washington outer coast
westcoast_0015,Washington outer coast,2021,1,0.43313159599019624,current_only,leave_region_out,Washington outer coast
westcoast_0016,Washington outer coast,2021,1,0.4630340807688905,current_only,leave_region_out,Washington outer coast
westcoast_0017,Washington outer coast,2021,1,0.5129353261533389,current_only,leave_region_out,Washington outer coast
westcoast_0018,Washington outer coast,2021,1,0.3688014377685228,current_only,leave_region_out,Washington outer coast
westcoast_0022,Washington outer coast,2021,0,0.2940714341740752,current_only,leave_region_out,Washington outer coast
westcoast_0001,Washington outer coast,2021,1,0.5233367893100097,current_plus_trajectory,leave_region_out,Washington outer coast
westcoast_0002,Washington outer coast,2021,1,0.5274033445562908,current_plus_trajectory,leave_region_out,Washington outer coast
westcoast_0003,Washington outer coast,2021,1,0.51863463263683,current_plus_trajectory,leave_region_out,Washington outer coast
westcoast_0004,Washington outer coast,2021,1,0.6362013395128875,current_plus_trajectory,leave_region_out,Washington outer coast
westcoast_0006,Washington outer coast,2021,1,0.3888920134644366,current_plus_trajectory,leave_region_out,Washington outer coast
westcoast_0008,Washington outer coast,2021,1,0.593490306148138,current_plus_trajectory,leave_region_out,Washington outer coast
westcoast_0010,Washington outer coast,2021,1,0.5064221463999354,current_plus_trajectory,leave_region_out,Washington outer coast
westcoast_0011,Washington outer coast,2021,1,0.45727546546151804,current_plus_trajectory,leave_region_out,Washington outer coast
westcoast_0013,Washington outer coast,2021,0,0.338355542656934,current_plus_trajectory,leave_region_out,Washington outer coast
westcoast_0014,Washington outer coast,2021,1,0.30099996902093845,current_plus_trajectory,leave_region_out,Washington outer coast
westcoast_0015,Washington outer coast,2021,1,0.39586418874865753,current_plus_trajectory,leave_region_out,Washington outer coast
westcoast_0016,Washington outer coast,2021,1,0.40605332875639455,current_plus_trajectory,leave_region_out,Washington outer coast
westcoast_0017,Washington outer coast,2021,1,0.5476446797439752,current_plus_trajectory,leave_region_out,Washington outer coast
westcoast_0018,Washington outer coast,2021,1,0.33920116323604577,current_plus_trajectory,leave_region_out,Washington outer coast
westcoast_0022,Washington outer coast,2021,0,0.24983987932787713,current_plus_trajectory,leave_region_out,Washington outer coast
westcoast_0001,Washington outer coast,2021,1,0.5552664398905394,trajectory_plus_oisst,leave_region_out,Washington outer coast
westcoast_0002,Washington outer coast,2021,1,0.5560071010761636,trajectory_plus_oisst,leave_region_out,Washington outer coast
westcoast_0003,Washington outer coast,2021,1,0.5441331429421756,trajectory_plus_oisst,leave_region_out,Washington outer coast
westcoast_0004,Washington outer coast,2021,1,0.6504417933567979,trajectory_plus_oisst,leave_region_out,Washington outer coast
westcoast_0006,Washington outer coast,2021,1,0.4047053186880361,trajectory_plus_oisst,leave_region_out,Washington outer coast
westcoast_0008,Washington outer coast,2021,1,0.6173899731840307,trajectory_plus_oisst,leave_region_out,Washington outer coast
westcoast_0010,Washington outer coast,2021,1,0.5123993485677495,trajectory_plus_oisst,leave_region_out,Washington outer coast
westcoast_0011,Washington outer coast,2021,1,0.4588960508762665,trajectory_plus_oisst,leave_region_out,Washington outer coast
westcoast_0013,Washington outer coast,2021,0,0.3516443527242463,trajectory_plus_oisst,leave_region_out,Washington outer coast
westcoast_0014,Washington outer coast,2021,1,0.2959027049141205,trajectory_plus_oisst,leave_region_out,Washington outer coast
westcoast_0015,Washington outer coast,2021,1,0.36325124248685375,trajectory_plus_oisst,leave_region_out,Washington outer coast
westcoast_0016,Washington outer coast,2021,1,0.373715327745005,trajectory_plus_oisst,leave_region_out,Washington outer coast
westcoast_0017,Washington outer coast,2021,1,0.5312077601474232,trajectory_plus_oisst,leave_region_out,Washington outer coast
westcoast_0018,Washington outer coast,2021,1,0.31562556832353744,trajectory_plus_oisst,leave_region_out,Washington outer coast
westcoast_0022,Washington outer coast,2021,0,0.23848663775234585,trajectory_plus_oisst,leave_region_out,Washington outer coast
westcoast_0001,Washington outer coast,2022,0,0.2931748462027233,current_only,leave_region_out,Washington outer coast
westcoast_0002,Washington outer coast,2022,0,0.3911994351916902,current_only,leave_region_out,Washington outer coast
westcoast_0003,Washington outer coast,2022,0,0.3228442226044744,current_only,leave_region_out,Washington outer coast
westcoast_0004,Washington outer coast,2022,0,0.3507945922305445,current_only,leave_region_out,Washington outer coast
westcoast_0006,Washington outer coast,2022,0,0.29939438415195574,current_only,leave_region_out,Washington outer coast
westcoast_0008,Washington outer coast,2022,0,0.394989975968164,current_only,leave_region_out,Washington outer coast
westcoast_0010,Washington outer coast,2022,0,0.36426089263114064,current_only,leave_region_out,Washington outer coast
westcoast_0011,Washington outer coast,2022,0,0.33411558490517673,current_only,leave_region_out,Washington outer coast
westcoast_0013,Washington outer coast,2022,0,0.37498105546037125,current_only,leave_region_out,Washington outer coast
westcoast_0014,Washington outer coast,2022,0,0.30971922788536005,current_only,leave_region_out,Washington outer coast
westcoast_0015,Washington outer coast,2022,0,0.3498226965879896,current_only,leave_region_out,Washington outer coast
westcoast_0016,Washington outer coast,2022,0,0.3360014569057847,current_only,leave_region_out,Washington outer coast
westcoast_0017,Washington outer coast,2022,0,0.3888393447490859,current_only,leave_region_out,Washington outer coast
westcoast_0018,Washington outer coast,2022,0,0.28523052684707534,current_only,leave_region_out,Washington outer coast
westcoast_0022,Washington outer coast,2022,0,0.2826728532671374,current_only,leave_region_out,Washington outer coast
westcoast_0001,Washington outer coast,2022,0,0.22811277910276703,current_plus_trajectory,leave_region_out,Washington outer coast
westcoast_0002,Washington outer coast,2022,0,0.3208978816346495,current_plus_trajectory,leave_region_out,Washington outer coast
westcoast_0003,Washington outer coast,2022,0,0.23856285149900575,current_plus_trajectory,leave_region_out,Washington outer coast
westcoast_0004,Washington outer coast,2022,0,0.27182728841556675,current_plus_trajectory,leave_region_out,Washington outer coast
westcoast_0006,Washington outer coast,2022,0,0.2637324108867484,current_plus_trajectory,leave_region_out,Washington outer coast
westcoast_0008,Washington outer coast,2022,0,0.30453747797845254,current_plus_trajectory,leave_region_out,Washington outer coast
westcoast_0010,Washington outer coast,2022,0,0.2741397254243525,current_plus_trajectory,leave_region_out,Washington outer coast
westcoast_0011,Washington outer coast,2022,0,0.25931825756553745,current_plus_trajectory,leave_region_out,Washington outer coast
westcoast_0013,Washington outer coast,2022,0,0.4036303182509472,current_plus_trajectory,leave_region_out,Washington outer coast
westcoast_0014,Washington outer coast,2022,0,0.28314842477610425,current_plus_trajectory,leave_region_out,Washington outer coast
westcoast_0015,Washington outer coast,2022,0,0.29977953642546024,current_plus_trajectory,leave_region_out,Washington outer coast
westcoast_0016,Washington outer coast,2022,0,0.25981868969925015,current_plus_trajectory,leave_region_out,Washington outer coast
westcoast_0017,Washington outer coast,2022,0,0.34377446930920413,current_plus_trajectory,leave_region_out,Washington outer coast
westcoast_0018,Washington outer coast,2022,0,0.21734428163387456,current_plus_trajectory,leave_region_out,Washington outer coast
westcoast_0022,Washington outer coast,2022,0,0.2684695140589165,current_plus_trajectory,leave_region_out,Washington outer coast
westcoast_0001,Washington outer coast,2022,0,0.19294576982221992,trajectory_plus_oisst,leave_region_out,Washington outer coast
westcoast_0002,Washington outer coast,2022,0,0.2773611959123716,trajectory_plus_oisst,leave_region_out,Washington outer coast
westcoast_0003,Washington outer coast,2022,0,0.19812683714130647,trajectory_plus_oisst,leave_region_out,Washington outer coast
westcoast_0004,Washington outer coast,2022,0,0.259503961351909,trajectory_plus_oisst,leave_region_out,Washington outer coast
westcoast_0006,Washington outer coast,2022,0,0.22182674902341337,trajectory_plus_oisst,leave_region_out,Washington outer coast
westcoast_0008,Washington outer coast,2022,0,0.2550707177630955,trajectory_plus_oisst,leave_region_out,Washington outer coast
westcoast_0010,Washington outer coast,2022,0,0.268628080063063,trajectory_plus_oisst,leave_region_out,Washington outer coast
westcoast_0011,Washington outer coast,2022,0,0.25683696129299755,trajectory_plus_oisst,leave_region_out,Washington outer coast
westcoast_0013,Washington outer coast,2022,0,0.35191216799930936,trajectory_plus_oisst,leave_region_out,Washington outer coast
westcoast_0014,Washington outer coast,2022,0,0.2823054614018323,trajectory_plus_oisst,leave_region_out,Washington outer coast
westcoast_0015,Washington outer coast,2022,0,0.2974952933526693,trajectory_plus_oisst,leave_region_out,Washington outer coast
westcoast_0016,Washington outer coast,2022,0,0.25362990043629563,trajectory_plus_oisst,leave_region_out,Washington outer coast
westcoast_0017,Washington outer coast,2022,0,0.2964464449531094,trajectory_plus_oisst,leave_region_out,Washington outer coast
westcoast_0018,Washington outer coast,2022,0,0.17710312672470366,trajectory_plus_oisst,leave_region_out,Washington outer coast
westcoast_0022,Washington outer coast,2022,0,0.20689473114138424,trajectory_plus_oisst,leave_region_out,Washington outer coast
westcoast_0001,Washington outer coast,2023,1,0.38442700242991473,current_only,leave_region_out,Washington outer coast
westcoast_0002,Washington outer coast,2023,0,0.4591011270245814,current_only,leave_region_out,Washington outer coast
westcoast_0003,Washington outer coast,2023,0,0.4190238866921844,current_only,leave_region_out,Washington outer coast
westcoast_0004,Washington outer coast,2023,0,0.38893721056446384,current_only,leave_region_out,Washington outer coast
westcoast_0006,Washington outer coast,2023,1,0.3349357067422904,current_only,leave_region_out,Washington outer coast
westcoast_0008,Washington outer coast,2023,0,0.4251196648142761,current_only,leave_region_out,Washington outer coast
westcoast_0010,Washington outer coast,2023,0,0.5380165272731988,current_only,leave_region_out,Washington outer coast
westcoast_0011,Washington outer coast,2023,0,0.47566681915540726,current_only,leave_region_out,Washington outer coast
westcoast_0013,Washington outer coast,2023,0,0.40333189176634043,current_only,leave_region_out,Washington outer coast
westcoast_0014,Washington outer coast,2023,0,0.3747437270414046,current_only,leave_region_out,Washington outer coast
westcoast_0015,Washington outer coast,2023,0,0.402309966392828,current_only,leave_region_out,Washington outer coast
westcoast_0016,Washington outer coast,2023,1,0.41693967892728495,current_only,leave_region_out,Washington outer coast
westcoast_0017,Washington outer coast,2023,1,0.5332458986746572,current_only,leave_region_out,Washington outer coast
westcoast_0018,Washington outer coast,2023,0,0.35437060338356896,current_only,leave_region_out,Washington outer coast
westcoast_0022,Washington outer coast,2023,1,0.3561663977181737,current_only,leave_region_out,Washington outer coast
westcoast_0001,Washington outer coast,2023,1,0.37161430826199304,current_plus_trajectory,leave_region_out,Washington outer coast
westcoast_0002,Washington outer coast,2023,0,0.4332729325797569,current_plus_trajectory,leave_region_out,Washington outer coast
westcoast_0003,Washington outer coast,2023,0,0.3995580679953022,current_plus_trajectory,leave_region_out,Washington outer coast
westcoast_0004,Washington outer coast,2023,0,0.34728425442721794,current_plus_trajectory,leave_region_out,Washington outer coast
westcoast_0006,Washington outer coast,2023,1,0.3567315917698933,current_plus_trajectory,leave_region_out,Washington outer coast
westcoast_0008,Washington outer coast,2023,0,0.37386742203506734,current_plus_trajectory,leave_region_out,Washington outer coast
westcoast_0010,Washington outer coast,2023,0,0.5291266889866362,current_plus_trajectory,leave_region_out,Washington outer coast
westcoast_0011,Washington outer coast,2023,0,0.5123250271007354,current_plus_trajectory,leave_region_out,Washington outer coast
westcoast_0013,Washington outer coast,2023,0,0.4530906898479091,current_plus_trajectory,leave_region_out,Washington outer coast
westcoast_0014,Washington outer coast,2023,0,0.4547757642376922,current_plus_trajectory,leave_region_out,Washington outer coast
westcoast_0015,Washington outer coast,2023,0,0.41302236291089117,current_plus_trajectory,leave_region_out,Washington outer coast
westcoast_0016,Washington outer coast,2023,1,0.42057491829782356,current_plus_trajectory,leave_region_out,Washington outer coast
westcoast_0017,Washington outer coast,2023,1,0.5701680895443573,current_plus_trajectory,leave_region_out,Washington outer coast
westcoast_0018,Washington outer coast,2023,0,0.40010058062426956,current_plus_trajectory,leave_region_out,Washington outer coast
westcoast_0022,Washington outer coast,2023,1,0.4490032604170859,current_plus_trajectory,leave_region_out,Washington outer coast
westcoast_0001,Washington outer coast,2023,1,0.4027469495333254,trajectory_plus_oisst,leave_region_out,Washington outer coast
westcoast_0002,Washington outer coast,2023,0,0.46842959065477896,trajectory_plus_oisst,leave_region_out,Washington outer coast
westcoast_0003,Washington outer coast,2023,0,0.4322670560463182,trajectory_plus_oisst,leave_region_out,Washington outer coast
westcoast_0004,Washington outer coast,2023,0,0.4009739813205411,trajectory_plus_oisst,leave_region_out,Washington outer coast
westcoast_0006,Washington outer coast,2023,1,0.3893623616977687,trajectory_plus_oisst,leave_region_out,Washington outer coast
westcoast_0008,Washington outer coast,2023,0,0.404305376555892,trajectory_plus_oisst,leave_region_out,Washington outer coast
westcoast_0010,Washington outer coast,2023,0,0.5808224351778934,trajectory_plus_oisst,leave_region_out,Washington outer coast
westcoast_0011,Washington outer coast,2023,0,0.5660490030576348,trajectory_plus_oisst,leave_region_out,Washington outer coast
westcoast_0013,Washington outer coast,2023,0,0.4923526906036455,trajectory_plus_oisst,leave_region_out,Washington outer coast
westcoast_0014,Washington outer coast,2023,0,0.5086665751053343,trajectory_plus_oisst,leave_region_out,Washington outer coast
westcoast_0015,Washington outer coast,2023,0,0.45636920237825124,trajectory_plus_oisst,leave_region_out,Washington outer coast
westcoast_0016,Washington outer coast,2023,1,0.4635831046672114,trajectory_plus_oisst,leave_region_out,Washington outer coast
westcoast_0017,Washington outer coast,2023,1,0.5570221356496823,trajectory_plus_oisst,leave_region_out,Washington outer coast
westcoast_0018,Washington outer coast,2023,0,0.37850281832604,trajectory_plus_oisst,leave_region_out,Washington outer coast
westcoast_0022,Washington outer coast,2023,1,0.4745344627615426,trajectory_plus_oisst,leave_region_out,Washington outer coast
westcoast_0001,Washington outer coast,2024,0,0.33460359301594084,current_only,leave_region_out,Washington outer coast
westcoast_0002,Washington outer coast,2024,0,0.4807326185690298,current_only,leave_region_out,Washington outer coast
westcoast_0003,Washington outer coast,2024,0,0.3666765367021186,current_only,leave_region_out,Washington outer coast
westcoast_0004,Washington outer coast,2024,0,0.4359629853823101,current_only,leave_region_out,Washington outer coast
westcoast_0006,Washington outer coast,2024,0,0.300050708582352,current_only,leave_region_out,Washington outer coast
westcoast_0008,Washington outer coast,2024,0,0.4583347405799455,current_only,leave_region_out,Washington outer coast
westcoast_0010,Washington outer coast,2024,0,0.5417442467942699,current_only,leave_region_out,Washington outer coast
westcoast_0011,Washington outer coast,2024,0,0.5152041107480807,current_only,leave_region_out,Washington outer coast
westcoast_0013,Washington outer coast,2024,0,0.36989795482058613,current_only,leave_region_out,Washington outer coast
westcoast_0014,Washington outer coast,2024,1,0.4138216863752512,current_only,leave_region_out,Washington outer coast
westcoast_0015,Washington outer coast,2024,0,0.3863838937836028,current_only,leave_region_out,Washington outer coast
westcoast_0016,Washington outer coast,2024,0,0.36340061462797285,current_only,leave_region_out,Washington outer coast
westcoast_0017,Washington outer coast,2024,0,0.42680478506470554,current_only,leave_region_out,Washington outer coast
westcoast_0018,Washington outer coast,2024,0,0.34204172753601225,current_only,leave_region_out,Washington outer coast
westcoast_0022,Washington outer coast,2024,0,0.31449656720243,current_only,leave_region_out,Washington outer coast
westcoast_0001,Washington outer coast,2024,0,0.30926963891271486,current_plus_trajectory,leave_region_out,Washington outer coast
westcoast_0002,Washington outer coast,2024,0,0.4837070553423012,current_plus_trajectory,leave_region_out,Washington outer coast
westcoast_0003,Washington outer coast,2024,0,0.33684909285251313,current_plus_trajectory,leave_region_out,Washington outer coast
westcoast_0004,Washington outer coast,2024,0,0.4399809756089851,current_plus_trajectory,leave_region_out,Washington outer coast
westcoast_0006,Washington outer coast,2024,0,0.2862400314714133,current_plus_trajectory,leave_region_out,Washington outer coast
westcoast_0008,Washington outer coast,2024,0,0.45392126390988197,current_plus_trajectory,leave_region_out,Washington outer coast
westcoast_0010,Washington outer coast,2024,0,0.533203813437332,current_plus_trajectory,leave_region_out,Washington outer coast
westcoast_0011,Washington outer coast,2024,0,0.5317728017687381,current_plus_trajectory,leave_region_out,Washington outer coast
westcoast_0013,Washington outer coast,2024,0,0.3788707411186344,current_plus_trajectory,leave_region_out,Washington outer coast
westcoast_0014,Washington outer coast,2024,1,0.4811206540717873,current_plus_trajectory,leave_region_out,Washington outer coast
westcoast_0015,Washington outer coast,2024,0,0.41472604386751316,current_plus_trajectory,leave_region_out,Washington outer coast
westcoast_0016,Washington outer coast,2024,0,0.3407609937814759,current_plus_trajectory,leave_region_out,Washington outer coast
westcoast_0017,Washington outer coast,2024,0,0.36501167358675424,current_plus_trajectory,leave_region_out,Washington outer coast
westcoast_0018,Washington outer coast,2024,0,0.4039916909984239,current_plus_trajectory,leave_region_out,Washington outer coast
westcoast_0022,Washington outer coast,2024,0,0.31632871989456457,current_plus_trajectory,leave_region_out,Washington outer coast
westcoast_0001,Washington outer coast,2024,0,0.3865554017008877,trajectory_plus_oisst,leave_region_out,Washington outer coast
westcoast_0002,Washington outer coast,2024,0,0.5765900733377899,trajectory_plus_oisst,leave_region_out,Washington outer coast
westcoast_0003,Washington outer coast,2024,0,0.4172218264767036,trajectory_plus_oisst,leave_region_out,Washington outer coast
westcoast_0004,Washington outer coast,2024,0,0.5462559366925057,trajectory_plus_oisst,leave_region_out,Washington outer coast
westcoast_0006,Washington outer coast,2024,0,0.3380178275865665,trajectory_plus_oisst,leave_region_out,Washington outer coast
westcoast_0008,Washington outer coast,2024,0,0.5181466312029911,trajectory_plus_oisst,leave_region_out,Washington outer coast
westcoast_0010,Washington outer coast,2024,0,0.6462244930842137,trajectory_plus_oisst,leave_region_out,Washington outer coast
westcoast_0011,Washington outer coast,2024,0,0.6466730805472913,trajectory_plus_oisst,leave_region_out,Washington outer coast
westcoast_0013,Washington outer coast,2024,0,0.4413898412545954,trajectory_plus_oisst,leave_region_out,Washington outer coast
westcoast_0014,Washington outer coast,2024,1,0.5989914178620718,trajectory_plus_oisst,leave_region_out,Washington outer coast
westcoast_0015,Washington outer coast,2024,0,0.5241376909226475,trajectory_plus_oisst,leave_region_out,Washington outer coast
westcoast_0016,Washington outer coast,2024,0,0.44105922388934926,trajectory_plus_oisst,leave_region_out,Washington outer coast
westcoast_0017,Washington outer coast,2024,0,0.39020998612583896,trajectory_plus_oisst,leave_region_out,Washington outer coast
westcoast_0018,Washington outer coast,2024,0,0.4355881512927222,trajectory_plus_oisst,leave_region_out,Washington outer coast
westcoast_0022,Washington outer coast,2024,0,0.38577054600369165,trajectory_plus_oisst,leave_region_out,Washington outer coast
