correlation_current_vs_next_relative_canopy,canopy_quintile,n_rows,mean_current_relative_canopy,median_current_relative_canopy,mean_next_year_relative_canopy,median_next_year_relative_canopy,decline_event_next_rate,decline_event_next_count
0.6101948901139812,Q1_lowest,360,0.005714663777777778,0.00437612,0.029631500694444445,0.00721084,0.6333333333333333,228
0.6101948901139812,Q2,360,0.03732866797222222,0.035806975000000005,0.07992591758333334,0.059290415,0.31666666666666665,114
0.6101948901139812,Q3,360,0.09366716902777777,0.094636335,0.11452282911111111,0.098260035,0.30833333333333335,111
0.6101948901139812,Q4,360,0.17884663802777778,0.17529507500000002,0.16716734213888887,0.14903429,0.26666666666666666,96
0.6101948901139812,Q5_highest,360,0.3520285920277778,0.32818658,0.26162078483333334,0.25408007499999996,0.30277777777777776,109
