cell_id,source_point_id,crw_lat,crw_lon,distance_to_crw_grid_km,year,q1_expected_days,q1_valid_days,q1_daily_coverage,q1_daily_coverage_pass,q1_max_7day_mean_anomaly_crw5km,q1_positive_anomaly_degree_days_crw5km,q1_days_above_local_p90_crw5km,q1_max_consecutive_hot_days_crw5km,local_q1_p90_c
westcoast_0001,crw_001,48.32500076293945,-124.7249984741211,2.353454113985938,1985,90,90,1.0,True,0.03221428571428601,1.1525000000000025,0,0,9.406000000000002
westcoast_0001,crw_001,48.32500076293945,-124.7249984741211,2.353454113985938,1986,90,90,1.0,True,1.2678571428571426,38.93650000000001,16,9,9.406000000000002
westcoast_0001,crw_001,48.32500076293945,-124.7249984741211,2.353454113985938,1987,90,90,1.0,True,1.3147857142857138,40.04950000000001,10,3,9.406000000000002
westcoast_0001,crw_001,48.32500076293945,-124.7249984741211,2.353454113985938,1988,91,91,1.0,True,0.18878571428571383,3.743000000000003,0,0,9.406000000000002
westcoast_0001,crw_001,48.32500076293945,-124.7249984741211,2.353454113985938,1989,90,90,1.0,True,-0.260214285714286,0.0,0,0,9.406000000000002
westcoast_0001,crw_001,48.32500076293945,-124.7249984741211,2.353454113985938,1990,90,90,1.0,True,0.5655714285714283,10.3715,0,0,9.406000000000002
westcoast_0001,crw_001,48.32500076293945,-124.7249984741211,2.353454113985938,1991,90,90,1.0,True,0.3616428571428573,2.716000000000001,0,0,9.406000000000002
westcoast_0001,crw_001,48.32500076293945,-124.7249984741211,2.353454113985938,1992,91,91,1.0,True,1.7102142857142855,77.53949999999999,30,14,9.406000000000002
westcoast_0001,crw_001,48.32500076293945,-124.7249984741211,2.353454113985938,1993,90,90,1.0,True,0.33614285714285735,6.208000000000006,1,1,9.406000000000002
westcoast_0001,crw_001,48.32500076293945,-124.7249984741211,2.353454113985938,1994,90,90,1.0,True,0.7026428571428571,26.123500000000007,6,6,9.406000000000002
westcoast_0001,crw_001,48.32500076293945,-124.7249984741211,2.353454113985938,1995,90,90,1.0,True,1.5408571428571423,60.696,22,12,9.406000000000002
westcoast_0001,crw_001,48.32500076293945,-124.7249984741211,2.353454113985938,1996,91,91,1.0,True,1.1732142857142858,38.87350000000001,7,3,9.406000000000002
westcoast_0001,crw_001,48.32500076293945,-124.7249984741211,2.353454113985938,1997,90,90,1.0,True,0.46742857142857147,3.5075000000000003,0,0,9.406000000000002
westcoast_0001,crw_001,48.32500076293945,-124.7249984741211,2.353454113985938,1998,90,90,1.0,True,2.240642857142857,127.44249999999998,62,54,9.406000000000002
westcoast_0001,crw_001,48.32500076293945,-124.7249984741211,2.353454113985938,1999,90,90,1.0,True,-0.11499999999999996,0.03049999999999997,0,0,9.406000000000002
westcoast_0001,crw_001,48.32500076293945,-124.7249984741211,2.353454113985938,2000,91,91,1.0,True,0.3174285714285716,3.707000000000006,0,0,9.406000000000002
westcoast_0001,crw_001,48.32500076293945,-124.7249984741211,2.353454113985938,2001,90,90,1.0,True,0.5866428571428576,10.224000000000009,0,0,9.406000000000002
westcoast_0001,crw_001,48.32500076293945,-124.7249984741211,2.353454113985938,2002,90,90,1.0,True,0.9172142857142858,12.006999999999996,3,3,9.406000000000002
westcoast_0001,crw_001,48.32500076293945,-124.7249984741211,2.353454113985938,2003,90,90,1.0,True,1.640285714285714,71.88250000000001,24,12,9.406000000000002
westcoast_0001,crw_001,48.32500076293945,-124.7249984741211,2.353454113985938,2004,91,91,1.0,True,0.6532857142857141,15.127000000000004,0,0,9.406000000000002
westcoast_0001,crw_001,48.32500076293945,-124.7249984741211,2.353454113985938,2005,90,90,1.0,True,0.8677142857142862,31.558000000000007,8,6,9.406000000000002
westcoast_0001,crw_001,48.32500076293945,-124.7249984741211,2.353454113985938,2006,90,90,1.0,True,1.5575000000000003,60.71600000000001,25,21,9.406000000000002
westcoast_0001,crw_001,48.32500076293945,-124.7249984741211,2.353454113985938,2007,90,90,1.0,True,0.5599285714285713,9.026500000000002,0,0,9.406000000000002
westcoast_0001,crw_001,48.32500076293945,-124.7249984741211,2.353454113985938,2008,91,91,1.0,True,-0.5012857142857144,0.0,0,0,9.406000000000002
westcoast_0001,crw_001,48.32500076293945,-124.7249984741211,2.353454113985938,2009,90,90,1.0,True,-0.6356428571428571,0.0,0,0,9.406000000000002
westcoast_0001,crw_001,48.32500076293945,-124.7249984741211,2.353454113985938,2010,90,90,1.0,True,1.0779285714285707,39.19300000000001,1,1,9.406000000000002
westcoast_0001,crw_001,48.32500076293945,-124.7249984741211,2.353454113985938,2011,90,90,1.0,True,0.049928571428571544,0.5099999999999998,0,0,9.406000000000002
westcoast_0001,crw_001,48.32500076293945,-124.7249984741211,2.353454113985938,2012,91,91,1.0,True,-0.08828571428571459,0.09149999999999991,0,0,9.406000000000002
westcoast_0001,crw_001,48.32500076293945,-124.7249984741211,2.353454113985938,2013,90,90,1.0,True,0.10850000000000039,0.8710000000000022,0,0,9.406000000000002
westcoast_0001,crw_001,48.32500076293945,-124.7249984741211,2.353454113985938,2014,90,90,1.0,True,0.5457857142857144,7.177500000000003,0,0,9.406000000000002
westcoast_0001,crw_001,48.32500076293945,-124.7249984741211,2.353454113985938,2015,90,90,1.0,True,2.446857142857142,133.93249999999998,60,21,9.406000000000002
westcoast_0001,crw_001,48.32500076293945,-124.7249984741211,2.353454113985938,2016,91,91,1.0,True,2.076571428571428,123.36249999999998,65,49,9.406000000000002
westcoast_0001,crw_001,48.32500076293945,-124.7249984741211,2.353454113985938,2017,90,90,1.0,True,0.6512142857142857,12.972000000000005,4,4,9.406000000000002
westcoast_0001,crw_001,48.32500076293945,-124.7249984741211,2.353454113985938,2018,90,90,1.0,True,1.5752142857142861,43.599000000000004,12,12,9.406000000000002
westcoast_0001,crw_001,48.32500076293945,-124.7249984741211,2.353454113985938,2019,90,90,1.0,True,1.3437857142857144,47.55150000000002,11,5,9.406000000000002
westcoast_0001,crw_001,48.32500076293945,-124.7249984741211,2.353454113985938,2020,91,91,1.0,True,1.1620000000000001,24.902500000000003,0,0,9.406000000000002
westcoast_0001,crw_001,48.32500076293945,-124.7249984741211,2.353454113985938,2021,90,90,1.0,True,0.7899999999999999,18.681000000000008,0,0,9.406000000000002
westcoast_0001,crw_001,48.32500076293945,-124.7249984741211,2.353454113985938,2022,90,90,1.0,True,0.2536428571428574,2.6295,0,0,9.406000000000002
westcoast_0001,crw_001,48.32500076293945,-124.7249984741211,2.353454113985938,2023,90,90,1.0,True,0.8894999999999997,16.367500000000007,0,0,9.406000000000002
westcoast_0001,crw_001,48.32500076293945,-124.7249984741211,2.353454113985938,2024,91,90,0.989010989010989,True,1.765357142857143,82.9885,35,11,9.406000000000002
westcoast_0002,crw_000,48.375,-124.625,3.291302641586485,1985,90,90,1.0,True,-0.03585714285714316,0.9314999999999989,0,0,9.19
westcoast_0002,crw_000,48.375,-124.625,3.291302641586485,1986,90,90,1.0,True,1.1058571428571426,37.568000000000005,19,8,9.19
westcoast_0002,crw_000,48.375,-124.625,3.291302641586485,1987,90,90,1.0,True,1.4157142857142857,41.001999999999995,10,4,9.19
westcoast_0002,crw_000,48.375,-124.625,3.291302641586485,1988,91,91,1.0,True,0.2862142857142854,4.617999999999996,0,0,9.19
westcoast_0002,crw_000,48.375,-124.625,3.291302641586485,1989,90,90,1.0,True,-0.21885714285714336,0.01899999999999924,0,0,9.19
westcoast_0002,crw_000,48.375,-124.625,3.291302641586485,1990,90,90,1.0,True,0.3559999999999996,7.853499999999997,0,0,9.19
westcoast_0002,crw_000,48.375,-124.625,3.291302641586485,1991,90,90,1.0,True,0.5692142857142855,4.177499999999999,0,0,9.19
westcoast_0002,crw_000,48.375,-124.625,3.291302641586485,1992,91,91,1.0,True,1.5977857142857144,65.78949999999999,31,19,9.19
westcoast_0002,crw_000,48.375,-124.625,3.291302641586485,1993,90,90,1.0,True,0.14307142857142832,3.545500000000005,1,1,9.19
westcoast_0002,crw_000,48.375,-124.625,3.291302641586485,1994,90,90,1.0,True,0.8133571428571426,27.915000000000006,6,6,9.19
westcoast_0002,crw_000,48.375,-124.625,3.291302641586485,1995,90,90,1.0,True,1.309,55.78450000000001,19,12,9.19
westcoast_0002,crw_000,48.375,-124.625,3.291302641586485,1996,91,91,1.0,True,1.1242857142857139,34.557500000000005,6,3,9.19
westcoast_0002,crw_000,48.375,-124.625,3.291302641586485,1997,90,90,1.0,True,0.4723571428571423,3.386999999999995,0,0,9.19
westcoast_0002,crw_000,48.375,-124.625,3.291302641586485,1998,90,90,1.0,True,2.223,121.04499999999999,60,28,9.19
westcoast_0002,crw_000,48.375,-124.625,3.291302641586485,1999,90,90,1.0,True,0.0012142857142856758,0.16400000000000148,0,0,9.19
westcoast_0002,crw_000,48.375,-124.625,3.291302641586485,2000,91,91,1.0,True,0.22092857142857092,3.293999999999997,0,0,9.19
westcoast_0002,crw_000,48.375,-124.625,3.291302641586485,2001,90,90,1.0,True,0.4186428571428572,6.703999999999995,0,0,9.19
westcoast_0002,crw_000,48.375,-124.625,3.291302641586485,2002,90,90,1.0,True,0.8493571428571423,10.697999999999993,3,3,9.19
westcoast_0002,crw_000,48.375,-124.625,3.291302641586485,2003,90,90,1.0,True,1.4815714285714279,70.875,24,12,9.19
westcoast_0002,crw_000,48.375,-124.625,3.291302641586485,2004,91,91,1.0,True,0.7904285714285711,16.581499999999995,0,0,9.19
westcoast_0002,crw_000,48.375,-124.625,3.291302641586485,2005,90,90,1.0,True,0.8847857142857142,29.743499999999997,8,6,9.19
westcoast_0002,crw_000,48.375,-124.625,3.291302641586485,2006,90,90,1.0,True,1.5526428571428565,59.8955,26,21,9.19
westcoast_0002,crw_000,48.375,-124.625,3.291302641586485,2007,90,90,1.0,True,0.5337857142857142,10.050500000000005,0,0,9.19
westcoast_0002,crw_000,48.375,-124.625,3.291302641586485,2008,91,91,1.0,True,-0.41492857142857165,0.0,0,0,9.19
westcoast_0002,crw_000,48.375,-124.625,3.291302641586485,2009,90,90,1.0,True,-0.5868571428571433,0.0,0,0,9.19
westcoast_0002,crw_000,48.375,-124.625,3.291302641586485,2010,90,90,1.0,True,1.045714285714286,37.02850000000001,3,2,9.19
westcoast_0002,crw_000,48.375,-124.625,3.291302641586485,2011,90,90,1.0,True,-0.04107142857142865,0.3985000000000003,0,0,9.19
westcoast_0002,crw_000,48.375,-124.625,3.291302641586485,2012,91,91,1.0,True,-0.04414285714285793,0.15499999999999936,0,0,9.19
westcoast_0002,crw_000,48.375,-124.625,3.291302641586485,2013,90,90,1.0,True,0.13107142857142837,1.1219999999999999,0,0,9.19
westcoast_0002,crw_000,48.375,-124.625,3.291302641586485,2014,90,90,1.0,True,0.5805714285714288,7.603000000000002,0,0,9.19
westcoast_0002,crw_000,48.375,-124.625,3.291302641586485,2015,90,90,1.0,True,2.3933571428571434,129.37499999999997,61,21,9.19
westcoast_0002,crw_000,48.375,-124.625,3.291302641586485,2016,91,91,1.0,True,2.1073571428571425,124.6555,67,49,9.19
westcoast_0002,crw_000,48.375,-124.625,3.291302641586485,2017,90,90,1.0,True,0.6787142857142862,12.326500000000008,5,5,9.19
westcoast_0002,crw_000,48.375,-124.625,3.291302641586485,2018,90,90,1.0,True,1.516214285714285,42.5975,11,11,9.19
westcoast_0002,crw_000,48.375,-124.625,3.291302641586485,2019,90,90,1.0,True,1.247571428571428,43.306000000000004,9,6,9.19
westcoast_0002,crw_000,48.375,-124.625,3.291302641586485,2020,91,91,1.0,True,1.1201428571428569,24.116500000000002,0,0,9.19
westcoast_0002,crw_000,48.375,-124.625,3.291302641586485,2021,90,90,1.0,True,0.7230714285714287,17.604999999999997,0,0,9.19
westcoast_0002,crw_000,48.375,-124.625,3.291302641586485,2022,90,90,1.0,True,0.12842857142857117,1.7985000000000015,0,0,9.19
westcoast_0002,crw_000,48.375,-124.625,3.291302641586485,2023,90,90,1.0,True,0.8229999999999996,15.094500000000002,0,0,9.19
westcoast_0002,crw_000,48.375,-124.625,3.291302641586485,2024,91,90,0.989010989010989,True,1.7240714285714287,72.88000000000001,28,11,9.19
westcoast_0003,crw_002,48.32500076293945,-124.5250015258789,2.2827284977432347,1985,90,90,1.0,True,-0.21214285714285733,0.3739999999999988,0,0,9.026000000000002
westcoast_0003,crw_002,48.32500076293945,-124.5250015258789,2.2827284977432347,1986,90,90,1.0,True,0.991714285714285,33.92799999999999,20,8,9.026000000000002
westcoast_0003,crw_002,48.32500076293945,-124.5250015258789,2.2827284977432347,1987,90,90,1.0,True,1.244714285714286,39.276,9,4,9.026000000000002
westcoast_0003,crw_002,48.32500076293945,-124.5250015258789,2.2827284977432347,1988,91,91,1.0,True,0.4270714285714285,5.689999999999997,0,0,9.026000000000002
westcoast_0003,crw_002,48.32500076293945,-124.5250015258789,2.2827284977432347,1989,90,90,1.0,True,-0.21714285714285708,0.0129999999999999,0,0,9.026000000000002
westcoast_0003,crw_002,48.32500076293945,-124.5250015258789,2.2827284977432347,1990,90,90,1.0,True,0.2757857142857146,6.2824999999999935,0,0,9.026000000000002
westcoast_0003,crw_002,48.32500076293945,-124.5250015258789,2.2827284977432347,1991,90,90,1.0,True,0.4954285714285713,3.9560000000000004,0,0,9.026000000000002
westcoast_0003,crw_002,48.32500076293945,-124.5250015258789,2.2827284977432347,1992,91,91,1.0,True,1.4254285714285717,60.79899999999999,30,19,9.026000000000002
westcoast_0003,crw_002,48.32500076293945,-124.5250015258789,2.2827284977432347,1993,90,90,1.0,True,0.12192857142857148,3.0355000000000034,1,1,9.026000000000002
westcoast_0003,crw_002,48.32500076293945,-124.5250015258789,2.2827284977432347,1994,90,90,1.0,True,0.9139285714285716,27.582499999999996,7,6,9.026000000000002
westcoast_0003,crw_002,48.32500076293945,-124.5250015258789,2.2827284977432347,1995,90,90,1.0,True,1.2393571428571433,52.613,21,13,9.026000000000002
westcoast_0003,crw_002,48.32500076293945,-124.5250015258789,2.2827284977432347,1996,91,91,1.0,True,1.0247142857142857,31.626499999999997,5,3,9.026000000000002
westcoast_0003,crw_002,48.32500076293945,-124.5250015258789,2.2827284977432347,1997,90,90,1.0,True,0.4272142857142861,2.9905000000000026,0,0,9.026000000000002
westcoast_0003,crw_002,48.32500076293945,-124.5250015258789,2.2827284977432347,1998,90,90,1.0,True,2.123214285714286,115.25499999999998,63,54,9.026000000000002
westcoast_0003,crw_002,48.32500076293945,-124.5250015258789,2.2827284977432347,1999,90,90,1.0,True,0.07614285714285694,0.6564999999999985,0,0,9.026000000000002
westcoast_0003,crw_002,48.32500076293945,-124.5250015258789,2.2827284977432347,2000,91,91,1.0,True,0.09007142857142865,2.483999999999993,0,0,9.026000000000002
westcoast_0003,crw_002,48.32500076293945,-124.5250015258789,2.2827284977432347,2001,90,90,1.0,True,0.2970714285714286,4.9285,0,0,9.026000000000002
westcoast_0003,crw_002,48.32500076293945,-124.5250015258789,2.2827284977432347,2002,90,90,1.0,True,0.692571428571429,8.846499999999997,0,0,9.026000000000002
westcoast_0003,crw_002,48.32500076293945,-124.5250015258789,2.2827284977432347,2003,90,90,1.0,True,1.4313571428571426,71.46499999999999,25,13,9.026000000000002
westcoast_0003,crw_002,48.32500076293945,-124.5250015258789,2.2827284977432347,2004,91,91,1.0,True,0.8329285714285717,18.844,0,0,9.026000000000002
westcoast_0003,crw_002,48.32500076293945,-124.5250015258789,2.2827284977432347,2005,90,90,1.0,True,0.8436428571428571,28.23249999999999,8,5,9.026000000000002
westcoast_0003,crw_002,48.32500076293945,-124.5250015258789,2.2827284977432347,2006,90,90,1.0,True,1.4575714285714285,57.3015,26,20,9.026000000000002
westcoast_0003,crw_002,48.32500076293945,-124.5250015258789,2.2827284977432347,2007,90,90,1.0,True,0.522142857142857,9.7455,0,0,9.026000000000002
westcoast_0003,crw_002,48.32500076293945,-124.5250015258789,2.2827284977432347,2008,91,91,1.0,True,-0.31542857142857134,0.0,0,0,9.026000000000002
westcoast_0003,crw_002,48.32500076293945,-124.5250015258789,2.2827284977432347,2009,90,90,1.0,True,-0.548285714285714,0.0,0,0,9.026000000000002
westcoast_0003,crw_002,48.32500076293945,-124.5250015258789,2.2827284977432347,2010,90,90,1.0,True,1.0039285714285717,37.250499999999995,5,4,9.026000000000002
westcoast_0003,crw_002,48.32500076293945,-124.5250015258789,2.2827284977432347,2011,90,90,1.0,True,0.007928571428571856,0.5095000000000018,0,0,9.026000000000002
westcoast_0003,crw_002,48.32500076293945,-124.5250015258789,2.2827284977432347,2012,91,91,1.0,True,-0.011500000000000224,0.26349999999999874,0,0,9.026000000000002
westcoast_0003,crw_002,48.32500076293945,-124.5250015258789,2.2827284977432347,2013,90,90,1.0,True,0.19971428571428568,1.9385000000000003,0,0,9.026000000000002
westcoast_0003,crw_002,48.32500076293945,-124.5250015258789,2.2827284977432347,2014,90,90,1.0,True,0.5820714285714281,7.190499999999998,0,0,9.026000000000002
westcoast_0003,crw_002,48.32500076293945,-124.5250015258789,2.2827284977432347,2015,90,90,1.0,True,2.315642857142857,126.785,65,24,9.026000000000002
westcoast_0003,crw_002,48.32500076293945,-124.5250015258789,2.2827284977432347,2016,91,91,1.0,True,2.057571428571429,123.54349999999997,67,49,9.026000000000002
westcoast_0003,crw_002,48.32500076293945,-124.5250015258789,2.2827284977432347,2017,90,90,1.0,True,0.6298571428571427,12.378999999999992,6,5,9.026000000000002
westcoast_0003,crw_002,48.32500076293945,-124.5250015258789,2.2827284977432347,2018,90,90,1.0,True,1.451071428571429,42.00450000000001,12,12,9.026000000000002
westcoast_0003,crw_002,48.32500076293945,-124.5250015258789,2.2827284977432347,2019,90,90,1.0,True,1.2131428571428573,43.883,11,6,9.026000000000002
westcoast_0003,crw_002,48.32500076293945,-124.5250015258789,2.2827284977432347,2020,91,91,1.0,True,1.0761428571428573,24.720500000000005,0,0,9.026000000000002
westcoast_0003,crw_002,48.32500076293945,-124.5250015258789,2.2827284977432347,2021,90,90,1.0,True,0.7686428571428566,19.425999999999995,0,0,9.026000000000002
westcoast_0003,crw_002,48.32500076293945,-124.5250015258789,2.2827284977432347,2022,90,90,1.0,True,0.14385714285714282,2.522499999999999,0,0,9.026000000000002
westcoast_0003,crw_002,48.32500076293945,-124.5250015258789,2.2827284977432347,2023,90,90,1.0,True,0.7714999999999999,16.0375,0,0,9.026000000000002
westcoast_0003,crw_002,48.32500076293945,-124.5250015258789,2.2827284977432347,2024,91,90,0.989010989010989,True,1.7799285714285713,71.975,30,11,9.026000000000002
westcoast_0004,crw_003,48.32500076293945,-124.4250030517578,2.294443941018798,1985,90,90,1.0,True,-0.1507142857142858,0.5,0,0,8.93
westcoast_0004,crw_003,48.32500076293945,-124.4250030517578,2.294443941018798,1986,90,90,1.0,True,0.9255714285714285,31.9145,16,7,8.93
westcoast_0004,crw_003,48.32500076293945,-124.4250030517578,2.294443941018798,1987,90,90,1.0,True,1.1265,38.282500000000006,6,2,8.93
westcoast_0004,crw_003,48.32500076293945,-124.4250030517578,2.294443941018798,1988,91,91,1.0,True,0.5672142857142857,7.4885,0,0,8.93
westcoast_0004,crw_003,48.32500076293945,-124.4250030517578,2.294443941018798,1989,90,90,1.0,True,-0.22571428571428573,0.006499999999999062,0,0,8.93
westcoast_0004,crw_003,48.32500076293945,-124.4250030517578,2.294443941018798,1990,90,90,1.0,True,0.22792857142857134,5.575500000000002,0,0,8.93
westcoast_0004,crw_003,48.32500076293945,-124.4250030517578,2.294443941018798,1991,90,90,1.0,True,0.35471428571428554,2.9225000000000003,0,0,8.93
westcoast_0004,crw_003,48.32500076293945,-124.4250030517578,2.294443941018798,1992,91,91,1.0,True,1.3432857142857146,58.45825000000001,31,20,8.93
westcoast_0004,crw_003,48.32500076293945,-124.4250030517578,2.294443941018798,1993,90,90,1.0,True,0.12392857142857151,2.9545000000000012,0,0,8.93
westcoast_0004,crw_003,48.32500076293945,-124.4250030517578,2.294443941018798,1994,90,90,1.0,True,0.9442857142857142,26.4215,7,6,8.93
westcoast_0004,crw_003,48.32500076293945,-124.4250030517578,2.294443941018798,1995,90,90,1.0,True,1.2088571428571429,50.247,23,18,8.93
westcoast_0004,crw_003,48.32500076293945,-124.4250030517578,2.294443941018798,1996,91,91,1.0,True,0.9781428571428573,29.394500000000008,3,3,8.93
westcoast_0004,crw_003,48.32500076293945,-124.4250030517578,2.294443941018798,1997,90,90,1.0,True,0.36600000000000005,2.5620000000000003,0,0,8.93
westcoast_0004,crw_003,48.32500076293945,-124.4250030517578,2.294443941018798,1998,90,90,1.0,True,2.058071428571428,112.48599999999998,62,54,8.93
westcoast_0004,crw_003,48.32500076293945,-124.4250030517578,2.294443941018798,1999,90,90,1.0,True,0.11385714285714295,1.0395000000000012,0,0,8.93
westcoast_0004,crw_003,48.32500076293945,-124.4250030517578,2.294443941018798,2000,91,91,1.0,True,0.08864285714285725,2.138499999999997,0,0,8.93
westcoast_0004,crw_003,48.32500076293945,-124.4250030517578,2.294443941018798,2001,90,90,1.0,True,0.2737857142857139,4.120499999999999,0,0,8.93
westcoast_0004,crw_003,48.32500076293945,-124.4250030517578,2.294443941018798,2002,90,90,1.0,True,0.5984285714285714,7.461000000000003,0,0,8.93
westcoast_0004,crw_003,48.32500076293945,-124.4250030517578,2.294443941018798,2003,90,90,1.0,True,1.3804999999999998,72.246,31,12,8.93
westcoast_0004,crw_003,48.32500076293945,-124.4250030517578,2.294443941018798,2004,91,91,1.0,True,0.832178571428571,19.815249999999992,0,0,8.93
westcoast_0004,crw_003,48.32500076293945,-124.4250030517578,2.294443941018798,2005,90,90,1.0,True,0.7606428571428572,26.442500000000003,7,4,8.93
westcoast_0004,crw_003,48.32500076293945,-124.4250030517578,2.294443941018798,2006,90,90,1.0,True,1.3424285714285713,54.12550000000001,22,18,8.93
westcoast_0004,crw_003,48.32500076293945,-124.4250030517578,2.294443941018798,2007,90,90,1.0,True,0.4792857142857141,8.941999999999998,0,0,8.93
westcoast_0004,crw_003,48.32500076293945,-124.4250030517578,2.294443941018798,2008,91,91,1.0,True,-0.24914285714285697,0.0,0,0,8.93
westcoast_0004,crw_003,48.32500076293945,-124.4250030517578,2.294443941018798,2009,90,90,1.0,True,-0.5148571428571428,0.0,0,0,8.93
westcoast_0004,crw_003,48.32500076293945,-124.4250030517578,2.294443941018798,2010,90,90,1.0,True,0.9438571428571433,37.17100000000001,7,4,8.93
westcoast_0004,crw_003,48.32500076293945,-124.4250030517578,2.294443941018798,2011,90,90,1.0,True,0.017071428571428755,0.5445000000000011,0,0,8.93
westcoast_0004,crw_003,48.32500076293945,-124.4250030517578,2.294443941018798,2012,91,91,1.0,True,-0.0052142857142857425,0.3214999999999977,0,0,8.93
westcoast_0004,crw_003,48.32500076293945,-124.4250030517578,2.294443941018798,2013,90,90,1.0,True,0.2507142857142857,2.8759999999999977,0,0,8.93
westcoast_0004,crw_003,48.32500076293945,-124.4250030517578,2.294443941018798,2014,90,90,1.0,True,0.5694999999999995,6.587999999999994,1,1,8.93
westcoast_0004,crw_003,48.32500076293945,-124.4250030517578,2.294443941018798,2015,90,90,1.0,True,2.225142857142857,123.906,67,25,8.93
westcoast_0004,crw_003,48.32500076293945,-124.4250030517578,2.294443941018798,2016,91,91,1.0,True,1.967714285714285,119.87974999999997,65,49,8.93
westcoast_0004,crw_003,48.32500076293945,-124.4250030517578,2.294443941018798,2017,90,90,1.0,True,0.5632142857142861,11.797500000000005,5,5,8.93
westcoast_0004,crw_003,48.32500076293945,-124.4250030517578,2.294443941018798,2018,90,90,1.0,True,1.3742857142857143,40.937500000000014,9,7,8.93
westcoast_0004,crw_003,48.32500076293945,-124.4250030517578,2.294443941018798,2019,90,90,1.0,True,1.1596428571428572,43.42650000000001,10,6,8.93
westcoast_0004,crw_003,48.32500076293945,-124.4250030517578,2.294443941018798,2020,91,91,1.0,True,1.0631428571428576,24.526000000000003,0,0,8.93
westcoast_0004,crw_003,48.32500076293945,-124.4250030517578,2.294443941018798,2021,90,90,1.0,True,0.832357142857143,21.16150000000001,0,0,8.93
westcoast_0004,crw_003,48.32500076293945,-124.4250030517578,2.294443941018798,2022,90,90,1.0,True,0.16421428571428592,3.137000000000003,0,0,8.93
westcoast_0004,crw_003,48.32500076293945,-124.4250030517578,2.294443941018798,2023,90,90,1.0,True,0.7195000000000003,15.994000000000005,0,0,8.93
westcoast_0004,crw_003,48.32500076293945,-124.4250030517578,2.294443941018798,2024,91,90,0.989010989010989,True,1.7966428571428565,71.19625,29,11,8.93
westcoast_0006,crw_004,48.22499847412109,-124.7249984741211,0.7007195845731717,1985,90,90,1.0,True,-0.16435714285714262,0.5054999999999996,0,0,9.516000000000002
westcoast_0006,crw_004,48.22499847412109,-124.7249984741211,0.7007195845731717,1986,90,90,1.0,True,1.322785714285715,37.812,17,11,9.516000000000002
westcoast_0006,crw_004,48.22499847412109,-124.7249984741211,0.7007195845731717,1987,90,90,1.0,True,1.2280000000000002,38.89099999999999,5,3,9.516000000000002
westcoast_0006,crw_004,48.22499847412109,-124.7249984741211,0.7007195845731717,1988,91,91,1.0,True,0.058214285714285295,1.5639999999999965,0,0,9.516000000000002
westcoast_0006,crw_004,48.22499847412109,-124.7249984741211,0.7007195845731717,1989,90,90,1.0,True,-0.2763571428571431,0.0,0,0,9.516000000000002
westcoast_0006,crw_004,48.22499847412109,-124.7249984741211,0.7007195845731717,1990,90,90,1.0,True,0.6938571428571433,11.725499999999995,0,0,9.516000000000002
westcoast_0006,crw_004,48.22499847412109,-124.7249984741211,0.7007195845731717,1991,90,90,1.0,True,0.18521428571428597,2.1400000000000023,0,0,9.516000000000002
westcoast_0006,crw_004,48.22499847412109,-124.7249984741211,0.7007195845731717,1992,91,91,1.0,True,1.7090714285714288,85.099,36,29,9.516000000000002
westcoast_0006,crw_004,48.22499847412109,-124.7249984741211,0.7007195845731717,1993,90,90,1.0,True,0.4137142857142856,7.5219999999999985,1,1,9.516000000000002
westcoast_0006,crw_004,48.22499847412109,-124.7249984741211,0.7007195845731717,1994,90,90,1.0,True,0.7292857142857143,26.914,6,6,9.516000000000002
westcoast_0006,crw_004,48.22499847412109,-124.7249984741211,0.7007195845731717,1995,90,90,1.0,True,1.626642857142857,64.614,28,16,9.516000000000002
westcoast_0006,crw_004,48.22499847412109,-124.7249984741211,0.7007195845731717,1996,91,91,1.0,True,1.1899285714285706,42.106500000000004,5,3,9.516000000000002
westcoast_0006,crw_004,48.22499847412109,-124.7249984741211,0.7007195845731717,1997,90,90,1.0,True,0.37735714285714295,2.903500000000003,0,0,9.516000000000002
westcoast_0006,crw_004,48.22499847412109,-124.7249984741211,0.7007195845731717,1998,90,90,1.0,True,2.1467142857142854,128.60199999999998,62,54,9.516000000000002
westcoast_0006,crw_004,48.22499847412109,-124.7249984741211,0.7007195845731717,1999,90,90,1.0,True,-0.14578571428571457,0.0,0,0,9.516000000000002
westcoast_0006,crw_004,48.22499847412109,-124.7249984741211,0.7007195845731717,2000,91,91,1.0,True,0.303071428571429,3.4735000000000014,0,0,9.516000000000002
westcoast_0006,crw_004,48.22499847412109,-124.7249984741211,0.7007195845731717,2001,90,90,1.0,True,0.5898571428571425,10.579500000000003,0,0,9.516000000000002
westcoast_0006,crw_004,48.22499847412109,-124.7249984741211,0.7007195845731717,2002,90,90,1.0,True,0.891642857142857,12.302999999999999,0,0,9.516000000000002
westcoast_0006,crw_004,48.22499847412109,-124.7249984741211,0.7007195845731717,2003,90,90,1.0,True,1.7105,74.24199999999999,21,11,9.516000000000002
westcoast_0006,crw_004,48.22499847412109,-124.7249984741211,0.7007195845731717,2004,91,91,1.0,True,0.5875714285714285,16.5915,0,0,9.516000000000002
westcoast_0006,crw_004,48.22499847412109,-124.7249984741211,0.7007195845731717,2005,90,90,1.0,True,0.8630000000000001,32.48950000000001,7,6,9.516000000000002
westcoast_0006,crw_004,48.22499847412109,-124.7249984741211,0.7007195845731717,2006,90,90,1.0,True,1.568499999999999,61.29649999999999,23,19,9.516000000000002
westcoast_0006,crw_004,48.22499847412109,-124.7249984741211,0.7007195845731717,2007,90,90,1.0,True,0.6669285714285719,8.351500000000007,0,0,9.516000000000002
westcoast_0006,crw_004,48.22499847412109,-124.7249984741211,0.7007195845731717,2008,91,91,1.0,True,-0.4594285714285716,0.0,0,0,9.516000000000002
westcoast_0006,crw_004,48.22499847412109,-124.7249984741211,0.7007195845731717,2009,90,90,1.0,True,-0.5982857142857145,0.0,0,0,9.516000000000002
westcoast_0006,crw_004,48.22499847412109,-124.7249984741211,0.7007195845731717,2010,90,90,1.0,True,1.0879999999999999,43.501000000000005,3,3,9.516000000000002
westcoast_0006,crw_004,48.22499847412109,-124.7249984741211,0.7007195845731717,2011,90,90,1.0,True,0.1769285714285717,1.3410000000000029,0,0,9.516000000000002
westcoast_0006,crw_004,48.22499847412109,-124.7249984741211,0.7007195845731717,2012,91,91,1.0,True,-0.096642857142857,0.057500000000000995,0,0,9.516000000000002
westcoast_0006,crw_004,48.22499847412109,-124.7249984741211,0.7007195845731717,2013,90,90,1.0,True,0.12835714285714342,1.045500000000004,0,0,9.516000000000002
westcoast_0006,crw_004,48.22499847412109,-124.7249984741211,0.7007195845731717,2014,90,90,1.0,True,0.5116428571428574,6.3625000000000025,0,0,9.516000000000002
westcoast_0006,crw_004,48.22499847412109,-124.7249984741211,0.7007195845731717,2015,90,90,1.0,True,2.5340714285714285,141.63199999999998,66,25,9.516000000000002
westcoast_0006,crw_004,48.22499847412109,-124.7249984741211,0.7007195845731717,2016,91,91,1.0,True,2.0552142857142863,122.0305,61,49,9.516000000000002
westcoast_0006,crw_004,48.22499847412109,-124.7249984741211,0.7007195845731717,2017,90,90,1.0,True,0.5678571428571425,13.201500000000003,3,3,9.516000000000002
westcoast_0006,crw_004,48.22499847412109,-124.7249984741211,0.7007195845731717,2018,90,90,1.0,True,1.6158571428571429,44.6125,11,7,9.516000000000002
westcoast_0006,crw_004,48.22499847412109,-124.7249984741211,0.7007195845731717,2019,90,90,1.0,True,1.3732142857142857,49.84849999999999,8,3,9.516000000000002
westcoast_0006,crw_004,48.22499847412109,-124.7249984741211,0.7007195845731717,2020,91,91,1.0,True,1.1320714285714284,27.311000000000003,0,0,9.516000000000002
westcoast_0006,crw_004,48.22499847412109,-124.7249984741211,0.7007195845731717,2021,90,90,1.0,True,0.891071428571428,19.8215,0,0,9.516000000000002
westcoast_0006,crw_004,48.22499847412109,-124.7249984741211,0.7007195845731717,2022,90,90,1.0,True,0.2956428571428574,3.4899999999999967,0,0,9.516000000000002
westcoast_0006,crw_004,48.22499847412109,-124.7249984741211,0.7007195845731717,2023,90,90,1.0,True,0.9071428571428568,18.007999999999996,0,0,9.516000000000002
westcoast_0006,crw_004,48.22499847412109,-124.7249984741211,0.7007195845731717,2024,91,90,0.989010989010989,True,1.842642857142857,91.10649999999998,41,11,9.516000000000002
westcoast_0008,crw_005,48.22499847412109,-124.2750015258789,3.2244405435639765,1985,90,90,1.0,True,-0.06907142857142848,0.7660000000000018,0,0,8.786000000000001
westcoast_0008,crw_005,48.22499847412109,-124.2750015258789,3.2244405435639765,1986,90,90,1.0,True,0.8289285714285723,26.47500000000001,12,6,8.786000000000001
westcoast_0008,crw_005,48.22499847412109,-124.2750015258789,3.2244405435639765,1987,90,90,1.0,True,0.9959999999999999,36.25450000000001,3,2,8.786000000000001
westcoast_0008,crw_005,48.22499847412109,-124.2750015258789,3.2244405435639765,1988,91,91,1.0,True,0.5597142857142855,7.606499999999991,0,0,8.786000000000001
westcoast_0008,crw_005,48.22499847412109,-124.2750015258789,3.2244405435639765,1989,90,90,1.0,True,-0.3075000000000002,0.0,0,0,8.786000000000001
westcoast_0008,crw_005,48.22499847412109,-124.2750015258789,3.2244405435639765,1990,90,90,1.0,True,0.17878571428571416,4.160499999999996,0,0,8.786000000000001
westcoast_0008,crw_005,48.22499847412109,-124.2750015258789,3.2244405435639765,1991,90,90,1.0,True,0.057571428571428385,0.810999999999999,0,0,8.786000000000001
westcoast_0008,crw_005,48.22499847412109,-124.2750015258789,3.2244405435639765,1992,91,91,1.0,True,1.2675714285714288,58.36475,32,26,8.786000000000001
westcoast_0008,crw_005,48.22499847412109,-124.2750015258789,3.2244405435639765,1993,90,90,1.0,True,0.14578571428571457,3.4479999999999977,1,1,8.786000000000001
westcoast_0008,crw_005,48.22499847412109,-124.2750015258789,3.2244405435639765,1994,90,90,1.0,True,0.8896428571428573,23.564499999999992,7,6,8.786000000000001
westcoast_0008,crw_005,48.22499847412109,-124.2750015258789,3.2244405435639765,1995,90,90,1.0,True,1.1886428571428576,47.01799999999999,21,11,8.786000000000001
westcoast_0008,crw_005,48.22499847412109,-124.2750015258789,3.2244405435639765,1996,91,91,1.0,True,0.9728571428571425,28.547000000000008,8,8,8.786000000000001
westcoast_0008,crw_005,48.22499847412109,-124.2750015258789,3.2244405435639765,1997,90,90,1.0,True,0.15750000000000025,1.2655000000000003,0,0,8.786000000000001
westcoast_0008,crw_005,48.22499847412109,-124.2750015258789,3.2244405435639765,1998,90,90,1.0,True,1.9360714285714293,110.343,63,54,8.786000000000001
westcoast_0008,crw_005,48.22499847412109,-124.2750015258789,3.2244405435639765,1999,90,90,1.0,True,0.1431428571428571,1.437999999999998,0,0,8.786000000000001
westcoast_0008,crw_005,48.22499847412109,-124.2750015258789,3.2244405435639765,2000,91,91,1.0,True,0.07649999999999998,1.537500000000004,0,0,8.786000000000001
westcoast_0008,crw_005,48.22499847412109,-124.2750015258789,3.2244405435639765,2001,90,90,1.0,True,0.20992857142857155,2.466499999999999,0,0,8.786000000000001
westcoast_0008,crw_005,48.22499847412109,-124.2750015258789,3.2244405435639765,2002,90,90,1.0,True,0.4045714285714283,4.615499999999996,0,0,8.786000000000001
westcoast_0008,crw_005,48.22499847412109,-124.2750015258789,3.2244405435639765,2003,90,90,1.0,True,1.4124999999999999,74.90299999999998,34,11,8.786000000000001
westcoast_0008,crw_005,48.22499847412109,-124.2750015258789,3.2244405435639765,2004,91,91,1.0,True,0.7653928571428571,19.578249999999997,0,0,8.786000000000001
westcoast_0008,crw_005,48.22499847412109,-124.2750015258789,3.2244405435639765,2005,90,90,1.0,True,0.5939999999999996,24.414999999999992,4,4,8.786000000000001
westcoast_0008,crw_005,48.22499847412109,-124.2750015258789,3.2244405435639765,2006,90,90,1.0,True,1.1915000000000002,49.414,15,12,8.786000000000001
westcoast_0008,crw_005,48.22499847412109,-124.2750015258789,3.2244405435639765,2007,90,90,1.0,True,0.37378571428571455,7.944999999999999,0,0,8.786000000000001
westcoast_0008,crw_005,48.22499847412109,-124.2750015258789,3.2244405435639765,2008,91,91,1.0,True,-0.218857142857143,0.0,0,0,8.786000000000001
westcoast_0008,crw_005,48.22499847412109,-124.2750015258789,3.2244405435639765,2009,90,90,1.0,True,-0.43542857142857183,0.0,0,0,8.786000000000001
westcoast_0008,crw_005,48.22499847412109,-124.2750015258789,3.2244405435639765,2010,90,90,1.0,True,0.8793571428571428,36.8755,5,4,8.786000000000001
westcoast_0008,crw_005,48.22499847412109,-124.2750015258789,3.2244405435639765,2011,90,90,1.0,True,0.012214285714285542,0.5874999999999986,0,0,8.786000000000001
westcoast_0008,crw_005,48.22499847412109,-124.2750015258789,3.2244405435639765,2012,91,91,1.0,True,-0.039928571428571126,0.23950000000000138,0,0,8.786000000000001
westcoast_0008,crw_005,48.22499847412109,-124.2750015258789,3.2244405435639765,2013,90,90,1.0,True,0.35521428571428565,5.021999999999997,0,0,8.786000000000001
westcoast_0008,crw_005,48.22499847412109,-124.2750015258789,3.2244405435639765,2014,90,90,1.0,True,0.5447142857142862,5.143500000000002,1,1,8.786000000000001
westcoast_0008,crw_005,48.22499847412109,-124.2750015258789,3.2244405435639765,2015,90,90,1.0,True,2.0517857142857143,118.39299999999999,75,26,8.786000000000001
westcoast_0008,crw_005,48.22499847412109,-124.2750015258789,3.2244405435639765,2016,91,91,1.0,True,1.7373571428571428,109.79175,64,49,8.786000000000001
westcoast_0008,crw_005,48.22499847412109,-124.2750015258789,3.2244405435639765,2017,90,90,1.0,True,0.4759999999999996,11.677999999999994,3,3,8.786000000000001
westcoast_0008,crw_005,48.22499847412109,-124.2750015258789,3.2244405435639765,2018,90,90,1.0,True,1.2672857142857141,40.43350000000001,6,3,8.786000000000001
westcoast_0008,crw_005,48.22499847412109,-124.2750015258789,3.2244405435639765,2019,90,90,1.0,True,1.0489285714285714,43.962999999999994,11,6,8.786000000000001
westcoast_0008,crw_005,48.22499847412109,-124.2750015258789,3.2244405435639765,2020,91,91,1.0,True,1.0332857142857148,23.256000000000004,0,0,8.786000000000001
westcoast_0008,crw_005,48.22499847412109,-124.2750015258789,3.2244405435639765,2021,90,90,1.0,True,0.9192142857142854,25.582,5,3,8.786000000000001
westcoast_0008,crw_005,48.22499847412109,-124.2750015258789,3.2244405435639765,2022,90,90,1.0,True,0.2593571428571429,4.752999999999995,0,0,8.786000000000001
westcoast_0008,crw_005,48.22499847412109,-124.2750015258789,3.2244405435639765,2023,90,90,1.0,True,0.6622142857142858,16.6735,0,0,8.786000000000001
westcoast_0008,crw_005,48.22499847412109,-124.2750015258789,3.2244405435639765,2024,91,90,0.989010989010989,True,1.8485714285714288,72.01674999999999,32,12,8.786000000000001
westcoast_0010,crw_006,48.22499847412109,-124.125,1.1180047429325977,1985,90,90,1.0,True,-0.09607142857142836,0.5820000000000007,0,0,8.752000000000002
westcoast_0010,crw_006,48.22499847412109,-124.125,1.1180047429325977,1986,90,90,1.0,True,0.7952857142857145,23.512,9,5,8.752000000000002
westcoast_0010,crw_006,48.22499847412109,-124.125,1.1180047429325977,1987,90,90,1.0,True,0.9589285714285715,35.217,2,2,8.752000000000002
westcoast_0010,crw_006,48.22499847412109,-124.125,1.1180047429325977,1988,91,91,1.0,True,0.4447142857142858,6.527000000000006,0,0,8.752000000000002
westcoast_0010,crw_006,48.22499847412109,-124.125,1.1180047429325977,1989,90,90,1.0,True,-0.3075714285714288,0.0,0,0,8.752000000000002
westcoast_0010,crw_006,48.22499847412109,-124.125,1.1180047429325977,1990,90,90,1.0,True,0.17514285714285713,3.7185000000000006,0,0,8.752000000000002
westcoast_0010,crw_006,48.22499847412109,-124.125,1.1180047429325977,1991,90,90,1.0,True,0.01149999999999997,0.2635000000000005,0,0,8.752000000000002
westcoast_0010,crw_006,48.22499847412109,-124.125,1.1180047429325977,1992,91,91,1.0,True,1.2610714285714286,57.98649999999999,32,26,8.752000000000002
westcoast_0010,crw_006,48.22499847412109,-124.125,1.1180047429325977,1993,90,90,1.0,True,0.14828571428571483,3.655500000000001,1,1,8.752000000000002
westcoast_0010,crw_006,48.22499847412109,-124.125,1.1180047429325977,1994,90,90,1.0,True,0.8898571428571429,23.323999999999998,7,6,8.752000000000002
westcoast_0010,crw_006,48.22499847412109,-124.125,1.1180047429325977,1995,90,90,1.0,True,1.1300000000000001,45.1635,19,11,8.752000000000002
westcoast_0010,crw_006,48.22499847412109,-124.125,1.1180047429325977,1996,91,91,1.0,True,1.0050714285714286,28.47200000000001,8,8,8.752000000000002
westcoast_0010,crw_006,48.22499847412109,-124.125,1.1180047429325977,1997,90,90,1.0,True,0.11878571428571456,1.3304999999999998,0,0,8.752000000000002
westcoast_0010,crw_006,48.22499847412109,-124.125,1.1180047429325977,1998,90,90,1.0,True,1.8832857142857147,110.34700000000001,68,31,8.752000000000002
westcoast_0010,crw_006,48.22499847412109,-124.125,1.1180047429325977,1999,90,90,1.0,True,0.15171428571428525,1.4809999999999999,0,0,8.752000000000002
westcoast_0010,crw_006,48.22499847412109,-124.125,1.1180047429325977,2000,91,91,1.0,True,0.10714285714285676,1.547499999999995,0,0,8.752000000000002
westcoast_0010,crw_006,48.22499847412109,-124.125,1.1180047429325977,2001,90,90,1.0,True,0.21207142857142852,2.0709999999999997,0,0,8.752000000000002
westcoast_0010,crw_006,48.22499847412109,-124.125,1.1180047429325977,2002,90,90,1.0,True,0.2966428571428573,2.9624999999999995,0,0,8.752000000000002
westcoast_0010,crw_006,48.22499847412109,-124.125,1.1180047429325977,2003,90,90,1.0,True,1.4616428571428575,75.29700000000001,35,13,8.752000000000002
westcoast_0010,crw_006,48.22499847412109,-124.125,1.1180047429325977,2004,91,91,1.0,True,0.6677142857142859,18.2725,0,0,8.752000000000002
westcoast_0010,crw_006,48.22499847412109,-124.125,1.1180047429325977,2005,90,90,1.0,True,0.5009999999999997,23.006,3,3,8.752000000000002
westcoast_0010,crw_006,48.22499847412109,-124.125,1.1180047429325977,2006,90,90,1.0,True,1.251142857142858,47.29150000000001,13,8,8.752000000000002
westcoast_0010,crw_006,48.22499847412109,-124.125,1.1180047429325977,2007,90,90,1.0,True,0.30342857142857166,7.139500000000009,0,0,8.752000000000002
westcoast_0010,crw_006,48.22499847412109,-124.125,1.1180047429325977,2008,91,91,1.0,True,-0.20749999999999957,0.0,0,0,8.752000000000002
westcoast_0010,crw_006,48.22499847412109,-124.125,1.1180047429325977,2009,90,90,1.0,True,-0.3411428571428575,0.0,0,0,8.752000000000002
westcoast_0010,crw_006,48.22499847412109,-124.125,1.1180047429325977,2010,90,90,1.0,True,0.8575000000000002,35.62050000000001,2,1,8.752000000000002
westcoast_0010,crw_006,48.22499847412109,-124.125,1.1180047429325977,2011,90,90,1.0,True,-0.0032142857142853287,0.7395000000000032,0,0,8.752000000000002
westcoast_0010,crw_006,48.22499847412109,-124.125,1.1180047429325977,2012,91,91,1.0,True,-0.09042857142857118,0.18700000000000028,0,0,8.752000000000002
westcoast_0010,crw_006,48.22499847412109,-124.125,1.1180047429325977,2013,90,90,1.0,True,0.3796428571428576,5.594500000000005,0,0,8.752000000000002
westcoast_0010,crw_006,48.22499847412109,-124.125,1.1180047429325977,2014,90,90,1.0,True,0.5507857142857142,5.1469999999999985,1,1,8.752000000000002
westcoast_0010,crw_006,48.22499847412109,-124.125,1.1180047429325977,2015,90,90,1.0,True,1.9736428571428575,113.657,73,28,8.752000000000002
westcoast_0010,crw_006,48.22499847412109,-124.125,1.1180047429325977,2016,91,91,1.0,True,1.597714285714286,99.968,58,34,8.752000000000002
westcoast_0010,crw_006,48.22499847412109,-124.125,1.1180047429325977,2017,90,90,1.0,True,0.43321428571428505,10.089999999999996,2,1,8.752000000000002
westcoast_0010,crw_006,48.22499847412109,-124.125,1.1180047429325977,2018,90,90,1.0,True,1.1647857142857139,38.01150000000001,2,1,8.752000000000002
westcoast_0010,crw_006,48.22499847412109,-124.125,1.1180047429325977,2019,90,90,1.0,True,1.0361428571428573,41.76850000000002,8,4,8.752000000000002
westcoast_0010,crw_006,48.22499847412109,-124.125,1.1180047429325977,2020,91,91,1.0,True,0.856071428571429,20.131000000000007,0,0,8.752000000000002
westcoast_0010,crw_006,48.22499847412109,-124.125,1.1180047429325977,2021,90,90,1.0,True,0.8569285714285713,25.084500000000006,3,2,8.752000000000002
westcoast_0010,crw_006,48.22499847412109,-124.125,1.1180047429325977,2022,90,90,1.0,True,0.2430714285714286,5.193999999999997,0,0,8.752000000000002
westcoast_0010,crw_006,48.22499847412109,-124.125,1.1180047429325977,2023,90,90,1.0,True,0.6032857142857139,15.001499999999998,0,0,8.752000000000002
westcoast_0010,crw_006,48.22499847412109,-124.125,1.1180047429325977,2024,91,90,0.989010989010989,True,1.761071428571429,71.22699999999999,31,12,8.752000000000002
westcoast_0011,crw_007,48.22499847412109,-124.0250015258789,1.3733690672626009,1985,90,90,1.0,True,-0.10192857142857152,0.5205000000000002,0,0,8.72
westcoast_0011,crw_007,48.22499847412109,-124.0250015258789,1.3733690672626009,1986,90,90,1.0,True,0.7926428571428569,22.185000000000002,7,3,8.72
westcoast_0011,crw_007,48.22499847412109,-124.0250015258789,1.3733690672626009,1987,90,90,1.0,True,0.9403571428571432,33.870000000000005,2,2,8.72
westcoast_0011,crw_007,48.22499847412109,-124.0250015258789,1.3733690672626009,1988,91,91,1.0,True,0.32285714285714284,5.3050000000000015,0,0,8.72
westcoast_0011,crw_007,48.22499847412109,-124.0250015258789,1.3733690672626009,1989,90,90,1.0,True,-0.2875714285714287,0.0,0,0,8.72
westcoast_0011,crw_007,48.22499847412109,-124.0250015258789,1.3733690672626009,1990,90,90,1.0,True,0.17600000000000002,3.4524999999999997,0,0,8.72
westcoast_0011,crw_007,48.22499847412109,-124.0250015258789,1.3733690672626009,1991,90,90,1.0,True,0.0001428571428569368,0.20199999999999907,0,0,8.72
westcoast_0011,crw_007,48.22499847412109,-124.0250015258789,1.3733690672626009,1992,91,91,1.0,True,1.2639999999999998,56.9495,32,26,8.72
westcoast_0011,crw_007,48.22499847412109,-124.0250015258789,1.3733690672626009,1993,90,90,1.0,True,0.15199999999999975,3.7584999999999953,1,1,8.72
westcoast_0011,crw_007,48.22499847412109,-124.0250015258789,1.3733690672626009,1994,90,90,1.0,True,0.9384285714285718,23.607999999999997,9,6,8.72
westcoast_0011,crw_007,48.22499847412109,-124.0250015258789,1.3733690672626009,1995,90,90,1.0,True,1.0624999999999998,43.696,16,10,8.72
westcoast_0011,crw_007,48.22499847412109,-124.0250015258789,1.3733690672626009,1996,91,91,1.0,True,1.006357142857143,28.0355,8,8,8.72
westcoast_0011,crw_007,48.22499847412109,-124.0250015258789,1.3733690672626009,1997,90,90,1.0,True,0.11221428571428557,1.4285000000000014,0,0,8.72
westcoast_0011,crw_007,48.22499847412109,-124.0250015258789,1.3733690672626009,1998,90,90,1.0,True,1.8263571428571428,109.726,68,31,8.72
westcoast_0011,crw_007,48.22499847412109,-124.0250015258789,1.3733690672626009,1999,90,90,1.0,True,0.15050000000000008,1.4080000000000013,0,0,8.72
westcoast_0011,crw_007,48.22499847412109,-124.0250015258789,1.3733690672626009,2000,91,91,1.0,True,0.15785714285714267,1.9949999999999974,0,0,8.72
westcoast_0011,crw_007,48.22499847412109,-124.0250015258789,1.3733690672626009,2001,90,90,1.0,True,0.21949999999999964,2.0235000000000003,0,0,8.72
westcoast_0011,crw_007,48.22499847412109,-124.0250015258789,1.3733690672626009,2002,90,90,1.0,True,0.23500000000000046,2.494500000000002,0,0,8.72
westcoast_0011,crw_007,48.22499847412109,-124.0250015258789,1.3733690672626009,2003,90,90,1.0,True,1.5279285714285713,75.81600000000002,37,14,8.72
westcoast_0011,crw_007,48.22499847412109,-124.0250015258789,1.3733690672626009,2004,91,91,1.0,True,0.643642857142857,17.775499999999994,0,0,8.72
westcoast_0011,crw_007,48.22499847412109,-124.0250015258789,1.3733690672626009,2005,90,90,1.0,True,0.5057857142857144,24.017999999999994,4,4,8.72
westcoast_0011,crw_007,48.22499847412109,-124.0250015258789,1.3733690672626009,2006,90,90,1.0,True,1.2134285714285713,47.00650000000001,13,8,8.72
westcoast_0011,crw_007,48.22499847412109,-124.0250015258789,1.3733690672626009,2007,90,90,1.0,True,0.2837857142857142,6.942999999999995,0,0,8.72
westcoast_0011,crw_007,48.22499847412109,-124.0250015258789,1.3733690672626009,2008,91,91,1.0,True,-0.19764285714285723,0.0,0,0,8.72
westcoast_0011,crw_007,48.22499847412109,-124.0250015258789,1.3733690672626009,2009,90,90,1.0,True,-0.3323571428571429,0.0,0,0,8.72
westcoast_0011,crw_007,48.22499847412109,-124.0250015258789,1.3733690672626009,2010,90,90,1.0,True,0.8603571428571432,35.518,6,4,8.72
westcoast_0011,crw_007,48.22499847412109,-124.0250015258789,1.3733690672626009,2011,90,90,1.0,True,0.0037857142857143445,0.7900000000000009,0,0,8.72
westcoast_0011,crw_007,48.22499847412109,-124.0250015258789,1.3733690672626009,2012,91,91,1.0,True,-0.10207142857142884,0.13399999999999945,0,0,8.72
westcoast_0011,crw_007,48.22499847412109,-124.0250015258789,1.3733690672626009,2013,90,90,1.0,True,0.3523571428571426,5.675,0,0,8.72
westcoast_0011,crw_007,48.22499847412109,-124.0250015258789,1.3733690672626009,2014,90,90,1.0,True,0.5664285714285712,5.3599999999999985,2,1,8.72
westcoast_0011,crw_007,48.22499847412109,-124.0250015258789,1.3733690672626009,2015,90,90,1.0,True,1.946214285714286,112.01599999999999,68,27,8.72
westcoast_0011,crw_007,48.22499847412109,-124.0250015258789,1.3733690672626009,2016,91,91,1.0,True,1.554428571428571,96.1785,57,34,8.72
westcoast_0011,crw_007,48.22499847412109,-124.0250015258789,1.3733690672626009,2017,90,90,1.0,True,0.42592857142857177,10.171500000000004,2,1,8.72
westcoast_0011,crw_007,48.22499847412109,-124.0250015258789,1.3733690672626009,2018,90,90,1.0,True,1.128714285714286,37.45850000000001,3,2,8.72
westcoast_0011,crw_007,48.22499847412109,-124.0250015258789,1.3733690672626009,2019,90,90,1.0,True,1.0471428571428574,41.69,10,4,8.72
westcoast_0011,crw_007,48.22499847412109,-124.0250015258789,1.3733690672626009,2020,91,91,1.0,True,0.7423571428571425,18.741,0,0,8.72
westcoast_0011,crw_007,48.22499847412109,-124.0250015258789,1.3733690672626009,2021,90,90,1.0,True,0.800857142857143,24.101999999999997,2,2,8.72
westcoast_0011,crw_007,48.22499847412109,-124.0250015258789,1.3733690672626009,2022,90,90,1.0,True,0.24135714285714283,4.9575000000000005,0,0,8.72
westcoast_0011,crw_007,48.22499847412109,-124.0250015258789,1.3733690672626009,2023,90,90,1.0,True,0.5864285714285715,14.061500000000002,0,0,8.72
westcoast_0011,crw_007,48.22499847412109,-124.0250015258789,1.3733690672626009,2024,91,90,0.989010989010989,True,1.7206428571428571,71.90100000000001,33,12,8.72
westcoast_0013,crw_008,48.125,-124.7249984741211,1.5624972997400974,1985,90,90,1.0,True,-0.33264285714285674,0.10749999999999993,0,0,9.63
westcoast_0013,crw_008,48.125,-124.7249984741211,1.5624972997400974,1986,90,90,1.0,True,1.3487857142857143,35.7625,15,11,9.63
westcoast_0013,crw_008,48.125,-124.7249984741211,1.5624972997400974,1987,90,90,1.0,True,1.3132142857142861,42.4975,5,3,9.63
westcoast_0013,crw_008,48.125,-124.7249984741211,1.5624972997400974,1988,91,91,1.0,True,-0.08535714285714288,0.3230000000000004,0,0,9.63
westcoast_0013,crw_008,48.125,-124.7249984741211,1.5624972997400974,1989,90,90,1.0,True,-0.32449999999999946,0.0,0,0,9.63
westcoast_0013,crw_008,48.125,-124.7249984741211,1.5624972997400974,1990,90,90,1.0,True,0.6575714285714288,12.488500000000005,0,0,9.63
westcoast_0013,crw_008,48.125,-124.7249984741211,1.5624972997400974,1991,90,90,1.0,True,0.26564285714285724,2.017500000000002,0,0,9.63
westcoast_0013,crw_008,48.125,-124.7249984741211,1.5624972997400974,1992,91,91,1.0,True,1.859571428571429,90.91375000000002,39,29,9.63
westcoast_0013,crw_008,48.125,-124.7249984741211,1.5624972997400974,1993,90,90,1.0,True,0.44592857142857156,7.5215,2,2,9.63
westcoast_0013,crw_008,48.125,-124.7249984741211,1.5624972997400974,1994,90,90,1.0,True,0.7697142857142855,29.001999999999995,4,4,9.63
westcoast_0013,crw_008,48.125,-124.7249984741211,1.5624972997400974,1995,90,90,1.0,True,1.5969285714285717,65.713,28,16,9.63
westcoast_0013,crw_008,48.125,-124.7249984741211,1.5624972997400974,1996,91,91,1.0,True,1.2089999999999999,44.105250000000005,4,3,9.63
westcoast_0013,crw_008,48.125,-124.7249984741211,1.5624972997400974,1997,90,90,1.0,True,0.34071428571428647,2.6085000000000047,0,0,9.63
westcoast_0013,crw_008,48.125,-124.7249984741211,1.5624972997400974,1998,90,90,1.0,True,2.1210714285714283,130.222,63,28,9.63
westcoast_0013,crw_008,48.125,-124.7249984741211,1.5624972997400974,1999,90,90,1.0,True,-0.12135714285714297,0.0,0,0,9.63
westcoast_0013,crw_008,48.125,-124.7249984741211,1.5624972997400974,2000,91,91,1.0,True,0.22071428571428647,3.086000000000002,0,0,9.63
westcoast_0013,crw_008,48.125,-124.7249984741211,1.5624972997400974,2001,90,90,1.0,True,0.5486428571428572,8.948500000000003,0,0,9.63
westcoast_0013,crw_008,48.125,-124.7249984741211,1.5624972997400974,2002,90,90,1.0,True,0.8620714285714283,11.682000000000002,0,0,9.63
westcoast_0013,crw_008,48.125,-124.7249984741211,1.5624972997400974,2003,90,90,1.0,True,1.701857142857143,76.19200000000001,17,11,9.63
westcoast_0013,crw_008,48.125,-124.7249984741211,1.5624972997400974,2004,91,91,1.0,True,0.6434285714285719,19.00475,0,0,9.63
westcoast_0013,crw_008,48.125,-124.7249984741211,1.5624972997400974,2005,90,90,1.0,True,0.8462857142857152,31.772000000000013,7,6,9.63
westcoast_0013,crw_008,48.125,-124.7249984741211,1.5624972997400974,2006,90,90,1.0,True,1.6247142857142851,62.035999999999994,23,20,9.63
westcoast_0013,crw_008,48.125,-124.7249984741211,1.5624972997400974,2007,90,90,1.0,True,0.7946428571428577,8.508500000000009,0,0,9.63
westcoast_0013,crw_008,48.125,-124.7249984741211,1.5624972997400974,2008,91,91,1.0,True,-0.35021428571428587,0.0,0,0,9.63
westcoast_0013,crw_008,48.125,-124.7249984741211,1.5624972997400974,2009,90,90,1.0,True,-0.5093571428571427,0.0,0,0,9.63
westcoast_0013,crw_008,48.125,-124.7249984741211,1.5624972997400974,2010,90,90,1.0,True,1.1058571428571429,48.831500000000005,3,3,9.63
westcoast_0013,crw_008,48.125,-124.7249984741211,1.5624972997400974,2011,90,90,1.0,True,0.10464285714285763,1.3440000000000047,0,0,9.63
westcoast_0013,crw_008,48.125,-124.7249984741211,1.5624972997400974,2012,91,91,1.0,True,-0.0967142857142854,0.047500000000002984,0,0,9.63
westcoast_0013,crw_008,48.125,-124.7249984741211,1.5624972997400974,2013,90,90,1.0,True,0.1303571428571433,1.1810000000000027,0,0,9.63
westcoast_0013,crw_008,48.125,-124.7249984741211,1.5624972997400974,2014,90,90,1.0,True,0.45564285714285696,5.516500000000004,0,0,9.63
westcoast_0013,crw_008,48.125,-124.7249984741211,1.5624972997400974,2015,90,90,1.0,True,2.608571428571428,151.932,76,27,9.63
westcoast_0013,crw_008,48.125,-124.7249984741211,1.5624972997400974,2016,91,91,1.0,True,2.0412142857142856,122.19075,61,49,9.63
westcoast_0013,crw_008,48.125,-124.7249984741211,1.5624972997400974,2017,90,90,1.0,True,0.4825714285714281,13.897500000000006,1,1,9.63
westcoast_0013,crw_008,48.125,-124.7249984741211,1.5624972997400974,2018,90,90,1.0,True,1.6591428571428575,44.545,10,8,9.63
westcoast_0013,crw_008,48.125,-124.7249984741211,1.5624972997400974,2019,90,90,1.0,True,1.3625714285714288,49.47649999999999,3,3,9.63
westcoast_0013,crw_008,48.125,-124.7249984741211,1.5624972997400974,2020,91,91,1.0,True,1.0379285714285715,28.28450000000001,0,0,9.63
westcoast_0013,crw_008,48.125,-124.7249984741211,1.5624972997400974,2021,90,90,1.0,True,0.9732142857142857,20.140500000000003,0,0,9.63
westcoast_0013,crw_008,48.125,-124.7249984741211,1.5624972997400974,2022,90,90,1.0,True,0.2998571428571429,3.9484999999999992,0,0,9.63
westcoast_0013,crw_008,48.125,-124.7249984741211,1.5624972997400974,2023,90,90,1.0,True,0.9072857142857144,18.713500000000003,0,0,9.63
westcoast_0013,crw_008,48.125,-124.7249984741211,1.5624972997400974,2024,91,90,0.989010989010989,True,1.8708571428571428,97.18025,42,11,9.63
westcoast_0014,crw_009,48.125,-123.9250030517578,6.277104330213311,1985,90,90,1.0,True,-0.07000000000000003,0.5540000000000003,0,0,8.68
westcoast_0014,crw_009,48.125,-123.9250030517578,6.277104330213311,1986,90,90,1.0,True,0.8212142857142857,20.677499999999995,6,3,8.68
westcoast_0014,crw_009,48.125,-123.9250030517578,6.277104330213311,1987,90,90,1.0,True,0.9432857142857144,32.1785,2,2,8.68
westcoast_0014,crw_009,48.125,-123.9250030517578,6.277104330213311,1988,91,91,1.0,True,0.15949999999999992,3.699499999999998,0,0,8.68
westcoast_0014,crw_009,48.125,-123.9250030517578,6.277104330213311,1989,90,90,1.0,True,-0.24300000000000008,0.0,0,0,8.68
westcoast_0014,crw_009,48.125,-123.9250030517578,6.277104330213311,1990,90,90,1.0,True,0.08785714285714288,2.644000000000002,0,0,8.68
westcoast_0014,crw_009,48.125,-123.9250030517578,6.277104330213311,1991,90,90,1.0,True,-0.03021428571428559,0.18799999999999883,0,0,8.68
westcoast_0014,crw_009,48.125,-123.9250030517578,6.277104330213311,1992,91,91,1.0,True,1.2519285714285715,55.36549999999999,34,26,8.68
westcoast_0014,crw_009,48.125,-123.9250030517578,6.277104330213311,1993,90,90,1.0,True,0.16107142857142837,3.7524999999999986,1,1,8.68
westcoast_0014,crw_009,48.125,-123.9250030517578,6.277104330213311,1994,90,90,1.0,True,0.8669999999999997,24.388999999999996,9,6,8.68
westcoast_0014,crw_009,48.125,-123.9250030517578,6.277104330213311,1995,90,90,1.0,True,0.8896428571428566,40.312,13,9,8.68
westcoast_0014,crw_009,48.125,-123.9250030517578,6.277104330213311,1996,91,91,1.0,True,1.0156428571428573,27.533999999999995,5,4,8.68
westcoast_0014,crw_009,48.125,-123.9250030517578,6.277104330213311,1997,90,90,1.0,True,0.07285714285714295,1.2379999999999987,0,0,8.68
westcoast_0014,crw_009,48.125,-123.9250030517578,6.277104330213311,1998,90,90,1.0,True,1.7329285714285712,107.05699999999999,69,54,8.68
westcoast_0014,crw_009,48.125,-123.9250030517578,6.277104330213311,1999,90,90,1.0,True,0.13778571428571432,1.1164999999999985,0,0,8.68
westcoast_0014,crw_009,48.125,-123.9250030517578,6.277104330213311,2000,91,91,1.0,True,0.16685714285714312,2.1010000000000026,0,0,8.68
westcoast_0014,crw_009,48.125,-123.9250030517578,6.277104330213311,2001,90,90,1.0,True,0.1879285714285712,1.8760000000000003,0,0,8.68
westcoast_0014,crw_009,48.125,-123.9250030517578,6.277104330213311,2002,90,90,1.0,True,0.14664285714285694,1.8344999999999976,0,0,8.68
westcoast_0014,crw_009,48.125,-123.9250030517578,6.277104330213311,2003,90,90,1.0,True,1.5471428571428567,74.587,40,14,8.68
westcoast_0014,crw_009,48.125,-123.9250030517578,6.277104330213311,2004,91,91,1.0,True,0.6228571428571426,16.616500000000002,0,0,8.68
westcoast_0014,crw_009,48.125,-123.9250030517578,6.277104330213311,2005,90,90,1.0,True,0.5324999999999998,25.71499999999999,5,5,8.68
westcoast_0014,crw_009,48.125,-123.9250030517578,6.277104330213311,2006,90,90,1.0,True,1.1525000000000003,46.499,13,8,8.68
westcoast_0014,crw_009,48.125,-123.9250030517578,6.277104330213311,2007,90,90,1.0,True,0.2899999999999999,6.7404999999999955,0,0,8.68
westcoast_0014,crw_009,48.125,-123.9250030517578,6.277104330213311,2008,91,91,1.0,True,-0.19142857142857167,0.0,0,0,8.68
westcoast_0014,crw_009,48.125,-123.9250030517578,6.277104330213311,2009,90,90,1.0,True,-0.3322142857142856,0.0,0,0,8.68
westcoast_0014,crw_009,48.125,-123.9250030517578,6.277104330213311,2010,90,90,1.0,True,0.8618571428571429,35.1785,8,5,8.68
westcoast_0014,crw_009,48.125,-123.9250030517578,6.277104330213311,2011,90,90,1.0,True,0.04142857142857131,0.8374999999999995,0,0,8.68
westcoast_0014,crw_009,48.125,-123.9250030517578,6.277104330213311,2012,91,91,1.0,True,-0.09571428571428596,0.04499999999999993,0,0,8.68
westcoast_0014,crw_009,48.125,-123.9250030517578,6.277104330213311,2013,90,90,1.0,True,0.3503571428571433,5.638499999999998,0,0,8.68
westcoast_0014,crw_009,48.125,-123.9250030517578,6.277104330213311,2014,90,90,1.0,True,0.5798571428571426,5.386499999999994,3,3,8.68
westcoast_0014,crw_009,48.125,-123.9250030517578,6.277104330213311,2015,90,90,1.0,True,1.9424285714285714,110.257,66,28,8.68
westcoast_0014,crw_009,48.125,-123.9250030517578,6.277104330213311,2016,91,91,1.0,True,1.5168571428571427,92.014,57,34,8.68
westcoast_0014,crw_009,48.125,-123.9250030517578,6.277104330213311,2017,90,90,1.0,True,0.4252857142857141,10.281499999999994,3,1,8.68
westcoast_0014,crw_009,48.125,-123.9250030517578,6.277104330213311,2018,90,90,1.0,True,1.1238571428571429,37.613,3,2,8.68
westcoast_0014,crw_009,48.125,-123.9250030517578,6.277104330213311,2019,90,90,1.0,True,1.092357142857143,43.165,13,5,8.68
westcoast_0014,crw_009,48.125,-123.9250030517578,6.277104330213311,2020,91,91,1.0,True,0.6480714285714283,17.695999999999994,0,0,8.68
westcoast_0014,crw_009,48.125,-123.9250030517578,6.277104330213311,2021,90,90,1.0,True,0.7565714285714289,23.896999999999995,2,2,8.68
westcoast_0014,crw_009,48.125,-123.9250030517578,6.277104330213311,2022,90,90,1.0,True,0.2426428571428569,4.604499999999996,0,0,8.68
westcoast_0014,crw_009,48.125,-123.9250030517578,6.277104330213311,2023,90,90,1.0,True,0.6233571428571428,14.604499999999998,0,0,8.68
westcoast_0014,crw_009,48.125,-123.9250030517578,6.277104330213311,2024,91,90,0.989010989010989,True,1.738785714285714,74.67099999999999,31,12,8.68
westcoast_0015,crw_009,48.125,-123.9250030517578,2.151191209401529,1985,90,90,1.0,True,-0.07000000000000003,0.5540000000000003,0,0,8.68
westcoast_0015,crw_009,48.125,-123.9250030517578,2.151191209401529,1986,90,90,1.0,True,0.8212142857142857,20.677499999999995,6,3,8.68
westcoast_0015,crw_009,48.125,-123.9250030517578,2.151191209401529,1987,90,90,1.0,True,0.9432857142857144,32.1785,2,2,8.68
westcoast_0015,crw_009,48.125,-123.9250030517578,2.151191209401529,1988,91,91,1.0,True,0.15949999999999992,3.699499999999998,0,0,8.68
westcoast_0015,crw_009,48.125,-123.9250030517578,2.151191209401529,1989,90,90,1.0,True,-0.24300000000000008,0.0,0,0,8.68
westcoast_0015,crw_009,48.125,-123.9250030517578,2.151191209401529,1990,90,90,1.0,True,0.08785714285714288,2.644000000000002,0,0,8.68
westcoast_0015,crw_009,48.125,-123.9250030517578,2.151191209401529,1991,90,90,1.0,True,-0.03021428571428559,0.18799999999999883,0,0,8.68
westcoast_0015,crw_009,48.125,-123.9250030517578,2.151191209401529,1992,91,91,1.0,True,1.2519285714285715,55.36549999999999,34,26,8.68
westcoast_0015,crw_009,48.125,-123.9250030517578,2.151191209401529,1993,90,90,1.0,True,0.16107142857142837,3.7524999999999986,1,1,8.68
westcoast_0015,crw_009,48.125,-123.9250030517578,2.151191209401529,1994,90,90,1.0,True,0.8669999999999997,24.388999999999996,9,6,8.68
westcoast_0015,crw_009,48.125,-123.9250030517578,2.151191209401529,1995,90,90,1.0,True,0.8896428571428566,40.312,13,9,8.68
westcoast_0015,crw_009,48.125,-123.9250030517578,2.151191209401529,1996,91,91,1.0,True,1.0156428571428573,27.533999999999995,5,4,8.68
westcoast_0015,crw_009,48.125,-123.9250030517578,2.151191209401529,1997,90,90,1.0,True,0.07285714285714295,1.2379999999999987,0,0,8.68
westcoast_0015,crw_009,48.125,-123.9250030517578,2.151191209401529,1998,90,90,1.0,True,1.7329285714285712,107.05699999999999,69,54,8.68
westcoast_0015,crw_009,48.125,-123.9250030517578,2.151191209401529,1999,90,90,1.0,True,0.13778571428571432,1.1164999999999985,0,0,8.68
westcoast_0015,crw_009,48.125,-123.9250030517578,2.151191209401529,2000,91,91,1.0,True,0.16685714285714312,2.1010000000000026,0,0,8.68
westcoast_0015,crw_009,48.125,-123.9250030517578,2.151191209401529,2001,90,90,1.0,True,0.1879285714285712,1.8760000000000003,0,0,8.68
westcoast_0015,crw_009,48.125,-123.9250030517578,2.151191209401529,2002,90,90,1.0,True,0.14664285714285694,1.8344999999999976,0,0,8.68
westcoast_0015,crw_009,48.125,-123.9250030517578,2.151191209401529,2003,90,90,1.0,True,1.5471428571428567,74.587,40,14,8.68
westcoast_0015,crw_009,48.125,-123.9250030517578,2.151191209401529,2004,91,91,1.0,True,0.6228571428571426,16.616500000000002,0,0,8.68
westcoast_0015,crw_009,48.125,-123.9250030517578,2.151191209401529,2005,90,90,1.0,True,0.5324999999999998,25.71499999999999,5,5,8.68
westcoast_0015,crw_009,48.125,-123.9250030517578,2.151191209401529,2006,90,90,1.0,True,1.1525000000000003,46.499,13,8,8.68
westcoast_0015,crw_009,48.125,-123.9250030517578,2.151191209401529,2007,90,90,1.0,True,0.2899999999999999,6.7404999999999955,0,0,8.68
westcoast_0015,crw_009,48.125,-123.9250030517578,2.151191209401529,2008,91,91,1.0,True,-0.19142857142857167,0.0,0,0,8.68
westcoast_0015,crw_009,48.125,-123.9250030517578,2.151191209401529,2009,90,90,1.0,True,-0.3322142857142856,0.0,0,0,8.68
westcoast_0015,crw_009,48.125,-123.9250030517578,2.151191209401529,2010,90,90,1.0,True,0.8618571428571429,35.1785,8,5,8.68
westcoast_0015,crw_009,48.125,-123.9250030517578,2.151191209401529,2011,90,90,1.0,True,0.04142857142857131,0.8374999999999995,0,0,8.68
westcoast_0015,crw_009,48.125,-123.9250030517578,2.151191209401529,2012,91,91,1.0,True,-0.09571428571428596,0.04499999999999993,0,0,8.68
westcoast_0015,crw_009,48.125,-123.9250030517578,2.151191209401529,2013,90,90,1.0,True,0.3503571428571433,5.638499999999998,0,0,8.68
westcoast_0015,crw_009,48.125,-123.9250030517578,2.151191209401529,2014,90,90,1.0,True,0.5798571428571426,5.386499999999994,3,3,8.68
westcoast_0015,crw_009,48.125,-123.9250030517578,2.151191209401529,2015,90,90,1.0,True,1.9424285714285714,110.257,66,28,8.68
westcoast_0015,crw_009,48.125,-123.9250030517578,2.151191209401529,2016,91,91,1.0,True,1.5168571428571427,92.014,57,34,8.68
westcoast_0015,crw_009,48.125,-123.9250030517578,2.151191209401529,2017,90,90,1.0,True,0.4252857142857141,10.281499999999994,3,1,8.68
westcoast_0015,crw_009,48.125,-123.9250030517578,2.151191209401529,2018,90,90,1.0,True,1.1238571428571429,37.613,3,2,8.68
westcoast_0015,crw_009,48.125,-123.9250030517578,2.151191209401529,2019,90,90,1.0,True,1.092357142857143,43.165,13,5,8.68
westcoast_0015,crw_009,48.125,-123.9250030517578,2.151191209401529,2020,91,91,1.0,True,0.6480714285714283,17.695999999999994,0,0,8.68
westcoast_0015,crw_009,48.125,-123.9250030517578,2.151191209401529,2021,90,90,1.0,True,0.7565714285714289,23.896999999999995,2,2,8.68
westcoast_0015,crw_009,48.125,-123.9250030517578,2.151191209401529,2022,90,90,1.0,True,0.2426428571428569,4.604499999999996,0,0,8.68
westcoast_0015,crw_009,48.125,-123.9250030517578,2.151191209401529,2023,90,90,1.0,True,0.6233571428571428,14.604499999999998,0,0,8.68
westcoast_0015,crw_009,48.125,-123.9250030517578,2.151191209401529,2024,91,90,0.989010989010989,True,1.738785714285714,74.67099999999999,31,12,8.68
westcoast_0016,crw_010,48.125,-123.7750015258789,2.355603672359233,1985,90,90,1.0,True,-0.06557142857142852,0.5455000000000014,0,0,8.66
westcoast_0016,crw_010,48.125,-123.7750015258789,2.355603672359233,1986,90,90,1.0,True,0.823642857142857,19.973499999999998,5,3,8.66
westcoast_0016,crw_010,48.125,-123.7750015258789,2.355603672359233,1987,90,90,1.0,True,0.9437857142857146,31.674000000000007,4,2,8.66
westcoast_0016,crw_010,48.125,-123.7750015258789,2.355603672359233,1988,91,91,1.0,True,0.11314285714285736,3.3875000000000046,0,0,8.66
westcoast_0016,crw_010,48.125,-123.7750015258789,2.355603672359233,1989,90,90,1.0,True,-0.16485714285714298,0.0,0,0,8.66
westcoast_0016,crw_010,48.125,-123.7750015258789,2.355603672359233,1990,90,90,1.0,True,0.09728571428571442,2.641000000000002,0,0,8.66
westcoast_0016,crw_010,48.125,-123.7750015258789,2.355603672359233,1991,90,90,1.0,True,-0.035857142857142775,0.17649999999999633,0,0,8.66
westcoast_0016,crw_010,48.125,-123.7750015258789,2.355603672359233,1992,91,91,1.0,True,1.2966428571428577,54.3095,34,26,8.66
westcoast_0016,crw_010,48.125,-123.7750015258789,2.355603672359233,1993,90,90,1.0,True,0.13971428571428568,3.9039999999999964,0,0,8.66
westcoast_0016,crw_010,48.125,-123.7750015258789,2.355603672359233,1994,90,90,1.0,True,0.8779999999999998,25.154499999999995,9,5,8.66
westcoast_0016,crw_010,48.125,-123.7750015258789,2.355603672359233,1995,90,90,1.0,True,0.8447857142857143,38.877500000000005,14,9,8.66
westcoast_0016,crw_010,48.125,-123.7750015258789,2.355603672359233,1996,91,91,1.0,True,0.9978571428571431,26.359999999999996,4,4,8.66
westcoast_0016,crw_010,48.125,-123.7750015258789,2.355603672359233,1997,90,90,1.0,True,0.04671428571428533,1.3199999999999994,0,0,8.66
westcoast_0016,crw_010,48.125,-123.7750015258789,2.355603672359233,1998,90,90,1.0,True,1.6787142857142858,106.146,69,54,8.66
westcoast_0016,crw_010,48.125,-123.7750015258789,2.355603672359233,1999,90,90,1.0,True,0.129142857142857,1.0024999999999986,0,0,8.66
westcoast_0016,crw_010,48.125,-123.7750015258789,2.355603672359233,2000,91,91,1.0,True,0.16414285714285665,2.0869999999999944,0,0,8.66
westcoast_0016,crw_010,48.125,-123.7750015258789,2.355603672359233,2001,90,90,1.0,True,0.2318571428571429,2.3530000000000006,0,0,8.66
westcoast_0016,crw_010,48.125,-123.7750015258789,2.355603672359233,2002,90,90,1.0,True,0.0733571428571428,1.5700000000000003,0,0,8.66
westcoast_0016,crw_010,48.125,-123.7750015258789,2.355603672359233,2003,90,90,1.0,True,1.4452857142857138,72.016,41,13,8.66
westcoast_0016,crw_010,48.125,-123.7750015258789,2.355603672359233,2004,91,91,1.0,True,0.5137857142857146,14.784500000000005,0,0,8.66
westcoast_0016,crw_010,48.125,-123.7750015258789,2.355603672359233,2005,90,90,1.0,True,0.6068571428571425,28.22950000000001,6,6,8.66
westcoast_0016,crw_010,48.125,-123.7750015258789,2.355603672359233,2006,90,90,1.0,True,1.0940000000000005,45.657,11,3,8.66
westcoast_0016,crw_010,48.125,-123.7750015258789,2.355603672359233,2007,90,90,1.0,True,0.31157142857142855,7.080500000000001,0,0,8.66
westcoast_0016,crw_010,48.125,-123.7750015258789,2.355603672359233,2008,91,91,1.0,True,-0.20271428571428565,0.0,0,0,8.66
westcoast_0016,crw_010,48.125,-123.7750015258789,2.355603672359233,2009,90,90,1.0,True,-0.3780000000000002,0.0,0,0,8.66
westcoast_0016,crw_010,48.125,-123.7750015258789,2.355603672359233,2010,90,90,1.0,True,0.8588571428571428,36.093,9,5,8.66
westcoast_0016,crw_010,48.125,-123.7750015258789,2.355603672359233,2011,90,90,1.0,True,0.060142857142857435,0.8490000000000002,0,0,8.66
westcoast_0016,crw_010,48.125,-123.7750015258789,2.355603672359233,2012,91,91,1.0,True,-0.06185714285714334,0.04049999999999976,0,0,8.66
westcoast_0016,crw_010,48.125,-123.7750015258789,2.355603672359233,2013,90,90,1.0,True,0.3619285714285712,5.8715,0,0,8.66
westcoast_0016,crw_010,48.125,-123.7750015258789,2.355603672359233,2014,90,90,1.0,True,0.5517857142857144,5.082500000000001,3,3,8.66
westcoast_0016,crw_010,48.125,-123.7750015258789,2.355603672359233,2015,90,90,1.0,True,2.015428571428571,109.176,64,25,8.66
westcoast_0016,crw_010,48.125,-123.7750015258789,2.355603672359233,2016,91,91,1.0,True,1.451285714285714,88.59900000000002,53,34,8.66
westcoast_0016,crw_010,48.125,-123.7750015258789,2.355603672359233,2017,90,90,1.0,True,0.32399999999999984,8.471999999999998,1,1,8.66
westcoast_0016,crw_010,48.125,-123.7750015258789,2.355603672359233,2018,90,90,1.0,True,1.0547857142857142,35.85850000000001,2,2,8.66
westcoast_0016,crw_010,48.125,-123.7750015258789,2.355603672359233,2019,90,90,1.0,True,1.0888571428571432,42.78050000000001,11,4,8.66
westcoast_0016,crw_010,48.125,-123.7750015258789,2.355603672359233,2020,91,91,1.0,True,0.634571428571429,17.774500000000003,0,0,8.66
westcoast_0016,crw_010,48.125,-123.7750015258789,2.355603672359233,2021,90,90,1.0,True,0.7532142857142856,22.910000000000004,1,1,8.66
westcoast_0016,crw_010,48.125,-123.7750015258789,2.355603672359233,2022,90,90,1.0,True,0.2673571428571429,4.732,0,0,8.66
westcoast_0016,crw_010,48.125,-123.7750015258789,2.355603672359233,2023,90,90,1.0,True,0.5680000000000002,13.500000000000007,0,0,8.66
westcoast_0016,crw_010,48.125,-123.7750015258789,2.355603672359233,2024,91,90,0.989010989010989,True,1.715642857142857,74.988,30,12,8.66
westcoast_0017,crw_011,48.125,-123.6750030517578,2.1491607853914734,1985,90,90,1.0,True,-0.0550000000000001,0.5634999999999994,0,0,8.620000000000001
westcoast_0017,crw_011,48.125,-123.6750030517578,2.1491607853914734,1986,90,90,1.0,True,0.8012857142857143,18.4735,4,3,8.620000000000001
westcoast_0017,crw_011,48.125,-123.6750030517578,2.1491607853914734,1987,90,90,1.0,True,0.9565000000000002,32.2195,6,4,8.620000000000001
westcoast_0017,crw_011,48.125,-123.6750030517578,2.1491607853914734,1988,91,91,1.0,True,0.13707142857142873,4.000999999999997,0,0,8.620000000000001
westcoast_0017,crw_011,48.125,-123.6750030517578,2.1491607853914734,1989,90,90,1.0,True,-0.0665000000000002,0.07899999999999885,0,0,8.620000000000001
westcoast_0017,crw_011,48.125,-123.6750030517578,2.1491607853914734,1990,90,90,1.0,True,0.10785714285714297,2.7405000000000026,0,0,8.620000000000001
westcoast_0017,crw_011,48.125,-123.6750030517578,2.1491607853914734,1991,90,90,1.0,True,-0.0625,0.05499999999999794,0,0,8.620000000000001
westcoast_0017,crw_011,48.125,-123.6750030517578,2.1491607853914734,1992,91,91,1.0,True,1.3468571428571434,53.10649999999999,34,26,8.620000000000001
westcoast_0017,crw_011,48.125,-123.6750030517578,2.1491607853914734,1993,90,90,1.0,True,0.169357142857143,3.843499999999999,0,0,8.620000000000001
westcoast_0017,crw_011,48.125,-123.6750030517578,2.1491607853914734,1994,90,90,1.0,True,0.8458571428571428,25.9645,9,5,8.620000000000001
westcoast_0017,crw_011,48.125,-123.6750030517578,2.1491607853914734,1995,90,90,1.0,True,0.795428571428571,37.7955,14,9,8.620000000000001
westcoast_0017,crw_011,48.125,-123.6750030517578,2.1491607853914734,1996,91,91,1.0,True,0.9496428571428579,25.082,4,4,8.620000000000001
westcoast_0017,crw_011,48.125,-123.6750030517578,2.1491607853914734,1997,90,90,1.0,True,0.07399999999999997,1.5629999999999997,0,0,8.620000000000001
westcoast_0017,crw_011,48.125,-123.6750030517578,2.1491607853914734,1998,90,90,1.0,True,1.6219999999999999,104.267,69,54,8.620000000000001
westcoast_0017,crw_011,48.125,-123.6750030517578,2.1491607853914734,1999,90,90,1.0,True,0.12985714285714284,0.9995000000000012,0,0,8.620000000000001
westcoast_0017,crw_011,48.125,-123.6750030517578,2.1491607853914734,2000,91,91,1.0,True,0.12778571428571453,1.6034999999999986,0,0,8.620000000000001
westcoast_0017,crw_011,48.125,-123.6750030517578,2.1491607853914734,2001,90,90,1.0,True,0.2657142857142856,2.833999999999998,0,0,8.620000000000001
westcoast_0017,crw_011,48.125,-123.6750030517578,2.1491607853914734,2002,90,90,1.0,True,0.08421428571428587,1.2465000000000002,0,0,8.620000000000001
westcoast_0017,crw_011,48.125,-123.6750030517578,2.1491607853914734,2003,90,90,1.0,True,1.338642857142857,68.837,38,13,8.620000000000001
westcoast_0017,crw_011,48.125,-123.6750030517578,2.1491607853914734,2004,91,91,1.0,True,0.514857142857143,13.471000000000005,0,0,8.620000000000001
westcoast_0017,crw_011,48.125,-123.6750030517578,2.1491607853914734,2005,90,90,1.0,True,0.6723571428571429,30.378500000000006,6,6,8.620000000000001
westcoast_0017,crw_011,48.125,-123.6750030517578,2.1491607853914734,2006,90,90,1.0,True,1.0577142857142856,45.980999999999995,14,5,8.620000000000001
westcoast_0017,crw_011,48.125,-123.6750030517578,2.1491607853914734,2007,90,90,1.0,True,0.3564285714285717,8.142499999999995,0,0,8.620000000000001
westcoast_0017,crw_011,48.125,-123.6750030517578,2.1491607853914734,2008,91,91,1.0,True,-0.17214285714285701,0.0,0,0,8.620000000000001
westcoast_0017,crw_011,48.125,-123.6750030517578,2.1491607853914734,2009,90,90,1.0,True,-0.3844285714285714,0.05200000000000049,0,0,8.620000000000001
westcoast_0017,crw_011,48.125,-123.6750030517578,2.1491607853914734,2010,90,90,1.0,True,0.8350714285714281,37.20199999999999,13,7,8.620000000000001
westcoast_0017,crw_011,48.125,-123.6750030517578,2.1491607853914734,2011,90,90,1.0,True,0.061642857142856985,0.8799999999999999,0,0,8.620000000000001
westcoast_0017,crw_011,48.125,-123.6750030517578,2.1491607853914734,2012,91,91,1.0,True,-0.04564285714285735,0.0519999999999996,0,0,8.620000000000001
westcoast_0017,crw_011,48.125,-123.6750030517578,2.1491607853914734,2013,90,90,1.0,True,0.3559285714285716,6.211500000000003,0,0,8.620000000000001
westcoast_0017,crw_011,48.125,-123.6750030517578,2.1491607853914734,2014,90,90,1.0,True,0.4493571428571429,4.437999999999999,0,0,8.620000000000001
westcoast_0017,crw_011,48.125,-123.6750030517578,2.1491607853914734,2015,90,90,1.0,True,1.9494999999999998,107.557,65,28,8.620000000000001
westcoast_0017,crw_011,48.125,-123.6750030517578,2.1491607853914734,2016,91,91,1.0,True,1.3838571428571425,86.922,54,34,8.620000000000001
westcoast_0017,crw_011,48.125,-123.6750030517578,2.1491607853914734,2017,90,90,1.0,True,0.21949999999999978,7.194499999999992,1,1,8.620000000000001
westcoast_0017,crw_011,48.125,-123.6750030517578,2.1491607853914734,2018,90,90,1.0,True,1.0012142857142858,33.493,1,1,8.620000000000001
westcoast_0017,crw_011,48.125,-123.6750030517578,2.1491607853914734,2019,90,90,1.0,True,1.0485000000000002,41.7085,9,3,8.620000000000001
westcoast_0017,crw_011,48.125,-123.6750030517578,2.1491607853914734,2020,91,91,1.0,True,0.6217142857142861,18.57050000000001,0,0,8.620000000000001
westcoast_0017,crw_011,48.125,-123.6750030517578,2.1491607853914734,2021,90,90,1.0,True,0.7125714285714287,21.981,0,0,8.620000000000001
westcoast_0017,crw_011,48.125,-123.6750030517578,2.1491607853914734,2022,90,90,1.0,True,0.2727857142857141,4.612499999999999,0,0,8.620000000000001
westcoast_0017,crw_011,48.125,-123.6750030517578,2.1491607853914734,2023,90,90,1.0,True,0.48992857142857155,11.699000000000003,0,0,8.620000000000001
westcoast_0017,crw_011,48.125,-123.6750030517578,2.1491607853914734,2024,91,90,0.989010989010989,True,1.615,73.34100000000001,30,12,8.620000000000001
westcoast_0018,crw_012,48.125,-123.5749969482422,1.9587460017468443,1985,90,90,1.0,True,-0.042357142857142475,0.6245000000000012,0,0,8.59
westcoast_0018,crw_012,48.125,-123.5749969482422,1.9587460017468443,1986,90,90,1.0,True,0.7700714285714289,17.095999999999997,4,3,8.59
westcoast_0018,crw_012,48.125,-123.5749969482422,1.9587460017468443,1987,90,90,1.0,True,1.0182857142857142,33.328500000000005,6,5,8.59
westcoast_0018,crw_012,48.125,-123.5749969482422,1.9587460017468443,1988,91,91,1.0,True,0.17785714285714274,5.3425,0,0,8.59
westcoast_0018,crw_012,48.125,-123.5749969482422,1.9587460017468443,1989,90,90,1.0,True,-0.01671428571428584,0.1844999999999999,0,0,8.59
westcoast_0018,crw_012,48.125,-123.5749969482422,1.9587460017468443,1990,90,90,1.0,True,0.12764285714285745,3.056499999999999,0,0,8.59
westcoast_0018,crw_012,48.125,-123.5749969482422,1.9587460017468443,1991,90,90,1.0,True,-0.09250000000000025,0.0,0,0,8.59
westcoast_0018,crw_012,48.125,-123.5749969482422,1.9587460017468443,1992,91,91,1.0,True,1.3690714285714292,52.011,34,25,8.59
westcoast_0018,crw_012,48.125,-123.5749969482422,1.9587460017468443,1993,90,90,1.0,True,0.2208571428571429,3.4174999999999986,0,0,8.59
westcoast_0018,crw_012,48.125,-123.5749969482422,1.9587460017468443,1994,90,90,1.0,True,0.8077142857142855,26.504999999999995,10,5,8.59
westcoast_0018,crw_012,48.125,-123.5749969482422,1.9587460017468443,1995,90,90,1.0,True,0.7919285714285715,36.861000000000004,17,13,8.59
westcoast_0018,crw_012,48.125,-123.5749969482422,1.9587460017468443,1996,91,91,1.0,True,0.9175000000000002,24.441500000000005,4,4,8.59
westcoast_0018,crw_012,48.125,-123.5749969482422,1.9587460017468443,1997,90,90,1.0,True,0.124714285714286,1.8450000000000024,0,0,8.59
westcoast_0018,crw_012,48.125,-123.5749969482422,1.9587460017468443,1998,90,90,1.0,True,1.5722142857142865,102.188,69,54,8.59
westcoast_0018,crw_012,48.125,-123.5749969482422,1.9587460017468443,1999,90,90,1.0,True,0.14535714285714313,1.0915000000000026,0,0,8.59
westcoast_0018,crw_012,48.125,-123.5749969482422,1.9587460017468443,2000,91,91,1.0,True,0.0861428571428571,1.1695000000000002,0,0,8.59
westcoast_0018,crw_012,48.125,-123.5749969482422,1.9587460017468443,2001,90,90,1.0,True,0.278714285714286,3.156500000000001,0,0,8.59
westcoast_0018,crw_012,48.125,-123.5749969482422,1.9587460017468443,2002,90,90,1.0,True,0.08785714285714276,1.1514999999999995,0,0,8.59
westcoast_0018,crw_012,48.125,-123.5749969482422,1.9587460017468443,2003,90,90,1.0,True,1.2577857142857145,65.748,33,13,8.59
westcoast_0018,crw_012,48.125,-123.5749969482422,1.9587460017468443,2004,91,91,1.0,True,0.5207142857142851,12.598999999999993,0,0,8.59
westcoast_0018,crw_012,48.125,-123.5749969482422,1.9587460017468443,2005,90,90,1.0,True,0.7035714285714284,31.627499999999998,6,6,8.59
westcoast_0018,crw_012,48.125,-123.5749969482422,1.9587460017468443,2006,90,90,1.0,True,1.0634285714285714,47.14200000000002,13,5,8.59
westcoast_0018,crw_012,48.125,-123.5749969482422,1.9587460017468443,2007,90,90,1.0,True,0.4019285714285716,9.253500000000006,0,0,8.59
westcoast_0018,crw_012,48.125,-123.5749969482422,1.9587460017468443,2008,91,91,1.0,True,-0.1309285714285712,0.034999999999999254,0,0,8.59
westcoast_0018,crw_012,48.125,-123.5749969482422,1.9587460017468443,2009,90,90,1.0,True,-0.37892857142857117,0.09100000000000019,0,0,8.59
westcoast_0018,crw_012,48.125,-123.5749969482422,1.9587460017468443,2010,90,90,1.0,True,0.8282857142857144,37.80100000000001,14,8,8.59
westcoast_0018,crw_012,48.125,-123.5749969482422,1.9587460017468443,2011,90,90,1.0,True,0.05542857142857154,0.9445000000000014,0,0,8.59
westcoast_0018,crw_012,48.125,-123.5749969482422,1.9587460017468443,2012,91,91,1.0,True,-0.06028571428571399,0.034999999999999254,0,0,8.59
westcoast_0018,crw_012,48.125,-123.5749969482422,1.9587460017468443,2013,90,90,1.0,True,0.32257142857142884,6.245000000000005,0,0,8.59
westcoast_0018,crw_012,48.125,-123.5749969482422,1.9587460017468443,2014,90,90,1.0,True,0.33978571428571414,3.5084999999999997,0,0,8.59
westcoast_0018,crw_012,48.125,-123.5749969482422,1.9587460017468443,2015,90,90,1.0,True,1.9137857142857142,105.548,66,55,8.59
westcoast_0018,crw_012,48.125,-123.5749969482422,1.9587460017468443,2016,91,91,1.0,True,1.3174285714285712,86.877,56,35,8.59
westcoast_0018,crw_012,48.125,-123.5749969482422,1.9587460017468443,2017,90,90,1.0,True,0.18364285714285714,6.3195000000000014,1,1,8.59
westcoast_0018,crw_012,48.125,-123.5749969482422,1.9587460017468443,2018,90,90,1.0,True,0.9328571428571433,31.288000000000014,0,0,8.59
westcoast_0018,crw_012,48.125,-123.5749969482422,1.9587460017468443,2019,90,90,1.0,True,1.015,40.38300000000001,9,4,8.59
westcoast_0018,crw_012,48.125,-123.5749969482422,1.9587460017468443,2020,91,91,1.0,True,0.5797142857142855,19.436000000000003,0,0,8.59
westcoast_0018,crw_012,48.125,-123.5749969482422,1.9587460017468443,2021,90,90,1.0,True,0.6618571428571431,21.21700000000001,0,0,8.59
westcoast_0018,crw_012,48.125,-123.5749969482422,1.9587460017468443,2022,90,90,1.0,True,0.2702142857142857,4.390000000000002,0,0,8.59
westcoast_0018,crw_012,48.125,-123.5749969482422,1.9587460017468443,2023,90,90,1.0,True,0.4164285714285714,10.143000000000004,0,0,8.59
westcoast_0018,crw_012,48.125,-123.5749969482422,1.9587460017468443,2024,91,90,0.989010989010989,True,1.5605,71.174,30,12,8.59
westcoast_0022,crw_013,47.875,-124.5749969482422,3.72547326521764,1985,90,90,1.0,True,-0.38614285714285745,0.0,0,0,9.79
westcoast_0022,crw_013,47.875,-124.5749969482422,3.72547326521764,1986,90,90,1.0,True,1.311142857142857,32.42549999999999,14,9,9.79
westcoast_0022,crw_013,47.875,-124.5749969482422,3.72547326521764,1987,90,90,1.0,True,1.5569285714285714,55.586,3,3,9.79
westcoast_0022,crw_013,47.875,-124.5749969482422,3.72547326521764,1988,91,91,1.0,True,-0.1470000000000001,0.3869999999999987,0,0,9.79
westcoast_0022,crw_013,47.875,-124.5749969482422,3.72547326521764,1989,90,90,1.0,True,-0.5771428571428573,0.0,0,0,9.79
westcoast_0022,crw_013,47.875,-124.5749969482422,3.72547326521764,1990,90,90,1.0,True,0.4734285714285714,12.349499999999994,0,0,9.79
westcoast_0022,crw_013,47.875,-124.5749969482422,3.72547326521764,1991,90,90,1.0,True,0.18700000000000042,1.4000000000000021,0,0,9.79
westcoast_0022,crw_013,47.875,-124.5749969482422,3.72547326521764,1992,91,91,1.0,True,1.9718571428571428,92.9785,35,28,9.79
westcoast_0022,crw_013,47.875,-124.5749969482422,3.72547326521764,1993,90,90,1.0,True,0.22385714285714262,4.6989999999999945,1,1,9.79
westcoast_0022,crw_013,47.875,-124.5749969482422,3.72547326521764,1994,90,90,1.0,True,0.7785714285714282,31.582000000000008,9,4,9.79
westcoast_0022,crw_013,47.875,-124.5749969482422,3.72547326521764,1995,90,90,1.0,True,1.7605000000000002,62.30499999999999,24,11,9.79
westcoast_0022,crw_013,47.875,-124.5749969482422,3.72547326521764,1996,91,91,1.0,True,1.2184285714285714,47.2305,3,2,9.79
westcoast_0022,crw_013,47.875,-124.5749969482422,3.72547326521764,1997,90,90,1.0,True,0.3426428571428572,2.4179999999999993,0,0,9.79
westcoast_0022,crw_013,47.875,-124.5749969482422,3.72547326521764,1998,90,90,1.0,True,2.2124285714285716,134.3065,62,33,9.79
westcoast_0022,crw_013,47.875,-124.5749969482422,3.72547326521764,1999,90,90,1.0,True,-0.05078571428571393,0.012000000000000455,0,0,9.79
westcoast_0022,crw_013,47.875,-124.5749969482422,3.72547326521764,2000,91,91,1.0,True,0.13535714285714256,3.680500000000004,0,0,9.79
westcoast_0022,crw_013,47.875,-124.5749969482422,3.72547326521764,2001,90,90,1.0,True,0.4532857142857143,8.977999999999998,0,0,9.79
westcoast_0022,crw_013,47.875,-124.5749969482422,3.72547326521764,2002,90,90,1.0,True,0.673785714285714,9.950500000000003,0,0,9.79
westcoast_0022,crw_013,47.875,-124.5749969482422,3.72547326521764,2003,90,90,1.0,True,1.6368571428571432,79.03749999999998,27,14,9.79
westcoast_0022,crw_013,47.875,-124.5749969482422,3.72547326521764,2004,91,91,1.0,True,0.7337142857142853,29.901999999999994,2,2,9.79
westcoast_0022,crw_013,47.875,-124.5749969482422,3.72547326521764,2005,90,90,1.0,True,0.7230714285714279,28.069999999999986,8,4,9.79
westcoast_0022,crw_013,47.875,-124.5749969482422,3.72547326521764,2006,90,90,1.0,True,1.7077857142857145,63.864999999999995,18,17,9.79
westcoast_0022,crw_013,47.875,-124.5749969482422,3.72547326521764,2007,90,90,1.0,True,0.9585,8.808999999999997,0,0,9.79
westcoast_0022,crw_013,47.875,-124.5749969482422,3.72547326521764,2008,91,91,1.0,True,-0.042071428571428725,0.019499999999998963,0,0,9.79
westcoast_0022,crw_013,47.875,-124.5749969482422,3.72547326521764,2009,90,90,1.0,True,-0.1662142857142856,0.036000000000001364,0,0,9.79
westcoast_0022,crw_013,47.875,-124.5749969482422,3.72547326521764,2010,90,90,1.0,True,1.176714285714286,62.6575,8,3,9.79
westcoast_0022,crw_013,47.875,-124.5749969482422,3.72547326521764,2011,90,90,1.0,True,0.24578571428571397,3.072499999999998,0,0,9.79
westcoast_0022,crw_013,47.875,-124.5749969482422,3.72547326521764,2012,91,91,1.0,True,0.12114285714285751,0.8610000000000024,0,0,9.79
westcoast_0022,crw_013,47.875,-124.5749969482422,3.72547326521764,2013,90,90,1.0,True,0.10992857142857204,1.589000000000004,0,0,9.79
westcoast_0022,crw_013,47.875,-124.5749969482422,3.72547326521764,2014,90,90,1.0,True,0.48121428571428587,5.4175,0,0,9.79
westcoast_0022,crw_013,47.875,-124.5749969482422,3.72547326521764,2015,90,90,1.0,True,2.6638571428571427,180.0965,89,69,9.79
westcoast_0022,crw_013,47.875,-124.5749969482422,3.72547326521764,2016,91,91,1.0,True,2.2,127.13499999999999,67,57,9.79
westcoast_0022,crw_013,47.875,-124.5749969482422,3.72547326521764,2017,90,90,1.0,True,0.42935714285714305,14.014499999999998,0,0,9.79
westcoast_0022,crw_013,47.875,-124.5749969482422,3.72547326521764,2018,90,90,1.0,True,1.6616428571428565,46.44499999999999,8,6,9.79
westcoast_0022,crw_013,47.875,-124.5749969482422,3.72547326521764,2019,90,90,1.0,True,1.4519285714285712,44.27299999999999,6,3,9.79
westcoast_0022,crw_013,47.875,-124.5749969482422,3.72547326521764,2020,91,91,1.0,True,0.8244999999999995,27.281000000000006,0,0,9.79
westcoast_0022,crw_013,47.875,-124.5749969482422,3.72547326521764,2021,90,90,1.0,True,0.9590714285714288,21.768500000000003,0,0,9.79
westcoast_0022,crw_013,47.875,-124.5749969482422,3.72547326521764,2022,90,90,1.0,True,0.40478571428571464,4.446500000000002,0,0,9.79
westcoast_0022,crw_013,47.875,-124.5749969482422,3.72547326521764,2023,90,90,1.0,True,0.8947142857142857,18.569499999999998,0,0,9.79
westcoast_0022,crw_013,47.875,-124.5749969482422,3.72547326521764,2024,91,90,0.989010989010989,True,1.8784999999999994,107.34249999999999,43,16,9.79
westcoast_0038,crw_014,42.775001525878906,-124.625,0.9785954737937008,1985,90,90,1.0,True,1.0787857142857147,12.712499999999999,4,4,11.32
westcoast_0038,crw_014,42.775001525878906,-124.625,0.9785954737937008,1986,90,90,1.0,True,1.3870714285714283,44.317,11,7,11.32
westcoast_0038,crw_014,42.775001525878906,-124.625,0.9785954737937008,1987,90,90,1.0,True,1.0150000000000003,25.804000000000002,5,2,11.32
westcoast_0038,crw_014,42.775001525878906,-124.625,0.9785954737937008,1988,91,91,1.0,True,-0.054285714285714146,1.0130000000000035,0,0,11.32
westcoast_0038,crw_014,42.775001525878906,-124.625,0.9785954737937008,1989,90,90,1.0,True,-0.9784285714285718,0.0,0,0,11.32
westcoast_0038,crw_014,42.775001525878906,-124.625,0.9785954737937008,1990,90,90,1.0,True,0.09721428571428577,1.3194999999999961,0,0,11.32
westcoast_0038,crw_014,42.775001525878906,-124.625,0.9785954737937008,1991,90,90,1.0,True,0.03899999999999996,0.815999999999999,0,0,11.32
westcoast_0038,crw_014,42.775001525878906,-124.625,0.9785954737937008,1992,91,91,1.0,True,2.728428571428572,94.661,43,39,11.32
westcoast_0038,crw_014,42.775001525878906,-124.625,0.9785954737937008,1993,90,90,1.0,True,0.6679999999999998,18.130999999999993,0,0,11.32
westcoast_0038,crw_014,42.775001525878906,-124.625,0.9785954737937008,1994,90,90,1.0,True,0.7220714285714289,28.13900000000001,2,2,11.32
westcoast_0038,crw_014,42.775001525878906,-124.625,0.9785954737937008,1995,90,90,1.0,True,0.9582857142857141,42.33099999999999,3,2,11.32
westcoast_0038,crw_014,42.775001525878906,-124.625,0.9785954737937008,1996,91,91,1.0,True,2.1362142857142863,90.31950000000002,39,19,11.32
westcoast_0038,crw_014,42.775001525878906,-124.625,0.9785954737937008,1997,90,90,1.0,True,0.723,20.5125,0,0,11.32
westcoast_0038,crw_014,42.775001525878906,-124.625,0.9785954737937008,1998,90,90,1.0,True,2.1305,129.09400000000002,66,56,11.32
westcoast_0038,crw_014,42.775001525878906,-124.625,0.9785954737937008,1999,90,90,1.0,True,-0.5540714285714282,0.0,0,0,11.32
westcoast_0038,crw_014,42.775001525878906,-124.625,0.9785954737937008,2000,91,91,1.0,True,0.46685714285714297,15.337000000000012,0,0,11.32
westcoast_0038,crw_014,42.775001525878906,-124.625,0.9785954737937008,2001,90,90,1.0,True,0.4065714285714286,9.009000000000002,0,0,11.32
westcoast_0038,crw_014,42.775001525878906,-124.625,0.9785954737937008,2002,90,90,1.0,True,0.24457142857142827,1.7559999999999967,0,0,11.32
westcoast_0038,crw_014,42.775001525878906,-124.625,0.9785954737937008,2003,90,90,1.0,True,1.0789285714285717,56.854,7,2,11.32
westcoast_0038,crw_014,42.775001525878906,-124.625,0.9785954737937008,2004,91,91,1.0,True,0.422857142857143,16.468999999999994,0,0,11.32
westcoast_0038,crw_014,42.775001525878906,-124.625,0.9785954737937008,2005,90,90,1.0,True,0.8867857142857142,40.46800000000001,3,2,11.32
westcoast_0038,crw_014,42.775001525878906,-124.625,0.9785954737937008,2006,90,90,1.0,True,1.3960714285714282,37.667500000000004,12,12,11.32
westcoast_0038,crw_014,42.775001525878906,-124.625,0.9785954737937008,2007,90,90,1.0,True,0.09528571428571452,1.057999999999998,0,0,11.32
westcoast_0038,crw_014,42.775001525878906,-124.625,0.9785954737937008,2008,91,91,1.0,True,-0.7041428571428564,0.0,0,0,11.32
westcoast_0038,crw_014,42.775001525878906,-124.625,0.9785954737937008,2009,90,90,1.0,True,-0.4654285714285716,0.0,0,0,11.32
westcoast_0038,crw_014,42.775001525878906,-124.625,0.9785954737937008,2010,90,90,1.0,True,0.8235714285714286,44.24100000000001,0,0,11.32
westcoast_0038,crw_014,42.775001525878906,-124.625,0.9785954737937008,2011,90,90,1.0,True,0.0022857142857142876,0.8095000000000017,0,0,11.32
westcoast_0038,crw_014,42.775001525878906,-124.625,0.9785954737937008,2012,91,91,1.0,True,-0.666642857142857,0.0,0,0,11.32
westcoast_0038,crw_014,42.775001525878906,-124.625,0.9785954737937008,2013,90,90,1.0,True,0.010500000000000145,0.6820000000000004,0,0,11.32
westcoast_0038,crw_014,42.775001525878906,-124.625,0.9785954737937008,2014,90,90,1.0,True,0.9105714285714284,14.779999999999996,1,1,11.32
westcoast_0038,crw_014,42.775001525878906,-124.625,0.9785954737937008,2015,90,90,1.0,True,2.580285714285715,172.844,79,60,11.32
westcoast_0038,crw_014,42.775001525878906,-124.625,0.9785954737937008,2016,91,91,1.0,True,1.881714285714286,112.97750000000002,60,35,11.32
westcoast_0038,crw_014,42.775001525878906,-124.625,0.9785954737937008,2017,90,90,1.0,True,0.7077857142857145,27.59000000000001,0,0,11.32
westcoast_0038,crw_014,42.775001525878906,-124.625,0.9785954737937008,2018,90,90,1.0,True,1.0932142857142855,37.747,13,3,11.32
westcoast_0038,crw_014,42.775001525878906,-124.625,0.9785954737937008,2019,90,90,1.0,True,1.4969285714285718,64.13000000000001,25,10,11.32
westcoast_0038,crw_014,42.775001525878906,-124.625,0.9785954737937008,2020,91,91,1.0,True,0.403142857142857,10.0,0,0,11.32
westcoast_0038,crw_014,42.775001525878906,-124.625,0.9785954737937008,2021,90,90,1.0,True,0.13849999999999976,2.8414999999999964,0,0,11.32
westcoast_0038,crw_014,42.775001525878906,-124.625,0.9785954737937008,2022,90,90,1.0,True,0.1917857142857147,2.323500000000001,0,0,11.32
westcoast_0038,crw_014,42.775001525878906,-124.625,0.9785954737937008,2023,90,90,1.0,True,0.46278571428571375,9.357000000000001,0,0,11.32
westcoast_0038,crw_014,42.775001525878906,-124.625,0.9785954737937008,2024,91,90,0.989010989010989,True,1.5733571428571433,112.4615,63,15,11.32
westcoast_0039,crw_015,42.775001525878906,-124.5250015258789,0.919890300952734,1985,90,90,1.0,True,0.9801428571428578,11.697500000000003,4,4,11.286000000000001
westcoast_0039,crw_015,42.775001525878906,-124.5250015258789,0.919890300952734,1986,90,90,1.0,True,1.3949999999999998,44.488,11,7,11.286000000000001
westcoast_0039,crw_015,42.775001525878906,-124.5250015258789,0.919890300952734,1987,90,90,1.0,True,1.0197142857142858,25.503500000000003,4,2,11.286000000000001
westcoast_0039,crw_015,42.775001525878906,-124.5250015258789,0.919890300952734,1988,91,91,1.0,True,-0.060285714285714116,0.8610000000000024,0,0,11.286000000000001
westcoast_0039,crw_015,42.775001525878906,-124.5250015258789,0.919890300952734,1989,90,90,1.0,True,-0.9480000000000002,0.0,0,0,11.286000000000001
westcoast_0039,crw_015,42.775001525878906,-124.5250015258789,0.919890300952734,1990,90,90,1.0,True,0.1014999999999997,1.3384999999999998,0,0,11.286000000000001
westcoast_0039,crw_015,42.775001525878906,-124.5250015258789,0.919890300952734,1991,90,90,1.0,True,0.09807142857142839,0.9339999999999975,0,0,11.286000000000001
westcoast_0039,crw_015,42.775001525878906,-124.5250015258789,0.919890300952734,1992,91,91,1.0,True,2.6852142857142858,94.04475,42,39,11.286000000000001
westcoast_0039,crw_015,42.775001525878906,-124.5250015258789,0.919890300952734,1993,90,90,1.0,True,0.7272142857142855,19.241500000000002,0,0,11.286000000000001
westcoast_0039,crw_015,42.775001525878906,-124.5250015258789,0.919890300952734,1994,90,90,1.0,True,0.6847142857142854,27.284,0,0,11.286000000000001
westcoast_0039,crw_015,42.775001525878906,-124.5250015258789,0.919890300952734,1995,90,90,1.0,True,0.9637857142857147,41.77700000000001,4,2,11.286000000000001
westcoast_0039,crw_015,42.775001525878906,-124.5250015258789,0.919890300952734,1996,91,91,1.0,True,2.062,88.41574999999999,40,20,11.286000000000001
westcoast_0039,crw_015,42.775001525878906,-124.5250015258789,0.919890300952734,1997,90,90,1.0,True,0.6987142857142857,20.639500000000005,0,0,11.286000000000001
westcoast_0039,crw_015,42.775001525878906,-124.5250015258789,0.919890300952734,1998,90,90,1.0,True,2.0968571428571425,127.53,66,56,11.286000000000001
westcoast_0039,crw_015,42.775001525878906,-124.5250015258789,0.919890300952734,1999,90,90,1.0,True,-0.5198571428571422,0.0,0,0,11.286000000000001
westcoast_0039,crw_015,42.775001525878906,-124.5250015258789,0.919890300952734,2000,91,91,1.0,True,0.46807142857142886,15.22575,0,0,11.286000000000001
westcoast_0039,crw_015,42.775001525878906,-124.5250015258789,0.919890300952734,2001,90,90,1.0,True,0.4066428571428575,9.015500000000001,0,0,11.286000000000001
westcoast_0039,crw_015,42.775001525878906,-124.5250015258789,0.919890300952734,2002,90,90,1.0,True,0.22285714285714267,1.6150000000000002,0,0,11.286000000000001
westcoast_0039,crw_015,42.775001525878906,-124.5250015258789,0.919890300952734,2003,90,90,1.0,True,1.0835000000000006,57.49,10,2,11.286000000000001
westcoast_0039,crw_015,42.775001525878906,-124.5250015258789,0.919890300952734,2004,91,91,1.0,True,0.4314285714285714,17.0785,0,0,11.286000000000001
westcoast_0039,crw_015,42.775001525878906,-124.5250015258789,0.919890300952734,2005,90,90,1.0,True,0.9237857142857143,40.94400000000001,3,2,11.286000000000001
westcoast_0039,crw_015,42.775001525878906,-124.5250015258789,0.919890300952734,2006,90,90,1.0,True,1.4344285714285714,39.1545,13,13,11.286000000000001
westcoast_0039,crw_015,42.775001525878906,-124.5250015258789,0.919890300952734,2007,90,90,1.0,True,0.14607142857142869,1.6535000000000029,0,0,11.286000000000001
westcoast_0039,crw_015,42.775001525878906,-124.5250015258789,0.919890300952734,2008,91,91,1.0,True,-0.6968214285714287,0.0,0,0,11.286000000000001
westcoast_0039,crw_015,42.775001525878906,-124.5250015258789,0.919890300952734,2009,90,90,1.0,True,-0.42857142857142855,0.0,0,0,11.286000000000001
westcoast_0039,crw_015,42.775001525878906,-124.5250015258789,0.919890300952734,2010,90,90,1.0,True,0.825785714285714,45.47,0,0,11.286000000000001
westcoast_0039,crw_015,42.775001525878906,-124.5250015258789,0.919890300952734,2011,90,90,1.0,True,-0.025285714285714484,0.5455000000000005,0,0,11.286000000000001
westcoast_0039,crw_015,42.775001525878906,-124.5250015258789,0.919890300952734,2012,91,91,1.0,True,-0.631714285714286,0.0,0,0,11.286000000000001
westcoast_0039,crw_015,42.775001525878906,-124.5250015258789,0.919890300952734,2013,90,90,1.0,True,-0.010857142857143185,0.6630000000000003,0,0,11.286000000000001
westcoast_0039,crw_015,42.775001525878906,-124.5250015258789,0.919890300952734,2014,90,90,1.0,True,0.904357142857143,14.972000000000005,1,1,11.286000000000001
westcoast_0039,crw_015,42.775001525878906,-124.5250015258789,0.919890300952734,2015,90,90,1.0,True,2.5792142857142863,170.58,78,60,11.286000000000001
westcoast_0039,crw_015,42.775001525878906,-124.5250015258789,0.919890300952734,2016,91,91,1.0,True,1.898357142857143,113.40074999999999,61,27,11.286000000000001
westcoast_0039,crw_015,42.775001525878906,-124.5250015258789,0.919890300952734,2017,90,90,1.0,True,0.7613571428571433,27.09350000000001,0,0,11.286000000000001
westcoast_0039,crw_015,42.775001525878906,-124.5250015258789,0.919890300952734,2018,90,90,1.0,True,1.1172857142857142,36.94450000000001,13,3,11.286000000000001
westcoast_0039,crw_015,42.775001525878906,-124.5250015258789,0.919890300952734,2019,90,90,1.0,True,1.4795000000000003,63.312,22,10,11.286000000000001
westcoast_0039,crw_015,42.775001525878906,-124.5250015258789,0.919890300952734,2020,91,91,1.0,True,0.41714285714285715,10.242999999999997,0,0,11.286000000000001
westcoast_0039,crw_015,42.775001525878906,-124.5250015258789,0.919890300952734,2021,90,90,1.0,True,0.0918571428571427,2.354000000000001,0,0,11.286000000000001
westcoast_0039,crw_015,42.775001525878906,-124.5250015258789,0.919890300952734,2022,90,90,1.0,True,0.1835000000000002,1.9590000000000032,0,0,11.286000000000001
westcoast_0039,crw_015,42.775001525878906,-124.5250015258789,0.919890300952734,2023,90,90,1.0,True,0.47750000000000015,8.952500000000002,0,0,11.286000000000001
westcoast_0039,crw_015,42.775001525878906,-124.5250015258789,0.919890300952734,2024,91,90,0.989010989010989,True,1.539142857142857,111.70125000000002,65,16,11.286000000000001
westcoast_0041,crw_016,42.67499923706055,-124.4749984741211,4.353121167771221,1985,90,90,1.0,True,0.8342142857142854,10.395499999999993,3,3,11.31
westcoast_0041,crw_016,42.67499923706055,-124.4749984741211,4.353121167771221,1986,90,90,1.0,True,1.4526428571428567,45.06899999999999,11,7,11.31
westcoast_0041,crw_016,42.67499923706055,-124.4749984741211,4.353121167771221,1987,90,90,1.0,True,1.0548571428571427,25.236999999999995,4,2,11.31
westcoast_0041,crw_016,42.67499923706055,-124.4749984741211,4.353121167771221,1988,91,91,1.0,True,-0.03646428571428625,0.8497499999999985,0,0,11.31
westcoast_0041,crw_016,42.67499923706055,-124.4749984741211,4.353121167771221,1989,90,90,1.0,True,-0.9184999999999999,0.0,0,0,11.31
westcoast_0041,crw_016,42.67499923706055,-124.4749984741211,4.353121167771221,1990,90,90,1.0,True,0.06778571428571414,1.2515,0,0,11.31
westcoast_0041,crw_016,42.67499923706055,-124.4749984741211,4.353121167771221,1991,90,90,1.0,True,0.24621428571428566,1.9019999999999992,0,0,11.31
westcoast_0041,crw_016,42.67499923706055,-124.4749984741211,4.353121167771221,1992,91,91,1.0,True,2.6741428571428574,94.29775,42,39,11.31
westcoast_0041,crw_016,42.67499923706055,-124.4749984741211,4.353121167771221,1993,90,90,1.0,True,0.9549285714285717,23.389,4,3,11.31
westcoast_0041,crw_016,42.67499923706055,-124.4749984741211,4.353121167771221,1994,90,90,1.0,True,0.6804999999999998,28.738499999999995,1,1,11.31
westcoast_0041,crw_016,42.67499923706055,-124.4749984741211,4.353121167771221,1995,90,90,1.0,True,0.9662142857142852,40.31399999999999,3,2,11.31
westcoast_0041,crw_016,42.67499923706055,-124.4749984741211,4.353121167771221,1996,91,91,1.0,True,2.007142857142857,84.68574999999998,34,18,11.31
westcoast_0041,crw_016,42.67499923706055,-124.4749984741211,4.353121167771221,1997,90,90,1.0,True,0.6633571428571428,19.13149999999999,0,0,11.31
westcoast_0041,crw_016,42.67499923706055,-124.4749984741211,4.353121167771221,1998,90,90,1.0,True,2.0127857142857137,125.39349999999999,65,56,11.31
westcoast_0041,crw_016,42.67499923706055,-124.4749984741211,4.353121167771221,1999,90,90,1.0,True,-0.4904285714285714,0.0,0,0,11.31
westcoast_0041,crw_016,42.67499923706055,-124.4749984741211,4.353121167771221,2000,91,91,1.0,True,0.48764285714285677,14.89174999999999,0,0,11.31
westcoast_0041,crw_016,42.67499923706055,-124.4749984741211,4.353121167771221,2001,90,90,1.0,True,0.40700000000000003,9.158499999999995,0,0,11.31
westcoast_0041,crw_016,42.67499923706055,-124.4749984741211,4.353121167771221,2002,90,90,1.0,True,0.20142857142857146,1.4910000000000014,0,0,11.31
westcoast_0041,crw_016,42.67499923706055,-124.4749984741211,4.353121167771221,2003,90,90,1.0,True,1.1866428571428567,63.75099999999999,13,4,11.31
westcoast_0041,crw_016,42.67499923706055,-124.4749984741211,4.353121167771221,2004,91,91,1.0,True,0.5209285714285719,19.638999999999996,0,0,11.31
westcoast_0041,crw_016,42.67499923706055,-124.4749984741211,4.353121167771221,2005,90,90,1.0,True,1.1515000000000002,48.07249999999999,6,2,11.31
westcoast_0041,crw_016,42.67499923706055,-124.4749984741211,4.353121167771221,2006,90,90,1.0,True,1.3993571428571432,39.70449999999999,12,12,11.31
westcoast_0041,crw_016,42.67499923706055,-124.4749984741211,4.353121167771221,2007,90,90,1.0,True,0.261357142857143,3.0500000000000007,0,0,11.31
westcoast_0041,crw_016,42.67499923706055,-124.4749984741211,4.353121167771221,2008,91,91,1.0,True,-0.6176071428571436,0.0,0,0,11.31
westcoast_0041,crw_016,42.67499923706055,-124.4749984741211,4.353121167771221,2009,90,90,1.0,True,-0.33921428571428563,0.0,0,0,11.31
westcoast_0041,crw_016,42.67499923706055,-124.4749984741211,4.353121167771221,2010,90,90,1.0,True,0.7984285714285715,45.87949999999999,0,0,11.31
westcoast_0041,crw_016,42.67499923706055,-124.4749984741211,4.353121167771221,2011,90,90,1.0,True,-0.03778571428571428,0.609499999999997,0,0,11.31
westcoast_0041,crw_016,42.67499923706055,-124.4749984741211,4.353121167771221,2012,91,91,1.0,True,-0.5232857142857144,0.0,0,0,11.31
westcoast_0041,crw_016,42.67499923706055,-124.4749984741211,4.353121167771221,2013,90,90,1.0,True,-0.007142857142856991,0.5284999999999993,0,0,11.31
westcoast_0041,crw_016,42.67499923706055,-124.4749984741211,4.353121167771221,2014,90,90,1.0,True,0.9729285714285714,16.344499999999996,1,1,11.31
westcoast_0041,crw_016,42.67499923706055,-124.4749984741211,4.353121167771221,2015,90,90,1.0,True,2.5927142857142855,164.9835,73,56,11.31
westcoast_0041,crw_016,42.67499923706055,-124.4749984741211,4.353121167771221,2016,91,91,1.0,True,1.9226428571428567,114.19624999999996,58,35,11.31
westcoast_0041,crw_016,42.67499923706055,-124.4749984741211,4.353121167771221,2017,90,90,1.0,True,0.7794285714285708,29.264999999999986,0,0,11.31
westcoast_0041,crw_016,42.67499923706055,-124.4749984741211,4.353121167771221,2018,90,90,1.0,True,1.0936428571428578,38.2095,11,6,11.31
westcoast_0041,crw_016,42.67499923706055,-124.4749984741211,4.353121167771221,2019,90,90,1.0,True,1.3555714285714284,62.448999999999984,16,5,11.31
westcoast_0041,crw_016,42.67499923706055,-124.4749984741211,4.353121167771221,2020,91,91,1.0,True,0.46364285714285736,10.535500000000003,0,0,11.31
westcoast_0041,crw_016,42.67499923706055,-124.4749984741211,4.353121167771221,2021,90,90,1.0,True,0.13735714285714298,2.835000000000001,0,0,11.31
westcoast_0041,crw_016,42.67499923706055,-124.4749984741211,4.353121167771221,2022,90,90,1.0,True,0.26614285714285685,2.761999999999995,0,0,11.31
westcoast_0041,crw_016,42.67499923706055,-124.4749984741211,4.353121167771221,2023,90,90,1.0,True,0.5373571428571423,9.964999999999996,0,0,11.31
westcoast_0041,crw_016,42.67499923706055,-124.4749984741211,4.353121167771221,2024,91,90,0.989010989010989,True,1.5671428571428572,112.03075,57,16,11.31
westcoast_0044,crw_017,42.47499847412109,-124.4250030517578,1.073325785650204,1985,90,90,1.0,True,0.771214285714286,10.012500000000005,1,1,11.316000000000003
westcoast_0044,crw_017,42.47499847412109,-124.4250030517578,1.073325785650204,1986,90,90,1.0,True,1.3974285714285717,44.2915,11,7,11.316000000000003
westcoast_0044,crw_017,42.47499847412109,-124.4250030517578,1.073325785650204,1987,90,90,1.0,True,1.0526428571428568,25.765499999999996,4,2,11.316000000000003
westcoast_0044,crw_017,42.47499847412109,-124.4250030517578,1.073325785650204,1988,91,91,1.0,True,0.029428571428571106,0.9909999999999979,0,0,11.316000000000003
westcoast_0044,crw_017,42.47499847412109,-124.4250030517578,1.073325785650204,1989,90,90,1.0,True,-0.8882857142857138,0.0,0,0,11.316000000000003
westcoast_0044,crw_017,42.47499847412109,-124.4250030517578,1.073325785650204,1990,90,90,1.0,True,0.027642857142857174,1.0619999999999994,0,0,11.316000000000003
westcoast_0044,crw_017,42.47499847412109,-124.4250030517578,1.073325785650204,1991,90,90,1.0,True,0.44785714285714256,3.9150000000000027,0,0,11.316000000000003
westcoast_0044,crw_017,42.47499847412109,-124.4250030517578,1.073325785650204,1992,91,91,1.0,True,2.6095,96.4,42,39,11.316000000000003
westcoast_0044,crw_017,42.47499847412109,-124.4250030517578,1.073325785650204,1993,90,90,1.0,True,1.0817857142857135,25.922999999999984,7,7,11.316000000000003
westcoast_0044,crw_017,42.47499847412109,-124.4250030517578,1.073325785650204,1994,90,90,1.0,True,0.7140000000000002,31.965499999999995,1,1,11.316000000000003
westcoast_0044,crw_017,42.47499847412109,-124.4250030517578,1.073325785650204,1995,90,90,1.0,True,0.9757857142857146,40.54949999999999,3,2,11.316000000000003
westcoast_0044,crw_017,42.47499847412109,-124.4250030517578,1.073325785650204,1996,91,91,1.0,True,1.9908571428571427,81.8835,32,16,11.316000000000003
westcoast_0044,crw_017,42.47499847412109,-124.4250030517578,1.073325785650204,1997,90,90,1.0,True,0.6694285714285717,17.709999999999997,0,0,11.316000000000003
westcoast_0044,crw_017,42.47499847412109,-124.4250030517578,1.073325785650204,1998,90,90,1.0,True,2.1289285714285713,125.684,63,56,11.316000000000003
westcoast_0044,crw_017,42.47499847412109,-124.4250030517578,1.073325785650204,1999,90,90,1.0,True,-0.5374285714285713,0.0,0,0,11.316000000000003
westcoast_0044,crw_017,42.47499847412109,-124.4250030517578,1.073325785650204,2000,91,91,1.0,True,0.5072142857142862,14.3805,0,0,11.316000000000003
westcoast_0044,crw_017,42.47499847412109,-124.4250030517578,1.073325785650204,2001,90,90,1.0,True,0.3565,8.488999999999995,0,0,11.316000000000003
westcoast_0044,crw_017,42.47499847412109,-124.4250030517578,1.073325785650204,2002,90,90,1.0,True,0.2596428571428575,1.9295000000000027,0,0,11.316000000000003
westcoast_0044,crw_017,42.47499847412109,-124.4250030517578,1.073325785650204,2003,90,90,1.0,True,1.1817857142857142,57.986,17,6,11.316000000000003
westcoast_0044,crw_017,42.47499847412109,-124.4250030517578,1.073325785650204,2004,91,91,1.0,True,0.4117142857142859,17.134499999999996,0,0,11.316000000000003
westcoast_0044,crw_017,42.47499847412109,-124.4250030517578,1.073325785650204,2005,90,90,1.0,True,1.353142857142857,47.019999999999996,8,2,11.316000000000003
westcoast_0044,crw_017,42.47499847412109,-124.4250030517578,1.073325785650204,2006,90,90,1.0,True,1.309428571428571,37.283,12,12,11.316000000000003
westcoast_0044,crw_017,42.47499847412109,-124.4250030517578,1.073325785650204,2007,90,90,1.0,True,0.2518571428571426,3.112499999999999,0,0,11.316000000000003
westcoast_0044,crw_017,42.47499847412109,-124.4250030517578,1.073325785650204,2008,91,91,1.0,True,-0.7457857142857147,0.0,0,0,11.316000000000003
westcoast_0044,crw_017,42.47499847412109,-124.4250030517578,1.073325785650204,2009,90,90,1.0,True,-0.44292857142857145,0.0,0,0,11.316000000000003
westcoast_0044,crw_017,42.47499847412109,-124.4250030517578,1.073325785650204,2010,90,90,1.0,True,0.7492142857142855,42.49749999999999,0,0,11.316000000000003
westcoast_0044,crw_017,42.47499847412109,-124.4250030517578,1.073325785650204,2011,90,90,1.0,True,0.008071428571429047,0.4985000000000035,0,0,11.316000000000003
westcoast_0044,crw_017,42.47499847412109,-124.4250030517578,1.073325785650204,2012,91,91,1.0,True,-0.5107142857142861,0.0,0,0,11.316000000000003
westcoast_0044,crw_017,42.47499847412109,-124.4250030517578,1.073325785650204,2013,90,90,1.0,True,-0.1529285714285718,0.07199999999999918,0,0,11.316000000000003
westcoast_0044,crw_017,42.47499847412109,-124.4250030517578,1.073325785650204,2014,90,90,1.0,True,1.093142857142857,16.264000000000003,1,1,11.316000000000003
westcoast_0044,crw_017,42.47499847412109,-124.4250030517578,1.073325785650204,2015,90,90,1.0,True,2.4684999999999997,159.09400000000002,71,53,11.316000000000003
westcoast_0044,crw_017,42.47499847412109,-124.4250030517578,1.073325785650204,2016,91,91,1.0,True,1.904642857142857,109.71949999999998,54,35,11.316000000000003
westcoast_0044,crw_017,42.47499847412109,-124.4250030517578,1.073325785650204,2017,90,90,1.0,True,0.7531428571428572,27.175500000000003,0,0,11.316000000000003
westcoast_0044,crw_017,42.47499847412109,-124.4250030517578,1.073325785650204,2018,90,90,1.0,True,1.0597857142857143,36.663000000000004,6,4,11.316000000000003
westcoast_0044,crw_017,42.47499847412109,-124.4250030517578,1.073325785650204,2019,90,90,1.0,True,1.2365,55.580499999999994,10,3,11.316000000000003
westcoast_0044,crw_017,42.47499847412109,-124.4250030517578,1.073325785650204,2020,91,91,1.0,True,0.4270714285714285,9.384000000000004,0,0,11.316000000000003
westcoast_0044,crw_017,42.47499847412109,-124.4250030517578,1.073325785650204,2021,90,90,1.0,True,0.207571428571429,1.8830000000000062,0,0,11.316000000000003
westcoast_0044,crw_017,42.47499847412109,-124.4250030517578,1.073325785650204,2022,90,90,1.0,True,0.18257142857142838,1.6024999999999991,0,0,11.316000000000003
westcoast_0044,crw_017,42.47499847412109,-124.4250030517578,1.073325785650204,2023,90,90,1.0,True,0.493642857142857,8.562999999999997,0,0,11.316000000000003
westcoast_0044,crw_017,42.47499847412109,-124.4250030517578,1.073325785650204,2024,91,90,0.989010989010989,True,1.5104285714285715,109.17949999999999,57,16,11.316000000000003
westcoast_0046,crw_018,42.275001525878906,-124.4250030517578,2.266132998136872,1985,90,90,1.0,True,0.7650714285714285,9.858999999999995,2,2,11.4
westcoast_0046,crw_018,42.275001525878906,-124.4250030517578,2.266132998136872,1986,90,90,1.0,True,1.4533571428571428,43.2715,8,7,11.4
westcoast_0046,crw_018,42.275001525878906,-124.4250030517578,2.266132998136872,1987,90,90,1.0,True,1.0312142857142852,28.1845,4,2,11.4
westcoast_0046,crw_018,42.275001525878906,-124.4250030517578,2.266132998136872,1988,91,91,1.0,True,0.08860714285714241,1.0837499999999949,0,0,11.4
westcoast_0046,crw_018,42.275001525878906,-124.4250030517578,2.266132998136872,1989,90,90,1.0,True,-0.9286428571428564,0.0,0,0,11.4
westcoast_0046,crw_018,42.275001525878906,-124.4250030517578,2.266132998136872,1990,90,90,1.0,True,0.04700000000000009,1.1160000000000014,0,0,11.4
westcoast_0046,crw_018,42.275001525878906,-124.4250030517578,2.266132998136872,1991,90,90,1.0,True,0.13892857142857146,1.0579999999999998,0,0,11.4
westcoast_0046,crw_018,42.275001525878906,-124.4250030517578,2.266132998136872,1992,91,91,1.0,True,2.674285714285715,101.94575,44,39,11.4
westcoast_0046,crw_018,42.275001525878906,-124.4250030517578,2.266132998136872,1993,90,90,1.0,True,1.0314285714285718,27.009999999999998,4,4,11.4
westcoast_0046,crw_018,42.275001525878906,-124.4250030517578,2.266132998136872,1994,90,90,1.0,True,0.8558571428571428,32.828,3,3,11.4
westcoast_0046,crw_018,42.275001525878906,-124.4250030517578,2.266132998136872,1995,90,90,1.0,True,1.016214285714286,43.105500000000006,3,3,11.4
westcoast_0046,crw_018,42.275001525878906,-124.4250030517578,2.266132998136872,1996,91,91,1.0,True,2.0151428571428567,82.72975,33,18,11.4
westcoast_0046,crw_018,42.275001525878906,-124.4250030517578,2.266132998136872,1997,90,90,1.0,True,0.7315714285714287,18.951999999999998,0,0,11.4
westcoast_0046,crw_018,42.275001525878906,-124.4250030517578,2.266132998136872,1998,90,90,1.0,True,2.1593571428571425,123.83250000000001,66,56,11.4
westcoast_0046,crw_018,42.275001525878906,-124.4250030517578,2.266132998136872,1999,90,90,1.0,True,-0.6197142857142856,0.0,0,0,11.4
westcoast_0046,crw_018,42.275001525878906,-124.4250030517578,2.266132998136872,2000,91,91,1.0,True,0.4830714285714292,14.997250000000005,0,0,11.4
westcoast_0046,crw_018,42.275001525878906,-124.4250030517578,2.266132998136872,2001,90,90,1.0,True,0.3185000000000002,7.8504999999999985,0,0,11.4
westcoast_0046,crw_018,42.275001525878906,-124.4250030517578,2.266132998136872,2002,90,90,1.0,True,0.34499999999999986,2.522499999999999,0,0,11.4
westcoast_0046,crw_018,42.275001525878906,-124.4250030517578,2.266132998136872,2003,90,90,1.0,True,1.1760000000000002,55.6495,13,5,11.4
westcoast_0046,crw_018,42.275001525878906,-124.4250030517578,2.266132998136872,2004,91,91,1.0,True,0.3664285714285711,16.89049999999999,0,0,11.4
westcoast_0046,crw_018,42.275001525878906,-124.4250030517578,2.266132998136872,2005,90,90,1.0,True,1.559928571428572,52.93350000000001,13,3,11.4
westcoast_0046,crw_018,42.275001525878906,-124.4250030517578,2.266132998136872,2006,90,90,1.0,True,1.3265714285714285,35.8075,12,12,11.4
westcoast_0046,crw_018,42.275001525878906,-124.4250030517578,2.266132998136872,2007,90,90,1.0,True,0.05492857142857131,1.5180000000000007,0,0,11.4
westcoast_0046,crw_018,42.275001525878906,-124.4250030517578,2.266132998136872,2008,91,91,1.0,True,-0.7740714285714291,0.0,0,0,11.4
westcoast_0046,crw_018,42.275001525878906,-124.4250030517578,2.266132998136872,2009,90,90,1.0,True,-0.4492142857142853,0.0,0,0,11.4
westcoast_0046,crw_018,42.275001525878906,-124.4250030517578,2.266132998136872,2010,90,90,1.0,True,0.7350000000000002,39.5475,0,0,11.4
westcoast_0046,crw_018,42.275001525878906,-124.4250030517578,2.266132998136872,2011,90,90,1.0,True,0.09992857142857149,0.9660000000000011,0,0,11.4
westcoast_0046,crw_018,42.275001525878906,-124.4250030517578,2.266132998136872,2012,91,91,1.0,True,-0.47885714285714265,0.0,0,0,11.4
westcoast_0046,crw_018,42.275001525878906,-124.4250030517578,2.266132998136872,2013,90,90,1.0,True,-0.20057142857142907,0.0,0,0,11.4
westcoast_0046,crw_018,42.275001525878906,-124.4250030517578,2.266132998136872,2014,90,90,1.0,True,0.9156428571428579,13.508000000000006,0,0,11.4
westcoast_0046,crw_018,42.275001525878906,-124.4250030517578,2.266132998136872,2015,90,90,1.0,True,2.527857142857143,158.356,71,56,11.4
westcoast_0046,crw_018,42.275001525878906,-124.4250030517578,2.266132998136872,2016,91,91,1.0,True,1.9777857142857143,112.61824999999999,58,33,11.4
westcoast_0046,crw_018,42.275001525878906,-124.4250030517578,2.266132998136872,2017,90,90,1.0,True,0.8675714285714291,28.926500000000015,0,0,11.4
westcoast_0046,crw_018,42.275001525878906,-124.4250030517578,2.266132998136872,2018,90,90,1.0,True,1.0965,35.86849999999999,10,4,11.4
westcoast_0046,crw_018,42.275001525878906,-124.4250030517578,2.266132998136872,2019,90,90,1.0,True,1.1128571428571428,52.7405,9,2,11.4
westcoast_0046,crw_018,42.275001525878906,-124.4250030517578,2.266132998136872,2020,91,91,1.0,True,0.41742857142857154,9.805499999999999,0,0,11.4
westcoast_0046,crw_018,42.275001525878906,-124.4250030517578,2.266132998136872,2021,90,90,1.0,True,0.16714285714285712,1.5295000000000005,0,0,11.4
westcoast_0046,crw_018,42.275001525878906,-124.4250030517578,2.266132998136872,2022,90,90,1.0,True,0.1446428571428573,1.4344999999999999,0,0,11.4
westcoast_0046,crw_018,42.275001525878906,-124.4250030517578,2.266132998136872,2023,90,90,1.0,True,0.42192857142857093,6.662999999999995,0,0,11.4
westcoast_0046,crw_018,42.275001525878906,-124.4250030517578,2.266132998136872,2024,91,90,0.989010989010989,True,1.5737142857142856,108.19475,55,15,11.4
westcoast_0074,crw_019,39.47499847412109,-123.7750015258789,2.1703311874744604,1985,90,90,1.0,True,0.5275714285714285,6.5749999999999975,0,0,12.34
westcoast_0074,crw_019,39.47499847412109,-123.7750015258789,2.1703311874744604,1986,90,90,1.0,True,1.7485714285714289,60.471999999999994,16,8,12.34
westcoast_0074,crw_019,39.47499847412109,-123.7750015258789,2.1703311874744604,1987,90,90,1.0,True,1.128071428571429,31.886499999999998,8,4,12.34
westcoast_0074,crw_019,39.47499847412109,-123.7750015258789,2.1703311874744604,1988,91,91,1.0,True,-0.13621428571428598,0.0,0,0,12.34
westcoast_0074,crw_019,39.47499847412109,-123.7750015258789,2.1703311874744604,1989,90,90,1.0,True,-0.2434999999999999,0.04049999999999976,0,0,12.34
westcoast_0074,crw_019,39.47499847412109,-123.7750015258789,2.1703311874744604,1990,90,90,1.0,True,0.30378571428571427,2.8584999999999994,0,0,12.34
westcoast_0074,crw_019,39.47499847412109,-123.7750015258789,2.1703311874744604,1991,90,90,1.0,True,0.15607142857142847,1.6329999999999973,0,0,12.34
westcoast_0074,crw_019,39.47499847412109,-123.7750015258789,2.1703311874744604,1992,91,91,1.0,True,2.990785714285714,114.394,46,39,12.34
westcoast_0074,crw_019,39.47499847412109,-123.7750015258789,2.1703311874744604,1993,90,90,1.0,True,1.4070714285714285,51.305499999999995,2,2,12.34
westcoast_0074,crw_019,39.47499847412109,-123.7750015258789,2.1703311874744604,1994,90,90,1.0,True,0.7478571428571428,35.649,0,0,12.34
westcoast_0074,crw_019,39.47499847412109,-123.7750015258789,2.1703311874744604,1995,90,90,1.0,True,1.2145000000000004,50.243,0,0,12.34
westcoast_0074,crw_019,39.47499847412109,-123.7750015258789,2.1703311874744604,1996,91,91,1.0,True,1.7944999999999998,89.857,38,17,12.34
westcoast_0074,crw_019,39.47499847412109,-123.7750015258789,2.1703311874744604,1997,90,90,1.0,True,0.6237857142857146,14.181499999999994,1,1,12.34
westcoast_0074,crw_019,39.47499847412109,-123.7750015258789,2.1703311874744604,1998,90,90,1.0,True,2.1845000000000003,147.23999999999998,62,54,12.34
westcoast_0074,crw_019,39.47499847412109,-123.7750015258789,2.1703311874744604,1999,90,90,1.0,True,-0.5205714285714286,0.0,0,0,12.34
westcoast_0074,crw_019,39.47499847412109,-123.7750015258789,2.1703311874744604,2000,91,91,1.0,True,0.4797142857142858,9.174499999999997,0,0,12.34
westcoast_0074,crw_019,39.47499847412109,-123.7750015258789,2.1703311874744604,2001,90,90,1.0,True,0.2188571428571426,2.3874999999999993,0,0,12.34
westcoast_0074,crw_019,39.47499847412109,-123.7750015258789,2.1703311874744604,2002,90,90,1.0,True,0.20164285714285693,2.2164999999999964,0,0,12.34
westcoast_0074,crw_019,39.47499847412109,-123.7750015258789,2.1703311874744604,2003,90,90,1.0,True,1.0349999999999997,40.1215,7,2,12.34
westcoast_0074,crw_019,39.47499847412109,-123.7750015258789,2.1703311874744604,2004,91,91,1.0,True,0.3064285714285714,8.317000000000005,0,0,12.34
westcoast_0074,crw_019,39.47499847412109,-123.7750015258789,2.1703311874744604,2005,90,90,1.0,True,1.9045,71.3135,19,11,12.34
westcoast_0074,crw_019,39.47499847412109,-123.7750015258789,2.1703311874744604,2006,90,90,1.0,True,1.3073571428571429,37.530499999999996,14,14,12.34
westcoast_0074,crw_019,39.47499847412109,-123.7750015258789,2.1703311874744604,2007,90,90,1.0,True,0.04092857142857146,0.9504999999999999,0,0,12.34
westcoast_0074,crw_019,39.47499847412109,-123.7750015258789,2.1703311874744604,2008,91,91,1.0,True,-0.7700000000000001,0.0,0,0,12.34
westcoast_0074,crw_019,39.47499847412109,-123.7750015258789,2.1703311874744604,2009,90,90,1.0,True,-0.27614285714285763,0.10749999999999815,0,0,12.34
westcoast_0074,crw_019,39.47499847412109,-123.7750015258789,2.1703311874744604,2010,90,90,1.0,True,0.8302857142857147,39.119,0,0,12.34
westcoast_0074,crw_019,39.47499847412109,-123.7750015258789,2.1703311874744604,2011,90,90,1.0,True,0.22507142857142856,1.6450000000000014,0,0,12.34
westcoast_0074,crw_019,39.47499847412109,-123.7750015258789,2.1703311874744604,2012,91,91,1.0,True,-0.49900000000000055,0.0,0,0,12.34
westcoast_0074,crw_019,39.47499847412109,-123.7750015258789,2.1703311874744604,2013,90,90,1.0,True,-0.021499999999999884,0.35550000000000104,0,0,12.34
westcoast_0074,crw_019,39.47499847412109,-123.7750015258789,2.1703311874744604,2014,90,90,1.0,True,1.3660714285714284,25.164499999999997,4,4,12.34
westcoast_0074,crw_019,39.47499847412109,-123.7750015258789,2.1703311874744604,2015,90,90,1.0,True,2.286928571428572,131.51,65,23,12.34
westcoast_0074,crw_019,39.47499847412109,-123.7750015258789,2.1703311874744604,2016,91,91,1.0,True,2.2795714285714284,124.401,69,35,12.34
westcoast_0074,crw_019,39.47499847412109,-123.7750015258789,2.1703311874744604,2017,90,90,1.0,True,1.1333571428571427,37.822500000000005,0,0,12.34
westcoast_0074,crw_019,39.47499847412109,-123.7750015258789,2.1703311874744604,2018,90,90,1.0,True,1.1295,39.72649999999999,7,5,12.34
westcoast_0074,crw_019,39.47499847412109,-123.7750015258789,2.1703311874744604,2019,90,90,1.0,True,1.1293571428571425,61.391999999999996,19,8,12.34
westcoast_0074,crw_019,39.47499847412109,-123.7750015258789,2.1703311874744604,2020,91,91,1.0,True,0.6499285714285712,9.735499999999996,1,1,12.34
westcoast_0074,crw_019,39.47499847412109,-123.7750015258789,2.1703311874744604,2021,90,90,1.0,True,0.22328571428571437,2.5160000000000036,0,0,12.34
westcoast_0074,crw_019,39.47499847412109,-123.7750015258789,2.1703311874744604,2022,90,90,1.0,True,-0.011714285714286074,0.8699999999999992,0,0,12.34
westcoast_0074,crw_019,39.47499847412109,-123.7750015258789,2.1703311874744604,2023,90,90,1.0,True,0.5459999999999992,9.336999999999989,0,0,12.34
westcoast_0074,crw_019,39.47499847412109,-123.7750015258789,2.1703311874744604,2024,91,90,0.989010989010989,True,1.8330714285714287,102.847,50,14,12.34
westcoast_0075,crw_020,39.375,-123.8249969482422,2.19408642233788,1985,90,90,1.0,True,0.5185000000000003,6.175000000000001,0,0,12.416000000000002
westcoast_0075,crw_020,39.375,-123.8249969482422,2.19408642233788,1986,90,90,1.0,True,1.7063571428571425,58.975,15,8,12.416000000000002
westcoast_0075,crw_020,39.375,-123.8249969482422,2.19408642233788,1987,90,90,1.0,True,1.2589285714285714,35.027,9,4,12.416000000000002
westcoast_0075,crw_020,39.375,-123.8249969482422,2.19408642233788,1988,91,91,1.0,True,-0.06921428571428503,0.1725000000000012,0,0,12.416000000000002
westcoast_0075,crw_020,39.375,-123.8249969482422,2.19408642233788,1989,90,90,1.0,True,-0.1782857142857142,0.1319999999999979,0,0,12.416000000000002
westcoast_0075,crw_020,39.375,-123.8249969482422,2.19408642233788,1990,90,90,1.0,True,0.3105714285714288,2.6270000000000024,0,0,12.416000000000002
westcoast_0075,crw_020,39.375,-123.8249969482422,2.19408642233788,1991,90,90,1.0,True,0.19664285714285715,2.0599999999999987,0,0,12.416000000000002
westcoast_0075,crw_020,39.375,-123.8249969482422,2.19408642233788,1992,91,91,1.0,True,2.9817142857142858,114.26400000000001,45,39,12.416000000000002
westcoast_0075,crw_020,39.375,-123.8249969482422,2.19408642233788,1993,90,90,1.0,True,1.3793571428571434,51.95700000000001,1,1,12.416000000000002
westcoast_0075,crw_020,39.375,-123.8249969482422,2.19408642233788,1994,90,90,1.0,True,0.7593571428571428,37.32950000000001,0,0,12.416000000000002
westcoast_0075,crw_020,39.375,-123.8249969482422,2.19408642233788,1995,90,90,1.0,True,1.3031428571428572,53.25150000000001,0,0,12.416000000000002
westcoast_0075,crw_020,39.375,-123.8249969482422,2.19408642233788,1996,91,91,1.0,True,1.8928571428571428,97.29549999999999,43,20,12.416000000000002
westcoast_0075,crw_020,39.375,-123.8249969482422,2.19408642233788,1997,90,90,1.0,True,0.6641428571428575,14.472500000000004,1,1,12.416000000000002
westcoast_0075,crw_020,39.375,-123.8249969482422,2.19408642233788,1998,90,90,1.0,True,2.2992142857142857,157.09400000000002,63,56,12.416000000000002
westcoast_0075,crw_020,39.375,-123.8249969482422,2.19408642233788,1999,90,90,1.0,True,-0.591785714285714,0.0,0,0,12.416000000000002
westcoast_0075,crw_020,39.375,-123.8249969482422,2.19408642233788,2000,91,91,1.0,True,0.36657142857142866,5.8945000000000025,0,0,12.416000000000002
westcoast_0075,crw_020,39.375,-123.8249969482422,2.19408642233788,2001,90,90,1.0,True,0.08407142857142855,1.2044999999999995,0,0,12.416000000000002
westcoast_0075,crw_020,39.375,-123.8249969482422,2.19408642233788,2002,90,90,1.0,True,0.10064285714285706,1.2724999999999973,0,0,12.416000000000002
westcoast_0075,crw_020,39.375,-123.8249969482422,2.19408642233788,2003,90,90,1.0,True,0.9659999999999999,38.153000000000006,4,2,12.416000000000002
westcoast_0075,crw_020,39.375,-123.8249969482422,2.19408642233788,2004,91,91,1.0,True,0.27471428571428574,6.642000000000001,0,0,12.416000000000002
westcoast_0075,crw_020,39.375,-123.8249969482422,2.19408642233788,2005,90,90,1.0,True,1.7859285714285718,67.1245,21,12,12.416000000000002
westcoast_0075,crw_020,39.375,-123.8249969482422,2.19408642233788,2006,90,90,1.0,True,1.1763571428571427,34.9105,11,11,12.416000000000002
westcoast_0075,crw_020,39.375,-123.8249969482422,2.19408642233788,2007,90,90,1.0,True,0.037928571428571596,0.674000000000003,0,0,12.416000000000002
westcoast_0075,crw_020,39.375,-123.8249969482422,2.19408642233788,2008,91,91,1.0,True,-0.790357142857143,0.0,0,0,12.416000000000002
westcoast_0075,crw_020,39.375,-123.8249969482422,2.19408642233788,2009,90,90,1.0,True,-0.3400714285714285,0.0,0,0,12.416000000000002
westcoast_0075,crw_020,39.375,-123.8249969482422,2.19408642233788,2010,90,90,1.0,True,0.7870714285714288,34.2815,0,0,12.416000000000002
westcoast_0075,crw_020,39.375,-123.8249969482422,2.19408642233788,2011,90,90,1.0,True,0.19028571428571464,1.5694999999999997,0,0,12.416000000000002
westcoast_0075,crw_020,39.375,-123.8249969482422,2.19408642233788,2012,91,91,1.0,True,-0.5637857142857141,0.0,0,0,12.416000000000002
westcoast_0075,crw_020,39.375,-123.8249969482422,2.19408642233788,2013,90,90,1.0,True,0.004714285714285639,0.44399999999999906,0,0,12.416000000000002
westcoast_0075,crw_020,39.375,-123.8249969482422,2.19408642233788,2014,90,90,1.0,True,1.3125714285714285,24.696499999999993,4,4,12.416000000000002
westcoast_0075,crw_020,39.375,-123.8249969482422,2.19408642233788,2015,90,90,1.0,True,2.2582142857142857,128.28400000000002,62,23,12.416000000000002
westcoast_0075,crw_020,39.375,-123.8249969482422,2.19408642233788,2016,91,91,1.0,True,2.1815,122.299,66,35,12.416000000000002
westcoast_0075,crw_020,39.375,-123.8249969482422,2.19408642233788,2017,90,90,1.0,True,1.1911428571428575,35.87050000000001,0,0,12.416000000000002
westcoast_0075,crw_020,39.375,-123.8249969482422,2.19408642233788,2018,90,90,1.0,True,1.108214285714286,39.52350000000001,11,5,12.416000000000002
westcoast_0075,crw_020,39.375,-123.8249969482422,2.19408642233788,2019,90,90,1.0,True,1.1660000000000004,60.26450000000001,13,4,12.416000000000002
westcoast_0075,crw_020,39.375,-123.8249969482422,2.19408642233788,2020,91,91,1.0,True,0.5868571428571434,8.470499999999998,0,0,12.416000000000002
westcoast_0075,crw_020,39.375,-123.8249969482422,2.19408642233788,2021,90,90,1.0,True,0.13478571428571431,1.1975000000000016,0,0,12.416000000000002
westcoast_0075,crw_020,39.375,-123.8249969482422,2.19408642233788,2022,90,90,1.0,True,-0.02107142857142844,0.5405000000000015,0,0,12.416000000000002
westcoast_0075,crw_020,39.375,-123.8249969482422,2.19408642233788,2023,90,90,1.0,True,0.48549999999999954,8.7515,0,0,12.416000000000002
westcoast_0075,crw_020,39.375,-123.8249969482422,2.19408642233788,2024,91,90,0.989010989010989,True,1.8335000000000001,101.94050000000001,50,14,12.416000000000002
westcoast_0076,crw_021,39.275001525878906,-123.7750015258789,2.2136248653261634,1985,90,90,1.0,True,0.47585714285714303,5.616999999999999,0,0,12.48
westcoast_0076,crw_021,39.275001525878906,-123.7750015258789,2.2136248653261634,1986,90,90,1.0,True,1.5985714285714285,58.3685,9,5,12.48
westcoast_0076,crw_021,39.275001525878906,-123.7750015258789,2.2136248653261634,1987,90,90,1.0,True,1.2505714285714284,36.067499999999995,11,5,12.48
westcoast_0076,crw_021,39.275001525878906,-123.7750015258789,2.2136248653261634,1988,91,91,1.0,True,-0.01842857142857162,0.40449999999999875,0,0,12.48
westcoast_0076,crw_021,39.275001525878906,-123.7750015258789,2.2136248653261634,1989,90,90,1.0,True,-0.10892857142857183,0.32649999999999935,0,0,12.48
westcoast_0076,crw_021,39.275001525878906,-123.7750015258789,2.2136248653261634,1990,90,90,1.0,True,0.2904285714285716,2.513,0,0,12.48
westcoast_0076,crw_021,39.275001525878906,-123.7750015258789,2.2136248653261634,1991,90,90,1.0,True,0.164928571428571,1.9949999999999957,0,0,12.48
westcoast_0076,crw_021,39.275001525878906,-123.7750015258789,2.2136248653261634,1992,91,91,1.0,True,2.9425000000000003,112.896,42,39,12.48
westcoast_0076,crw_021,39.275001525878906,-123.7750015258789,2.2136248653261634,1993,90,90,1.0,True,1.4081428571428574,52.996500000000005,2,1,12.48
westcoast_0076,crw_021,39.275001525878906,-123.7750015258789,2.2136248653261634,1994,90,90,1.0,True,0.7299285714285715,41.62499999999999,0,0,12.48
westcoast_0076,crw_021,39.275001525878906,-123.7750015258789,2.2136248653261634,1995,90,90,1.0,True,1.339285714285714,58.435,1,1,12.48
westcoast_0076,crw_021,39.275001525878906,-123.7750015258789,2.2136248653261634,1996,91,91,1.0,True,1.9045714285714281,100.73599999999999,45,21,12.48
westcoast_0076,crw_021,39.275001525878906,-123.7750015258789,2.2136248653261634,1997,90,90,1.0,True,0.6858571428571432,15.094500000000004,1,1,12.48
westcoast_0076,crw_021,39.275001525878906,-123.7750015258789,2.2136248653261634,1998,90,90,1.0,True,2.4048571428571424,163.56499999999997,67,63,12.48
westcoast_0076,crw_021,39.275001525878906,-123.7750015258789,2.2136248653261634,1999,90,90,1.0,True,-0.6407142857142853,0.0,0,0,12.48
westcoast_0076,crw_021,39.275001525878906,-123.7750015258789,2.2136248653261634,2000,91,91,1.0,True,0.2950714285714286,3.8219999999999956,0,0,12.48
westcoast_0076,crw_021,39.275001525878906,-123.7750015258789,2.2136248653261634,2001,90,90,1.0,True,-0.10728571428571497,0.16749999999999865,0,0,12.48
westcoast_0076,crw_021,39.275001525878906,-123.7750015258789,2.2136248653261634,2002,90,90,1.0,True,0.009642857142856493,0.4569999999999972,0,0,12.48
westcoast_0076,crw_021,39.275001525878906,-123.7750015258789,2.2136248653261634,2003,90,90,1.0,True,0.920928571428572,37.046499999999995,2,1,12.48
westcoast_0076,crw_021,39.275001525878906,-123.7750015258789,2.2136248653261634,2004,91,91,1.0,True,0.3402142857142853,6.601999999999997,0,0,12.48
westcoast_0076,crw_021,39.275001525878906,-123.7750015258789,2.2136248653261634,2005,90,90,1.0,True,1.7552857142857137,66.27449999999999,18,13,12.48
westcoast_0076,crw_021,39.275001525878906,-123.7750015258789,2.2136248653261634,2006,90,90,1.0,True,1.0617142857142847,32.221000000000004,10,5,12.48
westcoast_0076,crw_021,39.275001525878906,-123.7750015258789,2.2136248653261634,2007,90,90,1.0,True,0.030642857142857034,0.5620000000000012,0,0,12.48
westcoast_0076,crw_021,39.275001525878906,-123.7750015258789,2.2136248653261634,2008,91,91,1.0,True,-0.8466428571428573,0.0,0,0,12.48
westcoast_0076,crw_021,39.275001525878906,-123.7750015258789,2.2136248653261634,2009,90,90,1.0,True,-0.2832142857142862,0.0,0,0,12.48
westcoast_0076,crw_021,39.275001525878906,-123.7750015258789,2.2136248653261634,2010,90,90,1.0,True,0.7653571428571426,33.022999999999996,0,0,12.48
westcoast_0076,crw_021,39.275001525878906,-123.7750015258789,2.2136248653261634,2011,90,90,1.0,True,0.23821428571428552,1.9079999999999995,0,0,12.48
westcoast_0076,crw_021,39.275001525878906,-123.7750015258789,2.2136248653261634,2012,91,91,1.0,True,-0.5624285714285716,0.0,0,0,12.48
westcoast_0076,crw_021,39.275001525878906,-123.7750015258789,2.2136248653261634,2013,90,90,1.0,True,-0.08942857142857186,0.11749999999999972,0,0,12.48
westcoast_0076,crw_021,39.275001525878906,-123.7750015258789,2.2136248653261634,2014,90,90,1.0,True,1.2182857142857146,25.553,3,2,12.48
westcoast_0076,crw_021,39.275001525878906,-123.7750015258789,2.2136248653261634,2015,90,90,1.0,True,2.2374285714285715,127.495,58,45,12.48
westcoast_0076,crw_021,39.275001525878906,-123.7750015258789,2.2136248653261634,2016,91,91,1.0,True,2.11,122.2145,62,32,12.48
westcoast_0076,crw_021,39.275001525878906,-123.7750015258789,2.2136248653261634,2017,90,90,1.0,True,1.227642857142857,34.931999999999995,0,0,12.48
westcoast_0076,crw_021,39.275001525878906,-123.7750015258789,2.2136248653261634,2018,90,90,1.0,True,1.0730000000000004,36.7885,9,4,12.48
westcoast_0076,crw_021,39.275001525878906,-123.7750015258789,2.2136248653261634,2019,90,90,1.0,True,1.2510714285714284,61.3105,9,2,12.48
westcoast_0076,crw_021,39.275001525878906,-123.7750015258789,2.2136248653261634,2020,91,91,1.0,True,0.6676428571428572,8.447500000000002,0,0,12.48
westcoast_0076,crw_021,39.275001525878906,-123.7750015258789,2.2136248653261634,2021,90,90,1.0,True,-0.060428571428571436,0.49400000000000155,0,0,12.48
westcoast_0076,crw_021,39.275001525878906,-123.7750015258789,2.2136248653261634,2022,90,90,1.0,True,0.017785714285714706,0.7690000000000037,0,0,12.48
westcoast_0076,crw_021,39.275001525878906,-123.7750015258789,2.2136248653261634,2023,90,90,1.0,True,0.5119999999999995,7.662499999999998,0,0,12.48
westcoast_0076,crw_021,39.275001525878906,-123.7750015258789,2.2136248653261634,2024,91,90,0.989010989010989,True,1.8197142857142858,98.67199999999998,44,12,12.48
westcoast_0077,crw_022,39.17499923706055,-123.7750015258789,2.2344224826269325,1985,90,90,1.0,True,0.42942857142857144,5.439500000000004,0,0,12.53
westcoast_0077,crw_022,39.17499923706055,-123.7750015258789,2.2344224826269325,1986,90,90,1.0,True,1.5782142857142858,60.4135,8,4,12.53
westcoast_0077,crw_022,39.17499923706055,-123.7750015258789,2.2344224826269325,1987,90,90,1.0,True,1.2690000000000003,36.047000000000004,9,4,12.53
westcoast_0077,crw_022,39.17499923706055,-123.7750015258789,2.2344224826269325,1988,91,91,1.0,True,0.02464285714285757,0.6555,0,0,12.53
westcoast_0077,crw_022,39.17499923706055,-123.7750015258789,2.2344224826269325,1989,90,90,1.0,True,-0.09149999999999991,0.4015000000000004,0,0,12.53
westcoast_0077,crw_022,39.17499923706055,-123.7750015258789,2.2344224826269325,1990,90,90,1.0,True,0.2651428571428571,2.3300000000000036,0,0,12.53
westcoast_0077,crw_022,39.17499923706055,-123.7750015258789,2.2344224826269325,1991,90,90,1.0,True,0.12114285714285751,1.7139999999999986,0,0,12.53
westcoast_0077,crw_022,39.17499923706055,-123.7750015258789,2.2344224826269325,1992,91,91,1.0,True,3.0185,113.43299999999999,41,39,12.53
westcoast_0077,crw_022,39.17499923706055,-123.7750015258789,2.2344224826269325,1993,90,90,1.0,True,1.4817857142857143,55.873999999999995,3,2,12.53
westcoast_0077,crw_022,39.17499923706055,-123.7750015258789,2.2344224826269325,1994,90,90,1.0,True,0.7180714285714286,43.9635,0,0,12.53
westcoast_0077,crw_022,39.17499923706055,-123.7750015258789,2.2344224826269325,1995,90,90,1.0,True,1.3513571428571427,62.80199999999999,2,2,12.53
westcoast_0077,crw_022,39.17499923706055,-123.7750015258789,2.2344224826269325,1996,91,91,1.0,True,1.8524999999999996,100.09800000000001,43,20,12.53
westcoast_0077,crw_022,39.17499923706055,-123.7750015258789,2.2344224826269325,1997,90,90,1.0,True,0.6535714285714282,14.842999999999996,1,1,12.53
westcoast_0077,crw_022,39.17499923706055,-123.7750015258789,2.2344224826269325,1998,90,90,1.0,True,2.447642857142857,162.7765,66,63,12.53
westcoast_0077,crw_022,39.17499923706055,-123.7750015258789,2.2344224826269325,1999,90,90,1.0,True,-0.6269999999999999,0.0,0,0,12.53
westcoast_0077,crw_022,39.17499923706055,-123.7750015258789,2.2344224826269325,2000,91,91,1.0,True,0.3616428571428578,5.145000000000007,0,0,12.53
westcoast_0077,crw_022,39.17499923706055,-123.7750015258789,2.2344224826269325,2001,90,90,1.0,True,-0.19,0.025500000000000966,0,0,12.53
westcoast_0077,crw_022,39.17499923706055,-123.7750015258789,2.2344224826269325,2002,90,90,1.0,True,0.010285714285713914,0.38200000000000145,0,0,12.53
westcoast_0077,crw_022,39.17499923706055,-123.7750015258789,2.2344224826269325,2003,90,90,1.0,True,0.9576428571428569,37.337,3,2,12.53
westcoast_0077,crw_022,39.17499923706055,-123.7750015258789,2.2344224826269325,2004,91,91,1.0,True,0.39635714285714335,8.435500000000006,0,0,12.53
westcoast_0077,crw_022,39.17499923706055,-123.7750015258789,2.2344224826269325,2005,90,90,1.0,True,1.7284999999999997,66.71350000000001,15,6,12.53
westcoast_0077,crw_022,39.17499923706055,-123.7750015258789,2.2344224826269325,2006,90,90,1.0,True,1.077642857142857,31.47,8,4,12.53
westcoast_0077,crw_022,39.17499923706055,-123.7750015258789,2.2344224826269325,2007,90,90,1.0,True,0.0182857142857143,0.5175000000000001,0,0,12.53
westcoast_0077,crw_022,39.17499923706055,-123.7750015258789,2.2344224826269325,2008,91,91,1.0,True,-0.8956428571428573,0.0,0,0,12.53
westcoast_0077,crw_022,39.17499923706055,-123.7750015258789,2.2344224826269325,2009,90,90,1.0,True,-0.18892857142857192,0.04299999999999926,0,0,12.53
westcoast_0077,crw_022,39.17499923706055,-123.7750015258789,2.2344224826269325,2010,90,90,1.0,True,0.7953571428571424,33.301500000000004,0,0,12.53
westcoast_0077,crw_022,39.17499923706055,-123.7750015258789,2.2344224826269325,2011,90,90,1.0,True,0.2699285714285714,2.1180000000000003,0,0,12.53
westcoast_0077,crw_022,39.17499923706055,-123.7750015258789,2.2344224826269325,2012,91,91,1.0,True,-0.5411428571428569,0.0,0,0,12.53
westcoast_0077,crw_022,39.17499923706055,-123.7750015258789,2.2344224826269325,2013,90,90,1.0,True,-0.18178571428571416,0.0,0,0,12.53
westcoast_0077,crw_022,39.17499923706055,-123.7750015258789,2.2344224826269325,2014,90,90,1.0,True,1.181142857142857,25.863,1,1,12.53
westcoast_0077,crw_022,39.17499923706055,-123.7750015258789,2.2344224826269325,2015,90,90,1.0,True,2.2465,128.7365,55,51,12.53
westcoast_0077,crw_022,39.17499923706055,-123.7750015258789,2.2344224826269325,2016,91,91,1.0,True,2.107142857142857,121.602,59,32,12.53
westcoast_0077,crw_022,39.17499923706055,-123.7750015258789,2.2344224826269325,2017,90,90,1.0,True,1.2862142857142858,36.316500000000005,0,0,12.53
westcoast_0077,crw_022,39.17499923706055,-123.7750015258789,2.2344224826269325,2018,90,90,1.0,True,1.0660714285714286,36.004,10,4,12.53
westcoast_0077,crw_022,39.17499923706055,-123.7750015258789,2.2344224826269325,2019,90,90,1.0,True,1.3199285714285718,62.1195,6,2,12.53
westcoast_0077,crw_022,39.17499923706055,-123.7750015258789,2.2344224826269325,2020,91,91,1.0,True,0.7380000000000001,9.438500000000003,0,0,12.53
westcoast_0077,crw_022,39.17499923706055,-123.7750015258789,2.2344224826269325,2021,90,90,1.0,True,-0.16421428571428567,0.2810000000000006,0,0,12.53
westcoast_0077,crw_022,39.17499923706055,-123.7750015258789,2.2344224826269325,2022,90,90,1.0,True,0.0792857142857145,1.716999999999997,0,0,12.53
westcoast_0077,crw_022,39.17499923706055,-123.7750015258789,2.2344224826269325,2023,90,90,1.0,True,0.5962142857142853,8.122000000000002,0,0,12.53
westcoast_0077,crw_022,39.17499923706055,-123.7750015258789,2.2344224826269325,2024,91,90,0.989010989010989,True,1.8196428571428573,96.66950000000001,34,11,12.53
westcoast_0078,crw_023,39.125,-123.7249984741211,5.545288831144336,1985,90,90,1.0,True,0.43871428571428617,6.18250000000001,0,0,12.53
westcoast_0078,crw_023,39.125,-123.7249984741211,5.545288831144336,1986,90,90,1.0,True,1.6305,63.494000000000014,12,6,12.53
westcoast_0078,crw_023,39.125,-123.7249984741211,5.545288831144336,1987,90,90,1.0,True,1.2409285714285712,35.03750000000001,6,3,12.53
westcoast_0078,crw_023,39.125,-123.7249984741211,5.545288831144336,1988,91,91,1.0,True,-0.020428571428571272,0.40600000000000236,0,0,12.53
westcoast_0078,crw_023,39.125,-123.7249984741211,5.545288831144336,1989,90,90,1.0,True,-0.11414285714285681,0.3060000000000027,0,0,12.53
westcoast_0078,crw_023,39.125,-123.7249984741211,5.545288831144336,1990,90,90,1.0,True,0.2315714285714289,2.1125000000000025,0,0,12.53
westcoast_0078,crw_023,39.125,-123.7249984741211,5.545288831144336,1991,90,90,1.0,True,0.06464285714285697,1.1550000000000011,0,0,12.53
westcoast_0078,crw_023,39.125,-123.7249984741211,5.545288831144336,1992,91,91,1.0,True,3.0258571428571424,113.36,40,39,12.53
westcoast_0078,crw_023,39.125,-123.7249984741211,5.545288831144336,1993,90,90,1.0,True,1.5367142857142861,58.28700000000001,6,2,12.53
westcoast_0078,crw_023,39.125,-123.7249984741211,5.545288831144336,1994,90,90,1.0,True,0.7490714285714285,44.232500000000016,0,0,12.53
westcoast_0078,crw_023,39.125,-123.7249984741211,5.545288831144336,1995,90,90,1.0,True,1.3582857142857143,64.55250000000001,2,2,12.53
westcoast_0078,crw_023,39.125,-123.7249984741211,5.545288831144336,1996,91,91,1.0,True,1.7894285714285716,96.50550000000001,42,20,12.53
westcoast_0078,crw_023,39.125,-123.7249984741211,5.545288831144336,1997,90,90,1.0,True,0.6411428571428573,14.583000000000013,1,1,12.53
westcoast_0078,crw_023,39.125,-123.7249984741211,5.545288831144336,1998,90,90,1.0,True,2.383428571428572,156.41850000000002,66,63,12.53
westcoast_0078,crw_023,39.125,-123.7249984741211,5.545288831144336,1999,90,90,1.0,True,-0.5987857142857139,0.0,0,0,12.53
westcoast_0078,crw_023,39.125,-123.7249984741211,5.545288831144336,2000,91,91,1.0,True,0.46414285714285697,7.876500000000002,0,0,12.53
westcoast_0078,crw_023,39.125,-123.7249984741211,5.545288831144336,2001,90,90,1.0,True,-0.17435714285714227,0.0,0,0,12.53
westcoast_0078,crw_023,39.125,-123.7249984741211,5.545288831144336,2002,90,90,1.0,True,0.039714285714286035,0.6330000000000044,0,0,12.53
westcoast_0078,crw_023,39.125,-123.7249984741211,5.545288831144336,2003,90,90,1.0,True,0.9802142857142859,36.39100000000002,5,2,12.53
westcoast_0078,crw_023,39.125,-123.7249984741211,5.545288831144336,2004,91,91,1.0,True,0.46750000000000014,9.522500000000006,0,0,12.53
westcoast_0078,crw_023,39.125,-123.7249984741211,5.545288831144336,2005,90,90,1.0,True,1.7229285714285711,67.15300000000002,15,6,12.53
westcoast_0078,crw_023,39.125,-123.7249984741211,5.545288831144336,2006,90,90,1.0,True,1.0887857142857151,31.633000000000017,8,4,12.53
westcoast_0078,crw_023,39.125,-123.7249984741211,5.545288831144336,2007,90,90,1.0,True,-0.0027142857142857324,0.4635000000000016,0,0,12.53
westcoast_0078,crw_023,39.125,-123.7249984741211,5.545288831144336,2008,91,91,1.0,True,-0.8606428571428568,0.0,0,0,12.53
westcoast_0078,crw_023,39.125,-123.7249984741211,5.545288831144336,2009,90,90,1.0,True,-0.1091428571428573,0.21449999999999925,0,0,12.53
westcoast_0078,crw_023,39.125,-123.7249984741211,5.545288831144336,2010,90,90,1.0,True,0.8437142857142855,34.36600000000002,0,0,12.53
westcoast_0078,crw_023,39.125,-123.7249984741211,5.545288831144336,2011,90,90,1.0,True,0.2901428571428575,2.2300000000000004,0,0,12.53
westcoast_0078,crw_023,39.125,-123.7249984741211,5.545288831144336,2012,91,91,1.0,True,-0.5338571428571424,0.0,0,0,12.53
westcoast_0078,crw_023,39.125,-123.7249984741211,5.545288831144336,2013,90,90,1.0,True,-0.20171428571428557,0.0,0,0,12.53
westcoast_0078,crw_023,39.125,-123.7249984741211,5.545288831144336,2014,90,90,1.0,True,1.1847857142857143,25.922500000000003,1,1,12.53
westcoast_0078,crw_023,39.125,-123.7249984741211,5.545288831144336,2015,90,90,1.0,True,2.2983571428571428,130.09850000000003,54,51,12.53
westcoast_0078,crw_023,39.125,-123.7249984741211,5.545288831144336,2016,91,91,1.0,True,2.1509999999999994,120.864,57,31,12.53
westcoast_0078,crw_023,39.125,-123.7249984741211,5.545288831144336,2017,90,90,1.0,True,1.2932857142857146,37.48000000000001,0,0,12.53
westcoast_0078,crw_023,39.125,-123.7249984741211,5.545288831144336,2018,90,90,1.0,True,1.083428571428572,34.969000000000015,11,4,12.53
westcoast_0078,crw_023,39.125,-123.7249984741211,5.545288831144336,2019,90,90,1.0,True,1.368714285714286,61.96550000000001,6,3,12.53
westcoast_0078,crw_023,39.125,-123.7249984741211,5.545288831144336,2020,91,91,1.0,True,0.8285714285714292,10.572000000000006,0,0,12.53
westcoast_0078,crw_023,39.125,-123.7249984741211,5.545288831144336,2021,90,90,1.0,True,-0.2366428571428568,0.17550000000000132,0,0,12.53
westcoast_0078,crw_023,39.125,-123.7249984741211,5.545288831144336,2022,90,90,1.0,True,0.058785714285714316,1.4794999999999998,0,0,12.53
westcoast_0078,crw_023,39.125,-123.7249984741211,5.545288831144336,2023,90,90,1.0,True,0.6705714285714289,8.243500000000012,0,0,12.53
westcoast_0078,crw_023,39.125,-123.7249984741211,5.545288831144336,2024,91,90,0.989010989010989,True,1.834,95.7035,34,11,12.53
westcoast_0079,crw_024,39.07500076293945,-123.7249984741211,2.557942274212691,1985,90,90,1.0,True,0.4341428571428566,6.359500000000001,0,0,12.52
westcoast_0079,crw_024,39.07500076293945,-123.7249984741211,2.557942274212691,1986,90,90,1.0,True,1.675428571428571,65.92349999999999,12,6,12.52
westcoast_0079,crw_024,39.07500076293945,-123.7249984741211,2.557942274212691,1987,90,90,1.0,True,1.2583571428571425,34.93949999999999,6,3,12.52
westcoast_0079,crw_024,39.07500076293945,-123.7249984741211,2.557942274212691,1988,91,91,1.0,True,-0.036357142857143386,0.33750000000000036,0,0,12.52
westcoast_0079,crw_024,39.07500076293945,-123.7249984741211,2.557942274212691,1989,90,90,1.0,True,-0.13264285714285787,0.21799999999999642,0,0,12.52
westcoast_0079,crw_024,39.07500076293945,-123.7249984741211,2.557942274212691,1990,90,90,1.0,True,0.20285714285714235,1.9374999999999947,0,0,12.52
westcoast_0079,crw_024,39.07500076293945,-123.7249984741211,2.557942274212691,1991,90,90,1.0,True,0.025928571428570635,0.8129999999999971,0,0,12.52
westcoast_0079,crw_024,39.07500076293945,-123.7249984741211,2.557942274212691,1992,91,91,1.0,True,3.045928571428571,114.24374999999999,41,39,12.52
westcoast_0079,crw_024,39.07500076293945,-123.7249984741211,2.557942274212691,1993,90,90,1.0,True,1.5664999999999998,59.991,6,2,12.52
westcoast_0079,crw_024,39.07500076293945,-123.7249984741211,2.557942274212691,1994,90,90,1.0,True,0.7514285714285717,44.319499999999984,0,0,12.52
westcoast_0079,crw_024,39.07500076293945,-123.7249984741211,2.557942274212691,1995,90,90,1.0,True,1.3710714285714283,65.30449999999998,3,3,12.52
westcoast_0079,crw_024,39.07500076293945,-123.7249984741211,2.557942274212691,1996,91,91,1.0,True,1.7483571428571423,93.81524999999999,41,18,12.52
westcoast_0079,crw_024,39.07500076293945,-123.7249984741211,2.557942274212691,1997,90,90,1.0,True,0.6237142857142854,14.201499999999992,1,1,12.52
westcoast_0079,crw_024,39.07500076293945,-123.7249984741211,2.557942274212691,1998,90,90,1.0,True,2.348357142857143,152.386,65,58,12.52
westcoast_0079,crw_024,39.07500076293945,-123.7249984741211,2.557942274212691,1999,90,90,1.0,True,-0.5857142857142866,0.0,0,0,12.52
westcoast_0079,crw_024,39.07500076293945,-123.7249984741211,2.557942274212691,2000,91,91,1.0,True,0.5388571428571431,9.812249999999997,0,0,12.52
westcoast_0079,crw_024,39.07500076293945,-123.7249984741211,2.557942274212691,2001,90,90,1.0,True,-0.16278571428571403,0.0,0,0,12.52
westcoast_0079,crw_024,39.07500076293945,-123.7249984741211,2.557942274212691,2002,90,90,1.0,True,0.08499999999999984,0.8409999999999993,0,0,12.52
westcoast_0079,crw_024,39.07500076293945,-123.7249984741211,2.557942274212691,2003,90,90,1.0,True,1.010285714285714,36.7915,5,2,12.52
westcoast_0079,crw_024,39.07500076293945,-123.7249984741211,2.557942274212691,2004,91,91,1.0,True,0.5144999999999994,10.42624999999999,0,0,12.52
westcoast_0079,crw_024,39.07500076293945,-123.7249984741211,2.557942274212691,2005,90,90,1.0,True,1.7284999999999997,68.07449999999999,15,6,12.52
westcoast_0079,crw_024,39.07500076293945,-123.7249984741211,2.557942274212691,2006,90,90,1.0,True,1.1050714285714291,32.2095,10,5,12.52
westcoast_0079,crw_024,39.07500076293945,-123.7249984741211,2.557942274212691,2007,90,90,1.0,True,-0.011071428571428907,0.46649999999999814,0,0,12.52
westcoast_0079,crw_024,39.07500076293945,-123.7249984741211,2.557942274212691,2008,91,91,1.0,True,-0.8262142857142862,0.0,0,0,12.52
westcoast_0079,crw_024,39.07500076293945,-123.7249984741211,2.557942274212691,2009,90,90,1.0,True,-0.06585714285714264,0.35600000000000165,0,0,12.52
westcoast_0079,crw_024,39.07500076293945,-123.7249984741211,2.557942274212691,2010,90,90,1.0,True,0.872714285714286,34.8975,0,0,12.52
westcoast_0079,crw_024,39.07500076293945,-123.7249984741211,2.557942274212691,2011,90,90,1.0,True,0.29878571428571404,2.2864999999999966,0,0,12.52
westcoast_0079,crw_024,39.07500076293945,-123.7249984741211,2.557942274212691,2012,91,91,1.0,True,-0.5432857142857144,0.0,0,0,12.52
westcoast_0079,crw_024,39.07500076293945,-123.7249984741211,2.557942274212691,2013,90,90,1.0,True,-0.18785714285714278,0.0,0,0,12.52
westcoast_0079,crw_024,39.07500076293945,-123.7249984741211,2.557942274212691,2014,90,90,1.0,True,1.2074285714285715,26.10049999999999,1,1,12.52
westcoast_0079,crw_024,39.07500076293945,-123.7249984741211,2.557942274212691,2015,90,90,1.0,True,2.3552142857142857,131.85599999999997,54,51,12.52
westcoast_0079,crw_024,39.07500076293945,-123.7249984741211,2.557942274212691,2016,91,91,1.0,True,2.1605357142857144,120.47024999999998,58,31,12.52
westcoast_0079,crw_024,39.07500076293945,-123.7249984741211,2.557942274212691,2017,90,90,1.0,True,1.304071428571428,38.961499999999994,0,0,12.52
westcoast_0079,crw_024,39.07500076293945,-123.7249984741211,2.557942274212691,2018,90,90,1.0,True,1.1264999999999998,35.821499999999986,12,4,12.52
westcoast_0079,crw_024,39.07500076293945,-123.7249984741211,2.557942274212691,2019,90,90,1.0,True,1.4087857142857136,62.413999999999994,6,3,12.52
westcoast_0079,crw_024,39.07500076293945,-123.7249984741211,2.557942274212691,2020,91,91,1.0,True,0.9065714285714278,11.301999999999989,0,0,12.52
westcoast_0079,crw_024,39.07500076293945,-123.7249984741211,2.557942274212691,2021,90,90,1.0,True,-0.2516428571428576,0.23749999999999893,0,0,12.52
westcoast_0079,crw_024,39.07500076293945,-123.7249984741211,2.557942274212691,2022,90,90,1.0,True,0.048857142857142426,1.4164999999999957,0,0,12.52
westcoast_0079,crw_024,39.07500076293945,-123.7249984741211,2.557942274212691,2023,90,90,1.0,True,0.7297857142857145,8.6555,0,0,12.52
westcoast_0079,crw_024,39.07500076293945,-123.7249984741211,2.557942274212691,2024,91,90,0.989010989010989,True,1.846428571428572,95.96424999999998,36,12,12.52
westcoast_0081,crw_025,38.97499847412109,-123.6750030517578,1.9697205122836088,1985,90,90,1.0,True,0.3882142857142856,5.955,0,0,12.556000000000003
westcoast_0081,crw_025,38.97499847412109,-123.6750030517578,1.9697205122836088,1986,90,90,1.0,True,1.7107142857142859,70.732,16,6,12.556000000000003
westcoast_0081,crw_025,38.97499847412109,-123.6750030517578,1.9697205122836088,1987,90,90,1.0,True,1.3340714285714288,36.0155,7,2,12.556000000000003
westcoast_0081,crw_025,38.97499847412109,-123.6750030517578,1.9697205122836088,1988,91,91,1.0,True,-0.09599999999999984,0.20700000000000074,0,0,12.556000000000003
westcoast_0081,crw_025,38.97499847412109,-123.6750030517578,1.9697205122836088,1989,90,90,1.0,True,-0.14614285714285785,0.13399999999999856,0,0,12.556000000000003
westcoast_0081,crw_025,38.97499847412109,-123.6750030517578,1.9697205122836088,1990,90,90,1.0,True,0.16557142857142843,1.7724999999999973,0,0,12.556000000000003
westcoast_0081,crw_025,38.97499847412109,-123.6750030517578,1.9697205122836088,1991,90,90,1.0,True,-0.011785714285713718,0.4090000000000025,0,0,12.556000000000003
westcoast_0081,crw_025,38.97499847412109,-123.6750030517578,1.9697205122836088,1992,91,91,1.0,True,3.0552857142857133,115.58850000000001,41,39,12.556000000000003
westcoast_0081,crw_025,38.97499847412109,-123.6750030517578,1.9697205122836088,1993,90,90,1.0,True,1.6097142857142857,63.00200000000001,5,2,12.556000000000003
westcoast_0081,crw_025,38.97499847412109,-123.6750030517578,1.9697205122836088,1994,90,90,1.0,True,0.7904285714285718,44.577,0,0,12.556000000000003
westcoast_0081,crw_025,38.97499847412109,-123.6750030517578,1.9697205122836088,1995,90,90,1.0,True,1.3885,64.95,7,3,12.556000000000003
westcoast_0081,crw_025,38.97499847412109,-123.6750030517578,1.9697205122836088,1996,91,91,1.0,True,1.6884285714285714,88.13000000000001,36,13,12.556000000000003
westcoast_0081,crw_025,38.97499847412109,-123.6750030517578,1.9697205122836088,1997,90,90,1.0,True,0.6035714285714283,13.686000000000003,0,0,12.556000000000003
westcoast_0081,crw_025,38.97499847412109,-123.6750030517578,1.9697205122836088,1998,90,90,1.0,True,2.283642857142857,146.04500000000002,64,50,12.556000000000003
westcoast_0081,crw_025,38.97499847412109,-123.6750030517578,1.9697205122836088,1999,90,90,1.0,True,-0.5706428571428577,0.0,0,0,12.556000000000003
westcoast_0081,crw_025,38.97499847412109,-123.6750030517578,1.9697205122836088,2000,91,91,1.0,True,0.6297857142857143,12.715999999999996,0,0,12.556000000000003
westcoast_0081,crw_025,38.97499847412109,-123.6750030517578,1.9697205122836088,2001,90,90,1.0,True,-0.14885714285714283,0.0,0,0,12.556000000000003
westcoast_0081,crw_025,38.97499847412109,-123.6750030517578,1.9697205122836088,2002,90,90,1.0,True,0.14400000000000013,1.2050000000000018,0,0,12.556000000000003
westcoast_0081,crw_025,38.97499847412109,-123.6750030517578,1.9697205122836088,2003,90,90,1.0,True,1.0614285714285716,37.031000000000006,5,2,12.556000000000003
westcoast_0081,crw_025,38.97499847412109,-123.6750030517578,1.9697205122836088,2004,91,91,1.0,True,0.5467142857142859,10.7925,0,0,12.556000000000003
westcoast_0081,crw_025,38.97499847412109,-123.6750030517578,1.9697205122836088,2005,90,90,1.0,True,1.7590000000000001,69.188,16,6,12.556000000000003
westcoast_0081,crw_025,38.97499847412109,-123.6750030517578,1.9697205122836088,2006,90,90,1.0,True,1.129714285714286,33.4555,10,5,12.556000000000003
westcoast_0081,crw_025,38.97499847412109,-123.6750030517578,1.9697205122836088,2007,90,90,1.0,True,-0.06864285714285678,0.24600000000000222,0,0,12.556000000000003
westcoast_0081,crw_025,38.97499847412109,-123.6750030517578,1.9697205122836088,2008,91,91,1.0,True,-0.7837142857142856,0.0,0,0,12.556000000000003
westcoast_0081,crw_025,38.97499847412109,-123.6750030517578,1.9697205122836088,2009,90,90,1.0,True,-0.031357142857142604,0.5450000000000035,0,0,12.556000000000003
westcoast_0081,crw_025,38.97499847412109,-123.6750030517578,1.9697205122836088,2010,90,90,1.0,True,0.900071428571429,35.186000000000014,0,0,12.556000000000003
westcoast_0081,crw_025,38.97499847412109,-123.6750030517578,1.9697205122836088,2011,90,90,1.0,True,0.3138571428571422,2.4309999999999974,0,0,12.556000000000003
westcoast_0081,crw_025,38.97499847412109,-123.6750030517578,1.9697205122836088,2012,91,91,1.0,True,-0.5642857142857144,0.0,0,0,12.556000000000003
westcoast_0081,crw_025,38.97499847412109,-123.6750030517578,1.9697205122836088,2013,90,90,1.0,True,-0.1302857142857139,0.03950000000000031,0,0,12.556000000000003
westcoast_0081,crw_025,38.97499847412109,-123.6750030517578,1.9697205122836088,2014,90,90,1.0,True,1.2308571428571433,25.961,1,1,12.556000000000003
westcoast_0081,crw_025,38.97499847412109,-123.6750030517578,1.9697205122836088,2015,90,90,1.0,True,2.4495000000000005,134.22500000000002,54,51,12.556000000000003
westcoast_0081,crw_025,38.97499847412109,-123.6750030517578,1.9697205122836088,2016,91,91,1.0,True,2.1382142857142856,119.67850000000001,56,29,12.556000000000003
westcoast_0081,crw_025,38.97499847412109,-123.6750030517578,1.9697205122836088,2017,90,90,1.0,True,1.3044285714285713,40.34200000000001,0,0,12.556000000000003
westcoast_0081,crw_025,38.97499847412109,-123.6750030517578,1.9697205122836088,2018,90,90,1.0,True,1.239785714285714,36.52499999999999,12,4,12.556000000000003
westcoast_0081,crw_025,38.97499847412109,-123.6750030517578,1.9697205122836088,2019,90,90,1.0,True,1.4581428571428563,62.471999999999994,6,3,12.556000000000003
westcoast_0081,crw_025,38.97499847412109,-123.6750030517578,1.9697205122836088,2020,91,91,1.0,True,0.9859999999999999,12.1535,0,0,12.556000000000003
westcoast_0081,crw_025,38.97499847412109,-123.6750030517578,1.9697205122836088,2021,90,90,1.0,True,-0.2660714285714287,0.46550000000000047,0,0,12.556000000000003
westcoast_0081,crw_025,38.97499847412109,-123.6750030517578,1.9697205122836088,2022,90,90,1.0,True,-0.005714285714285846,0.839500000000001,0,0,12.556000000000003
westcoast_0081,crw_025,38.97499847412109,-123.6750030517578,1.9697205122836088,2023,90,90,1.0,True,0.8354285714285717,8.997,0,0,12.556000000000003
westcoast_0081,crw_025,38.97499847412109,-123.6750030517578,1.9697205122836088,2024,91,90,0.989010989010989,True,1.8725714285714294,95.4615,34,12,12.556000000000003
westcoast_0082,crw_026,38.875,-123.6750030517578,1.98079671283403,1985,90,90,1.0,True,0.2867857142857146,3.6715000000000018,0,0,12.59
westcoast_0082,crw_026,38.875,-123.6750030517578,1.98079671283403,1986,90,90,1.0,True,1.7550000000000003,77.08250000000001,16,6,12.59
westcoast_0082,crw_026,38.875,-123.6750030517578,1.98079671283403,1987,90,90,1.0,True,1.5710000000000004,40.36150000000001,10,7,12.59
westcoast_0082,crw_026,38.875,-123.6750030517578,1.98079671283403,1988,91,91,1.0,True,-0.09792857142857107,0.0,0,0,12.59
westcoast_0082,crw_026,38.875,-123.6750030517578,1.98079671283403,1989,90,90,1.0,True,-0.10685714285714328,0.19449999999999967,0,0,12.59
westcoast_0082,crw_026,38.875,-123.6750030517578,1.98079671283403,1990,90,90,1.0,True,0.17821428571428605,2.0085000000000015,0,0,12.59
westcoast_0082,crw_026,38.875,-123.6750030517578,1.98079671283403,1991,90,90,1.0,True,0.010499999999999636,0.4895000000000014,0,0,12.59
westcoast_0082,crw_026,38.875,-123.6750030517578,1.98079671283403,1992,91,91,1.0,True,3.117428571428571,119.5315,42,39,12.59
westcoast_0082,crw_026,38.875,-123.6750030517578,1.98079671283403,1993,90,90,1.0,True,1.6488571428571426,67.92750000000001,5,2,12.59
westcoast_0082,crw_026,38.875,-123.6750030517578,1.98079671283403,1994,90,90,1.0,True,0.7919285714285716,44.74750000000002,0,0,12.59
westcoast_0082,crw_026,38.875,-123.6750030517578,1.98079671283403,1995,90,90,1.0,True,1.4002857142857146,64.169,7,4,12.59
westcoast_0082,crw_026,38.875,-123.6750030517578,1.98079671283403,1996,91,91,1.0,True,1.5698571428571433,80.91850000000001,30,13,12.59
westcoast_0082,crw_026,38.875,-123.6750030517578,1.98079671283403,1997,90,90,1.0,True,0.5883571428571432,13.326500000000005,0,0,12.59
westcoast_0082,crw_026,38.875,-123.6750030517578,1.98079671283403,1998,90,90,1.0,True,2.3128571428571427,144.23149999999998,60,49,12.59
westcoast_0082,crw_026,38.875,-123.6750030517578,1.98079671283403,1999,90,90,1.0,True,-0.5827857142857147,0.0,0,0,12.59
westcoast_0082,crw_026,38.875,-123.6750030517578,1.98079671283403,2000,91,91,1.0,True,0.6665000000000004,13.484500000000011,0,0,12.59
westcoast_0082,crw_026,38.875,-123.6750030517578,1.98079671283403,2001,90,90,1.0,True,-0.08142857142857148,0.14499999999999957,0,0,12.59
westcoast_0082,crw_026,38.875,-123.6750030517578,1.98079671283403,2002,90,90,1.0,True,0.15807142857142814,1.3314999999999966,0,0,12.59
westcoast_0082,crw_026,38.875,-123.6750030517578,1.98079671283403,2003,90,90,1.0,True,1.1450000000000002,38.12350000000001,7,3,12.59
westcoast_0082,crw_026,38.875,-123.6750030517578,1.98079671283403,2004,91,91,1.0,True,0.5010000000000004,9.795000000000003,0,0,12.59
westcoast_0082,crw_026,38.875,-123.6750030517578,1.98079671283403,2005,90,90,1.0,True,1.8692857142857142,71.79400000000001,14,6,12.59
westcoast_0082,crw_026,38.875,-123.6750030517578,1.98079671283403,2006,90,90,1.0,True,1.0752142857142857,35.069500000000005,10,4,12.59
westcoast_0082,crw_026,38.875,-123.6750030517578,1.98079671283403,2007,90,90,1.0,True,-0.15021428571428558,0.0,0,0,12.59
westcoast_0082,crw_026,38.875,-123.6750030517578,1.98079671283403,2008,91,91,1.0,True,-0.7371428571428572,0.0,0,0,12.59
westcoast_0082,crw_026,38.875,-123.6750030517578,1.98079671283403,2009,90,90,1.0,True,-0.01735714285714326,0.7684999999999995,0,0,12.59
westcoast_0082,crw_026,38.875,-123.6750030517578,1.98079671283403,2010,90,90,1.0,True,0.9337857142857138,35.977999999999994,0,0,12.59
westcoast_0082,crw_026,38.875,-123.6750030517578,1.98079671283403,2011,90,90,1.0,True,0.3988571428571421,3.4294999999999938,0,0,12.59
westcoast_0082,crw_026,38.875,-123.6750030517578,1.98079671283403,2012,91,91,1.0,True,-0.5233571428571427,0.0,0,0,12.59
westcoast_0082,crw_026,38.875,-123.6750030517578,1.98079671283403,2013,90,90,1.0,True,0.03807142857142841,0.42449999999999655,0,0,12.59
westcoast_0082,crw_026,38.875,-123.6750030517578,1.98079671283403,2014,90,90,1.0,True,1.1920000000000002,23.948999999999998,0,0,12.59
westcoast_0082,crw_026,38.875,-123.6750030517578,1.98079671283403,2015,90,90,1.0,True,2.557928571428572,140.2615,56,52,12.59
westcoast_0082,crw_026,38.875,-123.6750030517578,1.98079671283403,2016,91,91,1.0,True,2.131285714285714,119.41000000000003,59,29,12.59
westcoast_0082,crw_026,38.875,-123.6750030517578,1.98079671283403,2017,90,90,1.0,True,1.3116428571428567,39.179500000000004,0,0,12.59
westcoast_0082,crw_026,38.875,-123.6750030517578,1.98079671283403,2018,90,90,1.0,True,1.3900000000000001,39.2855,15,8,12.59
westcoast_0082,crw_026,38.875,-123.6750030517578,1.98079671283403,2019,90,90,1.0,True,1.4745714285714282,64.46650000000001,9,3,12.59
westcoast_0082,crw_026,38.875,-123.6750030517578,1.98079671283403,2020,91,91,1.0,True,1.0243571428571427,13.324999999999994,0,0,12.59
westcoast_0082,crw_026,38.875,-123.6750030517578,1.98079671283403,2021,90,90,1.0,True,-0.21528571428571425,0.8214999999999986,0,0,12.59
westcoast_0082,crw_026,38.875,-123.6750030517578,1.98079671283403,2022,90,90,1.0,True,-0.0005714285714282548,1.1054999999999993,0,0,12.59
westcoast_0082,crw_026,38.875,-123.6750030517578,1.98079671283403,2023,90,90,1.0,True,0.7586428571428571,8.854,0,0,12.59
westcoast_0082,crw_026,38.875,-123.6750030517578,1.98079671283403,2024,91,90,0.989010989010989,True,1.9109285714285715,94.50500000000001,34,12,12.59
westcoast_0083,crw_027,38.82500076293945,-123.625,5.59453121982243,1985,90,90,1.0,True,0.2635714285714289,3.3130000000000006,0,0,12.596000000000002
westcoast_0083,crw_027,38.82500076293945,-123.625,5.59453121982243,1986,90,90,1.0,True,1.7814285714285705,78.27949999999998,16,7,12.596000000000002
westcoast_0083,crw_027,38.82500076293945,-123.625,5.59453121982243,1987,90,90,1.0,True,1.572214285714286,41.27600000000001,12,8,12.596000000000002
westcoast_0083,crw_027,38.82500076293945,-123.625,5.59453121982243,1988,91,91,1.0,True,-0.085642857142857,0.009000000000000341,0,0,12.596000000000002
westcoast_0083,crw_027,38.82500076293945,-123.625,5.59453121982243,1989,90,90,1.0,True,-0.06778571428571441,0.32099999999999795,0,0,12.596000000000002
westcoast_0083,crw_027,38.82500076293945,-123.625,5.59453121982243,1990,90,90,1.0,True,0.22778571428571404,2.370000000000001,0,0,12.596000000000002
westcoast_0083,crw_027,38.82500076293945,-123.625,5.59453121982243,1991,90,90,1.0,True,0.028142857142856772,0.5574999999999974,0,0,12.596000000000002
westcoast_0083,crw_027,38.82500076293945,-123.625,5.59453121982243,1992,91,91,1.0,True,3.089357142857143,120.23525,42,39,12.596000000000002
westcoast_0083,crw_027,38.82500076293945,-123.625,5.59453121982243,1993,90,90,1.0,True,1.6717142857142855,68.05250000000001,5,2,12.596000000000002
westcoast_0083,crw_027,38.82500076293945,-123.625,5.59453121982243,1994,90,90,1.0,True,0.8152857142857138,45.60249999999999,0,0,12.596000000000002
westcoast_0083,crw_027,38.82500076293945,-123.625,5.59453121982243,1995,90,90,1.0,True,1.433214285714286,65.1445,7,4,12.596000000000002
westcoast_0083,crw_027,38.82500076293945,-123.625,5.59453121982243,1996,91,91,1.0,True,1.5062142857142855,76.72325,29,12,12.596000000000002
westcoast_0083,crw_027,38.82500076293945,-123.625,5.59453121982243,1997,90,90,1.0,True,0.5783571428571435,13.125500000000008,0,0,12.596000000000002
westcoast_0083,crw_027,38.82500076293945,-123.625,5.59453121982243,1998,90,90,1.0,True,2.3144285714285715,144.2575,63,49,12.596000000000002
westcoast_0083,crw_027,38.82500076293945,-123.625,5.59453121982243,1999,90,90,1.0,True,-0.5909285714285711,0.0,0,0,12.596000000000002
westcoast_0083,crw_027,38.82500076293945,-123.625,5.59453121982243,2000,91,91,1.0,True,0.6357857142857137,12.815249999999997,0,0,12.596000000000002
westcoast_0083,crw_027,38.82500076293945,-123.625,5.59453121982243,2001,90,90,1.0,True,-0.07214285714285726,0.20749999999999957,0,0,12.596000000000002
westcoast_0083,crw_027,38.82500076293945,-123.625,5.59453121982243,2002,90,90,1.0,True,0.125,1.1139999999999972,0,0,12.596000000000002
westcoast_0083,crw_027,38.82500076293945,-123.625,5.59453121982243,2003,90,90,1.0,True,1.1898571428571432,40.05650000000001,7,3,12.596000000000002
westcoast_0083,crw_027,38.82500076293945,-123.625,5.59453121982243,2004,91,91,1.0,True,0.452714285714285,11.568749999999998,0,0,12.596000000000002
westcoast_0083,crw_027,38.82500076293945,-123.625,5.59453121982243,2005,90,90,1.0,True,2.0172857142857143,77.4495,20,11,12.596000000000002
westcoast_0083,crw_027,38.82500076293945,-123.625,5.59453121982243,2006,90,90,1.0,True,0.9921428571428572,38.425500000000014,8,2,12.596000000000002
westcoast_0083,crw_027,38.82500076293945,-123.625,5.59453121982243,2007,90,90,1.0,True,-0.19635714285714276,0.0,0,0,12.596000000000002
westcoast_0083,crw_027,38.82500076293945,-123.625,5.59453121982243,2008,91,91,1.0,True,-0.690357142857143,0.0,0,0,12.596000000000002
westcoast_0083,crw_027,38.82500076293945,-123.625,5.59453121982243,2009,90,90,1.0,True,0.04149999999999997,1.1394999999999982,0,0,12.596000000000002
westcoast_0083,crw_027,38.82500076293945,-123.625,5.59453121982243,2010,90,90,1.0,True,1.001071428571428,39.732,0,0,12.596000000000002
westcoast_0083,crw_027,38.82500076293945,-123.625,5.59453121982243,2011,90,90,1.0,True,0.5122142857142856,5.168499999999998,0,0,12.596000000000002
westcoast_0083,crw_027,38.82500076293945,-123.625,5.59453121982243,2012,91,91,1.0,True,-0.44071428571428506,0.0,0,0,12.596000000000002
westcoast_0083,crw_027,38.82500076293945,-123.625,5.59453121982243,2013,90,90,1.0,True,0.1721428571428574,1.2050000000000018,0,0,12.596000000000002
westcoast_0083,crw_027,38.82500076293945,-123.625,5.59453121982243,2014,90,90,1.0,True,1.1785714285714284,22.065499999999993,0,0,12.596000000000002
westcoast_0083,crw_027,38.82500076293945,-123.625,5.59453121982243,2015,90,90,1.0,True,2.624357142857143,147.4575,65,58,12.596000000000002
westcoast_0083,crw_027,38.82500076293945,-123.625,5.59453121982243,2016,91,91,1.0,True,2.2075714285714287,120.81225,62,31,12.596000000000002
westcoast_0083,crw_027,38.82500076293945,-123.625,5.59453121982243,2017,90,90,1.0,True,1.403142857142857,39.36999999999999,0,0,12.596000000000002
westcoast_0083,crw_027,38.82500076293945,-123.625,5.59453121982243,2018,90,90,1.0,True,1.4078571428571427,40.964500000000015,14,10,12.596000000000002
westcoast_0083,crw_027,38.82500076293945,-123.625,5.59453121982243,2019,90,90,1.0,True,1.5307857142857138,69.29399999999998,14,5,12.596000000000002
westcoast_0083,crw_027,38.82500076293945,-123.625,5.59453121982243,2020,91,91,1.0,True,1.0921428571428573,15.259500000000008,0,0,12.596000000000002
westcoast_0083,crw_027,38.82500076293945,-123.625,5.59453121982243,2021,90,90,1.0,True,-0.2028571428571431,0.7219999999999995,0,0,12.596000000000002
westcoast_0083,crw_027,38.82500076293945,-123.625,5.59453121982243,2022,90,90,1.0,True,0.13721428571428543,2.477999999999998,0,0,12.596000000000002
westcoast_0083,crw_027,38.82500076293945,-123.625,5.59453121982243,2023,90,90,1.0,True,0.5379285714285711,7.636999999999999,0,0,12.596000000000002
westcoast_0083,crw_027,38.82500076293945,-123.625,5.59453121982243,2024,91,90,0.989010989010989,True,1.9207142857142858,96.02525,36,13,12.596000000000002
westcoast_0084,crw_028,38.775001525878906,-123.5749969482422,1.6967863648901282,1985,90,90,1.0,True,0.27885714285714236,3.3764999999999947,0,0,12.59
westcoast_0084,crw_028,38.775001525878906,-123.5749969482422,1.6967863648901282,1986,90,90,1.0,True,1.8483571428571428,78.52399999999999,13,7,12.59
westcoast_0084,crw_028,38.775001525878906,-123.5749969482422,1.6967863648901282,1987,90,90,1.0,True,1.5195714285714286,41.43349999999999,14,11,12.59
westcoast_0084,crw_028,38.775001525878906,-123.5749969482422,1.6967863648901282,1988,91,91,1.0,True,-0.084285714285714,0.01750000000000007,0,0,12.59
westcoast_0084,crw_028,38.775001525878906,-123.5749969482422,1.6967863648901282,1989,90,90,1.0,True,-0.054357142857142805,0.49049999999999905,0,0,12.59
westcoast_0084,crw_028,38.775001525878906,-123.5749969482422,1.6967863648901282,1990,90,90,1.0,True,0.293785714285714,2.8349999999999955,0,0,12.59
westcoast_0084,crw_028,38.775001525878906,-123.5749969482422,1.6967863648901282,1991,90,90,1.0,True,0.03757142857142805,0.5589999999999993,0,0,12.59
westcoast_0084,crw_028,38.775001525878906,-123.5749969482422,1.6967863648901282,1992,91,91,1.0,True,3.029928571428571,120.26024999999998,41,39,12.59
westcoast_0084,crw_028,38.775001525878906,-123.5749969482422,1.6967863648901282,1993,90,90,1.0,True,1.6765714285714284,67.533,6,2,12.59
westcoast_0084,crw_028,38.775001525878906,-123.5749969482422,1.6967863648901282,1994,90,90,1.0,True,0.8209999999999997,46.547999999999995,0,0,12.59
westcoast_0084,crw_028,38.775001525878906,-123.5749969482422,1.6967863648901282,1995,90,90,1.0,True,1.4597857142857138,66.27849999999997,7,4,12.59
westcoast_0084,crw_028,38.775001525878906,-123.5749969482422,1.6967863648901282,1996,91,91,1.0,True,1.464714285714286,72.99124999999998,23,9,12.59
westcoast_0084,crw_028,38.775001525878906,-123.5749969482422,1.6967863648901282,1997,90,90,1.0,True,0.5569285714285712,12.592499999999987,0,0,12.59
westcoast_0084,crw_028,38.775001525878906,-123.5749969482422,1.6967863648901282,1998,90,90,1.0,True,2.3003571428571425,145.17899999999997,67,63,12.59
westcoast_0084,crw_028,38.775001525878906,-123.5749969482422,1.6967863648901282,1999,90,90,1.0,True,-0.6032142857142857,0.0,0,0,12.59
westcoast_0084,crw_028,38.775001525878906,-123.5749969482422,1.6967863648901282,2000,91,91,1.0,True,0.6024285714285715,12.089250000000002,0,0,12.59
westcoast_0084,crw_028,38.775001525878906,-123.5749969482422,1.6967863648901282,2001,90,90,1.0,True,-0.08892857142857125,0.20550000000000068,0,0,12.59
westcoast_0084,crw_028,38.775001525878906,-123.5749969482422,1.6967863648901282,2002,90,90,1.0,True,0.08585714285714222,0.8869999999999969,0,0,12.59
westcoast_0084,crw_028,38.775001525878906,-123.5749969482422,1.6967863648901282,2003,90,90,1.0,True,1.205428571428572,42.51499999999999,8,4,12.59
westcoast_0084,crw_028,38.775001525878906,-123.5749969482422,1.6967863648901282,2004,91,91,1.0,True,0.3963214285714286,12.84874999999999,0,0,12.59
westcoast_0084,crw_028,38.775001525878906,-123.5749969482422,1.6967863648901282,2005,90,90,1.0,True,2.1144999999999996,82.29299999999999,26,12,12.59
westcoast_0084,crw_028,38.775001525878906,-123.5749969482422,1.6967863648901282,2006,90,90,1.0,True,0.9805714285714284,42.282499999999985,7,2,12.59
westcoast_0084,crw_028,38.775001525878906,-123.5749969482422,1.6967863648901282,2007,90,90,1.0,True,-0.2049285714285714,0.0,0,0,12.59
westcoast_0084,crw_028,38.775001525878906,-123.5749969482422,1.6967863648901282,2008,91,91,1.0,True,-0.6595000000000001,0.0,0,0,12.59
westcoast_0084,crw_028,38.775001525878906,-123.5749969482422,1.6967863648901282,2009,90,90,1.0,True,0.08185714285714216,1.3394999999999975,0,0,12.59
westcoast_0084,crw_028,38.775001525878906,-123.5749969482422,1.6967863648901282,2010,90,90,1.0,True,1.0490714285714284,42.91749999999999,0,0,12.59
westcoast_0084,crw_028,38.775001525878906,-123.5749969482422,1.6967863648901282,2011,90,90,1.0,True,0.557071428571428,5.981499999999993,0,0,12.59
westcoast_0084,crw_028,38.775001525878906,-123.5749969482422,1.6967863648901282,2012,91,91,1.0,True,-0.4170000000000003,0.0,0,0,12.59
westcoast_0084,crw_028,38.775001525878906,-123.5749969482422,1.6967863648901282,2013,90,90,1.0,True,0.18728571428571378,1.327499999999997,0,0,12.59
westcoast_0084,crw_028,38.775001525878906,-123.5749969482422,1.6967863648901282,2014,90,90,1.0,True,1.1995714285714283,21.491,2,2,12.59
westcoast_0084,crw_028,38.775001525878906,-123.5749969482422,1.6967863648901282,2015,90,90,1.0,True,2.5914285714285716,151.739,69,59,12.59
westcoast_0084,crw_028,38.775001525878906,-123.5749969482422,1.6967863648901282,2016,91,91,1.0,True,2.2565714285714287,121.46175,63,31,12.59
westcoast_0084,crw_028,38.775001525878906,-123.5749969482422,1.6967863648901282,2017,90,90,1.0,True,1.5490714285714282,42.3555,5,3,12.59
westcoast_0084,crw_028,38.775001525878906,-123.5749969482422,1.6967863648901282,2018,90,90,1.0,True,1.291928571428571,40.576499999999974,13,9,12.59
westcoast_0084,crw_028,38.775001525878906,-123.5749969482422,1.6967863648901282,2019,90,90,1.0,True,1.6270714285714285,73.7045,18,7,12.59
westcoast_0084,crw_028,38.775001525878906,-123.5749969482422,1.6967863648901282,2020,91,91,1.0,True,1.1694285714285715,17.146,0,0,12.59
westcoast_0084,crw_028,38.775001525878906,-123.5749969482422,1.6967863648901282,2021,90,90,1.0,True,-0.24057142857142896,0.4209999999999994,0,0,12.59
westcoast_0084,crw_028,38.775001525878906,-123.5749969482422,1.6967863648901282,2022,90,90,1.0,True,0.24507142857142863,3.5815,0,0,12.59
westcoast_0084,crw_028,38.775001525878906,-123.5749969482422,1.6967863648901282,2023,90,90,1.0,True,0.31907142857142795,6.26799999999999,0,0,12.59
westcoast_0084,crw_028,38.775001525878906,-123.5749969482422,1.6967863648901282,2024,91,90,0.989010989010989,True,1.9372857142857143,99.55075000000001,41,14,12.59
westcoast_0086,crw_029,38.67499923706055,-123.4749984741211,1.4154712683446309,1985,90,90,1.0,True,0.3415714285714283,4.174999999999995,0,0,12.59
westcoast_0086,crw_029,38.67499923706055,-123.4749984741211,1.4154712683446309,1986,90,90,1.0,True,1.9759285714285715,79.1145,16,10,12.59
westcoast_0086,crw_029,38.67499923706055,-123.4749984741211,1.4154712683446309,1987,90,90,1.0,True,1.347571428571428,40.86449999999999,12,3,12.59
westcoast_0086,crw_029,38.67499923706055,-123.4749984741211,1.4154712683446309,1988,91,91,1.0,True,-0.13428571428571473,0.0,0,0,12.59
westcoast_0086,crw_029,38.67499923706055,-123.4749984741211,1.4154712683446309,1989,90,90,1.0,True,-0.042857142857142705,0.6190000000000051,0,0,12.59
westcoast_0086,crw_029,38.67499923706055,-123.4749984741211,1.4154712683446309,1990,90,90,1.0,True,0.40435714285714247,3.8104999999999922,0,0,12.59
westcoast_0086,crw_029,38.67499923706055,-123.4749984741211,1.4154712683446309,1991,90,90,1.0,True,0.022000000000000495,0.45300000000000296,0,0,12.59
westcoast_0086,crw_029,38.67499923706055,-123.4749984741211,1.4154712683446309,1992,91,91,1.0,True,2.9557142857142864,119.19,41,39,12.59
westcoast_0086,crw_029,38.67499923706055,-123.4749984741211,1.4154712683446309,1993,90,90,1.0,True,1.6726428571428573,66.76899999999998,7,2,12.59
westcoast_0086,crw_029,38.67499923706055,-123.4749984741211,1.4154712683446309,1994,90,90,1.0,True,0.8469285714285716,48.291999999999994,0,0,12.59
westcoast_0086,crw_029,38.67499923706055,-123.4749984741211,1.4154712683446309,1995,90,90,1.0,True,1.4884285714285712,69.05,7,5,12.59
westcoast_0086,crw_029,38.67499923706055,-123.4749984741211,1.4154712683446309,1996,91,91,1.0,True,1.4395714285714285,67.4575,21,9,12.59
westcoast_0086,crw_029,38.67499923706055,-123.4749984741211,1.4154712683446309,1997,90,90,1.0,True,0.5211428571428571,11.29699999999999,0,0,12.59
westcoast_0086,crw_029,38.67499923706055,-123.4749984741211,1.4154712683446309,1998,90,90,1.0,True,2.2685,147.25199999999998,67,63,12.59
westcoast_0086,crw_029,38.67499923706055,-123.4749984741211,1.4154712683446309,1999,90,90,1.0,True,-0.6271428571428572,0.0,0,0,12.59
westcoast_0086,crw_029,38.67499923706055,-123.4749984741211,1.4154712683446309,2000,91,91,1.0,True,0.5519285714285712,10.920999999999998,0,0,12.59
westcoast_0086,crw_029,38.67499923706055,-123.4749984741211,1.4154712683446309,2001,90,90,1.0,True,-0.022785714285714218,0.34249999999999936,0,0,12.59
westcoast_0086,crw_029,38.67499923706055,-123.4749984741211,1.4154712683446309,2002,90,90,1.0,True,-0.051857142857143046,0.43549999999999933,0,0,12.59
westcoast_0086,crw_029,38.67499923706055,-123.4749984741211,1.4154712683446309,2003,90,90,1.0,True,1.285285714285714,46.51399999999999,9,4,12.59
westcoast_0086,crw_029,38.67499923706055,-123.4749984741211,1.4154712683446309,2004,91,91,1.0,True,0.39864285714285713,14.1885,0,0,12.59
westcoast_0086,crw_029,38.67499923706055,-123.4749984741211,1.4154712683446309,2005,90,90,1.0,True,2.158357142857143,88.851,30,13,12.59
westcoast_0086,crw_029,38.67499923706055,-123.4749984741211,1.4154712683446309,2006,90,90,1.0,True,1.016,46.168,13,3,12.59
westcoast_0086,crw_029,38.67499923706055,-123.4749984741211,1.4154712683446309,2007,90,90,1.0,True,-0.14021428571428526,0.03300000000000125,0,0,12.59
westcoast_0086,crw_029,38.67499923706055,-123.4749984741211,1.4154712683446309,2008,91,91,1.0,True,-0.635,0.0,0,0,12.59
westcoast_0086,crw_029,38.67499923706055,-123.4749984741211,1.4154712683446309,2009,90,90,1.0,True,0.11728571428571476,1.4450000000000003,0,0,12.59
westcoast_0086,crw_029,38.67499923706055,-123.4749984741211,1.4154712683446309,2010,90,90,1.0,True,1.1078571428571435,46.76849999999999,0,0,12.59
westcoast_0086,crw_029,38.67499923706055,-123.4749984741211,1.4154712683446309,2011,90,90,1.0,True,0.5671428571428575,6.018000000000004,0,0,12.59
westcoast_0086,crw_029,38.67499923706055,-123.4749984741211,1.4154712683446309,2012,91,91,1.0,True,-0.4718571428571435,0.0,0,0,12.59
westcoast_0086,crw_029,38.67499923706055,-123.4749984741211,1.4154712683446309,2013,90,90,1.0,True,0.09385714285714235,0.7924999999999969,0,0,12.59
westcoast_0086,crw_029,38.67499923706055,-123.4749984741211,1.4154712683446309,2014,90,90,1.0,True,1.2572142857142854,22.217,2,2,12.59
westcoast_0086,crw_029,38.67499923706055,-123.4749984741211,1.4154712683446309,2015,90,90,1.0,True,2.4724285714285714,153.72199999999998,71,58,12.59
westcoast_0086,crw_029,38.67499923706055,-123.4749984741211,1.4154712683446309,2016,91,91,1.0,True,2.2755,120.65799999999999,63,31,12.59
westcoast_0086,crw_029,38.67499923706055,-123.4749984741211,1.4154712683446309,2017,90,90,1.0,True,1.818285714285714,48.055,9,6,12.59
westcoast_0086,crw_029,38.67499923706055,-123.4749984741211,1.4154712683446309,2018,90,90,1.0,True,1.1407857142857143,40.9105,13,5,12.59
westcoast_0086,crw_029,38.67499923706055,-123.4749984741211,1.4154712683446309,2019,90,90,1.0,True,1.8228571428571432,79.669,21,15,12.59
westcoast_0086,crw_029,38.67499923706055,-123.4749984741211,1.4154712683446309,2020,91,91,1.0,True,1.2237857142857143,19.468,0,0,12.59
westcoast_0086,crw_029,38.67499923706055,-123.4749984741211,1.4154712683446309,2021,90,90,1.0,True,-0.23850000000000016,0.08899999999999864,0,0,12.59
westcoast_0086,crw_029,38.67499923706055,-123.4749984741211,1.4154712683446309,2022,90,90,1.0,True,0.32285714285714284,4.415999999999999,0,0,12.59
westcoast_0086,crw_029,38.67499923706055,-123.4749984741211,1.4154712683446309,2023,90,90,1.0,True,0.324428571428571,5.576499999999994,0,0,12.59
westcoast_0086,crw_029,38.67499923706055,-123.4749984741211,1.4154712683446309,2024,91,90,0.989010989010989,True,2.005285714285714,107.07699999999998,47,14,12.59
westcoast_0087,crw_030,38.67499923706055,-123.4250030517578,3.510475855494336,1985,90,90,1.0,True,0.3497857142857144,4.435499999999999,0,0,12.57
westcoast_0087,crw_030,38.67499923706055,-123.4250030517578,3.510475855494336,1986,90,90,1.0,True,1.9994285714285713,79.5225,15,10,12.57
westcoast_0087,crw_030,38.67499923706055,-123.4250030517578,3.510475855494336,1987,90,90,1.0,True,1.3037142857142854,40.256,10,3,12.57
westcoast_0087,crw_030,38.67499923706055,-123.4250030517578,3.510475855494336,1988,91,91,1.0,True,-0.1507142857142854,0.0,0,0,12.57
westcoast_0087,crw_030,38.67499923706055,-123.4250030517578,3.510475855494336,1989,90,90,1.0,True,-0.046642857142857305,0.5894999999999975,0,0,12.57
westcoast_0087,crw_030,38.67499923706055,-123.4250030517578,3.510475855494336,1990,90,90,1.0,True,0.4239285714285718,4.146500000000001,0,0,12.57
westcoast_0087,crw_030,38.67499923706055,-123.4250030517578,3.510475855494336,1991,90,90,1.0,True,0.029071428571428574,0.4624999999999986,0,0,12.57
westcoast_0087,crw_030,38.67499923706055,-123.4250030517578,3.510475855494336,1992,91,91,1.0,True,2.957642857142857,118.50699999999999,41,39,12.57
westcoast_0087,crw_030,38.67499923706055,-123.4250030517578,3.510475855494336,1993,90,90,1.0,True,1.6685714285714288,66.27799999999999,5,2,12.57
westcoast_0087,crw_030,38.67499923706055,-123.4250030517578,3.510475855494336,1994,90,90,1.0,True,0.8709999999999999,48.933499999999995,0,0,12.57
westcoast_0087,crw_030,38.67499923706055,-123.4250030517578,3.510475855494336,1995,90,90,1.0,True,1.4835714285714285,69.506,9,6,12.57
westcoast_0087,crw_030,38.67499923706055,-123.4250030517578,3.510475855494336,1996,91,91,1.0,True,1.4299285714285717,66.762,21,9,12.57
westcoast_0087,crw_030,38.67499923706055,-123.4250030517578,3.510475855494336,1997,90,90,1.0,True,0.5068571428571429,10.853000000000002,0,0,12.57
westcoast_0087,crw_030,38.67499923706055,-123.4250030517578,3.510475855494336,1998,90,90,1.0,True,2.2560000000000002,146.8535,67,63,12.57
westcoast_0087,crw_030,38.67499923706055,-123.4250030517578,3.510475855494336,1999,90,90,1.0,True,-0.646642857142857,0.0,0,0,12.57
westcoast_0087,crw_030,38.67499923706055,-123.4250030517578,3.510475855494336,2000,91,91,1.0,True,0.5490714285714284,10.918999999999993,0,0,12.57
westcoast_0087,crw_030,38.67499923706055,-123.4250030517578,3.510475855494336,2001,90,90,1.0,True,-0.012214285714285669,0.36650000000000027,0,0,12.57
westcoast_0087,crw_030,38.67499923706055,-123.4250030517578,3.510475855494336,2002,90,90,1.0,True,-0.08271428571428555,0.31899999999999906,0,0,12.57
westcoast_0087,crw_030,38.67499923706055,-123.4250030517578,3.510475855494336,2003,90,90,1.0,True,1.2961428571428573,46.932,11,4,12.57
westcoast_0087,crw_030,38.67499923706055,-123.4250030517578,3.510475855494336,2004,91,91,1.0,True,0.4124999999999999,14.4685,0,0,12.57
westcoast_0087,crw_030,38.67499923706055,-123.4250030517578,3.510475855494336,2005,90,90,1.0,True,2.1814285714285715,90.11150000000002,32,13,12.57
westcoast_0087,crw_030,38.67499923706055,-123.4250030517578,3.510475855494336,2006,90,90,1.0,True,1.0115714285714288,46.246,13,3,12.57
westcoast_0087,crw_030,38.67499923706055,-123.4250030517578,3.510475855494336,2007,90,90,1.0,True,-0.12614285714285703,0.07650000000000112,0,0,12.57
westcoast_0087,crw_030,38.67499923706055,-123.4250030517578,3.510475855494336,2008,91,91,1.0,True,-0.6310714285714284,0.0,0,0,12.57
westcoast_0087,crw_030,38.67499923706055,-123.4250030517578,3.510475855494336,2009,90,90,1.0,True,0.1312142857142857,1.4844999999999988,0,0,12.57
westcoast_0087,crw_030,38.67499923706055,-123.4250030517578,3.510475855494336,2010,90,90,1.0,True,1.125214285714286,47.651500000000006,1,1,12.57
westcoast_0087,crw_030,38.67499923706055,-123.4250030517578,3.510475855494336,2011,90,90,1.0,True,0.5747857142857141,6.135000000000002,0,0,12.57
westcoast_0087,crw_030,38.67499923706055,-123.4250030517578,3.510475855494336,2012,91,91,1.0,True,-0.4969999999999999,0.0,0,0,12.57
westcoast_0087,crw_030,38.67499923706055,-123.4250030517578,3.510475855494336,2013,90,90,1.0,True,0.07728571428571433,0.6875,0,0,12.57
westcoast_0087,crw_030,38.67499923706055,-123.4250030517578,3.510475855494336,2014,90,90,1.0,True,1.265214285714286,22.2765,2,2,12.57
westcoast_0087,crw_030,38.67499923706055,-123.4250030517578,3.510475855494336,2015,90,90,1.0,True,2.447357142857143,153.20350000000002,70,58,12.57
westcoast_0087,crw_030,38.67499923706055,-123.4250030517578,3.510475855494336,2016,91,91,1.0,True,2.2842857142857147,120.5775,64,33,12.57
westcoast_0087,crw_030,38.67499923706055,-123.4250030517578,3.510475855494336,2017,90,90,1.0,True,1.8393571428571434,49.099000000000004,11,6,12.57
westcoast_0087,crw_030,38.67499923706055,-123.4250030517578,3.510475855494336,2018,90,90,1.0,True,1.1032142857142855,40.6495,13,5,12.57
westcoast_0087,crw_030,38.67499923706055,-123.4250030517578,3.510475855494336,2019,90,90,1.0,True,1.857642857142857,80.30600000000001,24,15,12.57
westcoast_0087,crw_030,38.67499923706055,-123.4250030517578,3.510475855494336,2020,91,91,1.0,True,1.2368571428571429,19.760500000000004,0,0,12.57
westcoast_0087,crw_030,38.67499923706055,-123.4250030517578,3.510475855494336,2021,90,90,1.0,True,-0.22678571428571384,0.03500000000000014,0,0,12.57
westcoast_0087,crw_030,38.67499923706055,-123.4250030517578,3.510475855494336,2022,90,90,1.0,True,0.34164285714285675,4.470499999999996,0,0,12.57
westcoast_0087,crw_030,38.67499923706055,-123.4250030517578,3.510475855494336,2023,90,90,1.0,True,0.3266428571428574,5.320999999999998,0,0,12.57
westcoast_0087,crw_030,38.67499923706055,-123.4250030517578,3.510475855494336,2024,91,90,0.989010989010989,True,1.9987142857142859,107.90499999999999,50,33,12.57
westcoast_0088,crw_031,38.57500076293945,-123.375,1.1415225279505232,1985,90,90,1.0,True,0.3926428571428569,5.110499999999995,0,0,12.61
westcoast_0088,crw_031,38.57500076293945,-123.375,1.1415225279505232,1986,90,90,1.0,True,2.0770000000000004,82.6645,17,8,12.61
westcoast_0088,crw_031,38.57500076293945,-123.375,1.1415225279505232,1987,90,90,1.0,True,1.2044285714285707,38.955999999999996,7,3,12.61
westcoast_0088,crw_031,38.57500076293945,-123.375,1.1415225279505232,1988,91,91,1.0,True,-0.1509999999999998,0.03750000000000142,0,0,12.61
westcoast_0088,crw_031,38.57500076293945,-123.375,1.1415225279505232,1989,90,90,1.0,True,-0.07299999999999988,0.5390000000000015,0,0,12.61
westcoast_0088,crw_031,38.57500076293945,-123.375,1.1415225279505232,1990,90,90,1.0,True,0.4773571428571423,4.8684999999999885,0,0,12.61
westcoast_0088,crw_031,38.57500076293945,-123.375,1.1415225279505232,1991,90,90,1.0,True,0.02685714285714269,0.4894999999999978,0,0,12.61
westcoast_0088,crw_031,38.57500076293945,-123.375,1.1415225279505232,1992,91,91,1.0,True,3.0127142857142855,120.69649999999999,42,39,12.61
westcoast_0088,crw_031,38.57500076293945,-123.375,1.1415225279505232,1993,90,90,1.0,True,1.6800000000000002,66.30000000000001,7,2,12.61
westcoast_0088,crw_031,38.57500076293945,-123.375,1.1415225279505232,1994,90,90,1.0,True,0.9370000000000002,52.716999999999985,0,0,12.61
westcoast_0088,crw_031,38.57500076293945,-123.375,1.1415225279505232,1995,90,90,1.0,True,1.5262142857142855,73.90650000000001,16,7,12.61
westcoast_0088,crw_031,38.57500076293945,-123.375,1.1415225279505232,1996,91,91,1.0,True,1.4832857142857143,64.831,18,9,12.61
westcoast_0088,crw_031,38.57500076293945,-123.375,1.1415225279505232,1997,90,90,1.0,True,0.577428571428572,11.754999999999999,0,0,12.61
westcoast_0088,crw_031,38.57500076293945,-123.375,1.1415225279505232,1998,90,90,1.0,True,2.258285714285714,147.99699999999999,67,63,12.61
westcoast_0088,crw_031,38.57500076293945,-123.375,1.1415225279505232,1999,90,90,1.0,True,-0.6572857142857147,0.0,0,0,12.61
westcoast_0088,crw_031,38.57500076293945,-123.375,1.1415225279505232,2000,91,91,1.0,True,0.5313571428571426,10.530999999999997,0,0,12.61
westcoast_0088,crw_031,38.57500076293945,-123.375,1.1415225279505232,2001,90,90,1.0,True,0.04864285714285695,0.7969999999999988,0,0,12.61
westcoast_0088,crw_031,38.57500076293945,-123.375,1.1415225279505232,2002,90,90,1.0,True,-0.21592857142857166,0.13699999999999868,0,0,12.61
westcoast_0088,crw_031,38.57500076293945,-123.375,1.1415225279505232,2003,90,90,1.0,True,1.322142857142857,46.573499999999996,6,4,12.61
westcoast_0088,crw_031,38.57500076293945,-123.375,1.1415225279505232,2004,91,91,1.0,True,0.4336428571428567,12.002999999999997,0,0,12.61
westcoast_0088,crw_031,38.57500076293945,-123.375,1.1415225279505232,2005,90,90,1.0,True,2.2128571428571435,91.414,32,23,12.61
westcoast_0088,crw_031,38.57500076293945,-123.375,1.1415225279505232,2006,90,90,1.0,True,0.9930714285714279,40.56199999999998,7,2,12.61
westcoast_0088,crw_031,38.57500076293945,-123.375,1.1415225279505232,2007,90,90,1.0,True,-0.1710714285714288,0.02149999999999963,0,0,12.61
westcoast_0088,crw_031,38.57500076293945,-123.375,1.1415225279505232,2008,91,91,1.0,True,-0.6319999999999997,0.0,0,0,12.61
westcoast_0088,crw_031,38.57500076293945,-123.375,1.1415225279505232,2009,90,90,1.0,True,0.15778571428571375,1.6154999999999973,0,0,12.61
westcoast_0088,crw_031,38.57500076293945,-123.375,1.1415225279505232,2010,90,90,1.0,True,1.156642857142857,47.974999999999994,1,1,12.61
westcoast_0088,crw_031,38.57500076293945,-123.375,1.1415225279505232,2011,90,90,1.0,True,0.5041428571428571,5.130000000000001,0,0,12.61
westcoast_0088,crw_031,38.57500076293945,-123.375,1.1415225279505232,2012,91,91,1.0,True,-0.4840714285714289,0.0,0,0,12.61
westcoast_0088,crw_031,38.57500076293945,-123.375,1.1415225279505232,2013,90,90,1.0,True,0.0016428571428568667,0.27399999999999913,0,0,12.61
westcoast_0088,crw_031,38.57500076293945,-123.375,1.1415225279505232,2014,90,90,1.0,True,1.2621428571428575,21.542500000000004,1,1,12.61
westcoast_0088,crw_031,38.57500076293945,-123.375,1.1415225279505232,2015,90,90,1.0,True,2.389642857142857,149.71699999999998,71,58,12.61
westcoast_0088,crw_031,38.57500076293945,-123.375,1.1415225279505232,2016,91,91,1.0,True,2.1812142857142858,116.0115,60,31,12.61
westcoast_0088,crw_031,38.57500076293945,-123.375,1.1415225279505232,2017,90,90,1.0,True,1.8672142857142853,48.174,8,4,12.61
westcoast_0088,crw_031,38.57500076293945,-123.375,1.1415225279505232,2018,90,90,1.0,True,1.127,42.396999999999984,15,6,12.61
westcoast_0088,crw_031,38.57500076293945,-123.375,1.1415225279505232,2019,90,90,1.0,True,1.8884285714285716,81.536,23,12,12.61
westcoast_0088,crw_031,38.57500076293945,-123.375,1.1415225279505232,2020,91,91,1.0,True,1.1965000000000006,20.787,0,0,12.61
westcoast_0088,crw_031,38.57500076293945,-123.375,1.1415225279505232,2021,90,90,1.0,True,-0.19785714285714334,0.0,0,0,12.61
westcoast_0088,crw_031,38.57500076293945,-123.375,1.1415225279505232,2022,90,90,1.0,True,0.32035714285714284,4.661999999999997,0,0,12.61
westcoast_0088,crw_031,38.57500076293945,-123.375,1.1415225279505232,2023,90,90,1.0,True,0.2967857142857141,4.939499999999994,0,0,12.61
westcoast_0088,crw_031,38.57500076293945,-123.375,1.1415225279505232,2024,91,90,0.989010989010989,True,2.0373571428571426,111.228,50,33,12.61
westcoast_0089,crw_032,38.525001525878906,-123.2750015258789,4.900355374122366,1985,90,90,1.0,True,0.34500000000000014,4.741499999999993,0,0,12.622000000000003
westcoast_0089,crw_032,38.525001525878906,-123.2750015258789,4.900355374122366,1986,90,90,1.0,True,2.225285714285714,86.467,21,10,12.622000000000003
westcoast_0089,crw_032,38.525001525878906,-123.2750015258789,4.900355374122366,1987,90,90,1.0,True,1.1397857142857137,36.55749999999998,6,2,12.622000000000003
westcoast_0089,crw_032,38.525001525878906,-123.2750015258789,4.900355374122366,1988,91,91,1.0,True,-0.12621428571428542,0.11749999999999972,0,0,12.622000000000003
westcoast_0089,crw_032,38.525001525878906,-123.2750015258789,4.900355374122366,1989,90,90,1.0,True,-0.10721428571428555,0.3324999999999996,0,0,12.622000000000003
westcoast_0089,crw_032,38.525001525878906,-123.2750015258789,4.900355374122366,1990,90,90,1.0,True,0.5349285714285712,6.218999999999992,0,0,12.622000000000003
westcoast_0089,crw_032,38.525001525878906,-123.2750015258789,4.900355374122366,1991,90,90,1.0,True,0.08414285714285745,0.7850000000000001,0,0,12.622000000000003
westcoast_0089,crw_032,38.525001525878906,-123.2750015258789,4.900355374122366,1992,91,91,1.0,True,3.1770714285714283,122.88300000000001,42,39,12.622000000000003
westcoast_0089,crw_032,38.525001525878906,-123.2750015258789,4.900355374122366,1993,90,90,1.0,True,1.6552142857142862,64.2705,7,3,12.622000000000003
westcoast_0089,crw_032,38.525001525878906,-123.2750015258789,4.900355374122366,1994,90,90,1.0,True,1.090071428571428,57.37050000000001,0,0,12.622000000000003
westcoast_0089,crw_032,38.525001525878906,-123.2750015258789,4.900355374122366,1995,90,90,1.0,True,1.5793571428571427,78.30149999999999,19,10,12.622000000000003
westcoast_0089,crw_032,38.525001525878906,-123.2750015258789,4.900355374122366,1996,91,91,1.0,True,1.5022142857142857,64.054,15,9,12.622000000000003
westcoast_0089,crw_032,38.525001525878906,-123.2750015258789,4.900355374122366,1997,90,90,1.0,True,0.648714285714286,12.09,0,0,12.622000000000003
westcoast_0089,crw_032,38.525001525878906,-123.2750015258789,4.900355374122366,1998,90,90,1.0,True,2.2738571428571426,143.67050000000003,67,63,12.622000000000003
westcoast_0089,crw_032,38.525001525878906,-123.2750015258789,4.900355374122366,1999,90,90,1.0,True,-0.623642857142857,0.0,0,0,12.622000000000003
westcoast_0089,crw_032,38.525001525878906,-123.2750015258789,4.900355374122366,2000,91,91,1.0,True,0.5516428571428571,10.636500000000002,0,0,12.622000000000003
westcoast_0089,crw_032,38.525001525878906,-123.2750015258789,4.900355374122366,2001,90,90,1.0,True,0.12050000000000008,1.064,0,0,12.622000000000003
westcoast_0089,crw_032,38.525001525878906,-123.2750015258789,4.900355374122366,2002,90,90,1.0,True,-0.22721428571428554,0.08949999999999925,0,0,12.622000000000003
westcoast_0089,crw_032,38.525001525878906,-123.2750015258789,4.900355374122366,2003,90,90,1.0,True,1.2682142857142857,45.51699999999999,4,3,12.622000000000003
westcoast_0089,crw_032,38.525001525878906,-123.2750015258789,4.900355374122366,2004,91,91,1.0,True,0.396,7.221,0,0,12.622000000000003
westcoast_0089,crw_032,38.525001525878906,-123.2750015258789,4.900355374122366,2005,90,90,1.0,True,2.3552142857142857,94.06899999999999,32,26,12.622000000000003
westcoast_0089,crw_032,38.525001525878906,-123.2750015258789,4.900355374122366,2006,90,90,1.0,True,0.8793571428571428,30.19699999999999,2,1,12.622000000000003
westcoast_0089,crw_032,38.525001525878906,-123.2750015258789,4.900355374122366,2007,90,90,1.0,True,-0.08907142857142832,0.12049999999999805,0,0,12.622000000000003
westcoast_0089,crw_032,38.525001525878906,-123.2750015258789,4.900355374122366,2008,91,91,1.0,True,-0.6701428571428573,0.0,0,0,12.622000000000003
westcoast_0089,crw_032,38.525001525878906,-123.2750015258789,4.900355374122366,2009,90,90,1.0,True,0.23014285714285698,2.221499999999999,0,0,12.622000000000003
westcoast_0089,crw_032,38.525001525878906,-123.2750015258789,4.900355374122366,2010,90,90,1.0,True,1.209357142857143,49.39499999999999,1,1,12.622000000000003
westcoast_0089,crw_032,38.525001525878906,-123.2750015258789,4.900355374122366,2011,90,90,1.0,True,0.4699285714285712,4.653500000000001,0,0,12.622000000000003
westcoast_0089,crw_032,38.525001525878906,-123.2750015258789,4.900355374122366,2012,91,91,1.0,True,-0.40907142857142836,0.0,0,0,12.622000000000003
westcoast_0089,crw_032,38.525001525878906,-123.2750015258789,4.900355374122366,2013,90,90,1.0,True,-0.09471428571428626,0.06400000000000006,0,0,12.622000000000003
westcoast_0089,crw_032,38.525001525878906,-123.2750015258789,4.900355374122366,2014,90,90,1.0,True,1.2012142857142856,20.882999999999996,0,0,12.622000000000003
westcoast_0089,crw_032,38.525001525878906,-123.2750015258789,4.900355374122366,2015,90,90,1.0,True,2.402,143.8305,68,58,12.622000000000003
westcoast_0089,crw_032,38.525001525878906,-123.2750015258789,4.900355374122366,2016,91,91,1.0,True,2.141,109.874,48,22,12.622000000000003
westcoast_0089,crw_032,38.525001525878906,-123.2750015258789,4.900355374122366,2017,90,90,1.0,True,1.8108571428571432,46.302,5,3,12.622000000000003
westcoast_0089,crw_032,38.525001525878906,-123.2750015258789,4.900355374122366,2018,90,90,1.0,True,1.2207142857142854,43.8595,11,7,12.622000000000003
westcoast_0089,crw_032,38.525001525878906,-123.2750015258789,4.900355374122366,2019,90,90,1.0,True,1.9156428571428574,80.595,18,5,12.622000000000003
westcoast_0089,crw_032,38.525001525878906,-123.2750015258789,4.900355374122366,2020,91,91,1.0,True,1.2985714285714287,24.26449999999999,0,0,12.622000000000003
westcoast_0089,crw_032,38.525001525878906,-123.2750015258789,4.900355374122366,2021,90,90,1.0,True,-0.19407142857142898,0.0,0,0,12.622000000000003
westcoast_0089,crw_032,38.525001525878906,-123.2750015258789,4.900355374122366,2022,90,90,1.0,True,0.38807142857142907,4.949999999999999,0,0,12.622000000000003
westcoast_0089,crw_032,38.525001525878906,-123.2750015258789,4.900355374122366,2023,90,90,1.0,True,0.26807142857142885,3.7684999999999977,0,0,12.622000000000003
westcoast_0089,crw_032,38.525001525878906,-123.2750015258789,4.900355374122366,2024,91,90,0.989010989010989,True,2.0167142857142855,112.53849999999998,47,34,12.622000000000003
westcoast_0090,crw_033,38.47499847412109,-123.2750015258789,0.8833181081980238,1985,90,90,1.0,True,0.31342857142857156,4.387499999999999,0,0,12.65
westcoast_0090,crw_033,38.47499847412109,-123.2750015258789,0.8833181081980238,1986,90,90,1.0,True,2.2518571428571432,87.1025,20,10,12.65
westcoast_0090,crw_033,38.47499847412109,-123.2750015258789,0.8833181081980238,1987,90,90,1.0,True,1.1507142857142851,35.864000000000004,5,2,12.65
westcoast_0090,crw_033,38.47499847412109,-123.2750015258789,0.8833181081980238,1988,91,91,1.0,True,-0.12021428571428545,0.16150000000000198,0,0,12.65
westcoast_0090,crw_033,38.47499847412109,-123.2750015258789,0.8833181081980238,1989,90,90,1.0,True,-0.11207142857142875,0.2804999999999982,0,0,12.65
westcoast_0090,crw_033,38.47499847412109,-123.2750015258789,0.8833181081980238,1990,90,90,1.0,True,0.5334285714285717,6.349000000000002,0,0,12.65
westcoast_0090,crw_033,38.47499847412109,-123.2750015258789,0.8833181081980238,1991,90,90,1.0,True,0.11335714285714259,0.9494999999999969,0,0,12.65
westcoast_0090,crw_033,38.47499847412109,-123.2750015258789,0.8833181081980238,1992,91,91,1.0,True,3.2465000000000006,124.43400000000001,42,39,12.65
westcoast_0090,crw_033,38.47499847412109,-123.2750015258789,0.8833181081980238,1993,90,90,1.0,True,1.6541428571428571,64.1855,6,3,12.65
westcoast_0090,crw_033,38.47499847412109,-123.2750015258789,0.8833181081980238,1994,90,90,1.0,True,1.1284285714285716,58.345499999999994,0,0,12.65
westcoast_0090,crw_033,38.47499847412109,-123.2750015258789,0.8833181081980238,1995,90,90,1.0,True,1.614857142857143,79.807,19,10,12.65
westcoast_0090,crw_033,38.47499847412109,-123.2750015258789,0.8833181081980238,1996,91,91,1.0,True,1.5246428571428563,64.671,15,9,12.65
westcoast_0090,crw_033,38.47499847412109,-123.2750015258789,0.8833181081980238,1997,90,90,1.0,True,0.6970000000000007,12.611500000000005,0,0,12.65
westcoast_0090,crw_033,38.47499847412109,-123.2750015258789,0.8833181081980238,1998,90,90,1.0,True,2.2775000000000003,142.7355,67,63,12.65
westcoast_0090,crw_033,38.47499847412109,-123.2750015258789,0.8833181081980238,1999,90,90,1.0,True,-0.5997857142857139,0.0,0,0,12.65
westcoast_0090,crw_033,38.47499847412109,-123.2750015258789,0.8833181081980238,2000,91,91,1.0,True,0.5531428571428566,10.609499999999992,0,0,12.65
westcoast_0090,crw_033,38.47499847412109,-123.2750015258789,0.8833181081980238,2001,90,90,1.0,True,0.13792857142857123,1.0879999999999992,0,0,12.65
westcoast_0090,crw_033,38.47499847412109,-123.2750015258789,0.8833181081980238,2002,90,90,1.0,True,-0.23385714285714318,0.07099999999999973,0,0,12.65
westcoast_0090,crw_033,38.47499847412109,-123.2750015258789,0.8833181081980238,2003,90,90,1.0,True,1.2570714285714286,46.0775,4,3,12.65
westcoast_0090,crw_033,38.47499847412109,-123.2750015258789,0.8833181081980238,2004,91,91,1.0,True,0.38814285714285723,7.178000000000004,0,0,12.65
westcoast_0090,crw_033,38.47499847412109,-123.2750015258789,0.8833181081980238,2005,90,90,1.0,True,2.329642857142857,93.90350000000001,31,22,12.65
westcoast_0090,crw_033,38.47499847412109,-123.2750015258789,0.8833181081980238,2006,90,90,1.0,True,0.8556428571428568,29.42300000000001,2,1,12.65
westcoast_0090,crw_033,38.47499847412109,-123.2750015258789,0.8833181081980238,2007,90,90,1.0,True,-0.10414285714285729,0.08699999999999974,0,0,12.65
westcoast_0090,crw_033,38.47499847412109,-123.2750015258789,0.8833181081980238,2008,91,91,1.0,True,-0.6865714285714279,0.0,0,0,12.65
westcoast_0090,crw_033,38.47499847412109,-123.2750015258789,0.8833181081980238,2009,90,90,1.0,True,0.22099999999999984,2.2665000000000024,0,0,12.65
westcoast_0090,crw_033,38.47499847412109,-123.2750015258789,0.8833181081980238,2010,90,90,1.0,True,1.201928571428572,48.987,1,1,12.65
westcoast_0090,crw_033,38.47499847412109,-123.2750015258789,0.8833181081980238,2011,90,90,1.0,True,0.4593571428571427,4.360000000000001,0,0,12.65
westcoast_0090,crw_033,38.47499847412109,-123.2750015258789,0.8833181081980238,2012,91,91,1.0,True,-0.42271428571428615,0.0,0,0,12.65
westcoast_0090,crw_033,38.47499847412109,-123.2750015258789,0.8833181081980238,2013,90,90,1.0,True,-0.09249999999999961,0.06950000000000145,0,0,12.65
westcoast_0090,crw_033,38.47499847412109,-123.2750015258789,0.8833181081980238,2014,90,90,1.0,True,1.1902857142857142,20.389499999999998,0,0,12.65
westcoast_0090,crw_033,38.47499847412109,-123.2750015258789,0.8833181081980238,2015,90,90,1.0,True,2.386071428571428,143.2155,67,58,12.65
westcoast_0090,crw_033,38.47499847412109,-123.2750015258789,0.8833181081980238,2016,91,91,1.0,True,2.1141428571428564,109.306,45,22,12.65
westcoast_0090,crw_033,38.47499847412109,-123.2750015258789,0.8833181081980238,2017,90,90,1.0,True,1.816,46.36450000000001,5,1,12.65
westcoast_0090,crw_033,38.47499847412109,-123.2750015258789,0.8833181081980238,2018,90,90,1.0,True,1.2500714285714287,44.822,11,7,12.65
westcoast_0090,crw_033,38.47499847412109,-123.2750015258789,0.8833181081980238,2019,90,90,1.0,True,1.9193571428571425,80.7295,18,5,12.65
westcoast_0090,crw_033,38.47499847412109,-123.2750015258789,0.8833181081980238,2020,91,91,1.0,True,1.305,24.658,0,0,12.65
westcoast_0090,crw_033,38.47499847412109,-123.2750015258789,0.8833181081980238,2021,90,90,1.0,True,-0.18514285714285655,0.0,0,0,12.65
westcoast_0090,crw_033,38.47499847412109,-123.2750015258789,0.8833181081980238,2022,90,90,1.0,True,0.36871428571428566,5.023999999999997,0,0,12.65
westcoast_0090,crw_033,38.47499847412109,-123.2750015258789,0.8833181081980238,2023,90,90,1.0,True,0.281857142857143,3.934000000000003,0,0,12.65
westcoast_0090,crw_033,38.47499847412109,-123.2750015258789,0.8833181081980238,2024,91,90,0.989010989010989,True,2.0475000000000003,113.14650000000002,46,33,12.65
westcoast_0091,crw_034,38.47499847412109,-123.1750030517578,0.7118554546521603,1985,90,90,1.0,True,0.2637857142857149,4.010000000000003,0,0,12.61
westcoast_0091,crw_034,38.47499847412109,-123.1750030517578,0.7118554546521603,1986,90,90,1.0,True,2.279928571428571,87.114,21,10,12.61
westcoast_0091,crw_034,38.47499847412109,-123.1750030517578,0.7118554546521603,1987,90,90,1.0,True,1.1610000000000007,35.23349999999999,6,2,12.61
westcoast_0091,crw_034,38.47499847412109,-123.1750030517578,0.7118554546521603,1988,91,91,1.0,True,-0.11807142857142873,0.15549999999999997,0,0,12.61
westcoast_0091,crw_034,38.47499847412109,-123.1750030517578,0.7118554546521603,1989,90,90,1.0,True,-0.10478571428571419,0.27999999999999936,0,0,12.61
westcoast_0091,crw_034,38.47499847412109,-123.1750030517578,0.7118554546521603,1990,90,90,1.0,True,0.517214285714286,7.055500000000002,0,0,12.61
westcoast_0091,crw_034,38.47499847412109,-123.1750030517578,0.7118554546521603,1991,90,90,1.0,True,0.1169285714285712,1.0349999999999966,0,0,12.61
westcoast_0091,crw_034,38.47499847412109,-123.1750030517578,0.7118554546521603,1992,91,91,1.0,True,3.3195,123.08849999999998,42,39,12.61
westcoast_0091,crw_034,38.47499847412109,-123.1750030517578,0.7118554546521603,1993,90,90,1.0,True,1.6507142857142854,62.212999999999994,7,6,12.61
westcoast_0091,crw_034,38.47499847412109,-123.1750030517578,0.7118554546521603,1994,90,90,1.0,True,1.1837142857142857,58.16300000000001,0,0,12.61
westcoast_0091,crw_034,38.47499847412109,-123.1750030517578,0.7118554546521603,1995,90,90,1.0,True,1.6094285714285717,79.2125,19,10,12.61
westcoast_0091,crw_034,38.47499847412109,-123.1750030517578,0.7118554546521603,1996,91,91,1.0,True,1.4781428571428579,64.318,15,6,12.61
westcoast_0091,crw_034,38.47499847412109,-123.1750030517578,0.7118554546521603,1997,90,90,1.0,True,0.7363571428571427,12.383999999999997,0,0,12.61
westcoast_0091,crw_034,38.47499847412109,-123.1750030517578,0.7118554546521603,1998,90,90,1.0,True,2.2847142857142857,138.443,65,50,12.61
westcoast_0091,crw_034,38.47499847412109,-123.1750030517578,0.7118554546521603,1999,90,90,1.0,True,-0.5626428571428571,0.0,0,0,12.61
westcoast_0091,crw_034,38.47499847412109,-123.1750030517578,0.7118554546521603,2000,91,91,1.0,True,0.5599285714285711,11.103000000000003,0,0,12.61
westcoast_0091,crw_034,38.47499847412109,-123.1750030517578,0.7118554546521603,2001,90,90,1.0,True,0.11621428571428538,0.9879999999999978,0,0,12.61
westcoast_0091,crw_034,38.47499847412109,-123.1750030517578,0.7118554546521603,2002,90,90,1.0,True,-0.21121428571428577,0.034000000000000696,0,0,12.61
westcoast_0091,crw_034,38.47499847412109,-123.1750030517578,0.7118554546521603,2003,90,90,1.0,True,1.205071428571428,45.68900000000001,5,3,12.61
westcoast_0091,crw_034,38.47499847412109,-123.1750030517578,0.7118554546521603,2004,91,91,1.0,True,0.3607142857142855,5.9644999999999975,0,0,12.61
westcoast_0091,crw_034,38.47499847412109,-123.1750030517578,0.7118554546521603,2005,90,90,1.0,True,2.3548571428571425,94.02549999999998,32,26,12.61
westcoast_0091,crw_034,38.47499847412109,-123.1750030517578,0.7118554546521603,2006,90,90,1.0,True,0.7857857142857141,26.289499999999993,1,1,12.61
westcoast_0091,crw_034,38.47499847412109,-123.1750030517578,0.7118554546521603,2007,90,90,1.0,True,-0.058285714285713705,0.1695000000000011,0,0,12.61
westcoast_0091,crw_034,38.47499847412109,-123.1750030517578,0.7118554546521603,2008,91,91,1.0,True,-0.6947142857142862,0.0,0,0,12.61
westcoast_0091,crw_034,38.47499847412109,-123.1750030517578,0.7118554546521603,2009,90,90,1.0,True,0.2654999999999999,2.5829999999999966,0,0,12.61
westcoast_0091,crw_034,38.47499847412109,-123.1750030517578,0.7118554546521603,2010,90,90,1.0,True,1.2149999999999999,49.86550000000002,2,1,12.61
westcoast_0091,crw_034,38.47499847412109,-123.1750030517578,0.7118554546521603,2011,90,90,1.0,True,0.46807142857142864,4.2905,0,0,12.61
westcoast_0091,crw_034,38.47499847412109,-123.1750030517578,0.7118554546521603,2012,91,91,1.0,True,-0.3822857142857133,0.0,0,0,12.61
westcoast_0091,crw_034,38.47499847412109,-123.1750030517578,0.7118554546521603,2013,90,90,1.0,True,-0.11671428571428574,0.011000000000001009,0,0,12.61
westcoast_0091,crw_034,38.47499847412109,-123.1750030517578,0.7118554546521603,2014,90,90,1.0,True,1.1568571428571424,19.7705,0,0,12.61
westcoast_0091,crw_034,38.47499847412109,-123.1750030517578,0.7118554546521603,2015,90,90,1.0,True,2.4030714285714287,141.02300000000002,66,58,12.61
westcoast_0091,crw_034,38.47499847412109,-123.1750030517578,0.7118554546521603,2016,91,91,1.0,True,2.1264285714285713,108.108,46,22,12.61
westcoast_0091,crw_034,38.47499847412109,-123.1750030517578,0.7118554546521603,2017,90,90,1.0,True,1.7433571428571426,44.574000000000005,5,1,12.61
westcoast_0091,crw_034,38.47499847412109,-123.1750030517578,0.7118554546521603,2018,90,90,1.0,True,1.2629285714285714,45.23400000000001,12,7,12.61
westcoast_0091,crw_034,38.47499847412109,-123.1750030517578,0.7118554546521603,2019,90,90,1.0,True,1.9009285714285717,78.02400000000002,16,5,12.61
westcoast_0091,crw_034,38.47499847412109,-123.1750030517578,0.7118554546521603,2020,91,91,1.0,True,1.3694285714285714,25.656499999999994,1,1,12.61
westcoast_0091,crw_034,38.47499847412109,-123.1750030517578,0.7118554546521603,2021,90,90,1.0,True,-0.1979999999999999,0.0,0,0,12.61
westcoast_0091,crw_034,38.47499847412109,-123.1750030517578,0.7118554546521603,2022,90,90,1.0,True,0.4302857142857151,4.9420000000000055,0,0,12.61
westcoast_0091,crw_034,38.47499847412109,-123.1750030517578,0.7118554546521603,2023,90,90,1.0,True,0.19185714285714286,3.001500000000002,0,0,12.61
westcoast_0091,crw_034,38.47499847412109,-123.1750030517578,0.7118554546521603,2024,91,90,0.989010989010989,True,1.976142857142857,111.588,48,34,12.61
westcoast_0105,crw_035,36.97499847412109,-122.125,2.22084178919369,1985,90,90,1.0,True,0.41378571428571426,7.684999999999999,0,0,13.38
westcoast_0105,crw_035,36.97499847412109,-122.125,2.22084178919369,1986,90,90,1.0,True,1.5064999999999995,88.242,26,12,13.38
westcoast_0105,crw_035,36.97499847412109,-122.125,2.22084178919369,1987,90,90,1.0,True,1.3517857142857144,43.35000000000001,17,14,13.38
westcoast_0105,crw_035,36.97499847412109,-122.125,2.22084178919369,1988,91,91,1.0,True,-0.07750000000000057,0.015499999999997627,0,0,13.38
westcoast_0105,crw_035,36.97499847412109,-122.125,2.22084178919369,1989,90,90,1.0,True,-0.04721428571428606,0.4314999999999998,0,0,13.38
westcoast_0105,crw_035,36.97499847412109,-122.125,2.22084178919369,1990,90,90,1.0,True,0.607642857142857,14.899000000000004,0,0,13.38
westcoast_0105,crw_035,36.97499847412109,-122.125,2.22084178919369,1991,90,90,1.0,True,-0.06778571428571466,0.05550000000000033,0,0,13.38
westcoast_0105,crw_035,36.97499847412109,-122.125,2.22084178919369,1992,91,91,1.0,True,2.6099285714285716,105.28949999999998,38,28,13.38
westcoast_0105,crw_035,36.97499847412109,-122.125,2.22084178919369,1993,90,90,1.0,True,1.3239285714285713,55.11699999999999,8,3,13.38
westcoast_0105,crw_035,36.97499847412109,-122.125,2.22084178919369,1994,90,90,1.0,True,0.9241428571428576,51.9325,1,1,13.38
westcoast_0105,crw_035,36.97499847412109,-122.125,2.22084178919369,1995,90,90,1.0,True,1.3270714285714287,56.17849999999999,3,2,13.38
westcoast_0105,crw_035,36.97499847412109,-122.125,2.22084178919369,1996,91,91,1.0,True,1.178357142857143,50.598499999999994,4,4,13.38
westcoast_0105,crw_035,36.97499847412109,-122.125,2.22084178919369,1997,90,90,1.0,True,0.5967142857142859,10.145500000000007,0,0,13.38
westcoast_0105,crw_035,36.97499847412109,-122.125,2.22084178919369,1998,90,90,1.0,True,2.2674285714285713,153.14399999999998,78,57,13.38
westcoast_0105,crw_035,36.97499847412109,-122.125,2.22084178919369,1999,90,90,1.0,True,-0.5142142857142866,0.0,0,0,13.38
westcoast_0105,crw_035,36.97499847412109,-122.125,2.22084178919369,2000,91,91,1.0,True,0.4330714285714285,5.489999999999997,0,0,13.38
westcoast_0105,crw_035,36.97499847412109,-122.125,2.22084178919369,2001,90,90,1.0,True,-0.04964285714285691,0.3324999999999996,0,0,13.38
westcoast_0105,crw_035,36.97499847412109,-122.125,2.22084178919369,2002,90,90,1.0,True,0.018357142857142707,0.4220000000000006,0,0,13.38
westcoast_0105,crw_035,36.97499847412109,-122.125,2.22084178919369,2003,90,90,1.0,True,0.9230714285714284,46.980000000000004,3,1,13.38
westcoast_0105,crw_035,36.97499847412109,-122.125,2.22084178919369,2004,91,91,1.0,True,0.7057857142857148,8.647500000000004,0,0,13.38
westcoast_0105,crw_035,36.97499847412109,-122.125,2.22084178919369,2005,90,90,1.0,True,2.0141428571428572,107.43599999999999,44,31,13.38
westcoast_0105,crw_035,36.97499847412109,-122.125,2.22084178919369,2006,90,90,1.0,True,0.653214285714286,7.838000000000001,1,1,13.38
westcoast_0105,crw_035,36.97499847412109,-122.125,2.22084178919369,2007,90,90,1.0,True,0.15357142857142822,1.4269999999999996,0,0,13.38
westcoast_0105,crw_035,36.97499847412109,-122.125,2.22084178919369,2008,91,91,1.0,True,-0.6546428571428581,0.0,0,0,13.38
westcoast_0105,crw_035,36.97499847412109,-122.125,2.22084178919369,2009,90,90,1.0,True,0.1602857142857135,1.553999999999995,0,0,13.38
westcoast_0105,crw_035,36.97499847412109,-122.125,2.22084178919369,2010,90,90,1.0,True,0.9556428571428567,52.318,0,0,13.38
westcoast_0105,crw_035,36.97499847412109,-122.125,2.22084178919369,2011,90,90,1.0,True,0.28421428571428564,3.5205,0,0,13.38
westcoast_0105,crw_035,36.97499847412109,-122.125,2.22084178919369,2012,91,91,1.0,True,-0.3325000000000001,0.0,0,0,13.38
westcoast_0105,crw_035,36.97499847412109,-122.125,2.22084178919369,2013,90,90,1.0,True,-0.11235714285714263,0.11100000000000065,0,0,13.38
westcoast_0105,crw_035,36.97499847412109,-122.125,2.22084178919369,2014,90,90,1.0,True,1.5156428571428573,59.6395,12,4,13.38
westcoast_0105,crw_035,36.97499847412109,-122.125,2.22084178919369,2015,90,90,1.0,True,2.6025,164.33399999999997,83,77,13.38
westcoast_0105,crw_035,36.97499847412109,-122.125,2.22084178919369,2016,91,91,1.0,True,1.7127142857142856,113.95299999999999,66,25,13.38
westcoast_0105,crw_035,36.97499847412109,-122.125,2.22084178919369,2017,90,90,1.0,True,1.1482857142857146,37.54099999999999,1,1,13.38
westcoast_0105,crw_035,36.97499847412109,-122.125,2.22084178919369,2018,90,90,1.0,True,1.0699999999999996,42.78749999999999,10,6,13.38
westcoast_0105,crw_035,36.97499847412109,-122.125,2.22084178919369,2019,90,90,1.0,True,1.4727857142857144,74.52399999999999,15,3,13.38
westcoast_0105,crw_035,36.97499847412109,-122.125,2.22084178919369,2020,91,91,1.0,True,1.6810714285714285,33.73449999999999,9,8,13.38
westcoast_0105,crw_035,36.97499847412109,-122.125,2.22084178919369,2021,90,90,1.0,True,-0.2210714285714285,0.0,0,0,13.38
westcoast_0105,crw_035,36.97499847412109,-122.125,2.22084178919369,2022,90,90,1.0,True,0.48714285714285693,9.929499999999999,0,0,13.38
westcoast_0105,crw_035,36.97499847412109,-122.125,2.22084178919369,2023,90,90,1.0,True,0.2414285714285711,3.223499999999998,0,0,13.38
westcoast_0105,crw_035,36.97499847412109,-122.125,2.22084178919369,2024,91,90,0.989010989010989,True,1.9076428571428572,115.30349999999999,50,19,13.38
westcoast_0106,crw_037,36.92499923706055,-122.0250015258789,7.304035117994904,1985,90,90,1.0,True,0.4117142857142849,7.553499999999996,0,0,13.39
westcoast_0106,crw_037,36.92499923706055,-122.0250015258789,7.304035117994904,1986,90,90,1.0,True,1.6613571428571425,85.93949999999998,27,24,13.39
westcoast_0106,crw_037,36.92499923706055,-122.0250015258789,7.304035117994904,1987,90,90,1.0,True,1.332214285714285,42.821,17,6,13.39
westcoast_0106,crw_037,36.92499923706055,-122.0250015258789,7.304035117994904,1988,91,91,1.0,True,-0.11192857142857118,0.0010000000000012221,0,0,13.39
westcoast_0106,crw_037,36.92499923706055,-122.0250015258789,7.304035117994904,1989,90,90,1.0,True,-0.11271428571428592,0.2984999999999989,0,0,13.39
westcoast_0106,crw_037,36.92499923706055,-122.0250015258789,7.304035117994904,1990,90,90,1.0,True,0.6050714285714286,14.2585,0,0,13.39
westcoast_0106,crw_037,36.92499923706055,-122.0250015258789,7.304035117994904,1991,90,90,1.0,True,-0.05307142857142847,0.05900000000000105,0,0,13.39
westcoast_0106,crw_037,36.92499923706055,-122.0250015258789,7.304035117994904,1992,91,91,1.0,True,2.498714285714285,100.20775,38,28,13.39
westcoast_0106,crw_037,36.92499923706055,-122.0250015258789,7.304035117994904,1993,90,90,1.0,True,1.2109999999999996,52.546499999999995,7,3,13.39
westcoast_0106,crw_037,36.92499923706055,-122.0250015258789,7.304035117994904,1994,90,90,1.0,True,0.9315714285714287,53.45599999999999,2,2,13.39
westcoast_0106,crw_037,36.92499923706055,-122.0250015258789,7.304035117994904,1995,90,90,1.0,True,1.3529999999999998,52.3955,5,3,13.39
westcoast_0106,crw_037,36.92499923706055,-122.0250015258789,7.304035117994904,1996,91,91,1.0,True,1.1769285714285715,50.16625,3,3,13.39
westcoast_0106,crw_037,36.92499923706055,-122.0250015258789,7.304035117994904,1997,90,90,1.0,True,0.5607857142857142,10.1295,0,0,13.39
westcoast_0106,crw_037,36.92499923706055,-122.0250015258789,7.304035117994904,1998,90,90,1.0,True,2.2145714285714284,147.86649999999997,76,56,13.39
westcoast_0106,crw_037,36.92499923706055,-122.0250015258789,7.304035117994904,1999,90,90,1.0,True,-0.5197857142857139,0.0,0,0,13.39
westcoast_0106,crw_037,36.92499923706055,-122.0250015258789,7.304035117994904,2000,91,91,1.0,True,0.3199285714285714,4.372749999999998,0,0,13.39
westcoast_0106,crw_037,36.92499923706055,-122.0250015258789,7.304035117994904,2001,90,90,1.0,True,-0.07528571428571443,0.19049999999999834,0,0,13.39
westcoast_0106,crw_037,36.92499923706055,-122.0250015258789,7.304035117994904,2002,90,90,1.0,True,0.014142857142856664,0.5314999999999994,0,0,13.39
westcoast_0106,crw_037,36.92499923706055,-122.0250015258789,7.304035117994904,2003,90,90,1.0,True,0.8885,48.75099999999999,3,2,13.39
westcoast_0106,crw_037,36.92499923706055,-122.0250015258789,7.304035117994904,2004,91,91,1.0,True,0.7679999999999995,11.960499999999993,0,0,13.39
westcoast_0106,crw_037,36.92499923706055,-122.0250015258789,7.304035117994904,2005,90,90,1.0,True,2.1667857142857145,102.30799999999999,41,32,13.39
westcoast_0106,crw_037,36.92499923706055,-122.0250015258789,7.304035117994904,2006,90,90,1.0,True,0.6837857142857143,7.986499999999994,0,0,13.39
westcoast_0106,crw_037,36.92499923706055,-122.0250015258789,7.304035117994904,2007,90,90,1.0,True,0.16978571428571446,1.9570000000000043,0,0,13.39
westcoast_0106,crw_037,36.92499923706055,-122.0250015258789,7.304035117994904,2008,91,91,1.0,True,-0.5531785714285711,0.0,0,0,13.39
westcoast_0106,crw_037,36.92499923706055,-122.0250015258789,7.304035117994904,2009,90,90,1.0,True,0.11699999999999987,1.250499999999997,0,0,13.39
westcoast_0106,crw_037,36.92499923706055,-122.0250015258789,7.304035117994904,2010,90,90,1.0,True,0.9101428571428569,52.85149999999999,0,0,13.39
westcoast_0106,crw_037,36.92499923706055,-122.0250015258789,7.304035117994904,2011,90,90,1.0,True,0.2544285714285713,3.5814999999999984,0,0,13.39
westcoast_0106,crw_037,36.92499923706055,-122.0250015258789,7.304035117994904,2012,91,91,1.0,True,-0.3630714285714282,0.0,0,0,13.39
westcoast_0106,crw_037,36.92499923706055,-122.0250015258789,7.304035117994904,2013,90,90,1.0,True,-0.19935714285714287,0.028499999999999304,0,0,13.39
westcoast_0106,crw_037,36.92499923706055,-122.0250015258789,7.304035117994904,2014,90,90,1.0,True,1.6244285714285713,64.3895,15,8,13.39
westcoast_0106,crw_037,36.92499923706055,-122.0250015258789,7.304035117994904,2015,90,90,1.0,True,2.613857142857143,165.65650000000002,87,87,13.39
westcoast_0106,crw_037,36.92499923706055,-122.0250015258789,7.304035117994904,2016,91,91,1.0,True,1.9081428571428567,115.80925,64,23,13.39
westcoast_0106,crw_037,36.92499923706055,-122.0250015258789,7.304035117994904,2017,90,90,1.0,True,1.2354285714285709,43.36249999999999,5,5,13.39
westcoast_0106,crw_037,36.92499923706055,-122.0250015258789,7.304035117994904,2018,90,90,1.0,True,1.2298571428571434,48.567499999999995,10,6,13.39
westcoast_0106,crw_037,36.92499923706055,-122.0250015258789,7.304035117994904,2019,90,90,1.0,True,1.4729999999999996,74.1765,13,3,13.39
westcoast_0106,crw_037,36.92499923706055,-122.0250015258789,7.304035117994904,2020,91,91,1.0,True,1.6066428571428566,37.070750000000004,11,11,13.39
westcoast_0106,crw_037,36.92499923706055,-122.0250015258789,7.304035117994904,2021,90,90,1.0,True,-0.24014285714285702,0.1144999999999996,0,0,13.39
westcoast_0106,crw_037,36.92499923706055,-122.0250015258789,7.304035117994904,2022,90,90,1.0,True,0.4450714285714287,10.4755,0,0,13.39
westcoast_0106,crw_037,36.92499923706055,-122.0250015258789,7.304035117994904,2023,90,90,1.0,True,0.3280714285714283,4.593499999999997,0,0,13.39
westcoast_0106,crw_037,36.92499923706055,-122.0250015258789,7.304035117994904,2024,91,90,0.989010989010989,True,1.9492142857142853,122.14975,59,20,13.39
westcoast_0107,crw_036,36.97499847412109,-121.9250030517578,1.8517212429841052,1985,90,90,1.0,True,0.4018571428571432,7.351999999999993,0,0,13.3
westcoast_0107,crw_036,36.97499847412109,-121.9250030517578,1.8517212429841052,1986,90,90,1.0,True,1.5761428571428573,81.18100000000001,25,22,13.3
westcoast_0107,crw_036,36.97499847412109,-121.9250030517578,1.8517212429841052,1987,90,90,1.0,True,1.2658571428571423,40.63099999999999,17,6,13.3
westcoast_0107,crw_036,36.97499847412109,-121.9250030517578,1.8517212429841052,1988,91,91,1.0,True,-0.13535714285714281,0.0035000000000007248,0,0,13.3
westcoast_0107,crw_036,36.97499847412109,-121.9250030517578,1.8517212429841052,1989,90,90,1.0,True,-0.21664285714285722,0.11900000000000155,0,0,13.3
westcoast_0107,crw_036,36.97499847412109,-121.9250030517578,1.8517212429841052,1990,90,90,1.0,True,0.5697142857142856,13.7495,0,0,13.3
westcoast_0107,crw_036,36.97499847412109,-121.9250030517578,1.8517212429841052,1991,90,90,1.0,True,-0.036785714285714075,0.1255000000000024,0,0,13.3
westcoast_0107,crw_036,36.97499847412109,-121.9250030517578,1.8517212429841052,1992,91,91,1.0,True,2.357642857142857,92.886,39,39,13.3
westcoast_0107,crw_036,36.97499847412109,-121.9250030517578,1.8517212429841052,1993,90,90,1.0,True,1.0937142857142859,50.0175,10,4,13.3
westcoast_0107,crw_036,36.97499847412109,-121.9250030517578,1.8517212429841052,1994,90,90,1.0,True,0.8654285714285709,50.523,3,3,13.3
westcoast_0107,crw_036,36.97499847412109,-121.9250030517578,1.8517212429841052,1995,90,90,1.0,True,1.2462142857142857,49.362500000000004,7,4,13.3
westcoast_0107,crw_036,36.97499847412109,-121.9250030517578,1.8517212429841052,1996,91,91,1.0,True,1.1164285714285713,48.832499999999996,3,2,13.3
westcoast_0107,crw_036,36.97499847412109,-121.9250030517578,1.8517212429841052,1997,90,90,1.0,True,0.5088571428571426,9.157999999999992,0,0,13.3
westcoast_0107,crw_036,36.97499847412109,-121.9250030517578,1.8517212429841052,1998,90,90,1.0,True,2.090857142857143,139.581,72,52,13.3
westcoast_0107,crw_036,36.97499847412109,-121.9250030517578,1.8517212429841052,1999,90,90,1.0,True,-0.5212857142857141,0.0,0,0,13.3
westcoast_0107,crw_036,36.97499847412109,-121.9250030517578,1.8517212429841052,2000,91,91,1.0,True,0.2385000000000004,3.6980000000000057,0,0,13.3
westcoast_0107,crw_036,36.97499847412109,-121.9250030517578,1.8517212429841052,2001,90,90,1.0,True,-0.1753571428571435,0.0,0,0,13.3
westcoast_0107,crw_036,36.97499847412109,-121.9250030517578,1.8517212429841052,2002,90,90,1.0,True,0.0015714285714289694,0.3065000000000033,0,0,13.3
westcoast_0107,crw_036,36.97499847412109,-121.9250030517578,1.8517212429841052,2003,90,90,1.0,True,0.821357142857143,47.9295,1,1,13.3
westcoast_0107,crw_036,36.97499847412109,-121.9250030517578,1.8517212429841052,2004,91,91,1.0,True,0.9555714285714288,14.984499999999993,2,2,13.3
westcoast_0107,crw_036,36.97499847412109,-121.9250030517578,1.8517212429841052,2005,90,90,1.0,True,2.1955,98.1535,41,32,13.3
westcoast_0107,crw_036,36.97499847412109,-121.9250030517578,1.8517212429841052,2006,90,90,1.0,True,0.7117857142857138,8.642499999999997,0,0,13.3
westcoast_0107,crw_036,36.97499847412109,-121.9250030517578,1.8517212429841052,2007,90,90,1.0,True,0.21514285714285666,2.676499999999997,0,0,13.3
westcoast_0107,crw_036,36.97499847412109,-121.9250030517578,1.8517212429841052,2008,91,91,1.0,True,-0.5351428571428565,0.0,0,0,13.3
westcoast_0107,crw_036,36.97499847412109,-121.9250030517578,1.8517212429841052,2009,90,90,1.0,True,0.0860000000000003,1.0884999999999998,0,0,13.3
westcoast_0107,crw_036,36.97499847412109,-121.9250030517578,1.8517212429841052,2010,90,90,1.0,True,0.9144285714285719,53.4485,0,0,13.3
westcoast_0107,crw_036,36.97499847412109,-121.9250030517578,1.8517212429841052,2011,90,90,1.0,True,0.16335714285714278,3.0859999999999985,1,1,13.3
westcoast_0107,crw_036,36.97499847412109,-121.9250030517578,1.8517212429841052,2012,91,91,1.0,True,-0.3533571428571428,0.0,0,0,13.3
westcoast_0107,crw_036,36.97499847412109,-121.9250030517578,1.8517212429841052,2013,90,90,1.0,True,-0.19171428571428603,0.046499999999999986,0,0,13.3
westcoast_0107,crw_036,36.97499847412109,-121.9250030517578,1.8517212429841052,2014,90,90,1.0,True,1.5690714285714282,66.48049999999999,22,20,13.3
westcoast_0107,crw_036,36.97499847412109,-121.9250030517578,1.8517212429841052,2015,90,90,1.0,True,2.6583571428571426,167.02100000000002,89,89,13.3
westcoast_0107,crw_036,36.97499847412109,-121.9250030517578,1.8517212429841052,2016,91,91,1.0,True,1.9710714285714286,116.71150000000002,69,26,13.3
westcoast_0107,crw_036,36.97499847412109,-121.9250030517578,1.8517212429841052,2017,90,90,1.0,True,1.2760714285714285,44.072,17,6,13.3
westcoast_0107,crw_036,36.97499847412109,-121.9250030517578,1.8517212429841052,2018,90,90,1.0,True,1.296142857142857,52.4645,13,7,13.3
westcoast_0107,crw_036,36.97499847412109,-121.9250030517578,1.8517212429841052,2019,90,90,1.0,True,1.4176428571428572,72.581,15,6,13.3
westcoast_0107,crw_036,36.97499847412109,-121.9250030517578,1.8517212429841052,2020,91,91,1.0,True,1.5147857142857137,36.437,11,11,13.3
westcoast_0107,crw_036,36.97499847412109,-121.9250030517578,1.8517212429841052,2021,90,90,1.0,True,-0.24092857142857124,0.16000000000000014,0,0,13.3
westcoast_0107,crw_036,36.97499847412109,-121.9250030517578,1.8517212429841052,2022,90,90,1.0,True,0.3992857142857143,7.304500000000001,0,0,13.3
westcoast_0107,crw_036,36.97499847412109,-121.9250030517578,1.8517212429841052,2023,90,90,1.0,True,0.39364285714285735,5.089,0,0,13.3
westcoast_0107,crw_036,36.97499847412109,-121.9250030517578,1.8517212429841052,2024,91,90,0.989010989010989,True,1.9294285714285715,123.2515,66,40,13.3
westcoast_0108,crw_038,36.625,-121.9250030517578,2.885459732303404,1985,90,90,1.0,True,0.4032142857142859,6.5684999999999985,0,0,13.506000000000002
westcoast_0108,crw_038,36.625,-121.9250030517578,2.885459732303404,1986,90,90,1.0,True,1.5195714285714286,80.1175,20,11,13.506000000000002
westcoast_0108,crw_038,36.625,-121.9250030517578,2.885459732303404,1987,90,90,1.0,True,1.2657857142857145,38.726500000000016,15,7,13.506000000000002
westcoast_0108,crw_038,36.625,-121.9250030517578,2.885459732303404,1988,91,91,1.0,True,0.11049999999999979,1.2994999999999983,0,0,13.506000000000002
westcoast_0108,crw_038,36.625,-121.9250030517578,2.885459732303404,1989,90,90,1.0,True,-0.19549999999999987,0.13700000000000045,0,0,13.506000000000002
westcoast_0108,crw_038,36.625,-121.9250030517578,2.885459732303404,1990,90,90,1.0,True,0.5332142857142854,11.948500000000005,0,0,13.506000000000002
westcoast_0108,crw_038,36.625,-121.9250030517578,2.885459732303404,1991,90,90,1.0,True,0.02100000000000029,0.39300000000000246,0,0,13.506000000000002
westcoast_0108,crw_038,36.625,-121.9250030517578,2.885459732303404,1992,91,91,1.0,True,2.3687857142857145,98.06150000000001,38,27,13.506000000000002
westcoast_0108,crw_038,36.625,-121.9250030517578,2.885459732303404,1993,90,90,1.0,True,1.3857857142857146,62.483500000000014,11,4,13.506000000000002
westcoast_0108,crw_038,36.625,-121.9250030517578,2.885459732303404,1994,90,90,1.0,True,1.0147857142857142,58.43300000000001,7,3,13.506000000000002
westcoast_0108,crw_038,36.625,-121.9250030517578,2.885459732303404,1995,90,90,1.0,True,1.1602142857142859,46.62450000000001,1,1,13.506000000000002
westcoast_0108,crw_038,36.625,-121.9250030517578,2.885459732303404,1996,91,91,1.0,True,1.2686428571428574,56.760000000000005,10,4,13.506000000000002
westcoast_0108,crw_038,36.625,-121.9250030517578,2.885459732303404,1997,90,90,1.0,True,0.6081428571428571,11.633500000000002,0,0,13.506000000000002
westcoast_0108,crw_038,36.625,-121.9250030517578,2.885459732303404,1998,90,90,1.0,True,2.309285714285714,151.7075,75,57,13.506000000000002
westcoast_0108,crw_038,36.625,-121.9250030517578,2.885459732303404,1999,90,90,1.0,True,-0.5395714285714285,0.0,0,0,13.506000000000002
westcoast_0108,crw_038,36.625,-121.9250030517578,2.885459732303404,2000,91,91,1.0,True,0.2582857142857143,3.2670000000000012,0,0,13.506000000000002
westcoast_0108,crw_038,36.625,-121.9250030517578,2.885459732303404,2001,90,90,1.0,True,-0.29714285714285715,0.0,0,0,13.506000000000002
westcoast_0108,crw_038,36.625,-121.9250030517578,2.885459732303404,2002,90,90,1.0,True,-0.1803571428571425,0.038000000000000256,0,0,13.506000000000002
westcoast_0108,crw_038,36.625,-121.9250030517578,2.885459732303404,2003,90,90,1.0,True,0.9547857142857141,44.57600000000001,4,2,13.506000000000002
westcoast_0108,crw_038,36.625,-121.9250030517578,2.885459732303404,2004,91,91,1.0,True,0.41142857142857153,5.381,0,0,13.506000000000002
westcoast_0108,crw_038,36.625,-121.9250030517578,2.885459732303404,2005,90,90,1.0,True,1.9902142857142857,97.81150000000001,32,27,13.506000000000002
westcoast_0108,crw_038,36.625,-121.9250030517578,2.885459732303404,2006,90,90,1.0,True,0.5738571428571425,6.530000000000003,0,0,13.506000000000002
westcoast_0108,crw_038,36.625,-121.9250030517578,2.885459732303404,2007,90,90,1.0,True,0.10157142857142912,0.8215000000000039,0,0,13.506000000000002
westcoast_0108,crw_038,36.625,-121.9250030517578,2.885459732303404,2008,91,91,1.0,True,-0.6965714285714285,0.0,0,0,13.506000000000002
westcoast_0108,crw_038,36.625,-121.9250030517578,2.885459732303404,2009,90,90,1.0,True,-0.01735714285714301,0.490000000000002,0,0,13.506000000000002
westcoast_0108,crw_038,36.625,-121.9250030517578,2.885459732303404,2010,90,90,1.0,True,0.7930714285714284,47.8125,0,0,13.506000000000002
westcoast_0108,crw_038,36.625,-121.9250030517578,2.885459732303404,2011,90,90,1.0,True,0.09735714285714307,1.9465000000000021,0,0,13.506000000000002
westcoast_0108,crw_038,36.625,-121.9250030517578,2.885459732303404,2012,91,91,1.0,True,-0.3612142857142859,0.0,0,0,13.506000000000002
westcoast_0108,crw_038,36.625,-121.9250030517578,2.885459732303404,2013,90,90,1.0,True,-0.19578571428571376,0.0,0,0,13.506000000000002
westcoast_0108,crw_038,36.625,-121.9250030517578,2.885459732303404,2014,90,90,1.0,True,1.4187857142857143,55.823499999999996,3,3,13.506000000000002
westcoast_0108,crw_038,36.625,-121.9250030517578,2.885459732303404,2015,90,90,1.0,True,2.5711428571428567,164.55749999999998,85,78,13.506000000000002
westcoast_0108,crw_038,36.625,-121.9250030517578,2.885459732303404,2016,91,91,1.0,True,1.7848571428571425,111.37500000000001,59,24,13.506000000000002
westcoast_0108,crw_038,36.625,-121.9250030517578,2.885459732303404,2017,90,90,1.0,True,1.224357142857143,42.6375,5,4,13.506000000000002
westcoast_0108,crw_038,36.625,-121.9250030517578,2.885459732303404,2018,90,90,1.0,True,1.209071428571429,47.836999999999996,13,6,13.506000000000002
westcoast_0108,crw_038,36.625,-121.9250030517578,2.885459732303404,2019,90,90,1.0,True,1.267357142857143,71.052,11,3,13.506000000000002
westcoast_0108,crw_038,36.625,-121.9250030517578,2.885459732303404,2020,91,91,1.0,True,1.717357142857143,37.98300000000001,12,11,13.506000000000002
westcoast_0108,crw_038,36.625,-121.9250030517578,2.885459732303404,2021,90,90,1.0,True,-0.3009285714285715,0.0,0,0,13.506000000000002
westcoast_0108,crw_038,36.625,-121.9250030517578,2.885459732303404,2022,90,90,1.0,True,0.32428571428571423,8.428500000000001,0,0,13.506000000000002
westcoast_0108,crw_038,36.625,-121.9250030517578,2.885459732303404,2023,90,90,1.0,True,0.3897142857142862,5.3735000000000035,0,0,13.506000000000002
westcoast_0108,crw_038,36.625,-121.9250030517578,2.885459732303404,2024,91,90,0.989010989010989,True,2.0685000000000007,121.968,61,35,13.506000000000002
westcoast_0110,crw_039,36.525001525878906,-121.9250030517578,2.580832642003766,1985,90,90,1.0,True,0.47664285714285726,7.603499999999997,0,0,13.53
westcoast_0110,crw_039,36.525001525878906,-121.9250030517578,2.580832642003766,1986,90,90,1.0,True,1.416642857142857,81.8455,18,8,13.53
westcoast_0110,crw_039,36.525001525878906,-121.9250030517578,2.580832642003766,1987,90,90,1.0,True,1.3557142857142863,40.94899999999999,16,14,13.53
westcoast_0110,crw_039,36.525001525878906,-121.9250030517578,2.580832642003766,1988,91,91,1.0,True,0.22810714285714237,2.5477500000000006,0,0,13.53
westcoast_0110,crw_039,36.525001525878906,-121.9250030517578,2.580832642003766,1989,90,90,1.0,True,-0.23528571428571407,0.13949999999999996,0,0,13.53
westcoast_0110,crw_039,36.525001525878906,-121.9250030517578,2.580832642003766,1990,90,90,1.0,True,0.515,11.578999999999995,0,0,13.53
westcoast_0110,crw_039,36.525001525878906,-121.9250030517578,2.580832642003766,1991,90,90,1.0,True,0.029928571428571464,0.484,0,0,13.53
westcoast_0110,crw_039,36.525001525878906,-121.9250030517578,2.580832642003766,1992,91,91,1.0,True,2.364714285714286,99.20524999999999,38,27,13.53
westcoast_0110,crw_039,36.525001525878906,-121.9250030517578,2.580832642003766,1993,90,90,1.0,True,1.3342142857142858,64.29199999999999,10,4,13.53
westcoast_0110,crw_039,36.525001525878906,-121.9250030517578,2.580832642003766,1994,90,90,1.0,True,0.980071428571429,56.1995,5,4,13.53
westcoast_0110,crw_039,36.525001525878906,-121.9250030517578,2.580832642003766,1995,90,90,1.0,True,1.1590000000000005,47.52799999999999,2,2,13.53
westcoast_0110,crw_039,36.525001525878906,-121.9250030517578,2.580832642003766,1996,91,91,1.0,True,1.3767142857142858,63.20774999999999,14,6,13.53
westcoast_0110,crw_039,36.525001525878906,-121.9250030517578,2.580832642003766,1997,90,90,1.0,True,0.6892142857142856,11.462499999999997,0,0,13.53
westcoast_0110,crw_039,36.525001525878906,-121.9250030517578,2.580832642003766,1998,90,90,1.0,True,2.3336428571428565,152.5855,73,57,13.53
westcoast_0110,crw_039,36.525001525878906,-121.9250030517578,2.580832642003766,1999,90,90,1.0,True,-0.5062857142857143,0.0,0,0,13.53
westcoast_0110,crw_039,36.525001525878906,-121.9250030517578,2.580832642003766,2000,91,91,1.0,True,0.30635714285714294,4.073249999999996,0,0,13.53
westcoast_0110,crw_039,36.525001525878906,-121.9250030517578,2.580832642003766,2001,90,90,1.0,True,-0.2934285714285712,0.0,0,0,13.53
westcoast_0110,crw_039,36.525001525878906,-121.9250030517578,2.580832642003766,2002,90,90,1.0,True,-0.21685714285714322,0.03049999999999997,0,0,13.53
westcoast_0110,crw_039,36.525001525878906,-121.9250030517578,2.580832642003766,2003,90,90,1.0,True,0.9592857142857143,40.25149999999998,3,2,13.53
westcoast_0110,crw_039,36.525001525878906,-121.9250030517578,2.580832642003766,2004,91,91,1.0,True,0.32671428571428557,3.8770000000000007,0,0,13.53
westcoast_0110,crw_039,36.525001525878906,-121.9250030517578,2.580832642003766,2005,90,90,1.0,True,1.984428571428571,97.64150000000001,34,26,13.53
westcoast_0110,crw_039,36.525001525878906,-121.9250030517578,2.580832642003766,2006,90,90,1.0,True,0.5564285714285716,5.8054999999999986,0,0,13.53
westcoast_0110,crw_039,36.525001525878906,-121.9250030517578,2.580832642003766,2007,90,90,1.0,True,0.06307142857142876,0.5900000000000016,0,0,13.53
westcoast_0110,crw_039,36.525001525878906,-121.9250030517578,2.580832642003766,2008,91,91,1.0,True,-0.7035000000000002,0.0,0,0,13.53
westcoast_0110,crw_039,36.525001525878906,-121.9250030517578,2.580832642003766,2009,90,90,1.0,True,-0.005357142857143314,0.5730000000000004,0,0,13.53
westcoast_0110,crw_039,36.525001525878906,-121.9250030517578,2.580832642003766,2010,90,90,1.0,True,0.8057857142857142,46.33999999999999,0,0,13.53
westcoast_0110,crw_039,36.525001525878906,-121.9250030517578,2.580832642003766,2011,90,90,1.0,True,0.101857142857143,1.9209999999999994,0,0,13.53
westcoast_0110,crw_039,36.525001525878906,-121.9250030517578,2.580832642003766,2012,91,91,1.0,True,-0.3692857142857144,0.0,0,0,13.53
westcoast_0110,crw_039,36.525001525878906,-121.9250030517578,2.580832642003766,2013,90,90,1.0,True,-0.22571428571428523,0.021999999999998465,0,0,13.53
westcoast_0110,crw_039,36.525001525878906,-121.9250030517578,2.580832642003766,2014,90,90,1.0,True,1.2675714285714286,53.11349999999999,3,2,13.53
westcoast_0110,crw_039,36.525001525878906,-121.9250030517578,2.580832642003766,2015,90,90,1.0,True,2.541357142857142,161.42549999999997,79,79,13.53
westcoast_0110,crw_039,36.525001525878906,-121.9250030517578,2.580832642003766,2016,91,91,1.0,True,1.7807142857142855,107.91524999999999,55,23,13.53
westcoast_0110,crw_039,36.525001525878906,-121.9250030517578,2.580832642003766,2017,90,90,1.0,True,1.151285714285714,37.32899999999999,0,0,13.53
westcoast_0110,crw_039,36.525001525878906,-121.9250030517578,2.580832642003766,2018,90,90,1.0,True,1.2452142857142854,45.1695,15,8,13.53
westcoast_0110,crw_039,36.525001525878906,-121.9250030517578,2.580832642003766,2019,90,90,1.0,True,1.290428571428572,68.16799999999999,12,5,13.53
westcoast_0110,crw_039,36.525001525878906,-121.9250030517578,2.580832642003766,2020,91,91,1.0,True,1.806642857142857,37.30424999999999,13,12,13.53
westcoast_0110,crw_039,36.525001525878906,-121.9250030517578,2.580832642003766,2021,90,90,1.0,True,-0.39064285714285724,0.0,0,0,13.53
westcoast_0110,crw_039,36.525001525878906,-121.9250030517578,2.580832642003766,2022,90,90,1.0,True,0.3142142857142858,6.695999999999994,0,0,13.53
westcoast_0110,crw_039,36.525001525878906,-121.9250030517578,2.580832642003766,2023,90,90,1.0,True,0.3968571428571427,4.8735000000000035,0,0,13.53
westcoast_0110,crw_039,36.525001525878906,-121.9250030517578,2.580832642003766,2024,91,90,0.989010989010989,True,2.0785714285714287,117.36774999999997,53,12,13.53
westcoast_0111,crw_040,36.42499923706055,-121.9250030517578,2.2678550883557085,1985,90,90,1.0,True,0.5442857142857144,8.743999999999998,0,0,13.56
westcoast_0111,crw_040,36.42499923706055,-121.9250030517578,2.2678550883557085,1986,90,90,1.0,True,1.4934999999999998,81.8275,15,8,13.56
westcoast_0111,crw_040,36.42499923706055,-121.9250030517578,2.2678550883557085,1987,90,90,1.0,True,1.5664999999999996,46.21650000000001,15,14,13.56
westcoast_0111,crw_040,36.42499923706055,-121.9250030517578,2.2678550883557085,1988,91,91,1.0,True,0.34907142857142837,3.8610000000000007,0,0,13.56
westcoast_0111,crw_040,36.42499923706055,-121.9250030517578,2.2678550883557085,1989,90,90,1.0,True,-0.25978571428571434,0.1404999999999994,0,0,13.56
westcoast_0111,crw_040,36.42499923706055,-121.9250030517578,2.2678550883557085,1990,90,90,1.0,True,0.5191428571428572,11.540999999999991,1,1,13.56
westcoast_0111,crw_040,36.42499923706055,-121.9250030517578,2.2678550883557085,1991,90,90,1.0,True,0.054214285714285736,0.6239999999999988,0,0,13.56
westcoast_0111,crw_040,36.42499923706055,-121.9250030517578,2.2678550883557085,1992,91,91,1.0,True,2.4002142857142856,100.1145,38,28,13.56
westcoast_0111,crw_040,36.42499923706055,-121.9250030517578,2.2678550883557085,1993,90,90,1.0,True,1.2314285714285713,65.50650000000002,6,2,13.56
westcoast_0111,crw_040,36.42499923706055,-121.9250030517578,2.2678550883557085,1994,90,90,1.0,True,0.950785714285714,54.72350000000001,7,5,13.56
westcoast_0111,crw_040,36.42499923706055,-121.9250030517578,2.2678550883557085,1995,90,90,1.0,True,1.1941428571428574,51.51450000000001,4,4,13.56
westcoast_0111,crw_040,36.42499923706055,-121.9250030517578,2.2678550883557085,1996,91,91,1.0,True,1.5127857142857146,69.8425,18,8,13.56
westcoast_0111,crw_040,36.42499923706055,-121.9250030517578,2.2678550883557085,1997,90,90,1.0,True,0.757357142857143,12.000999999999996,0,0,13.56
westcoast_0111,crw_040,36.42499923706055,-121.9250030517578,2.2678550883557085,1998,90,90,1.0,True,2.379,153.4275,70,56,13.56
westcoast_0111,crw_040,36.42499923706055,-121.9250030517578,2.2678550883557085,1999,90,90,1.0,True,-0.451,0.0,0,0,13.56
westcoast_0111,crw_040,36.42499923706055,-121.9250030517578,2.2678550883557085,2000,91,91,1.0,True,0.3095000000000004,4.872000000000002,0,0,13.56
westcoast_0111,crw_040,36.42499923706055,-121.9250030517578,2.2678550883557085,2001,90,90,1.0,True,-0.19807142857142881,0.0,0,0,13.56
westcoast_0111,crw_040,36.42499923706055,-121.9250030517578,2.2678550883557085,2002,90,90,1.0,True,-0.2508571428571434,0.06349999999999945,0,0,13.56
westcoast_0111,crw_040,36.42499923706055,-121.9250030517578,2.2678550883557085,2003,90,90,1.0,True,0.9428571428571428,37.8475,5,3,13.56
westcoast_0111,crw_040,36.42499923706055,-121.9250030517578,2.2678550883557085,2004,91,91,1.0,True,0.3722142857142859,3.4725000000000055,0,0,13.56
westcoast_0111,crw_040,36.42499923706055,-121.9250030517578,2.2678550883557085,2005,90,90,1.0,True,1.9148571428571433,98.479,39,15,13.56
westcoast_0111,crw_040,36.42499923706055,-121.9250030517578,2.2678550883557085,2006,90,90,1.0,True,0.5919285714285716,5.490999999999996,1,1,13.56
westcoast_0111,crw_040,36.42499923706055,-121.9250030517578,2.2678550883557085,2007,90,90,1.0,True,0.046071428571428284,0.6024999999999991,0,0,13.56
westcoast_0111,crw_040,36.42499923706055,-121.9250030517578,2.2678550883557085,2008,91,91,1.0,True,-0.7287857142857143,0.0,0,0,13.56
westcoast_0111,crw_040,36.42499923706055,-121.9250030517578,2.2678550883557085,2009,90,90,1.0,True,0.049857142857142885,0.7664999999999988,0,0,13.56
westcoast_0111,crw_040,36.42499923706055,-121.9250030517578,2.2678550883557085,2010,90,90,1.0,True,0.8460714285714287,46.731,0,0,13.56
westcoast_0111,crw_040,36.42499923706055,-121.9250030517578,2.2678550883557085,2011,90,90,1.0,True,0.09449999999999978,1.7730000000000015,0,0,13.56
westcoast_0111,crw_040,36.42499923706055,-121.9250030517578,2.2678550883557085,2012,91,91,1.0,True,-0.2994285714285717,0.0,0,0,13.56
westcoast_0111,crw_040,36.42499923706055,-121.9250030517578,2.2678550883557085,2013,90,90,1.0,True,-0.20799999999999993,0.17199999999999882,0,0,13.56
westcoast_0111,crw_040,36.42499923706055,-121.9250030517578,2.2678550883557085,2014,90,90,1.0,True,1.012,49.281,7,3,13.56
westcoast_0111,crw_040,36.42499923706055,-121.9250030517578,2.2678550883557085,2015,90,90,1.0,True,2.524714285714286,155.5075,73,65,13.56
westcoast_0111,crw_040,36.42499923706055,-121.9250030517578,2.2678550883557085,2016,91,91,1.0,True,1.7348571428571429,103.34549999999999,54,23,13.56
westcoast_0111,crw_040,36.42499923706055,-121.9250030517578,2.2678550883557085,2017,90,90,1.0,True,1.0092857142857146,27.68100000000001,0,0,13.56
westcoast_0111,crw_040,36.42499923706055,-121.9250030517578,2.2678550883557085,2018,90,90,1.0,True,1.261642857142857,44.13750000000001,19,12,13.56
westcoast_0111,crw_040,36.42499923706055,-121.9250030517578,2.2678550883557085,2019,90,90,1.0,True,1.3359285714285714,67.1015,11,4,13.56
westcoast_0111,crw_040,36.42499923706055,-121.9250030517578,2.2678550883557085,2020,91,91,1.0,True,1.9275,38.9025,13,12,13.56
westcoast_0111,crw_040,36.42499923706055,-121.9250030517578,2.2678550883557085,2021,90,90,1.0,True,-0.33528571428571424,0.0,0,0,13.56
westcoast_0111,crw_040,36.42499923706055,-121.9250030517578,2.2678550883557085,2022,90,90,1.0,True,0.4762857142857145,9.096000000000002,0,0,13.56
westcoast_0111,crw_040,36.42499923706055,-121.9250030517578,2.2678550883557085,2023,90,90,1.0,True,0.4216428571428573,5.009999999999996,0,0,13.56
westcoast_0111,crw_040,36.42499923706055,-121.9250030517578,2.2678550883557085,2024,91,90,0.989010989010989,True,2.085071428571428,109.86000000000001,41,11,13.56
westcoast_0112,crw_041,36.32500076293945,-121.9250030517578,1.9504023492522304,1985,90,90,1.0,True,0.5520714285714288,8.923000000000004,0,0,13.59
westcoast_0112,crw_041,36.32500076293945,-121.9250030517578,1.9504023492522304,1986,90,90,1.0,True,1.530357142857143,77.71550000000002,12,8,13.59
westcoast_0112,crw_041,36.32500076293945,-121.9250030517578,1.9504023492522304,1987,90,90,1.0,True,1.6164285714285722,49.73600000000002,15,14,13.59
westcoast_0112,crw_041,36.32500076293945,-121.9250030517578,1.9504023492522304,1988,91,91,1.0,True,0.4246071428571427,5.064250000000001,0,0,13.59
westcoast_0112,crw_041,36.32500076293945,-121.9250030517578,1.9504023492522304,1989,90,90,1.0,True,-0.30571428571428577,0.07699999999999996,0,0,13.59
westcoast_0112,crw_041,36.32500076293945,-121.9250030517578,1.9504023492522304,1990,90,90,1.0,True,0.5484285714285717,11.790500000000007,1,1,13.59
westcoast_0112,crw_041,36.32500076293945,-121.9250030517578,1.9504023492522304,1991,90,90,1.0,True,0.08000000000000007,0.7089999999999996,0,0,13.59
westcoast_0112,crw_041,36.32500076293945,-121.9250030517578,1.9504023492522304,1992,91,91,1.0,True,2.5357142857142856,102.87375,39,28,13.59
westcoast_0112,crw_041,36.32500076293945,-121.9250030517578,1.9504023492522304,1993,90,90,1.0,True,1.1597142857142855,65.53900000000002,4,1,13.59
westcoast_0112,crw_041,36.32500076293945,-121.9250030517578,1.9504023492522304,1994,90,90,1.0,True,0.9093571428571424,56.08200000000001,7,5,13.59
westcoast_0112,crw_041,36.32500076293945,-121.9250030517578,1.9504023492522304,1995,90,90,1.0,True,1.256142857142858,55.03800000000001,4,4,13.59
westcoast_0112,crw_041,36.32500076293945,-121.9250030517578,1.9504023492522304,1996,91,91,1.0,True,1.6002857142857143,71.38425000000002,21,9,13.59
westcoast_0112,crw_041,36.32500076293945,-121.9250030517578,1.9504023492522304,1997,90,90,1.0,True,0.7344999999999994,11.645500000000006,0,0,13.59
westcoast_0112,crw_041,36.32500076293945,-121.9250030517578,1.9504023492522304,1998,90,90,1.0,True,2.4517857142857147,154.2155,68,41,13.59
westcoast_0112,crw_041,36.32500076293945,-121.9250030517578,1.9504023492522304,1999,90,90,1.0,True,-0.4222857142857145,0.0,0,0,13.59
westcoast_0112,crw_041,36.32500076293945,-121.9250030517578,1.9504023492522304,2000,91,91,1.0,True,0.2884285714285707,5.805249999999994,0,0,13.59
westcoast_0112,crw_041,36.32500076293945,-121.9250030517578,1.9504023492522304,2001,90,90,1.0,True,-0.1245714285714283,0.0,0,0,13.59
westcoast_0112,crw_041,36.32500076293945,-121.9250030517578,1.9504023492522304,2002,90,90,1.0,True,-0.1955000000000004,0.13349999999999795,0,0,13.59
westcoast_0112,crw_041,36.32500076293945,-121.9250030517578,1.9504023492522304,2003,90,90,1.0,True,0.919214285714286,36.693500000000014,8,5,13.59
westcoast_0112,crw_041,36.32500076293945,-121.9250030517578,1.9504023492522304,2004,91,91,1.0,True,0.4927857142857146,4.567000000000009,0,0,13.59
westcoast_0112,crw_041,36.32500076293945,-121.9250030517578,1.9504023492522304,2005,90,90,1.0,True,1.8912142857142862,100.36549999999998,42,15,13.59
westcoast_0112,crw_041,36.32500076293945,-121.9250030517578,1.9504023492522304,2006,90,90,1.0,True,0.618285714285715,5.790000000000008,1,1,13.59
westcoast_0112,crw_041,36.32500076293945,-121.9250030517578,1.9504023492522304,2007,90,90,1.0,True,0.08650000000000015,0.7710000000000026,0,0,13.59
westcoast_0112,crw_041,36.32500076293945,-121.9250030517578,1.9504023492522304,2008,91,91,1.0,True,-0.7618571428571423,0.0,0,0,13.59
westcoast_0112,crw_041,36.32500076293945,-121.9250030517578,1.9504023492522304,2009,90,90,1.0,True,0.07449999999999969,0.8705000000000016,0,0,13.59
westcoast_0112,crw_041,36.32500076293945,-121.9250030517578,1.9504023492522304,2010,90,90,1.0,True,0.9329285714285709,47.78600000000001,0,0,13.59
westcoast_0112,crw_041,36.32500076293945,-121.9250030517578,1.9504023492522304,2011,90,90,1.0,True,0.13857142857142865,1.3970000000000038,0,0,13.59
westcoast_0112,crw_041,36.32500076293945,-121.9250030517578,1.9504023492522304,2012,91,91,1.0,True,-0.1746428571428569,0.0,0,0,13.59
westcoast_0112,crw_041,36.32500076293945,-121.9250030517578,1.9504023492522304,2013,90,90,1.0,True,-0.061928571428570986,0.3820000000000032,0,0,13.59
westcoast_0112,crw_041,36.32500076293945,-121.9250030517578,1.9504023492522304,2014,90,90,1.0,True,1.138071428571429,47.783,9,8,13.59
westcoast_0112,crw_041,36.32500076293945,-121.9250030517578,1.9504023492522304,2015,90,90,1.0,True,2.616,153.77450000000002,73,66,13.59
westcoast_0112,crw_041,36.32500076293945,-121.9250030517578,1.9504023492522304,2016,91,91,1.0,True,1.685214285714286,99.70625,50,23,13.59
westcoast_0112,crw_041,36.32500076293945,-121.9250030517578,1.9504023492522304,2017,90,90,1.0,True,0.8294285714285718,22.1385,0,0,13.59
westcoast_0112,crw_041,36.32500076293945,-121.9250030517578,1.9504023492522304,2018,90,90,1.0,True,1.2041428571428574,45.66750000000001,19,12,13.59
westcoast_0112,crw_041,36.32500076293945,-121.9250030517578,1.9504023492522304,2019,90,90,1.0,True,1.3685714285714285,67.43950000000001,14,5,13.59
westcoast_0112,crw_041,36.32500076293945,-121.9250030517578,1.9504023492522304,2020,91,91,1.0,True,2.018214285714286,42.58425,14,13,13.59
westcoast_0112,crw_041,36.32500076293945,-121.9250030517578,1.9504023492522304,2021,90,90,1.0,True,-0.0710714285714289,0.08300000000000018,0,0,13.59
westcoast_0112,crw_041,36.32500076293945,-121.9250030517578,1.9504023492522304,2022,90,90,1.0,True,0.6236428571428575,11.661000000000001,0,0,13.59
westcoast_0112,crw_041,36.32500076293945,-121.9250030517578,1.9504023492522304,2023,90,90,1.0,True,0.39978571428571386,4.310999999999995,0,0,13.59
westcoast_0112,crw_041,36.32500076293945,-121.9250030517578,1.9504023492522304,2024,91,90,0.989010989010989,True,2.0992857142857146,102.84475000000003,34,11,13.59
westcoast_0113,crw_042,36.32500076293945,-121.875,4.333345386723902,1985,90,90,1.0,True,0.5347857142857142,8.681,0,0,13.576000000000002
westcoast_0113,crw_042,36.32500076293945,-121.875,4.333345386723902,1986,90,90,1.0,True,1.5162857142857145,77.1865,11,8,13.576000000000002
westcoast_0113,crw_042,36.32500076293945,-121.875,4.333345386723902,1987,90,90,1.0,True,1.6021428571428575,49.797000000000004,15,14,13.576000000000002
westcoast_0113,crw_042,36.32500076293945,-121.875,4.333345386723902,1988,91,91,1.0,True,0.42467857142857135,5.187750000000001,0,0,13.576000000000002
westcoast_0113,crw_042,36.32500076293945,-121.875,4.333345386723902,1989,90,90,1.0,True,-0.32264285714285734,0.04749999999999943,0,0,13.576000000000002
westcoast_0113,crw_042,36.32500076293945,-121.875,4.333345386723902,1990,90,90,1.0,True,0.5492142857142858,11.716000000000006,2,2,13.576000000000002
westcoast_0113,crw_042,36.32500076293945,-121.875,4.333345386723902,1991,90,90,1.0,True,0.0860000000000003,0.7225000000000019,0,0,13.576000000000002
westcoast_0113,crw_042,36.32500076293945,-121.875,4.333345386723902,1992,91,91,1.0,True,2.5916428571428574,103.31975,40,28,13.576000000000002
westcoast_0113,crw_042,36.32500076293945,-121.875,4.333345386723902,1993,90,90,1.0,True,1.1621428571428574,65.036,5,1,13.576000000000002
westcoast_0113,crw_042,36.32500076293945,-121.875,4.333345386723902,1994,90,90,1.0,True,0.8995714285714281,56.324999999999996,6,5,13.576000000000002
westcoast_0113,crw_042,36.32500076293945,-121.875,4.333345386723902,1995,90,90,1.0,True,1.2469285714285712,55.403499999999994,4,4,13.576000000000002
westcoast_0113,crw_042,36.32500076293945,-121.875,4.333345386723902,1996,91,91,1.0,True,1.5857857142857144,70.72824999999999,20,9,13.576000000000002
westcoast_0113,crw_042,36.32500076293945,-121.875,4.333345386723902,1997,90,90,1.0,True,0.720857142857143,11.411000000000007,0,0,13.576000000000002
westcoast_0113,crw_042,36.32500076293945,-121.875,4.333345386723902,1998,90,90,1.0,True,2.4489285714285716,154.1465,70,56,13.576000000000002
westcoast_0113,crw_042,36.32500076293945,-121.875,4.333345386723902,1999,90,90,1.0,True,-0.43121428571428566,0.0,0,0,13.576000000000002
westcoast_0113,crw_042,36.32500076293945,-121.875,4.333345386723902,2000,91,91,1.0,True,0.287642857142857,5.931749999999996,0,0,13.576000000000002
westcoast_0113,crw_042,36.32500076293945,-121.875,4.333345386723902,2001,90,90,1.0,True,-0.12621428571428567,0.0,0,0,13.576000000000002
westcoast_0113,crw_042,36.32500076293945,-121.875,4.333345386723902,2002,90,90,1.0,True,-0.19292857142857173,0.12799999999999834,0,0,13.576000000000002
westcoast_0113,crw_042,36.32500076293945,-121.875,4.333345386723902,2003,90,90,1.0,True,0.9199285714285713,36.06,8,5,13.576000000000002
westcoast_0113,crw_042,36.32500076293945,-121.875,4.333345386723902,2004,91,91,1.0,True,0.5311428571428569,4.6579999999999995,0,0,13.576000000000002
westcoast_0113,crw_042,36.32500076293945,-121.875,4.333345386723902,2005,90,90,1.0,True,1.9160000000000001,100.61649999999999,44,15,13.576000000000002
westcoast_0113,crw_042,36.32500076293945,-121.875,4.333345386723902,2006,90,90,1.0,True,0.5995000000000003,5.747000000000002,1,1,13.576000000000002
westcoast_0113,crw_042,36.32500076293945,-121.875,4.333345386723902,2007,90,90,1.0,True,0.10142857142857105,0.878499999999999,0,0,13.576000000000002
westcoast_0113,crw_042,36.32500076293945,-121.875,4.333345386723902,2008,91,91,1.0,True,-0.7580714285714288,0.0,0,0,13.576000000000002
westcoast_0113,crw_042,36.32500076293945,-121.875,4.333345386723902,2009,90,90,1.0,True,0.07521428571428553,0.8870000000000005,0,0,13.576000000000002
westcoast_0113,crw_042,36.32500076293945,-121.875,4.333345386723902,2010,90,90,1.0,True,0.9514285714285712,47.8715,0,0,13.576000000000002
westcoast_0113,crw_042,36.32500076293945,-121.875,4.333345386723902,2011,90,90,1.0,True,0.14878571428571416,1.3475000000000001,0,0,13.576000000000002
westcoast_0113,crw_042,36.32500076293945,-121.875,4.333345386723902,2012,91,91,1.0,True,-0.1562857142857142,0.0,0,0,13.576000000000002
westcoast_0113,crw_042,36.32500076293945,-121.875,4.333345386723902,2013,90,90,1.0,True,-0.057928571428571426,0.38649999999999984,0,0,13.576000000000002
westcoast_0113,crw_042,36.32500076293945,-121.875,4.333345386723902,2014,90,90,1.0,True,1.1406428571428573,47.676,11,10,13.576000000000002
westcoast_0113,crw_042,36.32500076293945,-121.875,4.333345386723902,2015,90,90,1.0,True,2.6357857142857144,154.106,72,61,13.576000000000002
westcoast_0113,crw_042,36.32500076293945,-121.875,4.333345386723902,2016,91,91,1.0,True,1.6883571428571424,99.62325,51,24,13.576000000000002
westcoast_0113,crw_042,36.32500076293945,-121.875,4.333345386723902,2017,90,90,1.0,True,0.8312142857142852,21.52199999999999,0,0,13.576000000000002
westcoast_0113,crw_042,36.32500076293945,-121.875,4.333345386723902,2018,90,90,1.0,True,1.194571428571429,45.058,19,12,13.576000000000002
westcoast_0113,crw_042,36.32500076293945,-121.875,4.333345386723902,2019,90,90,1.0,True,1.3473571428571425,67.101,18,5,13.576000000000002
westcoast_0113,crw_042,36.32500076293945,-121.875,4.333345386723902,2020,91,91,1.0,True,2.049214285714285,42.63925,14,13,13.576000000000002
westcoast_0113,crw_042,36.32500076293945,-121.875,4.333345386723902,2021,90,90,1.0,True,-0.059571428571428796,0.11599999999999966,0,0,13.576000000000002
westcoast_0113,crw_042,36.32500076293945,-121.875,4.333345386723902,2022,90,90,1.0,True,0.639428571428571,11.402,0,0,13.576000000000002
westcoast_0113,crw_042,36.32500076293945,-121.875,4.333345386723902,2023,90,90,1.0,True,0.3935714285714279,4.0324999999999935,0,0,13.576000000000002
westcoast_0113,crw_042,36.32500076293945,-121.875,4.333345386723902,2024,91,90,0.989010989010989,True,2.090714285714286,100.96525,34,11,13.576000000000002
westcoast_0114,crw_043,36.22499847412109,-121.8249969482422,1.4907679473507562,1985,90,90,1.0,True,0.4598571428571425,7.649999999999997,0,0,13.646000000000003
westcoast_0114,crw_043,36.22499847412109,-121.8249969482422,1.4907679473507562,1986,90,90,1.0,True,1.4807142857142856,73.77799999999999,11,8,13.646000000000003
westcoast_0114,crw_043,36.22499847412109,-121.8249969482422,1.4907679473507562,1987,90,90,1.0,True,1.4973571428571428,49.49050000000001,16,14,13.646000000000003
westcoast_0114,crw_043,36.22499847412109,-121.8249969482422,1.4907679473507562,1988,91,91,1.0,True,0.4883928571428573,6.4242500000000025,0,0,13.646000000000003
westcoast_0114,crw_043,36.22499847412109,-121.8249969482422,1.4907679473507562,1989,90,90,1.0,True,-0.41999999999999965,0.0,0,0,13.646000000000003
westcoast_0114,crw_043,36.22499847412109,-121.8249969482422,1.4907679473507562,1990,90,90,1.0,True,0.5457857142857144,11.695000000000002,2,2,13.646000000000003
westcoast_0114,crw_043,36.22499847412109,-121.8249969482422,1.4907679473507562,1991,90,90,1.0,True,0.10907142857142839,0.8194999999999997,0,0,13.646000000000003
westcoast_0114,crw_043,36.22499847412109,-121.8249969482422,1.4907679473507562,1992,91,91,1.0,True,2.960000000000001,108.96675000000002,44,28,13.646000000000003
westcoast_0114,crw_043,36.22499847412109,-121.8249969482422,1.4907679473507562,1993,90,90,1.0,True,1.1678571428571431,62.155000000000015,4,1,13.646000000000003
westcoast_0114,crw_043,36.22499847412109,-121.8249969482422,1.4907679473507562,1994,90,90,1.0,True,0.9523571428571432,58.78400000000001,5,5,13.646000000000003
westcoast_0114,crw_043,36.22499847412109,-121.8249969482422,1.4907679473507562,1995,90,90,1.0,True,1.242357142857143,58.2855,3,3,13.646000000000003
westcoast_0114,crw_043,36.22499847412109,-121.8249969482422,1.4907679473507562,1996,91,91,1.0,True,1.5828571428571425,66.95875,19,9,13.646000000000003
westcoast_0114,crw_043,36.22499847412109,-121.8249969482422,1.4907679473507562,1997,90,90,1.0,True,0.6090000000000002,9.860500000000005,0,0,13.646000000000003
westcoast_0114,crw_043,36.22499847412109,-121.8249969482422,1.4907679473507562,1998,90,90,1.0,True,2.501571428571429,155.698,65,57,13.646000000000003
westcoast_0114,crw_043,36.22499847412109,-121.8249969482422,1.4907679473507562,1999,90,90,1.0,True,-0.4330714285714285,0.0,0,0,13.646000000000003
westcoast_0114,crw_043,36.22499847412109,-121.8249969482422,1.4907679473507562,2000,91,91,1.0,True,0.2577142857142855,6.109250000000001,0,0,13.646000000000003
westcoast_0114,crw_043,36.22499847412109,-121.8249969482422,1.4907679473507562,2001,90,90,1.0,True,-0.1053571428571427,0.010999999999999233,0,0,13.646000000000003
westcoast_0114,crw_043,36.22499847412109,-121.8249969482422,1.4907679473507562,2002,90,90,1.0,True,-0.0792142857142861,0.36950000000000216,0,0,13.646000000000003
westcoast_0114,crw_043,36.22499847412109,-121.8249969482422,1.4907679473507562,2003,90,90,1.0,True,0.9613571428571431,36.1965,12,5,13.646000000000003
westcoast_0114,crw_043,36.22499847412109,-121.8249969482422,1.4907679473507562,2004,91,91,1.0,True,0.8016428571428571,6.972499999999997,0,0,13.646000000000003
westcoast_0114,crw_043,36.22499847412109,-121.8249969482422,1.4907679473507562,2005,90,90,1.0,True,2.099428571428571,102.23800000000001,42,13,13.646000000000003
westcoast_0114,crw_043,36.22499847412109,-121.8249969482422,1.4907679473507562,2006,90,90,1.0,True,0.5175000000000001,7.1490000000000045,1,1,13.646000000000003
westcoast_0114,crw_043,36.22499847412109,-121.8249969482422,1.4907679473507562,2007,90,90,1.0,True,0.1762857142857148,1.3925000000000036,0,0,13.646000000000003
westcoast_0114,crw_043,36.22499847412109,-121.8249969482422,1.4907679473507562,2008,91,91,1.0,True,-0.754178571428571,0.0,0,0,13.646000000000003
westcoast_0114,crw_043,36.22499847412109,-121.8249969482422,1.4907679473507562,2009,90,90,1.0,True,0.05414285714285708,0.7785000000000011,0,0,13.646000000000003
westcoast_0114,crw_043,36.22499847412109,-121.8249969482422,1.4907679473507562,2010,90,90,1.0,True,0.990142857142857,46.343500000000006,0,0,13.646000000000003
westcoast_0114,crw_043,36.22499847412109,-121.8249969482422,1.4907679473507562,2011,90,90,1.0,True,0.20114285714285732,1.8560000000000016,0,0,13.646000000000003
westcoast_0114,crw_043,36.22499847412109,-121.8249969482422,1.4907679473507562,2012,91,91,1.0,True,-0.06514285714285657,0.49249999999999794,0,0,13.646000000000003
westcoast_0114,crw_043,36.22499847412109,-121.8249969482422,1.4907679473507562,2013,90,90,1.0,True,0.0027857142857143913,1.2260000000000009,0,0,13.646000000000003
westcoast_0114,crw_043,36.22499847412109,-121.8249969482422,1.4907679473507562,2014,90,90,1.0,True,1.4342857142857144,51.736000000000004,12,10,13.646000000000003
westcoast_0114,crw_043,36.22499847412109,-121.8249969482422,1.4907679473507562,2015,90,90,1.0,True,2.750714285714286,164.93800000000002,72,61,13.646000000000003
westcoast_0114,crw_043,36.22499847412109,-121.8249969482422,1.4907679473507562,2016,91,91,1.0,True,1.7255714285714283,104.45625000000001,59,26,13.646000000000003
westcoast_0114,crw_043,36.22499847412109,-121.8249969482422,1.4907679473507562,2017,90,90,1.0,True,0.854357142857143,22.67200000000001,0,0,13.646000000000003
westcoast_0114,crw_043,36.22499847412109,-121.8249969482422,1.4907679473507562,2018,90,90,1.0,True,1.2465714285714287,48.98100000000001,22,13,13.646000000000003
westcoast_0114,crw_043,36.22499847412109,-121.8249969482422,1.4907679473507562,2019,90,90,1.0,True,1.3942857142857146,66.96600000000001,18,5,13.646000000000003
westcoast_0114,crw_043,36.22499847412109,-121.8249969482422,1.4907679473507562,2020,91,91,1.0,True,2.0968571428571425,50.29825000000001,13,12,13.646000000000003
westcoast_0114,crw_043,36.22499847412109,-121.8249969482422,1.4907679473507562,2021,90,90,1.0,True,0.2547142857142859,1.8744999999999994,0,0,13.646000000000003
westcoast_0114,crw_043,36.22499847412109,-121.8249969482422,1.4907679473507562,2022,90,90,1.0,True,0.8769999999999999,15.762,0,0,13.646000000000003
westcoast_0114,crw_043,36.22499847412109,-121.8249969482422,1.4907679473507562,2023,90,90,1.0,True,0.28885714285714287,2.804999999999998,0,0,13.646000000000003
westcoast_0114,crw_043,36.22499847412109,-121.8249969482422,1.4907679473507562,2024,91,90,0.989010989010989,True,2.1531428571428575,89.35275,30,10,13.646000000000003
westcoast_0115,crw_044,36.17499923706055,-121.7249984741211,4.16698311374124,1985,90,90,1.0,True,0.4242142857142865,7.034500000000005,0,0,13.65
westcoast_0115,crw_044,36.17499923706055,-121.7249984741211,4.16698311374124,1986,90,90,1.0,True,1.4188571428571426,71.93,11,8,13.65
westcoast_0115,crw_044,36.17499923706055,-121.7249984741211,4.16698311374124,1987,90,90,1.0,True,1.4468571428571428,47.5675,16,14,13.65
westcoast_0115,crw_044,36.17499923706055,-121.7249984741211,4.16698311374124,1988,91,91,1.0,True,0.5008571428571434,7.443500000000004,0,0,13.65
westcoast_0115,crw_044,36.17499923706055,-121.7249984741211,4.16698311374124,1989,90,90,1.0,True,-0.46450000000000025,0.0,0,0,13.65
westcoast_0115,crw_044,36.17499923706055,-121.7249984741211,4.16698311374124,1990,90,90,1.0,True,0.5692857142857145,11.851500000000005,2,2,13.65
westcoast_0115,crw_044,36.17499923706055,-121.7249984741211,4.16698311374124,1991,90,90,1.0,True,0.09264285714285718,0.6984999999999992,0,0,13.65
westcoast_0115,crw_044,36.17499923706055,-121.7249984741211,4.16698311374124,1992,91,91,1.0,True,3.1355,110.546,43,28,13.65
westcoast_0115,crw_044,36.17499923706055,-121.7249984741211,4.16698311374124,1993,90,90,1.0,True,1.1517857142857135,60.548,4,1,13.65
westcoast_0115,crw_044,36.17499923706055,-121.7249984741211,4.16698311374124,1994,90,90,1.0,True,0.9610000000000003,59.153000000000006,4,4,13.65
westcoast_0115,crw_044,36.17499923706055,-121.7249984741211,4.16698311374124,1995,90,90,1.0,True,1.2077857142857147,60.42050000000001,1,1,13.65
westcoast_0115,crw_044,36.17499923706055,-121.7249984741211,4.16698311374124,1996,91,91,1.0,True,1.5311428571428565,62.509499999999996,16,9,13.65
westcoast_0115,crw_044,36.17499923706055,-121.7249984741211,4.16698311374124,1997,90,90,1.0,True,0.5147857142857138,8.2225,0,0,13.65
westcoast_0115,crw_044,36.17499923706055,-121.7249984741211,4.16698311374124,1998,90,90,1.0,True,2.4732857142857148,156.24,65,57,13.65
westcoast_0115,crw_044,36.17499923706055,-121.7249984741211,4.16698311374124,1999,90,90,1.0,True,-0.42764285714285677,0.0,0,0,13.65
westcoast_0115,crw_044,36.17499923706055,-121.7249984741211,4.16698311374124,2000,91,91,1.0,True,0.2566428571428579,5.6424999999999965,0,0,13.65
westcoast_0115,crw_044,36.17499923706055,-121.7249984741211,4.16698311374124,2001,90,90,1.0,True,-0.10942857142857194,0.026999999999999247,0,0,13.65
westcoast_0115,crw_044,36.17499923706055,-121.7249984741211,4.16698311374124,2002,90,90,1.0,True,-0.04078571428571414,0.47550000000000026,0,0,13.65
westcoast_0115,crw_044,36.17499923706055,-121.7249984741211,4.16698311374124,2003,90,90,1.0,True,0.9467857142857147,36.813,17,5,13.65
westcoast_0115,crw_044,36.17499923706055,-121.7249984741211,4.16698311374124,2004,91,91,1.0,True,0.976214285714286,8.704500000000005,0,0,13.65
westcoast_0115,crw_044,36.17499923706055,-121.7249984741211,4.16698311374124,2005,90,90,1.0,True,2.207357142857143,100.45,40,11,13.65
westcoast_0115,crw_044,36.17499923706055,-121.7249984741211,4.16698311374124,2006,90,90,1.0,True,0.4248571428571429,7.023999999999999,1,1,13.65
westcoast_0115,crw_044,36.17499923706055,-121.7249984741211,4.16698311374124,2007,90,90,1.0,True,0.2042142857142856,1.772999999999998,0,0,13.65
westcoast_0115,crw_044,36.17499923706055,-121.7249984741211,4.16698311374124,2008,91,91,1.0,True,-0.723357142857142,0.0,0,0,13.65
westcoast_0115,crw_044,36.17499923706055,-121.7249984741211,4.16698311374124,2009,90,90,1.0,True,0.04564285714285659,0.9444999999999979,0,0,13.65
westcoast_0115,crw_044,36.17499923706055,-121.7249984741211,4.16698311374124,2010,90,90,1.0,True,0.9546428571428572,43.923,0,0,13.65
westcoast_0115,crw_044,36.17499923706055,-121.7249984741211,4.16698311374124,2011,90,90,1.0,True,0.28692857142857164,2.3034999999999997,0,0,13.65
westcoast_0115,crw_044,36.17499923706055,-121.7249984741211,4.16698311374124,2012,91,91,1.0,True,-0.07007142857142894,0.9084999999999983,0,0,13.65
westcoast_0115,crw_044,36.17499923706055,-121.7249984741211,4.16698311374124,2013,90,90,1.0,True,-0.0014285714285711443,2.0619999999999976,0,0,13.65
westcoast_0115,crw_044,36.17499923706055,-121.7249984741211,4.16698311374124,2014,90,90,1.0,True,1.6583571428571424,54.16750000000001,14,10,13.65
westcoast_0115,crw_044,36.17499923706055,-121.7249984741211,4.16698311374124,2015,90,90,1.0,True,2.7668571428571425,172.00000000000003,73,61,13.65
westcoast_0115,crw_044,36.17499923706055,-121.7249984741211,4.16698311374124,2016,91,91,1.0,True,1.874428571428572,109.8785,63,23,13.65
westcoast_0115,crw_044,36.17499923706055,-121.7249984741211,4.16698311374124,2017,90,90,1.0,True,0.9613571428571426,24.549999999999997,0,0,13.65
westcoast_0115,crw_044,36.17499923706055,-121.7249984741211,4.16698311374124,2018,90,90,1.0,True,1.2923571428571428,50.721999999999994,25,12,13.65
westcoast_0115,crw_044,36.17499923706055,-121.7249984741211,4.16698311374124,2019,90,90,1.0,True,1.4883571428571425,66.2215,18,8,13.65
westcoast_0115,crw_044,36.17499923706055,-121.7249984741211,4.16698311374124,2020,91,91,1.0,True,2.088357142857143,53.757999999999996,15,11,13.65
westcoast_0115,crw_044,36.17499923706055,-121.7249984741211,4.16698311374124,2021,90,90,1.0,True,0.3734285714285718,2.6955000000000027,0,0,13.65
westcoast_0115,crw_044,36.17499923706055,-121.7249984741211,4.16698311374124,2022,90,90,1.0,True,0.9513571428571428,17.634,1,1,13.65
westcoast_0115,crw_044,36.17499923706055,-121.7249984741211,4.16698311374124,2023,90,90,1.0,True,0.23557142857142896,2.367000000000006,0,0,13.65
westcoast_0115,crw_044,36.17499923706055,-121.7249984741211,4.16698311374124,2024,91,90,0.989010989010989,True,2.149142857142857,84.27550000000002,29,10,13.65
westcoast_0117,crw_045,36.07500076293945,-121.625,4.537800453722984,1985,90,90,1.0,True,0.41357142857142876,6.471,0,0,13.67
westcoast_0117,crw_045,36.07500076293945,-121.625,4.537800453722984,1986,90,90,1.0,True,1.3453571428571427,69.9025,10,7,13.67
westcoast_0117,crw_045,36.07500076293945,-121.625,4.537800453722984,1987,90,90,1.0,True,1.4067142857142854,45.186499999999995,18,14,13.67
westcoast_0117,crw_045,36.07500076293945,-121.625,4.537800453722984,1988,91,91,1.0,True,0.5462499999999998,8.737749999999997,0,0,13.67
westcoast_0117,crw_045,36.07500076293945,-121.625,4.537800453722984,1989,90,90,1.0,True,-0.5122857142857138,0.0,0,0,13.67
westcoast_0117,crw_045,36.07500076293945,-121.625,4.537800453722984,1990,90,90,1.0,True,0.665714285714286,14.0765,2,2,13.67
westcoast_0117,crw_045,36.07500076293945,-121.625,4.537800453722984,1991,90,90,1.0,True,0.059642857142857456,0.4880000000000013,0,0,13.67
westcoast_0117,crw_045,36.07500076293945,-121.625,4.537800453722984,1992,91,91,1.0,True,3.076285714285715,107.00524999999998,38,27,13.67
westcoast_0117,crw_045,36.07500076293945,-121.625,4.537800453722984,1993,90,90,1.0,True,1.1717857142857142,60.71549999999999,9,3,13.67
westcoast_0117,crw_045,36.07500076293945,-121.625,4.537800453722984,1994,90,90,1.0,True,0.9751428571428568,61.56399999999999,4,4,13.67
westcoast_0117,crw_045,36.07500076293945,-121.625,4.537800453722984,1995,90,90,1.0,True,1.2305714285714289,63.95599999999999,5,2,13.67
westcoast_0117,crw_045,36.07500076293945,-121.625,4.537800453722984,1996,91,91,1.0,True,1.4829999999999994,57.29574999999999,14,9,13.67
westcoast_0117,crw_045,36.07500076293945,-121.625,4.537800453722984,1997,90,90,1.0,True,0.4177857142857143,6.303500000000001,0,0,13.67
westcoast_0117,crw_045,36.07500076293945,-121.625,4.537800453722984,1998,90,90,1.0,True,2.5276428571428573,156.6125,66,58,13.67
westcoast_0117,crw_045,36.07500076293945,-121.625,4.537800453722984,1999,90,90,1.0,True,-0.4294999999999994,0.0,0,0,13.67
westcoast_0117,crw_045,36.07500076293945,-121.625,4.537800453722984,2000,91,91,1.0,True,0.2692142857142856,4.681749999999994,0,0,13.67
westcoast_0117,crw_045,36.07500076293945,-121.625,4.537800453722984,2001,90,90,1.0,True,-0.1183571428571426,0.09999999999999964,0,0,13.67
westcoast_0117,crw_045,36.07500076293945,-121.625,4.537800453722984,2002,90,90,1.0,True,-0.015928571428571865,0.6235000000000017,0,0,13.67
westcoast_0117,crw_045,36.07500076293945,-121.625,4.537800453722984,2003,90,90,1.0,True,0.903142857142857,37.114999999999995,12,5,13.67
westcoast_0117,crw_045,36.07500076293945,-121.625,4.537800453722984,2004,91,91,1.0,True,0.882785714285714,8.092500000000001,0,0,13.67
westcoast_0117,crw_045,36.07500076293945,-121.625,4.537800453722984,2005,90,90,1.0,True,2.1404999999999994,96.68,40,16,13.67
westcoast_0117,crw_045,36.07500076293945,-121.625,4.537800453722984,2006,90,90,1.0,True,0.31957142857142834,5.09,0,0,13.67
westcoast_0117,crw_045,36.07500076293945,-121.625,4.537800453722984,2007,90,90,1.0,True,0.14842857142857113,1.3334999999999972,0,0,13.67
westcoast_0117,crw_045,36.07500076293945,-121.625,4.537800453722984,2008,91,91,1.0,True,-0.7848214285714289,0.0,0,0,13.67
westcoast_0117,crw_045,36.07500076293945,-121.625,4.537800453722984,2009,90,90,1.0,True,0.06028571428571437,0.8364999999999974,0,0,13.67
westcoast_0117,crw_045,36.07500076293945,-121.625,4.537800453722984,2010,90,90,1.0,True,0.8739285714285716,38.2845,0,0,13.67
westcoast_0117,crw_045,36.07500076293945,-121.625,4.537800453722984,2011,90,90,1.0,True,0.3020000000000004,2.270000000000003,0,0,13.67
westcoast_0117,crw_045,36.07500076293945,-121.625,4.537800453722984,2012,91,91,1.0,True,-0.1258571428571434,0.7224999999999984,0,0,13.67
westcoast_0117,crw_045,36.07500076293945,-121.625,4.537800453722984,2013,90,90,1.0,True,-0.09364285714285663,1.0309999999999988,0,0,13.67
westcoast_0117,crw_045,36.07500076293945,-121.625,4.537800453722984,2014,90,90,1.0,True,1.5977142857142863,52.5915,14,10,13.67
westcoast_0117,crw_045,36.07500076293945,-121.625,4.537800453722984,2015,90,90,1.0,True,2.652642857142857,171.3525,75,61,13.67
westcoast_0117,crw_045,36.07500076293945,-121.625,4.537800453722984,2016,91,91,1.0,True,1.9056428571428565,108.20925,63,19,13.67
westcoast_0117,crw_045,36.07500076293945,-121.625,4.537800453722984,2017,90,90,1.0,True,0.8696428571428572,22.254499999999993,0,0,13.67
westcoast_0117,crw_045,36.07500076293945,-121.625,4.537800453722984,2018,90,90,1.0,True,1.2817142857142856,48.0855,24,12,13.67
westcoast_0117,crw_045,36.07500076293945,-121.625,4.537800453722984,2019,90,90,1.0,True,1.4734285714285722,62.24649999999999,19,11,13.67
westcoast_0117,crw_045,36.07500076293945,-121.625,4.537800453722984,2020,91,91,1.0,True,1.9226428571428575,49.83725,11,7,13.67
westcoast_0117,crw_045,36.07500076293945,-121.625,4.537800453722984,2021,90,90,1.0,True,0.31571428571428556,2.2645,0,0,13.67
westcoast_0117,crw_045,36.07500076293945,-121.625,4.537800453722984,2022,90,90,1.0,True,0.8727142857142857,16.042,1,1,13.67
westcoast_0117,crw_045,36.07500076293945,-121.625,4.537800453722984,2023,90,90,1.0,True,0.16571428571428573,1.2834999999999983,0,0,13.67
westcoast_0117,crw_045,36.07500076293945,-121.625,4.537800453722984,2024,91,90,0.989010989010989,True,2.0938571428571424,77.52524999999999,27,9,13.67
westcoast_0118,crw_046,36.025001525878906,-121.625,0.6514926724847456,1985,90,90,1.0,True,0.417071428571429,6.564000000000002,0,0,13.696000000000002
westcoast_0118,crw_046,36.025001525878906,-121.625,0.6514926724847456,1986,90,90,1.0,True,1.3327857142857147,69.30700000000002,11,6,13.696000000000002
westcoast_0118,crw_046,36.025001525878906,-121.625,0.6514926724847456,1987,90,90,1.0,True,1.4126428571428573,45.26650000000001,18,14,13.696000000000002
westcoast_0118,crw_046,36.025001525878906,-121.625,0.6514926724847456,1988,91,91,1.0,True,0.5537500000000003,9.072750000000005,0,0,13.696000000000002
westcoast_0118,crw_046,36.025001525878906,-121.625,0.6514926724847456,1989,90,90,1.0,True,-0.5297857142857139,0.0,0,0,13.696000000000002
westcoast_0118,crw_046,36.025001525878906,-121.625,0.6514926724847456,1990,90,90,1.0,True,0.7045,15.092,2,2,13.696000000000002
westcoast_0118,crw_046,36.025001525878906,-121.625,0.6514926724847456,1991,90,90,1.0,True,0.04871428571428561,0.4305000000000003,0,0,13.696000000000002
westcoast_0118,crw_046,36.025001525878906,-121.625,0.6514926724847456,1992,91,91,1.0,True,3.0630714285714293,105.65525,38,27,13.696000000000002
westcoast_0118,crw_046,36.025001525878906,-121.625,0.6514926724847456,1993,90,90,1.0,True,1.197785714285714,61.30800000000001,10,4,13.696000000000002
westcoast_0118,crw_046,36.025001525878906,-121.625,0.6514926724847456,1994,90,90,1.0,True,0.9921428571428577,62.78150000000001,5,4,13.696000000000002
westcoast_0118,crw_046,36.025001525878906,-121.625,0.6514926724847456,1995,90,90,1.0,True,1.2373571428571435,64.39650000000002,6,4,13.696000000000002
westcoast_0118,crw_046,36.025001525878906,-121.625,0.6514926724847456,1996,91,91,1.0,True,1.4849285714285716,56.01375,14,9,13.696000000000002
westcoast_0118,crw_046,36.025001525878906,-121.625,0.6514926724847456,1997,90,90,1.0,True,0.3915000000000001,5.869500000000004,0,0,13.696000000000002
westcoast_0118,crw_046,36.025001525878906,-121.625,0.6514926724847456,1998,90,90,1.0,True,2.574214285714286,157.217,66,58,13.696000000000002
westcoast_0118,crw_046,36.025001525878906,-121.625,0.6514926724847456,1999,90,90,1.0,True,-0.42935714285714255,0.0,0,0,13.696000000000002
westcoast_0118,crw_046,36.025001525878906,-121.625,0.6514926724847456,2000,91,91,1.0,True,0.26921428571428535,4.357249999999999,0,0,13.696000000000002
westcoast_0118,crw_046,36.025001525878906,-121.625,0.6514926724847456,2001,90,90,1.0,True,-0.11935714285714281,0.13599999999999923,0,0,13.696000000000002
westcoast_0118,crw_046,36.025001525878906,-121.625,0.6514926724847456,2002,90,90,1.0,True,-0.00285714285714305,0.7515000000000001,0,0,13.696000000000002
westcoast_0118,crw_046,36.025001525878906,-121.625,0.6514926724847456,2003,90,90,1.0,True,0.8879285714285717,37.61749999999999,11,4,13.696000000000002
westcoast_0118,crw_046,36.025001525878906,-121.625,0.6514926724847456,2004,91,91,1.0,True,0.797071428571429,7.152500000000007,0,0,13.696000000000002
westcoast_0118,crw_046,36.025001525878906,-121.625,0.6514926724847456,2005,90,90,1.0,True,2.1085000000000003,96.557,38,16,13.696000000000002
westcoast_0118,crw_046,36.025001525878906,-121.625,0.6514926724847456,2006,90,90,1.0,True,0.31349999999999995,4.855500000000001,0,0,13.696000000000002
westcoast_0118,crw_046,36.025001525878906,-121.625,0.6514926724847456,2007,90,90,1.0,True,0.12057142857142875,1.1000000000000014,0,0,13.696000000000002
westcoast_0118,crw_046,36.025001525878906,-121.625,0.6514926724847456,2008,91,91,1.0,True,-0.8051071428571426,0.0,0,0,13.696000000000002
westcoast_0118,crw_046,36.025001525878906,-121.625,0.6514926724847456,2009,90,90,1.0,True,0.06542857142857146,0.7575000000000003,0,0,13.696000000000002
westcoast_0118,crw_046,36.025001525878906,-121.625,0.6514926724847456,2010,90,90,1.0,True,0.847428571428572,37.087500000000006,0,0,13.696000000000002
westcoast_0118,crw_046,36.025001525878906,-121.625,0.6514926724847456,2011,90,90,1.0,True,0.2846428571428576,2.1745000000000037,0,0,13.696000000000002
westcoast_0118,crw_046,36.025001525878906,-121.625,0.6514926724847456,2012,91,91,1.0,True,-0.14799999999999994,0.6515000000000004,0,0,13.696000000000002
westcoast_0118,crw_046,36.025001525878906,-121.625,0.6514926724847456,2013,90,90,1.0,True,-0.12178571428571416,0.6545000000000041,0,0,13.696000000000002
westcoast_0118,crw_046,36.025001525878906,-121.625,0.6514926724847456,2014,90,90,1.0,True,1.5530714285714293,53.09850000000001,16,11,13.696000000000002
westcoast_0118,crw_046,36.025001525878906,-121.625,0.6514926724847456,2015,90,90,1.0,True,2.6377857142857146,172.757,75,61,13.696000000000002
westcoast_0118,crw_046,36.025001525878906,-121.625,0.6514926724847456,2016,91,91,1.0,True,1.9339285714285717,107.20075000000001,65,19,13.696000000000002
westcoast_0118,crw_046,36.025001525878906,-121.625,0.6514926724847456,2017,90,90,1.0,True,0.8499285714285715,22.1075,0,0,13.696000000000002
westcoast_0118,crw_046,36.025001525878906,-121.625,0.6514926724847456,2018,90,90,1.0,True,1.302,49.212500000000006,23,12,13.696000000000002
westcoast_0118,crw_046,36.025001525878906,-121.625,0.6514926724847456,2019,90,90,1.0,True,1.4630714285714288,62.039500000000004,21,12,13.696000000000002
westcoast_0118,crw_046,36.025001525878906,-121.625,0.6514926724847456,2020,91,91,1.0,True,1.8542857142857143,49.50825000000002,10,4,13.696000000000002
westcoast_0118,crw_046,36.025001525878906,-121.625,0.6514926724847456,2021,90,90,1.0,True,0.2878571428571429,2.0150000000000006,0,0,13.696000000000002
westcoast_0118,crw_046,36.025001525878906,-121.625,0.6514926724847456,2022,90,90,1.0,True,0.872142857142857,16.706000000000003,1,1,13.696000000000002
westcoast_0118,crw_046,36.025001525878906,-121.625,0.6514926724847456,2023,90,90,1.0,True,0.15992857142857173,1.3525000000000027,0,0,13.696000000000002
westcoast_0118,crw_046,36.025001525878906,-121.625,0.6514926724847456,2024,91,90,0.989010989010989,True,2.102642857142857,77.77225000000001,27,9,13.696000000000002
westcoast_0119,crw_047,35.974998474121094,-121.5250015258789,4.944163911966184,1985,90,90,1.0,True,0.3839285714285707,5.967499999999992,0,0,13.72
westcoast_0119,crw_047,35.974998474121094,-121.5250015258789,4.944163911966184,1986,90,90,1.0,True,1.3073571428571429,69.78799999999995,16,10,13.72
westcoast_0119,crw_047,35.974998474121094,-121.5250015258789,4.944163911966184,1987,90,90,1.0,True,1.4428571428571417,44.14599999999999,16,14,13.72
westcoast_0119,crw_047,35.974998474121094,-121.5250015258789,4.944163911966184,1988,91,91,1.0,True,0.5528214285714288,9.48775,0,0,13.72
westcoast_0119,crw_047,35.974998474121094,-121.5250015258789,4.944163911966184,1989,90,90,1.0,True,-0.5039285714285712,0.0,0,0,13.72
westcoast_0119,crw_047,35.974998474121094,-121.5250015258789,4.944163911966184,1990,90,90,1.0,True,0.7300000000000002,16.647999999999982,3,2,13.72
westcoast_0119,crw_047,35.974998474121094,-121.5250015258789,4.944163911966184,1991,90,90,1.0,True,0.07778571428571444,0.5710000000000015,0,0,13.72
westcoast_0119,crw_047,35.974998474121094,-121.5250015258789,4.944163911966184,1992,91,91,1.0,True,2.980357142857143,101.20074999999999,37,26,13.72
westcoast_0119,crw_047,35.974998474121094,-121.5250015258789,4.944163911966184,1993,90,90,1.0,True,1.3039285714285713,63.04399999999999,11,4,13.72
westcoast_0119,crw_047,35.974998474121094,-121.5250015258789,4.944163911966184,1994,90,90,1.0,True,1.0314285714285716,62.96249999999998,4,3,13.72
westcoast_0119,crw_047,35.974998474121094,-121.5250015258789,4.944163911966184,1995,90,90,1.0,True,1.2174999999999998,65.01049999999996,6,4,13.72
westcoast_0119,crw_047,35.974998474121094,-121.5250015258789,4.944163911966184,1996,91,91,1.0,True,1.412785714285714,53.138249999999985,12,8,13.72
westcoast_0119,crw_047,35.974998474121094,-121.5250015258789,4.944163911966184,1997,90,90,1.0,True,0.3481428571428568,5.275999999999993,0,0,13.72
westcoast_0119,crw_047,35.974998474121094,-121.5250015258789,4.944163911966184,1998,90,90,1.0,True,2.539999999999999,156.77799999999996,67,58,13.72
westcoast_0119,crw_047,35.974998474121094,-121.5250015258789,4.944163911966184,1999,90,90,1.0,True,-0.42214285714285793,0.0,0,0,13.72
westcoast_0119,crw_047,35.974998474121094,-121.5250015258789,4.944163911966184,2000,91,91,1.0,True,0.3324285714285717,4.785750000000002,0,0,13.72
westcoast_0119,crw_047,35.974998474121094,-121.5250015258789,4.944163911966184,2001,90,90,1.0,True,-0.13821428571428612,0.11749999999999972,0,0,13.72
westcoast_0119,crw_047,35.974998474121094,-121.5250015258789,4.944163911966184,2002,90,90,1.0,True,-0.025714285714285166,0.5430000000000046,0,0,13.72
westcoast_0119,crw_047,35.974998474121094,-121.5250015258789,4.944163911966184,2003,90,90,1.0,True,0.808071428571427,36.44799999999998,6,3,13.72
westcoast_0119,crw_047,35.974998474121094,-121.5250015258789,4.944163911966184,2004,91,91,1.0,True,0.6197857142857135,5.31999999999999,0,0,13.72
westcoast_0119,crw_047,35.974998474121094,-121.5250015258789,4.944163911966184,2005,90,90,1.0,True,2.041214285714285,95.94999999999997,37,16,13.72
westcoast_0119,crw_047,35.974998474121094,-121.5250015258789,4.944163911966184,2006,90,90,1.0,True,0.28178571428571353,4.824499999999993,0,0,13.72
westcoast_0119,crw_047,35.974998474121094,-121.5250015258789,4.944163911966184,2007,90,90,1.0,True,0.10714285714285714,1.1144999999999978,0,0,13.72
westcoast_0119,crw_047,35.974998474121094,-121.5250015258789,4.944163911966184,2008,91,91,1.0,True,-0.8092499999999999,0.0,0,0,13.72
westcoast_0119,crw_047,35.974998474121094,-121.5250015258789,4.944163911966184,2009,90,90,1.0,True,0.07214285714285726,0.817499999999999,0,0,13.72
westcoast_0119,crw_047,35.974998474121094,-121.5250015258789,4.944163911966184,2010,90,90,1.0,True,0.7913571428571424,35.07699999999997,0,0,13.72
westcoast_0119,crw_047,35.974998474121094,-121.5250015258789,4.944163911966184,2011,90,90,1.0,True,0.30192857142857144,2.1805000000000003,0,0,13.72
westcoast_0119,crw_047,35.974998474121094,-121.5250015258789,4.944163911966184,2012,91,91,1.0,True,-0.19285714285714256,0.44950000000000045,0,0,13.72
westcoast_0119,crw_047,35.974998474121094,-121.5250015258789,4.944163911966184,2013,90,90,1.0,True,-0.14428571428571502,0.3014999999999972,0,0,13.72
westcoast_0119,crw_047,35.974998474121094,-121.5250015258789,4.944163911966184,2014,90,90,1.0,True,1.463214285714286,53.55449999999998,15,7,13.72
westcoast_0119,crw_047,35.974998474121094,-121.5250015258789,4.944163911966184,2015,90,90,1.0,True,2.639071428571428,174.09799999999996,76,61,13.72
westcoast_0119,crw_047,35.974998474121094,-121.5250015258789,4.944163911966184,2016,91,91,1.0,True,1.9924999999999995,105.58424999999998,63,16,13.72
westcoast_0119,crw_047,35.974998474121094,-121.5250015258789,4.944163911966184,2017,90,90,1.0,True,0.8302142857142852,20.99299999999998,0,0,13.72
westcoast_0119,crw_047,35.974998474121094,-121.5250015258789,4.944163911966184,2018,90,90,1.0,True,1.2555714285714283,48.01949999999998,22,12,13.72
westcoast_0119,crw_047,35.974998474121094,-121.5250015258789,4.944163911966184,2019,90,90,1.0,True,1.4790714285714284,59.140499999999975,20,11,13.72
westcoast_0119,crw_047,35.974998474121094,-121.5250015258789,4.944163911966184,2020,91,91,1.0,True,1.7716428571428566,45.52874999999999,6,3,13.72
westcoast_0119,crw_047,35.974998474121094,-121.5250015258789,4.944163911966184,2021,90,90,1.0,True,0.20835714285714196,1.4879999999999942,0,0,13.72
westcoast_0119,crw_047,35.974998474121094,-121.5250015258789,4.944163911966184,2022,90,90,1.0,True,0.8421428571428571,13.504499999999986,1,1,13.72
westcoast_0119,crw_047,35.974998474121094,-121.5250015258789,4.944163911966184,2023,90,90,1.0,True,0.13571428571428484,1.107499999999991,0,0,13.72
westcoast_0119,crw_047,35.974998474121094,-121.5250015258789,4.944163911966184,2024,91,90,0.989010989010989,True,2.074285714285714,76.54224999999998,27,9,13.72
westcoast_0120,crw_048,35.92499923706055,-121.5250015258789,0.5199226430508337,1985,90,90,1.0,True,0.37207142857142805,6.018500000000008,0,0,13.736000000000002
westcoast_0120,crw_048,35.92499923706055,-121.5250015258789,0.5199226430508337,1986,90,90,1.0,True,1.291714285714286,69.52499999999999,16,10,13.736000000000002
westcoast_0120,crw_048,35.92499923706055,-121.5250015258789,0.5199226430508337,1987,90,90,1.0,True,1.437571428571428,43.79800000000001,17,14,13.736000000000002
westcoast_0120,crw_048,35.92499923706055,-121.5250015258789,0.5199226430508337,1988,91,91,1.0,True,0.5532857142857142,9.555250000000001,0,0,13.736000000000002
westcoast_0120,crw_048,35.92499923706055,-121.5250015258789,0.5199226430508337,1989,90,90,1.0,True,-0.5133571428571427,0.0,0,0,13.736000000000002
westcoast_0120,crw_048,35.92499923706055,-121.5250015258789,0.5199226430508337,1990,90,90,1.0,True,0.7485714285714283,17.367000000000008,3,2,13.736000000000002
westcoast_0120,crw_048,35.92499923706055,-121.5250015258789,0.5199226430508337,1991,90,90,1.0,True,0.07214285714285675,0.5574999999999974,0,0,13.736000000000002
westcoast_0120,crw_048,35.92499923706055,-121.5250015258789,0.5199226430508337,1992,91,91,1.0,True,2.9095000000000004,99.87425,37,26,13.736000000000002
westcoast_0120,crw_048,35.92499923706055,-121.5250015258789,0.5199226430508337,1993,90,90,1.0,True,1.3761428571428571,64.0615,11,4,13.736000000000002
westcoast_0120,crw_048,35.92499923706055,-121.5250015258789,0.5199226430508337,1994,90,90,1.0,True,1.0572857142857142,63.337,5,3,13.736000000000002
westcoast_0120,crw_048,35.92499923706055,-121.5250015258789,0.5199226430508337,1995,90,90,1.0,True,1.1966428571428571,64.75450000000001,6,4,13.736000000000002
westcoast_0120,crw_048,35.92499923706055,-121.5250015258789,0.5199226430508337,1996,91,91,1.0,True,1.4108571428571428,52.02975000000001,12,9,13.736000000000002
westcoast_0120,crw_048,35.92499923706055,-121.5250015258789,0.5199226430508337,1997,90,90,1.0,True,0.32807142857142885,5.0720000000000045,0,0,13.736000000000002
westcoast_0120,crw_048,35.92499923706055,-121.5250015258789,0.5199226430508337,1998,90,90,1.0,True,2.569142857142858,157.565,67,58,13.736000000000002
westcoast_0120,crw_048,35.92499923706055,-121.5250015258789,0.5199226430508337,1999,90,90,1.0,True,-0.4189285714285708,0.0,0,0,13.736000000000002
westcoast_0120,crw_048,35.92499923706055,-121.5250015258789,0.5199226430508337,2000,91,91,1.0,True,0.34714285714285736,5.019249999999996,0,0,13.736000000000002
westcoast_0120,crw_048,35.92499923706055,-121.5250015258789,0.5199226430508337,2001,90,90,1.0,True,-0.13971428571428568,0.14349999999999952,0,0,13.736000000000002
westcoast_0120,crw_048,35.92499923706055,-121.5250015258789,0.5199226430508337,2002,90,90,1.0,True,-0.016500000000000372,0.5839999999999979,0,0,13.736000000000002
westcoast_0120,crw_048,35.92499923706055,-121.5250015258789,0.5199226430508337,2003,90,90,1.0,True,0.8137142857142872,37.19850000000001,7,4,13.736000000000002
westcoast_0120,crw_048,35.92499923706055,-121.5250015258789,0.5199226430508337,2004,91,91,1.0,True,0.5560714285714285,4.805000000000003,0,0,13.736000000000002
westcoast_0120,crw_048,35.92499923706055,-121.5250015258789,0.5199226430508337,2005,90,90,1.0,True,2.000357142857143,95.81499999999998,38,16,13.736000000000002
westcoast_0120,crw_048,35.92499923706055,-121.5250015258789,0.5199226430508337,2006,90,90,1.0,True,0.284571428571429,4.806000000000003,0,0,13.736000000000002
westcoast_0120,crw_048,35.92499923706055,-121.5250015258789,0.5199226430508337,2007,90,90,1.0,True,0.08200000000000023,0.9410000000000007,0,0,13.736000000000002
westcoast_0120,crw_048,35.92499923706055,-121.5250015258789,0.5199226430508337,2008,91,91,1.0,True,-0.8002500000000001,0.0,0,0,13.736000000000002
westcoast_0120,crw_048,35.92499923706055,-121.5250015258789,0.5199226430508337,2009,90,90,1.0,True,0.07042857142857122,0.7490000000000006,0,0,13.736000000000002
westcoast_0120,crw_048,35.92499923706055,-121.5250015258789,0.5199226430508337,2010,90,90,1.0,True,0.7657142857142859,34.76450000000001,0,0,13.736000000000002
westcoast_0120,crw_048,35.92499923706055,-121.5250015258789,0.5199226430508337,2011,90,90,1.0,True,0.2925714285714283,2.160499999999999,0,0,13.736000000000002
westcoast_0120,crw_048,35.92499923706055,-121.5250015258789,0.5199226430508337,2012,91,91,1.0,True,-0.20528571428571446,0.39450000000000074,0,0,13.736000000000002
westcoast_0120,crw_048,35.92499923706055,-121.5250015258789,0.5199226430508337,2013,90,90,1.0,True,-0.10671428571428569,0.32500000000000107,0,0,13.736000000000002
westcoast_0120,crw_048,35.92499923706055,-121.5250015258789,0.5199226430508337,2014,90,90,1.0,True,1.4323571428571427,54.376500000000014,15,7,13.736000000000002
westcoast_0120,crw_048,35.92499923706055,-121.5250015258789,0.5199226430508337,2015,90,90,1.0,True,2.655357142857144,174.475,76,61,13.736000000000002
westcoast_0120,crw_048,35.92499923706055,-121.5250015258789,0.5199226430508337,2016,91,91,1.0,True,1.996142857142857,104.81475,62,16,13.736000000000002
westcoast_0120,crw_048,35.92499923706055,-121.5250015258789,0.5199226430508337,2017,90,90,1.0,True,0.8049285714285715,20.908500000000004,0,0,13.736000000000002
westcoast_0120,crw_048,35.92499923706055,-121.5250015258789,0.5199226430508337,2018,90,90,1.0,True,1.2772857142857146,48.907500000000006,24,13,13.736000000000002
westcoast_0120,crw_048,35.92499923706055,-121.5250015258789,0.5199226430508337,2019,90,90,1.0,True,1.4617142857142855,59.252500000000005,19,11,13.736000000000002
westcoast_0120,crw_048,35.92499923706055,-121.5250015258789,0.5199226430508337,2020,91,91,1.0,True,1.733142857142857,45.66175,7,3,13.736000000000002
westcoast_0120,crw_048,35.92499923706055,-121.5250015258789,0.5199226430508337,2021,90,90,1.0,True,0.18907142857142922,1.3395000000000046,0,0,13.736000000000002
westcoast_0120,crw_048,35.92499923706055,-121.5250015258789,0.5199226430508337,2022,90,90,1.0,True,0.8542857142857141,14.3335,1,1,13.736000000000002
westcoast_0120,crw_048,35.92499923706055,-121.5250015258789,0.5199226430508337,2023,90,90,1.0,True,0.15157142857142908,1.313500000000003,0,0,13.736000000000002
westcoast_0120,crw_048,35.92499923706055,-121.5250015258789,0.5199226430508337,2024,91,90,0.989010989010989,True,2.0975714285714284,78.44025,30,10,13.736000000000002
westcoast_0121,crw_049,35.92499923706055,-121.4749984741211,5.297545177701841,1985,90,90,1.0,True,0.3573571428571434,5.741500000000004,0,0,13.72
westcoast_0121,crw_049,35.92499923706055,-121.4749984741211,5.297545177701841,1986,90,90,1.0,True,1.2823571428571436,69.65300000000002,17,10,13.72
westcoast_0121,crw_049,35.92499923706055,-121.4749984741211,5.297545177701841,1987,90,90,1.0,True,1.440642857142857,43.513999999999996,16,14,13.72
westcoast_0121,crw_049,35.92499923706055,-121.4749984741211,5.297545177701841,1988,91,91,1.0,True,0.5499999999999999,9.4655,0,0,13.72
westcoast_0121,crw_049,35.92499923706055,-121.4749984741211,5.297545177701841,1989,90,90,1.0,True,-0.4955714285714293,0.0,0,0,13.72
westcoast_0121,crw_049,35.92499923706055,-121.4749984741211,5.297545177701841,1990,90,90,1.0,True,0.738857142857143,17.234499999999997,3,2,13.72
westcoast_0121,crw_049,35.92499923706055,-121.4749984741211,5.297545177701841,1991,90,90,1.0,True,0.08942857142857161,0.6515000000000004,0,0,13.72
westcoast_0121,crw_049,35.92499923706055,-121.4749984741211,5.297545177701841,1992,91,91,1.0,True,2.884428571428571,98.75450000000002,37,26,13.72
westcoast_0121,crw_049,35.92499923706055,-121.4749984741211,5.297545177701841,1993,90,90,1.0,True,1.4185714285714286,64.1785,11,4,13.72
westcoast_0121,crw_049,35.92499923706055,-121.4749984741211,5.297545177701841,1994,90,90,1.0,True,1.058071428571429,62.582,5,3,13.72
westcoast_0121,crw_049,35.92499923706055,-121.4749984741211,5.297545177701841,1995,90,90,1.0,True,1.1815714285714283,64.579,6,4,13.72
westcoast_0121,crw_049,35.92499923706055,-121.4749984741211,5.297545177701841,1996,91,91,1.0,True,1.3781428571428571,51.79599999999999,12,8,13.72
westcoast_0121,crw_049,35.92499923706055,-121.4749984741211,5.297545177701841,1997,90,90,1.0,True,0.324428571428571,5.0145,0,0,13.72
westcoast_0121,crw_049,35.92499923706055,-121.4749984741211,5.297545177701841,1998,90,90,1.0,True,2.5327857142857146,156.65300000000002,66,58,13.72
westcoast_0121,crw_049,35.92499923706055,-121.4749984741211,5.297545177701841,1999,90,90,1.0,True,-0.4153571428571427,0.0,0,0,13.72
westcoast_0121,crw_049,35.92499923706055,-121.4749984741211,5.297545177701841,2000,91,91,1.0,True,0.3632857142857147,5.158500000000005,0,0,13.72
westcoast_0121,crw_049,35.92499923706055,-121.4749984741211,5.297545177701841,2001,90,90,1.0,True,-0.14649999999999988,0.0810000000000013,0,0,13.72
westcoast_0121,crw_049,35.92499923706055,-121.4749984741211,5.297545177701841,2002,90,90,1.0,True,-0.019785714285714358,0.4175000000000004,0,0,13.72
westcoast_0121,crw_049,35.92499923706055,-121.4749984741211,5.297545177701841,2003,90,90,1.0,True,0.8027857142857145,37.0065,7,4,13.72
westcoast_0121,crw_049,35.92499923706055,-121.4749984741211,5.297545177701841,2004,91,91,1.0,True,0.5340714285714281,4.521499999999996,0,0,13.72
westcoast_0121,crw_049,35.92499923706055,-121.4749984741211,5.297545177701841,2005,90,90,1.0,True,1.9937142857142856,96.28300000000002,39,16,13.72
westcoast_0121,crw_049,35.92499923706055,-121.4749984741211,5.297545177701841,2006,90,90,1.0,True,0.27921428571428614,4.868500000000003,0,0,13.72
westcoast_0121,crw_049,35.92499923706055,-121.4749984741211,5.297545177701841,2007,90,90,1.0,True,0.08971428571428598,1.0280000000000022,0,0,13.72
westcoast_0121,crw_049,35.92499923706055,-121.4749984741211,5.297545177701841,2008,91,91,1.0,True,-0.7850714285714281,0.0,0,0,13.72
westcoast_0121,crw_049,35.92499923706055,-121.4749984741211,5.297545177701841,2009,90,90,1.0,True,0.07692857142857079,0.8584999999999994,0,0,13.72
westcoast_0121,crw_049,35.92499923706055,-121.4749984741211,5.297545177701841,2010,90,90,1.0,True,0.7567142857142853,34.922999999999995,0,0,13.72
westcoast_0121,crw_049,35.92499923706055,-121.4749984741211,5.297545177701841,2011,90,90,1.0,True,0.3179999999999996,2.309499999999998,0,0,13.72
westcoast_0121,crw_049,35.92499923706055,-121.4749984741211,5.297545177701841,2012,91,91,1.0,True,-0.20935714285714266,0.34600000000000186,0,0,13.72
westcoast_0121,crw_049,35.92499923706055,-121.4749984741211,5.297545177701841,2013,90,90,1.0,True,-0.10649999999999972,0.297500000000003,0,0,13.72
westcoast_0121,crw_049,35.92499923706055,-121.4749984741211,5.297545177701841,2014,90,90,1.0,True,1.4258571428571423,54.94600000000001,18,8,13.72
westcoast_0121,crw_049,35.92499923706055,-121.4749984741211,5.297545177701841,2015,90,90,1.0,True,2.672214285714286,175.09300000000002,76,61,13.72
westcoast_0121,crw_049,35.92499923706055,-121.4749984741211,5.297545177701841,2016,91,91,1.0,True,2.014285714285714,104.885,63,16,13.72
westcoast_0121,crw_049,35.92499923706055,-121.4749984741211,5.297545177701841,2017,90,90,1.0,True,0.8229285714285712,21.009500000000003,0,0,13.72
westcoast_0121,crw_049,35.92499923706055,-121.4749984741211,5.297545177701841,2018,90,90,1.0,True,1.2672142857142858,48.6485,25,16,13.72
westcoast_0121,crw_049,35.92499923706055,-121.4749984741211,5.297545177701841,2019,90,90,1.0,True,1.4722142857142855,58.860499999999995,20,11,13.72
westcoast_0121,crw_049,35.92499923706055,-121.4749984741211,5.297545177701841,2020,91,91,1.0,True,1.737857142857143,44.81850000000001,6,3,13.72
westcoast_0121,crw_049,35.92499923706055,-121.4749984741211,5.297545177701841,2021,90,90,1.0,True,0.15600000000000008,1.1159999999999997,0,0,13.72
westcoast_0121,crw_049,35.92499923706055,-121.4749984741211,5.297545177701841,2022,90,90,1.0,True,0.8747142857142853,13.446499999999995,1,1,13.72
westcoast_0121,crw_049,35.92499923706055,-121.4749984741211,5.297545177701841,2023,90,90,1.0,True,0.15157142857142855,1.2560000000000002,0,0,13.72
westcoast_0121,crw_049,35.92499923706055,-121.4749984741211,5.297545177701841,2024,91,90,0.989010989010989,True,2.0892142857142857,78.6655,31,12,13.72
westcoast_0122,crw_050,35.82500076293945,-121.4250030517578,0.8102451790255822,1985,90,90,1.0,True,0.3315714285714285,5.338999999999999,0,0,13.74
westcoast_0122,crw_050,35.82500076293945,-121.4250030517578,0.8102451790255822,1986,90,90,1.0,True,1.205857142857143,68.303,10,3,13.74
westcoast_0122,crw_050,35.82500076293945,-121.4250030517578,0.8102451790255822,1987,90,90,1.0,True,1.4571428571428573,42.6915,16,14,13.74
westcoast_0122,crw_050,35.82500076293945,-121.4250030517578,0.8102451790255822,1988,91,91,1.0,True,0.5901428571428574,9.719250000000004,0,0,13.74
westcoast_0122,crw_050,35.82500076293945,-121.4250030517578,0.8102451790255822,1989,90,90,1.0,True,-0.47407142857142887,0.0,0,0,13.74
westcoast_0122,crw_050,35.82500076293945,-121.4250030517578,0.8102451790255822,1990,90,90,1.0,True,0.7944285714285709,18.086499999999994,3,2,13.74
westcoast_0122,crw_050,35.82500076293945,-121.4250030517578,0.8102451790255822,1991,90,90,1.0,True,0.1571428571428576,1.1070000000000029,0,0,13.74
westcoast_0122,crw_050,35.82500076293945,-121.4250030517578,0.8102451790255822,1992,91,91,1.0,True,2.771642857142857,96.57325,39,26,13.74
westcoast_0122,crw_050,35.82500076293945,-121.4250030517578,0.8102451790255822,1993,90,90,1.0,True,1.6344285714285716,67.25349999999999,11,4,13.74
westcoast_0122,crw_050,35.82500076293945,-121.4250030517578,0.8102451790255822,1994,90,90,1.0,True,1.1027857142857147,60.71949999999999,10,3,13.74
westcoast_0122,crw_050,35.82500076293945,-121.4250030517578,0.8102451790255822,1995,90,90,1.0,True,1.1873571428571434,63.8575,7,5,13.74
westcoast_0122,crw_050,35.82500076293945,-121.4250030517578,0.8102451790255822,1996,91,91,1.0,True,1.276857142857143,50.04025,10,7,13.74
westcoast_0122,crw_050,35.82500076293945,-121.4250030517578,0.8102451790255822,1997,90,90,1.0,True,0.2799285714285717,4.554999999999998,0,0,13.74
westcoast_0122,crw_050,35.82500076293945,-121.4250030517578,0.8102451790255822,1998,90,90,1.0,True,2.4895,156.533,64,58,13.74
westcoast_0122,crw_050,35.82500076293945,-121.4250030517578,0.8102451790255822,1999,90,90,1.0,True,-0.40192857142857136,0.0,0,0,13.74
westcoast_0122,crw_050,35.82500076293945,-121.4250030517578,0.8102451790255822,2000,91,91,1.0,True,0.46771428571428536,6.397250000000003,0,0,13.74
westcoast_0122,crw_050,35.82500076293945,-121.4250030517578,0.8102451790255822,2001,90,90,1.0,True,-0.1201428571428573,0.15399999999999991,0,0,13.74
westcoast_0122,crw_050,35.82500076293945,-121.4250030517578,0.8102451790255822,2002,90,90,1.0,True,-0.014071428571428513,0.3539999999999992,0,0,13.74
westcoast_0122,crw_050,35.82500076293945,-121.4250030517578,0.8102451790255822,2003,90,90,1.0,True,0.8069999999999998,37.327,6,3,13.74
westcoast_0122,crw_050,35.82500076293945,-121.4250030517578,0.8102451790255822,2004,91,91,1.0,True,0.5649285714285716,4.213500000000003,0,0,13.74
westcoast_0122,crw_050,35.82500076293945,-121.4250030517578,0.8102451790255822,2005,90,90,1.0,True,1.8997142857142857,92.623,40,16,13.74
westcoast_0122,crw_050,35.82500076293945,-121.4250030517578,0.8102451790255822,2006,90,90,1.0,True,0.19964285714285676,3.0739999999999927,0,0,13.74
westcoast_0122,crw_050,35.82500076293945,-121.4250030517578,0.8102451790255822,2007,90,90,1.0,True,0.02971428571428549,0.622499999999997,0,0,13.74
westcoast_0122,crw_050,35.82500076293945,-121.4250030517578,0.8102451790255822,2008,91,91,1.0,True,-0.732857142857143,0.0,0,0,13.74
westcoast_0122,crw_050,35.82500076293945,-121.4250030517578,0.8102451790255822,2009,90,90,1.0,True,0.09592857142857143,0.9680000000000017,0,0,13.74
westcoast_0122,crw_050,35.82500076293945,-121.4250030517578,0.8102451790255822,2010,90,90,1.0,True,0.7041428571428582,34.5555,0,0,13.74
westcoast_0122,crw_050,35.82500076293945,-121.4250030517578,0.8102451790255822,2011,90,90,1.0,True,0.31735714285714295,2.2215000000000007,0,0,13.74
westcoast_0122,crw_050,35.82500076293945,-121.4250030517578,0.8102451790255822,2012,91,91,1.0,True,-0.18714285714285772,0.14100000000000001,0,0,13.74
westcoast_0122,crw_050,35.82500076293945,-121.4250030517578,0.8102451790255822,2013,90,90,1.0,True,-0.028571428571428976,0.23799999999999777,0,0,13.74
westcoast_0122,crw_050,35.82500076293945,-121.4250030517578,0.8102451790255822,2014,90,90,1.0,True,1.2259285714285717,54.74450000000001,19,8,13.74
westcoast_0122,crw_050,35.82500076293945,-121.4250030517578,0.8102451790255822,2015,90,90,1.0,True,2.7811428571428576,171.55299999999997,73,61,13.74
westcoast_0122,crw_050,35.82500076293945,-121.4250030517578,0.8102451790255822,2016,91,91,1.0,True,1.9649285714285714,102.12774999999999,64,20,13.74
westcoast_0122,crw_050,35.82500076293945,-121.4250030517578,0.8102451790255822,2017,90,90,1.0,True,0.721642857142857,18.8065,0,0,13.74
westcoast_0122,crw_050,35.82500076293945,-121.4250030517578,0.8102451790255822,2018,90,90,1.0,True,1.1854999999999996,44.35949999999999,24,12,13.74
westcoast_0122,crw_050,35.82500076293945,-121.4250030517578,0.8102451790255822,2019,90,90,1.0,True,1.421642857142857,55.267999999999994,20,11,13.74
westcoast_0122,crw_050,35.82500076293945,-121.4250030517578,0.8102451790255822,2020,91,91,1.0,True,1.7577142857142856,42.160250000000005,6,6,13.74
westcoast_0122,crw_050,35.82500076293945,-121.4250030517578,0.8102451790255822,2021,90,90,1.0,True,0.055857142857142605,0.5594999999999999,0,0,13.74
westcoast_0122,crw_050,35.82500076293945,-121.4250030517578,0.8102451790255822,2022,90,90,1.0,True,0.7248571428571429,10.353499999999995,0,0,13.74
westcoast_0122,crw_050,35.82500076293945,-121.4250030517578,0.8102451790255822,2023,90,90,1.0,True,0.13100000000000023,1.2210000000000019,0,0,13.74
westcoast_0122,crw_050,35.82500076293945,-121.4250030517578,0.8102451790255822,2024,91,90,0.989010989010989,True,2.1471428571428564,79.26275,33,13,13.74
westcoast_0123,crw_051,35.82500076293945,-121.375,5.6299124730643255,1985,90,90,1.0,True,0.3333571428571422,5.344000000000001,0,0,13.73
westcoast_0123,crw_051,35.82500076293945,-121.375,5.6299124730643255,1986,90,90,1.0,True,1.176714285714286,67.8925,10,3,13.73
westcoast_0123,crw_051,35.82500076293945,-121.375,5.6299124730643255,1987,90,90,1.0,True,1.4425000000000001,42.599000000000004,16,14,13.73
westcoast_0123,crw_051,35.82500076293945,-121.375,5.6299124730643255,1988,91,91,1.0,True,0.5737857142857141,9.515499999999998,0,0,13.73
westcoast_0123,crw_051,35.82500076293945,-121.375,5.6299124730643255,1989,90,90,1.0,True,-0.45257142857142874,0.0,0,0,13.73
westcoast_0123,crw_051,35.82500076293945,-121.375,5.6299124730643255,1990,90,90,1.0,True,0.802642857142857,17.8875,5,3,13.73
westcoast_0123,crw_051,35.82500076293945,-121.375,5.6299124730643255,1991,90,90,1.0,True,0.18121428571428538,1.2684999999999977,0,0,13.73
westcoast_0123,crw_051,35.82500076293945,-121.375,5.6299124730643255,1992,91,91,1.0,True,2.7802857142857147,96.209,40,26,13.73
westcoast_0123,crw_051,35.82500076293945,-121.375,5.6299124730643255,1993,90,90,1.0,True,1.642357142857143,67.5145,14,4,13.73
westcoast_0123,crw_051,35.82500076293945,-121.375,5.6299124730643255,1994,90,90,1.0,True,1.0777142857142852,59.36750000000001,7,3,13.73
westcoast_0123,crw_051,35.82500076293945,-121.375,5.6299124730643255,1995,90,90,1.0,True,1.1872142857142853,63.7115,8,6,13.73
westcoast_0123,crw_051,35.82500076293945,-121.375,5.6299124730643255,1996,91,91,1.0,True,1.2267142857142859,49.89699999999999,9,6,13.73
westcoast_0123,crw_051,35.82500076293945,-121.375,5.6299124730643255,1997,90,90,1.0,True,0.27492857142857147,4.403999999999996,0,0,13.73
westcoast_0123,crw_051,35.82500076293945,-121.375,5.6299124730643255,1998,90,90,1.0,True,2.4771428571428564,155.19250000000002,65,58,13.73
westcoast_0123,crw_051,35.82500076293945,-121.375,5.6299124730643255,1999,90,90,1.0,True,-0.39178571428571374,0.0,0,0,13.73
westcoast_0123,crw_051,35.82500076293945,-121.375,5.6299124730643255,2000,91,91,1.0,True,0.4748571428571431,6.440999999999997,0,0,13.73
westcoast_0123,crw_051,35.82500076293945,-121.375,5.6299124730643255,2001,90,90,1.0,True,-0.12057142857142875,0.09799999999999898,0,0,13.73
westcoast_0123,crw_051,35.82500076293945,-121.375,5.6299124730643255,2002,90,90,1.0,True,-0.018571428571428936,0.3414999999999999,0,0,13.73
westcoast_0123,crw_051,35.82500076293945,-121.375,5.6299124730643255,2003,90,90,1.0,True,0.841642857142858,37.084999999999994,6,3,13.73
westcoast_0123,crw_051,35.82500076293945,-121.375,5.6299124730643255,2004,91,91,1.0,True,0.6258571428571427,4.680499999999997,0,0,13.73
westcoast_0123,crw_051,35.82500076293945,-121.375,5.6299124730643255,2005,90,90,1.0,True,1.901,92.0425,40,16,13.73
westcoast_0123,crw_051,35.82500076293945,-121.375,5.6299124730643255,2006,90,90,1.0,True,0.16450000000000006,2.614000000000006,0,0,13.73
westcoast_0123,crw_051,35.82500076293945,-121.375,5.6299124730643255,2007,90,90,1.0,True,0.05100000000000092,0.7610000000000063,0,0,13.73
westcoast_0123,crw_051,35.82500076293945,-121.375,5.6299124730643255,2008,91,91,1.0,True,-0.7144285714285719,0.0,0,0,13.73
westcoast_0123,crw_051,35.82500076293945,-121.375,5.6299124730643255,2009,90,90,1.0,True,0.1177857142857146,1.1784999999999997,0,0,13.73
westcoast_0123,crw_051,35.82500076293945,-121.375,5.6299124730643255,2010,90,90,1.0,True,0.7049285714285709,35.341499999999996,1,1,13.73
westcoast_0123,crw_051,35.82500076293945,-121.375,5.6299124730643255,2011,90,90,1.0,True,0.3274285714285711,2.291999999999998,0,0,13.73
westcoast_0123,crw_051,35.82500076293945,-121.375,5.6299124730643255,2012,91,91,1.0,True,-0.1974999999999998,0.1595000000000013,0,0,13.73
westcoast_0123,crw_051,35.82500076293945,-121.375,5.6299124730643255,2013,90,90,1.0,True,-0.014642857142857275,0.33550000000000146,0,0,13.73
westcoast_0123,crw_051,35.82500076293945,-121.375,5.6299124730643255,2014,90,90,1.0,True,1.2050714285714286,54.8545,21,8,13.73
westcoast_0123,crw_051,35.82500076293945,-121.375,5.6299124730643255,2015,90,90,1.0,True,2.841142857142857,171.15249999999997,69,58,13.73
westcoast_0123,crw_051,35.82500076293945,-121.375,5.6299124730643255,2016,91,91,1.0,True,1.9729999999999996,101.9565,65,20,13.73
westcoast_0123,crw_051,35.82500076293945,-121.375,5.6299124730643255,2017,90,90,1.0,True,0.7108571428571425,18.798000000000002,0,0,13.73
westcoast_0123,crw_051,35.82500076293945,-121.375,5.6299124730643255,2018,90,90,1.0,True,1.1802142857142857,42.1545,24,12,13.73
westcoast_0123,crw_051,35.82500076293945,-121.375,5.6299124730643255,2019,90,90,1.0,True,1.4117142857142855,53.503499999999995,20,11,13.73
westcoast_0123,crw_051,35.82500076293945,-121.375,5.6299124730643255,2020,91,91,1.0,True,1.8052857142857146,41.229,6,6,13.73
westcoast_0123,crw_051,35.82500076293945,-121.375,5.6299124730643255,2021,90,90,1.0,True,0.03485714285714308,0.42100000000000115,0,0,13.73
westcoast_0123,crw_051,35.82500076293945,-121.375,5.6299124730643255,2022,90,90,1.0,True,0.6634285714285723,9.15350000000001,0,0,13.73
westcoast_0123,crw_051,35.82500076293945,-121.375,5.6299124730643255,2023,90,90,1.0,True,0.1220000000000004,1.057000000000004,0,0,13.73
westcoast_0123,crw_051,35.82500076293945,-121.375,5.6299124730643255,2024,91,90,0.989010989010989,True,2.156785714285714,78.489,32,13,13.73
westcoast_0124,crw_052,35.724998474121094,-121.3249969482422,1.270671070697868,1985,90,90,1.0,True,0.343357142857143,5.2950000000000035,0,0,13.74
westcoast_0124,crw_052,35.724998474121094,-121.3249969482422,1.270671070697868,1986,90,90,1.0,True,1.172928571428571,67.53050000000002,5,2,13.74
westcoast_0124,crw_052,35.724998474121094,-121.3249969482422,1.270671070697868,1987,90,90,1.0,True,1.403857142857142,42.3615,16,14,13.74
westcoast_0124,crw_052,35.724998474121094,-121.3249969482422,1.270671070697868,1988,91,91,1.0,True,0.5582142857142858,8.810750000000004,0,0,13.74
westcoast_0124,crw_052,35.724998474121094,-121.3249969482422,1.270671070697868,1989,90,90,1.0,True,-0.4502857142857142,0.0,0,0,13.74
westcoast_0124,crw_052,35.724998474121094,-121.3249969482422,1.270671070697868,1990,90,90,1.0,True,0.8691428571428573,17.915000000000003,7,4,13.74
westcoast_0124,crw_052,35.724998474121094,-121.3249969482422,1.270671070697868,1991,90,90,1.0,True,0.26092857142857184,1.852000000000002,0,0,13.74
westcoast_0124,crw_052,35.724998474121094,-121.3249969482422,1.270671070697868,1992,91,91,1.0,True,2.8668571428571425,99.11925000000001,41,26,13.74
westcoast_0124,crw_052,35.724998474121094,-121.3249969482422,1.270671070697868,1993,90,90,1.0,True,1.645357142857143,68.27450000000002,13,3,13.74
westcoast_0124,crw_052,35.724998474121094,-121.3249969482422,1.270671070697868,1994,90,90,1.0,True,1.0144999999999997,57.20200000000001,9,4,13.74
westcoast_0124,crw_052,35.724998474121094,-121.3249969482422,1.270671070697868,1995,90,90,1.0,True,1.2222142857142857,64.79150000000001,9,7,13.74
westcoast_0124,crw_052,35.724998474121094,-121.3249969482422,1.270671070697868,1996,91,91,1.0,True,1.1482142857142859,49.69375,8,4,13.74
westcoast_0124,crw_052,35.724998474121094,-121.3249969482422,1.270671070697868,1997,90,90,1.0,True,0.25985714285714245,4.500999999999996,0,0,13.74
westcoast_0124,crw_052,35.724998474121094,-121.3249969482422,1.270671070697868,1998,90,90,1.0,True,2.507214285714286,153.9005,64,58,13.74
westcoast_0124,crw_052,35.724998474121094,-121.3249969482422,1.270671070697868,1999,90,90,1.0,True,-0.3547142857142858,0.0,0,0,13.74
westcoast_0124,crw_052,35.724998474121094,-121.3249969482422,1.270671070697868,2000,91,91,1.0,True,0.4577142857142861,6.220750000000004,0,0,13.74
westcoast_0124,crw_052,35.724998474121094,-121.3249969482422,1.270671070697868,2001,90,90,1.0,True,-0.08657142857142881,0.20549999999999535,0,0,13.74
westcoast_0124,crw_052,35.724998474121094,-121.3249969482422,1.270671070697868,2002,90,90,1.0,True,-0.005642857142856934,0.3840000000000021,0,0,13.74
westcoast_0124,crw_052,35.724998474121094,-121.3249969482422,1.270671070697868,2003,90,90,1.0,True,0.8212857142857141,34.04599999999999,5,2,13.74
westcoast_0124,crw_052,35.724998474121094,-121.3249969482422,1.270671070697868,2004,91,91,1.0,True,0.6844999999999999,5.281499999999998,0,0,13.74
westcoast_0124,crw_052,35.724998474121094,-121.3249969482422,1.270671070697868,2005,90,90,1.0,True,1.8632857142857144,89.557,39,16,13.74
westcoast_0124,crw_052,35.724998474121094,-121.3249969482422,1.270671070697868,2006,90,90,1.0,True,0.16671428571428518,2.1064999999999987,0,0,13.74
westcoast_0124,crw_052,35.724998474121094,-121.3249969482422,1.270671070697868,2007,90,90,1.0,True,0.04535714285714322,0.7140000000000022,0,0,13.74
westcoast_0124,crw_052,35.724998474121094,-121.3249969482422,1.270671070697868,2008,91,91,1.0,True,-0.702678571428571,0.0,0,0,13.74
westcoast_0124,crw_052,35.724998474121094,-121.3249969482422,1.270671070697868,2009,90,90,1.0,True,0.08957142857142866,1.1670000000000016,0,0,13.74
westcoast_0124,crw_052,35.724998474121094,-121.3249969482422,1.270671070697868,2010,90,90,1.0,True,0.716214285714286,34.068500000000014,1,1,13.74
westcoast_0124,crw_052,35.724998474121094,-121.3249969482422,1.270671070697868,2011,90,90,1.0,True,0.28257142857142853,1.9779999999999998,0,0,13.74
westcoast_0124,crw_052,35.724998474121094,-121.3249969482422,1.270671070697868,2012,91,91,1.0,True,-0.22185714285714347,0.14400000000000013,0,0,13.74
westcoast_0124,crw_052,35.724998474121094,-121.3249969482422,1.270671070697868,2013,90,90,1.0,True,0.009571428571428089,0.48050000000000104,0,0,13.74
westcoast_0124,crw_052,35.724998474121094,-121.3249969482422,1.270671070697868,2014,90,90,1.0,True,1.175071428571428,54.672,21,8,13.74
westcoast_0124,crw_052,35.724998474121094,-121.3249969482422,1.270671070697868,2015,90,90,1.0,True,2.8474999999999997,171.0105,70,58,13.74
westcoast_0124,crw_052,35.724998474121094,-121.3249969482422,1.270671070697868,2016,91,91,1.0,True,1.9259285714285714,99.29725000000002,61,20,13.74
westcoast_0124,crw_052,35.724998474121094,-121.3249969482422,1.270671070697868,2017,90,90,1.0,True,0.7012857142857138,18.717499999999998,0,0,13.74
westcoast_0124,crw_052,35.724998474121094,-121.3249969482422,1.270671070697868,2018,90,90,1.0,True,1.217,41.066500000000005,25,12,13.74
westcoast_0124,crw_052,35.724998474121094,-121.3249969482422,1.270671070697868,2019,90,90,1.0,True,1.438285714285714,52.668000000000006,20,17,13.74
westcoast_0124,crw_052,35.724998474121094,-121.3249969482422,1.270671070697868,2020,91,91,1.0,True,1.8610000000000002,40.50675,5,5,13.74
westcoast_0124,crw_052,35.724998474121094,-121.3249969482422,1.270671070697868,2021,90,90,1.0,True,-0.026285714285714436,0.40949999999999953,0,0,13.74
westcoast_0124,crw_052,35.724998474121094,-121.3249969482422,1.270671070697868,2022,90,90,1.0,True,0.5505714285714287,7.875500000000002,0,0,13.74
westcoast_0124,crw_052,35.724998474121094,-121.3249969482422,1.270671070697868,2023,90,90,1.0,True,0.11128571428571428,0.9004999999999992,0,0,13.74
westcoast_0124,crw_052,35.724998474121094,-121.3249969482422,1.270671070697868,2024,91,90,0.989010989010989,True,2.1809999999999996,77.46475000000001,32,13,13.74
westcoast_0125,crw_053,35.625,-121.3249969482422,1.5275285625738877,1985,90,90,1.0,True,0.3819999999999997,6.415000000000001,0,0,13.8
westcoast_0125,crw_053,35.625,-121.3249969482422,1.5275285625738877,1986,90,90,1.0,True,1.1959285714285712,68.65100000000001,10,3,13.8
westcoast_0125,crw_053,35.625,-121.3249969482422,1.5275285625738877,1987,90,90,1.0,True,1.3164999999999998,41.89149999999999,16,14,13.8
westcoast_0125,crw_053,35.625,-121.3249969482422,1.5275285625738877,1988,91,91,1.0,True,0.5354285714285714,8.34124999999999,0,0,13.8
westcoast_0125,crw_053,35.625,-121.3249969482422,1.5275285625738877,1989,90,90,1.0,True,-0.4701428571428572,0.0,0,0,13.8
westcoast_0125,crw_053,35.625,-121.3249969482422,1.5275285625738877,1990,90,90,1.0,True,0.9350000000000003,18.4635,8,5,13.8
westcoast_0125,crw_053,35.625,-121.3249969482422,1.5275285625738877,1991,90,90,1.0,True,0.32649999999999935,2.545999999999996,0,0,13.8
westcoast_0125,crw_053,35.625,-121.3249969482422,1.5275285625738877,1992,91,91,1.0,True,2.851285714285715,101.81974999999998,42,27,13.8
westcoast_0125,crw_053,35.625,-121.3249969482422,1.5275285625738877,1993,90,90,1.0,True,1.5568571428571432,67.81300000000002,11,3,13.8
westcoast_0125,crw_053,35.625,-121.3249969482422,1.5275285625738877,1994,90,90,1.0,True,0.8963571428571431,53.94349999999999,8,3,13.8
westcoast_0125,crw_053,35.625,-121.3249969482422,1.5275285625738877,1995,90,90,1.0,True,1.2714999999999996,67.37950000000001,8,6,13.8
westcoast_0125,crw_053,35.625,-121.3249969482422,1.5275285625738877,1996,91,91,1.0,True,1.0682142857142856,48.807749999999984,7,3,13.8
westcoast_0125,crw_053,35.625,-121.3249969482422,1.5275285625738877,1997,90,90,1.0,True,0.26892857142857096,5.086999999999998,0,0,13.8
westcoast_0125,crw_053,35.625,-121.3249969482422,1.5275285625738877,1998,90,90,1.0,True,2.5331428571428583,152.81550000000001,65,58,13.8
westcoast_0125,crw_053,35.625,-121.3249969482422,1.5275285625738877,1999,90,90,1.0,True,-0.29299999999999976,0.0,0,0,13.8
westcoast_0125,crw_053,35.625,-121.3249969482422,1.5275285625738877,2000,91,91,1.0,True,0.3760714285714281,5.161749999999994,0,0,13.8
westcoast_0125,crw_053,35.625,-121.3249969482422,1.5275285625738877,2001,90,90,1.0,True,-0.07635714285714304,0.25649999999999906,0,0,13.8
westcoast_0125,crw_053,35.625,-121.3249969482422,1.5275285625738877,2002,90,90,1.0,True,-0.017642857142857387,0.3569999999999993,0,0,13.8
westcoast_0125,crw_053,35.625,-121.3249969482422,1.5275285625738877,2003,90,90,1.0,True,0.74,32.1235,2,1,13.8
westcoast_0125,crw_053,35.625,-121.3249969482422,1.5275285625738877,2004,91,91,1.0,True,0.7479285714285717,5.734500000000002,0,0,13.8
westcoast_0125,crw_053,35.625,-121.3249969482422,1.5275285625738877,2005,90,90,1.0,True,1.7972142857142857,87.8955,37,5,13.8
westcoast_0125,crw_053,35.625,-121.3249969482422,1.5275285625738877,2006,90,90,1.0,True,0.20807142857142807,2.339999999999998,0,0,13.8
westcoast_0125,crw_053,35.625,-121.3249969482422,1.5275285625738877,2007,90,90,1.0,True,0.04392857142857132,0.7274999999999991,0,0,13.8
westcoast_0125,crw_053,35.625,-121.3249969482422,1.5275285625738877,2008,91,91,1.0,True,-0.6778928571428577,0.0,0,0,13.8
westcoast_0125,crw_053,35.625,-121.3249969482422,1.5275285625738877,2009,90,90,1.0,True,0.05599999999999942,1.149000000000001,0,0,13.8
westcoast_0125,crw_053,35.625,-121.3249969482422,1.5275285625738877,2010,90,90,1.0,True,0.7332857142857134,33.46799999999998,0,0,13.8
westcoast_0125,crw_053,35.625,-121.3249969482422,1.5275285625738877,2011,90,90,1.0,True,0.17235714285714238,1.3514999999999961,0,0,13.8
westcoast_0125,crw_053,35.625,-121.3249969482422,1.5275285625738877,2012,91,91,1.0,True,-0.2135000000000003,0.12449999999999939,0,0,13.8
westcoast_0125,crw_053,35.625,-121.3249969482422,1.5275285625738877,2013,90,90,1.0,True,0.07935714285714239,0.9284999999999961,0,0,13.8
westcoast_0125,crw_053,35.625,-121.3249969482422,1.5275285625738877,2014,90,90,1.0,True,1.2000714285714287,58.641,22,8,13.8
westcoast_0125,crw_053,35.625,-121.3249969482422,1.5275285625738877,2015,90,90,1.0,True,2.808285714285714,175.2055,78,58,13.8
westcoast_0125,crw_053,35.625,-121.3249969482422,1.5275285625738877,2016,91,91,1.0,True,1.8879285714285718,98.92524999999999,59,20,13.8
westcoast_0125,crw_053,35.625,-121.3249969482422,1.5275285625738877,2017,90,90,1.0,True,0.7480714285714283,19.549,0,0,13.8
westcoast_0125,crw_053,35.625,-121.3249969482422,1.5275285625738877,2018,90,90,1.0,True,1.2937857142857143,46.56249999999999,23,12,13.8
westcoast_0125,crw_053,35.625,-121.3249969482422,1.5275285625738877,2019,90,90,1.0,True,1.569857142857143,56.61750000000001,19,17,13.8
westcoast_0125,crw_053,35.625,-121.3249969482422,1.5275285625738877,2020,91,91,1.0,True,1.8947142857142851,42.30525,5,5,13.8
westcoast_0125,crw_053,35.625,-121.3249969482422,1.5275285625738877,2021,90,90,1.0,True,-0.04171428571428594,0.4654999999999987,0,0,13.8
westcoast_0125,crw_053,35.625,-121.3249969482422,1.5275285625738877,2022,90,90,1.0,True,0.5332142857142858,8.684999999999999,0,0,13.8
westcoast_0125,crw_053,35.625,-121.3249969482422,1.5275285625738877,2023,90,90,1.0,True,0.17057142857142843,1.6464999999999996,0,0,13.8
westcoast_0125,crw_053,35.625,-121.3249969482422,1.5275285625738877,2024,91,90,0.989010989010989,True,2.233642857142857,81.56674999999998,31,13,13.8
westcoast_0126,crw_054,35.625,-121.2249984741211,1.7834089487837952,1985,90,90,1.0,True,0.41357142857142903,7.273000000000005,0,0,13.78
westcoast_0126,crw_054,35.625,-121.2249984741211,1.7834089487837952,1986,90,90,1.0,True,1.1297142857142854,68.41299999999998,10,3,13.78
westcoast_0126,crw_054,35.625,-121.2249984741211,1.7834089487837952,1987,90,90,1.0,True,1.1926428571428571,41.621,16,14,13.78
westcoast_0126,crw_054,35.625,-121.2249984741211,1.7834089487837952,1988,91,91,1.0,True,0.4559999999999998,7.652999999999999,0,0,13.78
westcoast_0126,crw_054,35.625,-121.2249984741211,1.7834089487837952,1989,90,90,1.0,True,-0.4432142857142861,0.0,0,0,13.78
westcoast_0126,crw_054,35.625,-121.2249984741211,1.7834089487837952,1990,90,90,1.0,True,0.9547142857142852,18.943499999999993,8,5,13.78
westcoast_0126,crw_054,35.625,-121.2249984741211,1.7834089487837952,1991,90,90,1.0,True,0.34792857142857186,2.9830000000000005,0,0,13.78
westcoast_0126,crw_054,35.625,-121.2249984741211,1.7834089487837952,1992,91,91,1.0,True,2.899642857142856,104.156,43,27,13.78
westcoast_0126,crw_054,35.625,-121.2249984741211,1.7834089487837952,1993,90,90,1.0,True,1.4717142857142853,67.95200000000001,11,3,13.78
westcoast_0126,crw_054,35.625,-121.2249984741211,1.7834089487837952,1994,90,90,1.0,True,0.8227142857142855,49.969,8,4,13.78
westcoast_0126,crw_054,35.625,-121.2249984741211,1.7834089487837952,1995,90,90,1.0,True,1.2889999999999995,69.24749999999999,12,8,13.78
westcoast_0126,crw_054,35.625,-121.2249984741211,1.7834089487837952,1996,91,91,1.0,True,1.043642857142857,48.85499999999999,6,4,13.78
westcoast_0126,crw_054,35.625,-121.2249984741211,1.7834089487837952,1997,90,90,1.0,True,0.26871428571428624,4.785,0,0,13.78
westcoast_0126,crw_054,35.625,-121.2249984741211,1.7834089487837952,1998,90,90,1.0,True,2.4959285714285713,150.1865,64,58,13.78
westcoast_0126,crw_054,35.625,-121.2249984741211,1.7834089487837952,1999,90,90,1.0,True,-0.22335714285714228,0.0,0,0,13.78
westcoast_0126,crw_054,35.625,-121.2249984741211,1.7834089487837952,2000,91,91,1.0,True,0.31728571428571356,4.210999999999993,0,0,13.78
westcoast_0126,crw_054,35.625,-121.2249984741211,1.7834089487837952,2001,90,90,1.0,True,-0.0737142857142852,0.20050000000000168,0,0,13.78
westcoast_0126,crw_054,35.625,-121.2249984741211,1.7834089487837952,2002,90,90,1.0,True,-0.03692857142857114,0.2320000000000011,0,0,13.78
westcoast_0126,crw_054,35.625,-121.2249984741211,1.7834089487837952,2003,90,90,1.0,True,0.7173571428571426,27.47399999999999,2,1,13.78
westcoast_0126,crw_054,35.625,-121.2249984741211,1.7834089487837952,2004,91,91,1.0,True,0.8419285714285714,6.656000000000001,0,0,13.78
westcoast_0126,crw_054,35.625,-121.2249984741211,1.7834089487837952,2005,90,90,1.0,True,1.816142857142857,89.0025,36,10,13.78
westcoast_0126,crw_054,35.625,-121.2249984741211,1.7834089487837952,2006,90,90,1.0,True,0.2887857142857145,3.1045,0,0,13.78
westcoast_0126,crw_054,35.625,-121.2249984741211,1.7834089487837952,2007,90,90,1.0,True,0.14350000000000002,1.5705000000000027,0,0,13.78
westcoast_0126,crw_054,35.625,-121.2249984741211,1.7834089487837952,2008,91,91,1.0,True,-0.6116428571428576,0.0,0,0,13.78
westcoast_0126,crw_054,35.625,-121.2249984741211,1.7834089487837952,2009,90,90,1.0,True,0.09192857142857161,1.4285000000000014,0,0,13.78
westcoast_0126,crw_054,35.625,-121.2249984741211,1.7834089487837952,2010,90,90,1.0,True,0.7704285714285718,35.038,0,0,13.78
westcoast_0126,crw_054,35.625,-121.2249984741211,1.7834089487837952,2011,90,90,1.0,True,0.08307142857142809,0.8179999999999961,0,0,13.78
westcoast_0126,crw_054,35.625,-121.2249984741211,1.7834089487837952,2012,91,91,1.0,True,-0.29021428571428615,0.06549999999999834,0,0,13.78
westcoast_0126,crw_054,35.625,-121.2249984741211,1.7834089487837952,2013,90,90,1.0,True,0.10121428571428558,1.3559999999999963,0,0,13.78
westcoast_0126,crw_054,35.625,-121.2249984741211,1.7834089487837952,2014,90,90,1.0,True,1.1508571428571428,62.14349999999998,22,9,13.78
westcoast_0126,crw_054,35.625,-121.2249984741211,1.7834089487837952,2015,90,90,1.0,True,2.8024999999999998,179.48649999999998,78,58,13.78
westcoast_0126,crw_054,35.625,-121.2249984741211,1.7834089487837952,2016,91,91,1.0,True,1.8447857142857138,98.57799999999999,59,20,13.78
westcoast_0126,crw_054,35.625,-121.2249984741211,1.7834089487837952,2017,90,90,1.0,True,0.808428571428571,19.189499999999995,0,0,13.78
westcoast_0126,crw_054,35.625,-121.2249984741211,1.7834089487837952,2018,90,90,1.0,True,1.4245000000000003,46.460499999999996,23,20,13.78
westcoast_0126,crw_054,35.625,-121.2249984741211,1.7834089487837952,2019,90,90,1.0,True,1.6616428571428572,57.707499999999996,21,16,13.78
westcoast_0126,crw_054,35.625,-121.2249984741211,1.7834089487837952,2020,91,91,1.0,True,1.9863571428571423,44.0635,6,5,13.78
westcoast_0126,crw_054,35.625,-121.2249984741211,1.7834089487837952,2021,90,90,1.0,True,-0.16514285714285673,0.1349999999999998,0,0,13.78
westcoast_0126,crw_054,35.625,-121.2249984741211,1.7834089487837952,2022,90,90,1.0,True,0.4174999999999994,5.915499999999994,0,0,13.78
westcoast_0126,crw_054,35.625,-121.2249984741211,1.7834089487837952,2023,90,90,1.0,True,0.19357142857142914,1.8529999999999998,0,0,13.78
westcoast_0126,crw_054,35.625,-121.2249984741211,1.7834089487837952,2024,91,90,0.989010989010989,True,2.2369285714285714,76.89699999999999,29,13,13.78
westcoast_0127,crw_055,35.625,-121.1750030517578,6.384368557911148,1985,90,90,1.0,True,0.42350000000000065,7.566500000000014,0,0,13.78
westcoast_0127,crw_055,35.625,-121.1750030517578,6.384368557911148,1986,90,90,1.0,True,1.134285714285714,67.89150000000001,10,3,13.78
westcoast_0127,crw_055,35.625,-121.1750030517578,6.384368557911148,1987,90,90,1.0,True,1.1812857142857147,41.3875,15,14,13.78
westcoast_0127,crw_055,35.625,-121.1750030517578,6.384368557911148,1988,91,91,1.0,True,0.4090000000000002,7.445500000000006,0,0,13.78
westcoast_0127,crw_055,35.625,-121.1750030517578,6.384368557911148,1989,90,90,1.0,True,-0.4458571428571427,0.0,0,0,13.78
westcoast_0127,crw_055,35.625,-121.1750030517578,6.384368557911148,1990,90,90,1.0,True,0.9489285714285717,19.187000000000005,8,5,13.78
westcoast_0127,crw_055,35.625,-121.1750030517578,6.384368557911148,1991,90,90,1.0,True,0.34914285714285725,3.077499999999999,0,0,13.78
westcoast_0127,crw_055,35.625,-121.1750030517578,6.384368557911148,1992,91,91,1.0,True,2.894142857142857,104.571,43,27,13.78
westcoast_0127,crw_055,35.625,-121.1750030517578,6.384368557911148,1993,90,90,1.0,True,1.444714285714286,67.88150000000002,10,3,13.78
westcoast_0127,crw_055,35.625,-121.1750030517578,6.384368557911148,1994,90,90,1.0,True,0.8172857142857145,48.65150000000003,6,2,13.78
westcoast_0127,crw_055,35.625,-121.1750030517578,6.384368557911148,1995,90,90,1.0,True,1.2913571428571424,69.7825,12,8,13.78
westcoast_0127,crw_055,35.625,-121.1750030517578,6.384368557911148,1996,91,91,1.0,True,1.0544285714285713,48.83300000000003,5,3,13.78
westcoast_0127,crw_055,35.625,-121.1750030517578,6.384368557911148,1997,90,90,1.0,True,0.2740714285714286,4.769500000000006,0,0,13.78
westcoast_0127,crw_055,35.625,-121.1750030517578,6.384368557911148,1998,90,90,1.0,True,2.4743571428571434,149.11800000000002,64,58,13.78
westcoast_0127,crw_055,35.625,-121.1750030517578,6.384368557911148,1999,90,90,1.0,True,-0.19807142857142854,0.0,0,0,13.78
westcoast_0127,crw_055,35.625,-121.1750030517578,6.384368557911148,2000,91,91,1.0,True,0.28664285714285703,3.791499999999999,0,0,13.78
westcoast_0127,crw_055,35.625,-121.1750030517578,6.384368557911148,2001,90,90,1.0,True,-0.07935714285714189,0.16300000000000203,0,0,13.78
westcoast_0127,crw_055,35.625,-121.1750030517578,6.384368557911148,2002,90,90,1.0,True,-0.045857142857143075,0.19350000000000023,0,0,13.78
westcoast_0127,crw_055,35.625,-121.1750030517578,6.384368557911148,2003,90,90,1.0,True,0.7235000000000001,26.390500000000017,3,1,13.78
westcoast_0127,crw_055,35.625,-121.1750030517578,6.384368557911148,2004,91,91,1.0,True,0.8712142857142859,7.101000000000003,0,0,13.78
westcoast_0127,crw_055,35.625,-121.1750030517578,6.384368557911148,2005,90,90,1.0,True,1.823642857142858,89.39950000000002,34,10,13.78
westcoast_0127,crw_055,35.625,-121.1750030517578,6.384368557911148,2006,90,90,1.0,True,0.3132857142857147,3.403000000000004,0,0,13.78
westcoast_0127,crw_055,35.625,-121.1750030517578,6.384368557911148,2007,90,90,1.0,True,0.1812857142857148,1.983000000000004,0,0,13.78
westcoast_0127,crw_055,35.625,-121.1750030517578,6.384368557911148,2008,91,91,1.0,True,-0.5877857142857137,0.0,0,0,13.78
westcoast_0127,crw_055,35.625,-121.1750030517578,6.384368557911148,2009,90,90,1.0,True,0.09849999999999959,1.4525000000000006,0,0,13.78
westcoast_0127,crw_055,35.625,-121.1750030517578,6.384368557911148,2010,90,90,1.0,True,0.7811428571428571,35.8745,0,0,13.78
westcoast_0127,crw_055,35.625,-121.1750030517578,6.384368557911148,2011,90,90,1.0,True,0.07807142857142882,0.7370000000000001,0,0,13.78
westcoast_0127,crw_055,35.625,-121.1750030517578,6.384368557911148,2012,91,91,1.0,True,-0.30407142857142866,0.06199999999999939,0,0,13.78
westcoast_0127,crw_055,35.625,-121.1750030517578,6.384368557911148,2013,90,90,1.0,True,0.11592857142857176,1.6510000000000034,0,0,13.78
westcoast_0127,crw_055,35.625,-121.1750030517578,6.384368557911148,2014,90,90,1.0,True,1.1641428571428574,64.13250000000001,23,9,13.78
westcoast_0127,crw_055,35.625,-121.1750030517578,6.384368557911148,2015,90,90,1.0,True,2.863285714285714,181.758,80,59,13.78
westcoast_0127,crw_055,35.625,-121.1750030517578,6.384368557911148,2016,91,91,1.0,True,1.832642857142858,99.44750000000002,59,20,13.78
westcoast_0127,crw_055,35.625,-121.1750030517578,6.384368557911148,2017,90,90,1.0,True,0.8347142857142862,19.46900000000001,0,0,13.78
westcoast_0127,crw_055,35.625,-121.1750030517578,6.384368557911148,2018,90,90,1.0,True,1.4732857142857152,47.53050000000001,23,20,13.78
westcoast_0127,crw_055,35.625,-121.1750030517578,6.384368557911148,2019,90,90,1.0,True,1.7002142857142857,58.79250000000002,22,16,13.78
westcoast_0127,crw_055,35.625,-121.1750030517578,6.384368557911148,2020,91,91,1.0,True,2.0228571428571436,45.285500000000006,7,6,13.78
westcoast_0127,crw_055,35.625,-121.1750030517578,6.384368557911148,2021,90,90,1.0,True,-0.1697857142857137,0.09600000000000186,0,0,13.78
westcoast_0127,crw_055,35.625,-121.1750030517578,6.384368557911148,2022,90,90,1.0,True,0.406642857142857,5.376500000000002,0,0,13.78
westcoast_0127,crw_055,35.625,-121.1750030517578,6.384368557911148,2023,90,90,1.0,True,0.2213571428571431,2.066500000000003,0,0,13.78
westcoast_0127,crw_055,35.625,-121.1750030517578,6.384368557911148,2024,91,90,0.989010989010989,True,2.2445,76.34750000000001,29,13,13.78
westcoast_0128,crw_056,35.525001525878906,-121.125,2.3212072952664404,1985,90,90,1.0,True,0.48571428571428577,8.451500000000001,0,0,13.81
westcoast_0128,crw_056,35.525001525878906,-121.125,2.3212072952664404,1986,90,90,1.0,True,1.186142857142857,67.45850000000002,7,3,13.81
westcoast_0128,crw_056,35.525001525878906,-121.125,2.3212072952664404,1987,90,90,1.0,True,1.1732857142857145,41.806,14,14,13.81
westcoast_0128,crw_056,35.525001525878906,-121.125,2.3212072952664404,1988,91,91,1.0,True,0.4292857142857144,7.50675,0,0,13.81
westcoast_0128,crw_056,35.525001525878906,-121.125,2.3212072952664404,1989,90,90,1.0,True,-0.45121428571428546,0.0,0,0,13.81
westcoast_0128,crw_056,35.525001525878906,-121.125,2.3212072952664404,1990,90,90,1.0,True,0.9516428571428577,20.330500000000004,10,5,13.81
westcoast_0128,crw_056,35.525001525878906,-121.125,2.3212072952664404,1991,90,90,1.0,True,0.3637142857142856,3.5725,0,0,13.81
westcoast_0128,crw_056,35.525001525878906,-121.125,2.3212072952664404,1992,91,91,1.0,True,2.8545000000000007,107.22725000000001,47,28,13.81
westcoast_0128,crw_056,35.525001525878906,-121.125,2.3212072952664404,1993,90,90,1.0,True,1.3754285714285714,68.0875,11,3,13.81
westcoast_0128,crw_056,35.525001525878906,-121.125,2.3212072952664404,1994,90,90,1.0,True,0.8065000000000003,46.8735,5,2,13.81
westcoast_0128,crw_056,35.525001525878906,-121.125,2.3212072952664404,1995,90,90,1.0,True,1.289785714285714,72.663,13,7,13.81
westcoast_0128,crw_056,35.525001525878906,-121.125,2.3212072952664404,1996,91,91,1.0,True,1.072714285714285,48.01025000000001,4,3,13.81
westcoast_0128,crw_056,35.525001525878906,-121.125,2.3212072952664404,1997,90,90,1.0,True,0.30628571428571455,4.804000000000006,0,0,13.81
westcoast_0128,crw_056,35.525001525878906,-121.125,2.3212072952664404,1998,90,90,1.0,True,2.446714285714286,149.482,65,58,13.81
westcoast_0128,crw_056,35.525001525878906,-121.125,2.3212072952664404,1999,90,90,1.0,True,-0.16385714285714265,0.010000000000001563,0,0,13.81
westcoast_0128,crw_056,35.525001525878906,-121.125,2.3212072952664404,2000,91,91,1.0,True,0.2072857142857141,2.9852500000000006,0,0,13.81
westcoast_0128,crw_056,35.525001525878906,-121.125,2.3212072952664404,2001,90,90,1.0,True,-0.10407142857142888,0.13300000000000267,0,0,13.81
westcoast_0128,crw_056,35.525001525878906,-121.125,2.3212072952664404,2002,90,90,1.0,True,-0.0749999999999998,0.10300000000000153,0,0,13.81
westcoast_0128,crw_056,35.525001525878906,-121.125,2.3212072952664404,2003,90,90,1.0,True,0.7214285714285713,26.031500000000005,1,1,13.81
westcoast_0128,crw_056,35.525001525878906,-121.125,2.3212072952664404,2004,91,91,1.0,True,0.8694285714285714,7.461500000000001,0,0,13.81
westcoast_0128,crw_056,35.525001525878906,-121.125,2.3212072952664404,2005,90,90,1.0,True,1.8090714285714287,91.066,37,17,13.81
westcoast_0128,crw_056,35.525001525878906,-121.125,2.3212072952664404,2006,90,90,1.0,True,0.3326428571428574,3.6465000000000014,0,0,13.81
westcoast_0128,crw_056,35.525001525878906,-121.125,2.3212072952664404,2007,90,90,1.0,True,0.25092857142857106,2.510499999999997,0,0,13.81
westcoast_0128,crw_056,35.525001525878906,-121.125,2.3212072952664404,2008,91,91,1.0,True,-0.5636785714285713,0.0,0,0,13.81
westcoast_0128,crw_056,35.525001525878906,-121.125,2.3212072952664404,2009,90,90,1.0,True,0.088357142857143,1.2859999999999996,0,0,13.81
westcoast_0128,crw_056,35.525001525878906,-121.125,2.3212072952664404,2010,90,90,1.0,True,0.7675714285714287,35.632500000000014,0,0,13.81
westcoast_0128,crw_056,35.525001525878906,-121.125,2.3212072952664404,2011,90,90,1.0,True,-0.020857142857142717,0.34699999999999953,0,0,13.81
westcoast_0128,crw_056,35.525001525878906,-121.125,2.3212072952664404,2012,91,91,1.0,True,-0.34164285714285697,0.018499999999999517,0,0,13.81
westcoast_0128,crw_056,35.525001525878906,-121.125,2.3212072952664404,2013,90,90,1.0,True,0.09407142857142858,2.0725000000000033,0,0,13.81
westcoast_0128,crw_056,35.525001525878906,-121.125,2.3212072952664404,2014,90,90,1.0,True,1.270571428571429,65.1695,24,9,13.81
westcoast_0128,crw_056,35.525001525878906,-121.125,2.3212072952664404,2015,90,90,1.0,True,2.896642857142857,183.50199999999998,81,81,13.81
westcoast_0128,crw_056,35.525001525878906,-121.125,2.3212072952664404,2016,91,91,1.0,True,1.7780000000000002,99.72475,60,20,13.81
westcoast_0128,crw_056,35.525001525878906,-121.125,2.3212072952664404,2017,90,90,1.0,True,0.8915714285714288,19.901000000000003,0,0,13.81
westcoast_0128,crw_056,35.525001525878906,-121.125,2.3212072952664404,2018,90,90,1.0,True,1.5435000000000003,51.543000000000006,20,20,13.81
westcoast_0128,crw_056,35.525001525878906,-121.125,2.3212072952664404,2019,90,90,1.0,True,1.7421428571428577,62.1505,22,16,13.81
westcoast_0128,crw_056,35.525001525878906,-121.125,2.3212072952664404,2020,91,91,1.0,True,2.0862857142857143,48.760749999999994,9,9,13.81
westcoast_0128,crw_056,35.525001525878906,-121.125,2.3212072952664404,2021,90,90,1.0,True,-0.1912142857142857,0.010999999999999233,0,0,13.81
westcoast_0128,crw_056,35.525001525878906,-121.125,2.3212072952664404,2022,90,90,1.0,True,0.46871428571428553,5.636499999999998,0,0,13.81
westcoast_0128,crw_056,35.525001525878906,-121.125,2.3212072952664404,2023,90,90,1.0,True,0.31178571428571417,2.9975000000000005,0,0,13.81
westcoast_0128,crw_056,35.525001525878906,-121.125,2.3212072952664404,2024,91,90,0.989010989010989,True,2.3440714285714286,79.31625000000001,31,13,13.81
westcoast_0129,crw_057,35.525001525878906,-121.0749969482422,6.800828896028728,1985,90,90,1.0,True,0.4859999999999999,8.444999999999997,0,0,13.8
westcoast_0129,crw_057,35.525001525878906,-121.0749969482422,6.800828896028728,1986,90,90,1.0,True,1.1805000000000003,66.6565,4,2,13.8
westcoast_0129,crw_057,35.525001525878906,-121.0749969482422,6.800828896028728,1987,90,90,1.0,True,1.1795000000000002,41.897000000000006,14,14,13.8
westcoast_0129,crw_057,35.525001525878906,-121.0749969482422,6.800828896028728,1988,91,91,1.0,True,0.4474285714285711,7.405000000000001,0,0,13.8
westcoast_0129,crw_057,35.525001525878906,-121.0749969482422,6.800828896028728,1989,90,90,1.0,True,-0.4527142857142858,0.0,0,0,13.8
westcoast_0129,crw_057,35.525001525878906,-121.0749969482422,6.800828896028728,1990,90,90,1.0,True,0.926428571428571,20.237499999999997,10,5,13.8
westcoast_0129,crw_057,35.525001525878906,-121.0749969482422,6.800828896028728,1991,90,90,1.0,True,0.35157142857142837,3.512500000000001,0,0,13.8
westcoast_0129,crw_057,35.525001525878906,-121.0749969482422,6.800828896028728,1992,91,91,1.0,True,2.817285714285714,107.1715,47,28,13.8
westcoast_0129,crw_057,35.525001525878906,-121.0749969482422,6.800828896028728,1993,90,90,1.0,True,1.381571428571429,68.462,11,3,13.8
westcoast_0129,crw_057,35.525001525878906,-121.0749969482422,6.800828896028728,1994,90,90,1.0,True,0.8224285714285718,46.587500000000006,5,2,13.8
westcoast_0129,crw_057,35.525001525878906,-121.0749969482422,6.800828896028728,1995,90,90,1.0,True,1.2892857142857141,72.99350000000001,14,7,13.8
westcoast_0129,crw_057,35.525001525878906,-121.0749969482422,6.800828896028728,1996,91,91,1.0,True,1.0618571428571426,47.7945,4,3,13.8
westcoast_0129,crw_057,35.525001525878906,-121.0749969482422,6.800828896028728,1997,90,90,1.0,True,0.30407142857142944,4.691000000000001,0,0,13.8
westcoast_0129,crw_057,35.525001525878906,-121.0749969482422,6.800828896028728,1998,90,90,1.0,True,2.4169285714285715,149.1525,65,58,13.8
westcoast_0129,crw_057,35.525001525878906,-121.0749969482422,6.800828896028728,1999,90,90,1.0,True,-0.1644285714285714,0.0,0,0,13.8
westcoast_0129,crw_057,35.525001525878906,-121.0749969482422,6.800828896028728,2000,91,91,1.0,True,0.20221428571428593,2.9940000000000087,0,0,13.8
westcoast_0129,crw_057,35.525001525878906,-121.0749969482422,6.800828896028728,2001,90,90,1.0,True,-0.11300000000000006,0.13400000000000034,0,0,13.8
westcoast_0129,crw_057,35.525001525878906,-121.0749969482422,6.800828896028728,2002,90,90,1.0,True,-0.06685714285714285,0.1070000000000011,0,0,13.8
westcoast_0129,crw_057,35.525001525878906,-121.0749969482422,6.800828896028728,2003,90,90,1.0,True,0.7449285714285716,25.917,1,1,13.8
westcoast_0129,crw_057,35.525001525878906,-121.0749969482422,6.800828896028728,2004,91,91,1.0,True,0.8797142857142859,7.650999999999998,0,0,13.8
westcoast_0129,crw_057,35.525001525878906,-121.0749969482422,6.800828896028728,2005,90,90,1.0,True,1.8085000000000002,92.497,39,17,13.8
westcoast_0129,crw_057,35.525001525878906,-121.0749969482422,6.800828896028728,2006,90,90,1.0,True,0.35078571428571464,3.8505000000000003,0,0,13.8
westcoast_0129,crw_057,35.525001525878906,-121.0749969482422,6.800828896028728,2007,90,90,1.0,True,0.29242857142857154,2.911000000000005,0,0,13.8
westcoast_0129,crw_057,35.525001525878906,-121.0749969482422,6.800828896028728,2008,91,91,1.0,True,-0.5517857142857137,0.0,0,0,13.8
westcoast_0129,crw_057,35.525001525878906,-121.0749969482422,6.800828896028728,2009,90,90,1.0,True,0.08928571428571429,1.2765000000000022,0,0,13.8
westcoast_0129,crw_057,35.525001525878906,-121.0749969482422,6.800828896028728,2010,90,90,1.0,True,0.7667857142857145,35.956,0,0,13.8
westcoast_0129,crw_057,35.525001525878906,-121.0749969482422,6.800828896028728,2011,90,90,1.0,True,-0.038500000000000104,0.3309999999999995,0,0,13.8
westcoast_0129,crw_057,35.525001525878906,-121.0749969482422,6.800828896028728,2012,91,91,1.0,True,-0.3663571428571427,0.0,0,0,13.8
westcoast_0129,crw_057,35.525001525878906,-121.0749969482422,6.800828896028728,2013,90,90,1.0,True,0.08078571428571481,2.408500000000002,0,0,13.8
westcoast_0129,crw_057,35.525001525878906,-121.0749969482422,6.800828896028728,2014,90,90,1.0,True,1.3469999999999998,65.6585,24,9,13.8
westcoast_0129,crw_057,35.525001525878906,-121.0749969482422,6.800828896028728,2015,90,90,1.0,True,2.9067857142857148,184.57250000000002,81,81,13.8
westcoast_0129,crw_057,35.525001525878906,-121.0749969482422,6.800828896028728,2016,91,91,1.0,True,1.7568571428571433,99.98350000000002,60,20,13.8
westcoast_0129,crw_057,35.525001525878906,-121.0749969482422,6.800828896028728,2017,90,90,1.0,True,0.9105000000000002,19.96750000000001,0,0,13.8
westcoast_0129,crw_057,35.525001525878906,-121.0749969482422,6.800828896028728,2018,90,90,1.0,True,1.5687142857142857,52.24300000000001,20,20,13.8
westcoast_0129,crw_057,35.525001525878906,-121.0749969482422,6.800828896028728,2019,90,90,1.0,True,1.747,63.202,24,21,13.8
westcoast_0129,crw_057,35.525001525878906,-121.0749969482422,6.800828896028728,2020,91,91,1.0,True,2.1315,50.379500000000014,9,9,13.8
westcoast_0129,crw_057,35.525001525878906,-121.0749969482422,6.800828896028728,2021,90,90,1.0,True,-0.18849999999999945,0.0,0,0,13.8
westcoast_0129,crw_057,35.525001525878906,-121.0749969482422,6.800828896028728,2022,90,90,1.0,True,0.4593571428571427,5.376000000000001,0,0,13.8
westcoast_0129,crw_057,35.525001525878906,-121.0749969482422,6.800828896028728,2023,90,90,1.0,True,0.34614285714285714,3.2285000000000004,0,0,13.8
westcoast_0129,crw_057,35.525001525878906,-121.0749969482422,6.800828896028728,2024,91,90,0.989010989010989,True,2.3779285714285714,80.07500000000003,31,13,13.8
westcoast_0131,crw_058,35.42499923706055,-121.0250015258789,2.876443503413191,1985,90,90,1.0,True,0.5051428571428576,9.066500000000012,0,0,13.84
westcoast_0131,crw_058,35.42499923706055,-121.0250015258789,2.876443503413191,1986,90,90,1.0,True,1.2082857142857135,65.29599999999999,7,3,13.84
westcoast_0131,crw_058,35.42499923706055,-121.0250015258789,2.876443503413191,1987,90,90,1.0,True,1.2467142857142866,43.74150000000001,15,14,13.84
westcoast_0131,crw_058,35.42499923706055,-121.0250015258789,2.876443503413191,1988,91,91,1.0,True,0.4972500000000003,7.677750000000005,0,0,13.84
westcoast_0131,crw_058,35.42499923706055,-121.0250015258789,2.876443503413191,1989,90,90,1.0,True,-0.4205714285714282,0.0,0,0,13.84
westcoast_0131,crw_058,35.42499923706055,-121.0250015258789,2.876443503413191,1990,90,90,1.0,True,0.891642857142857,19.827500000000008,8,4,13.84
westcoast_0131,crw_058,35.42499923706055,-121.0250015258789,2.876443503413191,1991,90,90,1.0,True,0.3412857142857139,4.0434999999999945,0,0,13.84
westcoast_0131,crw_058,35.42499923706055,-121.0250015258789,2.876443503413191,1992,91,91,1.0,True,2.6837142857142857,108.25925000000001,47,28,13.84
westcoast_0131,crw_058,35.42499923706055,-121.0250015258789,2.876443503413191,1993,90,90,1.0,True,1.4252142857142858,70.80250000000001,13,3,13.84
westcoast_0131,crw_058,35.42499923706055,-121.0250015258789,2.876443503413191,1994,90,90,1.0,True,0.8468571428571428,47.09700000000001,5,3,13.84
westcoast_0131,crw_058,35.42499923706055,-121.0250015258789,2.876443503413191,1995,90,90,1.0,True,1.3680000000000003,75.02350000000001,13,5,13.84
westcoast_0131,crw_058,35.42499923706055,-121.0250015258789,2.876443503413191,1996,91,91,1.0,True,1.0362142857142855,46.33975,3,2,13.84
westcoast_0131,crw_058,35.42499923706055,-121.0250015258789,2.876443503413191,1997,90,90,1.0,True,0.3382142857142859,5.038000000000006,0,0,13.84
westcoast_0131,crw_058,35.42499923706055,-121.0250015258789,2.876443503413191,1998,90,90,1.0,True,2.3287142857142853,150.6615,65,58,13.84
westcoast_0131,crw_058,35.42499923706055,-121.0250015258789,2.876443503413191,1999,90,90,1.0,True,-0.2403571428571425,0.0,0,0,13.84
westcoast_0131,crw_058,35.42499923706055,-121.0250015258789,2.876443503413191,2000,91,91,1.0,True,0.19496428571428584,3.2252499999999973,0,0,13.84
westcoast_0131,crw_058,35.42499923706055,-121.0250015258789,2.876443503413191,2001,90,90,1.0,True,-0.14092857142857187,0.2754999999999992,0,0,13.84
westcoast_0131,crw_058,35.42499923706055,-121.0250015258789,2.876443503413191,2002,90,90,1.0,True,-0.038428571428571194,0.3070000000000004,0,0,13.84
westcoast_0131,crw_058,35.42499923706055,-121.0250015258789,2.876443503413191,2003,90,90,1.0,True,0.7177142857142859,24.738000000000007,1,1,13.84
westcoast_0131,crw_058,35.42499923706055,-121.0250015258789,2.876443503413191,2004,91,91,1.0,True,0.7977142857142859,6.719000000000003,0,0,13.84
westcoast_0131,crw_058,35.42499923706055,-121.0250015258789,2.876443503413191,2005,90,90,1.0,True,1.7731428571428567,94.1115,36,16,13.84
westcoast_0131,crw_058,35.42499923706055,-121.0250015258789,2.876443503413191,2006,90,90,1.0,True,0.351857142857143,3.7400000000000055,0,0,13.84
westcoast_0131,crw_058,35.42499923706055,-121.0250015258789,2.876443503413191,2007,90,90,1.0,True,0.29999999999999943,3.0084999999999944,0,0,13.84
westcoast_0131,crw_058,35.42499923706055,-121.0250015258789,2.876443503413191,2008,91,91,1.0,True,-0.5395357142857142,0.0,0,0,13.84
westcoast_0131,crw_058,35.42499923706055,-121.0250015258789,2.876443503413191,2009,90,90,1.0,True,0.10857142857142879,1.2934999999999999,0,0,13.84
westcoast_0131,crw_058,35.42499923706055,-121.0250015258789,2.876443503413191,2010,90,90,1.0,True,0.7655714285714286,34.184000000000005,0,0,13.84
westcoast_0131,crw_058,35.42499923706055,-121.0250015258789,2.876443503413191,2011,90,90,1.0,True,-0.1532857142857146,0.08200000000000074,0,0,13.84
westcoast_0131,crw_058,35.42499923706055,-121.0250015258789,2.876443503413191,2012,91,91,1.0,True,-0.4460714285714289,0.0,0,0,13.84
westcoast_0131,crw_058,35.42499923706055,-121.0250015258789,2.876443503413191,2013,90,90,1.0,True,0.0008571428571431434,2.3665000000000003,0,0,13.84
westcoast_0131,crw_058,35.42499923706055,-121.0250015258789,2.876443503413191,2014,90,90,1.0,True,1.562714285714286,61.946000000000005,12,5,13.84
westcoast_0131,crw_058,35.42499923706055,-121.0250015258789,2.876443503413191,2015,90,90,1.0,True,2.7301428571428565,183.21150000000003,81,81,13.84
westcoast_0131,crw_058,35.42499923706055,-121.0250015258789,2.876443503413191,2016,91,91,1.0,True,1.664142857142857,95.66375,52,17,13.84
westcoast_0131,crw_058,35.42499923706055,-121.0250015258789,2.876443503413191,2017,90,90,1.0,True,0.9438571428571425,19.109999999999992,0,0,13.84
westcoast_0131,crw_058,35.42499923706055,-121.0250015258789,2.876443503413191,2018,90,90,1.0,True,1.5878571428571442,53.68750000000001,20,20,13.84
westcoast_0131,crw_058,35.42499923706055,-121.0250015258789,2.876443503413191,2019,90,90,1.0,True,1.707285714285714,63.092000000000006,24,21,13.84
westcoast_0131,crw_058,35.42499923706055,-121.0250015258789,2.876443503413191,2020,91,91,1.0,True,2.196,55.892250000000004,10,10,13.84
westcoast_0131,crw_058,35.42499923706055,-121.0250015258789,2.876443503413191,2021,90,90,1.0,True,-0.1562857142857142,0.0,0,0,13.84
westcoast_0131,crw_058,35.42499923706055,-121.0250015258789,2.876443503413191,2022,90,90,1.0,True,0.44978571428571384,6.1665000000000045,0,0,13.84
westcoast_0131,crw_058,35.42499923706055,-121.0250015258789,2.876443503413191,2023,90,90,1.0,True,0.4120000000000008,3.83650000000001,0,0,13.84
westcoast_0131,crw_058,35.42499923706055,-121.0250015258789,2.876443503413191,2024,91,90,0.989010989010989,True,2.4332857142857143,84.18375,31,16,13.84
westcoast_0132,crw_059,35.42499923706055,-120.875,2.854877080128129,1985,90,90,1.0,True,0.4742142857142862,9.201500000000003,0,0,13.8
westcoast_0132,crw_059,35.42499923706055,-120.875,2.854877080128129,1986,90,90,1.0,True,1.1607857142857139,63.655000000000015,4,3,13.8
westcoast_0132,crw_059,35.42499923706055,-120.875,2.854877080128129,1987,90,90,1.0,True,1.2740000000000002,43.170500000000004,16,14,13.8
westcoast_0132,crw_059,35.42499923706055,-120.875,2.854877080128129,1988,91,91,1.0,True,0.546321428571429,7.935249999999998,0,0,13.8
westcoast_0132,crw_059,35.42499923706055,-120.875,2.854877080128129,1989,90,90,1.0,True,-0.38121428571428545,0.0,0,0,13.8
westcoast_0132,crw_059,35.42499923706055,-120.875,2.854877080128129,1990,90,90,1.0,True,0.8042857142857146,18.9125,7,3,13.8
westcoast_0132,crw_059,35.42499923706055,-120.875,2.854877080128129,1991,90,90,1.0,True,0.3028571428571425,4.008000000000001,0,0,13.8
westcoast_0132,crw_059,35.42499923706055,-120.875,2.854877080128129,1992,91,91,1.0,True,2.5087857142857146,104.99475,50,40,13.8
westcoast_0132,crw_059,35.42499923706055,-120.875,2.854877080128129,1993,90,90,1.0,True,1.3548571428571425,71.336,11,3,13.8
westcoast_0132,crw_059,35.42499923706055,-120.875,2.854877080128129,1994,90,90,1.0,True,0.8613571428571429,46.4055,6,3,13.8
westcoast_0132,crw_059,35.42499923706055,-120.875,2.854877080128129,1995,90,90,1.0,True,1.3487857142857147,73.80100000000002,14,5,13.8
westcoast_0132,crw_059,35.42499923706055,-120.875,2.854877080128129,1996,91,91,1.0,True,0.9360714285714279,43.86925000000001,3,2,13.8
westcoast_0132,crw_059,35.42499923706055,-120.875,2.854877080128129,1997,90,90,1.0,True,0.33914285714285797,5.236500000000008,0,0,13.8
westcoast_0132,crw_059,35.42499923706055,-120.875,2.854877080128129,1998,90,90,1.0,True,2.2339285714285717,148.16500000000002,65,58,13.8
westcoast_0132,crw_059,35.42499923706055,-120.875,2.854877080128129,1999,90,90,1.0,True,-0.26321428571428485,0.0,0,0,13.8
westcoast_0132,crw_059,35.42499923706055,-120.875,2.854877080128129,2000,91,91,1.0,True,0.2461428571428575,4.158250000000008,0,0,13.8
westcoast_0132,crw_059,35.42499923706055,-120.875,2.854877080128129,2001,90,90,1.0,True,-0.1407142857142864,0.1844999999999981,0,0,13.8
westcoast_0132,crw_059,35.42499923706055,-120.875,2.854877080128129,2002,90,90,1.0,True,0.004571428571428575,0.4435000000000002,0,0,13.8
westcoast_0132,crw_059,35.42499923706055,-120.875,2.854877080128129,2003,90,90,1.0,True,0.7874285714285717,22.18650000000001,2,1,13.8
westcoast_0132,crw_059,35.42499923706055,-120.875,2.854877080128129,2004,91,91,1.0,True,0.7748571428571426,6.433499999999997,0,0,13.8
westcoast_0132,crw_059,35.42499923706055,-120.875,2.854877080128129,2005,90,90,1.0,True,1.8603571428571422,95.83500000000002,36,18,13.8
westcoast_0132,crw_059,35.42499923706055,-120.875,2.854877080128129,2006,90,90,1.0,True,0.3758571428571424,3.9019999999999957,0,0,13.8
westcoast_0132,crw_059,35.42499923706055,-120.875,2.854877080128129,2007,90,90,1.0,True,0.31507142857142895,3.2340000000000035,0,0,13.8
westcoast_0132,crw_059,35.42499923706055,-120.875,2.854877080128129,2008,91,91,1.0,True,-0.4975357142857137,0.0,0,0,13.8
westcoast_0132,crw_059,35.42499923706055,-120.875,2.854877080128129,2009,90,90,1.0,True,0.14878571428571416,1.3924999999999983,0,0,13.8
westcoast_0132,crw_059,35.42499923706055,-120.875,2.854877080128129,2010,90,90,1.0,True,0.8035000000000004,34.1315,0,0,13.8
westcoast_0132,crw_059,35.42499923706055,-120.875,2.854877080128129,2011,90,90,1.0,True,-0.14514285714285716,0.06300000000000061,0,0,13.8
westcoast_0132,crw_059,35.42499923706055,-120.875,2.854877080128129,2012,91,91,1.0,True,-0.49378571428571433,0.0,0,0,13.8
westcoast_0132,crw_059,35.42499923706055,-120.875,2.854877080128129,2013,90,90,1.0,True,0.20735714285714302,2.7690000000000072,0,0,13.8
westcoast_0132,crw_059,35.42499923706055,-120.875,2.854877080128129,2014,90,90,1.0,True,1.8302142857142858,61.312500000000014,15,4,13.8
westcoast_0132,crw_059,35.42499923706055,-120.875,2.854877080128129,2015,90,90,1.0,True,2.7557142857142862,183.03500000000003,81,81,13.8
westcoast_0132,crw_059,35.42499923706055,-120.875,2.854877080128129,2016,91,91,1.0,True,1.5928571428571423,92.78075000000001,51,23,13.8
westcoast_0132,crw_059,35.42499923706055,-120.875,2.854877080128129,2017,90,90,1.0,True,1.050857142857143,20.208000000000006,1,1,13.8
westcoast_0132,crw_059,35.42499923706055,-120.875,2.854877080128129,2018,90,90,1.0,True,1.5807142857142853,50.349000000000004,20,20,13.8
westcoast_0132,crw_059,35.42499923706055,-120.875,2.854877080128129,2019,90,90,1.0,True,1.6302142857142863,60.274000000000015,25,25,13.8
westcoast_0132,crw_059,35.42499923706055,-120.875,2.854877080128129,2020,91,91,1.0,True,2.3591428571428574,61.91775000000001,12,10,13.8
westcoast_0132,crw_059,35.42499923706055,-120.875,2.854877080128129,2021,90,90,1.0,True,-0.2468571428571423,0.0,0,0,13.8
westcoast_0132,crw_059,35.42499923706055,-120.875,2.854877080128129,2022,90,90,1.0,True,0.5032857142857142,7.175500000000007,0,0,13.8
westcoast_0132,crw_059,35.42499923706055,-120.875,2.854877080128129,2023,90,90,1.0,True,0.38207142857142884,4.332500000000007,0,0,13.8
westcoast_0132,crw_059,35.42499923706055,-120.875,2.854877080128129,2024,91,90,0.989010989010989,True,2.3658571428571427,86.65175000000002,32,18,13.8
westcoast_0133,crw_060,35.275001525878906,-120.875,3.372955931764569,1985,90,90,1.0,True,0.4894999999999999,9.911,0,0,13.88
westcoast_0133,crw_060,35.275001525878906,-120.875,3.372955931764569,1986,90,90,1.0,True,1.2259285714285715,64.383,4,3,13.88
westcoast_0133,crw_060,35.275001525878906,-120.875,3.372955931764569,1987,90,90,1.0,True,1.2678571428571426,42.31699999999999,20,14,13.88
westcoast_0133,crw_060,35.275001525878906,-120.875,3.372955931764569,1988,91,91,1.0,True,0.6191785714285716,10.633749999999997,0,0,13.88
westcoast_0133,crw_060,35.275001525878906,-120.875,3.372955931764569,1989,90,90,1.0,True,-0.3884285714285716,0.0,0,0,13.88
westcoast_0133,crw_060,35.275001525878906,-120.875,3.372955931764569,1990,90,90,1.0,True,0.840714285714286,18.825999999999993,8,3,13.88
westcoast_0133,crw_060,35.275001525878906,-120.875,3.372955931764569,1991,90,90,1.0,True,0.334285714285714,4.7454999999999945,0,0,13.88
westcoast_0133,crw_060,35.275001525878906,-120.875,3.372955931764569,1992,91,91,1.0,True,2.4887142857142854,107.27675,52,40,13.88
westcoast_0133,crw_060,35.275001525878906,-120.875,3.372955931764569,1993,90,90,1.0,True,1.596714285714286,76.30799999999999,12,3,13.88
westcoast_0133,crw_060,35.275001525878906,-120.875,3.372955931764569,1994,90,90,1.0,True,0.8810714285714284,47.518499999999996,3,2,13.88
westcoast_0133,crw_060,35.275001525878906,-120.875,3.372955931764569,1995,90,90,1.0,True,1.3758571428571427,70.65449999999998,9,4,13.88
westcoast_0133,crw_060,35.275001525878906,-120.875,3.372955931764569,1996,91,91,1.0,True,0.9793571428571425,41.10525,5,3,13.88
westcoast_0133,crw_060,35.275001525878906,-120.875,3.372955931764569,1997,90,90,1.0,True,0.3598571428571421,5.864499999999989,0,0,13.88
westcoast_0133,crw_060,35.275001525878906,-120.875,3.372955931764569,1998,90,90,1.0,True,2.3024999999999998,151.38299999999998,62,57,13.88
westcoast_0133,crw_060,35.275001525878906,-120.875,3.372955931764569,1999,90,90,1.0,True,-0.31671428571428556,0.0,0,0,13.88
westcoast_0133,crw_060,35.275001525878906,-120.875,3.372955931764569,2000,91,91,1.0,True,0.23532142857142851,3.776250000000001,0,0,13.88
westcoast_0133,crw_060,35.275001525878906,-120.875,3.372955931764569,2001,90,90,1.0,True,-0.04014285714285722,0.6104999999999983,0,0,13.88
westcoast_0133,crw_060,35.275001525878906,-120.875,3.372955931764569,2002,90,90,1.0,True,0.011857142857143137,0.5030000000000001,0,0,13.88
westcoast_0133,crw_060,35.275001525878906,-120.875,3.372955931764569,2003,90,90,1.0,True,0.819785714285714,23.952499999999993,2,1,13.88
westcoast_0133,crw_060,35.275001525878906,-120.875,3.372955931764569,2004,91,91,1.0,True,0.6413571428571431,4.976000000000003,0,0,13.88
westcoast_0133,crw_060,35.275001525878906,-120.875,3.372955931764569,2005,90,90,1.0,True,1.842,93.04299999999999,33,17,13.88
westcoast_0133,crw_060,35.275001525878906,-120.875,3.372955931764569,2006,90,90,1.0,True,0.3420714285714279,3.623499999999998,0,0,13.88
westcoast_0133,crw_060,35.275001525878906,-120.875,3.372955931764569,2007,90,90,1.0,True,0.28135714285714236,2.6569999999999983,0,0,13.88
westcoast_0133,crw_060,35.275001525878906,-120.875,3.372955931764569,2008,91,91,1.0,True,-0.4895357142857143,0.0,0,0,13.88
westcoast_0133,crw_060,35.275001525878906,-120.875,3.372955931764569,2009,90,90,1.0,True,0.13135714285714276,1.3439999999999994,0,0,13.88
westcoast_0133,crw_060,35.275001525878906,-120.875,3.372955931764569,2010,90,90,1.0,True,0.8298571428571423,34.01649999999999,0,0,13.88
westcoast_0133,crw_060,35.275001525878906,-120.875,3.372955931764569,2011,90,90,1.0,True,-0.2398571428571434,0.0,0,0,13.88
westcoast_0133,crw_060,35.275001525878906,-120.875,3.372955931764569,2012,91,91,1.0,True,-0.4814285714285716,0.0,0,0,13.88
westcoast_0133,crw_060,35.275001525878906,-120.875,3.372955931764569,2013,90,90,1.0,True,0.09728571428571417,2.4715000000000025,0,0,13.88
westcoast_0133,crw_060,35.275001525878906,-120.875,3.372955931764569,2014,90,90,1.0,True,1.7477142857142856,60.004,11,4,13.88
westcoast_0133,crw_060,35.275001525878906,-120.875,3.372955931764569,2015,90,90,1.0,True,2.6922142857142854,182.45299999999997,81,81,13.88
westcoast_0133,crw_060,35.275001525878906,-120.875,3.372955931764569,2016,91,91,1.0,True,1.6082142857142856,91.30874999999999,43,9,13.88
westcoast_0133,crw_060,35.275001525878906,-120.875,3.372955931764569,2017,90,90,1.0,True,0.9847857142857143,18.847499999999993,1,1,13.88
westcoast_0133,crw_060,35.275001525878906,-120.875,3.372955931764569,2018,90,90,1.0,True,1.595357142857143,51.7505,20,20,13.88
westcoast_0133,crw_060,35.275001525878906,-120.875,3.372955931764569,2019,90,90,1.0,True,1.6677857142857138,61.27449999999999,24,21,13.88
westcoast_0133,crw_060,35.275001525878906,-120.875,3.372955931764569,2020,91,91,1.0,True,2.3527857142857136,63.95524999999999,12,10,13.88
westcoast_0133,crw_060,35.275001525878906,-120.875,3.372955931764569,2021,90,90,1.0,True,-0.22414285714285725,0.0,0,0,13.88
westcoast_0133,crw_060,35.275001525878906,-120.875,3.372955931764569,2022,90,90,1.0,True,0.482642857142857,7.990999999999996,0,0,13.88
westcoast_0133,crw_060,35.275001525878906,-120.875,3.372955931764569,2023,90,90,1.0,True,0.44864285714285757,4.6835,0,0,13.88
westcoast_0133,crw_060,35.275001525878906,-120.875,3.372955931764569,2024,91,90,0.989010989010989,True,2.4520714285714282,88.47075,34,17,13.88
westcoast_0135,crw_061,35.17499923706055,-120.7750015258789,2.777266333345162,1985,90,90,1.0,True,0.4175714285714288,9.121500000000001,0,0,13.88
westcoast_0135,crw_061,35.17499923706055,-120.7750015258789,2.777266333345162,1986,90,90,1.0,True,1.1002142857142856,62.8335,3,1,13.88
westcoast_0135,crw_061,35.17499923706055,-120.7750015258789,2.777266333345162,1987,90,90,1.0,True,1.2224285714285716,38.327,20,14,13.88
westcoast_0135,crw_061,35.17499923706055,-120.7750015258789,2.777266333345162,1988,91,91,1.0,True,0.786107142857143,13.715750000000007,0,0,13.88
westcoast_0135,crw_061,35.17499923706055,-120.7750015258789,2.777266333345162,1989,90,90,1.0,True,-0.5338571428571421,0.0,0,0,13.88
westcoast_0135,crw_061,35.17499923706055,-120.7750015258789,2.777266333345162,1990,90,90,1.0,True,0.7710000000000006,18.357000000000003,9,3,13.88
westcoast_0135,crw_061,35.17499923706055,-120.7750015258789,2.777266333345162,1991,90,90,1.0,True,0.3672142857142858,5.801499999999994,0,0,13.88
westcoast_0135,crw_061,35.17499923706055,-120.7750015258789,2.777266333345162,1992,91,91,1.0,True,2.554714285714286,108.02825,50,40,13.88
westcoast_0135,crw_061,35.17499923706055,-120.7750015258789,2.777266333345162,1993,90,90,1.0,True,1.77,81.63000000000001,15,4,13.88
westcoast_0135,crw_061,35.17499923706055,-120.7750015258789,2.777266333345162,1994,90,90,1.0,True,0.9012857142857137,45.53399999999999,8,6,13.88
westcoast_0135,crw_061,35.17499923706055,-120.7750015258789,2.777266333345162,1995,90,90,1.0,True,1.2490000000000006,64.649,4,4,13.88
westcoast_0135,crw_061,35.17499923706055,-120.7750015258789,2.777266333345162,1996,91,91,1.0,True,0.8136428571428572,33.14975000000001,2,2,13.88
westcoast_0135,crw_061,35.17499923706055,-120.7750015258789,2.777266333345162,1997,90,90,1.0,True,0.4404285714285717,8.017999999999994,0,0,13.88
westcoast_0135,crw_061,35.17499923706055,-120.7750015258789,2.777266333345162,1998,90,90,1.0,True,2.229857142857143,145.70350000000002,60,55,13.88
westcoast_0135,crw_061,35.17499923706055,-120.7750015258789,2.777266333345162,1999,90,90,1.0,True,-0.28835714285714226,0.0,0,0,13.88
westcoast_0135,crw_061,35.17499923706055,-120.7750015258789,2.777266333345162,2000,91,91,1.0,True,0.19267857142857128,3.201249999999998,0,0,13.88
westcoast_0135,crw_061,35.17499923706055,-120.7750015258789,2.777266333345162,2001,90,90,1.0,True,-0.06871428571428519,0.29999999999999893,0,0,13.88
westcoast_0135,crw_061,35.17499923706055,-120.7750015258789,2.777266333345162,2002,90,90,1.0,True,-0.0007142857142850646,0.45700000000000074,0,0,13.88
westcoast_0135,crw_061,35.17499923706055,-120.7750015258789,2.777266333345162,2003,90,90,1.0,True,0.7372857142857144,32.24699999999999,5,2,13.88
westcoast_0135,crw_061,35.17499923706055,-120.7750015258789,2.777266333345162,2004,91,91,1.0,True,0.5853571428571426,4.4345,0,0,13.88
westcoast_0135,crw_061,35.17499923706055,-120.7750015258789,2.777266333345162,2005,90,90,1.0,True,2.084714285714286,95.37650000000001,38,18,13.88
westcoast_0135,crw_061,35.17499923706055,-120.7750015258789,2.777266333345162,2006,90,90,1.0,True,0.27914285714285697,2.964000000000004,0,0,13.88
westcoast_0135,crw_061,35.17499923706055,-120.7750015258789,2.777266333345162,2007,90,90,1.0,True,0.37457142857142905,3.9034999999999975,0,0,13.88
westcoast_0135,crw_061,35.17499923706055,-120.7750015258789,2.777266333345162,2008,91,91,1.0,True,-0.2730357142857139,0.0,0,0,13.88
westcoast_0135,crw_061,35.17499923706055,-120.7750015258789,2.777266333345162,2009,90,90,1.0,True,0.2002142857142863,2.3225000000000033,0,0,13.88
westcoast_0135,crw_061,35.17499923706055,-120.7750015258789,2.777266333345162,2010,90,90,1.0,True,1.0397857142857139,41.663,5,4,13.88
westcoast_0135,crw_061,35.17499923706055,-120.7750015258789,2.777266333345162,2011,90,90,1.0,True,-0.2367142857142852,0.07450000000000045,0,0,13.88
westcoast_0135,crw_061,35.17499923706055,-120.7750015258789,2.777266333345162,2012,91,91,1.0,True,-0.08964285714285758,0.15749999999999886,0,0,13.88
westcoast_0135,crw_061,35.17499923706055,-120.7750015258789,2.777266333345162,2013,90,90,1.0,True,-0.012428571428570885,1.820500000000001,0,0,13.88
westcoast_0135,crw_061,35.17499923706055,-120.7750015258789,2.777266333345162,2014,90,90,1.0,True,1.739142857142857,66.241,14,9,13.88
westcoast_0135,crw_061,35.17499923706055,-120.7750015258789,2.777266333345162,2015,90,90,1.0,True,2.754571428571429,188.2435,84,59,13.88
westcoast_0135,crw_061,35.17499923706055,-120.7750015258789,2.777266333345162,2016,91,91,1.0,True,1.7861428571428573,99.63725,54,18,13.88
westcoast_0135,crw_061,35.17499923706055,-120.7750015258789,2.777266333345162,2017,90,90,1.0,True,1.026142857142857,24.468999999999994,2,2,13.88
westcoast_0135,crw_061,35.17499923706055,-120.7750015258789,2.777266333345162,2018,90,90,1.0,True,1.651428571428572,53.25,20,20,13.88
westcoast_0135,crw_061,35.17499923706055,-120.7750015258789,2.777266333345162,2019,90,90,1.0,True,1.714142857142858,60.800000000000004,26,25,13.88
westcoast_0135,crw_061,35.17499923706055,-120.7750015258789,2.777266333345162,2020,91,91,1.0,True,2.4895714285714283,74.75175000000002,18,15,13.88
westcoast_0135,crw_061,35.17499923706055,-120.7750015258789,2.777266333345162,2021,90,90,1.0,True,-0.3652857142857143,0.0,0,0,13.88
westcoast_0135,crw_061,35.17499923706055,-120.7750015258789,2.777266333345162,2022,90,90,1.0,True,0.7567857142857134,12.456500000000002,1,1,13.88
westcoast_0135,crw_061,35.17499923706055,-120.7750015258789,2.777266333345162,2023,90,90,1.0,True,0.48400000000000026,5.928000000000006,0,0,13.88
westcoast_0135,crw_061,35.17499923706055,-120.7750015258789,2.777266333345162,2024,91,90,0.989010989010989,True,2.4434285714285706,95.91824999999997,38,19,13.88
westcoast_0136,crw_062,35.17499923706055,-120.6750030517578,2.579999452069328,1985,90,90,1.0,True,0.38650000000000034,9.012000000000006,0,0,13.84
westcoast_0136,crw_062,35.17499923706055,-120.6750030517578,2.579999452069328,1986,90,90,1.0,True,1.0535714285714286,60.913000000000004,3,1,13.84
westcoast_0136,crw_062,35.17499923706055,-120.6750030517578,2.579999452069328,1987,90,90,1.0,True,1.202928571428571,37.0325,19,10,13.84
westcoast_0136,crw_062,35.17499923706055,-120.6750030517578,2.579999452069328,1988,91,91,1.0,True,0.799785714285715,12.685500000000005,0,0,13.84
westcoast_0136,crw_062,35.17499923706055,-120.6750030517578,2.579999452069328,1989,90,90,1.0,True,-0.5435000000000004,0.0,0,0,13.84
westcoast_0136,crw_062,35.17499923706055,-120.6750030517578,2.579999452069328,1990,90,90,1.0,True,0.7590714285714283,18.252500000000005,9,3,13.84
westcoast_0136,crw_062,35.17499923706055,-120.6750030517578,2.579999452069328,1991,90,90,1.0,True,0.33392857142857146,5.6889999999999965,0,0,13.84
westcoast_0136,crw_062,35.17499923706055,-120.6750030517578,2.579999452069328,1992,91,91,1.0,True,2.520785714285714,105.692,49,40,13.84
westcoast_0136,crw_062,35.17499923706055,-120.6750030517578,2.579999452069328,1993,90,90,1.0,True,1.6850000000000003,80.9465,17,6,13.84
westcoast_0136,crw_062,35.17499923706055,-120.6750030517578,2.579999452069328,1994,90,90,1.0,True,0.8839999999999998,43.85300000000001,10,8,13.84
westcoast_0136,crw_062,35.17499923706055,-120.6750030517578,2.579999452069328,1995,90,90,1.0,True,1.2417142857142855,63.6165,4,4,13.84
westcoast_0136,crw_062,35.17499923706055,-120.6750030517578,2.579999452069328,1996,91,91,1.0,True,0.7575714285714289,31.907500000000006,2,2,13.84
westcoast_0136,crw_062,35.17499923706055,-120.6750030517578,2.579999452069328,1997,90,90,1.0,True,0.4593571428571427,8.281999999999995,0,0,13.84
westcoast_0136,crw_062,35.17499923706055,-120.6750030517578,2.579999452069328,1998,90,90,1.0,True,2.1730714285714288,141.273,59,55,13.84
westcoast_0136,crw_062,35.17499923706055,-120.6750030517578,2.579999452069328,1999,90,90,1.0,True,-0.2812857142857142,0.0,0,0,13.84
westcoast_0136,crw_062,35.17499923706055,-120.6750030517578,2.579999452069328,2000,91,91,1.0,True,0.19071428571428584,3.313000000000004,0,0,13.84
westcoast_0136,crw_062,35.17499923706055,-120.6750030517578,2.579999452069328,2001,90,90,1.0,True,-0.0884285714285714,0.09199999999999875,0,0,13.84
westcoast_0136,crw_062,35.17499923706055,-120.6750030517578,2.579999452069328,2002,90,90,1.0,True,0.010928571428571843,0.43400000000000105,0,0,13.84
westcoast_0136,crw_062,35.17499923706055,-120.6750030517578,2.579999452069328,2003,90,90,1.0,True,0.7740000000000001,32.68800000000002,8,4,13.84
westcoast_0136,crw_062,35.17499923706055,-120.6750030517578,2.579999452069328,2004,91,91,1.0,True,0.6233571428571426,4.758000000000001,0,0,13.84
westcoast_0136,crw_062,35.17499923706055,-120.6750030517578,2.579999452069328,2005,90,90,1.0,True,2.1166428571428577,97.41749999999999,43,18,13.84
westcoast_0136,crw_062,35.17499923706055,-120.6750030517578,2.579999452069328,2006,90,90,1.0,True,0.30764285714285705,3.080499999999997,0,0,13.84
westcoast_0136,crw_062,35.17499923706055,-120.6750030517578,2.579999452069328,2007,90,90,1.0,True,0.4059285714285717,4.4175,0,0,13.84
westcoast_0136,crw_062,35.17499923706055,-120.6750030517578,2.579999452069328,2008,91,91,1.0,True,-0.2554285714285712,0.0,0,0,13.84
westcoast_0136,crw_062,35.17499923706055,-120.6750030517578,2.579999452069328,2009,90,90,1.0,True,0.2330714285714292,2.438000000000004,0,0,13.84
westcoast_0136,crw_062,35.17499923706055,-120.6750030517578,2.579999452069328,2010,90,90,1.0,True,1.0622142857142858,43.068000000000005,6,5,13.84
westcoast_0136,crw_062,35.17499923706055,-120.6750030517578,2.579999452069328,2011,90,90,1.0,True,-0.19492857142857162,0.19699999999999918,0,0,13.84
westcoast_0136,crw_062,35.17499923706055,-120.6750030517578,2.579999452069328,2012,91,91,1.0,True,-0.03328571428571436,0.33699999999999974,0,0,13.84
westcoast_0136,crw_062,35.17499923706055,-120.6750030517578,2.579999452069328,2013,90,90,1.0,True,0.00792857142857122,1.8344999999999985,0,0,13.84
westcoast_0136,crw_062,35.17499923706055,-120.6750030517578,2.579999452069328,2014,90,90,1.0,True,1.770071428571428,68.25650000000002,19,10,13.84
westcoast_0136,crw_062,35.17499923706055,-120.6750030517578,2.579999452069328,2015,90,90,1.0,True,2.7816428571428573,189.96300000000002,85,67,13.84
westcoast_0136,crw_062,35.17499923706055,-120.6750030517578,2.579999452069328,2016,91,91,1.0,True,1.8009285714285714,102.304,60,27,13.84
westcoast_0136,crw_062,35.17499923706055,-120.6750030517578,2.579999452069328,2017,90,90,1.0,True,1.1167142857142855,28.057499999999994,4,3,13.84
westcoast_0136,crw_062,35.17499923706055,-120.6750030517578,2.579999452069328,2018,90,90,1.0,True,1.6631428571428568,55.5295,21,21,13.84
westcoast_0136,crw_062,35.17499923706055,-120.6750030517578,2.579999452069328,2019,90,90,1.0,True,1.6537857142857149,60.747000000000014,26,25,13.84
westcoast_0136,crw_062,35.17499923706055,-120.6750030517578,2.579999452069328,2020,91,91,1.0,True,2.5564999999999998,77.00049999999999,20,15,13.84
westcoast_0136,crw_062,35.17499923706055,-120.6750030517578,2.579999452069328,2021,90,90,1.0,True,-0.34700000000000053,0.0,0,0,13.84
westcoast_0136,crw_062,35.17499923706055,-120.6750030517578,2.579999452069328,2022,90,90,1.0,True,0.8235714285714286,13.310000000000002,1,1,13.84
westcoast_0136,crw_062,35.17499923706055,-120.6750030517578,2.579999452069328,2023,90,90,1.0,True,0.48957142857142877,6.876000000000003,0,0,13.84
westcoast_0136,crw_062,35.17499923706055,-120.6750030517578,2.579999452069328,2024,91,90,0.989010989010989,True,2.437642857142857,100.49,43,19,13.84
westcoast_0140,crw_063,34.57500076293945,-120.625,3.642368910240053,1985,90,90,1.0,True,0.4642857142857138,8.394999999999994,0,0,14.28
westcoast_0140,crw_063,34.57500076293945,-120.625,3.642368910240053,1986,90,90,1.0,True,1.2009285714285711,56.468999999999994,2,1,14.28
westcoast_0140,crw_063,34.57500076293945,-120.625,3.642368910240053,1987,90,90,1.0,True,1.2495714285714288,36.814499999999995,14,8,14.28
westcoast_0140,crw_063,34.57500076293945,-120.625,3.642368910240053,1988,91,91,1.0,True,0.9338928571428566,19.065249999999995,0,0,14.28
westcoast_0140,crw_063,34.57500076293945,-120.625,3.642368910240053,1989,90,90,1.0,True,-0.44035714285714306,0.0,0,0,14.28
westcoast_0140,crw_063,34.57500076293945,-120.625,3.642368910240053,1990,90,90,1.0,True,0.8973571428571431,20.589999999999996,8,3,14.28
westcoast_0140,crw_063,34.57500076293945,-120.625,3.642368910240053,1991,90,90,1.0,True,0.5902142857142856,11.853499999999995,0,0,14.28
westcoast_0140,crw_063,34.57500076293945,-120.625,3.642368910240053,1992,91,91,1.0,True,2.918214285714286,107.78325000000001,51,40,14.28
westcoast_0140,crw_063,34.57500076293945,-120.625,3.642368910240053,1993,90,90,1.0,True,1.375357142857143,73.839,14,6,14.28
westcoast_0140,crw_063,34.57500076293945,-120.625,3.642368910240053,1994,90,90,1.0,True,1.2044285714285714,39.73950000000001,12,12,14.28
westcoast_0140,crw_063,34.57500076293945,-120.625,3.642368910240053,1995,90,90,1.0,True,1.449571428571428,68.7935,6,5,14.28
westcoast_0140,crw_063,34.57500076293945,-120.625,3.642368910240053,1996,91,91,1.0,True,1.0996428571428571,41.014,5,4,14.28
westcoast_0140,crw_063,34.57500076293945,-120.625,3.642368910240053,1997,90,90,1.0,True,0.800714285714286,14.056500000000003,0,0,14.28
westcoast_0140,crw_063,34.57500076293945,-120.625,3.642368910240053,1998,90,90,1.0,True,2.3592857142857135,153.599,65,57,14.28
westcoast_0140,crw_063,34.57500076293945,-120.625,3.642368910240053,1999,90,90,1.0,True,0.021071428571428186,0.7530000000000001,0,0,14.28
westcoast_0140,crw_063,34.57500076293945,-120.625,3.642368910240053,2000,91,91,1.0,True,0.24407142857142894,2.168250000000004,0,0,14.28
westcoast_0140,crw_063,34.57500076293945,-120.625,3.642368910240053,2001,90,90,1.0,True,0.02435714285714268,0.9815000000000005,0,0,14.28
westcoast_0140,crw_063,34.57500076293945,-120.625,3.642368910240053,2002,90,90,1.0,True,0.19764285714285684,1.4499999999999993,0,0,14.28
westcoast_0140,crw_063,34.57500076293945,-120.625,3.642368910240053,2003,90,90,1.0,True,0.9967142857142858,32.36099999999999,3,1,14.28
westcoast_0140,crw_063,34.57500076293945,-120.625,3.642368910240053,2004,91,91,1.0,True,0.18228571428571425,1.3204999999999991,0,0,14.28
westcoast_0140,crw_063,34.57500076293945,-120.625,3.642368910240053,2005,90,90,1.0,True,1.9127857142857139,88.14399999999999,26,13,14.28
westcoast_0140,crw_063,34.57500076293945,-120.625,3.642368910240053,2006,90,90,1.0,True,-0.10978571428571422,0.1449999999999978,0,0,14.28
westcoast_0140,crw_063,34.57500076293945,-120.625,3.642368910240053,2007,90,90,1.0,True,0.2288571428571429,2.450000000000003,0,0,14.28
westcoast_0140,crw_063,34.57500076293945,-120.625,3.642368910240053,2008,91,91,1.0,True,-0.48053571428571473,0.0,0,0,14.28
westcoast_0140,crw_063,34.57500076293945,-120.625,3.642368910240053,2009,90,90,1.0,True,0.026357142857142333,0.8119999999999958,0,0,14.28
westcoast_0140,crw_063,34.57500076293945,-120.625,3.642368910240053,2010,90,90,1.0,True,1.0399999999999996,43.08299999999999,8,3,14.28
westcoast_0140,crw_063,34.57500076293945,-120.625,3.642368910240053,2011,90,90,1.0,True,-0.23642857142857135,0.1615000000000002,0,0,14.28
westcoast_0140,crw_063,34.57500076293945,-120.625,3.642368910240053,2012,91,91,1.0,True,0.030214285714285843,0.929000000000002,0,0,14.28
westcoast_0140,crw_063,34.57500076293945,-120.625,3.642368910240053,2013,90,90,1.0,True,-0.16892857142857107,0.6870000000000012,0,0,14.28
westcoast_0140,crw_063,34.57500076293945,-120.625,3.642368910240053,2014,90,90,1.0,True,1.4521428571428567,59.40949999999999,23,16,14.28
westcoast_0140,crw_063,34.57500076293945,-120.625,3.642368910240053,2015,90,90,1.0,True,2.647357142857143,177.549,72,57,14.28
westcoast_0140,crw_063,34.57500076293945,-120.625,3.642368910240053,2016,91,91,1.0,True,1.8296071428571434,87.57075,37,26,14.28
westcoast_0140,crw_063,34.57500076293945,-120.625,3.642368910240053,2017,90,90,1.0,True,0.5902857142857142,13.231000000000009,0,0,14.28
westcoast_0140,crw_063,34.57500076293945,-120.625,3.642368910240053,2018,90,90,1.0,True,1.703571428571429,59.404999999999994,23,20,14.28
westcoast_0140,crw_063,34.57500076293945,-120.625,3.642368910240053,2019,90,90,1.0,True,1.4385714285714284,54.63799999999999,22,11,14.28
westcoast_0140,crw_063,34.57500076293945,-120.625,3.642368910240053,2020,91,91,1.0,True,2.136571428571429,86.55975,24,16,14.28
westcoast_0140,crw_063,34.57500076293945,-120.625,3.642368910240053,2021,90,90,1.0,True,0.03728571428571443,0.522000000000002,0,0,14.28
westcoast_0140,crw_063,34.57500076293945,-120.625,3.642368910240053,2022,90,90,1.0,True,0.9965714285714287,16.814999999999998,1,1,14.28
westcoast_0140,crw_063,34.57500076293945,-120.625,3.642368910240053,2023,90,90,1.0,True,0.3387142857142863,3.352000000000002,0,0,14.28
westcoast_0140,crw_063,34.57500076293945,-120.625,3.642368910240053,2024,91,90,0.989010989010989,True,2.000214285714286,72.84325,24,10,14.28
westcoast_0142,crw_064,34.474998474121094,-120.4749984741211,1.8591054787536387,1985,90,90,1.0,True,0.46857142857142875,7.191999999999995,0,0,14.46
westcoast_0142,crw_064,34.474998474121094,-120.4749984741211,1.8591054787536387,1986,90,90,1.0,True,1.1372857142857142,50.16499999999999,3,2,14.46
westcoast_0142,crw_064,34.474998474121094,-120.4749984741211,1.8591054787536387,1987,90,90,1.0,True,1.2070000000000003,34.43399999999999,20,14,14.46
westcoast_0142,crw_064,34.474998474121094,-120.4749984741211,1.8591054787536387,1988,91,91,1.0,True,0.9042857142857138,25.587000000000003,0,0,14.46
westcoast_0142,crw_064,34.474998474121094,-120.4749984741211,1.8591054787536387,1989,90,90,1.0,True,-0.4018571428571432,0.0129999999999999,0,0,14.46
westcoast_0142,crw_064,34.474998474121094,-120.4749984741211,1.8591054787536387,1990,90,90,1.0,True,1.0142142857142857,17.686499999999995,8,3,14.46
westcoast_0142,crw_064,34.474998474121094,-120.4749984741211,1.8591054787536387,1991,90,90,1.0,True,0.8627857142857138,16.375499999999988,0,0,14.46
westcoast_0142,crw_064,34.474998474121094,-120.4749984741211,1.8591054787536387,1992,91,91,1.0,True,2.7395714285714283,101.26149999999998,44,40,14.46
westcoast_0142,crw_064,34.474998474121094,-120.4749984741211,1.8591054787536387,1993,90,90,1.0,True,1.4824285714285712,76.6655,12,5,14.46
westcoast_0142,crw_064,34.474998474121094,-120.4749984741211,1.8591054787536387,1994,90,90,1.0,True,1.1660714285714282,42.3215,10,10,14.46
westcoast_0142,crw_064,34.474998474121094,-120.4749984741211,1.8591054787536387,1995,90,90,1.0,True,1.4392857142857136,65.884,5,3,14.46
westcoast_0142,crw_064,34.474998474121094,-120.4749984741211,1.8591054787536387,1996,91,91,1.0,True,0.9977857142857142,34.593,5,5,14.46
westcoast_0142,crw_064,34.474998474121094,-120.4749984741211,1.8591054787536387,1997,90,90,1.0,True,1.1191428571428574,17.751999999999992,0,0,14.46
westcoast_0142,crw_064,34.474998474121094,-120.4749984741211,1.8591054787536387,1998,90,90,1.0,True,2.370642857142857,150.07549999999998,60,52,14.46
westcoast_0142,crw_064,34.474998474121094,-120.4749984741211,1.8591054787536387,1999,90,90,1.0,True,-0.031071428571429242,0.5424999999999969,0,0,14.46
westcoast_0142,crw_064,34.474998474121094,-120.4749984741211,1.8591054787536387,2000,91,91,1.0,True,0.16642857142857131,1.2649999999999952,0,0,14.46
westcoast_0142,crw_064,34.474998474121094,-120.4749984741211,1.8591054787536387,2001,90,90,1.0,True,-0.024928571428571442,0.4784999999999986,0,0,14.46
westcoast_0142,crw_064,34.474998474121094,-120.4749984741211,1.8591054787536387,2002,90,90,1.0,True,0.21428571428571402,1.8704999999999963,0,0,14.46
westcoast_0142,crw_064,34.474998474121094,-120.4749984741211,1.8591054787536387,2003,90,90,1.0,True,1.0894285714285714,50.485499999999995,12,3,14.46
westcoast_0142,crw_064,34.474998474121094,-120.4749984741211,1.8591054787536387,2004,91,91,1.0,True,0.3775,3.966000000000001,0,0,14.46
westcoast_0142,crw_064,34.474998474121094,-120.4749984741211,1.8591054787536387,2005,90,90,1.0,True,2.073571428571428,93.247,27,14,14.46
westcoast_0142,crw_064,34.474998474121094,-120.4749984741211,1.8591054787536387,2006,90,90,1.0,True,-0.0787142857142865,0.3514999999999979,0,0,14.46
westcoast_0142,crw_064,34.474998474121094,-120.4749984741211,1.8591054787536387,2007,90,90,1.0,True,0.43707142857142806,5.521000000000003,0,0,14.46
westcoast_0142,crw_064,34.474998474121094,-120.4749984741211,1.8591054787536387,2008,91,91,1.0,True,-0.4574285714285722,0.0,0,0,14.46
westcoast_0142,crw_064,34.474998474121094,-120.4749984741211,1.8591054787536387,2009,90,90,1.0,True,0.1658571428571428,1.4874999999999918,0,0,14.46
westcoast_0142,crw_064,34.474998474121094,-120.4749984741211,1.8591054787536387,2010,90,90,1.0,True,1.1541428571428565,52.972999999999985,15,14,14.46
westcoast_0142,crw_064,34.474998474121094,-120.4749984741211,1.8591054787536387,2011,90,90,1.0,True,-0.004785714285714044,1.2964999999999982,0,0,14.46
westcoast_0142,crw_064,34.474998474121094,-120.4749984741211,1.8591054787536387,2012,91,91,1.0,True,0.17849999999999966,2.895499999999993,0,0,14.46
westcoast_0142,crw_064,34.474998474121094,-120.4749984741211,1.8591054787536387,2013,90,90,1.0,True,0.5238571428571428,3.667,0,0,14.46
westcoast_0142,crw_064,34.474998474121094,-120.4749984741211,1.8591054787536387,2014,90,90,1.0,True,1.626642857142857,79.0135,29,18,14.46
westcoast_0142,crw_064,34.474998474121094,-120.4749984741211,1.8591054787536387,2015,90,90,1.0,True,2.723642857142857,205.97549999999998,85,62,14.46
westcoast_0142,crw_064,34.474998474121094,-120.4749984741211,1.8591054787536387,2016,91,91,1.0,True,2.2195714285714283,105.77949999999998,49,32,14.46
westcoast_0142,crw_064,34.474998474121094,-120.4749984741211,1.8591054787536387,2017,90,90,1.0,True,0.6972857142857135,20.042500000000008,0,0,14.46
westcoast_0142,crw_064,34.474998474121094,-120.4749984741211,1.8591054787536387,2018,90,90,1.0,True,1.766785714285714,61.155,28,20,14.46
westcoast_0142,crw_064,34.474998474121094,-120.4749984741211,1.8591054787536387,2019,90,90,1.0,True,1.6285714285714283,58.47549999999999,27,13,14.46
westcoast_0142,crw_064,34.474998474121094,-120.4749984741211,1.8591054787536387,2020,91,91,1.0,True,1.9034999999999997,104.81399999999998,47,16,14.46
westcoast_0142,crw_064,34.474998474121094,-120.4749984741211,1.8591054787536387,2021,90,90,1.0,True,0.3694999999999996,3.1349999999999962,0,0,14.46
westcoast_0142,crw_064,34.474998474121094,-120.4749984741211,1.8591054787536387,2022,90,90,1.0,True,1.0836428571428571,23.51299999999999,1,1,14.46
westcoast_0142,crw_064,34.474998474121094,-120.4749984741211,1.8591054787536387,2023,90,90,1.0,True,0.2514285714285714,3.101499999999996,0,0,14.46
westcoast_0142,crw_064,34.474998474121094,-120.4749984741211,1.8591054787536387,2024,91,90,0.989010989010989,True,1.7642142857142853,65.6275,19,8,14.46
westcoast_0143,crw_065,34.474998474121094,-120.3249969482422,5.300598529243647,1985,90,90,1.0,True,0.28800000000000103,4.031000000000006,0,0,14.67
westcoast_0143,crw_065,34.474998474121094,-120.3249969482422,5.300598529243647,1986,90,90,1.0,True,1.3501428571428566,52.719999999999985,13,8,14.67
westcoast_0143,crw_065,34.474998474121094,-120.3249969482422,5.300598529243647,1987,90,90,1.0,True,1.052071428571428,25.410499999999985,7,2,14.67
westcoast_0143,crw_065,34.474998474121094,-120.3249969482422,5.300598529243647,1988,91,91,1.0,True,0.8556428571428568,26.174999999999983,0,0,14.67
westcoast_0143,crw_065,34.474998474121094,-120.3249969482422,5.300598529243647,1989,90,90,1.0,True,-0.3013571428571427,0.0779999999999994,0,0,14.67
westcoast_0143,crw_065,34.474998474121094,-120.3249969482422,5.300598529243647,1990,90,90,1.0,True,1.1482142857142856,20.710500000000003,11,8,14.67
westcoast_0143,crw_065,34.474998474121094,-120.3249969482422,5.300598529243647,1991,90,90,1.0,True,0.8540714285714281,17.68299999999999,0,0,14.67
westcoast_0143,crw_065,34.474998474121094,-120.3249969482422,5.300598529243647,1992,91,91,1.0,True,2.217214285714286,89.698,39,27,14.67
westcoast_0143,crw_065,34.474998474121094,-120.3249969482422,5.300598529243647,1993,90,90,1.0,True,1.505785714285714,74.45649999999999,10,3,14.67
westcoast_0143,crw_065,34.474998474121094,-120.3249969482422,5.300598529243647,1994,90,90,1.0,True,1.0833571428571427,47.07049999999999,7,7,14.67
westcoast_0143,crw_065,34.474998474121094,-120.3249969482422,5.300598529243647,1995,90,90,1.0,True,1.428428571428571,65.98949999999998,9,7,14.67
westcoast_0143,crw_065,34.474998474121094,-120.3249969482422,5.300598529243647,1996,91,91,1.0,True,0.8976428571428572,22.98049999999999,5,5,14.67
westcoast_0143,crw_065,34.474998474121094,-120.3249969482422,5.300598529243647,1997,90,90,1.0,True,1.3765714285714286,21.892,0,0,14.67
westcoast_0143,crw_065,34.474998474121094,-120.3249969482422,5.300598529243647,1998,90,90,1.0,True,2.309214285714286,146.97649999999996,61,52,14.67
westcoast_0143,crw_065,34.474998474121094,-120.3249969482422,5.300598529243647,1999,90,90,1.0,True,-0.1580714285714284,0.16399999999999793,0,0,14.67
westcoast_0143,crw_065,34.474998474121094,-120.3249969482422,5.300598529243647,2000,91,91,1.0,True,0.1775714285714276,1.6869999999999923,0,0,14.67
westcoast_0143,crw_065,34.474998474121094,-120.3249969482422,5.300598529243647,2001,90,90,1.0,True,0.05128571428571454,0.7000000000000011,0,0,14.67
westcoast_0143,crw_065,34.474998474121094,-120.3249969482422,5.300598529243647,2002,90,90,1.0,True,0.2869999999999998,2.9424999999999955,0,0,14.67
westcoast_0143,crw_065,34.474998474121094,-120.3249969482422,5.300598529243647,2003,90,90,1.0,True,1.3635000000000002,58.583499999999994,13,3,14.67
westcoast_0143,crw_065,34.474998474121094,-120.3249969482422,5.300598529243647,2004,91,91,1.0,True,0.6292142857142858,7.407999999999996,0,0,14.67
westcoast_0143,crw_065,34.474998474121094,-120.3249969482422,5.300598529243647,2005,90,90,1.0,True,1.9277857142857135,82.96299999999998,24,19,14.67
westcoast_0143,crw_065,34.474998474121094,-120.3249969482422,5.300598529243647,2006,90,90,1.0,True,-0.12157142857142945,0.8119999999999958,0,0,14.67
westcoast_0143,crw_065,34.474998474121094,-120.3249969482422,5.300598529243647,2007,90,90,1.0,True,0.3832857142857135,6.649499999999991,0,0,14.67
westcoast_0143,crw_065,34.474998474121094,-120.3249969482422,5.300598529243647,2008,91,91,1.0,True,-0.3415714285714296,0.0,0,0,14.67
westcoast_0143,crw_065,34.474998474121094,-120.3249969482422,5.300598529243647,2009,90,90,1.0,True,0.1519285714285716,2.6810000000000045,0,0,14.67
westcoast_0143,crw_065,34.474998474121094,-120.3249969482422,5.300598529243647,2010,90,90,1.0,True,1.139857142857143,47.749999999999986,10,9,14.67
westcoast_0143,crw_065,34.474998474121094,-120.3249969482422,5.300598529243647,2011,90,90,1.0,True,-0.0577142857142852,0.8950000000000014,0,0,14.67
westcoast_0143,crw_065,34.474998474121094,-120.3249969482422,5.300598529243647,2012,91,91,1.0,True,0.13042857142857095,1.870499999999991,0,0,14.67
westcoast_0143,crw_065,34.474998474121094,-120.3249969482422,5.300598529243647,2013,90,90,1.0,True,0.7329285714285719,5.496000000000002,0,0,14.67
westcoast_0143,crw_065,34.474998474121094,-120.3249969482422,5.300598529243647,2014,90,90,1.0,True,1.6871428571428566,87.6185,35,18,14.67
westcoast_0143,crw_065,34.474998474121094,-120.3249969482422,5.300598529243647,2015,90,90,1.0,True,2.897928571428572,214.57649999999998,89,82,14.67
westcoast_0143,crw_065,34.474998474121094,-120.3249969482422,5.300598529243647,2016,91,91,1.0,True,2.3000714285714277,109.57749999999999,48,25,14.67
westcoast_0143,crw_065,34.474998474121094,-120.3249969482422,5.300598529243647,2017,90,90,1.0,True,0.7127142857142853,23.206499999999995,2,2,14.67
westcoast_0143,crw_065,34.474998474121094,-120.3249969482422,5.300598529243647,2018,90,90,1.0,True,1.793357142857143,60.18349999999999,27,20,14.67
westcoast_0143,crw_065,34.474998474121094,-120.3249969482422,5.300598529243647,2019,90,90,1.0,True,1.7337142857142864,59.64399999999999,24,18,14.67
westcoast_0143,crw_065,34.474998474121094,-120.3249969482422,5.300598529243647,2020,91,91,1.0,True,1.7548571428571424,106.27149999999997,50,9,14.67
westcoast_0143,crw_065,34.474998474121094,-120.3249969482422,5.300598529243647,2021,90,90,1.0,True,0.42464285714285743,3.4900000000000038,0,0,14.67
westcoast_0143,crw_065,34.474998474121094,-120.3249969482422,5.300598529243647,2022,90,90,1.0,True,1.1527142857142851,26.1725,2,2,14.67
westcoast_0143,crw_065,34.474998474121094,-120.3249969482422,5.300598529243647,2023,90,90,1.0,True,0.21178571428571427,2.605000000000002,0,0,14.67
westcoast_0143,crw_065,34.474998474121094,-120.3249969482422,5.300598529243647,2024,91,90,0.989010989010989,True,1.7110714285714284,62.79699999999999,16,7,14.67
westcoast_0144,crw_066,34.474998474121094,-120.2750015258789,1.6933688005770593,1985,90,90,1.0,True,0.2533571428571429,3.506999999999996,0,0,14.69
westcoast_0144,crw_066,34.474998474121094,-120.2750015258789,1.6933688005770593,1986,90,90,1.0,True,1.3541428571428569,52.5925,14,8,14.69
westcoast_0144,crw_066,34.474998474121094,-120.2750015258789,1.6933688005770593,1987,90,90,1.0,True,1.0544999999999998,24.042499999999997,5,2,14.69
westcoast_0144,crw_066,34.474998474121094,-120.2750015258789,1.6933688005770593,1988,91,91,1.0,True,0.8320714285714289,25.49375,0,0,14.69
westcoast_0144,crw_066,34.474998474121094,-120.2750015258789,1.6933688005770593,1989,90,90,1.0,True,-0.29128571428571426,0.07000000000000028,0,0,14.69
westcoast_0144,crw_066,34.474998474121094,-120.2750015258789,1.6933688005770593,1990,90,90,1.0,True,1.1569285714285715,21.20749999999999,10,7,14.69
westcoast_0144,crw_066,34.474998474121094,-120.2750015258789,1.6933688005770593,1991,90,90,1.0,True,0.8188571428571433,17.446000000000005,0,0,14.69
westcoast_0144,crw_066,34.474998474121094,-120.2750015258789,1.6933688005770593,1992,91,91,1.0,True,2.145857142857143,88.00875,39,27,14.69
westcoast_0144,crw_066,34.474998474121094,-120.2750015258789,1.6933688005770593,1993,90,90,1.0,True,1.5058571428571437,73.7115,12,3,14.69
westcoast_0144,crw_066,34.474998474121094,-120.2750015258789,1.6933688005770593,1994,90,90,1.0,True,1.0524285714285706,46.85149999999999,7,7,14.69
westcoast_0144,crw_066,34.474998474121094,-120.2750015258789,1.6933688005770593,1995,90,90,1.0,True,1.422142857142856,64.89200000000001,10,8,14.69
westcoast_0144,crw_066,34.474998474121094,-120.2750015258789,1.6933688005770593,1996,91,91,1.0,True,0.8822142857142864,22.469,5,5,14.69
westcoast_0144,crw_066,34.474998474121094,-120.2750015258789,1.6933688005770593,1997,90,90,1.0,True,1.358571428571429,21.928500000000007,0,0,14.69
westcoast_0144,crw_066,34.474998474121094,-120.2750015258789,1.6933688005770593,1998,90,90,1.0,True,2.3175714285714286,148.1865,64,52,14.69
westcoast_0144,crw_066,34.474998474121094,-120.2750015258789,1.6933688005770593,1999,90,90,1.0,True,-0.1561428571428579,0.17099999999999937,0,0,14.69
westcoast_0144,crw_066,34.474998474121094,-120.2750015258789,1.6933688005770593,2000,91,91,1.0,True,0.1788571428571427,1.8025000000000055,0,0,14.69
westcoast_0144,crw_066,34.474998474121094,-120.2750015258789,1.6933688005770593,2001,90,90,1.0,True,0.06200000000000015,0.7165000000000017,0,0,14.69
westcoast_0144,crw_066,34.474998474121094,-120.2750015258789,1.6933688005770593,2002,90,90,1.0,True,0.2992857142857136,3.1864999999999988,0,0,14.69
westcoast_0144,crw_066,34.474998474121094,-120.2750015258789,1.6933688005770593,2003,90,90,1.0,True,1.3718571428571422,59.172499999999985,14,3,14.69
westcoast_0144,crw_066,34.474998474121094,-120.2750015258789,1.6933688005770593,2004,91,91,1.0,True,0.6902857142857154,8.099500000000006,0,0,14.69
westcoast_0144,crw_066,34.474998474121094,-120.2750015258789,1.6933688005770593,2005,90,90,1.0,True,1.8969999999999998,81.8125,23,19,14.69
westcoast_0144,crw_066,34.474998474121094,-120.2750015258789,1.6933688005770593,2006,90,90,1.0,True,-0.12921428571428578,0.7425000000000015,0,0,14.69
westcoast_0144,crw_066,34.474998474121094,-120.2750015258789,1.6933688005770593,2007,90,90,1.0,True,0.3831428571428567,6.648,0,0,14.69
westcoast_0144,crw_066,34.474998474121094,-120.2750015258789,1.6933688005770593,2008,91,91,1.0,True,-0.37064285714285716,0.0,0,0,14.69
westcoast_0144,crw_066,34.474998474121094,-120.2750015258789,1.6933688005770593,2009,90,90,1.0,True,0.17621428571428538,2.4974999999999934,0,0,14.69
westcoast_0144,crw_066,34.474998474121094,-120.2750015258789,1.6933688005770593,2010,90,90,1.0,True,1.1205714285714283,46.745999999999995,10,9,14.69
westcoast_0144,crw_066,34.474998474121094,-120.2750015258789,1.6933688005770593,2011,90,90,1.0,True,-0.09014285714285743,0.7164999999999999,0,0,14.69
westcoast_0144,crw_066,34.474998474121094,-120.2750015258789,1.6933688005770593,2012,91,91,1.0,True,0.1177857142857146,1.7229999999999972,0,0,14.69
westcoast_0144,crw_066,34.474998474121094,-120.2750015258789,1.6933688005770593,2013,90,90,1.0,True,0.6830000000000004,5.204000000000006,0,0,14.69
westcoast_0144,crw_066,34.474998474121094,-120.2750015258789,1.6933688005770593,2014,90,90,1.0,True,1.7107857142857148,88.8,36,19,14.69
westcoast_0144,crw_066,34.474998474121094,-120.2750015258789,1.6933688005770593,2015,90,90,1.0,True,2.9338571428571427,214.9165,89,63,14.69
westcoast_0144,crw_066,34.474998474121094,-120.2750015258789,1.6933688005770593,2016,91,91,1.0,True,2.2994642857142855,109.40675,48,25,14.69
westcoast_0144,crw_066,34.474998474121094,-120.2750015258789,1.6933688005770593,2017,90,90,1.0,True,0.7559285714285713,22.766000000000005,2,2,14.69
westcoast_0144,crw_066,34.474998474121094,-120.2750015258789,1.6933688005770593,2018,90,90,1.0,True,1.7702142857142853,59.35849999999999,27,20,14.69
westcoast_0144,crw_066,34.474998474121094,-120.2750015258789,1.6933688005770593,2019,90,90,1.0,True,1.7190714285714284,59.105000000000004,24,18,14.69
westcoast_0144,crw_066,34.474998474121094,-120.2750015258789,1.6933688005770593,2020,91,91,1.0,True,1.753678571428571,105.79625,51,9,14.69
westcoast_0144,crw_066,34.474998474121094,-120.2750015258789,1.6933688005770593,2021,90,90,1.0,True,0.41221428571428576,3.330499999999997,0,0,14.69
westcoast_0144,crw_066,34.474998474121094,-120.2750015258789,1.6933688005770593,2022,90,90,1.0,True,1.1436428571428572,25.494499999999995,3,3,14.69
westcoast_0144,crw_066,34.474998474121094,-120.2750015258789,1.6933688005770593,2023,90,90,1.0,True,0.2052142857142858,2.4479999999999986,0,0,14.69
westcoast_0144,crw_066,34.474998474121094,-120.2750015258789,1.6933688005770593,2024,91,90,0.989010989010989,True,1.7169285714285716,62.777249999999995,16,7,14.69
westcoast_0145,crw_067,34.474998474121094,-120.1750030517578,1.7051788321001375,1985,90,90,1.0,True,0.1955000000000009,2.7680000000000042,0,0,14.73
westcoast_0145,crw_067,34.474998474121094,-120.1750030517578,1.7051788321001375,1986,90,90,1.0,True,1.281928571428571,51.152499999999996,12,5,14.73
westcoast_0145,crw_067,34.474998474121094,-120.1750030517578,1.7051788321001375,1987,90,90,1.0,True,1.061,22.052000000000007,5,2,14.73
westcoast_0145,crw_067,34.474998474121094,-120.1750030517578,1.7051788321001375,1988,91,91,1.0,True,0.8856428571428567,24.479749999999992,0,0,14.73
westcoast_0145,crw_067,34.474998474121094,-120.1750030517578,1.7051788321001375,1989,90,90,1.0,True,-0.2645714285714281,0.06600000000000072,0,0,14.73
westcoast_0145,crw_067,34.474998474121094,-120.1750030517578,1.7051788321001375,1990,90,90,1.0,True,1.1379285714285714,21.6955,10,7,14.73
westcoast_0145,crw_067,34.474998474121094,-120.1750030517578,1.7051788321001375,1991,90,90,1.0,True,0.7370000000000001,16.823,0,0,14.73
westcoast_0145,crw_067,34.474998474121094,-120.1750030517578,1.7051788321001375,1992,91,91,1.0,True,2.0254285714285722,85.88974999999999,40,27,14.73
westcoast_0145,crw_067,34.474998474121094,-120.1750030517578,1.7051788321001375,1993,90,90,1.0,True,1.5183571428571425,72.364,12,3,14.73
westcoast_0145,crw_067,34.474998474121094,-120.1750030517578,1.7051788321001375,1994,90,90,1.0,True,1.0034285714285704,46.4755,6,3,14.73
westcoast_0145,crw_067,34.474998474121094,-120.1750030517578,1.7051788321001375,1995,90,90,1.0,True,1.405142857142857,61.89649999999998,9,8,14.73
westcoast_0145,crw_067,34.474998474121094,-120.1750030517578,1.7051788321001375,1996,91,91,1.0,True,0.8635714285714295,22.188499999999998,4,4,14.73
westcoast_0145,crw_067,34.474998474121094,-120.1750030517578,1.7051788321001375,1997,90,90,1.0,True,1.3049285714285712,21.701,0,0,14.73
westcoast_0145,crw_067,34.474998474121094,-120.1750030517578,1.7051788321001375,1998,90,90,1.0,True,2.3397857142857146,151.00150000000002,66,53,14.73
westcoast_0145,crw_067,34.474998474121094,-120.1750030517578,1.7051788321001375,1999,90,90,1.0,True,-0.15942857142857214,0.15799999999999947,0,0,14.73
westcoast_0145,crw_067,34.474998474121094,-120.1750030517578,1.7051788321001375,2000,91,91,1.0,True,0.1869999999999999,1.9794999999999998,0,0,14.73
westcoast_0145,crw_067,34.474998474121094,-120.1750030517578,1.7051788321001375,2001,90,90,1.0,True,0.09100000000000057,0.8625000000000025,0,0,14.73
westcoast_0145,crw_067,34.474998474121094,-120.1750030517578,1.7051788321001375,2002,90,90,1.0,True,0.30514285714285727,3.776999999999994,0,0,14.73
westcoast_0145,crw_067,34.474998474121094,-120.1750030517578,1.7051788321001375,2003,90,90,1.0,True,1.3926428571428577,60.74549999999999,15,3,14.73
westcoast_0145,crw_067,34.474998474121094,-120.1750030517578,1.7051788321001375,2004,91,91,1.0,True,0.7831428571428568,9.636499999999996,0,0,14.73
westcoast_0145,crw_067,34.474998474121094,-120.1750030517578,1.7051788321001375,2005,90,90,1.0,True,1.8214999999999997,80.26399999999998,29,21,14.73
westcoast_0145,crw_067,34.474998474121094,-120.1750030517578,1.7051788321001375,2006,90,90,1.0,True,-0.157785714285714,0.5280000000000005,0,0,14.73
westcoast_0145,crw_067,34.474998474121094,-120.1750030517578,1.7051788321001375,2007,90,90,1.0,True,0.3998571428571428,6.862,0,0,14.73
westcoast_0145,crw_067,34.474998474121094,-120.1750030517578,1.7051788321001375,2008,91,91,1.0,True,-0.35242857142857126,0.0,0,0,14.73
westcoast_0145,crw_067,34.474998474121094,-120.1750030517578,1.7051788321001375,2009,90,90,1.0,True,0.18549999999999933,2.2519999999999936,0,0,14.73
westcoast_0145,crw_067,34.474998474121094,-120.1750030517578,1.7051788321001375,2010,90,90,1.0,True,1.0938571428571433,45.679500000000004,10,9,14.73
westcoast_0145,crw_067,34.474998474121094,-120.1750030517578,1.7051788321001375,2011,90,90,1.0,True,-0.12142857142857164,0.4670000000000041,0,0,14.73
westcoast_0145,crw_067,34.474998474121094,-120.1750030517578,1.7051788321001375,2012,91,91,1.0,True,0.07585714285714294,1.5739999999999998,0,0,14.73
westcoast_0145,crw_067,34.474998474121094,-120.1750030517578,1.7051788321001375,2013,90,90,1.0,True,0.556857142857143,4.5665,0,0,14.73
westcoast_0145,crw_067,34.474998474121094,-120.1750030517578,1.7051788321001375,2014,90,90,1.0,True,1.7644285714285712,92.689,41,19,14.73
westcoast_0145,crw_067,34.474998474121094,-120.1750030517578,1.7051788321001375,2015,90,90,1.0,True,3.029642857142856,216.45150000000004,89,63,14.73
westcoast_0145,crw_067,34.474998474121094,-120.1750030517578,1.7051788321001375,2016,91,91,1.0,True,2.2994642857142855,109.70224999999999,48,25,14.73
westcoast_0145,crw_067,34.474998474121094,-120.1750030517578,1.7051788321001375,2017,90,90,1.0,True,0.8398571428571427,23.005,2,2,14.73
westcoast_0145,crw_067,34.474998474121094,-120.1750030517578,1.7051788321001375,2018,90,90,1.0,True,1.719714285714285,58.59500000000001,26,20,14.73
westcoast_0145,crw_067,34.474998474121094,-120.1750030517578,1.7051788321001375,2019,90,90,1.0,True,1.7269285714285718,58.85600000000001,21,12,14.73
westcoast_0145,crw_067,34.474998474121094,-120.1750030517578,1.7051788321001375,2020,91,91,1.0,True,1.7433214285714276,105.90424999999999,50,11,14.73
westcoast_0145,crw_067,34.474998474121094,-120.1750030517578,1.7051788321001375,2021,90,90,1.0,True,0.3972142857142852,3.1884999999999977,0,0,14.73
westcoast_0145,crw_067,34.474998474121094,-120.1750030517578,1.7051788321001375,2022,90,90,1.0,True,1.148,24.588499999999996,3,3,14.73
westcoast_0145,crw_067,34.474998474121094,-120.1750030517578,1.7051788321001375,2023,90,90,1.0,True,0.2514285714285714,2.7334999999999976,0,0,14.73
westcoast_0145,crw_067,34.474998474121094,-120.1750030517578,1.7051788321001375,2024,91,90,0.989010989010989,True,1.7607857142857146,64.58424999999998,17,7,14.73
westcoast_0146,crw_068,34.474998474121094,-120.125,5.413993220457085,1985,90,90,1.0,True,0.1789285714285716,2.577499999999997,0,0,14.756000000000002
westcoast_0146,crw_068,34.474998474121094,-120.125,5.413993220457085,1986,90,90,1.0,True,1.2327857142857142,50.37249999999999,12,5,14.756000000000002
westcoast_0146,crw_068,34.474998474121094,-120.125,5.413993220457085,1987,90,90,1.0,True,1.0600714285714286,21.660499999999985,5,2,14.756000000000002
westcoast_0146,crw_068,34.474998474121094,-120.125,5.413993220457085,1988,91,91,1.0,True,0.9079999999999993,24.259249999999994,0,0,14.756000000000002
westcoast_0146,crw_068,34.474998474121094,-120.125,5.413993220457085,1989,90,90,1.0,True,-0.2489285714285714,0.06250000000000178,0,0,14.756000000000002
westcoast_0146,crw_068,34.474998474121094,-120.125,5.413993220457085,1990,90,90,1.0,True,1.1121428571428564,21.735999999999986,10,7,14.756000000000002
westcoast_0146,crw_068,34.474998474121094,-120.125,5.413993220457085,1991,90,90,1.0,True,0.7075714285714285,16.642500000000005,0,0,14.756000000000002
westcoast_0146,crw_068,34.474998474121094,-120.125,5.413993220457085,1992,91,91,1.0,True,1.9739285714285717,85.17975,40,27,14.756000000000002
westcoast_0146,crw_068,34.474998474121094,-120.125,5.413993220457085,1993,90,90,1.0,True,1.5085714285714285,71.773,11,3,14.756000000000002
westcoast_0146,crw_068,34.474998474121094,-120.125,5.413993220457085,1994,90,90,1.0,True,0.9815714285714284,46.27999999999998,5,3,14.756000000000002
westcoast_0146,crw_068,34.474998474121094,-120.125,5.413993220457085,1995,90,90,1.0,True,1.4089285714285715,60.59849999999999,9,8,14.756000000000002
westcoast_0146,crw_068,34.474998474121094,-120.125,5.413993220457085,1996,91,91,1.0,True,0.8579999999999993,22.221499999999992,4,4,14.756000000000002
westcoast_0146,crw_068,34.474998474121094,-120.125,5.413993220457085,1997,90,90,1.0,True,1.2817142857142854,21.664499999999986,0,0,14.756000000000002
westcoast_0146,crw_068,34.474998474121094,-120.125,5.413993220457085,1998,90,90,1.0,True,2.343214285714286,152.06249999999997,69,53,14.756000000000002
westcoast_0146,crw_068,34.474998474121094,-120.125,5.413993220457085,1999,90,90,1.0,True,-0.1598571428571431,0.16249999999999964,0,0,14.756000000000002
westcoast_0146,crw_068,34.474998474121094,-120.125,5.413993220457085,2000,91,91,1.0,True,0.19857142857142815,2.0689999999999973,0,0,14.756000000000002
westcoast_0146,crw_068,34.474998474121094,-120.125,5.413993220457085,2001,90,90,1.0,True,0.1005714285714279,0.9309999999999956,0,0,14.756000000000002
westcoast_0146,crw_068,34.474998474121094,-120.125,5.413993220457085,2002,90,90,1.0,True,0.29792857142857165,4.058000000000009,0,0,14.756000000000002
westcoast_0146,crw_068,34.474998474121094,-120.125,5.413993220457085,2003,90,90,1.0,True,1.3927857142857138,61.602999999999994,16,4,14.756000000000002
westcoast_0146,crw_068,34.474998474121094,-120.125,5.413993220457085,2004,91,91,1.0,True,0.7942857142857136,10.054499999999992,0,0,14.756000000000002
westcoast_0146,crw_068,34.474998474121094,-120.125,5.413993220457085,2005,90,90,1.0,True,1.778857142857143,79.65949999999997,29,21,14.756000000000002
westcoast_0146,crw_068,34.474998474121094,-120.125,5.413993220457085,2006,90,90,1.0,True,-0.16714285714285712,0.4089999999999989,0,0,14.756000000000002
westcoast_0146,crw_068,34.474998474121094,-120.125,5.413993220457085,2007,90,90,1.0,True,0.41850000000000015,7.023000000000007,0,0,14.756000000000002
westcoast_0146,crw_068,34.474998474121094,-120.125,5.413993220457085,2008,91,91,1.0,True,-0.2766428571428567,0.0,0,0,14.756000000000002
westcoast_0146,crw_068,34.474998474121094,-120.125,5.413993220457085,2009,90,90,1.0,True,0.16714285714285637,2.216499999999998,0,0,14.756000000000002
westcoast_0146,crw_068,34.474998474121094,-120.125,5.413993220457085,2010,90,90,1.0,True,1.0848571428571423,45.75999999999999,10,4,14.756000000000002
westcoast_0146,crw_068,34.474998474121094,-120.125,5.413993220457085,2011,90,90,1.0,True,-0.08842857142857165,0.4169999999999945,0,0,14.756000000000002
westcoast_0146,crw_068,34.474998474121094,-120.125,5.413993220457085,2012,91,91,1.0,True,0.04742857142857103,1.6189999999999962,0,0,14.756000000000002
westcoast_0146,crw_068,34.474998474121094,-120.125,5.413993220457085,2013,90,90,1.0,True,0.485357142857143,4.256499999999999,0,0,14.756000000000002
westcoast_0146,crw_068,34.474998474121094,-120.125,5.413993220457085,2014,90,90,1.0,True,1.8189285714285712,95.714,43,19,14.756000000000002
westcoast_0146,crw_068,34.474998474121094,-120.125,5.413993220457085,2015,90,90,1.0,True,3.086285714285713,217.6125,88,62,14.756000000000002
westcoast_0146,crw_068,34.474998474121094,-120.125,5.413993220457085,2016,91,91,1.0,True,2.288178571428572,109.93374999999999,46,25,14.756000000000002
westcoast_0146,crw_068,34.474998474121094,-120.125,5.413993220457085,2017,90,90,1.0,True,0.8756428571428562,23.45449999999998,2,2,14.756000000000002
westcoast_0146,crw_068,34.474998474121094,-120.125,5.413993220457085,2018,90,90,1.0,True,1.682571428571428,58.65499999999997,27,20,14.756000000000002
westcoast_0146,crw_068,34.474998474121094,-120.125,5.413993220457085,2019,90,90,1.0,True,1.7503571428571425,59.197999999999986,19,11,14.756000000000002
westcoast_0146,crw_068,34.474998474121094,-120.125,5.413993220457085,2020,91,91,1.0,True,1.7338928571428578,106.16474999999998,51,11,14.756000000000002
westcoast_0146,crw_068,34.474998474121094,-120.125,5.413993220457085,2021,90,90,1.0,True,0.38699999999999996,2.997999999999996,0,0,14.756000000000002
westcoast_0146,crw_068,34.474998474121094,-120.125,5.413993220457085,2022,90,90,1.0,True,1.147857142857143,24.0455,3,3,14.756000000000002
westcoast_0146,crw_068,34.474998474121094,-120.125,5.413993220457085,2023,90,90,1.0,True,0.2876428571428565,3.025999999999989,0,0,14.756000000000002
westcoast_0146,crw_068,34.474998474121094,-120.125,5.413993220457085,2024,91,90,0.989010989010989,True,1.7878571428571421,65.71924999999999,15,7,14.756000000000002
westcoast_0149,crw_069,34.375,-120.375,2.327740838471036,1985,90,90,1.0,True,0.4040714285714283,5.7905,0,0,14.62
westcoast_0149,crw_069,34.375,-120.375,2.327740838471036,1986,90,90,1.0,True,1.2538571428571432,50.90500000000002,9,4,14.62
westcoast_0149,crw_069,34.375,-120.375,2.327740838471036,1987,90,90,1.0,True,1.1325714285714283,28.024000000000008,12,3,14.62
westcoast_0149,crw_069,34.375,-120.375,2.327740838471036,1988,91,91,1.0,True,0.9885000000000002,27.630000000000013,2,2,14.62
westcoast_0149,crw_069,34.375,-120.375,2.327740838471036,1989,90,90,1.0,True,-0.32457142857142884,0.07500000000000107,0,0,14.62
westcoast_0149,crw_069,34.375,-120.375,2.327740838471036,1990,90,90,1.0,True,1.1422857142857148,19.130500000000012,11,8,14.62
westcoast_0149,crw_069,34.375,-120.375,2.327740838471036,1991,90,90,1.0,True,0.995142857142857,19.220000000000006,0,0,14.62
westcoast_0149,crw_069,34.375,-120.375,2.327740838471036,1992,91,91,1.0,True,2.351142857142857,94.69800000000002,40,28,14.62
westcoast_0149,crw_069,34.375,-120.375,2.327740838471036,1993,90,90,1.0,True,1.506857142857143,79.141,13,3,14.62
westcoast_0149,crw_069,34.375,-120.375,2.327740838471036,1994,90,90,1.0,True,1.1909999999999996,49.453,8,8,14.62
westcoast_0149,crw_069,34.375,-120.375,2.327740838471036,1995,90,90,1.0,True,1.4455714285714287,68.98000000000002,9,3,14.62
westcoast_0149,crw_069,34.375,-120.375,2.327740838471036,1996,91,91,1.0,True,1.0071428571428573,26.192500000000017,5,5,14.62
westcoast_0149,crw_069,34.375,-120.375,2.327740838471036,1997,90,90,1.0,True,1.4847142857142852,23.799000000000007,0,0,14.62
westcoast_0149,crw_069,34.375,-120.375,2.327740838471036,1998,90,90,1.0,True,2.3975000000000004,145.8625,60,51,14.62
westcoast_0149,crw_069,34.375,-120.375,2.327740838471036,1999,90,90,1.0,True,-0.17285714285714246,0.12400000000000055,0,0,14.62
westcoast_0149,crw_069,34.375,-120.375,2.327740838471036,2000,91,91,1.0,True,0.15785714285714292,1.288499999999999,0,0,14.62
westcoast_0149,crw_069,34.375,-120.375,2.327740838471036,2001,90,90,1.0,True,0.06942857142857076,1.1095000000000024,0,0,14.62
westcoast_0149,crw_069,34.375,-120.375,2.327740838471036,2002,90,90,1.0,True,0.25257142857142945,2.548500000000004,0,0,14.62
westcoast_0149,crw_069,34.375,-120.375,2.327740838471036,2003,90,90,1.0,True,1.3504285714285713,57.33500000000002,10,3,14.62
westcoast_0149,crw_069,34.375,-120.375,2.327740838471036,2004,91,91,1.0,True,0.5389285714285721,6.5980000000000025,0,0,14.62
westcoast_0149,crw_069,34.375,-120.375,2.327740838471036,2005,90,90,1.0,True,2.0127142857142855,86.79550000000002,23,19,14.62
westcoast_0149,crw_069,34.375,-120.375,2.327740838471036,2006,90,90,1.0,True,-0.13378571428571437,0.5589999999999957,0,0,14.62
westcoast_0149,crw_069,34.375,-120.375,2.327740838471036,2007,90,90,1.0,True,0.40085714285714275,7.485000000000005,0,0,14.62
westcoast_0149,crw_069,34.375,-120.375,2.327740838471036,2008,91,91,1.0,True,-0.31985714285714273,0.0,0,0,14.62
westcoast_0149,crw_069,34.375,-120.375,2.327740838471036,2009,90,90,1.0,True,0.2248571428571426,2.7655000000000047,0,0,14.62
westcoast_0149,crw_069,34.375,-120.375,2.327740838471036,2010,90,90,1.0,True,1.1195000000000002,50.59350000000002,10,9,14.62
westcoast_0149,crw_069,34.375,-120.375,2.327740838471036,2011,90,90,1.0,True,-0.016928571428572323,1.0524999999999949,0,0,14.62
westcoast_0149,crw_069,34.375,-120.375,2.327740838471036,2012,91,91,1.0,True,0.07514285714285711,1.5359999999999943,0,0,14.62
westcoast_0149,crw_069,34.375,-120.375,2.327740838471036,2013,90,90,1.0,True,0.7011428571428568,5.205499999999999,0,0,14.62
westcoast_0149,crw_069,34.375,-120.375,2.327740838471036,2014,90,90,1.0,True,1.586714285714286,84.67400000000002,34,18,14.62
westcoast_0149,crw_069,34.375,-120.375,2.327740838471036,2015,90,90,1.0,True,2.7965714285714296,216.03100000000003,90,90,14.62
westcoast_0149,crw_069,34.375,-120.375,2.327740838471036,2016,91,91,1.0,True,2.2951428571428574,113.34600000000003,53,26,14.62
westcoast_0149,crw_069,34.375,-120.375,2.327740838471036,2017,90,90,1.0,True,0.7140000000000006,25.519000000000013,0,0,14.62
westcoast_0149,crw_069,34.375,-120.375,2.327740838471036,2018,90,90,1.0,True,1.7421428571428579,63.51800000000001,29,20,14.62
westcoast_0149,crw_069,34.375,-120.375,2.327740838471036,2019,90,90,1.0,True,1.7526428571428572,61.07050000000001,22,13,14.62
westcoast_0149,crw_069,34.375,-120.375,2.327740838471036,2020,91,91,1.0,True,1.759428571428572,108.13800000000002,44,9,14.62
westcoast_0149,crw_069,34.375,-120.375,2.327740838471036,2021,90,90,1.0,True,0.4542857142857145,4.0515000000000025,0,0,14.62
westcoast_0149,crw_069,34.375,-120.375,2.327740838471036,2022,90,90,1.0,True,1.1001428571428575,27.46450000000001,2,2,14.62
westcoast_0149,crw_069,34.375,-120.375,2.327740838471036,2023,90,90,1.0,True,0.22707142857142873,2.5920000000000023,0,0,14.62
westcoast_0149,crw_069,34.375,-120.375,2.327740838471036,2024,91,90,0.989010989010989,True,1.8051428571428578,67.58600000000001,18,8,14.62
westcoast_0150,crw_070,34.375,-119.9749984741211,2.4546116501102606,1985,90,90,1.0,True,0.20421428571428585,2.5145000000000017,0,0,14.84
westcoast_0150,crw_070,34.375,-119.9749984741211,2.4546116501102606,1986,90,90,1.0,True,1.2052857142857138,47.461,10,6,14.84
westcoast_0150,crw_070,34.375,-119.9749984741211,2.4546116501102606,1987,90,90,1.0,True,1.0732857142857146,21.519999999999996,5,2,14.84
westcoast_0150,crw_070,34.375,-119.9749984741211,2.4546116501102606,1988,91,91,1.0,True,1.0357142857142854,26.35574999999999,0,0,14.84
westcoast_0150,crw_070,34.375,-119.9749984741211,2.4546116501102606,1989,90,90,1.0,True,-0.19314285714285642,0.0990000000000002,0,0,14.84
westcoast_0150,crw_070,34.375,-119.9749984741211,2.4546116501102606,1990,90,90,1.0,True,0.9324285714285716,21.057000000000002,4,2,14.84
westcoast_0150,crw_070,34.375,-119.9749984741211,2.4546116501102606,1991,90,90,1.0,True,0.6180000000000003,17.158999999999992,0,0,14.84
westcoast_0150,crw_070,34.375,-119.9749984741211,2.4546116501102606,1992,91,91,1.0,True,1.878214285714286,87.44874999999999,44,40,14.84
westcoast_0150,crw_070,34.375,-119.9749984741211,2.4546116501102606,1993,90,90,1.0,True,1.5267857142857149,70.61299999999999,10,4,14.84
westcoast_0150,crw_070,34.375,-119.9749984741211,2.4546116501102606,1994,90,90,1.0,True,0.9542142857142856,46.650999999999996,0,0,14.84
westcoast_0150,crw_070,34.375,-119.9749984741211,2.4546116501102606,1995,90,90,1.0,True,1.5073571428571426,59.583,19,11,14.84
westcoast_0150,crw_070,34.375,-119.9749984741211,2.4546116501102606,1996,91,91,1.0,True,0.8121428571428569,22.942,4,4,14.84
westcoast_0150,crw_070,34.375,-119.9749984741211,2.4546116501102606,1997,90,90,1.0,True,1.2445000000000002,22.464,0,0,14.84
westcoast_0150,crw_070,34.375,-119.9749984741211,2.4546116501102606,1998,90,90,1.0,True,2.404071428571428,157.65449999999998,69,41,14.84
westcoast_0150,crw_070,34.375,-119.9749984741211,2.4546116501102606,1999,90,90,1.0,True,-0.12121428571428591,0.1894999999999989,0,0,14.84
westcoast_0150,crw_070,34.375,-119.9749984741211,2.4546116501102606,2000,91,91,1.0,True,0.25199999999999967,2.7499999999999947,0,0,14.84
westcoast_0150,crw_070,34.375,-119.9749984741211,2.4546116501102606,2001,90,90,1.0,True,0.2107142857142854,2.1024999999999956,0,0,14.84
westcoast_0150,crw_070,34.375,-119.9749984741211,2.4546116501102606,2002,90,90,1.0,True,0.3346428571428565,5.3814999999999955,0,0,14.84
westcoast_0150,crw_070,34.375,-119.9749984741211,2.4546116501102606,2003,90,90,1.0,True,1.3325000000000002,58.022,14,5,14.84
westcoast_0150,crw_070,34.375,-119.9749984741211,2.4546116501102606,2004,91,91,1.0,True,0.5753571428571428,8.0695,0,0,14.84
westcoast_0150,crw_070,34.375,-119.9749984741211,2.4546116501102606,2005,90,90,1.0,True,1.5443571428571428,75.892,28,15,14.84
westcoast_0150,crw_070,34.375,-119.9749984741211,2.4546116501102606,2006,90,90,1.0,True,-0.09957142857142871,0.4109999999999996,0,0,14.84
westcoast_0150,crw_070,34.375,-119.9749984741211,2.4546116501102606,2007,90,90,1.0,True,0.4867857142857141,7.270999999999994,0,0,14.84
westcoast_0150,crw_070,34.375,-119.9749984741211,2.4546116501102606,2008,91,91,1.0,True,-0.2765714285714293,0.0,0,0,14.84
westcoast_0150,crw_070,34.375,-119.9749984741211,2.4546116501102606,2009,90,90,1.0,True,0.013500000000000003,1.0785000000000036,0,0,14.84
westcoast_0150,crw_070,34.375,-119.9749984741211,2.4546116501102606,2010,90,90,1.0,True,1.024928571428571,41.932,11,9,14.84
westcoast_0150,crw_070,34.375,-119.9749984741211,2.4546116501102606,2011,90,90,1.0,True,-0.026642857142857475,0.7014999999999993,0,0,14.84
westcoast_0150,crw_070,34.375,-119.9749984741211,2.4546116501102606,2012,91,91,1.0,True,0.02064285714285674,1.1580000000000013,0,0,14.84
westcoast_0150,crw_070,34.375,-119.9749984741211,2.4546116501102606,2013,90,90,1.0,True,0.2696428571428576,2.787500000000003,0,0,14.84
westcoast_0150,crw_070,34.375,-119.9749984741211,2.4546116501102606,2014,90,90,1.0,True,1.9947857142857142,102.95749999999998,52,33,14.84
westcoast_0150,crw_070,34.375,-119.9749984741211,2.4546116501102606,2015,90,90,1.0,True,3.1990714285714286,217.4345,88,62,14.84
westcoast_0150,crw_070,34.375,-119.9749984741211,2.4546116501102606,2016,91,91,1.0,True,2.194964285714286,109.46875,44,25,14.84
westcoast_0150,crw_070,34.375,-119.9749984741211,2.4546116501102606,2017,90,90,1.0,True,0.8138571428571427,24.739999999999995,0,0,14.84
westcoast_0150,crw_070,34.375,-119.9749984741211,2.4546116501102606,2018,90,90,1.0,True,1.6825714285714286,62.092999999999996,29,21,14.84
westcoast_0150,crw_070,34.375,-119.9749984741211,2.4546116501102606,2019,90,90,1.0,True,1.7603571428571432,59.348,19,16,14.84
westcoast_0150,crw_070,34.375,-119.9749984741211,2.4546116501102606,2020,91,91,1.0,True,1.695107142857143,103.37625,42,10,14.84
westcoast_0150,crw_070,34.375,-119.9749984741211,2.4546116501102606,2021,90,90,1.0,True,0.36021428571428565,2.8999999999999986,0,0,14.84
westcoast_0150,crw_070,34.375,-119.9749984741211,2.4546116501102606,2022,90,90,1.0,True,1.1204285714285718,22.936499999999988,2,2,14.84
westcoast_0150,crw_070,34.375,-119.9749984741211,2.4546116501102606,2023,90,90,1.0,True,0.3495000000000008,3.260500000000002,0,0,14.84
westcoast_0150,crw_070,34.375,-119.9749984741211,2.4546116501102606,2024,91,90,0.989010989010989,True,1.7909999999999997,65.39524999999999,12,8,14.84
westcoast_0151,crw_071,34.375,-119.875,2.595282260306648,1985,90,90,1.0,True,0.1952142857142855,2.044000000000004,0,0,14.88
westcoast_0151,crw_071,34.375,-119.875,2.595282260306648,1986,90,90,1.0,True,1.2443571428571434,48.10600000000001,11,6,14.88
westcoast_0151,crw_071,34.375,-119.875,2.595282260306648,1987,90,90,1.0,True,0.9954999999999996,22.322,4,2,14.88
westcoast_0151,crw_071,34.375,-119.875,2.595282260306648,1988,91,91,1.0,True,1.067071428571428,26.085249999999988,0,0,14.88
westcoast_0151,crw_071,34.375,-119.875,2.595282260306648,1989,90,90,1.0,True,-0.22171428571428567,0.09149999999999991,0,0,14.88
westcoast_0151,crw_071,34.375,-119.875,2.595282260306648,1990,90,90,1.0,True,0.9057857142857143,21.224000000000004,4,2,14.88
westcoast_0151,crw_071,34.375,-119.875,2.595282260306648,1991,90,90,1.0,True,0.5472142857142853,16.871499999999997,0,0,14.88
westcoast_0151,crw_071,34.375,-119.875,2.595282260306648,1992,91,91,1.0,True,1.8511428571428574,87.01825,43,40,14.88
westcoast_0151,crw_071,34.375,-119.875,2.595282260306648,1993,90,90,1.0,True,1.5482857142857143,67.9865,9,3,14.88
westcoast_0151,crw_071,34.375,-119.875,2.595282260306648,1994,90,90,1.0,True,0.934214285714285,45.254999999999995,0,0,14.88
westcoast_0151,crw_071,34.375,-119.875,2.595282260306648,1995,90,90,1.0,True,1.5727142857142862,59.8035,20,18,14.88
westcoast_0151,crw_071,34.375,-119.875,2.595282260306648,1996,91,91,1.0,True,0.806928571428571,22.072499999999998,2,2,14.88
westcoast_0151,crw_071,34.375,-119.875,2.595282260306648,1997,90,90,1.0,True,1.1913571428571426,21.141,0,0,14.88
westcoast_0151,crw_071,34.375,-119.875,2.595282260306648,1998,90,90,1.0,True,2.4054285714285717,156.16150000000002,70,41,14.88
westcoast_0151,crw_071,34.375,-119.875,2.595282260306648,1999,90,90,1.0,True,-0.08407142857142855,0.2234999999999996,0,0,14.88
westcoast_0151,crw_071,34.375,-119.875,2.595282260306648,2000,91,91,1.0,True,0.2624285714285714,3.081999999999997,0,0,14.88
westcoast_0151,crw_071,34.375,-119.875,2.595282260306648,2001,90,90,1.0,True,0.23671428571428624,2.494999999999999,0,0,14.88
westcoast_0151,crw_071,34.375,-119.875,2.595282260306648,2002,90,90,1.0,True,0.2892857142857136,4.565499999999998,0,0,14.88
westcoast_0151,crw_071,34.375,-119.875,2.595282260306648,2003,90,90,1.0,True,1.410714285714286,58.4425,16,6,14.88
westcoast_0151,crw_071,34.375,-119.875,2.595282260306648,2004,91,91,1.0,True,0.5374285714285713,7.670999999999996,0,0,14.88
westcoast_0151,crw_071,34.375,-119.875,2.595282260306648,2005,90,90,1.0,True,1.5011428571428578,77.74549999999999,29,23,14.88
westcoast_0151,crw_071,34.375,-119.875,2.595282260306648,2006,90,90,1.0,True,0.02764285714285692,0.8940000000000001,0,0,14.88
westcoast_0151,crw_071,34.375,-119.875,2.595282260306648,2007,90,90,1.0,True,0.5182857142857138,8.156999999999995,0,0,14.88
westcoast_0151,crw_071,34.375,-119.875,2.595282260306648,2008,91,91,1.0,True,-0.36764285714285727,0.0,0,0,14.88
westcoast_0151,crw_071,34.375,-119.875,2.595282260306648,2009,90,90,1.0,True,0.030999999999999823,1.1479999999999997,0,0,14.88
westcoast_0151,crw_071,34.375,-119.875,2.595282260306648,2010,90,90,1.0,True,0.9667142857142862,40.2635,9,5,14.88
westcoast_0151,crw_071,34.375,-119.875,2.595282260306648,2011,90,90,1.0,True,0.023999999999999893,0.933500000000004,0,0,14.88
westcoast_0151,crw_071,34.375,-119.875,2.595282260306648,2012,91,91,1.0,True,0.05721428571428585,1.803500000000005,0,0,14.88
westcoast_0151,crw_071,34.375,-119.875,2.595282260306648,2013,90,90,1.0,True,0.3454285714285713,3.0094999999999956,0,0,14.88
westcoast_0151,crw_071,34.375,-119.875,2.595282260306648,2014,90,90,1.0,True,2.216857142857143,107.63049999999998,55,33,14.88
westcoast_0151,crw_071,34.375,-119.875,2.595282260306648,2015,90,90,1.0,True,3.259714285714287,219.39150000000004,90,90,14.88
westcoast_0151,crw_071,34.375,-119.875,2.595282260306648,2016,91,91,1.0,True,2.149714285714286,110.95975,46,25,14.88
westcoast_0151,crw_071,34.375,-119.875,2.595282260306648,2017,90,90,1.0,True,0.8584285714285708,26.44449999999999,0,0,14.88
westcoast_0151,crw_071,34.375,-119.875,2.595282260306648,2018,90,90,1.0,True,1.7606428571428572,64.9905,31,21,14.88
westcoast_0151,crw_071,34.375,-119.875,2.595282260306648,2019,90,90,1.0,True,1.6466428571428566,57.56649999999999,19,13,14.88
westcoast_0151,crw_071,34.375,-119.875,2.595282260306648,2020,91,91,1.0,True,1.7048214285714292,103.10075,49,12,14.88
westcoast_0151,crw_071,34.375,-119.875,2.595282260306648,2021,90,90,1.0,True,0.3102142857142852,2.551499999999999,0,0,14.88
westcoast_0151,crw_071,34.375,-119.875,2.595282260306648,2022,90,90,1.0,True,1.1004999999999996,22.74,2,2,14.88
westcoast_0151,crw_071,34.375,-119.875,2.595282260306648,2023,90,90,1.0,True,0.2820714285714284,2.744000000000007,0,0,14.88
westcoast_0151,crw_071,34.375,-119.875,2.595282260306648,2024,91,90,0.989010989010989,True,1.7300714285714283,64.55875,12,8,14.88
westcoast_0152,crw_072,34.375,-119.7750015258789,2.7693678119379617,1985,90,90,1.0,True,0.1428571428571431,1.3644999999999996,0,0,14.9
westcoast_0152,crw_072,34.375,-119.7750015258789,2.7693678119379617,1986,90,90,1.0,True,1.2478571428571423,49.818999999999996,10,6,14.9
westcoast_0152,crw_072,34.375,-119.7750015258789,2.7693678119379617,1987,90,90,1.0,True,0.959071428571429,24.016000000000002,5,2,14.9
westcoast_0152,crw_072,34.375,-119.7750015258789,2.7693678119379617,1988,91,91,1.0,True,1.0543571428571432,24.726249999999993,0,0,14.9
westcoast_0152,crw_072,34.375,-119.7750015258789,2.7693678119379617,1989,90,90,1.0,True,-0.27835714285714275,0.054999999999999716,0,0,14.9
westcoast_0152,crw_072,34.375,-119.7750015258789,2.7693678119379617,1990,90,90,1.0,True,0.9592857142857137,21.310000000000002,7,3,14.9
westcoast_0152,crw_072,34.375,-119.7750015258789,2.7693678119379617,1991,90,90,1.0,True,0.559,16.561000000000007,0,0,14.9
westcoast_0152,crw_072,34.375,-119.7750015258789,2.7693678119379617,1992,91,91,1.0,True,1.8645,86.00574999999999,40,27,14.9
westcoast_0152,crw_072,34.375,-119.7750015258789,2.7693678119379617,1993,90,90,1.0,True,1.6316428571428572,66.02550000000001,9,3,14.9
westcoast_0152,crw_072,34.375,-119.7750015258789,2.7693678119379617,1994,90,90,1.0,True,1.015071428571428,45.021,1,1,14.9
westcoast_0152,crw_072,34.375,-119.7750015258789,2.7693678119379617,1995,90,90,1.0,True,1.592285714285714,59.419,22,20,14.9
westcoast_0152,crw_072,34.375,-119.7750015258789,2.7693678119379617,1996,91,91,1.0,True,0.7890714285714291,21.158000000000012,0,0,14.9
westcoast_0152,crw_072,34.375,-119.7750015258789,2.7693678119379617,1997,90,90,1.0,True,1.1615000000000002,20.27049999999999,0,0,14.9
westcoast_0152,crw_072,34.375,-119.7750015258789,2.7693678119379617,1998,90,90,1.0,True,2.4124285714285727,153.93300000000002,70,54,14.9
westcoast_0152,crw_072,34.375,-119.7750015258789,2.7693678119379617,1999,90,90,1.0,True,-0.10271428571428487,0.16350000000000264,0,0,14.9
westcoast_0152,crw_072,34.375,-119.7750015258789,2.7693678119379617,2000,91,91,1.0,True,0.24328571428571472,3.3514999999999997,0,0,14.9
westcoast_0152,crw_072,34.375,-119.7750015258789,2.7693678119379617,2001,90,90,1.0,True,0.22342857142857092,2.578499999999991,0,0,14.9
westcoast_0152,crw_072,34.375,-119.7750015258789,2.7693678119379617,2002,90,90,1.0,True,0.24678571428571416,3.6684999999999928,0,0,14.9
westcoast_0152,crw_072,34.375,-119.7750015258789,2.7693678119379617,2003,90,90,1.0,True,1.4913571428571426,58.97699999999999,16,11,14.9
westcoast_0152,crw_072,34.375,-119.7750015258789,2.7693678119379617,2004,91,91,1.0,True,0.47528571428571326,7.0739999999999945,0,0,14.9
westcoast_0152,crw_072,34.375,-119.7750015258789,2.7693678119379617,2005,90,90,1.0,True,1.5252857142857137,80.22899999999998,27,22,14.9
westcoast_0152,crw_072,34.375,-119.7750015258789,2.7693678119379617,2006,90,90,1.0,True,0.1264285714285714,1.2604999999999986,0,0,14.9
westcoast_0152,crw_072,34.375,-119.7750015258789,2.7693678119379617,2007,90,90,1.0,True,0.5268571428571432,9.919500000000006,0,0,14.9
westcoast_0152,crw_072,34.375,-119.7750015258789,2.7693678119379617,2008,91,91,1.0,True,-0.42707142857142877,0.0,0,0,14.9
westcoast_0152,crw_072,34.375,-119.7750015258789,2.7693678119379617,2009,90,90,1.0,True,0.06085714285714339,1.301499999999999,0,0,14.9
westcoast_0152,crw_072,34.375,-119.7750015258789,2.7693678119379617,2010,90,90,1.0,True,0.9371428571428575,39.6775,7,5,14.9
westcoast_0152,crw_072,34.375,-119.7750015258789,2.7693678119379617,2011,90,90,1.0,True,0.03271428571428535,1.1124999999999954,0,0,14.9
westcoast_0152,crw_072,34.375,-119.7750015258789,2.7693678119379617,2012,91,91,1.0,True,0.10928571428571361,2.857000000000003,0,0,14.9
westcoast_0152,crw_072,34.375,-119.7750015258789,2.7693678119379617,2013,90,90,1.0,True,0.4559285714285716,3.7684999999999995,0,0,14.9
westcoast_0152,crw_072,34.375,-119.7750015258789,2.7693678119379617,2014,90,90,1.0,True,2.3522857142857143,109.60249999999998,57,33,14.9
westcoast_0152,crw_072,34.375,-119.7750015258789,2.7693678119379617,2015,90,90,1.0,True,3.2170714285714297,219.35300000000004,90,90,14.9
westcoast_0152,crw_072,34.375,-119.7750015258789,2.7693678119379617,2016,91,91,1.0,True,2.2313928571428567,114.12875,52,25,14.9
westcoast_0152,crw_072,34.375,-119.7750015258789,2.7693678119379617,2017,90,90,1.0,True,0.9236428571428564,28.62250000000001,0,0,14.9
westcoast_0152,crw_072,34.375,-119.7750015258789,2.7693678119379617,2018,90,90,1.0,True,1.7593571428571437,67.55250000000001,33,21,14.9
westcoast_0152,crw_072,34.375,-119.7750015258789,2.7693678119379617,2019,90,90,1.0,True,1.487142857142857,54.917500000000004,21,13,14.9
westcoast_0152,crw_072,34.375,-119.7750015258789,2.7693678119379617,2020,91,91,1.0,True,1.6695357142857141,103.03924999999998,52,12,14.9
westcoast_0152,crw_072,34.375,-119.7750015258789,2.7693678119379617,2021,90,90,1.0,True,0.28442857142857214,2.360500000000002,0,0,14.9
westcoast_0152,crw_072,34.375,-119.7750015258789,2.7693678119379617,2022,90,90,1.0,True,1.055,22.09700000000001,2,2,14.9
westcoast_0152,crw_072,34.375,-119.7750015258789,2.7693678119379617,2023,90,90,1.0,True,0.25014285714285783,2.5610000000000035,0,0,14.9
westcoast_0152,crw_072,34.375,-119.7750015258789,2.7693678119379617,2024,91,90,0.989010989010989,True,1.6849999999999998,64.03224999999998,14,8,14.9
westcoast_0154,crw_073,34.375,-119.5749969482422,3.1944792835867,1985,90,90,1.0,True,0.05885714285714272,0.7390000000000008,0,0,15.0
westcoast_0154,crw_073,34.375,-119.5749969482422,3.1944792835867,1986,90,90,1.0,True,1.0977142857142856,50.228999999999985,7,6,15.0
westcoast_0154,crw_073,34.375,-119.5749969482422,3.1944792835867,1987,90,90,1.0,True,0.9997142857142853,26.925999999999988,5,4,15.0
westcoast_0154,crw_073,34.375,-119.5749969482422,3.1944792835867,1988,91,91,1.0,True,1.0004285714285714,22.26899999999999,0,0,15.0
westcoast_0154,crw_073,34.375,-119.5749969482422,3.1944792835867,1989,90,90,1.0,True,-0.33007142857142796,0.0,0,0,15.0
westcoast_0154,crw_073,34.375,-119.5749969482422,3.1944792835867,1990,90,90,1.0,True,1.0962857142857143,21.2985,8,5,15.0
westcoast_0154,crw_073,34.375,-119.5749969482422,3.1944792835867,1991,90,90,1.0,True,0.5749285714285711,15.918499999999993,0,0,15.0
westcoast_0154,crw_073,34.375,-119.5749969482422,3.1944792835867,1992,91,91,1.0,True,1.874214285714286,81.2295,36,25,15.0
westcoast_0154,crw_073,34.375,-119.5749969482422,3.1944792835867,1993,90,90,1.0,True,1.6770714285714288,62.4185,9,3,15.0
westcoast_0154,crw_073,34.375,-119.5749969482422,3.1944792835867,1994,90,90,1.0,True,1.0722857142857138,45.819,3,3,15.0
westcoast_0154,crw_073,34.375,-119.5749969482422,3.1944792835867,1995,90,90,1.0,True,1.4631428571428573,56.8815,20,18,15.0
westcoast_0154,crw_073,34.375,-119.5749969482422,3.1944792835867,1996,91,91,1.0,True,0.8162142857142862,21.6315,4,4,15.0
westcoast_0154,crw_073,34.375,-119.5749969482422,3.1944792835867,1997,90,90,1.0,True,1.0975714285714289,19.831499999999995,0,0,15.0
westcoast_0154,crw_073,34.375,-119.5749969482422,3.1944792835867,1998,90,90,1.0,True,2.3577857142857153,150.12150000000003,71,55,15.0
westcoast_0154,crw_073,34.375,-119.5749969482422,3.1944792835867,1999,90,90,1.0,True,-0.24978571428571428,0.0,0,0,15.0
westcoast_0154,crw_073,34.375,-119.5749969482422,3.1944792835867,2000,91,91,1.0,True,0.15707142857142792,2.757499999999993,0,0,15.0
westcoast_0154,crw_073,34.375,-119.5749969482422,3.1944792835867,2001,90,90,1.0,True,0.12614285714285728,1.4060000000000006,0,0,15.0
westcoast_0154,crw_073,34.375,-119.5749969482422,3.1944792835867,2002,90,90,1.0,True,0.2978571428571425,4.080999999999994,0,0,15.0
westcoast_0154,crw_073,34.375,-119.5749969482422,3.1944792835867,2003,90,90,1.0,True,1.4930714285714288,59.943,15,11,15.0
westcoast_0154,crw_073,34.375,-119.5749969482422,3.1944792835867,2004,91,91,1.0,True,0.5570714285714288,8.112499999999992,0,0,15.0
westcoast_0154,crw_073,34.375,-119.5749969482422,3.1944792835867,2005,90,90,1.0,True,1.7549999999999994,76.287,22,22,15.0
westcoast_0154,crw_073,34.375,-119.5749969482422,3.1944792835867,2006,90,90,1.0,True,0.1653571428571432,1.3729999999999993,0,0,15.0
westcoast_0154,crw_073,34.375,-119.5749969482422,3.1944792835867,2007,90,90,1.0,True,0.4800714285714286,10.571999999999994,0,0,15.0
westcoast_0154,crw_073,34.375,-119.5749969482422,3.1944792835867,2008,91,91,1.0,True,-0.3894285714285718,0.0,0,0,15.0
westcoast_0154,crw_073,34.375,-119.5749969482422,3.1944792835867,2009,90,90,1.0,True,0.06721428571428564,1.3849999999999945,0,0,15.0
westcoast_0154,crw_073,34.375,-119.5749969482422,3.1944792835867,2010,90,90,1.0,True,0.8246428571428572,38.88799999999999,4,3,15.0
westcoast_0154,crw_073,34.375,-119.5749969482422,3.1944792835867,2011,90,90,1.0,True,-0.00635714285714276,0.9640000000000004,0,0,15.0
westcoast_0154,crw_073,34.375,-119.5749969482422,3.1944792835867,2012,91,91,1.0,True,0.115928571428571,3.1359999999999992,0,0,15.0
westcoast_0154,crw_073,34.375,-119.5749969482422,3.1944792835867,2013,90,90,1.0,True,0.5190000000000003,4.5390000000000015,0,0,15.0
westcoast_0154,crw_073,34.375,-119.5749969482422,3.1944792835867,2014,90,90,1.0,True,2.1941428571428574,106.02600000000001,50,23,15.0
westcoast_0154,crw_073,34.375,-119.5749969482422,3.1944792835867,2015,90,90,1.0,True,3.186142857142858,212.70600000000005,90,90,15.0
westcoast_0154,crw_073,34.375,-119.5749969482422,3.1944792835867,2016,91,91,1.0,True,2.2312857142857143,115.616,49,25,15.0
westcoast_0154,crw_073,34.375,-119.5749969482422,3.1944792835867,2017,90,90,1.0,True,0.8208571428571422,28.74649999999999,0,0,15.0
westcoast_0154,crw_073,34.375,-119.5749969482422,3.1944792835867,2018,90,90,1.0,True,1.6425,65.08,29,21,15.0
westcoast_0154,crw_073,34.375,-119.5749969482422,3.1944792835867,2019,90,90,1.0,True,1.3092142857142854,47.4865,17,7,15.0
westcoast_0154,crw_073,34.375,-119.5749969482422,3.1944792835867,2020,91,91,1.0,True,1.6346428571428575,97.86049999999999,43,10,15.0
westcoast_0154,crw_073,34.375,-119.5749969482422,3.1944792835867,2021,90,90,1.0,True,0.2415714285714292,2.021000000000001,0,0,15.0
westcoast_0154,crw_073,34.375,-119.5749969482422,3.1944792835867,2022,90,90,1.0,True,0.9567857142857142,19.704999999999995,2,2,15.0
westcoast_0154,crw_073,34.375,-119.5749969482422,3.1944792835867,2023,90,90,1.0,True,0.1876428571428573,2.240000000000002,0,0,15.0
westcoast_0154,crw_073,34.375,-119.5749969482422,3.1944792835867,2024,91,90,0.989010989010989,True,1.5962857142857143,60.289,13,8,15.0
westcoast_0162,crw_074,34.025001525878906,-120.4749984741211,1.0992296056076971,1985,90,90,1.0,True,0.2984285714285715,4.4275000000000055,0,0,14.48
westcoast_0162,crw_074,34.025001525878906,-120.4749984741211,1.0992296056076971,1986,90,90,1.0,True,0.9319285714285714,42.093500000000006,2,2,14.48
westcoast_0162,crw_074,34.025001525878906,-120.4749984741211,1.0992296056076971,1987,90,90,1.0,True,1.1576428571428572,35.980499999999985,16,7,14.48
westcoast_0162,crw_074,34.025001525878906,-120.4749984741211,1.0992296056076971,1988,91,91,1.0,True,0.9262142857142857,23.521,0,0,14.48
westcoast_0162,crw_074,34.025001525878906,-120.4749984741211,1.0992296056076971,1989,90,90,1.0,True,-0.6125714285714289,0.0,0,0,14.48
westcoast_0162,crw_074,34.025001525878906,-120.4749984741211,1.0992296056076971,1990,90,90,1.0,True,0.9045000000000003,22.694999999999997,9,3,14.48
westcoast_0162,crw_074,34.025001525878906,-120.4749984741211,1.0992296056076971,1991,90,90,1.0,True,0.7398571428571431,15.283999999999999,0,0,14.48
westcoast_0162,crw_074,34.025001525878906,-120.4749984741211,1.0992296056076971,1992,91,91,1.0,True,2.140285714285714,82.64,39,24,14.48
westcoast_0162,crw_074,34.025001525878906,-120.4749984741211,1.0992296056076971,1993,90,90,1.0,True,1.3172857142857146,71.57750000000001,7,3,14.48
westcoast_0162,crw_074,34.025001525878906,-120.4749984741211,1.0992296056076971,1994,90,90,1.0,True,1.168642857142857,47.928,11,11,14.48
westcoast_0162,crw_074,34.025001525878906,-120.4749984741211,1.0992296056076971,1995,90,90,1.0,True,1.4770714285714288,70.142,13,5,14.48
westcoast_0162,crw_074,34.025001525878906,-120.4749984741211,1.0992296056076971,1996,91,91,1.0,True,1.2102857142857142,53.3985,10,5,14.48
westcoast_0162,crw_074,34.025001525878906,-120.4749984741211,1.0992296056076971,1997,90,90,1.0,True,0.9440714285714288,12.727500000000004,0,0,14.48
westcoast_0162,crw_074,34.025001525878906,-120.4749984741211,1.0992296056076971,1998,90,90,1.0,True,2.414,157.288,63,59,14.48
westcoast_0162,crw_074,34.025001525878906,-120.4749984741211,1.0992296056076971,1999,90,90,1.0,True,-0.08699999999999974,0.5304999999999982,0,0,14.48
westcoast_0162,crw_074,34.025001525878906,-120.4749984741211,1.0992296056076971,2000,91,91,1.0,True,0.35485714285714237,2.7614999999999963,0,0,14.48
westcoast_0162,crw_074,34.025001525878906,-120.4749984741211,1.0992296056076971,2001,90,90,1.0,True,-0.05971428571428561,0.3000000000000007,0,0,14.48
westcoast_0162,crw_074,34.025001525878906,-120.4749984741211,1.0992296056076971,2002,90,90,1.0,True,0.14642857142857071,1.4809999999999928,0,0,14.48
westcoast_0162,crw_074,34.025001525878906,-120.4749984741211,1.0992296056076971,2003,90,90,1.0,True,1.0078571428571428,36.2195,5,2,14.48
westcoast_0162,crw_074,34.025001525878906,-120.4749984741211,1.0992296056076971,2004,91,91,1.0,True,0.26707142857142835,3.216000000000001,0,0,14.48
westcoast_0162,crw_074,34.025001525878906,-120.4749984741211,1.0992296056076971,2005,90,90,1.0,True,1.8577142857142857,84.4385,24,23,14.48
westcoast_0162,crw_074,34.025001525878906,-120.4749984741211,1.0992296056076971,2006,90,90,1.0,True,-0.1312857142857141,0.5465000000000018,0,0,14.48
westcoast_0162,crw_074,34.025001525878906,-120.4749984741211,1.0992296056076971,2007,90,90,1.0,True,0.31342857142857206,4.612000000000007,0,0,14.48
westcoast_0162,crw_074,34.025001525878906,-120.4749984741211,1.0992296056076971,2008,91,91,1.0,True,-0.6359999999999998,0.0,0,0,14.48
westcoast_0162,crw_074,34.025001525878906,-120.4749984741211,1.0992296056076971,2009,90,90,1.0,True,-0.0012857142857140807,0.9869999999999983,0,0,14.48
westcoast_0162,crw_074,34.025001525878906,-120.4749984741211,1.0992296056076971,2010,90,90,1.0,True,0.9145000000000001,37.0945,5,4,14.48
westcoast_0162,crw_074,34.025001525878906,-120.4749984741211,1.0992296056076971,2011,90,90,1.0,True,-0.38071428571428634,0.0,0,0,14.48
westcoast_0162,crw_074,34.025001525878906,-120.4749984741211,1.0992296056076971,2012,91,91,1.0,True,-0.3187142857142852,0.12950000000000017,0,0,14.48
westcoast_0162,crw_074,34.025001525878906,-120.4749984741211,1.0992296056076971,2013,90,90,1.0,True,-0.15542857142857155,0.6750000000000007,0,0,14.48
westcoast_0162,crw_074,34.025001525878906,-120.4749984741211,1.0992296056076971,2014,90,90,1.0,True,1.472928571428572,59.657,21,12,14.48
westcoast_0162,crw_074,34.025001525878906,-120.4749984741211,1.0992296056076971,2015,90,90,1.0,True,2.704857142857143,192.93800000000002,90,90,14.48
westcoast_0162,crw_074,34.025001525878906,-120.4749984741211,1.0992296056076971,2016,91,91,1.0,True,1.7640714285714287,102.01599999999999,52,25,14.48
westcoast_0162,crw_074,34.025001525878906,-120.4749984741211,1.0992296056076971,2017,90,90,1.0,True,0.6941428571428576,19.278,0,0,14.48
westcoast_0162,crw_074,34.025001525878906,-120.4749984741211,1.0992296056076971,2018,90,90,1.0,True,1.4120000000000006,57.1845,22,14,14.48
westcoast_0162,crw_074,34.025001525878906,-120.4749984741211,1.0992296056076971,2019,90,90,1.0,True,1.371142857142857,52.4075,16,7,14.48
westcoast_0162,crw_074,34.025001525878906,-120.4749984741211,1.0992296056076971,2020,91,91,1.0,True,1.5041428571428572,57.89999999999999,6,2,14.48
westcoast_0162,crw_074,34.025001525878906,-120.4749984741211,1.0992296056076971,2021,90,90,1.0,True,0.16342857142857145,1.4344999999999999,0,0,14.48
westcoast_0162,crw_074,34.025001525878906,-120.4749984741211,1.0992296056076971,2022,90,90,1.0,True,0.729928571428572,13.582000000000006,0,0,14.48
westcoast_0162,crw_074,34.025001525878906,-120.4749984741211,1.0992296056076971,2023,90,90,1.0,True,0.25185714285714333,2.3095000000000034,0,0,14.48
westcoast_0162,crw_074,34.025001525878906,-120.4749984741211,1.0992296056076971,2024,91,90,0.989010989010989,True,1.6772857142857143,76.59300000000002,19,8,14.48
westcoast_0163,crw_075,34.025001525878906,-120.375,0.8932731870796795,1985,90,90,1.0,True,0.2727142857142858,3.9375000000000036,0,0,14.496000000000002
westcoast_0163,crw_075,34.025001525878906,-120.375,0.8932731870796795,1986,90,90,1.0,True,0.9097857142857144,44.90299999999999,0,0,14.496000000000002
westcoast_0163,crw_075,34.025001525878906,-120.375,0.8932731870796795,1987,90,90,1.0,True,1.1049999999999993,35.11449999999999,19,14,14.496000000000002
westcoast_0163,crw_075,34.025001525878906,-120.375,0.8932731870796795,1988,91,91,1.0,True,0.9087857142857138,25.015749999999986,0,0,14.496000000000002
westcoast_0163,crw_075,34.025001525878906,-120.375,0.8932731870796795,1989,90,90,1.0,True,-0.6131428571428571,0.0,0,0,14.496000000000002
westcoast_0163,crw_075,34.025001525878906,-120.375,0.8932731870796795,1990,90,90,1.0,True,0.9771428571428569,23.6085,13,9,14.496000000000002
westcoast_0163,crw_075,34.025001525878906,-120.375,0.8932731870796795,1991,90,90,1.0,True,0.8931428571428578,18.744,0,0,14.496000000000002
westcoast_0163,crw_075,34.025001525878906,-120.375,0.8932731870796795,1992,91,91,1.0,True,2.1768571428571426,83.37274999999998,38,24,14.496000000000002
westcoast_0163,crw_075,34.025001525878906,-120.375,0.8932731870796795,1993,90,90,1.0,True,1.3387857142857142,71.932,11,3,14.496000000000002
westcoast_0163,crw_075,34.025001525878906,-120.375,0.8932731870796795,1994,90,90,1.0,True,1.1354285714285712,46.138,8,8,14.496000000000002
westcoast_0163,crw_075,34.025001525878906,-120.375,0.8932731870796795,1995,90,90,1.0,True,1.4302857142857142,73.76099999999998,14,10,14.496000000000002
westcoast_0163,crw_075,34.025001525878906,-120.375,0.8932731870796795,1996,91,91,1.0,True,1.263785714285714,48.46224999999998,7,5,14.496000000000002
westcoast_0163,crw_075,34.025001525878906,-120.375,0.8932731870796795,1997,90,90,1.0,True,1.0009285714285707,14.554999999999993,0,0,14.496000000000002
westcoast_0163,crw_075,34.025001525878906,-120.375,0.8932731870796795,1998,90,90,1.0,True,2.4512142857142862,160.24849999999998,65,59,14.496000000000002
westcoast_0163,crw_075,34.025001525878906,-120.375,0.8932731870796795,1999,90,90,1.0,True,-0.103214285714286,0.5224999999999991,0,0,14.496000000000002
westcoast_0163,crw_075,34.025001525878906,-120.375,0.8932731870796795,2000,91,91,1.0,True,0.21407142857142855,1.7150000000000016,0,0,14.496000000000002
westcoast_0163,crw_075,34.025001525878906,-120.375,0.8932731870796795,2001,90,90,1.0,True,-0.0302142857142861,0.46049999999999613,0,0,14.496000000000002
westcoast_0163,crw_075,34.025001525878906,-120.375,0.8932731870796795,2002,90,90,1.0,True,0.2770714285714284,2.6174999999999926,0,0,14.496000000000002
westcoast_0163,crw_075,34.025001525878906,-120.375,0.8932731870796795,2003,90,90,1.0,True,1.017642857142857,35.941,6,3,14.496000000000002
westcoast_0163,crw_075,34.025001525878906,-120.375,0.8932731870796795,2004,91,91,1.0,True,0.319999999999999,3.3274999999999935,0,0,14.496000000000002
westcoast_0163,crw_075,34.025001525878906,-120.375,0.8932731870796795,2005,90,90,1.0,True,1.8514285714285705,83.11099999999999,26,23,14.496000000000002
westcoast_0163,crw_075,34.025001525878906,-120.375,0.8932731870796795,2006,90,90,1.0,True,-0.2312857142857145,0.2829999999999977,0,0,14.496000000000002
westcoast_0163,crw_075,34.025001525878906,-120.375,0.8932731870796795,2007,90,90,1.0,True,0.4432857142857148,6.796000000000008,0,0,14.496000000000002
westcoast_0163,crw_075,34.025001525878906,-120.375,0.8932731870796795,2008,91,91,1.0,True,-0.5642142857142856,0.0,0,0,14.496000000000002
westcoast_0163,crw_075,34.025001525878906,-120.375,0.8932731870796795,2009,90,90,1.0,True,-0.03142857142857051,1.0035000000000025,0,0,14.496000000000002
westcoast_0163,crw_075,34.025001525878906,-120.375,0.8932731870796795,2010,90,90,1.0,True,0.9707857142857146,37.026,8,5,14.496000000000002
westcoast_0163,crw_075,34.025001525878906,-120.375,0.8932731870796795,2011,90,90,1.0,True,-0.40728571428571414,0.0,0,0,14.496000000000002
westcoast_0163,crw_075,34.025001525878906,-120.375,0.8932731870796795,2012,91,91,1.0,True,-0.28414285714285775,0.006999999999999673,0,0,14.496000000000002
westcoast_0163,crw_075,34.025001525878906,-120.375,0.8932731870796795,2013,90,90,1.0,True,-0.14742857142857144,0.6150000000000002,0,0,14.496000000000002
westcoast_0163,crw_075,34.025001525878906,-120.375,0.8932731870796795,2014,90,90,1.0,True,1.469714285714286,62.696,21,12,14.496000000000002
westcoast_0163,crw_075,34.025001525878906,-120.375,0.8932731870796795,2015,90,90,1.0,True,2.7017142857142864,191.20850000000002,90,90,14.496000000000002
westcoast_0163,crw_075,34.025001525878906,-120.375,0.8932731870796795,2016,91,91,1.0,True,1.8075357142857142,104.32625,54,25,14.496000000000002
westcoast_0163,crw_075,34.025001525878906,-120.375,0.8932731870796795,2017,90,90,1.0,True,0.6607857142857133,17.974,0,0,14.496000000000002
westcoast_0163,crw_075,34.025001525878906,-120.375,0.8932731870796795,2018,90,90,1.0,True,1.3471428571428568,54.2845,23,14,14.496000000000002
westcoast_0163,crw_075,34.025001525878906,-120.375,0.8932731870796795,2019,90,90,1.0,True,1.451214285714286,51.803,18,10,14.496000000000002
westcoast_0163,crw_075,34.025001525878906,-120.375,0.8932731870796795,2020,91,91,1.0,True,1.5019999999999991,59.420249999999996,6,2,14.496000000000002
westcoast_0163,crw_075,34.025001525878906,-120.375,0.8932731870796795,2021,90,90,1.0,True,0.12764285714285759,1.1490000000000027,0,0,14.496000000000002
westcoast_0163,crw_075,34.025001525878906,-120.375,0.8932731870796795,2022,90,90,1.0,True,0.7939999999999999,13.584500000000002,0,0,14.496000000000002
westcoast_0163,crw_075,34.025001525878906,-120.375,0.8932731870796795,2023,90,90,1.0,True,0.17907142857142894,1.5775000000000023,0,0,14.496000000000002
westcoast_0163,crw_075,34.025001525878906,-120.375,0.8932731870796795,2024,91,90,0.989010989010989,True,1.7429999999999992,71.67625,17,9,14.496000000000002
westcoast_0164,crw_076,34.025001525878906,-120.2750015258789,0.7829701433124768,1985,90,90,1.0,True,0.2331428571428571,3.418999999999995,0,0,14.566000000000003
westcoast_0164,crw_076,34.025001525878906,-120.2750015258789,0.7829701433124768,1986,90,90,1.0,True,0.8386428571428571,46.55299999999999,0,0,14.566000000000003
westcoast_0164,crw_076,34.025001525878906,-120.2750015258789,0.7829701433124768,1987,90,90,1.0,True,1.1236428571428567,34.2535,19,14,14.566000000000003
westcoast_0164,crw_076,34.025001525878906,-120.2750015258789,0.7829701433124768,1988,91,91,1.0,True,0.8550000000000002,24.707750000000004,0,0,14.566000000000003
westcoast_0164,crw_076,34.025001525878906,-120.2750015258789,0.7829701433124768,1989,90,90,1.0,True,-0.6850000000000005,0.0,0,0,14.566000000000003
westcoast_0164,crw_076,34.025001525878906,-120.2750015258789,0.7829701433124768,1990,90,90,1.0,True,1.0531428571428576,24.439,13,9,14.566000000000003
westcoast_0164,crw_076,34.025001525878906,-120.2750015258789,0.7829701433124768,1991,90,90,1.0,True,0.9744285714285711,22.252000000000002,0,0,14.566000000000003
westcoast_0164,crw_076,34.025001525878906,-120.2750015258789,0.7829701433124768,1992,91,91,1.0,True,2.1707142857142854,83.50774999999999,37,24,14.566000000000003
westcoast_0164,crw_076,34.025001525878906,-120.2750015258789,0.7829701433124768,1993,90,90,1.0,True,1.3265714285714285,70.51899999999999,12,3,14.566000000000003
westcoast_0164,crw_076,34.025001525878906,-120.2750015258789,0.7829701433124768,1994,90,90,1.0,True,1.1032857142857135,44.2195,6,3,14.566000000000003
westcoast_0164,crw_076,34.025001525878906,-120.2750015258789,0.7829701433124768,1995,90,90,1.0,True,1.3960000000000004,74.11449999999999,14,10,14.566000000000003
westcoast_0164,crw_076,34.025001525878906,-120.2750015258789,0.7829701433124768,1996,91,91,1.0,True,1.308,45.17675,9,5,14.566000000000003
westcoast_0164,crw_076,34.025001525878906,-120.2750015258789,0.7829701433124768,1997,90,90,1.0,True,0.9633571428571427,15.445999999999996,0,0,14.566000000000003
westcoast_0164,crw_076,34.025001525878906,-120.2750015258789,0.7829701433124768,1998,90,90,1.0,True,2.476785714285714,163.789,67,60,14.566000000000003
westcoast_0164,crw_076,34.025001525878906,-120.2750015258789,0.7829701433124768,1999,90,90,1.0,True,-0.12228571428571477,0.4289999999999985,0,0,14.566000000000003
westcoast_0164,crw_076,34.025001525878906,-120.2750015258789,0.7829701433124768,2000,91,91,1.0,True,0.15514285714285667,1.3159999999999954,0,0,14.566000000000003
westcoast_0164,crw_076,34.025001525878906,-120.2750015258789,0.7829701433124768,2001,90,90,1.0,True,-0.021999999999999735,0.6095000000000041,0,0,14.566000000000003
westcoast_0164,crw_076,34.025001525878906,-120.2750015258789,0.7829701433124768,2002,90,90,1.0,True,0.39557142857142885,3.9609999999999985,0,0,14.566000000000003
westcoast_0164,crw_076,34.025001525878906,-120.2750015258789,0.7829701433124768,2003,90,90,1.0,True,1.0181428571428572,36.16499999999999,4,3,14.566000000000003
westcoast_0164,crw_076,34.025001525878906,-120.2750015258789,0.7829701433124768,2004,91,91,1.0,True,0.4300714285714281,4.8749999999999964,0,0,14.566000000000003
westcoast_0164,crw_076,34.025001525878906,-120.2750015258789,0.7829701433124768,2005,90,90,1.0,True,1.8264285714285708,81.55549999999998,22,11,14.566000000000003
westcoast_0164,crw_076,34.025001525878906,-120.2750015258789,0.7829701433124768,2006,90,90,1.0,True,-0.2995000000000004,0.0860000000000003,0,0,14.566000000000003
westcoast_0164,crw_076,34.025001525878906,-120.2750015258789,0.7829701433124768,2007,90,90,1.0,True,0.5237142857142858,8.899499999999993,0,0,14.566000000000003
westcoast_0164,crw_076,34.025001525878906,-120.2750015258789,0.7829701433124768,2008,91,91,1.0,True,-0.5234285714285717,0.0,0,0,14.566000000000003
westcoast_0164,crw_076,34.025001525878906,-120.2750015258789,0.7829701433124768,2009,90,90,1.0,True,-0.06978571428571456,0.7765000000000004,0,0,14.566000000000003
westcoast_0164,crw_076,34.025001525878906,-120.2750015258789,0.7829701433124768,2010,90,90,1.0,True,1.0073571428571426,36.65999999999998,9,6,14.566000000000003
westcoast_0164,crw_076,34.025001525878906,-120.2750015258789,0.7829701433124768,2011,90,90,1.0,True,-0.39742857142857196,0.0,0,0,14.566000000000003
westcoast_0164,crw_076,34.025001525878906,-120.2750015258789,0.7829701433124768,2012,91,91,1.0,True,-0.1532142857142862,0.18350000000000044,0,0,14.566000000000003
westcoast_0164,crw_076,34.025001525878906,-120.2750015258789,0.7829701433124768,2013,90,90,1.0,True,-0.16928571428571462,0.46799999999999997,0,0,14.566000000000003
westcoast_0164,crw_076,34.025001525878906,-120.2750015258789,0.7829701433124768,2014,90,90,1.0,True,1.3707857142857136,67.95399999999998,21,12,14.566000000000003
westcoast_0164,crw_076,34.025001525878906,-120.2750015258789,0.7829701433124768,2015,90,90,1.0,True,2.705142857142857,191.13899999999998,90,90,14.566000000000003
westcoast_0164,crw_076,34.025001525878906,-120.2750015258789,0.7829701433124768,2016,91,91,1.0,True,1.8527500000000001,107.45624999999998,54,25,14.566000000000003
westcoast_0164,crw_076,34.025001525878906,-120.2750015258789,0.7829701433124768,2017,90,90,1.0,True,0.7061428571428569,17.478999999999992,0,0,14.566000000000003
westcoast_0164,crw_076,34.025001525878906,-120.2750015258789,0.7829701433124768,2018,90,90,1.0,True,1.2825714285714287,53.24749999999999,24,14,14.566000000000003
westcoast_0164,crw_076,34.025001525878906,-120.2750015258789,0.7829701433124768,2019,90,90,1.0,True,1.5410714285714282,51.49899999999998,15,9,14.566000000000003
westcoast_0164,crw_076,34.025001525878906,-120.2750015258789,0.7829701433124768,2020,91,91,1.0,True,1.4993571428571428,61.78075,4,2,14.566000000000003
westcoast_0164,crw_076,34.025001525878906,-120.2750015258789,0.7829701433124768,2021,90,90,1.0,True,0.13542857142857098,1.1709999999999958,0,0,14.566000000000003
westcoast_0164,crw_076,34.025001525878906,-120.2750015258789,0.7829701433124768,2022,90,90,1.0,True,0.8304999999999997,13.537499999999987,1,1,14.566000000000003
westcoast_0164,crw_076,34.025001525878906,-120.2750015258789,0.7829701433124768,2023,90,90,1.0,True,0.17542857142857113,1.4704999999999995,0,0,14.566000000000003
westcoast_0164,crw_076,34.025001525878906,-120.2750015258789,0.7829701433124768,2024,91,90,0.989010989010989,True,1.7802857142857145,68.52775,16,9,14.566000000000003
westcoast_0165,crw_077,34.025001525878906,-120.1750030517578,0.808468615203544,1985,90,90,1.0,True,0.21892857142857203,2.9505000000000052,0,0,14.65
westcoast_0165,crw_077,34.025001525878906,-120.1750030517578,0.808468615203544,1986,90,90,1.0,True,0.8645000000000002,47.4415,0,0,14.65
westcoast_0165,crw_077,34.025001525878906,-120.1750030517578,0.808468615203544,1987,90,90,1.0,True,1.1274285714285714,33.1215,14,8,14.65
westcoast_0165,crw_077,34.025001525878906,-120.1750030517578,0.808468615203544,1988,91,91,1.0,True,0.8485000000000001,23.865250000000007,0,0,14.65
westcoast_0165,crw_077,34.025001525878906,-120.1750030517578,0.808468615203544,1989,90,90,1.0,True,-0.762928571428571,0.0,0,0,14.65
westcoast_0165,crw_077,34.025001525878906,-120.1750030517578,0.808468615203544,1990,90,90,1.0,True,1.0817857142857137,24.695000000000007,13,9,14.65
westcoast_0165,crw_077,34.025001525878906,-120.1750030517578,0.808468615203544,1991,90,90,1.0,True,0.9805714285714284,24.7615,0,0,14.65
westcoast_0165,crw_077,34.025001525878906,-120.1750030517578,0.808468615203544,1992,91,91,1.0,True,2.161357142857143,82.71075000000002,35,24,14.65
westcoast_0165,crw_077,34.025001525878906,-120.1750030517578,0.808468615203544,1993,90,90,1.0,True,1.319357142857143,69.5865,12,3,14.65
westcoast_0165,crw_077,34.025001525878906,-120.1750030517578,0.808468615203544,1994,90,90,1.0,True,1.0747142857142862,42.095500000000015,6,3,14.65
westcoast_0165,crw_077,34.025001525878906,-120.1750030517578,0.808468615203544,1995,90,90,1.0,True,1.4094285714285715,72.0765,13,9,14.65
westcoast_0165,crw_077,34.025001525878906,-120.1750030517578,0.808468615203544,1996,91,91,1.0,True,1.3399285714285711,42.68825000000001,9,5,14.65
westcoast_0165,crw_077,34.025001525878906,-120.1750030517578,0.808468615203544,1997,90,90,1.0,True,0.8949999999999998,15.555999999999997,0,0,14.65
westcoast_0165,crw_077,34.025001525878906,-120.1750030517578,0.808468615203544,1998,90,90,1.0,True,2.493928571428572,166.4245,70,60,14.65
westcoast_0165,crw_077,34.025001525878906,-120.1750030517578,0.808468615203544,1999,90,90,1.0,True,-0.17042857142857062,0.24150000000000027,0,0,14.65
westcoast_0165,crw_077,34.025001525878906,-120.1750030517578,0.808468615203544,2000,91,91,1.0,True,0.15935714285714273,1.299999999999999,0,0,14.65
westcoast_0165,crw_077,34.025001525878906,-120.1750030517578,0.808468615203544,2001,90,90,1.0,True,-0.007714285714286261,0.716999999999997,0,0,14.65
westcoast_0165,crw_077,34.025001525878906,-120.1750030517578,0.808468615203544,2002,90,90,1.0,True,0.45857142857142896,5.013999999999999,0,0,14.65
westcoast_0165,crw_077,34.025001525878906,-120.1750030517578,0.808468615203544,2003,90,90,1.0,True,0.9782142857142849,36.49900000000001,5,3,14.65
westcoast_0165,crw_077,34.025001525878906,-120.1750030517578,0.808468615203544,2004,91,91,1.0,True,0.5056428571428572,5.769499999999999,0,0,14.65
westcoast_0165,crw_077,34.025001525878906,-120.1750030517578,0.808468615203544,2005,90,90,1.0,True,1.7750714285714284,79.851,18,9,14.65
westcoast_0165,crw_077,34.025001525878906,-120.1750030517578,0.808468615203544,2006,90,90,1.0,True,-0.2610714285714289,0.0,0,0,14.65
westcoast_0165,crw_077,34.025001525878906,-120.1750030517578,0.808468615203544,2007,90,90,1.0,True,0.568142857142857,10.202,0,0,14.65
westcoast_0165,crw_077,34.025001525878906,-120.1750030517578,0.808468615203544,2008,91,91,1.0,True,-0.5404285714285716,0.0,0,0,14.65
westcoast_0165,crw_077,34.025001525878906,-120.1750030517578,0.808468615203544,2009,90,90,1.0,True,-0.13000000000000028,0.43000000000000327,0,0,14.65
westcoast_0165,crw_077,34.025001525878906,-120.1750030517578,0.808468615203544,2010,90,90,1.0,True,1.0189285714285716,35.73000000000001,7,5,14.65
westcoast_0165,crw_077,34.025001525878906,-120.1750030517578,0.808468615203544,2011,90,90,1.0,True,-0.3217142857142858,0.0,0,0,14.65
westcoast_0165,crw_077,34.025001525878906,-120.1750030517578,0.808468615203544,2012,91,91,1.0,True,-0.009142857142857912,0.5634999999999977,0,0,14.65
westcoast_0165,crw_077,34.025001525878906,-120.1750030517578,0.808468615203544,2013,90,90,1.0,True,-0.15149999999999966,0.3585000000000029,0,0,14.65
westcoast_0165,crw_077,34.025001525878906,-120.1750030517578,0.808468615203544,2014,90,90,1.0,True,1.3684999999999998,74.362,25,13,14.65
westcoast_0165,crw_077,34.025001525878906,-120.1750030517578,0.808468615203544,2015,90,90,1.0,True,2.7165,192.8845,88,82,14.65
westcoast_0165,crw_077,34.025001525878906,-120.1750030517578,0.808468615203544,2016,91,91,1.0,True,1.8961785714285713,109.02325,51,25,14.65
westcoast_0165,crw_077,34.025001525878906,-120.1750030517578,0.808468615203544,2017,90,90,1.0,True,0.7842857142857144,17.925999999999995,0,0,14.65
westcoast_0165,crw_077,34.025001525878906,-120.1750030517578,0.808468615203544,2018,90,90,1.0,True,1.3467142857142858,54.19199999999999,26,14,14.65
westcoast_0165,crw_077,34.025001525878906,-120.1750030517578,0.808468615203544,2019,90,90,1.0,True,1.5899999999999996,51.301,13,8,14.65
westcoast_0165,crw_077,34.025001525878906,-120.1750030517578,0.808468615203544,2020,91,91,1.0,True,1.471142857142857,63.39875,4,2,14.65
westcoast_0165,crw_077,34.025001525878906,-120.1750030517578,0.808468615203544,2021,90,90,1.0,True,0.15478571428571491,1.1770000000000067,0,0,14.65
westcoast_0165,crw_077,34.025001525878906,-120.1750030517578,0.808468615203544,2022,90,90,1.0,True,0.8407857142857138,12.804500000000004,0,0,14.65
westcoast_0165,crw_077,34.025001525878906,-120.1750030517578,0.808468615203544,2023,90,90,1.0,True,0.2097142857142862,1.7295000000000051,0,0,14.65
westcoast_0165,crw_077,34.025001525878906,-120.1750030517578,0.808468615203544,2024,91,90,0.989010989010989,True,1.7889285714285712,65.91475,13,9,14.65
westcoast_0166,crw_078,34.025001525878906,-120.0749969482422,0.958583334427255,1985,90,90,1.0,True,0.22421428571428542,2.7554999999999925,0,0,14.73
westcoast_0166,crw_078,34.025001525878906,-120.0749969482422,0.958583334427255,1986,90,90,1.0,True,0.9386428571428566,48.26899999999998,4,4,14.73
westcoast_0166,crw_078,34.025001525878906,-120.0749969482422,0.958583334427255,1987,90,90,1.0,True,1.1099999999999999,31.737499999999994,13,8,14.73
westcoast_0166,crw_078,34.025001525878906,-120.0749969482422,0.958583334427255,1988,91,91,1.0,True,0.888357142857143,23.171499999999995,0,0,14.73
westcoast_0166,crw_078,34.025001525878906,-120.0749969482422,0.958583334427255,1989,90,90,1.0,True,-0.7667857142857145,0.0,0,0,14.73
westcoast_0166,crw_078,34.025001525878906,-120.0749969482422,0.958583334427255,1990,90,90,1.0,True,1.0771428571428572,24.514499999999998,12,7,14.73
westcoast_0166,crw_078,34.025001525878906,-120.0749969482422,0.958583334427255,1991,90,90,1.0,True,0.9551428571428561,26.566999999999986,0,0,14.73
westcoast_0166,crw_078,34.025001525878906,-120.0749969482422,0.958583334427255,1992,91,91,1.0,True,2.1303571428571426,80.50099999999999,35,24,14.73
westcoast_0166,crw_078,34.025001525878906,-120.0749969482422,0.958583334427255,1993,90,90,1.0,True,1.3483571428571433,69.16999999999999,10,3,14.73
westcoast_0166,crw_078,34.025001525878906,-120.0749969482422,0.958583334427255,1994,90,90,1.0,True,1.0329285714285714,40.275499999999994,5,3,14.73
westcoast_0166,crw_078,34.025001525878906,-120.0749969482422,0.958583334427255,1995,90,90,1.0,True,1.4257142857142855,68.71349999999998,13,10,14.73
westcoast_0166,crw_078,34.025001525878906,-120.0749969482422,0.958583334427255,1996,91,91,1.0,True,1.3310714285714293,40.141499999999986,10,6,14.73
westcoast_0166,crw_078,34.025001525878906,-120.0749969482422,0.958583334427255,1997,90,90,1.0,True,0.8846428571428567,15.279999999999998,0,0,14.73
westcoast_0166,crw_078,34.025001525878906,-120.0749969482422,0.958583334427255,1998,90,90,1.0,True,2.495285714285715,167.308,71,60,14.73
westcoast_0166,crw_078,34.025001525878906,-120.0749969482422,0.958583334427255,1999,90,90,1.0,True,-0.2262142857142861,0.1294999999999984,0,0,14.73
westcoast_0166,crw_078,34.025001525878906,-120.0749969482422,0.958583334427255,2000,91,91,1.0,True,0.19028571428571364,1.4519999999999929,0,0,14.73
westcoast_0166,crw_078,34.025001525878906,-120.0749969482422,0.958583334427255,2001,90,90,1.0,True,0.02142857142857148,0.7509999999999994,0,0,14.73
westcoast_0166,crw_078,34.025001525878906,-120.0749969482422,0.958583334427255,2002,90,90,1.0,True,0.4640714285714286,5.270499999999995,0,0,14.73
westcoast_0166,crw_078,34.025001525878906,-120.0749969482422,0.958583334427255,2003,90,90,1.0,True,0.9444285714285715,37.475999999999985,6,2,14.73
westcoast_0166,crw_078,34.025001525878906,-120.0749969482422,0.958583334427255,2004,91,91,1.0,True,0.4944999999999999,5.927999999999999,0,0,14.73
westcoast_0166,crw_078,34.025001525878906,-120.0749969482422,0.958583334427255,2005,90,90,1.0,True,1.6647142857142858,77.24799999999998,17,7,14.73
westcoast_0166,crw_078,34.025001525878906,-120.0749969482422,0.958583334427255,2006,90,90,1.0,True,-0.16614285714285768,0.0,0,0,14.73
westcoast_0166,crw_078,34.025001525878906,-120.0749969482422,0.958583334427255,2007,90,90,1.0,True,0.5816428571428561,10.527499999999991,0,0,14.73
westcoast_0166,crw_078,34.025001525878906,-120.0749969482422,0.958583334427255,2008,91,91,1.0,True,-0.61,0.0,0,0,14.73
westcoast_0166,crw_078,34.025001525878906,-120.0749969482422,0.958583334427255,2009,90,90,1.0,True,-0.16571428571428598,0.22949999999999982,0,0,14.73
westcoast_0166,crw_078,34.025001525878906,-120.0749969482422,0.958583334427255,2010,90,90,1.0,True,1.0080000000000005,33.647,6,5,14.73
westcoast_0166,crw_078,34.025001525878906,-120.0749969482422,0.958583334427255,2011,90,90,1.0,True,-0.21107142857142844,0.05799999999999983,0,0,14.73
westcoast_0166,crw_078,34.025001525878906,-120.0749969482422,0.958583334427255,2012,91,91,1.0,True,0.06857142857142863,0.844000000000003,0,0,14.73
westcoast_0166,crw_078,34.025001525878906,-120.0749969482422,0.958583334427255,2013,90,90,1.0,True,-0.07249999999999979,0.32649999999999935,0,0,14.73
westcoast_0166,crw_078,34.025001525878906,-120.0749969482422,0.958583334427255,2014,90,90,1.0,True,1.523785714285714,79.45999999999998,28,9,14.73
westcoast_0166,crw_078,34.025001525878906,-120.0749969482422,0.958583334427255,2015,90,90,1.0,True,2.7317142857142853,194.228,88,82,14.73
westcoast_0166,crw_078,34.025001525878906,-120.0749969482422,0.958583334427255,2016,91,91,1.0,True,1.9318571428571423,108.20499999999998,48,25,14.73
westcoast_0166,crw_078,34.025001525878906,-120.0749969482422,0.958583334427255,2017,90,90,1.0,True,0.8054999999999995,18.00399999999999,0,0,14.73
westcoast_0166,crw_078,34.025001525878906,-120.0749969482422,0.958583334427255,2018,90,90,1.0,True,1.363071428571428,56.52349999999999,24,14,14.73
westcoast_0166,crw_078,34.025001525878906,-120.0749969482422,0.958583334427255,2019,90,90,1.0,True,1.5889285714285715,50.94049999999999,13,8,14.73
westcoast_0166,crw_078,34.025001525878906,-120.0749969482422,0.958583334427255,2020,91,91,1.0,True,1.4067142857142854,67.10249999999998,4,2,14.73
westcoast_0166,crw_078,34.025001525878906,-120.0749969482422,0.958583334427255,2021,90,90,1.0,True,0.18228571428571375,1.3569999999999958,0,0,14.73
westcoast_0166,crw_078,34.025001525878906,-120.0749969482422,0.958583334427255,2022,90,90,1.0,True,0.8309999999999995,13.217999999999993,0,0,14.73
westcoast_0166,crw_078,34.025001525878906,-120.0749969482422,0.958583334427255,2023,90,90,1.0,True,0.20957142857142838,1.7754999999999992,0,0,14.73
westcoast_0166,crw_078,34.025001525878906,-120.0749969482422,0.958583334427255,2024,91,90,0.989010989010989,True,1.7585714285714287,63.71749999999999,12,9,14.73
westcoast_0167,crw_079,34.025001525878906,-119.9749984741211,1.1874077167353645,1985,90,90,1.0,True,0.22164285714285725,2.6640000000000033,0,0,14.81
westcoast_0167,crw_079,34.025001525878906,-119.9749984741211,1.1874077167353645,1986,90,90,1.0,True,1.0328571428571431,49.4785,7,4,14.81
westcoast_0167,crw_079,34.025001525878906,-119.9749984741211,1.1874077167353645,1987,90,90,1.0,True,1.0760000000000007,30.740000000000002,13,8,14.81
westcoast_0167,crw_079,34.025001525878906,-119.9749984741211,1.1874077167353645,1988,91,91,1.0,True,0.9099285714285715,22.588999999999995,0,0,14.81
westcoast_0167,crw_079,34.025001525878906,-119.9749984741211,1.1874077167353645,1989,90,90,1.0,True,-0.7184999999999998,0.0,0,0,14.81
westcoast_0167,crw_079,34.025001525878906,-119.9749984741211,1.1874077167353645,1990,90,90,1.0,True,1.0479285714285709,24.458499999999994,11,7,14.81
westcoast_0167,crw_079,34.025001525878906,-119.9749984741211,1.1874077167353645,1991,90,90,1.0,True,0.925714285714285,27.842999999999996,0,0,14.81
westcoast_0167,crw_079,34.025001525878906,-119.9749984741211,1.1874077167353645,1992,91,91,1.0,True,2.0743571428571426,77.785,34,24,14.81
westcoast_0167,crw_079,34.025001525878906,-119.9749984741211,1.1874077167353645,1993,90,90,1.0,True,1.3886428571428568,68.745,10,3,14.81
westcoast_0167,crw_079,34.025001525878906,-119.9749984741211,1.1874077167353645,1994,90,90,1.0,True,0.9967142857142856,39.11599999999999,3,3,14.81
westcoast_0167,crw_079,34.025001525878906,-119.9749984741211,1.1874077167353645,1995,90,90,1.0,True,1.4559285714285715,65.62200000000001,15,11,14.81
westcoast_0167,crw_079,34.025001525878906,-119.9749984741211,1.1874077167353645,1996,91,91,1.0,True,1.287857142857143,37.308,8,6,14.81
westcoast_0167,crw_079,34.025001525878906,-119.9749984741211,1.1874077167353645,1997,90,90,1.0,True,0.9386428571428572,14.687999999999995,0,0,14.81
westcoast_0167,crw_079,34.025001525878906,-119.9749984741211,1.1874077167353645,1998,90,90,1.0,True,2.4943571428571434,165.9635,73,60,14.81
westcoast_0167,crw_079,34.025001525878906,-119.9749984741211,1.1874077167353645,1999,90,90,1.0,True,-0.2522857142857138,0.061500000000000554,0,0,14.81
westcoast_0167,crw_079,34.025001525878906,-119.9749984741211,1.1874077167353645,2000,91,91,1.0,True,0.19849999999999973,1.5169999999999977,0,0,14.81
westcoast_0167,crw_079,34.025001525878906,-119.9749984741211,1.1874077167353645,2001,90,90,1.0,True,0.06249999999999974,0.894499999999999,0,0,14.81
westcoast_0167,crw_079,34.025001525878906,-119.9749984741211,1.1874077167353645,2002,90,90,1.0,True,0.4502857142857147,4.782499999999997,0,0,14.81
westcoast_0167,crw_079,34.025001525878906,-119.9749984741211,1.1874077167353645,2003,90,90,1.0,True,0.9614999999999997,39.841499999999996,5,2,14.81
westcoast_0167,crw_079,34.025001525878906,-119.9749984741211,1.1874077167353645,2004,91,91,1.0,True,0.4552857142857147,5.668000000000003,0,0,14.81
westcoast_0167,crw_079,34.025001525878906,-119.9749984741211,1.1874077167353645,2005,90,90,1.0,True,1.5444285714285713,74.618,12,5,14.81
westcoast_0167,crw_079,34.025001525878906,-119.9749984741211,1.1874077167353645,2006,90,90,1.0,True,-0.027214285714285986,0.31099999999999994,0,0,14.81
westcoast_0167,crw_079,34.025001525878906,-119.9749984741211,1.1874077167353645,2007,90,90,1.0,True,0.5722142857142851,10.173499999999999,0,0,14.81
westcoast_0167,crw_079,34.025001525878906,-119.9749984741211,1.1874077167353645,2008,91,91,1.0,True,-0.5629999999999998,0.0,0,0,14.81
westcoast_0167,crw_079,34.025001525878906,-119.9749984741211,1.1874077167353645,2009,90,90,1.0,True,-0.17821428571428655,0.11250000000000249,0,0,14.81
westcoast_0167,crw_079,34.025001525878906,-119.9749984741211,1.1874077167353645,2010,90,90,1.0,True,0.9749999999999999,31.209500000000002,7,5,14.81
westcoast_0167,crw_079,34.025001525878906,-119.9749984741211,1.1874077167353645,2011,90,90,1.0,True,-0.12285714285714253,0.24600000000000044,0,0,14.81
westcoast_0167,crw_079,34.025001525878906,-119.9749984741211,1.1874077167353645,2012,91,91,1.0,True,0.0764999999999996,0.8779999999999983,0,0,14.81
westcoast_0167,crw_079,34.025001525878906,-119.9749984741211,1.1874077167353645,2013,90,90,1.0,True,0.00721428571428565,0.37100000000000044,0,0,14.81
westcoast_0167,crw_079,34.025001525878906,-119.9749984741211,1.1874077167353645,2014,90,90,1.0,True,1.6813571428571428,83.18750000000001,32,10,14.81
westcoast_0167,crw_079,34.025001525878906,-119.9749984741211,1.1874077167353645,2015,90,90,1.0,True,2.751357142857144,194.95350000000002,88,82,14.81
westcoast_0167,crw_079,34.025001525878906,-119.9749984741211,1.1874077167353645,2016,91,91,1.0,True,1.9585000000000001,107.80000000000001,45,26,14.81
westcoast_0167,crw_079,34.025001525878906,-119.9749984741211,1.1874077167353645,2017,90,90,1.0,True,0.7685000000000005,17.440500000000004,0,0,14.81
westcoast_0167,crw_079,34.025001525878906,-119.9749984741211,1.1874077167353645,2018,90,90,1.0,True,1.3907857142857154,59.342999999999996,29,21,14.81
westcoast_0167,crw_079,34.025001525878906,-119.9749984741211,1.1874077167353645,2019,90,90,1.0,True,1.5328571428571423,49.154500000000006,13,8,14.81
westcoast_0167,crw_079,34.025001525878906,-119.9749984741211,1.1874077167353645,2020,91,91,1.0,True,1.3457142857142859,73.1575,6,4,14.81
westcoast_0167,crw_079,34.025001525878906,-119.9749984741211,1.1874077167353645,2021,90,90,1.0,True,0.21935714285714397,1.6315000000000044,0,0,14.81
westcoast_0167,crw_079,34.025001525878906,-119.9749984741211,1.1874077167353645,2022,90,90,1.0,True,0.8084999999999997,15.724999999999994,0,0,14.81
westcoast_0167,crw_079,34.025001525878906,-119.9749984741211,1.1874077167353645,2023,90,90,1.0,True,0.17221428571428657,1.4120000000000061,0,0,14.81
westcoast_0167,crw_079,34.025001525878906,-119.9749984741211,1.1874077167353645,2024,91,90,0.989010989010989,True,1.6836428571428566,61.098499999999994,11,9,14.81
westcoast_0168,crw_080,34.025001525878906,-119.875,1.45824077550894,1985,90,90,1.0,True,0.21149999999999938,2.571999999999992,0,0,14.886000000000003
westcoast_0168,crw_080,34.025001525878906,-119.875,1.45824077550894,1986,90,90,1.0,True,1.1024999999999998,50.862500000000004,11,5,14.886000000000003
westcoast_0168,crw_080,34.025001525878906,-119.875,1.45824077550894,1987,90,90,1.0,True,1.0452142857142854,29.9695,12,5,14.886000000000003
westcoast_0168,crw_080,34.025001525878906,-119.875,1.45824077550894,1988,91,91,1.0,True,0.9019285714285716,21.46975,0,0,14.886000000000003
westcoast_0168,crw_080,34.025001525878906,-119.875,1.45824077550894,1989,90,90,1.0,True,-0.710642857142857,0.0,0,0,14.886000000000003
westcoast_0168,crw_080,34.025001525878906,-119.875,1.45824077550894,1990,90,90,1.0,True,1.0421428571428575,24.49499999999999,11,7,14.886000000000003
westcoast_0168,crw_080,34.025001525878906,-119.875,1.45824077550894,1991,90,90,1.0,True,0.8895714285714289,28.344500000000004,0,0,14.886000000000003
westcoast_0168,crw_080,34.025001525878906,-119.875,1.45824077550894,1992,91,91,1.0,True,2.0250714285714286,76.50625000000001,34,24,14.886000000000003
westcoast_0168,crw_080,34.025001525878906,-119.875,1.45824077550894,1993,90,90,1.0,True,1.4207857142857148,68.19649999999999,7,3,14.886000000000003
westcoast_0168,crw_080,34.025001525878906,-119.875,1.45824077550894,1994,90,90,1.0,True,0.9615714285714273,38.33349999999999,3,3,14.886000000000003
westcoast_0168,crw_080,34.025001525878906,-119.875,1.45824077550894,1995,90,90,1.0,True,1.5016428571428573,63.26349999999998,18,13,14.886000000000003
westcoast_0168,crw_080,34.025001525878906,-119.875,1.45824077550894,1996,91,91,1.0,True,1.1852857142857138,33.05149999999999,7,6,14.886000000000003
westcoast_0168,crw_080,34.025001525878906,-119.875,1.45824077550894,1997,90,90,1.0,True,1.0507857142857149,14.969000000000007,0,0,14.886000000000003
westcoast_0168,crw_080,34.025001525878906,-119.875,1.45824077550894,1998,90,90,1.0,True,2.4869999999999997,164.75,72,59,14.886000000000003
westcoast_0168,crw_080,34.025001525878906,-119.875,1.45824077550894,1999,90,90,1.0,True,-0.2329285714285724,0.0,0,0,14.886000000000003
westcoast_0168,crw_080,34.025001525878906,-119.875,1.45824077550894,2000,91,91,1.0,True,0.1821428571428567,1.4730000000000008,0,0,14.886000000000003
westcoast_0168,crw_080,34.025001525878906,-119.875,1.45824077550894,2001,90,90,1.0,True,0.10921428571428571,1.1424999999999983,0,0,14.886000000000003
westcoast_0168,crw_080,34.025001525878906,-119.875,1.45824077550894,2002,90,90,1.0,True,0.4435714285714284,4.213500000000002,0,0,14.886000000000003
westcoast_0168,crw_080,34.025001525878906,-119.875,1.45824077550894,2003,90,90,1.0,True,1.0906428571428568,43.67199999999998,6,3,14.886000000000003
westcoast_0168,crw_080,34.025001525878906,-119.875,1.45824077550894,2004,91,91,1.0,True,0.42714285714285666,5.574,0,0,14.886000000000003
westcoast_0168,crw_080,34.025001525878906,-119.875,1.45824077550894,2005,90,90,1.0,True,1.4622857142857144,74.35749999999999,16,5,14.886000000000003
westcoast_0168,crw_080,34.025001525878906,-119.875,1.45824077550894,2006,90,90,1.0,True,0.09214285714285657,0.8694999999999986,0,0,14.886000000000003
westcoast_0168,crw_080,34.025001525878906,-119.875,1.45824077550894,2007,90,90,1.0,True,0.5550714285714283,10.067000000000005,0,0,14.886000000000003
westcoast_0168,crw_080,34.025001525878906,-119.875,1.45824077550894,2008,91,91,1.0,True,-0.537571428571429,0.0,0,0,14.886000000000003
westcoast_0168,crw_080,34.025001525878906,-119.875,1.45824077550894,2009,90,90,1.0,True,-0.19178571428571395,0.12399999999999878,0,0,14.886000000000003
westcoast_0168,crw_080,34.025001525878906,-119.875,1.45824077550894,2010,90,90,1.0,True,0.9215714285714282,30.269499999999987,7,4,14.886000000000003
westcoast_0168,crw_080,34.025001525878906,-119.875,1.45824077550894,2011,90,90,1.0,True,-0.0764285714285712,0.3404999999999987,0,0,14.886000000000003
westcoast_0168,crw_080,34.025001525878906,-119.875,1.45824077550894,2012,91,91,1.0,True,0.08500000000000009,1.0250000000000004,0,0,14.886000000000003
westcoast_0168,crw_080,34.025001525878906,-119.875,1.45824077550894,2013,90,90,1.0,True,0.06078571428571448,0.5805000000000007,0,0,14.886000000000003
westcoast_0168,crw_080,34.025001525878906,-119.875,1.45824077550894,2014,90,90,1.0,True,1.8301428571428573,87.29949999999998,37,13,14.886000000000003
westcoast_0168,crw_080,34.025001525878906,-119.875,1.45824077550894,2015,90,90,1.0,True,2.7596428571428575,196.28,90,90,14.886000000000003
westcoast_0168,crw_080,34.025001525878906,-119.875,1.45824077550894,2016,91,91,1.0,True,2.0199642857142863,110.17525,50,19,14.886000000000003
westcoast_0168,crw_080,34.025001525878906,-119.875,1.45824077550894,2017,90,90,1.0,True,0.7619285714285715,18.305499999999988,0,0,14.886000000000003
westcoast_0168,crw_080,34.025001525878906,-119.875,1.45824077550894,2018,90,90,1.0,True,1.475499999999999,62.18949999999998,30,22,14.886000000000003
westcoast_0168,crw_080,34.025001525878906,-119.875,1.45824077550894,2019,90,90,1.0,True,1.4898571428571423,47.334499999999984,12,8,14.886000000000003
westcoast_0168,crw_080,34.025001525878906,-119.875,1.45824077550894,2020,91,91,1.0,True,1.4673928571428576,78.69375,9,5,14.886000000000003
westcoast_0168,crw_080,34.025001525878906,-119.875,1.45824077550894,2021,90,90,1.0,True,0.2649999999999988,1.9509999999999916,0,0,14.886000000000003
westcoast_0168,crw_080,34.025001525878906,-119.875,1.45824077550894,2022,90,90,1.0,True,0.8953571428571429,19.073500000000003,0,0,14.886000000000003
westcoast_0168,crw_080,34.025001525878906,-119.875,1.45824077550894,2023,90,90,1.0,True,0.11499999999999895,1.0304999999999946,0,0,14.886000000000003
westcoast_0168,crw_080,34.025001525878906,-119.875,1.45824077550894,2024,91,90,0.989010989010989,True,1.6378571428571433,60.65375,12,10,14.886000000000003
westcoast_0170,crw_081,34.025001525878906,-119.6750030517578,2.058141465807393,1985,90,90,1.0,True,0.12792857142857095,1.7459999999999987,0,0,15.06
westcoast_0170,crw_081,34.025001525878906,-119.6750030517578,2.058141465807393,1986,90,90,1.0,True,1.2367857142857142,49.35499999999999,14,5,15.06
westcoast_0170,crw_081,34.025001525878906,-119.6750030517578,2.058141465807393,1987,90,90,1.0,True,1.1016428571428565,30.60499999999999,6,2,15.06
westcoast_0170,crw_081,34.025001525878906,-119.6750030517578,2.058141465807393,1988,91,91,1.0,True,0.759285714285714,15.373499999999995,0,0,15.06
westcoast_0170,crw_081,34.025001525878906,-119.6750030517578,2.058141465807393,1989,90,90,1.0,True,-0.9027142857142861,0.0,0,0,15.06
westcoast_0170,crw_081,34.025001525878906,-119.6750030517578,2.058141465807393,1990,90,90,1.0,True,1.1785,25.885999999999996,11,7,15.06
westcoast_0170,crw_081,34.025001525878906,-119.6750030517578,2.058141465807393,1991,90,90,1.0,True,0.8247857142857146,28.55249999999998,0,0,15.06
westcoast_0170,crw_081,34.025001525878906,-119.6750030517578,2.058141465807393,1992,91,91,1.0,True,1.8715714285714282,72.1445,31,24,15.06
westcoast_0170,crw_081,34.025001525878906,-119.6750030517578,2.058141465807393,1993,90,90,1.0,True,1.3729999999999998,63.349999999999994,8,3,15.06
westcoast_0170,crw_081,34.025001525878906,-119.6750030517578,2.058141465807393,1994,90,90,1.0,True,0.908714285714286,40.34599999999998,1,1,15.06
westcoast_0170,crw_081,34.025001525878906,-119.6750030517578,2.058141465807393,1995,90,90,1.0,True,1.438428571428571,57.94499999999999,17,10,15.06
westcoast_0170,crw_081,34.025001525878906,-119.6750030517578,2.058141465807393,1996,91,91,1.0,True,1.189642857142857,31.00999999999999,8,6,15.06
westcoast_0170,crw_081,34.025001525878906,-119.6750030517578,2.058141465807393,1997,90,90,1.0,True,1.2772857142857137,17.144999999999996,0,0,15.06
westcoast_0170,crw_081,34.025001525878906,-119.6750030517578,2.058141465807393,1998,90,90,1.0,True,2.522428571428571,165.4605,73,55,15.06
westcoast_0170,crw_081,34.025001525878906,-119.6750030517578,2.058141465807393,1999,90,90,1.0,True,-0.3760714285714289,0.0,0,0,15.06
westcoast_0170,crw_081,34.025001525878906,-119.6750030517578,2.058141465807393,2000,91,91,1.0,True,0.029285714285713787,0.5155000000000012,0,0,15.06
westcoast_0170,crw_081,34.025001525878906,-119.6750030517578,2.058141465807393,2001,90,90,1.0,True,0.09978571428571417,1.0230000000000015,0,0,15.06
westcoast_0170,crw_081,34.025001525878906,-119.6750030517578,2.058141465807393,2002,90,90,1.0,True,0.4632857142857141,5.975000000000003,0,0,15.06
westcoast_0170,crw_081,34.025001525878906,-119.6750030517578,2.058141465807393,2003,90,90,1.0,True,1.2214999999999994,51.803499999999985,11,4,15.06
westcoast_0170,crw_081,34.025001525878906,-119.6750030517578,2.058141465807393,2004,91,91,1.0,True,0.4558571428571427,6.4520000000000035,0,0,15.06
westcoast_0170,crw_081,34.025001525878906,-119.6750030517578,2.058141465807393,2005,90,90,1.0,True,1.4967142857142857,70.44999999999999,18,15,15.06
westcoast_0170,crw_081,34.025001525878906,-119.6750030517578,2.058141465807393,2006,90,90,1.0,True,0.14828571428571383,1.200999999999997,0,0,15.06
westcoast_0170,crw_081,34.025001525878906,-119.6750030517578,2.058141465807393,2007,90,90,1.0,True,0.4687857142857137,9.66549999999999,0,0,15.06
westcoast_0170,crw_081,34.025001525878906,-119.6750030517578,2.058141465807393,2008,91,91,1.0,True,-0.4615714285714291,0.0,0,0,15.06
westcoast_0170,crw_081,34.025001525878906,-119.6750030517578,2.058141465807393,2009,90,90,1.0,True,-0.22464285714285712,0.019999999999999574,0,0,15.06
westcoast_0170,crw_081,34.025001525878906,-119.6750030517578,2.058141465807393,2010,90,90,1.0,True,0.8510714285714285,31.62749999999998,4,2,15.06
westcoast_0170,crw_081,34.025001525878906,-119.6750030517578,2.058141465807393,2011,90,90,1.0,True,-0.23421428571428596,0.0,0,0,15.06
westcoast_0170,crw_081,34.025001525878906,-119.6750030517578,2.058141465807393,2012,91,91,1.0,True,0.16278571428571453,1.4639999999999986,0,0,15.06
westcoast_0170,crw_081,34.025001525878906,-119.6750030517578,2.058141465807393,2013,90,90,1.0,True,0.17300000000000004,1.2110000000000003,0,0,15.06
westcoast_0170,crw_081,34.025001525878906,-119.6750030517578,2.058141465807393,2014,90,90,1.0,True,1.8398571428571429,89.77049999999998,41,17,15.06
westcoast_0170,crw_081,34.025001525878906,-119.6750030517578,2.058141465807393,2015,90,90,1.0,True,2.778642857142857,195.8805,90,90,15.06
westcoast_0170,crw_081,34.025001525878906,-119.6750030517578,2.058141465807393,2016,91,91,1.0,True,2.140071428571428,111.86000000000001,52,19,15.06
westcoast_0170,crw_081,34.025001525878906,-119.6750030517578,2.058141465807393,2017,90,90,1.0,True,0.6703571428571432,20.78049999999999,0,0,15.06
westcoast_0170,crw_081,34.025001525878906,-119.6750030517578,2.058141465807393,2018,90,90,1.0,True,1.5667142857142853,65.78499999999998,32,22,15.06
westcoast_0170,crw_081,34.025001525878906,-119.6750030517578,2.058141465807393,2019,90,90,1.0,True,1.429571428571428,45.50149999999999,17,13,15.06
westcoast_0170,crw_081,34.025001525878906,-119.6750030517578,2.058141465807393,2020,91,91,1.0,True,1.4617857142857138,84.6265,16,6,15.06
westcoast_0170,crw_081,34.025001525878906,-119.6750030517578,2.058141465807393,2021,90,90,1.0,True,0.2297142857142853,2.195999999999998,0,0,15.06
westcoast_0170,crw_081,34.025001525878906,-119.6750030517578,2.058141465807393,2022,90,90,1.0,True,0.9338571428571422,17.65449999999999,0,0,15.06
westcoast_0170,crw_081,34.025001525878906,-119.6750030517578,2.058141465807393,2023,90,90,1.0,True,-0.041857142857143516,0.5564999999999998,0,0,15.06
westcoast_0170,crw_081,34.025001525878906,-119.6750030517578,2.058141465807393,2024,91,90,0.989010989010989,True,1.6442142857142859,60.91399999999999,11,10,15.06
westcoast_0171,crw_082,34.025001525878906,-119.5749969482422,2.371865240146789,1985,90,90,1.0,True,0.10600000000000039,1.7540000000000031,0,0,15.11
westcoast_0171,crw_082,34.025001525878906,-119.5749969482422,2.371865240146789,1986,90,90,1.0,True,1.2177142857142857,47.255999999999986,10,4,15.11
westcoast_0171,crw_082,34.025001525878906,-119.5749969482422,2.371865240146789,1987,90,90,1.0,True,1.1403571428571417,31.236999999999988,6,2,15.11
westcoast_0171,crw_082,34.025001525878906,-119.5749969482422,2.371865240146789,1988,91,91,1.0,True,0.7216428571428567,14.125999999999992,0,0,15.11
westcoast_0171,crw_082,34.025001525878906,-119.5749969482422,2.371865240146789,1989,90,90,1.0,True,-0.9250714285714289,0.0,0,0,15.11
westcoast_0171,crw_082,34.025001525878906,-119.5749969482422,2.371865240146789,1990,90,90,1.0,True,1.2512142857142856,26.360500000000002,12,11,15.11
westcoast_0171,crw_082,34.025001525878906,-119.5749969482422,2.371865240146789,1991,90,90,1.0,True,0.8847857142857141,28.142999999999983,0,0,15.11
westcoast_0171,crw_082,34.025001525878906,-119.5749969482422,2.371865240146789,1992,91,91,1.0,True,1.860642857142857,71.35399999999998,31,24,15.11
westcoast_0171,crw_082,34.025001525878906,-119.5749969482422,2.371865240146789,1993,90,90,1.0,True,1.3492142857142857,61.2425,9,3,15.11
westcoast_0171,crw_082,34.025001525878906,-119.5749969482422,2.371865240146789,1994,90,90,1.0,True,0.9026428571428576,41.24499999999999,0,0,15.11
westcoast_0171,crw_082,34.025001525878906,-119.5749969482422,2.371865240146789,1995,90,90,1.0,True,1.3912857142857138,55.01899999999999,15,7,15.11
westcoast_0171,crw_082,34.025001525878906,-119.5749969482422,2.371865240146789,1996,91,91,1.0,True,1.2651428571428573,31.553499999999993,10,8,15.11
westcoast_0171,crw_082,34.025001525878906,-119.5749969482422,2.371865240146789,1997,90,90,1.0,True,1.2692142857142854,17.613499999999995,1,1,15.11
westcoast_0171,crw_082,34.025001525878906,-119.5749969482422,2.371865240146789,1998,90,90,1.0,True,2.5965000000000003,167.25449999999998,74,55,15.11
westcoast_0171,crw_082,34.025001525878906,-119.5749969482422,2.371865240146789,1999,90,90,1.0,True,-0.40614285714285664,0.0,0,0,15.11
westcoast_0171,crw_082,34.025001525878906,-119.5749969482422,2.371865240146789,2000,91,91,1.0,True,-0.05164285714285707,0.39299999999999713,0,0,15.11
westcoast_0171,crw_082,34.025001525878906,-119.5749969482422,2.371865240146789,2001,90,90,1.0,True,0.08692857142857134,0.8869999999999969,0,0,15.11
westcoast_0171,crw_082,34.025001525878906,-119.5749969482422,2.371865240146789,2002,90,90,1.0,True,0.47771428571428565,7.800999999999997,0,0,15.11
westcoast_0171,crw_082,34.025001525878906,-119.5749969482422,2.371865240146789,2003,90,90,1.0,True,1.1803571428571435,53.862999999999985,12,4,15.11
westcoast_0171,crw_082,34.025001525878906,-119.5749969482422,2.371865240146789,2004,91,91,1.0,True,0.5677857142857141,6.967499999999998,0,0,15.11
westcoast_0171,crw_082,34.025001525878906,-119.5749969482422,2.371865240146789,2005,90,90,1.0,True,1.6134285714285712,70.16949999999999,18,15,15.11
westcoast_0171,crw_082,34.025001525878906,-119.5749969482422,2.371865240146789,2006,90,90,1.0,True,0.09785714285714217,0.945999999999998,0,0,15.11
westcoast_0171,crw_082,34.025001525878906,-119.5749969482422,2.371865240146789,2007,90,90,1.0,True,0.4178571428571422,8.738499999999988,0,0,15.11
westcoast_0171,crw_082,34.025001525878906,-119.5749969482422,2.371865240146789,2008,91,91,1.0,True,-0.4485714285714292,0.0,0,0,15.11
westcoast_0171,crw_082,34.025001525878906,-119.5749969482422,2.371865240146789,2009,90,90,1.0,True,-0.23235714285714235,0.0884999999999998,0,0,15.11
westcoast_0171,crw_082,34.025001525878906,-119.5749969482422,2.371865240146789,2010,90,90,1.0,True,0.8981428571428572,33.46,6,4,15.11
westcoast_0171,crw_082,34.025001525878906,-119.5749969482422,2.371865240146789,2011,90,90,1.0,True,-0.2267857142857133,0.0,0,0,15.11
westcoast_0171,crw_082,34.025001525878906,-119.5749969482422,2.371865240146789,2012,91,91,1.0,True,0.1754999999999998,1.6455000000000002,0,0,15.11
westcoast_0171,crw_082,34.025001525878906,-119.5749969482422,2.371865240146789,2013,90,90,1.0,True,0.23492857142857101,1.6444999999999972,0,0,15.11
westcoast_0171,crw_082,34.025001525878906,-119.5749969482422,2.371865240146789,2014,90,90,1.0,True,1.7849285714285708,90.68449999999999,41,22,15.11
westcoast_0171,crw_082,34.025001525878906,-119.5749969482422,2.371865240146789,2015,90,90,1.0,True,2.7379285714285717,196.1845,90,90,15.11
westcoast_0171,crw_082,34.025001525878906,-119.5749969482422,2.371865240146789,2016,91,91,1.0,True,2.1857857142857147,110.42550000000001,51,18,15.11
westcoast_0171,crw_082,34.025001525878906,-119.5749969482422,2.371865240146789,2017,90,90,1.0,True,0.670714285714285,21.722499999999997,0,0,15.11
westcoast_0171,crw_082,34.025001525878906,-119.5749969482422,2.371865240146789,2018,90,90,1.0,True,1.6482857142857144,65.751,34,22,15.11
westcoast_0171,crw_082,34.025001525878906,-119.5749969482422,2.371865240146789,2019,90,90,1.0,True,1.4302857142857146,45.78099999999999,18,13,15.11
westcoast_0171,crw_082,34.025001525878906,-119.5749969482422,2.371865240146789,2020,91,91,1.0,True,1.457214285714286,87.60050000000001,26,7,15.11
westcoast_0171,crw_082,34.025001525878906,-119.5749969482422,2.371865240146789,2021,90,90,1.0,True,0.16192857142857164,2.0090000000000003,0,0,15.11
westcoast_0171,crw_082,34.025001525878906,-119.5749969482422,2.371865240146789,2022,90,90,1.0,True,0.8713571428571425,17.04449999999999,0,0,15.11
westcoast_0171,crw_082,34.025001525878906,-119.5749969482422,2.371865240146789,2023,90,90,1.0,True,-0.014928571428571655,0.7549999999999972,0,0,15.11
westcoast_0171,crw_082,34.025001525878906,-119.5749969482422,2.371865240146789,2024,91,90,0.989010989010989,True,1.6883571428571433,60.67949999999999,12,9,15.11
westcoast_0172,crw_083,34.025001525878906,-119.4250030517578,2.1734890205405746,1985,90,90,1.0,True,0.19121428571428645,3.220500000000003,0,0,15.196000000000002
westcoast_0172,crw_083,34.025001525878906,-119.4250030517578,2.1734890205405746,1986,90,90,1.0,True,1.1147857142857138,47.403,8,4,15.196000000000002
westcoast_0172,crw_083,34.025001525878906,-119.4250030517578,2.1734890205405746,1987,90,90,1.0,True,1.1840000000000004,34.6595,9,2,15.196000000000002
westcoast_0172,crw_083,34.025001525878906,-119.4250030517578,2.1734890205405746,1988,91,91,1.0,True,0.7725714285714288,14.941999999999993,0,0,15.196000000000002
westcoast_0172,crw_083,34.025001525878906,-119.4250030517578,2.1734890205405746,1989,90,90,1.0,True,-0.7990714285714279,0.0,0,0,15.196000000000002
westcoast_0172,crw_083,34.025001525878906,-119.4250030517578,2.1734890205405746,1990,90,90,1.0,True,1.3106428571428577,25.665000000000003,11,10,15.196000000000002
westcoast_0172,crw_083,34.025001525878906,-119.4250030517578,2.1734890205405746,1991,90,90,1.0,True,0.9087857142857142,25.499000000000002,1,1,15.196000000000002
westcoast_0172,crw_083,34.025001525878906,-119.4250030517578,2.1734890205405746,1992,91,91,1.0,True,1.890928571428572,71.15449999999998,29,24,15.196000000000002
westcoast_0172,crw_083,34.025001525878906,-119.4250030517578,2.1734890205405746,1993,90,90,1.0,True,1.385214285714286,60.884499999999996,9,3,15.196000000000002
westcoast_0172,crw_083,34.025001525878906,-119.4250030517578,2.1734890205405746,1994,90,90,1.0,True,0.9270000000000006,42.163,0,0,15.196000000000002
westcoast_0172,crw_083,34.025001525878906,-119.4250030517578,2.1734890205405746,1995,90,90,1.0,True,1.3808571428571426,49.782,15,6,15.196000000000002
westcoast_0172,crw_083,34.025001525878906,-119.4250030517578,2.1734890205405746,1996,91,91,1.0,True,1.3402142857142858,30.439000000000007,13,13,15.196000000000002
westcoast_0172,crw_083,34.025001525878906,-119.4250030517578,2.1734890205405746,1997,90,90,1.0,True,1.1209285714285717,16.64099999999999,0,0,15.196000000000002
westcoast_0172,crw_083,34.025001525878906,-119.4250030517578,2.1734890205405746,1998,90,90,1.0,True,2.7767142857142852,168.0295,73,54,15.196000000000002
westcoast_0172,crw_083,34.025001525878906,-119.4250030517578,2.1734890205405746,1999,90,90,1.0,True,-0.3617142857142855,0.0,0,0,15.196000000000002
westcoast_0172,crw_083,34.025001525878906,-119.4250030517578,2.1734890205405746,2000,91,91,1.0,True,0.04235714285714311,0.9399999999999995,0,0,15.196000000000002
westcoast_0172,crw_083,34.025001525878906,-119.4250030517578,2.1734890205405746,2001,90,90,1.0,True,0.1163571428571432,1.2780000000000022,0,0,15.196000000000002
westcoast_0172,crw_083,34.025001525878906,-119.4250030517578,2.1734890205405746,2002,90,90,1.0,True,0.5189999999999999,9.339499999999994,0,0,15.196000000000002
westcoast_0172,crw_083,34.025001525878906,-119.4250030517578,2.1734890205405746,2003,90,90,1.0,True,1.1343571428571428,56.001000000000005,13,5,15.196000000000002
westcoast_0172,crw_083,34.025001525878906,-119.4250030517578,2.1734890205405746,2004,91,91,1.0,True,0.6966428571428577,7.526000000000002,0,0,15.196000000000002
westcoast_0172,crw_083,34.025001525878906,-119.4250030517578,2.1734890205405746,2005,90,90,1.0,True,1.7697142857142851,70.716,18,16,15.196000000000002
westcoast_0172,crw_083,34.025001525878906,-119.4250030517578,2.1734890205405746,2006,90,90,1.0,True,0.05357142857142832,0.8629999999999978,0,0,15.196000000000002
westcoast_0172,crw_083,34.025001525878906,-119.4250030517578,2.1734890205405746,2007,90,90,1.0,True,0.3425714285714288,7.626500000000009,0,0,15.196000000000002
westcoast_0172,crw_083,34.025001525878906,-119.4250030517578,2.1734890205405746,2008,91,91,1.0,True,-0.4449285714285716,0.0,0,0,15.196000000000002
westcoast_0172,crw_083,34.025001525878906,-119.4250030517578,2.1734890205405746,2009,90,90,1.0,True,-0.13985714285714326,0.32399999999999984,0,0,15.196000000000002
westcoast_0172,crw_083,34.025001525878906,-119.4250030517578,2.1734890205405746,2010,90,90,1.0,True,0.9633571428571422,36.14799999999999,6,4,15.196000000000002
westcoast_0172,crw_083,34.025001525878906,-119.4250030517578,2.1734890205405746,2011,90,90,1.0,True,-0.1801428571428573,0.014499999999999957,0,0,15.196000000000002
westcoast_0172,crw_083,34.025001525878906,-119.4250030517578,2.1734890205405746,2012,91,91,1.0,True,0.14778571428571446,1.6495000000000015,0,0,15.196000000000002
westcoast_0172,crw_083,34.025001525878906,-119.4250030517578,2.1734890205405746,2013,90,90,1.0,True,0.32807142857142907,2.2965000000000035,0,0,15.196000000000002
westcoast_0172,crw_083,34.025001525878906,-119.4250030517578,2.1734890205405746,2014,90,90,1.0,True,1.736785714285715,94.7295,46,21,15.196000000000002
westcoast_0172,crw_083,34.025001525878906,-119.4250030517578,2.1734890205405746,2015,90,90,1.0,True,2.8780714285714297,196.83950000000004,90,90,15.196000000000002
westcoast_0172,crw_083,34.025001525878906,-119.4250030517578,2.1734890205405746,2016,91,91,1.0,True,2.1799999999999993,108.10650000000001,49,28,15.196000000000002
westcoast_0172,crw_083,34.025001525878906,-119.4250030517578,2.1734890205405746,2017,90,90,1.0,True,0.6579285714285721,23.967000000000002,0,0,15.196000000000002
westcoast_0172,crw_083,34.025001525878906,-119.4250030517578,2.1734890205405746,2018,90,90,1.0,True,1.738142857142858,65.12700000000001,31,21,15.196000000000002
westcoast_0172,crw_083,34.025001525878906,-119.4250030517578,2.1734890205405746,2019,90,90,1.0,True,1.349714285714286,47.36,20,6,15.196000000000002
westcoast_0172,crw_083,34.025001525878906,-119.4250030517578,2.1734890205405746,2020,91,91,1.0,True,1.4657142857142855,91.8025,37,11,15.196000000000002
westcoast_0172,crw_083,34.025001525878906,-119.4250030517578,2.1734890205405746,2021,90,90,1.0,True,0.2555714285714293,2.8200000000000056,0,0,15.196000000000002
westcoast_0172,crw_083,34.025001525878906,-119.4250030517578,2.1734890205405746,2022,90,90,1.0,True,0.8322857142857141,17.7715,1,1,15.196000000000002
westcoast_0172,crw_083,34.025001525878906,-119.4250030517578,2.1734890205405746,2023,90,90,1.0,True,0.051071428571428816,1.3095000000000034,0,0,15.196000000000002
westcoast_0172,crw_083,34.025001525878906,-119.4250030517578,2.1734890205405746,2024,91,90,0.989010989010989,True,1.6977857142857147,62.291000000000004,14,9,15.196000000000002
westcoast_0173,crw_084,34.025001525878906,-119.3249969482422,1.8643234265217168,1985,90,90,1.0,True,0.39585714285714274,5.056999999999999,0,0,15.24
westcoast_0173,crw_084,34.025001525878906,-119.3249969482422,1.8643234265217168,1986,90,90,1.0,True,1.1416428571428576,49.80000000000001,4,2,15.24
westcoast_0173,crw_084,34.025001525878906,-119.3249969482422,1.8643234265217168,1987,90,90,1.0,True,1.302714285714286,37.4675,13,4,15.24
westcoast_0173,crw_084,34.025001525878906,-119.3249969482422,1.8643234265217168,1988,91,91,1.0,True,0.8054999999999998,15.62175,0,0,15.24
westcoast_0173,crw_084,34.025001525878906,-119.3249969482422,1.8643234265217168,1989,90,90,1.0,True,-0.6655714285714284,0.0,0,0,15.24
westcoast_0173,crw_084,34.025001525878906,-119.3249969482422,1.8643234265217168,1990,90,90,1.0,True,1.2920000000000003,24.449500000000008,9,7,15.24
westcoast_0173,crw_084,34.025001525878906,-119.3249969482422,1.8643234265217168,1991,90,90,1.0,True,0.8731428571428577,23.314000000000007,0,0,15.24
westcoast_0173,crw_084,34.025001525878906,-119.3249969482422,1.8643234265217168,1992,91,91,1.0,True,1.9044285714285714,71.00725,28,24,15.24
westcoast_0173,crw_084,34.025001525878906,-119.3249969482422,1.8643234265217168,1993,90,90,1.0,True,1.4444285714285712,60.54450000000001,11,5,15.24
westcoast_0173,crw_084,34.025001525878906,-119.3249969482422,1.8643234265217168,1994,90,90,1.0,True,0.9387857142857146,41.8785,4,3,15.24
westcoast_0173,crw_084,34.025001525878906,-119.3249969482422,1.8643234265217168,1995,90,90,1.0,True,1.3977142857142852,47.29050000000001,12,6,15.24
westcoast_0173,crw_084,34.025001525878906,-119.3249969482422,1.8643234265217168,1996,91,91,1.0,True,1.352857142857143,29.365000000000002,13,13,15.24
westcoast_0173,crw_084,34.025001525878906,-119.3249969482422,1.8643234265217168,1997,90,90,1.0,True,1.0101428571428568,15.550000000000004,0,0,15.24
westcoast_0173,crw_084,34.025001525878906,-119.3249969482422,1.8643234265217168,1998,90,90,1.0,True,2.870071428571429,166.72100000000003,70,54,15.24
westcoast_0173,crw_084,34.025001525878906,-119.3249969482422,1.8643234265217168,1999,90,90,1.0,True,-0.3272142857142857,0.0,0,0,15.24
westcoast_0173,crw_084,34.025001525878906,-119.3249969482422,1.8643234265217168,2000,91,91,1.0,True,0.058714285714285656,1.293499999999998,0,0,15.24
westcoast_0173,crw_084,34.025001525878906,-119.3249969482422,1.8643234265217168,2001,90,90,1.0,True,0.13342857142857184,1.6240000000000023,0,0,15.24
westcoast_0173,crw_084,34.025001525878906,-119.3249969482422,1.8643234265217168,2002,90,90,1.0,True,0.538642857142858,9.642500000000005,0,0,15.24
westcoast_0173,crw_084,34.025001525878906,-119.3249969482422,1.8643234265217168,2003,90,90,1.0,True,1.1740714285714284,57.8925,15,5,15.24
westcoast_0173,crw_084,34.025001525878906,-119.3249969482422,1.8643234265217168,2004,91,91,1.0,True,0.6472857142857146,7.515000000000001,0,0,15.24
westcoast_0173,crw_084,34.025001525878906,-119.3249969482422,1.8643234265217168,2005,90,90,1.0,True,1.822928571428571,70.32,19,17,15.24
westcoast_0173,crw_084,34.025001525878906,-119.3249969482422,1.8643234265217168,2006,90,90,1.0,True,0.11235714285714314,1.0965000000000007,0,0,15.24
westcoast_0173,crw_084,34.025001525878906,-119.3249969482422,1.8643234265217168,2007,90,90,1.0,True,0.3050000000000002,6.481499999999997,0,0,15.24
westcoast_0173,crw_084,34.025001525878906,-119.3249969482422,1.8643234265217168,2008,91,91,1.0,True,-0.46607142857142897,0.0,0,0,15.24
westcoast_0173,crw_084,34.025001525878906,-119.3249969482422,1.8643234265217168,2009,90,90,1.0,True,-0.0884999999999998,0.5999999999999961,0,0,15.24
westcoast_0173,crw_084,34.025001525878906,-119.3249969482422,1.8643234265217168,2010,90,90,1.0,True,1.0110000000000006,37.33650000000001,6,4,15.24
westcoast_0173,crw_084,34.025001525878906,-119.3249969482422,1.8643234265217168,2011,90,90,1.0,True,-0.09371428571428554,0.19500000000000028,0,0,15.24
westcoast_0173,crw_084,34.025001525878906,-119.3249969482422,1.8643234265217168,2012,91,91,1.0,True,0.12914285714285714,1.5250000000000004,0,0,15.24
westcoast_0173,crw_084,34.025001525878906,-119.3249969482422,1.8643234265217168,2013,90,90,1.0,True,0.39585714285714274,2.770999999999999,0,0,15.24
westcoast_0173,crw_084,34.025001525878906,-119.3249969482422,1.8643234265217168,2014,90,90,1.0,True,1.7654285714285716,98.741,48,21,15.24
westcoast_0173,crw_084,34.025001525878906,-119.3249969482422,1.8643234265217168,2015,90,90,1.0,True,3.0301428571428572,197.62100000000004,90,90,15.24
westcoast_0173,crw_084,34.025001525878906,-119.3249969482422,1.8643234265217168,2016,91,91,1.0,True,2.1468928571428574,106.74325000000002,50,29,15.24
westcoast_0173,crw_084,34.025001525878906,-119.3249969482422,1.8643234265217168,2017,90,90,1.0,True,0.5783571428571427,21.876500000000014,0,0,15.24
westcoast_0173,crw_084,34.025001525878906,-119.3249969482422,1.8643234265217168,2018,90,90,1.0,True,1.7087857142857141,63.496500000000005,34,21,15.24
westcoast_0173,crw_084,34.025001525878906,-119.3249969482422,1.8643234265217168,2019,90,90,1.0,True,1.2399285714285715,47.10500000000002,20,8,15.24
westcoast_0173,crw_084,34.025001525878906,-119.3249969482422,1.8643234265217168,2020,91,91,1.0,True,1.4883214285714292,91.34325000000001,40,8,15.24
westcoast_0173,crw_084,34.025001525878906,-119.3249969482422,1.8643234265217168,2021,90,90,1.0,True,0.2973571428571434,3.305500000000002,0,0,15.24
westcoast_0173,crw_084,34.025001525878906,-119.3249969482422,1.8643234265217168,2022,90,90,1.0,True,0.7695714285714287,16.969,0,0,15.24
westcoast_0173,crw_084,34.025001525878906,-119.3249969482422,1.8643234265217168,2023,90,90,1.0,True,0.07207142857142834,1.564499999999999,0,0,15.24
westcoast_0173,crw_084,34.025001525878906,-119.3249969482422,1.8643234265217168,2024,91,90,0.989010989010989,True,1.6591428571428577,62.15325000000002,17,9,15.24
westcoast_0175,crw_085,34.025001525878906,-118.9250030517578,0.8518261802624841,1985,90,90,1.0,True,0.27085714285714296,2.3465000000000025,1,1,15.34
westcoast_0175,crw_085,34.025001525878906,-118.9250030517578,0.8518261802624841,1986,90,90,1.0,True,1.1194285714285723,52.4305,5,2,15.34
westcoast_0175,crw_085,34.025001525878906,-118.9250030517578,0.8518261802624841,1987,90,90,1.0,True,1.088928571428571,35.262000000000015,16,8,15.34
westcoast_0175,crw_085,34.025001525878906,-118.9250030517578,0.8518261802624841,1988,91,91,1.0,True,0.7099285714285722,15.345500000000012,0,0,15.34
westcoast_0175,crw_085,34.025001525878906,-118.9250030517578,0.8518261802624841,1989,90,90,1.0,True,-0.40549999999999947,0.018500000000001293,0,0,15.34
westcoast_0175,crw_085,34.025001525878906,-118.9250030517578,0.8518261802624841,1990,90,90,1.0,True,1.1310714285714276,20.086,7,7,15.34
westcoast_0175,crw_085,34.025001525878906,-118.9250030517578,0.8518261802624841,1991,90,90,1.0,True,0.8601428571428575,25.028500000000015,0,0,15.34
westcoast_0175,crw_085,34.025001525878906,-118.9250030517578,0.8518261802624841,1992,91,91,1.0,True,1.7687857142857148,66.36250000000001,21,12,15.34
westcoast_0175,crw_085,34.025001525878906,-118.9250030517578,0.8518261802624841,1993,90,90,1.0,True,1.4535,53.40750000000001,14,12,15.34
westcoast_0175,crw_085,34.025001525878906,-118.9250030517578,0.8518261802624841,1994,90,90,1.0,True,0.7615000000000004,31.311500000000013,0,0,15.34
westcoast_0175,crw_085,34.025001525878906,-118.9250030517578,0.8518261802624841,1995,90,90,1.0,True,1.2744285714285717,48.906000000000006,8,3,15.34
westcoast_0175,crw_085,34.025001525878906,-118.9250030517578,0.8518261802624841,1996,91,91,1.0,True,1.207428571428571,27.926000000000002,12,7,15.34
westcoast_0175,crw_085,34.025001525878906,-118.9250030517578,0.8518261802624841,1997,90,90,1.0,True,1.0777857142857148,16.642999999999997,0,0,15.34
westcoast_0175,crw_085,34.025001525878906,-118.9250030517578,0.8518261802624841,1998,90,90,1.0,True,2.5296428571428575,161.01700000000002,78,61,15.34
westcoast_0175,crw_085,34.025001525878906,-118.9250030517578,0.8518261802624841,1999,90,90,1.0,True,-0.324428571428571,0.0,0,0,15.34
westcoast_0175,crw_085,34.025001525878906,-118.9250030517578,0.8518261802624841,2000,91,91,1.0,True,0.09635714285714338,0.7085000000000043,0,0,15.34
westcoast_0175,crw_085,34.025001525878906,-118.9250030517578,0.8518261802624841,2001,90,90,1.0,True,0.11678571428571363,1.4604999999999961,0,0,15.34
westcoast_0175,crw_085,34.025001525878906,-118.9250030517578,0.8518261802624841,2002,90,90,1.0,True,0.4384285714285718,7.729000000000008,0,0,15.34
westcoast_0175,crw_085,34.025001525878906,-118.9250030517578,0.8518261802624841,2003,90,90,1.0,True,1.3462857142857145,62.049500000000016,17,5,15.34
westcoast_0175,crw_085,34.025001525878906,-118.9250030517578,0.8518261802624841,2004,91,91,1.0,True,0.5935,9.14600000000001,0,0,15.34
westcoast_0175,crw_085,34.025001525878906,-118.9250030517578,0.8518261802624841,2005,90,90,1.0,True,1.6541428571428571,72.284,20,16,15.34
westcoast_0175,crw_085,34.025001525878906,-118.9250030517578,0.8518261802624841,2006,90,90,1.0,True,0.5820714285714281,4.296999999999995,0,0,15.34
westcoast_0175,crw_085,34.025001525878906,-118.9250030517578,0.8518261802624841,2007,90,90,1.0,True,0.4806428571428571,7.841000000000005,0,0,15.34
westcoast_0175,crw_085,34.025001525878906,-118.9250030517578,0.8518261802624841,2008,91,91,1.0,True,-0.3752857142857149,0.0,0,0,15.34
westcoast_0175,crw_085,34.025001525878906,-118.9250030517578,0.8518261802624841,2009,90,90,1.0,True,0.1404285714285715,2.7055000000000042,0,0,15.34
westcoast_0175,crw_085,34.025001525878906,-118.9250030517578,0.8518261802624841,2010,90,90,1.0,True,1.2089285714285716,41.106000000000016,3,2,15.34
westcoast_0175,crw_085,34.025001525878906,-118.9250030517578,0.8518261802624841,2011,90,90,1.0,True,0.07842857142857136,0.8744999999999994,0,0,15.34
westcoast_0175,crw_085,34.025001525878906,-118.9250030517578,0.8518261802624841,2012,91,91,1.0,True,0.08878571428571418,1.477499999999992,0,0,15.34
westcoast_0175,crw_085,34.025001525878906,-118.9250030517578,0.8518261802624841,2013,90,90,1.0,True,0.5902142857142864,4.571000000000005,0,0,15.34
westcoast_0175,crw_085,34.025001525878906,-118.9250030517578,0.8518261802624841,2014,90,90,1.0,True,1.942357142857144,106.36850000000001,54,24,15.34
westcoast_0175,crw_085,34.025001525878906,-118.9250030517578,0.8518261802624841,2015,90,90,1.0,True,2.858714285714285,206.64700000000005,90,90,15.34
westcoast_0175,crw_085,34.025001525878906,-118.9250030517578,0.8518261802624841,2016,91,91,1.0,True,2.2398571428571423,110.28450000000001,60,30,15.34
westcoast_0175,crw_085,34.025001525878906,-118.9250030517578,0.8518261802624841,2017,90,90,1.0,True,0.8972857142857141,22.615000000000016,0,0,15.34
westcoast_0175,crw_085,34.025001525878906,-118.9250030517578,0.8518261802624841,2018,90,90,1.0,True,1.727214285714286,65.45450000000001,36,22,15.34
westcoast_0175,crw_085,34.025001525878906,-118.9250030517578,0.8518261802624841,2019,90,90,1.0,True,1.2553571428571433,48.082499999999996,25,16,15.34
westcoast_0175,crw_085,34.025001525878906,-118.9250030517578,0.8518261802624841,2020,91,91,1.0,True,1.824714285714286,88.42600000000002,43,11,15.34
westcoast_0175,crw_085,34.025001525878906,-118.9250030517578,0.8518261802624841,2021,90,90,1.0,True,0.5343571428571432,4.665500000000003,0,0,15.34
westcoast_0175,crw_085,34.025001525878906,-118.9250030517578,0.8518261802624841,2022,90,90,1.0,True,0.8392142857142859,23.25250000000002,0,0,15.34
westcoast_0175,crw_085,34.025001525878906,-118.9250030517578,0.8518261802624841,2023,90,90,1.0,True,0.0928571428571429,1.0400000000000027,0,0,15.34
westcoast_0175,crw_085,34.025001525878906,-118.9250030517578,0.8518261802624841,2024,91,90,0.989010989010989,True,1.342499999999999,59.446,14,7,15.34
westcoast_0176,crw_086,34.025001525878906,-118.875,4.656169203770911,1985,90,90,1.0,True,0.11535714285714249,1.4315000000000015,0,0,15.35
westcoast_0176,crw_086,34.025001525878906,-118.875,4.656169203770911,1986,90,90,1.0,True,1.0896428571428574,52.17950000000001,5,2,15.35
westcoast_0176,crw_086,34.025001525878906,-118.875,4.656169203770911,1987,90,90,1.0,True,1.0827142857142853,35.46650000000001,16,8,15.35
westcoast_0176,crw_086,34.025001525878906,-118.875,4.656169203770911,1988,91,91,1.0,True,0.7259285714285711,15.450499999999995,0,0,15.35
westcoast_0176,crw_086,34.025001525878906,-118.875,4.656169203770911,1989,90,90,1.0,True,-0.3887857142857144,0.023499999999996746,0,0,15.35
westcoast_0176,crw_086,34.025001525878906,-118.875,4.656169203770911,1990,90,90,1.0,True,1.0935000000000006,19.585000000000008,7,7,15.35
westcoast_0176,crw_086,34.025001525878906,-118.875,4.656169203770911,1991,90,90,1.0,True,0.8783571428571432,25.808500000000016,0,0,15.35
westcoast_0176,crw_086,34.025001525878906,-118.875,4.656169203770911,1992,91,91,1.0,True,1.762642857142857,65.62650000000001,21,12,15.35
westcoast_0176,crw_086,34.025001525878906,-118.875,4.656169203770911,1993,90,90,1.0,True,1.4162142857142856,53.84900000000001,15,15,15.35
westcoast_0176,crw_086,34.025001525878906,-118.875,4.656169203770911,1994,90,90,1.0,True,0.7468571428571428,30.785500000000013,0,0,15.35
westcoast_0176,crw_086,34.025001525878906,-118.875,4.656169203770911,1995,90,90,1.0,True,1.2933571428571426,50.13100000000001,8,3,15.35
westcoast_0176,crw_086,34.025001525878906,-118.875,4.656169203770911,1996,91,91,1.0,True,1.198642857142858,27.8425,11,7,15.35
westcoast_0176,crw_086,34.025001525878906,-118.875,4.656169203770911,1997,90,90,1.0,True,1.0880714285714284,16.867999999999995,0,0,15.35
westcoast_0176,crw_086,34.025001525878906,-118.875,4.656169203770911,1998,90,90,1.0,True,2.4771428571428578,160.702,78,61,15.35
westcoast_0176,crw_086,34.025001525878906,-118.875,4.656169203770911,1999,90,90,1.0,True,-0.3376428571428572,0.0,0,0,15.35
westcoast_0176,crw_086,34.025001525878906,-118.875,4.656169203770911,2000,91,91,1.0,True,0.08228571428571461,0.6120000000000019,0,0,15.35
westcoast_0176,crw_086,34.025001525878906,-118.875,4.656169203770911,2001,90,90,1.0,True,0.11778571428571435,1.4440000000000008,0,0,15.35
westcoast_0176,crw_086,34.025001525878906,-118.875,4.656169203770911,2002,90,90,1.0,True,0.4170714285714287,7.36700000000001,0,0,15.35
westcoast_0176,crw_086,34.025001525878906,-118.875,4.656169203770911,2003,90,90,1.0,True,1.3602857142857143,62.610500000000016,19,5,15.35
westcoast_0176,crw_086,34.025001525878906,-118.875,4.656169203770911,2004,91,91,1.0,True,0.6308571428571429,9.657999999999996,0,0,15.35
westcoast_0176,crw_086,34.025001525878906,-118.875,4.656169203770911,2005,90,90,1.0,True,1.664214285714286,73.99700000000001,20,16,15.35
westcoast_0176,crw_086,34.025001525878906,-118.875,4.656169203770911,2006,90,90,1.0,True,0.6082857142857142,4.433999999999999,0,0,15.35
westcoast_0176,crw_086,34.025001525878906,-118.875,4.656169203770911,2007,90,90,1.0,True,0.49871428571428617,8.271000000000003,0,0,15.35
westcoast_0176,crw_086,34.025001525878906,-118.875,4.656169203770911,2008,91,91,1.0,True,-0.3570714285714282,0.0,0,0,15.35
westcoast_0176,crw_086,34.025001525878906,-118.875,4.656169203770911,2009,90,90,1.0,True,0.1537142857142863,3.003000000000002,0,0,15.35
westcoast_0176,crw_086,34.025001525878906,-118.875,4.656169203770911,2010,90,90,1.0,True,1.215500000000001,41.58250000000001,3,2,15.35
westcoast_0176,crw_086,34.025001525878906,-118.875,4.656169203770911,2011,90,90,1.0,True,0.06457142857142831,0.7629999999999999,0,0,15.35
westcoast_0176,crw_086,34.025001525878906,-118.875,4.656169203770911,2012,91,91,1.0,True,0.0850000000000006,1.459000000000005,0,0,15.35
westcoast_0176,crw_086,34.025001525878906,-118.875,4.656169203770911,2013,90,90,1.0,True,0.6140714285714282,4.931999999999999,0,0,15.35
westcoast_0176,crw_086,34.025001525878906,-118.875,4.656169203770911,2014,90,90,1.0,True,1.9912142857142856,106.58500000000001,56,25,15.35
westcoast_0176,crw_086,34.025001525878906,-118.875,4.656169203770911,2015,90,90,1.0,True,2.911928571428572,207.27200000000005,90,90,15.35
westcoast_0176,crw_086,34.025001525878906,-118.875,4.656169203770911,2016,91,91,1.0,True,2.2828571428571434,111.56400000000001,62,30,15.35
westcoast_0176,crw_086,34.025001525878906,-118.875,4.656169203770911,2017,90,90,1.0,True,0.9676428571428569,24.057500000000005,0,0,15.35
westcoast_0176,crw_086,34.025001525878906,-118.875,4.656169203770911,2018,90,90,1.0,True,1.7447857142857148,66.68550000000002,36,22,15.35
westcoast_0176,crw_086,34.025001525878906,-118.875,4.656169203770911,2019,90,90,1.0,True,1.3057142857142863,48.82200000000002,25,16,15.35
westcoast_0176,crw_086,34.025001525878906,-118.875,4.656169203770911,2020,91,91,1.0,True,1.8233571428571433,88.07850000000002,44,11,15.35
westcoast_0176,crw_086,34.025001525878906,-118.875,4.656169203770911,2021,90,90,1.0,True,0.5634285714285718,4.8249999999999975,0,0,15.35
westcoast_0176,crw_086,34.025001525878906,-118.875,4.656169203770911,2022,90,90,1.0,True,0.8625714285714283,25.308999999999997,0,0,15.35
westcoast_0176,crw_086,34.025001525878906,-118.875,4.656169203770911,2023,90,90,1.0,True,0.0897142857142865,0.9295000000000009,0,0,15.35
westcoast_0176,crw_086,34.025001525878906,-118.875,4.656169203770911,2024,91,90,0.989010989010989,True,1.3606428571428573,60.61250000000001,14,7,15.35
westcoast_0177,crw_087,34.025001525878906,-118.6750030517578,4.358681633074317,1985,90,90,1.0,True,-0.08671428571428638,0.0,0,0,15.34
westcoast_0177,crw_087,34.025001525878906,-118.6750030517578,4.358681633074317,1986,90,90,1.0,True,1.1560000000000006,54.74699999999997,6,3,15.34
westcoast_0177,crw_087,34.025001525878906,-118.6750030517578,4.358681633074317,1987,90,90,1.0,True,1.1044999999999996,36.37849999999998,16,8,15.34
westcoast_0177,crw_087,34.025001525878906,-118.6750030517578,4.358681633074317,1988,91,91,1.0,True,0.8752142857142852,15.13574999999999,0,0,15.34
westcoast_0177,crw_087,34.025001525878906,-118.6750030517578,4.358681633074317,1989,90,90,1.0,True,-0.24164285714285733,0.20950000000000024,0,0,15.34
westcoast_0177,crw_087,34.025001525878906,-118.6750030517578,4.358681633074317,1990,90,90,1.0,True,0.9678571428571432,18.217999999999996,7,7,15.34
westcoast_0177,crw_087,34.025001525878906,-118.6750030517578,4.358681633074317,1991,90,90,1.0,True,0.8470000000000003,24.983499999999985,0,0,15.34
westcoast_0177,crw_087,34.025001525878906,-118.6750030517578,4.358681633074317,1992,91,91,1.0,True,1.7683571428571425,63.20574999999997,22,13,15.34
westcoast_0177,crw_087,34.025001525878906,-118.6750030517578,4.358681633074317,1993,90,90,1.0,True,1.1954999999999996,54.528000000000006,4,2,15.34
westcoast_0177,crw_087,34.025001525878906,-118.6750030517578,4.358681633074317,1994,90,90,1.0,True,0.7852142857142859,29.39049999999998,0,0,15.34
westcoast_0177,crw_087,34.025001525878906,-118.6750030517578,4.358681633074317,1995,90,90,1.0,True,1.358,50.318999999999996,9,4,15.34
westcoast_0177,crw_087,34.025001525878906,-118.6750030517578,4.358681633074317,1996,91,91,1.0,True,1.1122142857142852,25.6355,12,7,15.34
westcoast_0177,crw_087,34.025001525878906,-118.6750030517578,4.358681633074317,1997,90,90,1.0,True,0.929,16.060999999999993,0,0,15.34
westcoast_0177,crw_087,34.025001525878906,-118.6750030517578,4.358681633074317,1998,90,90,1.0,True,2.256142857142857,157.72600000000003,81,61,15.34
westcoast_0177,crw_087,34.025001525878906,-118.6750030517578,4.358681633074317,1999,90,90,1.0,True,-0.37821428571428556,0.0,0,0,15.34
westcoast_0177,crw_087,34.025001525878906,-118.6750030517578,4.358681633074317,2000,91,91,1.0,True,-0.001928571428570994,0.21000000000000618,0,0,15.34
westcoast_0177,crw_087,34.025001525878906,-118.6750030517578,4.358681633074317,2001,90,90,1.0,True,0.20500000000000032,2.310500000000001,0,0,15.34
westcoast_0177,crw_087,34.025001525878906,-118.6750030517578,4.358681633074317,2002,90,90,1.0,True,0.34885714285714337,6.188500000000003,0,0,15.34
westcoast_0177,crw_087,34.025001525878906,-118.6750030517578,4.358681633074317,2003,90,90,1.0,True,1.2606428571428565,62.575999999999986,19,5,15.34
westcoast_0177,crw_087,34.025001525878906,-118.6750030517578,4.358681633074317,2004,91,91,1.0,True,0.7709285714285716,14.582999999999993,1,1,15.34
westcoast_0177,crw_087,34.025001525878906,-118.6750030517578,4.358681633074317,2005,90,90,1.0,True,1.827357142857143,80.60799999999999,23,15,15.34
westcoast_0177,crw_087,34.025001525878906,-118.6750030517578,4.358681633074317,2006,90,90,1.0,True,0.5339285714285705,3.7824999999999935,0,0,15.34
westcoast_0177,crw_087,34.025001525878906,-118.6750030517578,4.358681633074317,2007,90,90,1.0,True,0.41157142857142837,8.497499999999981,0,0,15.34
westcoast_0177,crw_087,34.025001525878906,-118.6750030517578,4.358681633074317,2008,91,91,1.0,True,-0.28192857142857214,0.0,0,0,15.34
westcoast_0177,crw_087,34.025001525878906,-118.6750030517578,4.358681633074317,2009,90,90,1.0,True,0.20778571428571396,4.587999999999997,0,0,15.34
westcoast_0177,crw_087,34.025001525878906,-118.6750030517578,4.358681633074317,2010,90,90,1.0,True,1.1987857142857141,43.31449999999998,3,2,15.34
westcoast_0177,crw_087,34.025001525878906,-118.6750030517578,4.358681633074317,2011,90,90,1.0,True,-0.05221428571428609,0.17549999999999777,0,0,15.34
westcoast_0177,crw_087,34.025001525878906,-118.6750030517578,4.358681633074317,2012,91,91,1.0,True,0.11235714285714213,1.8029999999999973,0,0,15.34
westcoast_0177,crw_087,34.025001525878906,-118.6750030517578,4.358681633074317,2013,90,90,1.0,True,0.7297857142857139,6.6884999999999994,0,0,15.34
westcoast_0177,crw_087,34.025001525878906,-118.6750030517578,4.358681633074317,2014,90,90,1.0,True,2.358714285714285,111.166,56,34,15.34
westcoast_0177,crw_087,34.025001525878906,-118.6750030517578,4.358681633074317,2015,90,90,1.0,True,3.153714285714287,208.26600000000002,90,90,15.34
westcoast_0177,crw_087,34.025001525878906,-118.6750030517578,4.358681633074317,2016,91,91,1.0,True,2.318535714285715,118.02074999999999,70,33,15.34
westcoast_0177,crw_087,34.025001525878906,-118.6750030517578,4.358681633074317,2017,90,90,1.0,True,1.076571428571429,29.18699999999999,1,1,15.34
westcoast_0177,crw_087,34.025001525878906,-118.6750030517578,4.358681633074317,2018,90,90,1.0,True,1.8057142857142858,72.8295,36,22,15.34
westcoast_0177,crw_087,34.025001525878906,-118.6750030517578,4.358681633074317,2019,90,90,1.0,True,1.3389999999999993,51.989499999999985,29,23,15.34
westcoast_0177,crw_087,34.025001525878906,-118.6750030517578,4.358681633074317,2020,91,91,1.0,True,1.7436071428571427,89.78374999999997,47,9,15.34
westcoast_0177,crw_087,34.025001525878906,-118.6750030517578,4.358681633074317,2021,90,90,1.0,True,0.5532857142857145,5.2105,0,0,15.34
westcoast_0177,crw_087,34.025001525878906,-118.6750030517578,4.358681633074317,2022,90,90,1.0,True,1.0282142857142849,36.08149999999999,2,2,15.34
westcoast_0177,crw_087,34.025001525878906,-118.6750030517578,4.358681633074317,2023,90,90,1.0,True,0.12749999999999975,1.2959999999999958,0,0,15.34
westcoast_0177,crw_087,34.025001525878906,-118.6750030517578,4.358681633074317,2024,91,90,0.989010989010989,True,1.4350000000000007,66.90125,19,8,15.34
westcoast_0179,crw_088,33.92499923706055,-120.2750015258789,0.1625976248314968,1985,90,90,1.0,True,0.12435714285714308,3.040499999999989,0,0,14.622000000000003
westcoast_0179,crw_088,33.92499923706055,-120.2750015258789,0.1625976248314968,1986,90,90,1.0,True,0.914928571428571,48.75449999999999,0,0,14.622000000000003
westcoast_0179,crw_088,33.92499923706055,-120.2750015258789,0.1625976248314968,1987,90,90,1.0,True,1.1994999999999998,39.233999999999995,19,14,14.622000000000003
westcoast_0179,crw_088,33.92499923706055,-120.2750015258789,0.1625976248314968,1988,91,91,1.0,True,0.9615000000000007,27.03224999999999,0,0,14.622000000000003
westcoast_0179,crw_088,33.92499923706055,-120.2750015258789,0.1625976248314968,1989,90,90,1.0,True,-0.6430714285714286,0.0,0,0,14.622000000000003
westcoast_0179,crw_088,33.92499923706055,-120.2750015258789,0.1625976248314968,1990,90,90,1.0,True,1.0189285714285714,23.802499999999995,14,9,14.622000000000003
westcoast_0179,crw_088,33.92499923706055,-120.2750015258789,0.1625976248314968,1991,90,90,1.0,True,0.9294999999999993,24.593499999999985,0,0,14.622000000000003
westcoast_0179,crw_088,33.92499923706055,-120.2750015258789,0.1625976248314968,1992,91,91,1.0,True,2.0897857142857146,78.34825000000001,31,12,14.622000000000003
westcoast_0179,crw_088,33.92499923706055,-120.2750015258789,0.1625976248314968,1993,90,90,1.0,True,1.2810000000000004,67.9575,7,3,14.622000000000003
westcoast_0179,crw_088,33.92499923706055,-120.2750015258789,0.1625976248314968,1994,90,90,1.0,True,1.124571428571429,46.075499999999984,8,8,14.622000000000003
westcoast_0179,crw_088,33.92499923706055,-120.2750015258789,0.1625976248314968,1995,90,90,1.0,True,1.488285714285715,75.52850000000001,16,10,14.622000000000003
westcoast_0179,crw_088,33.92499923706055,-120.2750015258789,0.1625976248314968,1996,91,91,1.0,True,1.338357142857143,49.887249999999995,16,8,14.622000000000003
westcoast_0179,crw_088,33.92499923706055,-120.2750015258789,0.1625976248314968,1997,90,90,1.0,True,0.8083571428571431,12.999500000000005,0,0,14.622000000000003
westcoast_0179,crw_088,33.92499923706055,-120.2750015258789,0.1625976248314968,1998,90,90,1.0,True,2.463928571428571,159.45550000000003,66,61,14.622000000000003
westcoast_0179,crw_088,33.92499923706055,-120.2750015258789,0.1625976248314968,1999,90,90,1.0,True,-0.08028571428571343,0.7020000000000017,0,0,14.622000000000003
westcoast_0179,crw_088,33.92499923706055,-120.2750015258789,0.1625976248314968,2000,91,91,1.0,True,0.11628571428571378,1.067999999999996,0,0,14.622000000000003
westcoast_0179,crw_088,33.92499923706055,-120.2750015258789,0.1625976248314968,2001,90,90,1.0,True,-0.018571428571428683,0.7225000000000019,0,0,14.622000000000003
westcoast_0179,crw_088,33.92499923706055,-120.2750015258789,0.1625976248314968,2002,90,90,1.0,True,0.3011428571428567,3.1524999999999945,0,0,14.622000000000003
westcoast_0179,crw_088,33.92499923706055,-120.2750015258789,0.1625976248314968,2003,90,90,1.0,True,0.9847857142857139,33.40349999999999,4,3,14.622000000000003
westcoast_0179,crw_088,33.92499923706055,-120.2750015258789,0.1625976248314968,2004,91,91,1.0,True,0.34721428571428603,3.5030000000000037,0,0,14.622000000000003
westcoast_0179,crw_088,33.92499923706055,-120.2750015258789,0.1625976248314968,2005,90,90,1.0,True,1.766071428571429,73.90749999999998,14,8,14.622000000000003
westcoast_0179,crw_088,33.92499923706055,-120.2750015258789,0.1625976248314968,2006,90,90,1.0,True,-0.300142857142857,0.0754999999999999,0,0,14.622000000000003
westcoast_0179,crw_088,33.92499923706055,-120.2750015258789,0.1625976248314968,2007,90,90,1.0,True,0.4535,6.724999999999996,0,0,14.622000000000003
westcoast_0179,crw_088,33.92499923706055,-120.2750015258789,0.1625976248314968,2008,91,91,1.0,True,-0.6007857142857144,0.0,0,0,14.622000000000003
westcoast_0179,crw_088,33.92499923706055,-120.2750015258789,0.1625976248314968,2009,90,90,1.0,True,-0.08642857142857174,0.47850000000000037,0,0,14.622000000000003
westcoast_0179,crw_088,33.92499923706055,-120.2750015258789,0.1625976248314968,2010,90,90,1.0,True,0.8712857142857136,31.738,6,5,14.622000000000003
westcoast_0179,crw_088,33.92499923706055,-120.2750015258789,0.1625976248314968,2011,90,90,1.0,True,-0.459285714285715,0.0,0,0,14.622000000000003
westcoast_0179,crw_088,33.92499923706055,-120.2750015258789,0.1625976248314968,2012,91,91,1.0,True,-0.06250000000000051,0.4429999999999996,0,0,14.622000000000003
westcoast_0179,crw_088,33.92499923706055,-120.2750015258789,0.1625976248314968,2013,90,90,1.0,True,-0.1745000000000001,0.20149999999999757,0,0,14.622000000000003
westcoast_0179,crw_088,33.92499923706055,-120.2750015258789,0.1625976248314968,2014,90,90,1.0,True,1.3480714285714284,63.53,23,8,14.622000000000003
westcoast_0179,crw_088,33.92499923706055,-120.2750015258789,0.1625976248314968,2015,90,90,1.0,True,2.6399999999999997,184.51549999999997,87,82,14.622000000000003
westcoast_0179,crw_088,33.92499923706055,-120.2750015258789,0.1625976248314968,2016,91,91,1.0,True,1.7621071428571418,100.01874999999998,41,17,14.622000000000003
westcoast_0179,crw_088,33.92499923706055,-120.2750015258789,0.1625976248314968,2017,90,90,1.0,True,0.6431428571428585,15.772000000000006,0,0,14.622000000000003
westcoast_0179,crw_088,33.92499923706055,-120.2750015258789,0.1625976248314968,2018,90,90,1.0,True,1.2763571428571427,51.469,25,6,14.622000000000003
westcoast_0179,crw_088,33.92499923706055,-120.2750015258789,0.1625976248314968,2019,90,90,1.0,True,1.4082142857142852,49.3775,17,11,14.622000000000003
westcoast_0179,crw_088,33.92499923706055,-120.2750015258789,0.1625976248314968,2020,91,91,1.0,True,1.4016428571428576,59.25875,3,2,14.622000000000003
westcoast_0179,crw_088,33.92499923706055,-120.2750015258789,0.1625976248314968,2021,90,90,1.0,True,0.27528571428571397,2.287000000000001,0,0,14.622000000000003
westcoast_0179,crw_088,33.92499923706055,-120.2750015258789,0.1625976248314968,2022,90,90,1.0,True,0.7727142857142856,13.797999999999986,0,0,14.622000000000003
westcoast_0179,crw_088,33.92499923706055,-120.2750015258789,0.1625976248314968,2023,90,90,1.0,True,0.09700000000000004,1.025999999999998,0,0,14.622000000000003
westcoast_0179,crw_088,33.92499923706055,-120.2750015258789,0.1625976248314968,2024,91,90,0.989010989010989,True,1.618928571428571,63.64474999999999,14,9,14.622000000000003
westcoast_0180,crw_089,33.92499923706055,-120.1750030517578,0.2590559645553,1985,90,90,1.0,True,0.11649999999999976,2.647000000000002,0,0,14.67
westcoast_0180,crw_089,33.92499923706055,-120.1750030517578,0.2590559645553,1986,90,90,1.0,True,0.9349285714285716,48.454000000000015,0,0,14.67
westcoast_0180,crw_089,33.92499923706055,-120.1750030517578,0.2590559645553,1987,90,90,1.0,True,1.2010714285714286,37.96400000000001,19,14,14.67
westcoast_0180,crw_089,33.92499923706055,-120.1750030517578,0.2590559645553,1988,91,91,1.0,True,0.9079285714285713,26.06625,0,0,14.67
westcoast_0180,crw_089,33.92499923706055,-120.1750030517578,0.2590559645553,1989,90,90,1.0,True,-0.6787857142857138,0.0,0,0,14.67
westcoast_0180,crw_089,33.92499923706055,-120.1750030517578,0.2590559645553,1990,90,90,1.0,True,1.0615000000000006,24.280000000000005,14,9,14.67
westcoast_0180,crw_089,33.92499923706055,-120.1750030517578,0.2590559645553,1991,90,90,1.0,True,0.9857142857142858,26.850500000000004,0,0,14.67
westcoast_0180,crw_089,33.92499923706055,-120.1750030517578,0.2590559645553,1992,91,91,1.0,True,2.094071428571429,76.91074999999998,31,24,14.67
westcoast_0180,crw_089,33.92499923706055,-120.1750030517578,0.2590559645553,1993,90,90,1.0,True,1.2950714285714284,66.622,7,3,14.67
westcoast_0180,crw_089,33.92499923706055,-120.1750030517578,0.2590559645553,1994,90,90,1.0,True,1.1018571428571422,44.25900000000001,8,8,14.67
westcoast_0180,crw_089,33.92499923706055,-120.1750030517578,0.2590559645553,1995,90,90,1.0,True,1.401142857142857,73.12800000000001,14,9,14.67
westcoast_0180,crw_089,33.92499923706055,-120.1750030517578,0.2590559645553,1996,91,91,1.0,True,1.3932142857142862,47.37675000000001,15,8,14.67
westcoast_0180,crw_089,33.92499923706055,-120.1750030517578,0.2590559645553,1997,90,90,1.0,True,0.7975000000000002,12.919500000000005,0,0,14.67
westcoast_0180,crw_089,33.92499923706055,-120.1750030517578,0.2590559645553,1998,90,90,1.0,True,2.4913571428571433,162.1885,66,61,14.67
westcoast_0180,crw_089,33.92499923706055,-120.1750030517578,0.2590559645553,1999,90,90,1.0,True,-0.10628571428571501,0.541999999999998,0,0,14.67
westcoast_0180,crw_089,33.92499923706055,-120.1750030517578,0.2590559645553,2000,91,91,1.0,True,0.10678571428571436,0.9700000000000024,0,0,14.67
westcoast_0180,crw_089,33.92499923706055,-120.1750030517578,0.2590559645553,2001,90,90,1.0,True,-0.03607142857142825,0.6324999999999985,0,0,14.67
westcoast_0180,crw_089,33.92499923706055,-120.1750030517578,0.2590559645553,2002,90,90,1.0,True,0.3807142857142856,4.001000000000001,0,0,14.67
westcoast_0180,crw_089,33.92499923706055,-120.1750030517578,0.2590559645553,2003,90,90,1.0,True,1.0370000000000004,35.814499999999995,6,3,14.67
westcoast_0180,crw_089,33.92499923706055,-120.1750030517578,0.2590559645553,2004,91,91,1.0,True,0.38542857142857123,4.205500000000001,0,0,14.67
westcoast_0180,crw_089,33.92499923706055,-120.1750030517578,0.2590559645553,2005,90,90,1.0,True,1.6919285714285717,72.48850000000002,12,5,14.67
westcoast_0180,crw_089,33.92499923706055,-120.1750030517578,0.2590559645553,2006,90,90,1.0,True,-0.22428571428571434,0.0,0,0,14.67
westcoast_0180,crw_089,33.92499923706055,-120.1750030517578,0.2590559645553,2007,90,90,1.0,True,0.5079999999999999,8.244000000000003,0,0,14.67
westcoast_0180,crw_089,33.92499923706055,-120.1750030517578,0.2590559645553,2008,91,91,1.0,True,-0.5791428571428572,0.0,0,0,14.67
westcoast_0180,crw_089,33.92499923706055,-120.1750030517578,0.2590559645553,2009,90,90,1.0,True,-0.11421428571428598,0.3374999999999986,0,0,14.67
westcoast_0180,crw_089,33.92499923706055,-120.1750030517578,0.2590559645553,2010,90,90,1.0,True,0.8847857142857146,30.944500000000005,5,4,14.67
westcoast_0180,crw_089,33.92499923706055,-120.1750030517578,0.2590559645553,2011,90,90,1.0,True,-0.4424285714285716,0.0,0,0,14.67
westcoast_0180,crw_089,33.92499923706055,-120.1750030517578,0.2590559645553,2012,91,91,1.0,True,0.024357142857143188,0.5645000000000007,0,0,14.67
westcoast_0180,crw_089,33.92499923706055,-120.1750030517578,0.2590559645553,2013,90,90,1.0,True,-0.1230714285714285,0.22749999999999737,0,0,14.67
westcoast_0180,crw_089,33.92499923706055,-120.1750030517578,0.2590559645553,2014,90,90,1.0,True,1.428142857142857,68.13449999999997,26,8,14.67
westcoast_0180,crw_089,33.92499923706055,-120.1750030517578,0.2590559645553,2015,90,90,1.0,True,2.670714285714286,186.62850000000003,88,82,14.67
westcoast_0180,crw_089,33.92499923706055,-120.1750030517578,0.2590559645553,2016,91,91,1.0,True,1.812107142857143,102.05675000000001,47,25,14.67
westcoast_0180,crw_089,33.92499923706055,-120.1750030517578,0.2590559645553,2017,90,90,1.0,True,0.6843571428571436,15.80800000000001,0,0,14.67
westcoast_0180,crw_089,33.92499923706055,-120.1750030517578,0.2590559645553,2018,90,90,1.0,True,1.3151428571428574,51.71500000000001,27,14,14.67
westcoast_0180,crw_089,33.92499923706055,-120.1750030517578,0.2590559645553,2019,90,90,1.0,True,1.4342142857142857,47.423000000000016,13,9,14.67
westcoast_0180,crw_089,33.92499923706055,-120.1750030517578,0.2590559645553,2020,91,91,1.0,True,1.3402142857142862,60.08125000000001,3,2,14.67
westcoast_0180,crw_089,33.92499923706055,-120.1750030517578,0.2590559645553,2021,90,90,1.0,True,0.21521428571428508,1.5884999999999945,0,0,14.67
westcoast_0180,crw_089,33.92499923706055,-120.1750030517578,0.2590559645553,2022,90,90,1.0,True,0.7514285714285717,12.55900000000001,0,0,14.67
westcoast_0180,crw_089,33.92499923706055,-120.1750030517578,0.2590559645553,2023,90,90,1.0,True,0.11092857142857072,0.9789999999999974,0,0,14.67
westcoast_0180,crw_089,33.92499923706055,-120.1750030517578,0.2590559645553,2024,91,90,0.989010989010989,True,1.632928571428572,61.021750000000004,11,9,14.67
westcoast_0181,crw_090,33.92499923706055,-120.0250015258789,4.0507396604153305,1985,90,90,1.0,True,0.11707142857142903,1.9950000000000045,0,0,14.846000000000002
westcoast_0181,crw_090,33.92499923706055,-120.0250015258789,4.0507396604153305,1986,90,90,1.0,True,1.1839285714285714,48.79050000000001,9,4,14.846000000000002
westcoast_0181,crw_090,33.92499923706055,-120.0250015258789,4.0507396604153305,1987,90,90,1.0,True,1.1628571428571435,34.71900000000001,17,9,14.846000000000002
westcoast_0181,crw_090,33.92499923706055,-120.0250015258789,4.0507396604153305,1988,91,91,1.0,True,0.8609999999999997,23.606,0,0,14.846000000000002
westcoast_0181,crw_090,33.92499923706055,-120.0250015258789,4.0507396604153305,1989,90,90,1.0,True,-0.6184999999999999,0.0,0,0,14.846000000000002
westcoast_0181,crw_090,33.92499923706055,-120.0250015258789,4.0507396604153305,1990,90,90,1.0,True,1.0960714285714281,24.739499999999996,11,7,14.846000000000002
westcoast_0181,crw_090,33.92499923706055,-120.0250015258789,4.0507396604153305,1991,90,90,1.0,True,1.0417142857142854,30.264500000000012,0,0,14.846000000000002
westcoast_0181,crw_090,33.92499923706055,-120.0250015258789,4.0507396604153305,1992,91,91,1.0,True,2.0443571428571428,71.61149999999999,27,12,14.846000000000002
westcoast_0181,crw_090,33.92499923706055,-120.0250015258789,4.0507396604153305,1993,90,90,1.0,True,1.3434999999999995,64.26800000000001,6,3,14.846000000000002
westcoast_0181,crw_090,33.92499923706055,-120.0250015258789,4.0507396604153305,1994,90,90,1.0,True,1.0512142857142852,40.181999999999995,6,3,14.846000000000002
westcoast_0181,crw_090,33.92499923706055,-120.0250015258789,4.0507396604153305,1995,90,90,1.0,True,1.3483571428571433,66.88550000000001,13,9,14.846000000000002
westcoast_0181,crw_090,33.92499923706055,-120.0250015258789,4.0507396604153305,1996,91,91,1.0,True,1.4459999999999997,42.087,15,8,14.846000000000002
westcoast_0181,crw_090,33.92499923706055,-120.0250015258789,4.0507396604153305,1997,90,90,1.0,True,0.8057857142857142,12.876499999999995,0,0,14.846000000000002
westcoast_0181,crw_090,33.92499923706055,-120.0250015258789,4.0507396604153305,1998,90,90,1.0,True,2.538642857142858,166.07550000000003,71,61,14.846000000000002
westcoast_0181,crw_090,33.92499923706055,-120.0250015258789,4.0507396604153305,1999,90,90,1.0,True,-0.1792857142857149,0.34349999999999703,0,0,14.846000000000002
westcoast_0181,crw_090,33.92499923706055,-120.0250015258789,4.0507396604153305,2000,91,91,1.0,True,0.14778571428571446,1.2250000000000032,0,0,14.846000000000002
westcoast_0181,crw_090,33.92499923706055,-120.0250015258789,4.0507396604153305,2001,90,90,1.0,True,-0.0642857142857147,0.4150000000000009,0,0,14.846000000000002
westcoast_0181,crw_090,33.92499923706055,-120.0250015258789,4.0507396604153305,2002,90,90,1.0,True,0.41135714285714337,4.330000000000004,0,0,14.846000000000002
westcoast_0181,crw_090,33.92499923706055,-120.0250015258789,4.0507396604153305,2003,90,90,1.0,True,1.044357142857143,39.58000000000001,6,3,14.846000000000002
westcoast_0181,crw_090,33.92499923706055,-120.0250015258789,4.0507396604153305,2004,91,91,1.0,True,0.33814285714285675,5.045999999999998,0,0,14.846000000000002
westcoast_0181,crw_090,33.92499923706055,-120.0250015258789,4.0507396604153305,2005,90,90,1.0,True,1.4735714285714285,65.80900000000001,9,5,14.846000000000002
westcoast_0181,crw_090,33.92499923706055,-120.0250015258789,4.0507396604153305,2006,90,90,1.0,True,-0.06792857142857146,0.18400000000000105,0,0,14.846000000000002
westcoast_0181,crw_090,33.92499923706055,-120.0250015258789,4.0507396604153305,2007,90,90,1.0,True,0.5122142857142854,8.385500000000008,0,0,14.846000000000002
westcoast_0181,crw_090,33.92499923706055,-120.0250015258789,4.0507396604153305,2008,91,91,1.0,True,-0.6249285714285714,0.0,0,0,14.846000000000002
westcoast_0181,crw_090,33.92499923706055,-120.0250015258789,4.0507396604153305,2009,90,90,1.0,True,-0.19878571428571337,0.15250000000000163,0,0,14.846000000000002
westcoast_0181,crw_090,33.92499923706055,-120.0250015258789,4.0507396604153305,2010,90,90,1.0,True,0.9160714285714285,27.55150000000001,4,4,14.846000000000002
westcoast_0181,crw_090,33.92499923706055,-120.0250015258789,4.0507396604153305,2011,90,90,1.0,True,-0.3302142857142855,0.014499999999999957,0,0,14.846000000000002
westcoast_0181,crw_090,33.92499923706055,-120.0250015258789,4.0507396604153305,2012,91,91,1.0,True,0.08749999999999959,0.8679999999999968,0,0,14.846000000000002
westcoast_0181,crw_090,33.92499923706055,-120.0250015258789,4.0507396604153305,2013,90,90,1.0,True,0.021499999999999884,0.2959999999999976,0,0,14.846000000000002
westcoast_0181,crw_090,33.92499923706055,-120.0250015258789,4.0507396604153305,2014,90,90,1.0,True,1.5205,72.81249999999999,26,6,14.846000000000002
westcoast_0181,crw_090,33.92499923706055,-120.0250015258789,4.0507396604153305,2015,90,90,1.0,True,2.7349285714285716,188.23550000000003,88,82,14.846000000000002
westcoast_0181,crw_090,33.92499923706055,-120.0250015258789,4.0507396604153305,2016,91,91,1.0,True,1.8941428571428574,101.7055,40,18,14.846000000000002
westcoast_0181,crw_090,33.92499923706055,-120.0250015258789,4.0507396604153305,2017,90,90,1.0,True,0.6279999999999996,15.787499999999998,0,0,14.846000000000002
westcoast_0181,crw_090,33.92499923706055,-120.0250015258789,4.0507396604153305,2018,90,90,1.0,True,1.355071428571428,55.208,25,14,14.846000000000002
westcoast_0181,crw_090,33.92499923706055,-120.0250015258789,4.0507396604153305,2019,90,90,1.0,True,1.4372142857142858,44.13099999999999,13,10,14.846000000000002
westcoast_0181,crw_090,33.92499923706055,-120.0250015258789,4.0507396604153305,2020,91,91,1.0,True,1.226999999999999,67.591,4,2,14.846000000000002
westcoast_0181,crw_090,33.92499923706055,-120.0250015258789,4.0507396604153305,2021,90,90,1.0,True,0.22592857142857067,1.6814999999999962,0,0,14.846000000000002
westcoast_0181,crw_090,33.92499923706055,-120.0250015258789,4.0507396604153305,2022,90,90,1.0,True,0.7635000000000003,14.579500000000015,0,0,14.846000000000002
westcoast_0181,crw_090,33.92499923706055,-120.0250015258789,4.0507396604153305,2023,90,90,1.0,True,0.10285714285714194,1.0694999999999943,0,0,14.846000000000002
westcoast_0181,crw_090,33.92499923706055,-120.0250015258789,4.0507396604153305,2024,91,90,0.989010989010989,True,1.5989285714285708,58.337,11,9,14.846000000000002
westcoast_0182,crw_091,33.92499923706055,-119.9749984741211,0.908380000910287,1985,90,90,1.0,True,0.11357142857142856,1.8729999999999958,0,0,14.896000000000003
westcoast_0182,crw_091,33.92499923706055,-119.9749984741211,0.908380000910287,1986,90,90,1.0,True,1.2330000000000005,49.254000000000005,11,4,14.896000000000003
westcoast_0182,crw_091,33.92499923706055,-119.9749984741211,0.908380000910287,1987,90,90,1.0,True,1.1438571428571425,34.077,15,8,14.896000000000003
westcoast_0182,crw_091,33.92499923706055,-119.9749984741211,0.908380000910287,1988,91,91,1.0,True,0.8419285714285714,22.80175,0,0,14.896000000000003
westcoast_0182,crw_091,33.92499923706055,-119.9749984741211,0.908380000910287,1989,90,90,1.0,True,-0.5965000000000005,0.0,0,0,14.896000000000003
westcoast_0182,crw_091,33.92499923706055,-119.9749984741211,0.908380000910287,1990,90,90,1.0,True,1.093071428571428,24.840999999999998,11,7,14.896000000000003
westcoast_0182,crw_091,33.92499923706055,-119.9749984741211,0.908380000910287,1991,90,90,1.0,True,1.0392142857142856,30.669499999999996,0,0,14.896000000000003
westcoast_0182,crw_091,33.92499923706055,-119.9749984741211,0.908380000910287,1992,91,91,1.0,True,2.0256428571428575,70.52374999999999,26,12,14.896000000000003
westcoast_0182,crw_091,33.92499923706055,-119.9749984741211,0.908380000910287,1993,90,90,1.0,True,1.3510714285714294,63.567,6,3,14.896000000000003
westcoast_0182,crw_091,33.92499923706055,-119.9749984741211,0.908380000910287,1994,90,90,1.0,True,1.0366428571428572,39.33999999999999,6,3,14.896000000000003
westcoast_0182,crw_091,33.92499923706055,-119.9749984741211,0.908380000910287,1995,90,90,1.0,True,1.3493571428571427,65.51899999999999,12,8,14.896000000000003
westcoast_0182,crw_091,33.92499923706055,-119.9749984741211,0.908380000910287,1996,91,91,1.0,True,1.4408571428571424,40.618750000000006,15,8,14.896000000000003
westcoast_0182,crw_091,33.92499923706055,-119.9749984741211,0.908380000910287,1997,90,90,1.0,True,0.8099285714285713,12.765999999999993,0,0,14.896000000000003
westcoast_0182,crw_091,33.92499923706055,-119.9749984741211,0.908380000910287,1998,90,90,1.0,True,2.5462142857142855,166.265,73,61,14.896000000000003
westcoast_0182,crw_091,33.92499923706055,-119.9749984741211,0.908380000910287,1999,90,90,1.0,True,-0.19557142857142853,0.2685000000000013,0,0,14.896000000000003
westcoast_0182,crw_091,33.92499923706055,-119.9749984741211,0.908380000910287,2000,91,91,1.0,True,0.13999999999999954,1.1774999999999967,0,0,14.896000000000003
westcoast_0182,crw_091,33.92499923706055,-119.9749984741211,0.908380000910287,2001,90,90,1.0,True,-0.07292857142857123,0.3890000000000011,0,0,14.896000000000003
westcoast_0182,crw_091,33.92499923706055,-119.9749984741211,0.908380000910287,2002,90,90,1.0,True,0.40528571428571475,4.244,0,0,14.896000000000003
westcoast_0182,crw_091,33.92499923706055,-119.9749984741211,0.908380000910287,2003,90,90,1.0,True,1.063357142857143,41.096,6,3,14.896000000000003
westcoast_0182,crw_091,33.92499923706055,-119.9749984741211,0.908380000910287,2004,91,91,1.0,True,0.3105000000000001,5.2580000000000044,0,0,14.896000000000003
westcoast_0182,crw_091,33.92499923706055,-119.9749984741211,0.908380000910287,2005,90,90,1.0,True,1.429071428571429,64.92999999999999,9,5,14.896000000000003
westcoast_0182,crw_091,33.92499923706055,-119.9749984741211,0.908380000910287,2006,90,90,1.0,True,-0.013857142857142537,0.3489999999999984,0,0,14.896000000000003
westcoast_0182,crw_091,33.92499923706055,-119.9749984741211,0.908380000910287,2007,90,90,1.0,True,0.5050000000000002,8.370999999999997,0,0,14.896000000000003
westcoast_0182,crw_091,33.92499923706055,-119.9749984741211,0.908380000910287,2008,91,91,1.0,True,-0.6023571428571428,0.0,0,0,14.896000000000003
westcoast_0182,crw_091,33.92499923706055,-119.9749984741211,0.908380000910287,2009,90,90,1.0,True,-0.20471428571428593,0.11800000000000033,0,0,14.896000000000003
westcoast_0182,crw_091,33.92499923706055,-119.9749984741211,0.908380000910287,2010,90,90,1.0,True,0.9113571428571421,27.22899999999999,5,4,14.896000000000003
westcoast_0182,crw_091,33.92499923706055,-119.9749984741211,0.908380000910287,2011,90,90,1.0,True,-0.2577857142857139,0.04499999999999815,0,0,14.896000000000003
westcoast_0182,crw_091,33.92499923706055,-119.9749984741211,0.908380000910287,2012,91,91,1.0,True,0.08735714285714254,0.8609999999999971,0,0,14.896000000000003
westcoast_0182,crw_091,33.92499923706055,-119.9749984741211,0.908380000910287,2013,90,90,1.0,True,0.051357142857142435,0.45849999999999724,0,0,14.896000000000003
westcoast_0182,crw_091,33.92499923706055,-119.9749984741211,0.908380000910287,2014,90,90,1.0,True,1.5665,74.40150000000001,27,6,14.896000000000003
westcoast_0182,crw_091,33.92499923706055,-119.9749984741211,0.908380000910287,2015,90,90,1.0,True,2.752857142857143,189.06500000000003,90,90,14.896000000000003
westcoast_0182,crw_091,33.92499923706055,-119.9749984741211,0.908380000910287,2016,91,91,1.0,True,1.9313214285714277,102.83675,39,18,14.896000000000003
westcoast_0182,crw_091,33.92499923706055,-119.9749984741211,0.908380000910287,2017,90,90,1.0,True,0.5945714285714284,15.863,0,0,14.896000000000003
westcoast_0182,crw_091,33.92499923706055,-119.9749984741211,0.908380000910287,2018,90,90,1.0,True,1.395,57.807,29,19,14.896000000000003
westcoast_0182,crw_091,33.92499923706055,-119.9749984741211,0.908380000910287,2019,90,90,1.0,True,1.422928571428571,44.25399999999999,13,10,14.896000000000003
westcoast_0182,crw_091,33.92499923706055,-119.9749984741211,0.908380000910287,2020,91,91,1.0,True,1.2635357142857135,70.90024999999997,5,3,14.896000000000003
westcoast_0182,crw_091,33.92499923706055,-119.9749984741211,0.908380000910287,2021,90,90,1.0,True,0.2403571428571425,1.7754999999999974,0,0,14.896000000000003
westcoast_0182,crw_091,33.92499923706055,-119.9749984741211,0.908380000910287,2022,90,90,1.0,True,0.7757142857142857,15.979999999999997,0,0,14.896000000000003
westcoast_0182,crw_091,33.92499923706055,-119.9749984741211,0.908380000910287,2023,90,90,1.0,True,0.10171428571428594,1.105499999999994,0,0,14.896000000000003
westcoast_0182,crw_091,33.92499923706055,-119.9749984741211,0.908380000910287,2024,91,90,0.989010989010989,True,1.5887857142857145,58.44075000000001,12,9,14.896000000000003
westcoast_0183,crw_092,33.92499923706055,-119.875,1.2423047179079485,1985,90,90,1.0,True,0.09664285714285725,1.4735000000000014,0,0,14.97
westcoast_0183,crw_092,33.92499923706055,-119.875,1.2423047179079485,1986,90,90,1.0,True,1.3099285714285718,50.034,14,4,14.97
westcoast_0183,crw_092,33.92499923706055,-119.875,1.2423047179079485,1987,90,90,1.0,True,1.107714285714286,33.93900000000001,13,8,14.97
westcoast_0183,crw_092,33.92499923706055,-119.875,1.2423047179079485,1988,91,91,1.0,True,0.798071428571429,20.408750000000005,0,0,14.97
westcoast_0183,crw_092,33.92499923706055,-119.875,1.2423047179079485,1989,90,90,1.0,True,-0.6130000000000008,0.0,0,0,14.97
westcoast_0183,crw_092,33.92499923706055,-119.875,1.2423047179079485,1990,90,90,1.0,True,1.0986428571428573,25.024500000000003,11,7,14.97
westcoast_0183,crw_092,33.92499923706055,-119.875,1.2423047179079485,1991,90,90,1.0,True,1.0198571428571428,31.365000000000002,0,0,14.97
westcoast_0183,crw_092,33.92499923706055,-119.875,1.2423047179079485,1992,91,91,1.0,True,1.9644285714285712,68.30525,25,23,14.97
westcoast_0183,crw_092,33.92499923706055,-119.875,1.2423047179079485,1993,90,90,1.0,True,1.3135714285714288,61.879000000000005,7,3,14.97
westcoast_0183,crw_092,33.92499923706055,-119.875,1.2423047179079485,1994,90,90,1.0,True,1.011,38.088500000000025,6,3,14.97
westcoast_0183,crw_092,33.92499923706055,-119.875,1.2423047179079485,1995,90,90,1.0,True,1.3313571428571422,62.595000000000006,11,7,14.97
westcoast_0183,crw_092,33.92499923706055,-119.875,1.2423047179079485,1996,91,91,1.0,True,1.412857142857143,38.00225000000001,10,8,14.97
westcoast_0183,crw_092,33.92499923706055,-119.875,1.2423047179079485,1997,90,90,1.0,True,0.8387142857142853,12.666000000000002,0,0,14.97
westcoast_0183,crw_092,33.92499923706055,-119.875,1.2423047179079485,1998,90,90,1.0,True,2.5368571428571434,166.27049999999997,75,61,14.97
westcoast_0183,crw_092,33.92499923706055,-119.875,1.2423047179079485,1999,90,90,1.0,True,-0.22364285714285664,0.18900000000000006,0,0,14.97
westcoast_0183,crw_092,33.92499923706055,-119.875,1.2423047179079485,2000,91,91,1.0,True,0.09664285714285777,0.8745000000000065,0,0,14.97
westcoast_0183,crw_092,33.92499923706055,-119.875,1.2423047179079485,2001,90,90,1.0,True,-0.024428571428571084,0.5145000000000017,0,0,14.97
westcoast_0183,crw_092,33.92499923706055,-119.875,1.2423047179079485,2002,90,90,1.0,True,0.3982857142857141,4.176999999999998,0,0,14.97
westcoast_0183,crw_092,33.92499923706055,-119.875,1.2423047179079485,2003,90,90,1.0,True,1.0865714285714283,44.339000000000006,8,3,14.97
westcoast_0183,crw_092,33.92499923706055,-119.875,1.2423047179079485,2004,91,91,1.0,True,0.3415714285714281,5.493499999999999,0,0,14.97
westcoast_0183,crw_092,33.92499923706055,-119.875,1.2423047179079485,2005,90,90,1.0,True,1.3345714285714294,64.27950000000001,11,6,14.97
westcoast_0183,crw_092,33.92499923706055,-119.875,1.2423047179079485,2006,90,90,1.0,True,0.0830714285714291,0.783000000000003,0,0,14.97
westcoast_0183,crw_092,33.92499923706055,-119.875,1.2423047179079485,2007,90,90,1.0,True,0.48650000000000027,8.309500000000005,0,0,14.97
westcoast_0183,crw_092,33.92499923706055,-119.875,1.2423047179079485,2008,91,91,1.0,True,-0.5463571428571429,0.0,0,0,14.97
westcoast_0183,crw_092,33.92499923706055,-119.875,1.2423047179079485,2009,90,90,1.0,True,-0.2167857142857143,0.06799999999999784,0,0,14.97
westcoast_0183,crw_092,33.92499923706055,-119.875,1.2423047179079485,2010,90,90,1.0,True,0.8763571428571427,28.141500000000015,5,4,14.97
westcoast_0183,crw_092,33.92499923706055,-119.875,1.2423047179079485,2011,90,90,1.0,True,-0.1282142857142856,0.12799999999999834,0,0,14.97
westcoast_0183,crw_092,33.92499923706055,-119.875,1.2423047179079485,2012,91,91,1.0,True,0.11292857142857139,1.0085000000000015,0,0,14.97
westcoast_0183,crw_092,33.92499923706055,-119.875,1.2423047179079485,2013,90,90,1.0,True,0.10157142857142835,0.7739999999999991,0,0,14.97
westcoast_0183,crw_092,33.92499923706055,-119.875,1.2423047179079485,2014,90,90,1.0,True,1.6457857142857144,79.32050000000001,31,9,14.97
westcoast_0183,crw_092,33.92499923706055,-119.875,1.2423047179079485,2015,90,90,1.0,True,2.7866428571428585,191.64050000000003,90,90,14.97
westcoast_0183,crw_092,33.92499923706055,-119.875,1.2423047179079485,2016,91,91,1.0,True,2.0248928571428566,106.68925000000002,43,18,14.97
westcoast_0183,crw_092,33.92499923706055,-119.875,1.2423047179079485,2017,90,90,1.0,True,0.5540714285714292,17.641500000000015,0,0,14.97
westcoast_0183,crw_092,33.92499923706055,-119.875,1.2423047179079485,2018,90,90,1.0,True,1.472214285714286,62.95100000000003,35,20,14.97
westcoast_0183,crw_092,33.92499923706055,-119.875,1.2423047179079485,2019,90,90,1.0,True,1.4225714285714288,45.61900000000001,14,10,14.97
westcoast_0183,crw_092,33.92499923706055,-119.875,1.2423047179079485,2020,91,91,1.0,True,1.4043928571428566,77.03425000000001,8,5,14.97
westcoast_0183,crw_092,33.92499923706055,-119.875,1.2423047179079485,2021,90,90,1.0,True,0.25585714285714317,1.8560000000000016,0,0,14.97
westcoast_0183,crw_092,33.92499923706055,-119.875,1.2423047179079485,2022,90,90,1.0,True,0.8195000000000007,18.141500000000004,0,0,14.97
westcoast_0183,crw_092,33.92499923706055,-119.875,1.2423047179079485,2023,90,90,1.0,True,0.10014285714285746,1.1510000000000016,0,0,14.97
westcoast_0183,crw_092,33.92499923706055,-119.875,1.2423047179079485,2024,91,90,0.989010989010989,True,1.6129285714285715,60.70325000000001,13,10,14.97
westcoast_0184,crw_093,33.92499923706055,-119.7750015258789,1.5771737830233834,1985,90,90,1.0,True,0.0692857142857142,0.9610000000000056,0,0,15.05
westcoast_0184,crw_093,33.92499923706055,-119.7750015258789,1.5771737830233834,1986,90,90,1.0,True,1.3988571428571437,49.62550000000001,16,4,15.05
westcoast_0184,crw_093,33.92499923706055,-119.7750015258789,1.5771737830233834,1987,90,90,1.0,True,1.1012857142857144,34.9925,10,3,15.05
westcoast_0184,crw_093,33.92499923706055,-119.7750015258789,1.5771737830233834,1988,91,91,1.0,True,0.6951428571428578,15.685500000000003,0,0,15.05
westcoast_0184,crw_093,33.92499923706055,-119.7750015258789,1.5771737830233834,1989,90,90,1.0,True,-0.7196428571428574,0.0,0,0,15.05
westcoast_0184,crw_093,33.92499923706055,-119.7750015258789,1.5771737830233834,1990,90,90,1.0,True,1.1414285714285712,25.5365,11,7,15.05
westcoast_0184,crw_093,33.92499923706055,-119.7750015258789,1.5771737830233834,1991,90,90,1.0,True,0.9819285714285714,33.033500000000004,0,0,15.05
westcoast_0184,crw_093,33.92499923706055,-119.7750015258789,1.5771737830233834,1992,91,91,1.0,True,1.8617857142857142,66.18600000000002,25,23,15.05
westcoast_0184,crw_093,33.92499923706055,-119.7750015258789,1.5771737830233834,1993,90,90,1.0,True,1.2174999999999996,59.289500000000004,6,3,15.05
westcoast_0184,crw_093,33.92499923706055,-119.7750015258789,1.5771737830233834,1994,90,90,1.0,True,0.993285714285715,38.26850000000002,6,3,15.05
westcoast_0184,crw_093,33.92499923706055,-119.7750015258789,1.5771737830233834,1995,90,90,1.0,True,1.277214285714286,58.99300000000001,9,3,15.05
westcoast_0184,crw_093,33.92499923706055,-119.7750015258789,1.5771737830233834,1996,91,91,1.0,True,1.3949999999999994,37.247000000000014,10,8,15.05
westcoast_0184,crw_093,33.92499923706055,-119.7750015258789,1.5771737830233834,1997,90,90,1.0,True,0.9275,13.180000000000009,0,0,15.05
westcoast_0184,crw_093,33.92499923706055,-119.7750015258789,1.5771737830233834,1998,90,90,1.0,True,2.528357142857143,166.30600000000004,76,59,15.05
westcoast_0184,crw_093,33.92499923706055,-119.7750015258789,1.5771737830233834,1999,90,90,1.0,True,-0.2547857142857138,0.036000000000001364,0,0,15.05
westcoast_0184,crw_093,33.92499923706055,-119.7750015258789,1.5771737830233834,2000,91,91,1.0,True,0.022499999999999836,0.3484999999999978,0,0,15.05
westcoast_0184,crw_093,33.92499923706055,-119.7750015258789,1.5771737830233834,2001,90,90,1.0,True,0.0055714285714287826,0.5970000000000031,0,0,15.05
westcoast_0184,crw_093,33.92499923706055,-119.7750015258789,1.5771737830233834,2002,90,90,1.0,True,0.4129285714285721,5.067000000000011,0,0,15.05
westcoast_0184,crw_093,33.92499923706055,-119.7750015258789,1.5771737830233834,2003,90,90,1.0,True,1.0765000000000007,47.577500000000015,11,4,15.05
westcoast_0184,crw_093,33.92499923706055,-119.7750015258789,1.5771737830233834,2004,91,91,1.0,True,0.44321428571428534,5.6065000000000005,0,0,15.05
westcoast_0184,crw_093,33.92499923706055,-119.7750015258789,1.5771737830233834,2005,90,90,1.0,True,1.344071428571429,63.58500000000002,12,9,15.05
westcoast_0184,crw_093,33.92499923706055,-119.7750015258789,1.5771737830233834,2006,90,90,1.0,True,0.14285714285714338,1.2195000000000018,0,0,15.05
westcoast_0184,crw_093,33.92499923706055,-119.7750015258789,1.5771737830233834,2007,90,90,1.0,True,0.45664285714285696,8.228,0,0,15.05
westcoast_0184,crw_093,33.92499923706055,-119.7750015258789,1.5771737830233834,2008,91,91,1.0,True,-0.47914285714285704,0.0,0,0,15.05
westcoast_0184,crw_093,33.92499923706055,-119.7750015258789,1.5771737830233834,2009,90,90,1.0,True,-0.25707142857142834,0.011499999999998067,0,0,15.05
westcoast_0184,crw_093,33.92499923706055,-119.7750015258789,1.5771737830233834,2010,90,90,1.0,True,0.8165714285714277,30.059500000000007,5,4,15.05
westcoast_0184,crw_093,33.92499923706055,-119.7750015258789,1.5771737830233834,2011,90,90,1.0,True,-0.06164285714285737,0.1645000000000003,0,0,15.05
westcoast_0184,crw_093,33.92499923706055,-119.7750015258789,1.5771737830233834,2012,91,91,1.0,True,0.17428571428571463,1.4850000000000065,0,0,15.05
westcoast_0184,crw_093,33.92499923706055,-119.7750015258789,1.5771737830233834,2013,90,90,1.0,True,0.14464285714285705,1.0225000000000009,0,0,15.05
westcoast_0184,crw_093,33.92499923706055,-119.7750015258789,1.5771737830233834,2014,90,90,1.0,True,1.7145714285714286,84.88600000000001,38,18,15.05
westcoast_0184,crw_093,33.92499923706055,-119.7750015258789,1.5771737830233834,2015,90,90,1.0,True,2.798214285714286,193.686,90,90,15.05
westcoast_0184,crw_093,33.92499923706055,-119.7750015258789,1.5771737830233834,2016,91,91,1.0,True,2.1087857142857156,110.65550000000003,51,19,15.05
westcoast_0184,crw_093,33.92499923706055,-119.7750015258789,1.5771737830233834,2017,90,90,1.0,True,0.6791428571428566,20.855,0,0,15.05
westcoast_0184,crw_093,33.92499923706055,-119.7750015258789,1.5771737830233834,2018,90,90,1.0,True,1.5080714285714287,65.63250000000001,40,22,15.05
westcoast_0184,crw_093,33.92499923706055,-119.7750015258789,1.5771737830233834,2019,90,90,1.0,True,1.4297857142857144,46.05950000000001,16,11,15.05
westcoast_0184,crw_093,33.92499923706055,-119.7750015258789,1.5771737830233834,2020,91,91,1.0,True,1.4534285714285724,81.67300000000003,18,5,15.05
westcoast_0184,crw_093,33.92499923706055,-119.7750015258789,1.5771737830233834,2021,90,90,1.0,True,0.2600000000000003,2.4004999999999956,0,0,15.05
westcoast_0184,crw_093,33.92499923706055,-119.7750015258789,1.5771737830233834,2022,90,90,1.0,True,0.8353571428571424,18.33400000000001,0,0,15.05
westcoast_0184,crw_093,33.92499923706055,-119.7750015258789,1.5771737830233834,2023,90,90,1.0,True,0.060642857142857665,0.9280000000000008,0,0,15.05
westcoast_0184,crw_093,33.92499923706055,-119.7750015258789,1.5771737830233834,2024,91,90,0.989010989010989,True,1.668571428571429,63.13250000000002,13,10,15.05
westcoast_0186,crw_094,33.82500076293945,-118.4250030517578,1.435363097898298,1985,90,90,1.0,True,0.11599999999999991,0.8825000000000003,0,0,15.45
westcoast_0186,crw_094,33.82500076293945,-118.4250030517578,1.435363097898298,1986,90,90,1.0,True,1.276000000000001,59.156000000000034,10,4,15.45
westcoast_0186,crw_094,33.82500076293945,-118.4250030517578,1.435363097898298,1987,90,90,1.0,True,1.140928571428571,35.60950000000002,9,4,15.45
westcoast_0186,crw_094,33.82500076293945,-118.4250030517578,1.435363097898298,1988,91,91,1.0,True,0.9493571428571427,13.645000000000007,0,0,15.45
westcoast_0186,crw_094,33.82500076293945,-118.4250030517578,1.435363097898298,1989,90,90,1.0,True,-0.019785714285714105,0.8105000000000011,0,0,15.45
westcoast_0186,crw_094,33.82500076293945,-118.4250030517578,1.435363097898298,1990,90,90,1.0,True,0.9768571428571435,20.08700000000001,5,3,15.45
westcoast_0186,crw_094,33.82500076293945,-118.4250030517578,1.435363097898298,1991,90,90,1.0,True,0.7397857142857145,21.59750000000001,0,0,15.45
westcoast_0186,crw_094,33.82500076293945,-118.4250030517578,1.435363097898298,1992,91,91,1.0,True,1.6745000000000005,69.64825000000002,30,27,15.45
westcoast_0186,crw_094,33.82500076293945,-118.4250030517578,1.435363097898298,1993,90,90,1.0,True,1.0938571428571426,44.178500000000014,7,4,15.45
westcoast_0186,crw_094,33.82500076293945,-118.4250030517578,1.435363097898298,1994,90,90,1.0,True,0.8910714285714284,26.47600000000002,2,2,15.45
westcoast_0186,crw_094,33.82500076293945,-118.4250030517578,1.435363097898298,1995,90,90,1.0,True,1.7911428571428574,48.69250000000001,11,11,15.45
westcoast_0186,crw_094,33.82500076293945,-118.4250030517578,1.435363097898298,1996,91,91,1.0,True,0.870000000000001,23.354000000000013,4,3,15.45
westcoast_0186,crw_094,33.82500076293945,-118.4250030517578,1.435363097898298,1997,90,90,1.0,True,1.3748571428571421,20.124000000000006,9,9,15.45
westcoast_0186,crw_094,33.82500076293945,-118.4250030517578,1.435363097898298,1998,90,90,1.0,True,2.285071428571429,165.76500000000001,80,59,15.45
westcoast_0186,crw_094,33.82500076293945,-118.4250030517578,1.435363097898298,1999,90,90,1.0,True,-0.12564285714285614,0.0,0,0,15.45
westcoast_0186,crw_094,33.82500076293945,-118.4250030517578,1.435363097898298,2000,91,91,1.0,True,0.020071428571428487,0.3180000000000014,0,0,15.45
westcoast_0186,crw_094,33.82500076293945,-118.4250030517578,1.435363097898298,2001,90,90,1.0,True,0.21685714285714372,3.231000000000007,0,0,15.45
westcoast_0186,crw_094,33.82500076293945,-118.4250030517578,1.435363097898298,2002,90,90,1.0,True,0.45978571428571485,6.622500000000006,0,0,15.45
westcoast_0186,crw_094,33.82500076293945,-118.4250030517578,1.435363097898298,2003,90,90,1.0,True,1.3773571428571434,60.95650000000002,12,9,15.45
westcoast_0186,crw_094,33.82500076293945,-118.4250030517578,1.435363097898298,2004,91,91,1.0,True,0.6045000000000004,12.878500000000004,0,0,15.45
westcoast_0186,crw_094,33.82500076293945,-118.4250030517578,1.435363097898298,2005,90,90,1.0,True,1.795142857142858,72.75900000000003,16,15,15.45
westcoast_0186,crw_094,33.82500076293945,-118.4250030517578,1.435363097898298,2006,90,90,1.0,True,0.3177857142857149,2.3810000000000073,0,0,15.45
westcoast_0186,crw_094,33.82500076293945,-118.4250030517578,1.435363097898298,2007,90,90,1.0,True,0.3148571428571432,5.604500000000009,0,0,15.45
westcoast_0186,crw_094,33.82500076293945,-118.4250030517578,1.435363097898298,2008,91,91,1.0,True,-0.29492857142857104,0.0,0,0,15.45
westcoast_0186,crw_094,33.82500076293945,-118.4250030517578,1.435363097898298,2009,90,90,1.0,True,0.26885714285714385,4.0250000000000075,0,0,15.45
westcoast_0186,crw_094,33.82500076293945,-118.4250030517578,1.435363097898298,2010,90,90,1.0,True,1.1028571428571425,45.245500000000014,2,1,15.45
westcoast_0186,crw_094,33.82500076293945,-118.4250030517578,1.435363097898298,2011,90,90,1.0,True,-0.07064285714285619,0.37200000000000166,0,0,15.45
westcoast_0186,crw_094,33.82500076293945,-118.4250030517578,1.435363097898298,2012,91,91,1.0,True,0.04657142857142941,1.3810000000000109,0,0,15.45
westcoast_0186,crw_094,33.82500076293945,-118.4250030517578,1.435363097898298,2013,90,90,1.0,True,0.5230714285714289,4.203999999999999,0,0,15.45
westcoast_0186,crw_094,33.82500076293945,-118.4250030517578,1.435363097898298,2014,90,90,1.0,True,2.169714285714287,109.50500000000004,49,31,15.45
westcoast_0186,crw_094,33.82500076293945,-118.4250030517578,1.435363097898298,2015,90,90,1.0,True,3.2073571428571435,205.50500000000002,90,90,15.45
westcoast_0186,crw_094,33.82500076293945,-118.4250030517578,1.435363097898298,2016,91,91,1.0,True,2.3755357142857143,120.68225000000001,58,33,15.45
westcoast_0186,crw_094,33.82500076293945,-118.4250030517578,1.435363097898298,2017,90,90,1.0,True,1.0948571428571428,33.556500000000014,3,2,15.45
westcoast_0186,crw_094,33.82500076293945,-118.4250030517578,1.435363097898298,2018,90,90,1.0,True,1.936071428571429,81.45600000000002,37,22,15.45
westcoast_0186,crw_094,33.82500076293945,-118.4250030517578,1.435363097898298,2019,90,90,1.0,True,1.3217142857142858,58.54400000000003,32,22,15.45
westcoast_0186,crw_094,33.82500076293945,-118.4250030517578,1.435363097898298,2020,91,91,1.0,True,1.7726785714285715,95.47225000000003,43,13,15.45
westcoast_0186,crw_094,33.82500076293945,-118.4250030517578,1.435363097898298,2021,90,90,1.0,True,0.5557142857142868,6.7430000000000145,0,0,15.45
westcoast_0186,crw_094,33.82500076293945,-118.4250030517578,1.435363097898298,2022,90,90,1.0,True,1.090214285714286,36.57500000000002,3,3,15.45
westcoast_0186,crw_094,33.82500076293945,-118.4250030517578,1.435363097898298,2023,90,90,1.0,True,0.2104285714285718,2.6950000000000056,0,0,15.45
westcoast_0186,crw_094,33.82500076293945,-118.4250030517578,1.435363097898298,2024,91,90,0.989010989010989,True,1.5297142857142867,69.95675000000003,19,8,15.45
westcoast_0187,crw_095,33.724998474121094,-118.4250030517578,1.8042965463768983,1985,90,90,1.0,True,0.09821428571428521,0.8329999999999966,0,0,15.54
westcoast_0187,crw_095,33.724998474121094,-118.4250030517578,1.8042965463768983,1986,90,90,1.0,True,1.2507857142857144,61.5645,9,3,15.54
westcoast_0187,crw_095,33.724998474121094,-118.4250030517578,1.8042965463768983,1987,90,90,1.0,True,1.1517857142857142,35.851000000000006,8,4,15.54
westcoast_0187,crw_095,33.724998474121094,-118.4250030517578,1.8042965463768983,1988,91,91,1.0,True,0.9424285714285716,13.182000000000002,0,0,15.54
westcoast_0187,crw_095,33.724998474121094,-118.4250030517578,1.8042965463768983,1989,90,90,1.0,True,0.10314285714285708,1.4379999999999988,0,0,15.54
westcoast_0187,crw_095,33.724998474121094,-118.4250030517578,1.8042965463768983,1990,90,90,1.0,True,0.9785000000000001,20.911499999999997,5,3,15.54
westcoast_0187,crw_095,33.724998474121094,-118.4250030517578,1.8042965463768983,1991,90,90,1.0,True,0.7012142857142862,21.702000000000005,0,0,15.54
westcoast_0187,crw_095,33.724998474121094,-118.4250030517578,1.8042965463768983,1992,91,91,1.0,True,1.622071428571429,71.36524999999999,33,28,15.54
westcoast_0187,crw_095,33.724998474121094,-118.4250030517578,1.8042965463768983,1993,90,90,1.0,True,1.2435714285714285,44.054500000000004,9,6,15.54
westcoast_0187,crw_095,33.724998474121094,-118.4250030517578,1.8042965463768983,1994,90,90,1.0,True,0.7448571428571432,24.013500000000004,1,1,15.54
westcoast_0187,crw_095,33.724998474121094,-118.4250030517578,1.8042965463768983,1995,90,90,1.0,True,2.053071428571429,50.998000000000005,13,10,15.54
westcoast_0187,crw_095,33.724998474121094,-118.4250030517578,1.8042965463768983,1996,91,91,1.0,True,0.820428571428572,22.932000000000002,2,2,15.54
westcoast_0187,crw_095,33.724998474121094,-118.4250030517578,1.8042965463768983,1997,90,90,1.0,True,1.4024285714285718,22.088500000000003,10,10,15.54
westcoast_0187,crw_095,33.724998474121094,-118.4250030517578,1.8042965463768983,1998,90,90,1.0,True,2.4449285714285716,170.55150000000003,80,58,15.54
westcoast_0187,crw_095,33.724998474121094,-118.4250030517578,1.8042965463768983,1999,90,90,1.0,True,-0.19014285714285734,0.0,0,0,15.54
westcoast_0187,crw_095,33.724998474121094,-118.4250030517578,1.8042965463768983,2000,91,91,1.0,True,0.06035714285714328,0.6244999999999994,0,0,15.54
westcoast_0187,crw_095,33.724998474121094,-118.4250030517578,1.8042965463768983,2001,90,90,1.0,True,0.15850000000000009,3.0325000000000006,0,0,15.54
westcoast_0187,crw_095,33.724998474121094,-118.4250030517578,1.8042965463768983,2002,90,90,1.0,True,0.39535714285714263,6.289500000000007,0,0,15.54
westcoast_0187,crw_095,33.724998474121094,-118.4250030517578,1.8042965463768983,2003,90,90,1.0,True,1.3364999999999994,58.7765,7,4,15.54
westcoast_0187,crw_095,33.724998474121094,-118.4250030517578,1.8042965463768983,2004,91,91,1.0,True,0.5688571428571433,11.533500000000004,0,0,15.54
westcoast_0187,crw_095,33.724998474121094,-118.4250030517578,1.8042965463768983,2005,90,90,1.0,True,1.6635000000000009,68.22000000000001,15,15,15.54
westcoast_0187,crw_095,33.724998474121094,-118.4250030517578,1.8042965463768983,2006,90,90,1.0,True,0.25928571428571395,2.189000000000002,0,0,15.54
westcoast_0187,crw_095,33.724998474121094,-118.4250030517578,1.8042965463768983,2007,90,90,1.0,True,0.281642857142857,4.433999999999999,0,0,15.54
westcoast_0187,crw_095,33.724998474121094,-118.4250030517578,1.8042965463768983,2008,91,91,1.0,True,-0.3581428571428574,0.0,0,0,15.54
westcoast_0187,crw_095,33.724998474121094,-118.4250030517578,1.8042965463768983,2009,90,90,1.0,True,0.2555714285714288,3.0649999999999995,0,0,15.54
westcoast_0187,crw_095,33.724998474121094,-118.4250030517578,1.8042965463768983,2010,90,90,1.0,True,1.0583571428571432,43.70950000000002,0,0,15.54
westcoast_0187,crw_095,33.724998474121094,-118.4250030517578,1.8042965463768983,2011,90,90,1.0,True,-0.0693571428571426,0.24399999999999977,0,0,15.54
westcoast_0187,crw_095,33.724998474121094,-118.4250030517578,1.8042965463768983,2012,91,91,1.0,True,0.11171428571428597,1.6565000000000065,0,0,15.54
westcoast_0187,crw_095,33.724998474121094,-118.4250030517578,1.8042965463768983,2013,90,90,1.0,True,0.42742857142857155,3.2590000000000003,0,0,15.54
westcoast_0187,crw_095,33.724998474121094,-118.4250030517578,1.8042965463768983,2014,90,90,1.0,True,2.046285714285714,107.67150000000001,47,27,15.54
westcoast_0187,crw_095,33.724998474121094,-118.4250030517578,1.8042965463768983,2015,90,90,1.0,True,3.1588571428571437,206.09150000000002,90,90,15.54
westcoast_0187,crw_095,33.724998474121094,-118.4250030517578,1.8042965463768983,2016,91,91,1.0,True,2.3966785714285725,118.54975000000002,56,33,15.54
westcoast_0187,crw_095,33.724998474121094,-118.4250030517578,1.8042965463768983,2017,90,90,1.0,True,1.0081428571428575,32.23100000000001,2,1,15.54
westcoast_0187,crw_095,33.724998474121094,-118.4250030517578,1.8042965463768983,2018,90,90,1.0,True,1.9133571428571432,80.53,35,22,15.54
westcoast_0187,crw_095,33.724998474121094,-118.4250030517578,1.8042965463768983,2019,90,90,1.0,True,1.2724999999999993,56.913,27,22,15.54
westcoast_0187,crw_095,33.724998474121094,-118.4250030517578,1.8042965463768983,2020,91,91,1.0,True,1.756678571428571,95.12325,40,10,15.54
westcoast_0187,crw_095,33.724998474121094,-118.4250030517578,1.8042965463768983,2021,90,90,1.0,True,0.6049999999999996,8.664499999999999,0,0,15.54
westcoast_0187,crw_095,33.724998474121094,-118.4250030517578,1.8042965463768983,2022,90,90,1.0,True,1.0748571428571432,34.2055,3,3,15.54
westcoast_0187,crw_095,33.724998474121094,-118.4250030517578,1.8042965463768983,2023,90,90,1.0,True,0.2125000000000001,2.293000000000003,0,0,15.54
westcoast_0187,crw_095,33.724998474121094,-118.4250030517578,1.8042965463768983,2024,91,90,0.989010989010989,True,1.564214285714286,67.77725000000001,15,8,15.54
westcoast_0188,crw_096,33.724998474121094,-118.2750015258789,3.198215610660084,1985,90,90,1.0,True,0.034214285714285406,0.43299999999999983,0,0,15.55
westcoast_0188,crw_096,33.724998474121094,-118.2750015258789,3.198215610660084,1986,90,90,1.0,True,1.138214285714286,62.77399999999998,8,3,15.55
westcoast_0188,crw_096,33.724998474121094,-118.2750015258789,3.198215610660084,1987,90,90,1.0,True,1.0937142857142852,32.43049999999998,7,4,15.55
westcoast_0188,crw_096,33.724998474121094,-118.2750015258789,3.198215610660084,1988,91,91,1.0,True,0.8489285714285718,10.7255,0,0,15.55
westcoast_0188,crw_096,33.724998474121094,-118.2750015258789,3.198215610660084,1989,90,90,1.0,True,0.1832142857142863,1.6680000000000028,0,0,15.55
westcoast_0188,crw_096,33.724998474121094,-118.2750015258789,3.198215610660084,1990,90,90,1.0,True,1.0339285714285713,23.445999999999998,8,3,15.55
westcoast_0188,crw_096,33.724998474121094,-118.2750015258789,3.198215610660084,1991,90,90,1.0,True,0.8197142857142862,22.067999999999998,0,0,15.55
westcoast_0188,crw_096,33.724998474121094,-118.2750015258789,3.198215610660084,1992,91,91,1.0,True,1.5803571428571437,64.91025,31,28,15.55
westcoast_0188,crw_096,33.724998474121094,-118.2750015258789,3.198215610660084,1993,90,90,1.0,True,1.279,47.8605,12,9,15.55
westcoast_0188,crw_096,33.724998474121094,-118.2750015258789,3.198215610660084,1994,90,90,1.0,True,0.9852142857142862,28.21699999999999,4,4,15.55
westcoast_0188,crw_096,33.724998474121094,-118.2750015258789,3.198215610660084,1995,90,90,1.0,True,1.836071428571429,52.745,19,19,15.55
westcoast_0188,crw_096,33.724998474121094,-118.2750015258789,3.198215610660084,1996,91,91,1.0,True,1.034357142857143,22.54699999999999,6,6,15.55
westcoast_0188,crw_096,33.724998474121094,-118.2750015258789,3.198215610660084,1997,90,90,1.0,True,0.9480000000000002,14.736999999999993,2,2,15.55
westcoast_0188,crw_096,33.724998474121094,-118.2750015258789,3.198215610660084,1998,90,90,1.0,True,2.4385,163.0075,81,59,15.55
westcoast_0188,crw_096,33.724998474121094,-118.2750015258789,3.198215610660084,1999,90,90,1.0,True,-0.2725714285714285,0.0,0,0,15.55
westcoast_0188,crw_096,33.724998474121094,-118.2750015258789,3.198215610660084,2000,91,91,1.0,True,0.1322142857142859,1.6384999999999987,0,0,15.55
westcoast_0188,crw_096,33.724998474121094,-118.2750015258789,3.198215610660084,2001,90,90,1.0,True,0.0893571428571432,2.668499999999998,0,0,15.55
westcoast_0188,crw_096,33.724998474121094,-118.2750015258789,3.198215610660084,2002,90,90,1.0,True,0.28828571428571487,4.974,0,0,15.55
westcoast_0188,crw_096,33.724998474121094,-118.2750015258789,3.198215610660084,2003,90,90,1.0,True,1.014428571428571,49.696999999999974,1,1,15.55
westcoast_0188,crw_096,33.724998474121094,-118.2750015258789,3.198215610660084,2004,91,91,1.0,True,0.6387857142857136,12.042999999999996,0,0,15.55
westcoast_0188,crw_096,33.724998474121094,-118.2750015258789,3.198215610660084,2005,90,90,1.0,True,1.6783571428571429,62.96149999999999,14,11,15.55
westcoast_0188,crw_096,33.724998474121094,-118.2750015258789,3.198215610660084,2006,90,90,1.0,True,0.0707857142857135,1.4844999999999988,0,0,15.55
westcoast_0188,crw_096,33.724998474121094,-118.2750015258789,3.198215610660084,2007,90,90,1.0,True,0.20014285714285687,2.377999999999995,0,0,15.55
westcoast_0188,crw_096,33.724998474121094,-118.2750015258789,3.198215610660084,2008,91,91,1.0,True,-0.32150000000000034,0.0,0,0,15.55
westcoast_0188,crw_096,33.724998474121094,-118.2750015258789,3.198215610660084,2009,90,90,1.0,True,0.31514285714285684,3.0324999999999953,0,0,15.55
westcoast_0188,crw_096,33.724998474121094,-118.2750015258789,3.198215610660084,2010,90,90,1.0,True,0.9644999999999992,40.92049999999999,0,0,15.55
westcoast_0188,crw_096,33.724998474121094,-118.2750015258789,3.198215610660084,2011,90,90,1.0,True,-0.020714285714285907,0.3034999999999979,0,0,15.55
westcoast_0188,crw_096,33.724998474121094,-118.2750015258789,3.198215610660084,2012,91,91,1.0,True,0.2500714285714274,2.7774999999999874,0,0,15.55
westcoast_0188,crw_096,33.724998474121094,-118.2750015258789,3.198215610660084,2013,90,90,1.0,True,0.4917857142857144,3.724500000000001,0,0,15.55
westcoast_0188,crw_096,33.724998474121094,-118.2750015258789,3.198215610660084,2014,90,90,1.0,True,2.1532142857142853,112.60749999999999,51,33,15.55
westcoast_0188,crw_096,33.724998474121094,-118.2750015258789,3.198215610660084,2015,90,90,1.0,True,3.030357142857144,202.41750000000002,90,90,15.55
westcoast_0188,crw_096,33.724998474121094,-118.2750015258789,3.198215610660084,2016,91,91,1.0,True,2.3775357142857154,111.96724999999998,60,38,15.55
westcoast_0188,crw_096,33.724998474121094,-118.2750015258789,3.198215610660084,2017,90,90,1.0,True,0.8189285714285717,25.0615,2,2,15.55
westcoast_0188,crw_096,33.724998474121094,-118.2750015258789,3.198215610660084,2018,90,90,1.0,True,1.715000000000001,68.085,33,21,15.55
westcoast_0188,crw_096,33.724998474121094,-118.2750015258789,3.198215610660084,2019,90,90,1.0,True,1.1787142857142856,46.818499999999986,13,11,15.55
westcoast_0188,crw_096,33.724998474121094,-118.2750015258789,3.198215610660084,2020,91,91,1.0,True,1.5813214285714294,86.81875,33,14,15.55
westcoast_0188,crw_096,33.724998474121094,-118.2750015258789,3.198215610660084,2021,90,90,1.0,True,0.4774285714285715,6.803500000000003,0,0,15.55
westcoast_0188,crw_096,33.724998474121094,-118.2750015258789,3.198215610660084,2022,90,90,1.0,True,0.833928571428571,26.53449999999999,0,0,15.55
westcoast_0188,crw_096,33.724998474121094,-118.2750015258789,3.198215610660084,2023,90,90,1.0,True,0.22492857142857123,2.480499999999994,0,0,15.55
westcoast_0188,crw_096,33.724998474121094,-118.2750015258789,3.198215610660084,2024,91,90,0.989010989010989,True,1.4228571428571422,62.92274999999998,14,8,15.55
westcoast_0192,crw_097,33.525001525878906,-117.7750015258789,2.8998460205951297,1985,90,90,1.0,True,-0.1570714285714292,0.022999999999999687,0,0,15.826000000000002
westcoast_0192,crw_097,33.525001525878906,-117.7750015258789,2.8998460205951297,1986,90,90,1.0,True,1.1205000000000005,48.1115,0,0,15.826000000000002
westcoast_0192,crw_097,33.525001525878906,-117.7750015258789,2.8998460205951297,1987,90,90,1.0,True,1.3705000000000005,34.861999999999995,10,8,15.826000000000002
westcoast_0192,crw_097,33.525001525878906,-117.7750015258789,2.8998460205951297,1988,91,91,1.0,True,1.1948571428571422,13.705499999999999,7,7,15.826000000000002
westcoast_0192,crw_097,33.525001525878906,-117.7750015258789,2.8998460205951297,1989,90,90,1.0,True,-0.05085714285714334,0.5504999999999978,0,0,15.826000000000002
westcoast_0192,crw_097,33.525001525878906,-117.7750015258789,2.8998460205951297,1990,90,90,1.0,True,1.2317142857142858,31.79249999999999,14,7,15.826000000000002
westcoast_0192,crw_097,33.525001525878906,-117.7750015258789,2.8998460205951297,1991,90,90,1.0,True,0.8868571428571431,25.738499999999995,0,0,15.826000000000002
westcoast_0192,crw_097,33.525001525878906,-117.7750015258789,2.8998460205951297,1992,91,91,1.0,True,1.3067857142857147,56.897999999999996,23,20,15.826000000000002
westcoast_0192,crw_097,33.525001525878906,-117.7750015258789,2.8998460205951297,1993,90,90,1.0,True,1.1396428571428572,43.38249999999999,13,9,15.826000000000002
westcoast_0192,crw_097,33.525001525878906,-117.7750015258789,2.8998460205951297,1994,90,90,1.0,True,0.6404285714285718,29.05399999999999,2,2,15.826000000000002
westcoast_0192,crw_097,33.525001525878906,-117.7750015258789,2.8998460205951297,1995,90,90,1.0,True,1.7249285714285711,59.439,23,20,15.826000000000002
westcoast_0192,crw_097,33.525001525878906,-117.7750015258789,2.8998460205951297,1996,91,91,1.0,True,1.1314285714285717,23.494999999999997,6,6,15.826000000000002
westcoast_0192,crw_097,33.525001525878906,-117.7750015258789,2.8998460205951297,1997,90,90,1.0,True,1.0662857142857138,18.556999999999995,7,7,15.826000000000002
westcoast_0192,crw_097,33.525001525878906,-117.7750015258789,2.8998460205951297,1998,90,90,1.0,True,2.435285714285714,149.98700000000002,74,59,15.826000000000002
westcoast_0192,crw_097,33.525001525878906,-117.7750015258789,2.8998460205951297,1999,90,90,1.0,True,-0.4734285714285717,0.0,0,0,15.826000000000002
westcoast_0192,crw_097,33.525001525878906,-117.7750015258789,2.8998460205951297,2000,91,91,1.0,True,0.016571428571428015,0.31099999999999994,0,0,15.826000000000002
westcoast_0192,crw_097,33.525001525878906,-117.7750015258789,2.8998460205951297,2001,90,90,1.0,True,0.16192857142857114,1.992999999999995,0,0,15.826000000000002
westcoast_0192,crw_097,33.525001525878906,-117.7750015258789,2.8998460205951297,2002,90,90,1.0,True,0.18621428571428517,3.1874999999999982,0,0,15.826000000000002
westcoast_0192,crw_097,33.525001525878906,-117.7750015258789,2.8998460205951297,2003,90,90,1.0,True,0.9871428571428567,39.93549999999998,1,1,15.826000000000002
westcoast_0192,crw_097,33.525001525878906,-117.7750015258789,2.8998460205951297,2004,91,91,1.0,True,0.3134285714285708,7.099499999999997,1,1,15.826000000000002
westcoast_0192,crw_097,33.525001525878906,-117.7750015258789,2.8998460205951297,2005,90,90,1.0,True,1.1910714285714288,50.10300000000001,10,6,15.826000000000002
westcoast_0192,crw_097,33.525001525878906,-117.7750015258789,2.8998460205951297,2006,90,90,1.0,True,0.14485714285714277,1.6814999999999998,0,0,15.826000000000002
westcoast_0192,crw_097,33.525001525878906,-117.7750015258789,2.8998460205951297,2007,90,90,1.0,True,0.06714285714285724,1.2325000000000088,0,0,15.826000000000002
westcoast_0192,crw_097,33.525001525878906,-117.7750015258789,2.8998460205951297,2008,91,91,1.0,True,-0.18471428571428636,0.13449999999999918,0,0,15.826000000000002
westcoast_0192,crw_097,33.525001525878906,-117.7750015258789,2.8998460205951297,2009,90,90,1.0,True,0.11392857142857135,3.2450000000000028,0,0,15.826000000000002
westcoast_0192,crw_097,33.525001525878906,-117.7750015258789,2.8998460205951297,2010,90,90,1.0,True,0.9939285714285714,45.5375,0,0,15.826000000000002
westcoast_0192,crw_097,33.525001525878906,-117.7750015258789,2.8998460205951297,2011,90,90,1.0,True,-0.16114285714285742,0.005999999999998451,0,0,15.826000000000002
westcoast_0192,crw_097,33.525001525878906,-117.7750015258789,2.8998460205951297,2012,91,91,1.0,True,0.17492857142857104,1.6564999999999959,0,0,15.826000000000002
westcoast_0192,crw_097,33.525001525878906,-117.7750015258789,2.8998460205951297,2013,90,90,1.0,True,0.4134285714285707,2.9924999999999944,0,0,15.826000000000002
westcoast_0192,crw_097,33.525001525878906,-117.7750015258789,2.8998460205951297,2014,90,90,1.0,True,2.0995000000000013,109.821,47,27,15.826000000000002
westcoast_0192,crw_097,33.525001525878906,-117.7750015258789,2.8998460205951297,2015,90,90,1.0,True,3.6034285714285708,202.05700000000002,90,90,15.826000000000002
westcoast_0192,crw_097,33.525001525878906,-117.7750015258789,2.8998460205951297,2016,91,91,1.0,True,2.3807142857142867,126.46400000000001,59,43,15.826000000000002
westcoast_0192,crw_097,33.525001525878906,-117.7750015258789,2.8998460205951297,2017,90,90,1.0,True,1.2646428571428578,35.667,9,7,15.826000000000002
westcoast_0192,crw_097,33.525001525878906,-117.7750015258789,2.8998460205951297,2018,90,90,1.0,True,1.5976428571428574,74.0855,35,21,15.826000000000002
westcoast_0192,crw_097,33.525001525878906,-117.7750015258789,2.8998460205951297,2019,90,90,1.0,True,1.2800714285714279,48.1305,15,7,15.826000000000002
westcoast_0192,crw_097,33.525001525878906,-117.7750015258789,2.8998460205951297,2020,91,91,1.0,True,1.3000714285714288,73.482,17,8,15.826000000000002
westcoast_0192,crw_097,33.525001525878906,-117.7750015258789,2.8998460205951297,2021,90,90,1.0,True,0.390428571428571,5.291499999999999,0,0,15.826000000000002
westcoast_0192,crw_097,33.525001525878906,-117.7750015258789,2.8998460205951297,2022,90,90,1.0,True,0.8170714285714288,27.218499999999985,3,3,15.826000000000002
westcoast_0192,crw_097,33.525001525878906,-117.7750015258789,2.8998460205951297,2023,90,90,1.0,True,0.007285714285714562,0.6185000000000009,0,0,15.826000000000002
westcoast_0192,crw_097,33.525001525878906,-117.7750015258789,2.8998460205951297,2024,91,90,0.989010989010989,True,1.2758571428571435,59.050999999999995,11,7,15.826000000000002
westcoast_0193,crw_098,33.474998474121094,-119.0250015258789,2.350248108653666,1985,90,90,1.0,True,-0.05992857142857133,0.21300000000000097,0,0,15.52
westcoast_0193,crw_098,33.474998474121094,-119.0250015258789,2.350248108653666,1986,90,90,1.0,True,1.3494285714285719,51.9265,13,4,15.52
westcoast_0193,crw_098,33.474998474121094,-119.0250015258789,2.350248108653666,1987,90,90,1.0,True,1.4777142857142855,57.1515,15,14,15.52
westcoast_0193,crw_098,33.474998474121094,-119.0250015258789,2.350248108653666,1988,91,91,1.0,True,0.5364285714285705,5.288999999999991,0,0,15.52
westcoast_0193,crw_098,33.474998474121094,-119.0250015258789,2.350248108653666,1989,90,90,1.0,True,-0.13850000000000076,0.3404999999999987,0,0,15.52
westcoast_0193,crw_098,33.474998474121094,-119.0250015258789,2.350248108653666,1990,90,90,1.0,True,1.2160714285714287,27.783499999999993,15,5,15.52
westcoast_0193,crw_098,33.474998474121094,-119.0250015258789,2.350248108653666,1991,90,90,1.0,True,0.9678571428571434,38.1695,1,1,15.52
westcoast_0193,crw_098,33.474998474121094,-119.0250015258789,2.350248108653666,1992,91,91,1.0,True,1.3249999999999993,54.72675,11,9,15.52
westcoast_0193,crw_098,33.474998474121094,-119.0250015258789,2.350248108653666,1993,90,90,1.0,True,1.3231428571428572,47.687499999999986,15,12,15.52
westcoast_0193,crw_098,33.474998474121094,-119.0250015258789,2.350248108653666,1994,90,90,1.0,True,0.8427857142857142,24.549499999999995,0,0,15.52
westcoast_0193,crw_098,33.474998474121094,-119.0250015258789,2.350248108653666,1995,90,90,1.0,True,0.9584285714285711,40.91649999999999,3,3,15.52
westcoast_0193,crw_098,33.474998474121094,-119.0250015258789,2.350248108653666,1996,91,91,1.0,True,1.6389285714285717,46.16474999999999,14,14,15.52
westcoast_0193,crw_098,33.474998474121094,-119.0250015258789,2.350248108653666,1997,90,90,1.0,True,1.047214285714285,20.07649999999998,3,3,15.52
westcoast_0193,crw_098,33.474998474121094,-119.0250015258789,2.350248108653666,1998,90,90,1.0,True,2.8227857142857147,166.536,78,61,15.52
westcoast_0193,crw_098,33.474998474121094,-119.0250015258789,2.350248108653666,1999,90,90,1.0,True,-0.4347142857142861,0.0,0,0,15.52
westcoast_0193,crw_098,33.474998474121094,-119.0250015258789,2.350248108653666,2000,91,91,1.0,True,0.04149999999999895,0.9334999999999951,0,0,15.52
westcoast_0193,crw_098,33.474998474121094,-119.0250015258789,2.350248108653666,2001,90,90,1.0,True,-0.2913571428571429,0.0,0,0,15.52
westcoast_0193,crw_098,33.474998474121094,-119.0250015258789,2.350248108653666,2002,90,90,1.0,True,0.4593571428571422,5.295499999999997,0,0,15.52
westcoast_0193,crw_098,33.474998474121094,-119.0250015258789,2.350248108653666,2003,90,90,1.0,True,1.1278571428571431,48.460499999999996,11,5,15.52
westcoast_0193,crw_098,33.474998474121094,-119.0250015258789,2.350248108653666,2004,91,91,1.0,True,0.621499999999999,9.58249999999999,0,0,15.52
westcoast_0193,crw_098,33.474998474121094,-119.0250015258789,2.350248108653666,2005,90,90,1.0,True,1.2662142857142853,60.78049999999999,13,9,15.52
westcoast_0193,crw_098,33.474998474121094,-119.0250015258789,2.350248108653666,2006,90,90,1.0,True,0.3317142857142851,2.3764999999999947,0,0,15.52
westcoast_0193,crw_098,33.474998474121094,-119.0250015258789,2.350248108653666,2007,90,90,1.0,True,0.30992857142857133,5.6045,0,0,15.52
westcoast_0193,crw_098,33.474998474121094,-119.0250015258789,2.350248108653666,2008,91,91,1.0,True,-0.5677142857142865,0.0,0,0,15.52
westcoast_0193,crw_098,33.474998474121094,-119.0250015258789,2.350248108653666,2009,90,90,1.0,True,-0.0965000000000007,0.6474999999999973,0,0,15.52
westcoast_0193,crw_098,33.474998474121094,-119.0250015258789,2.350248108653666,2010,90,90,1.0,True,1.1764285714285714,51.63849999999999,10,5,15.52
westcoast_0193,crw_098,33.474998474121094,-119.0250015258789,2.350248108653666,2011,90,90,1.0,True,0.14564285714285674,1.4939999999999962,0,0,15.52
westcoast_0193,crw_098,33.474998474121094,-119.0250015258789,2.350248108653666,2012,91,91,1.0,True,0.21600000000000005,3.031499999999996,0,0,15.52
westcoast_0193,crw_098,33.474998474121094,-119.0250015258789,2.350248108653666,2013,90,90,1.0,True,0.5214999999999991,4.641499999999988,0,0,15.52
westcoast_0193,crw_098,33.474998474121094,-119.0250015258789,2.350248108653666,2014,90,90,1.0,True,1.8215000000000006,108.72599999999998,51,25,15.52
westcoast_0193,crw_098,33.474998474121094,-119.0250015258789,2.350248108653666,2015,90,90,1.0,True,3.0629285714285706,212.476,87,87,15.52
westcoast_0193,crw_098,33.474998474121094,-119.0250015258789,2.350248108653666,2016,91,91,1.0,True,2.0651071428571437,126.00425,67,51,15.52
westcoast_0193,crw_098,33.474998474121094,-119.0250015258789,2.350248108653666,2017,90,90,1.0,True,1.0795,43.1995,7,6,15.52
westcoast_0193,crw_098,33.474998474121094,-119.0250015258789,2.350248108653666,2018,90,90,1.0,True,1.8992857142857142,96.19749999999999,49,26,15.52
westcoast_0193,crw_098,33.474998474121094,-119.0250015258789,2.350248108653666,2019,90,90,1.0,True,1.2470714285714288,44.71449999999999,19,6,15.52
westcoast_0193,crw_098,33.474998474121094,-119.0250015258789,2.350248108653666,2020,91,91,1.0,True,1.595892857142857,90.37424999999999,30,9,15.52
westcoast_0193,crw_098,33.474998474121094,-119.0250015258789,2.350248108653666,2021,90,90,1.0,True,0.5307142857142849,8.768499999999994,0,0,15.52
westcoast_0193,crw_098,33.474998474121094,-119.0250015258789,2.350248108653666,2022,90,90,1.0,True,1.0387142857142848,36.87099999999999,4,2,15.52
westcoast_0193,crw_098,33.474998474121094,-119.0250015258789,2.350248108653666,2023,90,90,1.0,True,-0.022500000000000346,0.6119999999999983,0,0,15.52
westcoast_0193,crw_098,33.474998474121094,-119.0250015258789,2.350248108653666,2024,91,90,0.989010989010989,True,1.7560000000000002,72.96175,20,9,15.52
westcoast_0195,crw_099,33.474998474121094,-118.5250015258789,2.4570452514767034,1985,90,90,1.0,True,-0.15185714285714294,0.0,0,0,15.76
westcoast_0195,crw_099,33.474998474121094,-118.5250015258789,2.4570452514767034,1986,90,90,1.0,True,1.253857142857143,56.89200000000001,11,5,15.76
westcoast_0195,crw_099,33.474998474121094,-118.5250015258789,2.4570452514767034,1987,90,90,1.0,True,1.2292142857142856,38.2005,7,4,15.76
westcoast_0195,crw_099,33.474998474121094,-118.5250015258789,2.4570452514767034,1988,91,91,1.0,True,0.9188571428571429,12.459499999999995,3,3,15.76
westcoast_0195,crw_099,33.474998474121094,-118.5250015258789,2.4570452514767034,1989,90,90,1.0,True,0.05042857142857114,1.2889999999999961,0,0,15.76
westcoast_0195,crw_099,33.474998474121094,-118.5250015258789,2.4570452514767034,1990,90,90,1.0,True,1.019500000000001,22.544000000000008,8,3,15.76
westcoast_0195,crw_099,33.474998474121094,-118.5250015258789,2.4570452514767034,1991,90,90,1.0,True,0.862785714285715,30.123999999999995,0,0,15.76
westcoast_0195,crw_099,33.474998474121094,-118.5250015258789,2.4570452514767034,1992,91,91,1.0,True,1.4074285714285721,58.01475000000001,21,9,15.76
westcoast_0195,crw_099,33.474998474121094,-118.5250015258789,2.4570452514767034,1993,90,90,1.0,True,1.6704285714285712,54.602500000000006,15,12,15.76
westcoast_0195,crw_099,33.474998474121094,-118.5250015258789,2.4570452514767034,1994,90,90,1.0,True,0.6336428571428568,24.176,0,0,15.76
westcoast_0195,crw_099,33.474998474121094,-118.5250015258789,2.4570452514767034,1995,90,90,1.0,True,1.5427142857142857,47.959999999999994,11,10,15.76
westcoast_0195,crw_099,33.474998474121094,-118.5250015258789,2.4570452514767034,1996,91,91,1.0,True,1.297357142857143,28.909000000000006,8,4,15.76
westcoast_0195,crw_099,33.474998474121094,-118.5250015258789,2.4570452514767034,1997,90,90,1.0,True,1.139,23.833000000000002,9,6,15.76
westcoast_0195,crw_099,33.474998474121094,-118.5250015258789,2.4570452514767034,1998,90,90,1.0,True,2.7691428571428593,170.87450000000004,79,60,15.76
westcoast_0195,crw_099,33.474998474121094,-118.5250015258789,2.4570452514767034,1999,90,90,1.0,True,-0.586214285714286,0.0,0,0,15.76
westcoast_0195,crw_099,33.474998474121094,-118.5250015258789,2.4570452514767034,2000,91,91,1.0,True,-0.10221428571428527,0.07499999999999929,0,0,15.76
westcoast_0195,crw_099,33.474998474121094,-118.5250015258789,2.4570452514767034,2001,90,90,1.0,True,-0.12071428571428555,0.11050000000000182,0,0,15.76
westcoast_0195,crw_099,33.474998474121094,-118.5250015258789,2.4570452514767034,2002,90,90,1.0,True,0.2161428571428569,2.8595000000000006,0,0,15.76
westcoast_0195,crw_099,33.474998474121094,-118.5250015258789,2.4570452514767034,2003,90,90,1.0,True,1.2322857142857149,51.2615,5,3,15.76
westcoast_0195,crw_099,33.474998474121094,-118.5250015258789,2.4570452514767034,2004,91,91,1.0,True,0.7389999999999998,9.528499999999992,3,3,15.76
westcoast_0195,crw_099,33.474998474121094,-118.5250015258789,2.4570452514767034,2005,90,90,1.0,True,1.2932857142857137,60.74199999999999,15,9,15.76
westcoast_0195,crw_099,33.474998474121094,-118.5250015258789,2.4570452514767034,2006,90,90,1.0,True,0.3182857142857145,2.430500000000004,0,0,15.76
westcoast_0195,crw_099,33.474998474121094,-118.5250015258789,2.4570452514767034,2007,90,90,1.0,True,0.16071428571428623,2.778500000000003,0,0,15.76
westcoast_0195,crw_099,33.474998474121094,-118.5250015258789,2.4570452514767034,2008,91,91,1.0,True,-0.29992857142857104,0.0,0,0,15.76
westcoast_0195,crw_099,33.474998474121094,-118.5250015258789,2.4570452514767034,2009,90,90,1.0,True,0.02292857142857179,1.315000000000003,0,0,15.76
westcoast_0195,crw_099,33.474998474121094,-118.5250015258789,2.4570452514767034,2010,90,90,1.0,True,0.9094285714285714,42.506,1,1,15.76
westcoast_0195,crw_099,33.474998474121094,-118.5250015258789,2.4570452514767034,2011,90,90,1.0,True,-0.018285714285713794,0.33500000000000085,0,0,15.76
westcoast_0195,crw_099,33.474998474121094,-118.5250015258789,2.4570452514767034,2012,91,91,1.0,True,0.10885714285714318,1.5980000000000043,0,0,15.76
westcoast_0195,crw_099,33.474998474121094,-118.5250015258789,2.4570452514767034,2013,90,90,1.0,True,0.31185714285714233,2.5944999999999983,0,0,15.76
westcoast_0195,crw_099,33.474998474121094,-118.5250015258789,2.4570452514767034,2014,90,90,1.0,True,1.7505714285714293,100.8245,43,27,15.76
westcoast_0195,crw_099,33.474998474121094,-118.5250015258789,2.4570452514767034,2015,90,90,1.0,True,3.051857142857144,206.54450000000008,90,90,15.76
westcoast_0195,crw_099,33.474998474121094,-118.5250015258789,2.4570452514767034,2016,91,91,1.0,True,2.3629642857142863,124.38425000000001,74,49,15.76
westcoast_0195,crw_099,33.474998474121094,-118.5250015258789,2.4570452514767034,2017,90,90,1.0,True,1.0302857142857145,37.617000000000004,6,3,15.76
westcoast_0195,crw_099,33.474998474121094,-118.5250015258789,2.4570452514767034,2018,90,90,1.0,True,1.8109285714285708,94.06449999999998,40,23,15.76
westcoast_0195,crw_099,33.474998474121094,-118.5250015258789,2.4570452514767034,2019,90,90,1.0,True,1.2281428571428576,47.298,15,5,15.76
westcoast_0195,crw_099,33.474998474121094,-118.5250015258789,2.4570452514767034,2020,91,91,1.0,True,1.7021071428571428,88.18125,24,9,15.76
westcoast_0195,crw_099,33.474998474121094,-118.5250015258789,2.4570452514767034,2021,90,90,1.0,True,0.5617142857142847,8.731499999999997,0,0,15.76
westcoast_0195,crw_099,33.474998474121094,-118.5250015258789,2.4570452514767034,2022,90,90,1.0,True,1.1350714285714292,38.78949999999999,2,2,15.76
westcoast_0195,crw_099,33.474998474121094,-118.5250015258789,2.4570452514767034,2023,90,90,1.0,True,0.003571428571428622,0.3780000000000001,0,0,15.76
westcoast_0195,crw_099,33.474998474121094,-118.5250015258789,2.4570452514767034,2024,91,90,0.989010989010989,True,1.6892857142857154,70.91725,21,9,15.76
westcoast_0198,crw_100,33.42499923706055,-117.6750030517578,3.4443084855207684,1985,90,90,1.0,True,-0.16364285714285742,0.01399999999999757,0,0,15.9
westcoast_0198,crw_100,33.42499923706055,-117.6750030517578,3.4443084855207684,1986,90,90,1.0,True,1.1976428571428575,48.12350000000001,6,4,15.9
westcoast_0198,crw_100,33.42499923706055,-117.6750030517578,3.4443084855207684,1987,90,90,1.0,True,1.4220714285714295,37.51049999999999,10,8,15.9
westcoast_0198,crw_100,33.42499923706055,-117.6750030517578,3.4443084855207684,1988,91,91,1.0,True,1.1395000000000002,13.310500000000015,7,7,15.9
westcoast_0198,crw_100,33.42499923706055,-117.6750030517578,3.4443084855207684,1989,90,90,1.0,True,-0.006214285714285188,0.8680000000000057,0,0,15.9
westcoast_0198,crw_100,33.42499923706055,-117.6750030517578,3.4443084855207684,1990,90,90,1.0,True,1.3199285714285718,32.17850000000001,14,7,15.9
westcoast_0198,crw_100,33.42499923706055,-117.6750030517578,3.4443084855207684,1991,90,90,1.0,True,0.8976428571428574,28.36050000000001,0,0,15.9
westcoast_0198,crw_100,33.42499923706055,-117.6750030517578,3.4443084855207684,1992,91,91,1.0,True,1.2805714285714287,55.68400000000001,19,11,15.9
westcoast_0198,crw_100,33.42499923706055,-117.6750030517578,3.4443084855207684,1993,90,90,1.0,True,1.0599285714285724,41.447,11,7,15.9
westcoast_0198,crw_100,33.42499923706055,-117.6750030517578,3.4443084855207684,1994,90,90,1.0,True,0.6670000000000008,30.627500000000012,2,2,15.9
westcoast_0198,crw_100,33.42499923706055,-117.6750030517578,3.4443084855207684,1995,90,90,1.0,True,1.7079285714285726,58.313000000000024,23,12,15.9
westcoast_0198,crw_100,33.42499923706055,-117.6750030517578,3.4443084855207684,1996,91,91,1.0,True,1.0763571428571432,23.243000000000013,5,5,15.9
westcoast_0198,crw_100,33.42499923706055,-117.6750030517578,3.4443084855207684,1997,90,90,1.0,True,1.3023571428571432,20.831500000000016,8,8,15.9
westcoast_0198,crw_100,33.42499923706055,-117.6750030517578,3.4443084855207684,1998,90,90,1.0,True,2.486928571428572,149.01850000000005,72,58,15.9
westcoast_0198,crw_100,33.42499923706055,-117.6750030517578,3.4443084855207684,1999,90,90,1.0,True,-0.5255714285714289,0.0,0,0,15.9
westcoast_0198,crw_100,33.42499923706055,-117.6750030517578,3.4443084855207684,2000,91,91,1.0,True,-0.05128571428571454,0.05549999999999855,0,0,15.9
westcoast_0198,crw_100,33.42499923706055,-117.6750030517578,3.4443084855207684,2001,90,90,1.0,True,0.24192857142857147,2.6299999999999972,0,0,15.9
westcoast_0198,crw_100,33.42499923706055,-117.6750030517578,3.4443084855207684,2002,90,90,1.0,True,0.22721428571428604,2.6489999999999956,0,0,15.9
westcoast_0198,crw_100,33.42499923706055,-117.6750030517578,3.4443084855207684,2003,90,90,1.0,True,1.0307857142857142,35.31049999999999,1,1,15.9
westcoast_0198,crw_100,33.42499923706055,-117.6750030517578,3.4443084855207684,2004,91,91,1.0,True,0.329857142857144,7.832500000000014,2,2,15.9
westcoast_0198,crw_100,33.42499923706055,-117.6750030517578,3.4443084855207684,2005,90,90,1.0,True,1.203785714285715,50.04800000000001,11,11,15.9
westcoast_0198,crw_100,33.42499923706055,-117.6750030517578,3.4443084855207684,2006,90,90,1.0,True,0.1500000000000001,2.122500000000004,0,0,15.9
westcoast_0198,crw_100,33.42499923706055,-117.6750030517578,3.4443084855207684,2007,90,90,1.0,True,0.009714285714285406,1.1010000000000044,0,0,15.9
westcoast_0198,crw_100,33.42499923706055,-117.6750030517578,3.4443084855207684,2008,91,91,1.0,True,-0.16335714285714253,0.2410000000000032,0,0,15.9
westcoast_0198,crw_100,33.42499923706055,-117.6750030517578,3.4443084855207684,2009,90,90,1.0,True,0.07271428571428602,2.5550000000000015,0,0,15.9
westcoast_0198,crw_100,33.42499923706055,-117.6750030517578,3.4443084855207684,2010,90,90,1.0,True,0.8662142857142859,43.214000000000006,0,0,15.9
westcoast_0198,crw_100,33.42499923706055,-117.6750030517578,3.4443084855207684,2011,90,90,1.0,True,-0.18707142857142806,0.0,0,0,15.9
westcoast_0198,crw_100,33.42499923706055,-117.6750030517578,3.4443084855207684,2012,91,91,1.0,True,0.14135714285714304,1.216000000000001,0,0,15.9
westcoast_0198,crw_100,33.42499923706055,-117.6750030517578,3.4443084855207684,2013,90,90,1.0,True,0.2909285714285717,2.0370000000000026,0,0,15.9
westcoast_0198,crw_100,33.42499923706055,-117.6750030517578,3.4443084855207684,2014,90,90,1.0,True,2.133428571428573,108.19850000000002,42,26,15.9
westcoast_0198,crw_100,33.42499923706055,-117.6750030517578,3.4443084855207684,2015,90,90,1.0,True,3.4795000000000007,199.3785,90,90,15.9
westcoast_0198,crw_100,33.42499923706055,-117.6750030517578,3.4443084855207684,2016,91,91,1.0,True,2.2977857142857148,121.22000000000006,57,43,15.9
westcoast_0198,crw_100,33.42499923706055,-117.6750030517578,3.4443084855207684,2017,90,90,1.0,True,1.2355714285714303,35.32000000000003,10,7,15.9
westcoast_0198,crw_100,33.42499923706055,-117.6750030517578,3.4443084855207684,2018,90,90,1.0,True,1.5392142857142856,73.417,31,20,15.9
westcoast_0198,crw_100,33.42499923706055,-117.6750030517578,3.4443084855207684,2019,90,90,1.0,True,1.180285714285714,46.2785,6,3,15.9
westcoast_0198,crw_100,33.42499923706055,-117.6750030517578,3.4443084855207684,2020,91,91,1.0,True,1.2369285714285723,70.06500000000001,16,7,15.9
westcoast_0198,crw_100,33.42499923706055,-117.6750030517578,3.4443084855207684,2021,90,90,1.0,True,0.27228571428571485,3.1889999999999983,0,0,15.9
westcoast_0198,crw_100,33.42499923706055,-117.6750030517578,3.4443084855207684,2022,90,90,1.0,True,0.8336428571428581,24.72200000000001,3,3,15.9
westcoast_0198,crw_100,33.42499923706055,-117.6750030517578,3.4443084855207684,2023,90,90,1.0,True,-0.05821428571428606,0.3894999999999982,0,0,15.9
westcoast_0198,crw_100,33.42499923706055,-117.6750030517578,3.4443084855207684,2024,91,90,0.989010989010989,True,1.3432142857142861,57.31750000000002,11,7,15.9
westcoast_0203,crw_101,33.375,-117.5749969482422,1.6402471026561063,1985,90,90,1.0,True,-0.1699285714285723,0.0,0,0,15.926000000000002
westcoast_0203,crw_101,33.375,-117.5749969482422,1.6402471026561063,1986,90,90,1.0,True,1.2115714285714299,49.74349999999999,7,4,15.926000000000002
westcoast_0203,crw_101,33.375,-117.5749969482422,1.6402471026561063,1987,90,90,1.0,True,1.4354285714285715,38.714999999999996,11,8,15.926000000000002
westcoast_0203,crw_101,33.375,-117.5749969482422,1.6402471026561063,1988,91,91,1.0,True,1.1232857142857147,13.418000000000006,7,7,15.926000000000002
westcoast_0203,crw_101,33.375,-117.5749969482422,1.6402471026561063,1989,90,90,1.0,True,0.040428571428571355,1.163000000000002,0,0,15.926000000000002
westcoast_0203,crw_101,33.375,-117.5749969482422,1.6402471026561063,1990,90,90,1.0,True,1.3218571428571426,31.9495,14,7,15.926000000000002
westcoast_0203,crw_101,33.375,-117.5749969482422,1.6402471026561063,1991,90,90,1.0,True,0.8944285714285723,29.250000000000007,0,0,15.926000000000002
westcoast_0203,crw_101,33.375,-117.5749969482422,1.6402471026561063,1992,91,91,1.0,True,1.286,53.972750000000005,20,19,15.926000000000002
westcoast_0203,crw_101,33.375,-117.5749969482422,1.6402471026561063,1993,90,90,1.0,True,1.0967142857142864,42.03250000000001,15,14,15.926000000000002
westcoast_0203,crw_101,33.375,-117.5749969482422,1.6402471026561063,1994,90,90,1.0,True,0.7941428571428568,32.686499999999995,2,2,15.926000000000002
westcoast_0203,crw_101,33.375,-117.5749969482422,1.6402471026561063,1995,90,90,1.0,True,1.6343571428571433,54.73300000000001,21,12,15.926000000000002
westcoast_0203,crw_101,33.375,-117.5749969482422,1.6402471026561063,1996,91,91,1.0,True,0.998428571428571,22.99499999999999,3,3,15.926000000000002
westcoast_0203,crw_101,33.375,-117.5749969482422,1.6402471026561063,1997,90,90,1.0,True,1.2347142857142859,19.392499999999988,8,8,15.926000000000002
westcoast_0203,crw_101,33.375,-117.5749969482422,1.6402471026561063,1998,90,90,1.0,True,2.45307142857143,144.44,72,58,15.926000000000002
westcoast_0203,crw_101,33.375,-117.5749969482422,1.6402471026561063,1999,90,90,1.0,True,-0.5752857142857142,0.0,0,0,15.926000000000002
westcoast_0203,crw_101,33.375,-117.5749969482422,1.6402471026561063,2000,91,91,1.0,True,-0.09928571428571382,0.0009999999999994458,0,0,15.926000000000002
westcoast_0203,crw_101,33.375,-117.5749969482422,1.6402471026561063,2001,90,90,1.0,True,0.3020714285714285,3.8809999999999985,0,0,15.926000000000002
westcoast_0203,crw_101,33.375,-117.5749969482422,1.6402471026561063,2002,90,90,1.0,True,0.2460000000000002,2.4770000000000003,0,0,15.926000000000002
westcoast_0203,crw_101,33.375,-117.5749969482422,1.6402471026561063,2003,90,90,1.0,True,1.0016428571428577,32.9665,0,0,15.926000000000002
westcoast_0203,crw_101,33.375,-117.5749969482422,1.6402471026561063,2004,91,91,1.0,True,0.3885,8.101500000000003,1,1,15.926000000000002
westcoast_0203,crw_101,33.375,-117.5749969482422,1.6402471026561063,2005,90,90,1.0,True,1.2538571428571432,53.0325,13,11,15.926000000000002
westcoast_0203,crw_101,33.375,-117.5749969482422,1.6402471026561063,2006,90,90,1.0,True,0.1707857142857139,2.4755000000000003,0,0,15.926000000000002
westcoast_0203,crw_101,33.375,-117.5749969482422,1.6402471026561063,2007,90,90,1.0,True,-0.04528571428571482,0.9819999999999993,0,0,15.926000000000002
westcoast_0203,crw_101,33.375,-117.5749969482422,1.6402471026561063,2008,91,91,1.0,True,-0.03814285714285681,0.5640000000000036,0,0,15.926000000000002
westcoast_0203,crw_101,33.375,-117.5749969482422,1.6402471026561063,2009,90,90,1.0,True,0.2094999999999995,3.3879999999999963,0,0,15.926000000000002
westcoast_0203,crw_101,33.375,-117.5749969482422,1.6402471026561063,2010,90,90,1.0,True,0.8628571428571428,41.6785,0,0,15.926000000000002
westcoast_0203,crw_101,33.375,-117.5749969482422,1.6402471026561063,2011,90,90,1.0,True,-0.20264285714285662,0.0,0,0,15.926000000000002
westcoast_0203,crw_101,33.375,-117.5749969482422,1.6402471026561063,2012,91,91,1.0,True,0.14207142857142838,1.2444999999999968,0,0,15.926000000000002
westcoast_0203,crw_101,33.375,-117.5749969482422,1.6402471026561063,2013,90,90,1.0,True,0.25757142857142845,1.802999999999999,0,0,15.926000000000002
westcoast_0203,crw_101,33.375,-117.5749969482422,1.6402471026561063,2014,90,90,1.0,True,2.1344285714285713,107.26,41,26,15.926000000000002
westcoast_0203,crw_101,33.375,-117.5749969482422,1.6402471026561063,2015,90,90,1.0,True,3.42757142857143,199.57000000000002,90,90,15.926000000000002
westcoast_0203,crw_101,33.375,-117.5749969482422,1.6402471026561063,2016,91,91,1.0,True,2.2768214285714286,119.13974999999999,58,43,15.926000000000002
westcoast_0203,crw_101,33.375,-117.5749969482422,1.6402471026561063,2017,90,90,1.0,True,1.1898571428571423,34.73399999999998,9,7,15.926000000000002
westcoast_0203,crw_101,33.375,-117.5749969482422,1.6402471026561063,2018,90,90,1.0,True,1.5595000000000003,71.3715,33,20,15.926000000000002
westcoast_0203,crw_101,33.375,-117.5749969482422,1.6402471026561063,2019,90,90,1.0,True,1.0773571428571436,44.15,1,1,15.926000000000002
westcoast_0203,crw_101,33.375,-117.5749969482422,1.6402471026561063,2020,91,91,1.0,True,1.1845714285714288,67.04825,14,7,15.926000000000002
westcoast_0203,crw_101,33.375,-117.5749969482422,1.6402471026561063,2021,90,90,1.0,True,0.18014285714285702,2.2610000000000046,0,0,15.926000000000002
westcoast_0203,crw_101,33.375,-117.5749969482422,1.6402471026561063,2022,90,90,1.0,True,0.7510000000000002,21.7915,4,2,15.926000000000002
westcoast_0203,crw_101,33.375,-117.5749969482422,1.6402471026561063,2023,90,90,1.0,True,-0.09157142857142933,0.2640000000000011,0,0,15.926000000000002
westcoast_0203,crw_101,33.375,-117.5749969482422,1.6402471026561063,2024,91,90,0.989010989010989,True,1.3427142857142855,53.93825000000001,11,7,15.926000000000002
westcoast_0205,crw_102,33.275001525878906,-119.6750030517578,2.0807205784597373,1985,90,90,1.0,True,0.169357142857142,1.9639999999999933,0,0,14.996000000000002
westcoast_0205,crw_102,33.275001525878906,-119.6750030517578,2.0807205784597373,1986,90,90,1.0,True,1.1000714285714288,53.82599999999999,5,3,14.996000000000002
westcoast_0205,crw_102,33.275001525878906,-119.6750030517578,2.0807205784597373,1987,90,90,1.0,True,1.6734285714285726,72.9705,22,11,14.996000000000002
westcoast_0205,crw_102,33.275001525878906,-119.6750030517578,2.0807205784597373,1988,91,91,1.0,True,0.5361785714285714,12.658249999999997,0,0,14.996000000000002
westcoast_0205,crw_102,33.275001525878906,-119.6750030517578,2.0807205784597373,1989,90,90,1.0,True,-0.38071428571428534,0.0,0,0,14.996000000000002
westcoast_0205,crw_102,33.275001525878906,-119.6750030517578,2.0807205784597373,1990,90,90,1.0,True,1.3467857142857143,32.4315,16,11,14.996000000000002
westcoast_0205,crw_102,33.275001525878906,-119.6750030517578,2.0807205784597373,1991,90,90,1.0,True,0.9137142857142864,33.9895,0,0,14.996000000000002
westcoast_0205,crw_102,33.275001525878906,-119.6750030517578,2.0807205784597373,1992,91,91,1.0,True,1.537857142857143,53.93025,17,8,14.996000000000002
westcoast_0205,crw_102,33.275001525878906,-119.6750030517578,2.0807205784597373,1993,90,90,1.0,True,1.4778571428571428,67.8,13,5,14.996000000000002
westcoast_0205,crw_102,33.275001525878906,-119.6750030517578,2.0807205784597373,1994,90,90,1.0,True,0.8492142857142854,42.70700000000001,3,2,14.996000000000002
westcoast_0205,crw_102,33.275001525878906,-119.6750030517578,2.0807205784597373,1995,90,90,1.0,True,1.5011428571428576,73.64149999999998,27,11,14.996000000000002
westcoast_0205,crw_102,33.275001525878906,-119.6750030517578,2.0807205784597373,1996,91,91,1.0,True,1.1129285714285715,44.69525,13,5,14.996000000000002
westcoast_0205,crw_102,33.275001525878906,-119.6750030517578,2.0807205784597373,1997,90,90,1.0,True,0.5135714285714287,7.516000000000002,0,0,14.996000000000002
westcoast_0205,crw_102,33.275001525878906,-119.6750030517578,2.0807205784597373,1998,90,90,1.0,True,2.371571428571429,138.553,63,58,14.996000000000002
westcoast_0205,crw_102,33.275001525878906,-119.6750030517578,2.0807205784597373,1999,90,90,1.0,True,-0.36271428571428566,0.0,0,0,14.996000000000002
westcoast_0205,crw_102,33.275001525878906,-119.6750030517578,2.0807205784597373,2000,91,91,1.0,True,-0.10557142857142791,0.21300000000000274,0,0,14.996000000000002
westcoast_0205,crw_102,33.275001525878906,-119.6750030517578,2.0807205784597373,2001,90,90,1.0,True,0.28635714285714264,2.0044999999999984,0,0,14.996000000000002
westcoast_0205,crw_102,33.275001525878906,-119.6750030517578,2.0807205784597373,2002,90,90,1.0,True,0.17728571428571424,1.812000000000003,0,0,14.996000000000002
westcoast_0205,crw_102,33.275001525878906,-119.6750030517578,2.0807205784597373,2003,90,90,1.0,True,0.8313571428571428,24.613,2,2,14.996000000000002
westcoast_0205,crw_102,33.275001525878906,-119.6750030517578,2.0807205784597373,2004,91,91,1.0,True,0.07549999999999965,1.5549999999999997,0,0,14.996000000000002
westcoast_0205,crw_102,33.275001525878906,-119.6750030517578,2.0807205784597373,2005,90,90,1.0,True,1.1569285714285713,59.063,13,5,14.996000000000002
westcoast_0205,crw_102,33.275001525878906,-119.6750030517578,2.0807205784597373,2006,90,90,1.0,True,-0.22185714285714322,0.0,0,0,14.996000000000002
westcoast_0205,crw_102,33.275001525878906,-119.6750030517578,2.0807205784597373,2007,90,90,1.0,True,-0.21092857142857138,0.1609999999999996,0,0,14.996000000000002
westcoast_0205,crw_102,33.275001525878906,-119.6750030517578,2.0807205784597373,2008,91,91,1.0,True,-0.773142857142857,0.0,0,0,14.996000000000002
westcoast_0205,crw_102,33.275001525878906,-119.6750030517578,2.0807205784597373,2009,90,90,1.0,True,-0.10285714285714345,0.26349999999999874,0,0,14.996000000000002
westcoast_0205,crw_102,33.275001525878906,-119.6750030517578,2.0807205784597373,2010,90,90,1.0,True,0.954642857142857,42.4105,4,2,14.996000000000002
westcoast_0205,crw_102,33.275001525878906,-119.6750030517578,2.0807205784597373,2011,90,90,1.0,True,0.0293571428571427,1.222999999999999,0,0,14.996000000000002
westcoast_0205,crw_102,33.275001525878906,-119.6750030517578,2.0807205784597373,2012,91,91,1.0,True,0.351857142857143,3.6199999999999974,0,0,14.996000000000002
westcoast_0205,crw_102,33.275001525878906,-119.6750030517578,2.0807205784597373,2013,90,90,1.0,True,-0.04785714285714298,0.915499999999998,0,0,14.996000000000002
westcoast_0205,crw_102,33.275001525878906,-119.6750030517578,2.0807205784597373,2014,90,90,1.0,True,1.205,54.567499999999995,6,4,14.996000000000002
westcoast_0205,crw_102,33.275001525878906,-119.6750030517578,2.0807205784597373,2015,90,90,1.0,True,2.8615714285714295,199.553,90,90,14.996000000000002
westcoast_0205,crw_102,33.275001525878906,-119.6750030517578,2.0807205784597373,2016,91,91,1.0,True,1.7244285714285716,94.45424999999999,44,31,14.996000000000002
westcoast_0205,crw_102,33.275001525878906,-119.6750030517578,2.0807205784597373,2017,90,90,1.0,True,0.5205714285714284,18.157000000000004,0,0,14.996000000000002
westcoast_0205,crw_102,33.275001525878906,-119.6750030517578,2.0807205784597373,2018,90,90,1.0,True,1.3961428571428574,72.5915,35,12,14.996000000000002
westcoast_0205,crw_102,33.275001525878906,-119.6750030517578,2.0807205784597373,2019,90,90,1.0,True,1.2272857142857145,38.96949999999998,2,2,14.996000000000002
westcoast_0205,crw_102,33.275001525878906,-119.6750030517578,2.0807205784597373,2020,91,91,1.0,True,0.9846071428571432,42.646249999999995,2,2,14.996000000000002
westcoast_0205,crw_102,33.275001525878906,-119.6750030517578,2.0807205784597373,2021,90,90,1.0,True,0.171285714285714,1.2669999999999941,0,0,14.996000000000002
westcoast_0205,crw_102,33.275001525878906,-119.6750030517578,2.0807205784597373,2022,90,90,1.0,True,0.6194285714285718,16.617,0,0,14.996000000000002
westcoast_0205,crw_102,33.275001525878906,-119.6750030517578,2.0807205784597373,2023,90,90,1.0,True,0.010642857142857716,0.8905000000000047,0,0,14.996000000000002
westcoast_0205,crw_102,33.275001525878906,-119.6750030517578,2.0807205784597373,2024,91,90,0.989010989010989,True,1.2481071428571426,70.58775,15,5,14.996000000000002
westcoast_0206,crw_103,33.275001525878906,-119.5749969482422,2.3965868733467004,1985,90,90,1.0,True,0.1940714285714295,2.6595000000000066,0,0,15.016000000000002
westcoast_0206,crw_103,33.275001525878906,-119.5749969482422,2.3965868733467004,1986,90,90,1.0,True,1.0041428571428568,52.30750000000002,3,1,15.016000000000002
westcoast_0206,crw_103,33.275001525878906,-119.5749969482422,2.3965868733467004,1987,90,90,1.0,True,1.657857142857143,71.705,24,13,15.016000000000002
westcoast_0206,crw_103,33.275001525878906,-119.5749969482422,2.3965868733467004,1988,91,91,1.0,True,0.49707142857142855,10.298,0,0,15.016000000000002
westcoast_0206,crw_103,33.275001525878906,-119.5749969482422,2.3965868733467004,1989,90,90,1.0,True,-0.4015714285714283,0.0,0,0,15.016000000000002
westcoast_0206,crw_103,33.275001525878906,-119.5749969482422,2.3965868733467004,1990,90,90,1.0,True,1.3480714285714297,31.537000000000003,18,14,15.016000000000002
westcoast_0206,crw_103,33.275001525878906,-119.5749969482422,2.3965868733467004,1991,90,90,1.0,True,0.9224285714285715,36.171499999999995,0,0,15.016000000000002
westcoast_0206,crw_103,33.275001525878906,-119.5749969482422,2.3965868733467004,1992,91,91,1.0,True,1.477,54.1485,17,8,15.016000000000002
westcoast_0206,crw_103,33.275001525878906,-119.5749969482422,2.3965868733467004,1993,90,90,1.0,True,1.4570000000000003,61.910999999999994,13,6,15.016000000000002
westcoast_0206,crw_103,33.275001525878906,-119.5749969482422,2.3965868733467004,1994,90,90,1.0,True,0.8086428571428572,38.039,2,2,15.016000000000002
westcoast_0206,crw_103,33.275001525878906,-119.5749969482422,2.3965868733467004,1995,90,90,1.0,True,1.4727142857142856,69.518,25,11,15.016000000000002
westcoast_0206,crw_103,33.275001525878906,-119.5749969482422,2.3965868733467004,1996,91,91,1.0,True,1.274571428571429,47.4195,12,11,15.016000000000002
westcoast_0206,crw_103,33.275001525878906,-119.5749969482422,2.3965868733467004,1997,90,90,1.0,True,0.5312857142857143,8.249999999999998,0,0,15.016000000000002
westcoast_0206,crw_103,33.275001525878906,-119.5749969482422,2.3965868733467004,1998,90,90,1.0,True,2.412714285714286,141.156,65,58,15.016000000000002
westcoast_0206,crw_103,33.275001525878906,-119.5749969482422,2.3965868733467004,1999,90,90,1.0,True,-0.40614285714285764,0.0,0,0,15.016000000000002
westcoast_0206,crw_103,33.275001525878906,-119.5749969482422,2.3965868733467004,2000,91,91,1.0,True,-0.19185714285714286,0.03599999999999959,0,0,15.016000000000002
westcoast_0206,crw_103,33.275001525878906,-119.5749969482422,2.3965868733467004,2001,90,90,1.0,True,0.19664285714285792,1.3765000000000054,0,0,15.016000000000002
westcoast_0206,crw_103,33.275001525878906,-119.5749969482422,2.3965868733467004,2002,90,90,1.0,True,0.20821428571428616,2.3170000000000037,0,0,15.016000000000002
westcoast_0206,crw_103,33.275001525878906,-119.5749969482422,2.3965868733467004,2003,90,90,1.0,True,0.9481428571428567,25.116500000000002,2,2,15.016000000000002
westcoast_0206,crw_103,33.275001525878906,-119.5749969482422,2.3965868733467004,2004,91,91,1.0,True,0.13000000000000053,1.5905000000000005,0,0,15.016000000000002
westcoast_0206,crw_103,33.275001525878906,-119.5749969482422,2.3965868733467004,2005,90,90,1.0,True,1.1619285714285712,58.886500000000005,13,7,15.016000000000002
westcoast_0206,crw_103,33.275001525878906,-119.5749969482422,2.3965868733467004,2006,90,90,1.0,True,-0.15635714285714286,0.058499999999998664,0,0,15.016000000000002
westcoast_0206,crw_103,33.275001525878906,-119.5749969482422,2.3965868733467004,2007,90,90,1.0,True,0.007000000000000435,0.9060000000000041,0,0,15.016000000000002
westcoast_0206,crw_103,33.275001525878906,-119.5749969482422,2.3965868733467004,2008,91,91,1.0,True,-0.6904999999999991,0.0,0,0,15.016000000000002
westcoast_0206,crw_103,33.275001525878906,-119.5749969482422,2.3965868733467004,2009,90,90,1.0,True,-0.12728571428571453,0.16449999999999854,0,0,15.016000000000002
westcoast_0206,crw_103,33.275001525878906,-119.5749969482422,2.3965868733467004,2010,90,90,1.0,True,1.040785714285714,49.31349999999999,8,5,15.016000000000002
westcoast_0206,crw_103,33.275001525878906,-119.5749969482422,2.3965868733467004,2011,90,90,1.0,True,0.15449999999999978,1.557999999999998,0,0,15.016000000000002
westcoast_0206,crw_103,33.275001525878906,-119.5749969482422,2.3965868733467004,2012,91,91,1.0,True,0.26978571428571385,2.6419999999999977,0,0,15.016000000000002
westcoast_0206,crw_103,33.275001525878906,-119.5749969482422,2.3965868733467004,2013,90,90,1.0,True,-0.05764285714285628,0.991000000000005,0,0,15.016000000000002
westcoast_0206,crw_103,33.275001525878906,-119.5749969482422,2.3965868733467004,2014,90,90,1.0,True,1.3584285714285715,66.208,15,4,15.016000000000002
westcoast_0206,crw_103,33.275001525878906,-119.5749969482422,2.3965868733467004,2015,90,90,1.0,True,2.8945714285714277,205.71600000000004,90,90,15.016000000000002
westcoast_0206,crw_103,33.275001525878906,-119.5749969482422,2.3965868733467004,2016,91,91,1.0,True,1.8626428571428577,100.85,46,32,15.016000000000002
westcoast_0206,crw_103,33.275001525878906,-119.5749969482422,2.3965868733467004,2017,90,90,1.0,True,0.5430000000000003,18.350999999999996,0,0,15.016000000000002
westcoast_0206,crw_103,33.275001525878906,-119.5749969482422,2.3965868733467004,2018,90,90,1.0,True,1.3883571428571424,75.754,41,20,15.016000000000002
westcoast_0206,crw_103,33.275001525878906,-119.5749969482422,2.3965868733467004,2019,90,90,1.0,True,1.154142857142857,38.529999999999994,4,2,15.016000000000002
westcoast_0206,crw_103,33.275001525878906,-119.5749969482422,2.3965868733467004,2020,91,91,1.0,True,1.0881428571428573,51.58250000000001,5,3,15.016000000000002
westcoast_0206,crw_103,33.275001525878906,-119.5749969482422,2.3965868733467004,2021,90,90,1.0,True,0.17185714285714276,1.3794999999999984,0,0,15.016000000000002
westcoast_0206,crw_103,33.275001525878906,-119.5749969482422,2.3965868733467004,2022,90,90,1.0,True,0.6414285714285709,18.131999999999987,0,0,15.016000000000002
westcoast_0206,crw_103,33.275001525878906,-119.5749969482422,2.3965868733467004,2023,90,90,1.0,True,-0.11114285714285721,0.379999999999999,0,0,15.016000000000002
westcoast_0206,crw_103,33.275001525878906,-119.5749969482422,2.3965868733467004,2024,91,90,0.989010989010989,True,1.3023571428571437,68.101,15,7,15.016000000000002
westcoast_0207,crw_104,33.275001525878906,-119.4250030517578,2.196835701442569,1985,90,90,1.0,True,0.40757142857142775,3.743499999999992,0,0,15.11
westcoast_0207,crw_104,33.275001525878906,-119.4250030517578,2.196835701442569,1986,90,90,1.0,True,1.0080714285714285,47.45749999999998,3,2,15.11
westcoast_0207,crw_104,33.275001525878906,-119.4250030517578,2.196835701442569,1987,90,90,1.0,True,1.6264285714285713,67.85499999999998,27,18,15.11
westcoast_0207,crw_104,33.275001525878906,-119.4250030517578,2.196835701442569,1988,91,91,1.0,True,0.5097142857142857,6.453249999999997,0,0,15.11
westcoast_0207,crw_104,33.275001525878906,-119.4250030517578,2.196835701442569,1989,90,90,1.0,True,-0.4352857142857136,0.0,0,0,15.11
westcoast_0207,crw_104,33.275001525878906,-119.4250030517578,2.196835701442569,1990,90,90,1.0,True,1.352285714285714,28.447499999999984,17,13,15.11
westcoast_0207,crw_104,33.275001525878906,-119.4250030517578,2.196835701442569,1991,90,90,1.0,True,0.980714285714286,39.53799999999998,3,1,15.11
westcoast_0207,crw_104,33.275001525878906,-119.4250030517578,2.196835701442569,1992,91,91,1.0,True,1.3104285714285722,53.93274999999999,15,8,15.11
westcoast_0207,crw_104,33.275001525878906,-119.4250030517578,2.196835701442569,1993,90,90,1.0,True,1.3447142857142864,49.93799999999999,9,3,15.11
westcoast_0207,crw_104,33.275001525878906,-119.4250030517578,2.196835701442569,1994,90,90,1.0,True,0.7927142857142854,30.39949999999999,2,2,15.11
westcoast_0207,crw_104,33.275001525878906,-119.4250030517578,2.196835701442569,1995,90,90,1.0,True,1.3960714285714286,62.50449999999999,22,11,15.11
westcoast_0207,crw_104,33.275001525878906,-119.4250030517578,2.196835701442569,1996,91,91,1.0,True,1.6200714285714284,53.92324999999998,14,11,15.11
westcoast_0207,crw_104,33.275001525878906,-119.4250030517578,2.196835701442569,1997,90,90,1.0,True,0.5747142857142864,11.221499999999997,0,0,15.11
westcoast_0207,crw_104,33.275001525878906,-119.4250030517578,2.196835701442569,1998,90,90,1.0,True,2.6109285714285724,146.9445,64,58,15.11
westcoast_0207,crw_104,33.275001525878906,-119.4250030517578,2.196835701442569,1999,90,90,1.0,True,-0.349571428571429,0.005499999999999616,0,0,15.11
westcoast_0207,crw_104,33.275001525878906,-119.4250030517578,2.196835701442569,2000,91,91,1.0,True,-0.017928571428571516,0.7330000000000005,0,0,15.11
westcoast_0207,crw_104,33.275001525878906,-119.4250030517578,2.196835701442569,2001,90,90,1.0,True,-0.002000000000000414,0.3009999999999984,0,0,15.11
westcoast_0207,crw_104,33.275001525878906,-119.4250030517578,2.196835701442569,2002,90,90,1.0,True,0.13478571428571406,2.8830000000000044,0,0,15.11
westcoast_0207,crw_104,33.275001525878906,-119.4250030517578,2.196835701442569,2003,90,90,1.0,True,0.9987142857142851,27.26699999999999,4,2,15.11
westcoast_0207,crw_104,33.275001525878906,-119.4250030517578,2.196835701442569,2004,91,91,1.0,True,0.19514285714285634,3.370499999999998,0,0,15.11
westcoast_0207,crw_104,33.275001525878906,-119.4250030517578,2.196835701442569,2005,90,90,1.0,True,1.1974999999999998,56.154999999999994,11,6,15.11
westcoast_0207,crw_104,33.275001525878906,-119.4250030517578,2.196835701442569,2006,90,90,1.0,True,0.0639285714285714,0.7319999999999993,0,0,15.11
westcoast_0207,crw_104,33.275001525878906,-119.4250030517578,2.196835701442569,2007,90,90,1.0,True,0.23892857142857085,3.749499999999987,0,0,15.11
westcoast_0207,crw_104,33.275001525878906,-119.4250030517578,2.196835701442569,2008,91,91,1.0,True,-0.5920000000000003,0.0,0,0,15.11
westcoast_0207,crw_104,33.275001525878906,-119.4250030517578,2.196835701442569,2009,90,90,1.0,True,-0.1552857142857145,0.2810000000000006,0,0,15.11
westcoast_0207,crw_104,33.275001525878906,-119.4250030517578,2.196835701442569,2010,90,90,1.0,True,1.2112857142857139,60.25399999999999,23,14,15.11
westcoast_0207,crw_104,33.275001525878906,-119.4250030517578,2.196835701442569,2011,90,90,1.0,True,0.2961428571428562,3.1704999999999917,0,0,15.11
westcoast_0207,crw_104,33.275001525878906,-119.4250030517578,2.196835701442569,2012,91,91,1.0,True,0.09521428571428585,1.6839999999999957,0,0,15.11
westcoast_0207,crw_104,33.275001525878906,-119.4250030517578,2.196835701442569,2013,90,90,1.0,True,0.0661428571428583,1.020000000000005,0,0,15.11
westcoast_0207,crw_104,33.275001525878906,-119.4250030517578,2.196835701442569,2014,90,90,1.0,True,1.6632857142857151,88.57449999999997,39,13,15.11
westcoast_0207,crw_104,33.275001525878906,-119.4250030517578,2.196835701442569,2015,90,90,1.0,True,3.069428571428572,210.06450000000004,90,90,15.11
westcoast_0207,crw_104,33.275001525878906,-119.4250030517578,2.196835701442569,2016,91,91,1.0,True,1.880357142857142,112.13724999999998,55,34,15.11
westcoast_0207,crw_104,33.275001525878906,-119.4250030517578,2.196835701442569,2017,90,90,1.0,True,0.7212142857142856,27.42199999999999,1,1,15.11
westcoast_0207,crw_104,33.275001525878906,-119.4250030517578,2.196835701442569,2018,90,90,1.0,True,1.5866428571428572,84.67949999999999,46,23,15.11
westcoast_0207,crw_104,33.275001525878906,-119.4250030517578,2.196835701442569,2019,90,90,1.0,True,1.1723571428571424,44.60499999999998,11,5,15.11
westcoast_0207,crw_104,33.275001525878906,-119.4250030517578,2.196835701442569,2020,91,91,1.0,True,1.4495357142857141,73.19725,20,7,15.11
westcoast_0207,crw_104,33.275001525878906,-119.4250030517578,2.196835701442569,2021,90,90,1.0,True,0.4028571428571424,3.182499999999994,0,0,15.11
westcoast_0207,crw_104,33.275001525878906,-119.4250030517578,2.196835701442569,2022,90,90,1.0,True,0.7915714285714281,26.304999999999993,0,0,15.11
westcoast_0207,crw_104,33.275001525878906,-119.4250030517578,2.196835701442569,2023,90,90,1.0,True,-0.2134285714285719,0.32149999999999856,0,0,15.11
westcoast_0207,crw_104,33.275001525878906,-119.4250030517578,2.196835701442569,2024,91,90,0.989010989010989,True,1.7408571428571427,67.79874999999997,16,11,15.11
westcoast_0210,crw_105,33.275001525878906,-117.4749984741211,0.8372259671881519,1985,90,90,1.0,True,-0.1663571428571429,0.05900000000000105,0,0,15.93
westcoast_0210,crw_105,33.275001525878906,-117.4749984741211,0.8372259671881519,1986,90,90,1.0,True,1.2190714285714288,52.384499999999996,12,5,15.93
westcoast_0210,crw_105,33.275001525878906,-117.4749984741211,0.8372259671881519,1987,90,90,1.0,True,1.4584285714285727,39.22349999999999,11,8,15.93
westcoast_0210,crw_105,33.275001525878906,-117.4749984741211,0.8372259671881519,1988,91,91,1.0,True,1.1650000000000003,14.787749999999999,7,7,15.93
westcoast_0210,crw_105,33.275001525878906,-117.4749984741211,0.8372259671881519,1989,90,90,1.0,True,0.09071428571428594,1.382500000000002,0,0,15.93
westcoast_0210,crw_105,33.275001525878906,-117.4749984741211,0.8372259671881519,1990,90,90,1.0,True,1.3811428571428574,33.4175,13,5,15.93
westcoast_0210,crw_105,33.275001525878906,-117.4749984741211,0.8372259671881519,1991,90,90,1.0,True,0.9119285714285716,30.664999999999992,0,0,15.93
westcoast_0210,crw_105,33.275001525878906,-117.4749984741211,0.8372259671881519,1992,91,91,1.0,True,1.2884285714285713,51.73124999999998,19,19,15.93
westcoast_0210,crw_105,33.275001525878906,-117.4749984741211,0.8372259671881519,1993,90,90,1.0,True,1.1613571428571434,43.685,17,14,15.93
westcoast_0210,crw_105,33.275001525878906,-117.4749984741211,0.8372259671881519,1994,90,90,1.0,True,0.7830714285714292,31.609999999999992,3,3,15.93
westcoast_0210,crw_105,33.275001525878906,-117.4749984741211,0.8372259671881519,1995,90,90,1.0,True,1.5357142857142863,50.736000000000004,18,12,15.93
westcoast_0210,crw_105,33.275001525878906,-117.4749984741211,0.8372259671881519,1996,91,91,1.0,True,0.9038571428571428,22.37749999999999,2,2,15.93
westcoast_0210,crw_105,33.275001525878906,-117.4749984741211,0.8372259671881519,1997,90,90,1.0,True,1.182142857142858,19.281999999999993,7,7,15.93
westcoast_0210,crw_105,33.275001525878906,-117.4749984741211,0.8372259671881519,1998,90,90,1.0,True,2.40357142857143,141.34300000000002,70,53,15.93
westcoast_0210,crw_105,33.275001525878906,-117.4749984741211,0.8372259671881519,1999,90,90,1.0,True,-0.6064999999999995,0.0,0,0,15.93
westcoast_0210,crw_105,33.275001525878906,-117.4749984741211,0.8372259671881519,2000,91,91,1.0,True,-0.12414285714285736,0.0,0,0,15.93
westcoast_0210,crw_105,33.275001525878906,-117.4749984741211,0.8372259671881519,2001,90,90,1.0,True,0.35742857142857126,6.083500000000004,0,0,15.93
westcoast_0210,crw_105,33.275001525878906,-117.4749984741211,0.8372259671881519,2002,90,90,1.0,True,0.20600000000000027,2.2995,0,0,15.93
westcoast_0210,crw_105,33.275001525878906,-117.4749984741211,0.8372259671881519,2003,90,90,1.0,True,0.9398571428571422,35.386499999999984,0,0,15.93
westcoast_0210,crw_105,33.275001525878906,-117.4749984741211,0.8372259671881519,2004,91,91,1.0,True,0.43407142857142844,9.081500000000004,1,1,15.93
westcoast_0210,crw_105,33.275001525878906,-117.4749984741211,0.8372259671881519,2005,90,90,1.0,True,1.3355,56.279499999999985,15,12,15.93
westcoast_0210,crw_105,33.275001525878906,-117.4749984741211,0.8372259671881519,2006,90,90,1.0,True,0.28021428571428536,3.551499999999992,0,0,15.93
westcoast_0210,crw_105,33.275001525878906,-117.4749984741211,0.8372259671881519,2007,90,90,1.0,True,-0.13378571428571537,0.4759999999999973,0,0,15.93
westcoast_0210,crw_105,33.275001525878906,-117.4749984741211,0.8372259671881519,2008,91,91,1.0,True,0.2255714285714284,1.8799999999999972,0,0,15.93
westcoast_0210,crw_105,33.275001525878906,-117.4749984741211,0.8372259671881519,2009,90,90,1.0,True,0.2917142857142857,4.171999999999999,0,0,15.93
westcoast_0210,crw_105,33.275001525878906,-117.4749984741211,0.8372259671881519,2010,90,90,1.0,True,0.8694285714285718,39.754999999999995,0,0,15.93
westcoast_0210,crw_105,33.275001525878906,-117.4749984741211,0.8372259671881519,2011,90,90,1.0,True,-0.17442857142857196,0.0,0,0,15.93
westcoast_0210,crw_105,33.275001525878906,-117.4749984741211,0.8372259671881519,2012,91,91,1.0,True,0.07249999999999927,0.9044999999999934,0,0,15.93
westcoast_0210,crw_105,33.275001525878906,-117.4749984741211,0.8372259671881519,2013,90,90,1.0,True,0.32500000000000007,2.2750000000000004,0,0,15.93
westcoast_0210,crw_105,33.275001525878906,-117.4749984741211,0.8372259671881519,2014,90,90,1.0,True,2.0395714285714304,107.68300000000002,45,33,15.93
westcoast_0210,crw_105,33.275001525878906,-117.4749984741211,0.8372259671881519,2015,90,90,1.0,True,3.422142857142858,201.433,90,90,15.93
westcoast_0210,crw_105,33.275001525878906,-117.4749984741211,0.8372259671881519,2016,91,91,1.0,True,2.3439642857142857,124.92725000000002,65,43,15.93
westcoast_0210,crw_105,33.275001525878906,-117.4749984741211,0.8372259671881519,2017,90,90,1.0,True,1.1573571428571436,35.93300000000001,10,7,15.93
westcoast_0210,crw_105,33.275001525878906,-117.4749984741211,0.8372259671881519,2018,90,90,1.0,True,1.582285714285715,68.689,31,20,15.93
westcoast_0210,crw_105,33.275001525878906,-117.4749984741211,0.8372259671881519,2019,90,90,1.0,True,1.0512857142857137,44.60799999999999,1,1,15.93
westcoast_0210,crw_105,33.275001525878906,-117.4749984741211,0.8372259671881519,2020,91,91,1.0,True,1.1574642857142854,66.09674999999999,18,11,15.93
westcoast_0210,crw_105,33.275001525878906,-117.4749984741211,0.8372259671881519,2021,90,90,1.0,True,0.1364285714285717,2.2419999999999973,0,0,15.93
westcoast_0210,crw_105,33.275001525878906,-117.4749984741211,0.8372259671881519,2022,90,90,1.0,True,0.7518571428571436,22.736999999999988,4,2,15.93
westcoast_0210,crw_105,33.275001525878906,-117.4749984741211,0.8372259671881519,2023,90,90,1.0,True,-0.09871428571428632,0.3094999999999999,0,0,15.93
westcoast_0210,crw_105,33.275001525878906,-117.4749984741211,0.8372259671881519,2024,91,90,0.989010989010989,True,1.412714285714285,56.212749999999986,14,7,15.93
westcoast_0212,crw_106,33.17499923706055,-119.4250030517578,2.0510972767069053,1985,90,90,1.0,True,0.28714285714285637,2.8325000000000014,0,0,15.15
westcoast_0212,crw_106,33.17499923706055,-119.4250030517578,2.0510972767069053,1986,90,90,1.0,True,0.8288571428571428,42.969999999999985,2,2,15.15
westcoast_0212,crw_106,33.17499923706055,-119.4250030517578,2.0510972767069053,1987,90,90,1.0,True,1.645357142857143,69.10900000000001,28,18,15.15
westcoast_0212,crw_106,33.17499923706055,-119.4250030517578,2.0510972767069053,1988,91,91,1.0,True,0.542214285714285,7.455249999999998,0,0,15.15
westcoast_0212,crw_106,33.17499923706055,-119.4250030517578,2.0510972767069053,1989,90,90,1.0,True,-0.5024285714285716,0.0,0,0,15.15
westcoast_0212,crw_106,33.17499923706055,-119.4250030517578,2.0510972767069053,1990,90,90,1.0,True,1.2955714285714282,27.213500000000003,16,9,15.15
westcoast_0212,crw_106,33.17499923706055,-119.4250030517578,2.0510972767069053,1991,90,90,1.0,True,0.8625714285714283,37.528000000000006,1,1,15.15
westcoast_0212,crw_106,33.17499923706055,-119.4250030517578,2.0510972767069053,1992,91,91,1.0,True,1.3705,54.635249999999985,11,8,15.15
westcoast_0212,crw_106,33.17499923706055,-119.4250030517578,2.0510972767069053,1993,90,90,1.0,True,1.276142857142857,51.7385,8,2,15.15
westcoast_0212,crw_106,33.17499923706055,-119.4250030517578,2.0510972767069053,1994,90,90,1.0,True,0.8585714285714283,29.206999999999997,2,2,15.15
westcoast_0212,crw_106,33.17499923706055,-119.4250030517578,2.0510972767069053,1995,90,90,1.0,True,1.4581428571428563,67.079,32,12,15.15
westcoast_0212,crw_106,33.17499923706055,-119.4250030517578,2.0510972767069053,1996,91,91,1.0,True,1.6922857142857146,57.97525,14,11,15.15
westcoast_0212,crw_106,33.17499923706055,-119.4250030517578,2.0510972767069053,1997,90,90,1.0,True,0.5832857142857141,11.661999999999997,0,0,15.15
westcoast_0212,crw_106,33.17499923706055,-119.4250030517578,2.0510972767069053,1998,90,90,1.0,True,2.521928571428572,140.92999999999998,63,58,15.15
westcoast_0212,crw_106,33.17499923706055,-119.4250030517578,2.0510972767069053,1999,90,90,1.0,True,-0.3260714285714282,0.0,0,0,15.15
westcoast_0212,crw_106,33.17499923706055,-119.4250030517578,2.0510972767069053,2000,91,91,1.0,True,0.02292857142857179,0.6864999999999988,0,0,15.15
westcoast_0212,crw_106,33.17499923706055,-119.4250030517578,2.0510972767069053,2001,90,90,1.0,True,0.009857142857142977,0.3299999999999983,0,0,15.15
westcoast_0212,crw_106,33.17499923706055,-119.4250030517578,2.0510972767069053,2002,90,90,1.0,True,0.18585714285714236,2.54399999999999,0,0,15.15
westcoast_0212,crw_106,33.17499923706055,-119.4250030517578,2.0510972767069053,2003,90,90,1.0,True,0.8214285714285717,26.933000000000003,3,2,15.15
westcoast_0212,crw_106,33.17499923706055,-119.4250030517578,2.0510972767069053,2004,91,91,1.0,True,0.05614285714285648,1.155999999999997,0,0,15.15
westcoast_0212,crw_106,33.17499923706055,-119.4250030517578,2.0510972767069053,2005,90,90,1.0,True,1.0529285714285717,48.515,4,4,15.15
westcoast_0212,crw_106,33.17499923706055,-119.4250030517578,2.0510972767069053,2006,90,90,1.0,True,0.15449999999999978,1.4849999999999994,0,0,15.15
westcoast_0212,crw_106,33.17499923706055,-119.4250030517578,2.0510972767069053,2007,90,90,1.0,True,0.07985714285714376,1.7735000000000074,0,0,15.15
westcoast_0212,crw_106,33.17499923706055,-119.4250030517578,2.0510972767069053,2008,91,91,1.0,True,-0.4785000000000001,0.0,0,0,15.15
westcoast_0212,crw_106,33.17499923706055,-119.4250030517578,2.0510972767069053,2009,90,90,1.0,True,-0.11471428571428481,0.22050000000000303,0,0,15.15
westcoast_0212,crw_106,33.17499923706055,-119.4250030517578,2.0510972767069053,2010,90,90,1.0,True,1.192642857142857,57.907000000000004,22,14,15.15
westcoast_0212,crw_106,33.17499923706055,-119.4250030517578,2.0510972767069053,2011,90,90,1.0,True,0.2817857142857153,2.5615000000000094,0,0,15.15
westcoast_0212,crw_106,33.17499923706055,-119.4250030517578,2.0510972767069053,2012,91,91,1.0,True,0.28285714285714264,3.5174999999999965,0,0,15.15
westcoast_0212,crw_106,33.17499923706055,-119.4250030517578,2.0510972767069053,2013,90,90,1.0,True,0.1347142857142854,1.0734999999999975,0,0,15.15
westcoast_0212,crw_106,33.17499923706055,-119.4250030517578,2.0510972767069053,2014,90,90,1.0,True,1.5604285714285713,78.17999999999999,34,13,15.15
westcoast_0212,crw_106,33.17499923706055,-119.4250030517578,2.0510972767069053,2015,90,90,1.0,True,2.969000000000001,209.25,90,90,15.15
westcoast_0212,crw_106,33.17499923706055,-119.4250030517578,2.0510972767069053,2016,91,91,1.0,True,1.6758571428571436,102.74474999999998,47,33,15.15
westcoast_0212,crw_106,33.17499923706055,-119.4250030517578,2.0510972767069053,2017,90,90,1.0,True,0.7705000000000002,30.03049999999999,1,1,15.15
westcoast_0212,crw_106,33.17499923706055,-119.4250030517578,2.0510972767069053,2018,90,90,1.0,True,1.5514285714285718,86.418,45,24,15.15
westcoast_0212,crw_106,33.17499923706055,-119.4250030517578,2.0510972767069053,2019,90,90,1.0,True,1.0462142857142858,40.8245,4,3,15.15
westcoast_0212,crw_106,33.17499923706055,-119.4250030517578,2.0510972767069053,2020,91,91,1.0,True,1.3271071428571426,61.19624999999998,6,4,15.15
westcoast_0212,crw_106,33.17499923706055,-119.4250030517578,2.0510972767069053,2021,90,90,1.0,True,0.506,3.7524999999999995,0,0,15.15
westcoast_0212,crw_106,33.17499923706055,-119.4250030517578,2.0510972767069053,2022,90,90,1.0,True,1.006214285714286,27.074000000000005,3,3,15.15
westcoast_0212,crw_106,33.17499923706055,-119.4250030517578,2.0510972767069053,2023,90,90,1.0,True,-0.2087142857142855,0.22900000000000098,0,0,15.15
westcoast_0212,crw_106,33.17499923706055,-119.4250030517578,2.0510972767069053,2024,91,90,0.989010989010989,True,1.5669999999999997,64.84325,17,9,15.15
westcoast_0214,crw_107,33.07500076293945,-118.625,0.9639029912348366,1985,90,90,1.0,True,0.18878571428571433,1.7150000000000016,0,0,15.76
westcoast_0214,crw_107,33.07500076293945,-118.625,0.9639029912348366,1986,90,90,1.0,True,1.2077142857142846,51.8855,21,7,15.76
westcoast_0214,crw_107,33.07500076293945,-118.625,0.9639029912348366,1987,90,90,1.0,True,1.4177142857142855,44.29499999999999,12,9,15.76
westcoast_0214,crw_107,33.07500076293945,-118.625,0.9639029912348366,1988,91,91,1.0,True,0.7613571428571433,10.191000000000006,1,1,15.76
westcoast_0214,crw_107,33.07500076293945,-118.625,0.9639029912348366,1989,90,90,1.0,True,-0.22149999999999967,0.19700000000000273,0,0,15.76
westcoast_0214,crw_107,33.07500076293945,-118.625,0.9639029912348366,1990,90,90,1.0,True,0.9399285714285716,23.2945,9,4,15.76
westcoast_0214,crw_107,33.07500076293945,-118.625,0.9639029912348366,1991,90,90,1.0,True,0.932499999999999,34.547,0,0,15.76
westcoast_0214,crw_107,33.07500076293945,-118.625,0.9639029912348366,1992,91,91,1.0,True,1.131357142857143,50.373000000000005,13,9,15.76
westcoast_0214,crw_107,33.07500076293945,-118.625,0.9639029912348366,1993,90,90,1.0,True,1.5285000000000004,48.655,17,15,15.76
westcoast_0214,crw_107,33.07500076293945,-118.625,0.9639029912348366,1994,90,90,1.0,True,0.8877857142857142,31.83,4,3,15.76
westcoast_0214,crw_107,33.07500076293945,-118.625,0.9639029912348366,1995,90,90,1.0,True,1.4075000000000004,48.34750000000002,20,11,15.76
westcoast_0214,crw_107,33.07500076293945,-118.625,0.9639029912348366,1996,91,91,1.0,True,1.7366428571428567,45.58849999999999,12,10,15.76
westcoast_0214,crw_107,33.07500076293945,-118.625,0.9639029912348366,1997,90,90,1.0,True,0.8542142857142861,18.832000000000008,2,2,15.76
westcoast_0214,crw_107,33.07500076293945,-118.625,0.9639029912348366,1998,90,90,1.0,True,2.1842857142857146,117.78900000000002,61,53,15.76
westcoast_0214,crw_107,33.07500076293945,-118.625,0.9639029912348366,1999,90,90,1.0,True,-0.6636428571428569,0.0,0,0,15.76
westcoast_0214,crw_107,33.07500076293945,-118.625,0.9639029912348366,2000,91,91,1.0,True,0.1417857142857145,1.0730000000000022,0,0,15.76
westcoast_0214,crw_107,33.07500076293945,-118.625,0.9639029912348366,2001,90,90,1.0,True,0.08192857142857157,0.782,0,0,15.76
westcoast_0214,crw_107,33.07500076293945,-118.625,0.9639029912348366,2002,90,90,1.0,True,0.026857142857143197,0.6270000000000024,0,0,15.76
westcoast_0214,crw_107,33.07500076293945,-118.625,0.9639029912348366,2003,90,90,1.0,True,1.007714285714286,41.87049999999999,5,2,15.76
westcoast_0214,crw_107,33.07500076293945,-118.625,0.9639029912348366,2004,91,91,1.0,True,0.24592857142857077,5.043499999999998,0,0,15.76
westcoast_0214,crw_107,33.07500076293945,-118.625,0.9639029912348366,2005,90,90,1.0,True,0.8374285714285712,44.78999999999999,3,2,15.76
westcoast_0214,crw_107,33.07500076293945,-118.625,0.9639029912348366,2006,90,90,1.0,True,0.33342857142857113,2.373999999999997,0,0,15.76
westcoast_0214,crw_107,33.07500076293945,-118.625,0.9639029912348366,2007,90,90,1.0,True,0.15628571428571472,2.966500000000007,0,0,15.76
westcoast_0214,crw_107,33.07500076293945,-118.625,0.9639029912348366,2008,91,91,1.0,True,-0.33885714285714286,0.0,0,0,15.76
westcoast_0214,crw_107,33.07500076293945,-118.625,0.9639029912348366,2009,90,90,1.0,True,-0.06592857142857181,0.443500000000002,0,0,15.76
westcoast_0214,crw_107,33.07500076293945,-118.625,0.9639029912348366,2010,90,90,1.0,True,0.9694285714285714,54.224,11,3,15.76
westcoast_0214,crw_107,33.07500076293945,-118.625,0.9639029912348366,2011,90,90,1.0,True,-0.0030000000000001137,0.629999999999999,0,0,15.76
westcoast_0214,crw_107,33.07500076293945,-118.625,0.9639029912348366,2012,91,91,1.0,True,0.09892857142857078,1.7019999999999929,0,0,15.76
westcoast_0214,crw_107,33.07500076293945,-118.625,0.9639029912348366,2013,90,90,1.0,True,0.44707142857142806,3.6009999999999973,0,0,15.76
westcoast_0214,crw_107,33.07500076293945,-118.625,0.9639029912348366,2014,90,90,1.0,True,1.860071428571429,92.04899999999998,40,24,15.76
westcoast_0214,crw_107,33.07500076293945,-118.625,0.9639029912348366,2015,90,90,1.0,True,3.051357142857143,207.73900000000003,90,90,15.76
westcoast_0214,crw_107,33.07500076293945,-118.625,0.9639029912348366,2016,91,91,1.0,True,2.317142857142856,131.892,78,51,15.76
westcoast_0214,crw_107,33.07500076293945,-118.625,0.9639029912348366,2017,90,90,1.0,True,0.8869285714285711,38.261,5,4,15.76
westcoast_0214,crw_107,33.07500076293945,-118.625,0.9639029912348366,2018,90,90,1.0,True,1.644142857142856,91.939,48,24,15.76
westcoast_0214,crw_107,33.07500076293945,-118.625,0.9639029912348366,2019,90,90,1.0,True,1.2045000000000006,49.6365,21,11,15.76
westcoast_0214,crw_107,33.07500076293945,-118.625,0.9639029912348366,2020,91,91,1.0,True,1.2637857142857136,59.93650000000001,19,4,15.76
westcoast_0214,crw_107,33.07500076293945,-118.625,0.9639029912348366,2021,90,90,1.0,True,0.33842857142857063,3.440499999999995,0,0,15.76
westcoast_0214,crw_107,33.07500076293945,-118.625,0.9639029912348366,2022,90,90,1.0,True,1.0653571428571422,42.912499999999994,6,3,15.76
westcoast_0214,crw_107,33.07500076293945,-118.625,0.9639029912348366,2023,90,90,1.0,True,-0.10985714285714339,0.256000000000002,0,0,15.76
westcoast_0214,crw_107,33.07500076293945,-118.625,0.9639029912348366,2024,91,90,0.989010989010989,True,1.3913571428571427,55.35199999999999,16,6,15.76
westcoast_0216,crw_108,33.07500076293945,-117.3249969482422,5.120413049113172,1985,90,90,1.0,True,-0.19771428571428626,0.006499999999999062,0,0,15.94
westcoast_0216,crw_108,33.07500076293945,-117.3249969482422,5.120413049113172,1986,90,90,1.0,True,1.281785714285714,56.6635,12,6,15.94
westcoast_0216,crw_108,33.07500076293945,-117.3249969482422,5.120413049113172,1987,90,90,1.0,True,1.3841428571428576,37.21000000000001,10,8,15.94
westcoast_0216,crw_108,33.07500076293945,-117.3249969482422,5.120413049113172,1988,91,91,1.0,True,1.2851428571428574,16.512999999999998,7,7,15.94
westcoast_0216,crw_108,33.07500076293945,-117.3249969482422,5.120413049113172,1989,90,90,1.0,True,0.2194285714285719,2.059000000000003,0,0,15.94
westcoast_0216,crw_108,33.07500076293945,-117.3249969482422,5.120413049113172,1990,90,90,1.0,True,1.4841428571428568,36.468,11,5,15.94
westcoast_0216,crw_108,33.07500076293945,-117.3249969482422,5.120413049113172,1991,90,90,1.0,True,0.9132142857142858,29.91399999999999,0,0,15.94
westcoast_0216,crw_108,33.07500076293945,-117.3249969482422,5.120413049113172,1992,91,91,1.0,True,1.1772857142857147,45.64900000000001,16,11,15.94
westcoast_0216,crw_108,33.07500076293945,-117.3249969482422,5.120413049113172,1993,90,90,1.0,True,1.2312142857142863,47.862500000000004,20,20,15.94
westcoast_0216,crw_108,33.07500076293945,-117.3249969482422,5.120413049113172,1994,90,90,1.0,True,0.5990714285714294,23.8575,0,0,15.94
westcoast_0216,crw_108,33.07500076293945,-117.3249969482422,5.120413049113172,1995,90,90,1.0,True,1.380357142857143,49.309,21,12,15.94
westcoast_0216,crw_108,33.07500076293945,-117.3249969482422,5.120413049113172,1996,91,91,1.0,True,0.8648571428571427,21.07,2,2,15.94
westcoast_0216,crw_108,33.07500076293945,-117.3249969482422,5.120413049113172,1997,90,90,1.0,True,0.9651428571428576,18.641000000000002,7,7,15.94
westcoast_0216,crw_108,33.07500076293945,-117.3249969482422,5.120413049113172,1998,90,90,1.0,True,2.3885000000000005,139.65650000000005,72,52,15.94
westcoast_0216,crw_108,33.07500076293945,-117.3249969482422,5.120413049113172,1999,90,90,1.0,True,-0.5987142857142859,0.0,0,0,15.94
westcoast_0216,crw_108,33.07500076293945,-117.3249969482422,5.120413049113172,2000,91,91,1.0,True,-0.14871428571428552,0.0,0,0,15.94
westcoast_0216,crw_108,33.07500076293945,-117.3249969482422,5.120413049113172,2001,90,90,1.0,True,0.4527857142857142,8.699999999999998,0,0,15.94
westcoast_0216,crw_108,33.07500076293945,-117.3249969482422,5.120413049113172,2002,90,90,1.0,True,-0.05700000000000013,0.7955000000000023,0,0,15.94
westcoast_0216,crw_108,33.07500076293945,-117.3249969482422,5.120413049113172,2003,90,90,1.0,True,0.8239285714285712,37.118999999999986,0,0,15.94
westcoast_0216,crw_108,33.07500076293945,-117.3249969482422,5.120413049113172,2004,91,91,1.0,True,0.6408571428571422,12.410499999999999,2,2,15.94
westcoast_0216,crw_108,33.07500076293945,-117.3249969482422,5.120413049113172,2005,90,90,1.0,True,1.3022857142857134,53.41999999999999,18,16,15.94
westcoast_0216,crw_108,33.07500076293945,-117.3249969482422,5.120413049113172,2006,90,90,1.0,True,0.34942857142857114,3.780000000000001,0,0,15.94
westcoast_0216,crw_108,33.07500076293945,-117.3249969482422,5.120413049113172,2007,90,90,1.0,True,0.10549999999999977,1.1824999999999974,0,0,15.94
westcoast_0216,crw_108,33.07500076293945,-117.3249969482422,5.120413049113172,2008,91,91,1.0,True,0.34585714285714275,2.9034999999999975,0,0,15.94
westcoast_0216,crw_108,33.07500076293945,-117.3249969482422,5.120413049113172,2009,90,90,1.0,True,0.2186428571428569,3.6060000000000034,0,0,15.94
westcoast_0216,crw_108,33.07500076293945,-117.3249969482422,5.120413049113172,2010,90,90,1.0,True,0.7630714285714288,35.114,0,0,15.94
westcoast_0216,crw_108,33.07500076293945,-117.3249969482422,5.120413049113172,2011,90,90,1.0,True,-0.19471428571428565,0.02949999999999875,0,0,15.94
westcoast_0216,crw_108,33.07500076293945,-117.3249969482422,5.120413049113172,2012,91,91,1.0,True,-0.1032857142857144,0.1319999999999979,0,0,15.94
westcoast_0216,crw_108,33.07500076293945,-117.3249969482422,5.120413049113172,2013,90,90,1.0,True,0.42800000000000055,3.210500000000005,0,0,15.94
westcoast_0216,crw_108,33.07500076293945,-117.3249969482422,5.120413049113172,2014,90,90,1.0,True,2.0178571428571437,103.37650000000002,43,30,15.94
westcoast_0216,crw_108,33.07500076293945,-117.3249969482422,5.120413049113172,2015,90,90,1.0,True,3.3651428571428577,198.91650000000004,90,90,15.94
westcoast_0216,crw_108,33.07500076293945,-117.3249969482422,5.120413049113172,2016,91,91,1.0,True,2.4147857142857148,127.38450000000002,67,43,15.94
westcoast_0216,crw_108,33.07500076293945,-117.3249969482422,5.120413049113172,2017,90,90,1.0,True,1.2250000000000008,40.76150000000001,17,13,15.94
westcoast_0216,crw_108,33.07500076293945,-117.3249969482422,5.120413049113172,2018,90,90,1.0,True,1.5869999999999995,69.458,35,20,15.94
westcoast_0216,crw_108,33.07500076293945,-117.3249969482422,5.120413049113172,2019,90,90,1.0,True,1.008357142857143,43.807500000000005,1,1,15.94
westcoast_0216,crw_108,33.07500076293945,-117.3249969482422,5.120413049113172,2020,91,91,1.0,True,1.0338571428571428,60.651499999999984,10,4,15.94
westcoast_0216,crw_108,33.07500076293945,-117.3249969482422,5.120413049113172,2021,90,90,1.0,True,0.2213571428571431,3.3250000000000064,1,1,15.94
westcoast_0216,crw_108,33.07500076293945,-117.3249969482422,5.120413049113172,2022,90,90,1.0,True,0.8183571428571427,29.06800000000001,7,3,15.94
westcoast_0216,crw_108,33.07500076293945,-117.3249969482422,5.120413049113172,2023,90,90,1.0,True,-0.1486428571428566,0.1565000000000012,0,0,15.94
westcoast_0216,crw_108,33.07500076293945,-117.3249969482422,5.120413049113172,2024,91,90,0.989010989010989,True,1.4413571428571441,59.59550000000001,19,7,15.94
westcoast_0217,crw_109,32.974998474121094,-118.625,1.6079498543770154,1985,90,90,1.0,True,0.24228571428571474,2.5275000000000034,0,0,15.76
westcoast_0217,crw_109,32.974998474121094,-118.625,1.6079498543770154,1986,90,90,1.0,True,1.0824999999999998,48.59500000000001,22,7,15.76
westcoast_0217,crw_109,32.974998474121094,-118.625,1.6079498543770154,1987,90,90,1.0,True,1.4806428571428574,43.55800000000001,12,10,15.76
westcoast_0217,crw_109,32.974998474121094,-118.625,1.6079498543770154,1988,91,91,1.0,True,0.8224999999999998,10.44,3,2,15.76
westcoast_0217,crw_109,32.974998474121094,-118.625,1.6079498543770154,1989,90,90,1.0,True,-0.3303571428571426,0.0,0,0,15.76
westcoast_0217,crw_109,32.974998474121094,-118.625,1.6079498543770154,1990,90,90,1.0,True,0.9380714285714282,26.586999999999993,9,4,15.76
westcoast_0217,crw_109,32.974998474121094,-118.625,1.6079498543770154,1991,90,90,1.0,True,0.7884999999999999,34.87300000000001,0,0,15.76
westcoast_0217,crw_109,32.974998474121094,-118.625,1.6079498543770154,1992,91,91,1.0,True,1.0739285714285718,50.909000000000006,15,9,15.76
westcoast_0217,crw_109,32.974998474121094,-118.625,1.6079498543770154,1993,90,90,1.0,True,1.468214285714286,49.61900000000002,16,15,15.76
westcoast_0217,crw_109,32.974998474121094,-118.625,1.6079498543770154,1994,90,90,1.0,True,0.9256428571428577,35.76250000000001,5,3,15.76
westcoast_0217,crw_109,32.974998474121094,-118.625,1.6079498543770154,1995,90,90,1.0,True,1.454428571428572,49.97400000000001,20,11,15.76
westcoast_0217,crw_109,32.974998474121094,-118.625,1.6079498543770154,1996,91,91,1.0,True,1.7902142857142864,49.58950000000001,11,10,15.76
westcoast_0217,crw_109,32.974998474121094,-118.625,1.6079498543770154,1997,90,90,1.0,True,0.7810714285714287,15.324000000000007,2,2,15.76
westcoast_0217,crw_109,32.974998474121094,-118.625,1.6079498543770154,1998,90,90,1.0,True,2.090285714285715,108.77000000000002,60,53,15.76
westcoast_0217,crw_109,32.974998474121094,-118.625,1.6079498543770154,1999,90,90,1.0,True,-0.6351428571428576,0.0,0,0,15.76
westcoast_0217,crw_109,32.974998474121094,-118.625,1.6079498543770154,2000,91,91,1.0,True,0.17149999999999999,1.568999999999999,0,0,15.76
westcoast_0217,crw_109,32.974998474121094,-118.625,1.6079498543770154,2001,90,90,1.0,True,0.06978571428571456,0.7654999999999976,0,0,15.76
westcoast_0217,crw_109,32.974998474121094,-118.625,1.6079498543770154,2002,90,90,1.0,True,-0.10071428571428521,0.19800000000000217,0,0,15.76
westcoast_0217,crw_109,32.974998474121094,-118.625,1.6079498543770154,2003,90,90,1.0,True,0.9042142857142859,39.47850000000001,4,2,15.76
westcoast_0217,crw_109,32.974998474121094,-118.625,1.6079498543770154,2004,91,91,1.0,True,0.22142857142857228,3.257500000000009,0,0,15.76
westcoast_0217,crw_109,32.974998474121094,-118.625,1.6079498543770154,2005,90,90,1.0,True,0.6925000000000006,38.028000000000006,1,1,15.76
westcoast_0217,crw_109,32.974998474121094,-118.625,1.6079498543770154,2006,90,90,1.0,True,0.2857142857142862,2.022000000000002,0,0,15.76
westcoast_0217,crw_109,32.974998474121094,-118.625,1.6079498543770154,2007,90,90,1.0,True,0.17228571428571474,3.1295,0,0,15.76
westcoast_0217,crw_109,32.974998474121094,-118.625,1.6079498543770154,2008,91,91,1.0,True,-0.3921428571428565,0.0,0,0,15.76
westcoast_0217,crw_109,32.974998474121094,-118.625,1.6079498543770154,2009,90,90,1.0,True,-0.1942857142857137,0.14800000000000324,0,0,15.76
westcoast_0217,crw_109,32.974998474121094,-118.625,1.6079498543770154,2010,90,90,1.0,True,0.9470714285714286,55.34100000000001,11,2,15.76
westcoast_0217,crw_109,32.974998474121094,-118.625,1.6079498543770154,2011,90,90,1.0,True,0.017857142857143366,0.5790000000000006,0,0,15.76
westcoast_0217,crw_109,32.974998474121094,-118.625,1.6079498543770154,2012,91,91,1.0,True,0.07421428571428557,1.5904999999999987,0,0,15.76
westcoast_0217,crw_109,32.974998474121094,-118.625,1.6079498543770154,2013,90,90,1.0,True,0.33392857142857146,2.4454999999999973,0,0,15.76
westcoast_0217,crw_109,32.974998474121094,-118.625,1.6079498543770154,2014,90,90,1.0,True,1.758142857142857,84.71900000000002,34,24,15.76
westcoast_0217,crw_109,32.974998474121094,-118.625,1.6079498543770154,2015,90,90,1.0,True,2.9725,206.739,90,90,15.76
westcoast_0217,crw_109,32.974998474121094,-118.625,1.6079498543770154,2016,91,91,1.0,True,2.1972857142857145,129.21850000000003,80,51,15.76
westcoast_0217,crw_109,32.974998474121094,-118.625,1.6079498543770154,2017,90,90,1.0,True,0.9131428571428578,39.87900000000002,4,2,15.76
westcoast_0217,crw_109,32.974998474121094,-118.625,1.6079498543770154,2018,90,90,1.0,True,1.5325000000000006,90.72900000000001,48,22,15.76
westcoast_0217,crw_109,32.974998474121094,-118.625,1.6079498543770154,2019,90,90,1.0,True,1.2451428571428582,50.6055,21,11,15.76
westcoast_0217,crw_109,32.974998474121094,-118.625,1.6079498543770154,2020,91,91,1.0,True,1.1655,47.6525,9,4,15.76
westcoast_0217,crw_109,32.974998474121094,-118.625,1.6079498543770154,2021,90,90,1.0,True,0.10928571428571335,1.3610000000000007,0,0,15.76
westcoast_0217,crw_109,32.974998474121094,-118.625,1.6079498543770154,2022,90,90,1.0,True,1.014785714285715,36.74550000000001,6,2,15.76
westcoast_0217,crw_109,32.974998474121094,-118.625,1.6079498543770154,2023,90,90,1.0,True,-0.10478571428571445,0.3545000000000016,0,0,15.76
westcoast_0217,crw_109,32.974998474121094,-118.625,1.6079498543770154,2024,91,90,0.989010989010989,True,1.1323571428571435,50.369499999999995,13,5,15.76
westcoast_0218,crw_110,32.974998474121094,-118.5250015258789,1.775117293129035,1985,90,90,1.0,True,0.11521428571428542,1.1304999999999996,0,0,15.796000000000001
westcoast_0218,crw_110,32.974998474121094,-118.5250015258789,1.775117293129035,1986,90,90,1.0,True,1.1750714285714288,50.32,23,7,15.796000000000001
westcoast_0218,crw_110,32.974998474121094,-118.5250015258789,1.775117293129035,1987,90,90,1.0,True,1.4118571428571427,42.499,11,9,15.796000000000001
westcoast_0218,crw_110,32.974998474121094,-118.5250015258789,1.775117293129035,1988,91,91,1.0,True,0.8663571428571422,11.002499999999992,5,3,15.796000000000001
westcoast_0218,crw_110,32.974998474121094,-118.5250015258789,1.775117293129035,1989,90,90,1.0,True,-0.2479285714285717,0.0,0,0,15.796000000000001
westcoast_0218,crw_110,32.974998474121094,-118.5250015258789,1.775117293129035,1990,90,90,1.0,True,1.0902142857142856,32.323499999999996,11,5,15.796000000000001
westcoast_0218,crw_110,32.974998474121094,-118.5250015258789,1.775117293129035,1991,90,90,1.0,True,0.7302857142857145,31.70900000000001,0,0,15.796000000000001
westcoast_0218,crw_110,32.974998474121094,-118.5250015258789,1.775117293129035,1992,91,91,1.0,True,1.0806428571428572,49.269500000000015,17,9,15.796000000000001
westcoast_0218,crw_110,32.974998474121094,-118.5250015258789,1.775117293129035,1993,90,90,1.0,True,1.3720714285714284,50.45000000000001,16,15,15.796000000000001
westcoast_0218,crw_110,32.974998474121094,-118.5250015258789,1.775117293129035,1994,90,90,1.0,True,0.86,32.973,3,2,15.796000000000001
westcoast_0218,crw_110,32.974998474121094,-118.5250015258789,1.775117293129035,1995,90,90,1.0,True,1.3998571428571427,49.23400000000001,21,11,15.796000000000001
westcoast_0218,crw_110,32.974998474121094,-118.5250015258789,1.775117293129035,1996,91,91,1.0,True,1.671071428571428,44.7635,10,9,15.796000000000001
westcoast_0218,crw_110,32.974998474121094,-118.5250015258789,1.775117293129035,1997,90,90,1.0,True,0.7592142857142853,16.183999999999997,2,2,15.796000000000001
westcoast_0218,crw_110,32.974998474121094,-118.5250015258789,1.775117293129035,1998,90,90,1.0,True,2.0959285714285723,111.26400000000001,59,40,15.796000000000001
westcoast_0218,crw_110,32.974998474121094,-118.5250015258789,1.775117293129035,1999,90,90,1.0,True,-0.6586428571428574,0.0,0,0,15.796000000000001
westcoast_0218,crw_110,32.974998474121094,-118.5250015258789,1.775117293129035,2000,91,91,1.0,True,0.02428571428571377,0.6604999999999954,0,0,15.796000000000001
westcoast_0218,crw_110,32.974998474121094,-118.5250015258789,1.775117293129035,2001,90,90,1.0,True,0.012785714285714686,0.5215000000000032,0,0,15.796000000000001
westcoast_0218,crw_110,32.974998474121094,-118.5250015258789,1.775117293129035,2002,90,90,1.0,True,-0.18342857142857077,0.17950000000000088,0,0,15.796000000000001
westcoast_0218,crw_110,32.974998474121094,-118.5250015258789,1.775117293129035,2003,90,90,1.0,True,0.9636428571428571,40.393,3,1,15.796000000000001
westcoast_0218,crw_110,32.974998474121094,-118.5250015258789,1.775117293129035,2004,91,91,1.0,True,0.25128571428571383,4.563000000000002,0,0,15.796000000000001
westcoast_0218,crw_110,32.974998474121094,-118.5250015258789,1.775117293129035,2005,90,90,1.0,True,0.693285714285714,41.9725,1,1,15.796000000000001
westcoast_0218,crw_110,32.974998474121094,-118.5250015258789,1.775117293129035,2006,90,90,1.0,True,0.3442142857142859,2.5025000000000013,0,0,15.796000000000001
westcoast_0218,crw_110,32.974998474121094,-118.5250015258789,1.775117293129035,2007,90,90,1.0,True,0.060999999999999686,2.3584999999999994,0,0,15.796000000000001
westcoast_0218,crw_110,32.974998474121094,-118.5250015258789,1.775117293129035,2008,91,91,1.0,True,-0.3520000000000003,0.0,0,0,15.796000000000001
westcoast_0218,crw_110,32.974998474121094,-118.5250015258789,1.775117293129035,2009,90,90,1.0,True,-0.16671428571428568,0.30499999999999794,0,0,15.796000000000001
westcoast_0218,crw_110,32.974998474121094,-118.5250015258789,1.775117293129035,2010,90,90,1.0,True,0.9780714285714297,52.32650000000001,12,4,15.796000000000001
westcoast_0218,crw_110,32.974998474121094,-118.5250015258789,1.775117293129035,2011,90,90,1.0,True,0.014285714285714488,0.507000000000005,0,0,15.796000000000001
westcoast_0218,crw_110,32.974998474121094,-118.5250015258789,1.775117293129035,2012,91,91,1.0,True,0.03300000000000049,1.0864999999999974,0,0,15.796000000000001
westcoast_0218,crw_110,32.974998474121094,-118.5250015258789,1.775117293129035,2013,90,90,1.0,True,0.37064285714285716,2.8764999999999983,0,0,15.796000000000001
westcoast_0218,crw_110,32.974998474121094,-118.5250015258789,1.775117293129035,2014,90,90,1.0,True,1.7686428571428567,87.51600000000002,40,24,15.796000000000001
westcoast_0218,crw_110,32.974998474121094,-118.5250015258789,1.775117293129035,2015,90,90,1.0,True,3.0520714285714283,204.406,90,90,15.796000000000001
westcoast_0218,crw_110,32.974998474121094,-118.5250015258789,1.775117293129035,2016,91,91,1.0,True,2.255500000000001,130.80000000000004,82,51,15.796000000000001
westcoast_0218,crw_110,32.974998474121094,-118.5250015258789,1.775117293129035,2017,90,90,1.0,True,0.8491428571428568,38.18699999999999,8,2,15.796000000000001
westcoast_0218,crw_110,32.974998474121094,-118.5250015258789,1.775117293129035,2018,90,90,1.0,True,1.5757142857142863,93.76599999999999,52,50,15.796000000000001
westcoast_0218,crw_110,32.974998474121094,-118.5250015258789,1.775117293129035,2019,90,90,1.0,True,1.2475,51.77400000000001,21,10,15.796000000000001
westcoast_0218,crw_110,32.974998474121094,-118.5250015258789,1.775117293129035,2020,91,91,1.0,True,1.2377142857142862,53.3285,17,4,15.796000000000001
westcoast_0218,crw_110,32.974998474121094,-118.5250015258789,1.775117293129035,2021,90,90,1.0,True,0.2886428571428577,2.6355000000000004,0,0,15.796000000000001
westcoast_0218,crw_110,32.974998474121094,-118.5250015258789,1.775117293129035,2022,90,90,1.0,True,1.0332857142857144,41.421000000000014,7,3,15.796000000000001
westcoast_0218,crw_110,32.974998474121094,-118.5250015258789,1.775117293129035,2023,90,90,1.0,True,-0.12578571428571447,0.21449999999999925,0,0,15.796000000000001
westcoast_0218,crw_110,32.974998474121094,-118.5250015258789,1.775117293129035,2024,91,90,0.989010989010989,True,1.247071428571429,53.76300000000001,16,6,15.796000000000001
westcoast_0219,crw_111,32.974998474121094,-117.2750015258789,1.5227344571699146,1985,90,90,1.0,True,-0.1628571428571432,0.0,0,0,15.936000000000002
westcoast_0219,crw_111,32.974998474121094,-117.2750015258789,1.5227344571699146,1986,90,90,1.0,True,1.2934285714285723,57.5985,16,6,15.936000000000002
westcoast_0219,crw_111,32.974998474121094,-117.2750015258789,1.5227344571699146,1987,90,90,1.0,True,1.3077857142857137,36.13099999999999,8,5,15.936000000000002
westcoast_0219,crw_111,32.974998474121094,-117.2750015258789,1.5227344571699146,1988,91,91,1.0,True,1.28707142857143,15.511000000000012,7,7,15.936000000000002
westcoast_0219,crw_111,32.974998474121094,-117.2750015258789,1.5227344571699146,1989,90,90,1.0,True,0.2713571428571436,2.365500000000006,0,0,15.936000000000002
westcoast_0219,crw_111,32.974998474121094,-117.2750015258789,1.5227344571699146,1990,90,90,1.0,True,1.3863571428571422,33.99749999999999,9,5,15.936000000000002
westcoast_0219,crw_111,32.974998474121094,-117.2750015258789,1.5227344571699146,1991,90,90,1.0,True,0.8791428571428573,29.426999999999985,0,0,15.936000000000002
westcoast_0219,crw_111,32.974998474121094,-117.2750015258789,1.5227344571699146,1992,91,91,1.0,True,1.1272142857142868,44.25900000000001,17,11,15.936000000000002
westcoast_0219,crw_111,32.974998474121094,-117.2750015258789,1.5227344571699146,1993,90,90,1.0,True,1.2542857142857151,49.04650000000001,20,20,15.936000000000002
westcoast_0219,crw_111,32.974998474121094,-117.2750015258789,1.5227344571699146,1994,90,90,1.0,True,0.6196428571428567,21.881,0,0,15.936000000000002
westcoast_0219,crw_111,32.974998474121094,-117.2750015258789,1.5227344571699146,1995,90,90,1.0,True,1.3373571428571431,50.36850000000001,21,12,15.936000000000002
westcoast_0219,crw_111,32.974998474121094,-117.2750015258789,1.5227344571699146,1996,91,91,1.0,True,0.8537142857142855,20.494000000000003,2,2,15.936000000000002
westcoast_0219,crw_111,32.974998474121094,-117.2750015258789,1.5227344571699146,1997,90,90,1.0,True,0.8387857142857152,16.70000000000001,7,7,15.936000000000002
westcoast_0219,crw_111,32.974998474121094,-117.2750015258789,1.5227344571699146,1998,90,90,1.0,True,2.4393571428571437,140.48950000000005,71,51,15.936000000000002
westcoast_0219,crw_111,32.974998474121094,-117.2750015258789,1.5227344571699146,1999,90,90,1.0,True,-0.5797857142857151,0.0,0,0,15.936000000000002
westcoast_0219,crw_111,32.974998474121094,-117.2750015258789,1.5227344571699146,2000,91,91,1.0,True,-0.14121428571428676,0.0,0,0,15.936000000000002
westcoast_0219,crw_111,32.974998474121094,-117.2750015258789,1.5227344571699146,2001,90,90,1.0,True,0.43078571428571444,8.592499999999992,0,0,15.936000000000002
westcoast_0219,crw_111,32.974998474121094,-117.2750015258789,1.5227344571699146,2002,90,90,1.0,True,-0.09657142857142809,0.40199999999999925,0,0,15.936000000000002
westcoast_0219,crw_111,32.974998474121094,-117.2750015258789,1.5227344571699146,2003,90,90,1.0,True,0.8512142857142856,38.177499999999995,0,0,15.936000000000002
westcoast_0219,crw_111,32.974998474121094,-117.2750015258789,1.5227344571699146,2004,91,91,1.0,True,0.6524285714285709,13.116500000000004,3,3,15.936000000000002
westcoast_0219,crw_111,32.974998474121094,-117.2750015258789,1.5227344571699146,2005,90,90,1.0,True,1.2599285714285708,52.367000000000004,19,17,15.936000000000002
westcoast_0219,crw_111,32.974998474121094,-117.2750015258789,1.5227344571699146,2006,90,90,1.0,True,0.35585714285714254,3.7739999999999974,0,0,15.936000000000002
westcoast_0219,crw_111,32.974998474121094,-117.2750015258789,1.5227344571699146,2007,90,90,1.0,True,0.16478571428571367,1.8839999999999986,0,0,15.936000000000002
westcoast_0219,crw_111,32.974998474121094,-117.2750015258789,1.5227344571699146,2008,91,91,1.0,True,0.3630714285714295,3.031500000000003,0,0,15.936000000000002
westcoast_0219,crw_111,32.974998474121094,-117.2750015258789,1.5227344571699146,2009,90,90,1.0,True,0.21792857142857155,3.540499999999998,0,0,15.936000000000002
westcoast_0219,crw_111,32.974998474121094,-117.2750015258789,1.5227344571699146,2010,90,90,1.0,True,0.7872857142857145,35.20150000000001,2,2,15.936000000000002
westcoast_0219,crw_111,32.974998474121094,-117.2750015258789,1.5227344571699146,2011,90,90,1.0,True,-0.14421428571428635,0.03549999999999898,0,0,15.936000000000002
westcoast_0219,crw_111,32.974998474121094,-117.2750015258789,1.5227344571699146,2012,91,91,1.0,True,-0.0899285714285717,0.13300000000000267,0,0,15.936000000000002
westcoast_0219,crw_111,32.974998474121094,-117.2750015258789,1.5227344571699146,2013,90,90,1.0,True,0.4656428571428583,3.4975000000000094,1,1,15.936000000000002
westcoast_0219,crw_111,32.974998474121094,-117.2750015258789,1.5227344571699146,2014,90,90,1.0,True,2.0475000000000008,103.2495,45,35,15.936000000000002
westcoast_0219,crw_111,32.974998474121094,-117.2750015258789,1.5227344571699146,2015,90,90,1.0,True,3.332785714285715,199.1295,90,90,15.936000000000002
westcoast_0219,crw_111,32.974998474121094,-117.2750015258789,1.5227344571699146,2016,91,91,1.0,True,2.4317857142857155,128.535,70,44,15.936000000000002
westcoast_0219,crw_111,32.974998474121094,-117.2750015258789,1.5227344571699146,2017,90,90,1.0,True,1.310357142857143,42.36250000000001,19,19,15.936000000000002
westcoast_0219,crw_111,32.974998474121094,-117.2750015258789,1.5227344571699146,2018,90,90,1.0,True,1.6134999999999995,70.316,37,20,15.936000000000002
westcoast_0219,crw_111,32.974998474121094,-117.2750015258789,1.5227344571699146,2019,90,90,1.0,True,1.0356428571428566,43.473,1,1,15.936000000000002
westcoast_0219,crw_111,32.974998474121094,-117.2750015258789,1.5227344571699146,2020,91,91,1.0,True,1.0239285714285713,59.65400000000001,12,5,15.936000000000002
westcoast_0219,crw_111,32.974998474121094,-117.2750015258789,1.5227344571699146,2021,90,90,1.0,True,0.27335714285714224,3.4484999999999975,1,1,15.936000000000002
westcoast_0219,crw_111,32.974998474121094,-117.2750015258789,1.5227344571699146,2022,90,90,1.0,True,0.8571428571428582,33.43499999999999,9,4,15.936000000000002
westcoast_0219,crw_111,32.974998474121094,-117.2750015258789,1.5227344571699146,2023,90,90,1.0,True,-0.11735714285714367,0.16950000000000465,0,0,15.936000000000002
westcoast_0219,crw_111,32.974998474121094,-117.2750015258789,1.5227344571699146,2024,91,90,0.989010989010989,True,1.4498571428571432,59.37349999999999,21,7,15.936000000000002
westcoast_0220,crw_112,32.875,-118.5250015258789,2.454073977607004,1985,90,90,1.0,True,0.0654285714285712,0.9395000000000007,0,0,15.79
westcoast_0220,crw_112,32.875,-118.5250015258789,2.454073977607004,1986,90,90,1.0,True,1.050357142857144,44.43699999999998,15,5,15.79
westcoast_0220,crw_112,32.875,-118.5250015258789,2.454073977607004,1987,90,90,1.0,True,1.4540714285714293,41.10049999999999,12,10,15.79
westcoast_0220,crw_112,32.875,-118.5250015258789,2.454073977607004,1988,91,91,1.0,True,0.8346428571428578,10.698500000000006,3,2,15.79
westcoast_0220,crw_112,32.875,-118.5250015258789,2.454073977607004,1989,90,90,1.0,True,-0.25392857142857067,0.0,0,0,15.79
westcoast_0220,crw_112,32.875,-118.5250015258789,2.454073977607004,1990,90,90,1.0,True,1.0648571428571418,33.638499999999986,16,5,15.79
westcoast_0220,crw_112,32.875,-118.5250015258789,2.454073977607004,1991,90,90,1.0,True,0.6968571428571426,32.78099999999999,0,0,15.79
westcoast_0220,crw_112,32.875,-118.5250015258789,2.454073977607004,1992,91,91,1.0,True,1.0306428571428565,49.359999999999985,18,9,15.79
westcoast_0220,crw_112,32.875,-118.5250015258789,2.454073977607004,1993,90,90,1.0,True,1.302785714285715,48.482499999999995,16,15,15.79
westcoast_0220,crw_112,32.875,-118.5250015258789,2.454073977607004,1994,90,90,1.0,True,0.8677142857142854,35.656499999999994,3,1,15.79
westcoast_0220,crw_112,32.875,-118.5250015258789,2.454073977607004,1995,90,90,1.0,True,1.4047142857142858,49.41849999999998,20,11,15.79
westcoast_0220,crw_112,32.875,-118.5250015258789,2.454073977607004,1996,91,91,1.0,True,1.7477857142857147,51.68249999999999,12,10,15.79
westcoast_0220,crw_112,32.875,-118.5250015258789,2.454073977607004,1997,90,90,1.0,True,0.7389285714285718,14.431999999999997,2,2,15.79
westcoast_0220,crw_112,32.875,-118.5250015258789,2.454073977607004,1998,90,90,1.0,True,1.9307857142857148,104.31050000000002,57,52,15.79
westcoast_0220,crw_112,32.875,-118.5250015258789,2.454073977607004,1999,90,90,1.0,True,-0.5941428571428565,0.0,0,0,15.79
westcoast_0220,crw_112,32.875,-118.5250015258789,2.454073977607004,2000,91,91,1.0,True,-0.015214285714286038,0.8115000000000006,0,0,15.79
westcoast_0220,crw_112,32.875,-118.5250015258789,2.454073977607004,2001,90,90,1.0,True,0.044000000000000226,0.7165000000000017,0,0,15.79
westcoast_0220,crw_112,32.875,-118.5250015258789,2.454073977607004,2002,90,90,1.0,True,-0.2927857142857148,0.05349999999999788,0,0,15.79
westcoast_0220,crw_112,32.875,-118.5250015258789,2.454073977607004,2003,90,90,1.0,True,0.9216428571428575,39.295499999999976,4,2,15.79
westcoast_0220,crw_112,32.875,-118.5250015258789,2.454073977607004,2004,91,91,1.0,True,0.20121428571428573,3.5120000000000022,0,0,15.79
westcoast_0220,crw_112,32.875,-118.5250015258789,2.454073977607004,2005,90,90,1.0,True,0.5822857142857133,36.02449999999998,0,0,15.79
westcoast_0220,crw_112,32.875,-118.5250015258789,2.454073977607004,2006,90,90,1.0,True,0.2826428571428577,2.026500000000002,0,0,15.79
westcoast_0220,crw_112,32.875,-118.5250015258789,2.454073977607004,2007,90,90,1.0,True,0.10771428571428514,2.2904999999999998,0,0,15.79
westcoast_0220,crw_112,32.875,-118.5250015258789,2.454073977607004,2008,91,91,1.0,True,-0.34664285714285675,0.04399999999999871,0,0,15.79
westcoast_0220,crw_112,32.875,-118.5250015258789,2.454073977607004,2009,90,90,1.0,True,-0.22335714285714303,0.16000000000000014,0,0,15.79
westcoast_0220,crw_112,32.875,-118.5250015258789,2.454073977607004,2010,90,90,1.0,True,0.9550000000000006,53.9775,13,4,15.79
westcoast_0220,crw_112,32.875,-118.5250015258789,2.454073977607004,2011,90,90,1.0,True,0.002214285714285375,0.3999999999999986,0,0,15.79
westcoast_0220,crw_112,32.875,-118.5250015258789,2.454073977607004,2012,91,91,1.0,True,0.03135714285714337,1.3280000000000012,0,0,15.79
westcoast_0220,crw_112,32.875,-118.5250015258789,2.454073977607004,2013,90,90,1.0,True,0.29464285714285815,2.1460000000000043,0,0,15.79
westcoast_0220,crw_112,32.875,-118.5250015258789,2.454073977607004,2014,90,90,1.0,True,1.6902857142857157,82.6565,38,26,15.79
westcoast_0220,crw_112,32.875,-118.5250015258789,2.454073977607004,2015,90,90,1.0,True,3.014642857142858,203.16650000000004,90,90,15.79
westcoast_0220,crw_112,32.875,-118.5250015258789,2.454073977607004,2016,91,91,1.0,True,2.135428571428571,127.4465,81,53,15.79
westcoast_0220,crw_112,32.875,-118.5250015258789,2.454073977607004,2017,90,90,1.0,True,0.8210714285714281,38.56099999999999,4,2,15.79
westcoast_0220,crw_112,32.875,-118.5250015258789,2.454073977607004,2018,90,90,1.0,True,1.5018571428571434,94.1765,56,50,15.79
westcoast_0220,crw_112,32.875,-118.5250015258789,2.454073977607004,2019,90,90,1.0,True,1.2845000000000009,52.567,23,10,15.79
westcoast_0220,crw_112,32.875,-118.5250015258789,2.454073977607004,2020,91,91,1.0,True,1.1409285714285708,44.35999999999997,9,4,15.79
westcoast_0220,crw_112,32.875,-118.5250015258789,2.454073977607004,2021,90,90,1.0,True,0.09649999999999968,1.2509999999999977,0,0,15.79
westcoast_0220,crw_112,32.875,-118.5250015258789,2.454073977607004,2022,90,90,1.0,True,1.0345714285714283,36.829499999999996,6,2,15.79
westcoast_0220,crw_112,32.875,-118.5250015258789,2.454073977607004,2023,90,90,1.0,True,-0.08228571428571538,0.291500000000001,0,0,15.79
westcoast_0220,crw_112,32.875,-118.5250015258789,2.454073977607004,2024,91,90,0.989010989010989,True,1.0534285714285705,50.13749999999998,14,6,15.79
westcoast_0222,crw_113,32.875,-117.2750015258789,2.277792692229604,1985,90,90,1.0,True,-0.10614285714285719,0.09399999999999764,0,0,15.97
westcoast_0222,crw_113,32.875,-117.2750015258789,2.277792692229604,1986,90,90,1.0,True,1.3300714285714286,58.074999999999996,19,6,15.97
westcoast_0222,crw_113,32.875,-117.2750015258789,2.277792692229604,1987,90,90,1.0,True,1.2786428571428574,37.53049999999999,4,4,15.97
westcoast_0222,crw_113,32.875,-117.2750015258789,2.277792692229604,1988,91,91,1.0,True,1.3055000000000008,15.3225,7,7,15.97
westcoast_0222,crw_113,32.875,-117.2750015258789,2.277792692229604,1989,90,90,1.0,True,0.3255000000000002,2.6469999999999985,0,0,15.97
westcoast_0222,crw_113,32.875,-117.2750015258789,2.277792692229604,1990,90,90,1.0,True,1.1829285714285718,29.673999999999996,6,5,15.97
westcoast_0222,crw_113,32.875,-117.2750015258789,2.277792692229604,1991,90,90,1.0,True,0.8614999999999997,30.580499999999986,0,0,15.97
westcoast_0222,crw_113,32.875,-117.2750015258789,2.277792692229604,1992,91,91,1.0,True,1.1207857142857143,44.093999999999994,16,11,15.97
westcoast_0222,crw_113,32.875,-117.2750015258789,2.277792692229604,1993,90,90,1.0,True,1.2944999999999998,50.68099999999998,20,20,15.97
westcoast_0222,crw_113,32.875,-117.2750015258789,2.277792692229604,1994,90,90,1.0,True,0.6833571428571423,21.537499999999994,0,0,15.97
westcoast_0222,crw_113,32.875,-117.2750015258789,2.277792692229604,1995,90,90,1.0,True,1.368857142857143,53.004500000000014,25,12,15.97
westcoast_0222,crw_113,32.875,-117.2750015258789,2.277792692229604,1996,91,91,1.0,True,0.8541428571428575,21.013499999999993,2,2,15.97
westcoast_0222,crw_113,32.875,-117.2750015258789,2.277792692229604,1997,90,90,1.0,True,0.8411428571428569,15.217499999999994,6,4,15.97
westcoast_0222,crw_113,32.875,-117.2750015258789,2.277792692229604,1998,90,90,1.0,True,2.5930000000000004,144.75399999999996,72,51,15.97
westcoast_0222,crw_113,32.875,-117.2750015258789,2.277792692229604,1999,90,90,1.0,True,-0.566571428571429,0.0,0,0,15.97
westcoast_0222,crw_113,32.875,-117.2750015258789,2.277792692229604,2000,91,91,1.0,True,-0.11950000000000038,0.0,0,0,15.97
westcoast_0222,crw_113,32.875,-117.2750015258789,2.277792692229604,2001,90,90,1.0,True,0.4235714285714293,8.385500000000006,0,0,15.97
westcoast_0222,crw_113,32.875,-117.2750015258789,2.277792692229604,2002,90,90,1.0,True,-0.09764285714285721,0.47699999999999854,0,0,15.97
westcoast_0222,crw_113,32.875,-117.2750015258789,2.277792692229604,2003,90,90,1.0,True,0.8776428571428568,38.65399999999998,0,0,15.97
westcoast_0222,crw_113,32.875,-117.2750015258789,2.277792692229604,2004,91,91,1.0,True,0.6517142857142856,12.780499999999993,3,3,15.97
westcoast_0222,crw_113,32.875,-117.2750015258789,2.277792692229604,2005,90,90,1.0,True,1.226285714285715,52.25900000000001,18,16,15.97
westcoast_0222,crw_113,32.875,-117.2750015258789,2.277792692229604,2006,90,90,1.0,True,0.30964285714285694,3.4574999999999996,0,0,15.97
westcoast_0222,crw_113,32.875,-117.2750015258789,2.277792692229604,2007,90,90,1.0,True,0.1742142857142857,2.2514999999999947,0,0,15.97
westcoast_0222,crw_113,32.875,-117.2750015258789,2.277792692229604,2008,91,91,1.0,True,0.31599999999999945,2.8109999999999964,0,0,15.97
westcoast_0222,crw_113,32.875,-117.2750015258789,2.277792692229604,2009,90,90,1.0,True,0.20042857142857123,3.463500000000007,0,0,15.97
westcoast_0222,crw_113,32.875,-117.2750015258789,2.277792692229604,2010,90,90,1.0,True,0.8232142857142853,35.9735,3,3,15.97
westcoast_0222,crw_113,32.875,-117.2750015258789,2.277792692229604,2011,90,90,1.0,True,-0.11985714285714318,0.0,0,0,15.97
westcoast_0222,crw_113,32.875,-117.2750015258789,2.277792692229604,2012,91,91,1.0,True,-0.022714285714285815,0.4054999999999982,0,0,15.97
westcoast_0222,crw_113,32.875,-117.2750015258789,2.277792692229604,2013,90,90,1.0,True,0.48692857142857143,3.6694999999999993,1,1,15.97
westcoast_0222,crw_113,32.875,-117.2750015258789,2.277792692229604,2014,90,90,1.0,True,2.0796428571428582,103.664,42,30,15.97
westcoast_0222,crw_113,32.875,-117.2750015258789,2.277792692229604,2015,90,90,1.0,True,3.308357142857143,200.114,90,90,15.97
westcoast_0222,crw_113,32.875,-117.2750015258789,2.277792692229604,2016,91,91,1.0,True,2.420000000000001,129.85600000000002,68,44,15.97
westcoast_0222,crw_113,32.875,-117.2750015258789,2.277792692229604,2017,90,90,1.0,True,1.2953571428571433,41.2875,19,19,15.97
westcoast_0222,crw_113,32.875,-117.2750015258789,2.277792692229604,2018,90,90,1.0,True,1.6686428571428578,70.866,31,17,15.97
westcoast_0222,crw_113,32.875,-117.2750015258789,2.277792692229604,2019,90,90,1.0,True,1.0571428571428572,43.083999999999996,0,0,15.97
westcoast_0222,crw_113,32.875,-117.2750015258789,2.277792692229604,2020,91,91,1.0,True,0.9701428571428566,60.375999999999976,9,4,15.97
westcoast_0222,crw_113,32.875,-117.2750015258789,2.277792692229604,2021,90,90,1.0,True,0.34071428571428647,3.7789999999999964,1,1,15.97
westcoast_0222,crw_113,32.875,-117.2750015258789,2.277792692229604,2022,90,90,1.0,True,0.8417142857142854,36.9665,8,3,15.97
westcoast_0222,crw_113,32.875,-117.2750015258789,2.277792692229604,2023,90,90,1.0,True,-0.05107142857142805,0.2929999999999975,0,0,15.97
westcoast_0222,crw_113,32.875,-117.2750015258789,2.277792692229604,2024,91,90,0.989010989010989,True,1.4865714285714282,58.26599999999999,17,7,15.97
westcoast_0223,crw_114,32.82500076293945,-118.5250015258789,2.7264514532501707,1985,90,90,1.0,True,0.015285714285714189,0.6905000000000001,0,0,15.782000000000002
westcoast_0223,crw_114,32.82500076293945,-118.5250015258789,2.7264514532501707,1986,90,90,1.0,True,1.066428571428571,41.175,10,5,15.782000000000002
westcoast_0223,crw_114,32.82500076293945,-118.5250015258789,2.7264514532501707,1987,90,90,1.0,True,1.4564285714285714,40.1165,12,10,15.782000000000002
westcoast_0223,crw_114,32.82500076293945,-118.5250015258789,2.7264514532501707,1988,91,91,1.0,True,0.8007142857142853,10.722,4,2,15.782000000000002
westcoast_0223,crw_114,32.82500076293945,-118.5250015258789,2.7264514532501707,1989,90,90,1.0,True,-0.24785714285714328,0.0,0,0,15.782000000000002
westcoast_0223,crw_114,32.82500076293945,-118.5250015258789,2.7264514532501707,1990,90,90,1.0,True,1.1145714285714285,34.1905,16,7,15.782000000000002
westcoast_0223,crw_114,32.82500076293945,-118.5250015258789,2.7264514532501707,1991,90,90,1.0,True,0.7223571428571434,33.84700000000001,0,0,15.782000000000002
westcoast_0223,crw_114,32.82500076293945,-118.5250015258789,2.7264514532501707,1992,91,91,1.0,True,1.0634642857142858,49.18674999999999,18,6,15.782000000000002
westcoast_0223,crw_114,32.82500076293945,-118.5250015258789,2.7264514532501707,1993,90,90,1.0,True,1.263857142857143,46.84700000000001,16,15,15.782000000000002
westcoast_0223,crw_114,32.82500076293945,-118.5250015258789,2.7264514532501707,1994,90,90,1.0,True,0.8620000000000003,37.15199999999999,5,3,15.782000000000002
westcoast_0223,crw_114,32.82500076293945,-118.5250015258789,2.7264514532501707,1995,90,90,1.0,True,1.3933571428571436,49.06200000000001,20,11,15.782000000000002
westcoast_0223,crw_114,32.82500076293945,-118.5250015258789,2.7264514532501707,1996,91,91,1.0,True,1.8009285714285717,55.109750000000005,18,11,15.782000000000002
westcoast_0223,crw_114,32.82500076293945,-118.5250015258789,2.7264514532501707,1997,90,90,1.0,True,0.7335714285714283,14.150500000000003,2,2,15.782000000000002
westcoast_0223,crw_114,32.82500076293945,-118.5250015258789,2.7264514532501707,1998,90,90,1.0,True,1.8376428571428571,100.49900000000002,56,52,15.782000000000002
westcoast_0223,crw_114,32.82500076293945,-118.5250015258789,2.7264514532501707,1999,90,90,1.0,True,-0.5467142857142859,0.0,0,0,15.782000000000002
westcoast_0223,crw_114,32.82500076293945,-118.5250015258789,2.7264514532501707,2000,91,91,1.0,True,0.01057142857142855,0.9275000000000002,0,0,15.782000000000002
westcoast_0223,crw_114,32.82500076293945,-118.5250015258789,2.7264514532501707,2001,90,90,1.0,True,0.07364285714285732,0.8909999999999982,0,0,15.782000000000002
westcoast_0223,crw_114,32.82500076293945,-118.5250015258789,2.7264514532501707,2002,90,90,1.0,True,-0.326,0.03399999999999892,0,0,15.782000000000002
westcoast_0223,crw_114,32.82500076293945,-118.5250015258789,2.7264514532501707,2003,90,90,1.0,True,0.9392857142857144,39.321,4,2,15.782000000000002
westcoast_0223,crw_114,32.82500076293945,-118.5250015258789,2.7264514532501707,2004,91,91,1.0,True,0.17564285714285738,3.0725000000000016,0,0,15.782000000000002
westcoast_0223,crw_114,32.82500076293945,-118.5250015258789,2.7264514532501707,2005,90,90,1.0,True,0.5893571428571427,33.846,0,0,15.782000000000002
westcoast_0223,crw_114,32.82500076293945,-118.5250015258789,2.7264514532501707,2006,90,90,1.0,True,0.24178571428571413,1.692499999999999,0,0,15.782000000000002
westcoast_0223,crw_114,32.82500076293945,-118.5250015258789,2.7264514532501707,2007,90,90,1.0,True,0.12507142857142842,2.3735000000000017,0,0,15.782000000000002
westcoast_0223,crw_114,32.82500076293945,-118.5250015258789,2.7264514532501707,2008,91,91,1.0,True,-0.3485714285714285,0.09999999999999964,0,0,15.782000000000002
westcoast_0223,crw_114,32.82500076293945,-118.5250015258789,2.7264514532501707,2009,90,90,1.0,True,-0.24621428571428566,0.1385000000000005,0,0,15.782000000000002
westcoast_0223,crw_114,32.82500076293945,-118.5250015258789,2.7264514532501707,2010,90,90,1.0,True,0.9580714285714286,54.70550000000001,13,4,15.782000000000002
westcoast_0223,crw_114,32.82500076293945,-118.5250015258789,2.7264514532501707,2011,90,90,1.0,True,-0.007999999999999372,0.3570000000000011,0,0,15.782000000000002
westcoast_0223,crw_114,32.82500076293945,-118.5250015258789,2.7264514532501707,2012,91,91,1.0,True,0.025357142857142887,1.534500000000003,0,0,15.782000000000002
westcoast_0223,crw_114,32.82500076293945,-118.5250015258789,2.7264514532501707,2013,90,90,1.0,True,0.27071428571428513,2.0164999999999953,0,0,15.782000000000002
westcoast_0223,crw_114,32.82500076293945,-118.5250015258789,2.7264514532501707,2014,90,90,1.0,True,1.6627857142857143,81.7845,39,26,15.782000000000002
westcoast_0223,crw_114,32.82500076293945,-118.5250015258789,2.7264514532501707,2015,90,90,1.0,True,3.009285714285714,203.036,90,90,15.782000000000002
westcoast_0223,crw_114,32.82500076293945,-118.5250015258789,2.7264514532501707,2016,91,91,1.0,True,2.071678571428572,126.53825000000002,82,54,15.782000000000002
westcoast_0223,crw_114,32.82500076293945,-118.5250015258789,2.7264514532501707,2017,90,90,1.0,True,0.8077142857142859,38.910000000000004,4,2,15.782000000000002
westcoast_0223,crw_114,32.82500076293945,-118.5250015258789,2.7264514532501707,2018,90,90,1.0,True,1.5194285714285718,95.93600000000002,62,51,15.782000000000002
westcoast_0223,crw_114,32.82500076293945,-118.5250015258789,2.7264514532501707,2019,90,90,1.0,True,1.2904285714285717,54.2315,23,10,15.782000000000002
westcoast_0223,crw_114,32.82500076293945,-118.5250015258789,2.7264514532501707,2020,91,91,1.0,True,1.1097499999999998,41.40825000000001,10,4,15.782000000000002
westcoast_0223,crw_114,32.82500076293945,-118.5250015258789,2.7264514532501707,2021,90,90,1.0,True,0.03314285714285704,1.1030000000000015,0,0,15.782000000000002
westcoast_0223,crw_114,32.82500076293945,-118.5250015258789,2.7264514532501707,2022,90,90,1.0,True,1.0424285714285717,36.505,7,2,15.782000000000002
westcoast_0223,crw_114,32.82500076293945,-118.5250015258789,2.7264514532501707,2023,90,90,1.0,True,-0.05207142857142877,0.37299999999999933,0,0,15.782000000000002
westcoast_0223,crw_114,32.82500076293945,-118.5250015258789,2.7264514532501707,2024,91,90,0.989010989010989,True,1.0700000000000003,48.39625,15,6,15.782000000000002
westcoast_0224,crw_115,32.82500076293945,-118.4250030517578,2.869331043721996,1985,90,90,1.0,True,-0.024000000000000656,0.4009999999999998,0,0,15.83
westcoast_0224,crw_115,32.82500076293945,-118.4250030517578,2.869331043721996,1986,90,90,1.0,True,1.0698571428571437,42.451999999999984,8,5,15.83
westcoast_0224,crw_115,32.82500076293945,-118.4250030517578,2.869331043721996,1987,90,90,1.0,True,1.405428571428571,40.06649999999999,12,10,15.83
westcoast_0224,crw_115,32.82500076293945,-118.4250030517578,2.869331043721996,1988,91,91,1.0,True,0.8941428571428575,11.164499999999995,6,4,15.83
westcoast_0224,crw_115,32.82500076293945,-118.4250030517578,2.869331043721996,1989,90,90,1.0,True,-0.14014285714285687,0.15250000000000163,0,0,15.83
westcoast_0224,crw_115,32.82500076293945,-118.4250030517578,2.869331043721996,1990,90,90,1.0,True,1.1934285714285715,37.06249999999999,19,7,15.83
westcoast_0224,crw_115,32.82500076293945,-118.4250030517578,2.869331043721996,1991,90,90,1.0,True,0.6729285714285717,31.639499999999984,0,0,15.83
westcoast_0224,crw_115,32.82500076293945,-118.4250030517578,2.869331043721996,1992,91,91,1.0,True,1.0697142857142858,48.42599999999999,19,9,15.83
westcoast_0224,crw_115,32.82500076293945,-118.4250030517578,2.869331043721996,1993,90,90,1.0,True,1.1970000000000003,45.772499999999994,16,15,15.83
westcoast_0224,crw_115,32.82500076293945,-118.4250030517578,2.869331043721996,1994,90,90,1.0,True,0.787071428571429,33.27849999999998,3,2,15.83
westcoast_0224,crw_115,32.82500076293945,-118.4250030517578,2.869331043721996,1995,90,90,1.0,True,1.326,47.83399999999999,20,11,15.83
westcoast_0224,crw_115,32.82500076293945,-118.4250030517578,2.869331043721996,1996,91,91,1.0,True,1.7326428571428583,50.6165,14,9,15.83
westcoast_0224,crw_115,32.82500076293945,-118.4250030517578,2.869331043721996,1997,90,90,1.0,True,0.7855714285714289,16.928999999999988,2,2,15.83
westcoast_0224,crw_115,32.82500076293945,-118.4250030517578,2.869331043721996,1998,90,90,1.0,True,1.9182142857142863,104.34599999999999,58,45,15.83
westcoast_0224,crw_115,32.82500076293945,-118.4250030517578,2.869331043721996,1999,90,90,1.0,True,-0.5571428571428569,0.0,0,0,15.83
westcoast_0224,crw_115,32.82500076293945,-118.4250030517578,2.869331043721996,2000,91,91,1.0,True,0.05735714285714292,0.7764999999999969,0,0,15.83
westcoast_0224,crw_115,32.82500076293945,-118.4250030517578,2.869331043721996,2001,90,90,1.0,True,0.07492857142857114,0.9974999999999952,0,0,15.83
westcoast_0224,crw_115,32.82500076293945,-118.4250030517578,2.869331043721996,2002,90,90,1.0,True,-0.30578571428571494,0.17749999999999844,0,0,15.83
westcoast_0224,crw_115,32.82500076293945,-118.4250030517578,2.869331043721996,2003,90,90,1.0,True,0.9237857142857143,38.913499999999985,3,1,15.83
westcoast_0224,crw_115,32.82500076293945,-118.4250030517578,2.869331043721996,2004,91,91,1.0,True,0.2133571428571425,4.583999999999996,0,0,15.83
westcoast_0224,crw_115,32.82500076293945,-118.4250030517578,2.869331043721996,2005,90,90,1.0,True,0.617785714285714,36.89749999999997,0,0,15.83
westcoast_0224,crw_115,32.82500076293945,-118.4250030517578,2.869331043721996,2006,90,90,1.0,True,0.30378571428571455,2.182000000000002,0,0,15.83
westcoast_0224,crw_115,32.82500076293945,-118.4250030517578,2.869331043721996,2007,90,90,1.0,True,0.16042857142857134,2.7254999999999967,0,0,15.83
westcoast_0224,crw_115,32.82500076293945,-118.4250030517578,2.869331043721996,2008,91,91,1.0,True,-0.3197142857142862,0.1374999999999993,0,0,15.83
westcoast_0224,crw_115,32.82500076293945,-118.4250030517578,2.869331043721996,2009,90,90,1.0,True,-0.13192857142857178,0.20500000000000007,0,0,15.83
westcoast_0224,crw_115,32.82500076293945,-118.4250030517578,2.869331043721996,2010,90,90,1.0,True,0.9894285714285707,54.49349999999998,19,6,15.83
westcoast_0224,crw_115,32.82500076293945,-118.4250030517578,2.869331043721996,2011,90,90,1.0,True,-0.026500000000000665,0.327499999999997,0,0,15.83
westcoast_0224,crw_115,32.82500076293945,-118.4250030517578,2.869331043721996,2012,91,91,1.0,True,0.035142857142857205,1.4719999999999978,0,0,15.83
westcoast_0224,crw_115,32.82500076293945,-118.4250030517578,2.869331043721996,2013,90,90,1.0,True,0.32842857142857135,2.684499999999998,0,0,15.83
westcoast_0224,crw_115,32.82500076293945,-118.4250030517578,2.869331043721996,2014,90,90,1.0,True,1.687428571428571,87.60050000000001,46,29,15.83
westcoast_0224,crw_115,32.82500076293945,-118.4250030517578,2.869331043721996,2015,90,90,1.0,True,3.0712857142857146,200.35400000000004,90,90,15.83
westcoast_0224,crw_115,32.82500076293945,-118.4250030517578,2.869331043721996,2016,91,91,1.0,True,2.135785714285715,129.0995,81,53,15.83
westcoast_0224,crw_115,32.82500076293945,-118.4250030517578,2.869331043721996,2017,90,90,1.0,True,0.7620714285714278,39.375999999999976,4,2,15.83
westcoast_0224,crw_115,32.82500076293945,-118.4250030517578,2.869331043721996,2018,90,90,1.0,True,1.5908571428571434,97.82400000000001,62,51,15.83
westcoast_0224,crw_115,32.82500076293945,-118.4250030517578,2.869331043721996,2019,90,90,1.0,True,1.3099999999999994,54.983499999999985,24,9,15.83
westcoast_0224,crw_115,32.82500076293945,-118.4250030517578,2.869331043721996,2020,91,91,1.0,True,1.1682857142857146,46.57,12,3,15.83
westcoast_0224,crw_115,32.82500076293945,-118.4250030517578,2.869331043721996,2021,90,90,1.0,True,0.10485714285714184,1.6274999999999977,0,0,15.83
westcoast_0224,crw_115,32.82500076293945,-118.4250030517578,2.869331043721996,2022,90,90,1.0,True,1.1664285714285711,43.64199999999998,14,8,15.83
westcoast_0224,crw_115,32.82500076293945,-118.4250030517578,2.869331043721996,2023,90,90,1.0,True,-0.07385714285714277,0.4670000000000005,0,0,15.83
westcoast_0224,crw_115,32.82500076293945,-118.4250030517578,2.869331043721996,2024,91,90,0.989010989010989,True,1.1075714285714284,51.98249999999998,15,6,15.83
westcoast_0226,crw_116,32.82500076293945,-117.2750015258789,2.568667610294093,1985,90,90,1.0,True,-0.07821428571428639,0.18149999999999977,0,0,15.976000000000003
westcoast_0226,crw_116,32.82500076293945,-117.2750015258789,2.568667610294093,1986,90,90,1.0,True,1.3439999999999994,57.16649999999999,19,7,15.976000000000003
westcoast_0226,crw_116,32.82500076293945,-117.2750015258789,2.568667610294093,1987,90,90,1.0,True,1.2785000000000004,39.293000000000006,5,4,15.976000000000003
westcoast_0226,crw_116,32.82500076293945,-117.2750015258789,2.568667610294093,1988,91,91,1.0,True,1.3136428571428578,15.491000000000007,7,7,15.976000000000003
westcoast_0226,crw_116,32.82500076293945,-117.2750015258789,2.568667610294093,1989,90,90,1.0,True,0.3465000000000002,2.7050000000000036,0,0,15.976000000000003
westcoast_0226,crw_116,32.82500076293945,-117.2750015258789,2.568667610294093,1990,90,90,1.0,True,1.0947142857142855,28.45699999999999,6,5,15.976000000000003
westcoast_0226,crw_116,32.82500076293945,-117.2750015258789,2.568667610294093,1991,90,90,1.0,True,0.8539999999999998,31.452999999999992,0,0,15.976000000000003
westcoast_0226,crw_116,32.82500076293945,-117.2750015258789,2.568667610294093,1992,91,91,1.0,True,1.1356428571428576,44.57975000000001,16,11,15.976000000000003
westcoast_0226,crw_116,32.82500076293945,-117.2750015258789,2.568667610294093,1993,90,90,1.0,True,1.2721428571428575,50.9955,20,20,15.976000000000003
westcoast_0226,crw_116,32.82500076293945,-117.2750015258789,2.568667610294093,1994,90,90,1.0,True,0.6990714285714288,21.611499999999992,0,0,15.976000000000003
westcoast_0226,crw_116,32.82500076293945,-117.2750015258789,2.568667610294093,1995,90,90,1.0,True,1.4161428571428565,54.605,27,12,15.976000000000003
westcoast_0226,crw_116,32.82500076293945,-117.2750015258789,2.568667610294093,1996,91,91,1.0,True,0.8601428571428565,21.946749999999987,2,2,15.976000000000003
westcoast_0226,crw_116,32.82500076293945,-117.2750015258789,2.568667610294093,1997,90,90,1.0,True,0.8237857142857153,13.525500000000001,5,3,15.976000000000003
westcoast_0226,crw_116,32.82500076293945,-117.2750015258789,2.568667610294093,1998,90,90,1.0,True,2.6737857142857138,146.70850000000004,71,51,15.976000000000003
westcoast_0226,crw_116,32.82500076293945,-117.2750015258789,2.568667610294093,1999,90,90,1.0,True,-0.5598571428571432,0.0,0,0,15.976000000000003
westcoast_0226,crw_116,32.82500076293945,-117.2750015258789,2.568667610294093,2000,91,91,1.0,True,-0.11257142857142911,0.00549999999999784,0,0,15.976000000000003
westcoast_0226,crw_116,32.82500076293945,-117.2750015258789,2.568667610294093,2001,90,90,1.0,True,0.4128571428571427,8.200999999999995,0,0,15.976000000000003
westcoast_0226,crw_116,32.82500076293945,-117.2750015258789,2.568667610294093,2002,90,90,1.0,True,-0.08678571428571427,0.5589999999999993,0,0,15.976000000000003
westcoast_0226,crw_116,32.82500076293945,-117.2750015258789,2.568667610294093,2003,90,90,1.0,True,0.8825714285714279,38.86399999999998,0,0,15.976000000000003
westcoast_0226,crw_116,32.82500076293945,-117.2750015258789,2.568667610294093,2004,91,91,1.0,True,0.6518571428571427,12.532000000000004,3,3,15.976000000000003
westcoast_0226,crw_116,32.82500076293945,-117.2750015258789,2.568667610294093,2005,90,90,1.0,True,1.200714285714285,52.425999999999995,18,12,15.976000000000003
westcoast_0226,crw_116,32.82500076293945,-117.2750015258789,2.568667610294093,2006,90,90,1.0,True,0.2490714285714287,2.8934999999999977,0,0,15.976000000000003
westcoast_0226,crw_116,32.82500076293945,-117.2750015258789,2.568667610294093,2007,90,90,1.0,True,0.15121428571428527,2.200499999999998,0,0,15.976000000000003
westcoast_0226,crw_116,32.82500076293945,-117.2750015258789,2.568667610294093,2008,91,91,1.0,True,0.2751428571428572,2.497,0,0,15.976000000000003
westcoast_0226,crw_116,32.82500076293945,-117.2750015258789,2.568667610294093,2009,90,90,1.0,True,0.16228571428571467,3.0869999999999997,0,0,15.976000000000003
westcoast_0226,crw_116,32.82500076293945,-117.2750015258789,2.568667610294093,2010,90,90,1.0,True,0.8324999999999996,36.34949999999999,3,3,15.976000000000003
westcoast_0226,crw_116,32.82500076293945,-117.2750015258789,2.568667610294093,2011,90,90,1.0,True,-0.14678571428571402,0.0,0,0,15.976000000000003
westcoast_0226,crw_116,32.82500076293945,-117.2750015258789,2.568667610294093,2012,91,91,1.0,True,0.0303571428571424,0.5909999999999958,0,0,15.976000000000003
westcoast_0226,crw_116,32.82500076293945,-117.2750015258789,2.568667610294093,2013,90,90,1.0,True,0.5079285714285712,3.757999999999999,1,1,15.976000000000003
westcoast_0226,crw_116,32.82500076293945,-117.2750015258789,2.568667610294093,2014,90,90,1.0,True,2.1039285714285714,103.56850000000001,42,30,15.976000000000003
westcoast_0226,crw_116,32.82500076293945,-117.2750015258789,2.568667610294093,2015,90,90,1.0,True,3.2936428571428573,200.74850000000004,90,90,15.976000000000003
westcoast_0226,crw_116,32.82500076293945,-117.2750015258789,2.568667610294093,2016,91,91,1.0,True,2.410821428571429,130.36675000000002,69,44,15.976000000000003
westcoast_0226,crw_116,32.82500076293945,-117.2750015258789,2.568667610294093,2017,90,90,1.0,True,1.2267857142857148,39.4195,17,14,15.976000000000003
westcoast_0226,crw_116,32.82500076293945,-117.2750015258789,2.568667610294093,2018,90,90,1.0,True,1.6870714285714297,70.69800000000001,31,20,15.976000000000003
westcoast_0226,crw_116,32.82500076293945,-117.2750015258789,2.568667610294093,2019,90,90,1.0,True,1.051928571428571,42.44849999999998,0,0,15.976000000000003
westcoast_0226,crw_116,32.82500076293945,-117.2750015258789,2.568667610294093,2020,91,91,1.0,True,0.9393571428571439,60.89675,10,4,15.976000000000003
westcoast_0226,crw_116,32.82500076293945,-117.2750015258789,2.568667610294093,2021,90,90,1.0,True,0.38714285714285673,3.9679999999999893,1,1,15.976000000000003
westcoast_0226,crw_116,32.82500076293945,-117.2750015258789,2.568667610294093,2022,90,90,1.0,True,0.7822857142857149,37.54249999999999,8,3,15.976000000000003
westcoast_0226,crw_116,32.82500076293945,-117.2750015258789,2.568667610294093,2023,90,90,1.0,True,-0.01985714285714251,0.36350000000000193,0,0,15.976000000000003
westcoast_0226,crw_116,32.82500076293945,-117.2750015258789,2.568667610294093,2024,91,90,0.989010989010989,True,1.5051428571428571,57.14725,17,7,15.976000000000003
westcoast_0227,crw_117,32.724998474121094,-117.2750015258789,1.7877830042951477,1985,90,90,1.0,True,-0.055142857142857285,0.2734999999999985,0,0,15.97
westcoast_0227,crw_117,32.724998474121094,-117.2750015258789,1.7877830042951477,1986,90,90,1.0,True,1.3945000000000003,55.54549999999999,17,5,15.97
westcoast_0227,crw_117,32.724998474121094,-117.2750015258789,1.7877830042951477,1987,90,90,1.0,True,1.2682142857142853,44.16199999999999,9,4,15.97
westcoast_0227,crw_117,32.724998474121094,-117.2750015258789,1.7877830042951477,1988,91,91,1.0,True,1.3376428571428582,16.303999999999995,7,7,15.97
westcoast_0227,crw_117,32.724998474121094,-117.2750015258789,1.7877830042951477,1989,90,90,1.0,True,0.34192857142857214,2.5055000000000067,0,0,15.97
westcoast_0227,crw_117,32.724998474121094,-117.2750015258789,1.7877830042951477,1990,90,90,1.0,True,0.9807142857142852,28.096499999999992,3,1,15.97
westcoast_0227,crw_117,32.724998474121094,-117.2750015258789,1.7877830042951477,1991,90,90,1.0,True,0.8546428571428574,32.97249999999999,0,0,15.97
westcoast_0227,crw_117,32.724998474121094,-117.2750015258789,1.7877830042951477,1992,91,91,1.0,True,1.214071428571429,47.76525000000001,17,11,15.97
westcoast_0227,crw_117,32.724998474121094,-117.2750015258789,1.7877830042951477,1993,90,90,1.0,True,1.1276428571428578,48.724999999999994,15,12,15.97
westcoast_0227,crw_117,32.724998474121094,-117.2750015258789,1.7877830042951477,1994,90,90,1.0,True,0.6853571428571428,22.12049999999998,0,0,15.97
westcoast_0227,crw_117,32.724998474121094,-117.2750015258789,1.7877830042951477,1995,90,90,1.0,True,1.6117142857142852,59.93899999999999,28,12,15.97
westcoast_0227,crw_117,32.724998474121094,-117.2750015258789,1.7877830042951477,1996,91,91,1.0,True,0.8811428571428568,24.813249999999986,3,3,15.97
westcoast_0227,crw_117,32.724998474121094,-117.2750015258789,1.7877830042951477,1997,90,90,1.0,True,0.7640714285714295,9.246000000000008,4,3,15.97
westcoast_0227,crw_117,32.724998474121094,-117.2750015258789,1.7877830042951477,1998,90,90,1.0,True,2.7963571428571425,150.1475,73,51,15.97
westcoast_0227,crw_117,32.724998474121094,-117.2750015258789,1.7877830042951477,1999,90,90,1.0,True,-0.5376428571428568,0.0,0,0,15.97
westcoast_0227,crw_117,32.724998474121094,-117.2750015258789,1.7877830042951477,2000,91,91,1.0,True,-0.11121428571428561,0.008500000000001506,0,0,15.97
westcoast_0227,crw_117,32.724998474121094,-117.2750015258789,1.7877830042951477,2001,90,90,1.0,True,0.3924285714285717,7.847999999999995,0,0,15.97
westcoast_0227,crw_117,32.724998474121094,-117.2750015258789,1.7877830042951477,2002,90,90,1.0,True,-0.06535714285714254,0.7034999999999982,0,0,15.97
westcoast_0227,crw_117,32.724998474121094,-117.2750015258789,1.7877830042951477,2003,90,90,1.0,True,0.8330714285714284,34.83199999999998,1,1,15.97
westcoast_0227,crw_117,32.724998474121094,-117.2750015258789,1.7877830042951477,2004,91,91,1.0,True,0.6364999999999998,10.521499999999998,2,2,15.97
westcoast_0227,crw_117,32.724998474121094,-117.2750015258789,1.7877830042951477,2005,90,90,1.0,True,1.0369285714285716,50.65899999999999,12,5,15.97
westcoast_0227,crw_117,32.724998474121094,-117.2750015258789,1.7877830042951477,2006,90,90,1.0,True,-0.05785714285714302,0.9264999999999937,0,0,15.97
westcoast_0227,crw_117,32.724998474121094,-117.2750015258789,1.7877830042951477,2007,90,90,1.0,True,0.002928571428571201,0.8099999999999987,0,0,15.97
westcoast_0227,crw_117,32.724998474121094,-117.2750015258789,1.7877830042951477,2008,91,91,1.0,True,0.06835714285714266,1.0034999999999972,0,0,15.97
westcoast_0227,crw_117,32.724998474121094,-117.2750015258789,1.7877830042951477,2009,90,90,1.0,True,-0.00721428571428565,1.1234999999999982,0,0,15.97
westcoast_0227,crw_117,32.724998474121094,-117.2750015258789,1.7877830042951477,2010,90,90,1.0,True,0.7954285714285719,33.71649999999999,2,2,15.97
westcoast_0227,crw_117,32.724998474121094,-117.2750015258789,1.7877830042951477,2011,90,90,1.0,True,-0.2845714285714287,0.0,0,0,15.97
westcoast_0227,crw_117,32.724998474121094,-117.2750015258789,1.7877830042951477,2012,91,91,1.0,True,0.17678571428571388,1.3474999999999966,0,0,15.97
westcoast_0227,crw_117,32.724998474121094,-117.2750015258789,1.7877830042951477,2013,90,90,1.0,True,0.5419285714285722,3.933500000000004,1,1,15.97
westcoast_0227,crw_117,32.724998474121094,-117.2750015258789,1.7877830042951477,2014,90,90,1.0,True,2.1450714285714287,98.79750000000001,35,27,15.97
westcoast_0227,crw_117,32.724998474121094,-117.2750015258789,1.7877830042951477,2015,90,90,1.0,True,3.287642857142859,197.7275,90,90,15.97
westcoast_0227,crw_117,32.724998474121094,-117.2750015258789,1.7877830042951477,2016,91,91,1.0,True,2.329107142857142,126.59775,66,44,15.97
westcoast_0227,crw_117,32.724998474121094,-117.2750015258789,1.7877830042951477,2017,90,90,1.0,True,0.989785714285715,32.056499999999986,14,10,15.97
westcoast_0227,crw_117,32.724998474121094,-117.2750015258789,1.7877830042951477,2018,90,90,1.0,True,1.6239285714285707,67.5075,29,20,15.97
westcoast_0227,crw_117,32.724998474121094,-117.2750015258789,1.7877830042951477,2019,90,90,1.0,True,0.9678571428571429,37.790499999999994,0,0,15.97
westcoast_0227,crw_117,32.724998474121094,-117.2750015258789,1.7877830042951477,2020,91,91,1.0,True,0.9676428571428577,60.21775000000001,12,6,15.97
westcoast_0227,crw_117,32.724998474121094,-117.2750015258789,1.7877830042951477,2021,90,90,1.0,True,0.46528571428571447,3.999000000000004,1,1,15.97
westcoast_0227,crw_117,32.724998474121094,-117.2750015258789,1.7877830042951477,2022,90,90,1.0,True,0.7311428571428567,32.601,1,1,15.97
westcoast_0227,crw_117,32.724998474121094,-117.2750015258789,1.7877830042951477,2023,90,90,1.0,True,0.03928571428571358,0.42899999999999494,0,0,15.97
westcoast_0227,crw_117,32.724998474121094,-117.2750015258789,1.7877830042951477,2024,91,90,0.989010989010989,True,1.493571428571429,53.57624999999999,13,6,15.97
westcoast_0228,crw_118,32.625,-117.2750015258789,1.021207869695979,1985,90,90,1.0,True,-0.014000000000000614,0.7469999999999963,0,0,15.946000000000002
westcoast_0228,crw_118,32.625,-117.2750015258789,1.021207869695979,1986,90,90,1.0,True,1.4302857142857148,55.051500000000004,19,5,15.946000000000002
westcoast_0228,crw_118,32.625,-117.2750015258789,1.021207869695979,1987,90,90,1.0,True,1.259571428571429,44.729500000000016,8,4,15.946000000000002
westcoast_0228,crw_118,32.625,-117.2750015258789,1.021207869695979,1988,91,91,1.0,True,1.3881428571428565,17.720499999999987,8,7,15.946000000000002
westcoast_0228,crw_118,32.625,-117.2750015258789,1.021207869695979,1989,90,90,1.0,True,0.338142857142856,2.6484999999999896,0,0,15.946000000000002
westcoast_0228,crw_118,32.625,-117.2750015258789,1.021207869695979,1990,90,90,1.0,True,1.0041428571428572,30.132999999999996,7,3,15.946000000000002
westcoast_0228,crw_118,32.625,-117.2750015258789,1.021207869695979,1991,90,90,1.0,True,0.855000000000001,32.38950000000001,0,0,15.946000000000002
westcoast_0228,crw_118,32.625,-117.2750015258789,1.021207869695979,1992,91,91,1.0,True,1.2763571428571432,51.24475000000001,18,11,15.946000000000002
westcoast_0228,crw_118,32.625,-117.2750015258789,1.021207869695979,1993,90,90,1.0,True,1.0310000000000001,45.3905,8,5,15.946000000000002
westcoast_0228,crw_118,32.625,-117.2750015258789,1.021207869695979,1994,90,90,1.0,True,0.6508571428571427,22.604499999999994,0,0,15.946000000000002
westcoast_0228,crw_118,32.625,-117.2750015258789,1.021207869695979,1995,90,90,1.0,True,1.817142857142857,64.364,30,19,15.946000000000002
westcoast_0228,crw_118,32.625,-117.2750015258789,1.021207869695979,1996,91,91,1.0,True,0.8952857142857147,26.531250000000004,3,3,15.946000000000002
westcoast_0228,crw_118,32.625,-117.2750015258789,1.021207869695979,1997,90,90,1.0,True,0.7485714285714283,8.493499999999987,3,3,15.946000000000002
westcoast_0228,crw_118,32.625,-117.2750015258789,1.021207869695979,1998,90,90,1.0,True,2.8164285714285713,151.87900000000002,75,51,15.946000000000002
westcoast_0228,crw_118,32.625,-117.2750015258789,1.021207869695979,1999,90,90,1.0,True,-0.542214285714285,0.0,0,0,15.946000000000002
westcoast_0228,crw_118,32.625,-117.2750015258789,1.021207869695979,2000,91,91,1.0,True,-0.12578571428571372,0.0,0,0,15.946000000000002
westcoast_0228,crw_118,32.625,-117.2750015258789,1.021207869695979,2001,90,90,1.0,True,0.35992857142857176,7.4144999999999985,0,0,15.946000000000002
westcoast_0228,crw_118,32.625,-117.2750015258789,1.021207869695979,2002,90,90,1.0,True,-0.11071428571428525,0.6035000000000021,0,0,15.946000000000002
westcoast_0228,crw_118,32.625,-117.2750015258789,1.021207869695979,2003,90,90,1.0,True,0.8088571428571425,31.341000000000008,1,1,15.946000000000002
westcoast_0228,crw_118,32.625,-117.2750015258789,1.021207869695979,2004,91,91,1.0,True,0.6483571428571425,9.12249999999999,1,1,15.946000000000002
westcoast_0228,crw_118,32.625,-117.2750015258789,1.021207869695979,2005,90,90,1.0,True,1.0045,48.938500000000005,10,5,15.946000000000002
westcoast_0228,crw_118,32.625,-117.2750015258789,1.021207869695979,2006,90,90,1.0,True,-0.0937142857142863,0.31700000000000195,0,0,15.946000000000002
westcoast_0228,crw_118,32.625,-117.2750015258789,1.021207869695979,2007,90,90,1.0,True,-0.06900000000000008,0.40599999999999703,0,0,15.946000000000002
westcoast_0228,crw_118,32.625,-117.2750015258789,1.021207869695979,2008,91,91,1.0,True,-0.05242857142857181,0.5505000000000013,0,0,15.946000000000002
westcoast_0228,crw_118,32.625,-117.2750015258789,1.021207869695979,2009,90,90,1.0,True,-0.08435714285714242,0.47350000000000314,0,0,15.946000000000002
westcoast_0228,crw_118,32.625,-117.2750015258789,1.021207869695979,2010,90,90,1.0,True,0.7877857142857145,31.720000000000006,1,1,15.946000000000002
westcoast_0228,crw_118,32.625,-117.2750015258789,1.021207869695979,2011,90,90,1.0,True,-0.3390714285714283,0.0,0,0,15.946000000000002
westcoast_0228,crw_118,32.625,-117.2750015258789,1.021207869695979,2012,91,91,1.0,True,0.2714999999999999,2.0295000000000005,0,0,15.946000000000002
westcoast_0228,crw_118,32.625,-117.2750015258789,1.021207869695979,2013,90,90,1.0,True,0.5338571428571418,3.948499999999992,1,1,15.946000000000002
westcoast_0228,crw_118,32.625,-117.2750015258789,1.021207869695979,2014,90,90,1.0,True,2.1512142857142855,93.88900000000001,33,27,15.946000000000002
westcoast_0228,crw_118,32.625,-117.2750015258789,1.021207869695979,2015,90,90,1.0,True,3.283857142857143,193.78900000000004,90,90,15.946000000000002
westcoast_0228,crw_118,32.625,-117.2750015258789,1.021207869695979,2016,91,91,1.0,True,2.2708214285714288,121.98425,59,38,15.946000000000002
westcoast_0228,crw_118,32.625,-117.2750015258789,1.021207869695979,2017,90,90,1.0,True,0.9771428571428569,28.893,10,7,15.946000000000002
westcoast_0228,crw_118,32.625,-117.2750015258789,1.021207869695979,2018,90,90,1.0,True,1.5281428571428581,66.18150000000001,30,20,15.946000000000002
westcoast_0228,crw_118,32.625,-117.2750015258789,1.021207869695979,2019,90,90,1.0,True,0.8888571428571426,34.664500000000004,0,0,15.946000000000002
westcoast_0228,crw_118,32.625,-117.2750015258789,1.021207869695979,2020,91,91,1.0,True,1.0540714285714292,61.22425000000001,15,6,15.946000000000002
westcoast_0228,crw_118,32.625,-117.2750015258789,1.021207869695979,2021,90,90,1.0,True,0.5085000000000003,4.391500000000001,1,1,15.946000000000002
westcoast_0228,crw_118,32.625,-117.2750015258789,1.021207869695979,2022,90,90,1.0,True,0.7566428571428568,29.686,0,0,15.946000000000002
westcoast_0228,crw_118,32.625,-117.2750015258789,1.021207869695979,2023,90,90,1.0,True,0.060500000000000095,0.5350000000000019,0,0,15.946000000000002
westcoast_0228,crw_118,32.625,-117.2750015258789,1.021207869695979,2024,91,90,0.989010989010989,True,1.4998571428571428,51.96425000000001,14,7,15.946000000000002
westcoast_0229,crw_119,32.625,-117.1750030517578,1.2013426310789646,1985,90,90,1.0,True,-0.017857142857142603,0.5260000000000016,0,0,15.836000000000002
westcoast_0229,crw_119,32.625,-117.1750030517578,1.2013426310789646,1986,90,90,1.0,True,1.3920714285714282,54.703500000000005,23,22,15.836000000000002
westcoast_0229,crw_119,32.625,-117.1750030517578,1.2013426310789646,1987,90,90,1.0,True,1.2592857142857152,45.079000000000015,7,4,15.836000000000002
westcoast_0229,crw_119,32.625,-117.1750030517578,1.2013426310789646,1988,91,91,1.0,True,1.2706428571428574,16.64850000000001,9,7,15.836000000000002
westcoast_0229,crw_119,32.625,-117.1750030517578,1.2013426310789646,1989,90,90,1.0,True,0.3120714285714283,2.2194999999999983,0,0,15.836000000000002
westcoast_0229,crw_119,32.625,-117.1750030517578,1.2013426310789646,1990,90,90,1.0,True,0.9878571428571428,28.553500000000007,6,2,15.836000000000002
westcoast_0229,crw_119,32.625,-117.1750030517578,1.2013426310789646,1991,90,90,1.0,True,0.820428571428571,31.8335,0,0,15.836000000000002
westcoast_0229,crw_119,32.625,-117.1750030517578,1.2013426310789646,1992,91,91,1.0,True,1.2704999999999997,51.158249999999995,19,17,15.836000000000002
westcoast_0229,crw_119,32.625,-117.1750030517578,1.2013426310789646,1993,90,90,1.0,True,0.9792142857142855,44.0625,5,5,15.836000000000002
westcoast_0229,crw_119,32.625,-117.1750030517578,1.2013426310789646,1994,90,90,1.0,True,0.6182857142857144,22.6875,0,0,15.836000000000002
westcoast_0229,crw_119,32.625,-117.1750030517578,1.2013426310789646,1995,90,90,1.0,True,1.7360714285714292,62.936000000000014,30,19,15.836000000000002
westcoast_0229,crw_119,32.625,-117.1750030517578,1.2013426310789646,1996,91,91,1.0,True,0.8903571428571436,26.608250000000012,3,3,15.836000000000002
westcoast_0229,crw_119,32.625,-117.1750030517578,1.2013426310789646,1997,90,90,1.0,True,0.6595714285714285,7.621000000000006,1,1,15.836000000000002
westcoast_0229,crw_119,32.625,-117.1750030517578,1.2013426310789646,1998,90,90,1.0,True,2.682642857142858,148.111,78,52,15.836000000000002
westcoast_0229,crw_119,32.625,-117.1750030517578,1.2013426310789646,1999,90,90,1.0,True,-0.5290000000000001,0.0,0,0,15.836000000000002
westcoast_0229,crw_119,32.625,-117.1750030517578,1.2013426310789646,2000,91,91,1.0,True,-0.13185714285714287,0.0,0,0,15.836000000000002
westcoast_0229,crw_119,32.625,-117.1750030517578,1.2013426310789646,2001,90,90,1.0,True,0.35742857142857154,7.249000000000006,0,0,15.836000000000002
westcoast_0229,crw_119,32.625,-117.1750030517578,1.2013426310789646,2002,90,90,1.0,True,-0.15357142857142872,0.19299999999999962,0,0,15.836000000000002
westcoast_0229,crw_119,32.625,-117.1750030517578,1.2013426310789646,2003,90,90,1.0,True,0.6397142857142865,25.1235,0,0,15.836000000000002
westcoast_0229,crw_119,32.625,-117.1750030517578,1.2013426310789646,2004,91,91,1.0,True,0.6777857142857149,8.602000000000006,0,0,15.836000000000002
westcoast_0229,crw_119,32.625,-117.1750030517578,1.2013426310789646,2005,90,90,1.0,True,1.0271428571428571,48.49700000000001,12,5,15.836000000000002
westcoast_0229,crw_119,32.625,-117.1750030517578,1.2013426310789646,2006,90,90,1.0,True,-0.09500000000000013,0.38099999999999845,0,0,15.836000000000002
westcoast_0229,crw_119,32.625,-117.1750030517578,1.2013426310789646,2007,90,90,1.0,True,-0.047642857142857764,0.47399999999999665,0,0,15.836000000000002
westcoast_0229,crw_119,32.625,-117.1750030517578,1.2013426310789646,2008,91,91,1.0,True,-0.018214285714285645,0.709500000000002,0,0,15.836000000000002
westcoast_0229,crw_119,32.625,-117.1750030517578,1.2013426310789646,2009,90,90,1.0,True,-0.10464285714285713,0.3955000000000002,0,0,15.836000000000002
westcoast_0229,crw_119,32.625,-117.1750030517578,1.2013426310789646,2010,90,90,1.0,True,0.7855,31.013,0,0,15.836000000000002
westcoast_0229,crw_119,32.625,-117.1750030517578,1.2013426310789646,2011,90,90,1.0,True,-0.3148571428571432,0.0,0,0,15.836000000000002
westcoast_0229,crw_119,32.625,-117.1750030517578,1.2013426310789646,2012,91,91,1.0,True,0.331785714285714,2.4259999999999966,0,0,15.836000000000002
westcoast_0229,crw_119,32.625,-117.1750030517578,1.2013426310789646,2013,90,90,1.0,True,0.559214285714286,4.380000000000003,2,2,15.836000000000002
westcoast_0229,crw_119,32.625,-117.1750030517578,1.2013426310789646,2014,90,90,1.0,True,2.104928571428572,91.62100000000002,35,29,15.836000000000002
westcoast_0229,crw_119,32.625,-117.1750030517578,1.2013426310789646,2015,90,90,1.0,True,3.2977857142857148,190.25100000000006,90,90,15.836000000000002
westcoast_0229,crw_119,32.625,-117.1750030517578,1.2013426310789646,2016,91,91,1.0,True,2.219928571428572,119.63125000000001,63,38,15.836000000000002
westcoast_0229,crw_119,32.625,-117.1750030517578,1.2013426310789646,2017,90,90,1.0,True,1.0210000000000008,28.557500000000005,15,11,15.836000000000002
westcoast_0229,crw_119,32.625,-117.1750030517578,1.2013426310789646,2018,90,90,1.0,True,1.4622857142857144,65.22300000000001,30,12,15.836000000000002
westcoast_0229,crw_119,32.625,-117.1750030517578,1.2013426310789646,2019,90,90,1.0,True,0.8102857142857146,30.748000000000005,0,0,15.836000000000002
westcoast_0229,crw_119,32.625,-117.1750030517578,1.2013426310789646,2020,91,91,1.0,True,1.164785714285714,56.58125000000003,22,20,15.836000000000002
westcoast_0229,crw_119,32.625,-117.1750030517578,1.2013426310789646,2021,90,90,1.0,True,0.4332857142857147,3.405499999999998,1,1,15.836000000000002
westcoast_0229,crw_119,32.625,-117.1750030517578,1.2013426310789646,2022,90,90,1.0,True,0.6826428571428573,23.203500000000012,0,0,15.836000000000002
westcoast_0229,crw_119,32.625,-117.1750030517578,1.2013426310789646,2023,90,90,1.0,True,0.049642857142857925,0.5690000000000044,0,0,15.836000000000002
westcoast_0229,crw_119,32.625,-117.1750030517578,1.2013426310789646,2024,91,90,0.989010989010989,True,1.4264285714285716,54.062250000000006,24,9,15.836000000000002
westcoast_0230,crw_120,32.525001525878906,-117.1750030517578,0.7669143377809786,1985,90,90,1.0,True,0.017571428571428477,1.0300000000000047,0,0,15.86
westcoast_0230,crw_120,32.525001525878906,-117.1750030517578,0.7669143377809786,1986,90,90,1.0,True,1.4015714285714294,56.2715,16,7,15.86
westcoast_0230,crw_120,32.525001525878906,-117.1750030517578,0.7669143377809786,1987,90,90,1.0,True,1.2742857142857147,45.132999999999996,8,7,15.86
westcoast_0230,crw_120,32.525001525878906,-117.1750030517578,0.7669143377809786,1988,91,91,1.0,True,1.301785714285714,17.816,7,7,15.86
westcoast_0230,crw_120,32.525001525878906,-117.1750030517578,0.7669143377809786,1989,90,90,1.0,True,0.3589285714285708,2.757999999999994,0,0,15.86
westcoast_0230,crw_120,32.525001525878906,-117.1750030517578,0.7669143377809786,1990,90,90,1.0,True,1.024714285714286,32.1865,9,3,15.86
westcoast_0230,crw_120,32.525001525878906,-117.1750030517578,0.7669143377809786,1991,90,90,1.0,True,0.8316428571428569,29.973999999999997,0,0,15.86
westcoast_0230,crw_120,32.525001525878906,-117.1750030517578,0.7669143377809786,1992,91,91,1.0,True,1.2924999999999998,53.371500000000005,19,17,15.86
westcoast_0230,crw_120,32.525001525878906,-117.1750030517578,0.7669143377809786,1993,90,90,1.0,True,1.0017857142857147,45.364000000000004,8,5,15.86
westcoast_0230,crw_120,32.525001525878906,-117.1750030517578,0.7669143377809786,1994,90,90,1.0,True,0.5967857142857136,22.662500000000005,0,0,15.86
westcoast_0230,crw_120,32.525001525878906,-117.1750030517578,0.7669143377809786,1995,90,90,1.0,True,1.8415000000000006,63.682,29,19,15.86
westcoast_0230,crw_120,32.525001525878906,-117.1750030517578,0.7669143377809786,1996,91,91,1.0,True,0.8721428571428564,25.777499999999996,4,3,15.86
westcoast_0230,crw_120,32.525001525878906,-117.1750030517578,0.7669143377809786,1997,90,90,1.0,True,0.6755714285714277,8.392500000000002,0,0,15.86
westcoast_0230,crw_120,32.525001525878906,-117.1750030517578,0.7669143377809786,1998,90,90,1.0,True,2.7299285714285717,151.01650000000004,80,53,15.86
westcoast_0230,crw_120,32.525001525878906,-117.1750030517578,0.7669143377809786,1999,90,90,1.0,True,-0.5989285714285716,0.0,0,0,15.86
westcoast_0230,crw_120,32.525001525878906,-117.1750030517578,0.7669143377809786,2000,91,91,1.0,True,-0.11464285714285692,0.0,0,0,15.86
westcoast_0230,crw_120,32.525001525878906,-117.1750030517578,0.7669143377809786,2001,90,90,1.0,True,0.3957857142857141,7.087999999999997,0,0,15.86
westcoast_0230,crw_120,32.525001525878906,-117.1750030517578,0.7669143377809786,2002,90,90,1.0,True,-0.11221428571428607,0.1850000000000005,0,0,15.86
westcoast_0230,crw_120,32.525001525878906,-117.1750030517578,0.7669143377809786,2003,90,90,1.0,True,0.6975714285714284,26.808999999999997,0,0,15.86
westcoast_0230,crw_120,32.525001525878906,-117.1750030517578,0.7669143377809786,2004,91,91,1.0,True,0.6707857142857144,8.457500000000003,0,0,15.86
westcoast_0230,crw_120,32.525001525878906,-117.1750030517578,0.7669143377809786,2005,90,90,1.0,True,1.0131428571428576,48.698499999999996,9,6,15.86
westcoast_0230,crw_120,32.525001525878906,-117.1750030517578,0.7669143377809786,2006,90,90,1.0,True,-0.11285714285714274,0.3020000000000014,0,0,15.86
westcoast_0230,crw_120,32.525001525878906,-117.1750030517578,0.7669143377809786,2007,90,90,1.0,True,-0.07021428571428576,0.4364999999999988,0,0,15.86
westcoast_0230,crw_120,32.525001525878906,-117.1750030517578,0.7669143377809786,2008,91,91,1.0,True,-0.03399999999999968,0.7079999999999984,0,0,15.86
westcoast_0230,crw_120,32.525001525878906,-117.1750030517578,0.7669143377809786,2009,90,90,1.0,True,-0.021357142857143074,0.6780000000000008,0,0,15.86
westcoast_0230,crw_120,32.525001525878906,-117.1750030517578,0.7669143377809786,2010,90,90,1.0,True,0.8194999999999999,32.056,0,0,15.86
westcoast_0230,crw_120,32.525001525878906,-117.1750030517578,0.7669143377809786,2011,90,90,1.0,True,-0.32092857142857184,0.0,0,0,15.86
westcoast_0230,crw_120,32.525001525878906,-117.1750030517578,0.7669143377809786,2012,91,91,1.0,True,0.34057142857142814,2.4819999999999958,0,0,15.86
westcoast_0230,crw_120,32.525001525878906,-117.1750030517578,0.7669143377809786,2013,90,90,1.0,True,0.5189285714285712,4.141499999999997,2,2,15.86
westcoast_0230,crw_120,32.525001525878906,-117.1750030517578,0.7669143377809786,2014,90,90,1.0,True,2.0922142857142862,90.60650000000001,36,29,15.86
westcoast_0230,crw_120,32.525001525878906,-117.1750030517578,0.7669143377809786,2015,90,90,1.0,True,3.254642857142857,190.78650000000002,90,90,15.86
westcoast_0230,crw_120,32.525001525878906,-117.1750030517578,0.7669143377809786,2016,91,91,1.0,True,2.2245000000000013,118.2005,60,38,15.86
westcoast_0230,crw_120,32.525001525878906,-117.1750030517578,0.7669143377809786,2017,90,90,1.0,True,0.9855714285714284,27.69599999999999,11,7,15.86
westcoast_0230,crw_120,32.525001525878906,-117.1750030517578,0.7669143377809786,2018,90,90,1.0,True,1.499071428571428,66.086,29,20,15.86
westcoast_0230,crw_120,32.525001525878906,-117.1750030517578,0.7669143377809786,2019,90,90,1.0,True,0.8052142857142857,30.128999999999998,0,0,15.86
westcoast_0230,crw_120,32.525001525878906,-117.1750030517578,0.7669143377809786,2020,91,91,1.0,True,1.1826428571428576,58.93050000000001,21,10,15.86
westcoast_0230,crw_120,32.525001525878906,-117.1750030517578,0.7669143377809786,2021,90,90,1.0,True,0.4880714285714287,3.8040000000000003,1,1,15.86
westcoast_0230,crw_120,32.525001525878906,-117.1750030517578,0.7669143377809786,2022,90,90,1.0,True,0.7130000000000002,23.053500000000007,0,0,15.86
westcoast_0230,crw_120,32.525001525878906,-117.1750030517578,0.7669143377809786,2023,90,90,1.0,True,0.06250000000000051,0.7125000000000004,0,0,15.86
westcoast_0230,crw_120,32.525001525878906,-117.1750030517578,0.7669143377809786,2024,91,90,0.989010989010989,True,1.4935000000000003,52.04599999999999,18,7,15.86
westcoast_0233,crw_121,32.32500076293945,-117.2750015258789,1.6042612342327849,1985,90,90,1.0,True,-0.06028571428571462,0.2685000000000013,0,0,16.06
westcoast_0233,crw_121,32.32500076293945,-117.2750015258789,1.6042612342327849,1986,90,90,1.0,True,1.2521428571428586,53.05300000000001,12,2,16.06
westcoast_0233,crw_121,32.32500076293945,-117.2750015258789,1.6042612342327849,1987,90,90,1.0,True,1.1994285714285717,47.325,7,5,16.06
westcoast_0233,crw_121,32.32500076293945,-117.2750015258789,1.6042612342327849,1988,91,91,1.0,True,1.1160714285714293,17.066500000000005,7,7,16.06
westcoast_0233,crw_121,32.32500076293945,-117.2750015258789,1.6042612342327849,1989,90,90,1.0,True,0.5489285714285715,4.498999999999999,0,0,16.06
westcoast_0233,crw_121,32.32500076293945,-117.2750015258789,1.6042612342327849,1990,90,90,1.0,True,1.4386428571428578,39.247,17,6,16.06
westcoast_0233,crw_121,32.32500076293945,-117.2750015258789,1.6042612342327849,1991,90,90,1.0,True,0.8260714285714291,25.040000000000006,0,0,16.06
westcoast_0233,crw_121,32.32500076293945,-117.2750015258789,1.6042612342327849,1992,91,91,1.0,True,1.2572142857142858,54.40950000000001,17,11,16.06
westcoast_0233,crw_121,32.32500076293945,-117.2750015258789,1.6042612342327849,1993,90,90,1.0,True,1.2520714285714287,49.1315,16,16,16.06
westcoast_0233,crw_121,32.32500076293945,-117.2750015258789,1.6042612342327849,1994,90,90,1.0,True,0.6476428571428574,21.968500000000006,0,0,16.06
westcoast_0233,crw_121,32.32500076293945,-117.2750015258789,1.6042612342327849,1995,90,90,1.0,True,1.8190714285714296,58.19400000000002,19,12,16.06
westcoast_0233,crw_121,32.32500076293945,-117.2750015258789,1.6042612342327849,1996,91,91,1.0,True,0.7792142857142856,23.338500000000003,4,3,16.06
westcoast_0233,crw_121,32.32500076293945,-117.2750015258789,1.6042612342327849,1997,90,90,1.0,True,0.6240714285714287,10.612499999999999,1,1,16.06
westcoast_0233,crw_121,32.32500076293945,-117.2750015258789,1.6042612342327849,1998,90,90,1.0,True,2.8689999999999998,156.54000000000005,75,52,16.06
westcoast_0233,crw_121,32.32500076293945,-117.2750015258789,1.6042612342327849,1999,90,90,1.0,True,-0.8192142857142858,0.0,0,0,16.06
westcoast_0233,crw_121,32.32500076293945,-117.2750015258789,1.6042612342327849,2000,91,91,1.0,True,-0.03592857142857169,0.37199999999999633,0,0,16.06
westcoast_0233,crw_121,32.32500076293945,-117.2750015258789,1.6042612342327849,2001,90,90,1.0,True,0.4780714285714284,8.658499999999997,1,1,16.06
westcoast_0233,crw_121,32.32500076293945,-117.2750015258789,1.6042612342327849,2002,90,90,1.0,True,0.10085714285714305,1.1274999999999995,0,0,16.06
westcoast_0233,crw_121,32.32500076293945,-117.2750015258789,1.6042612342327849,2003,90,90,1.0,True,0.8001428571428567,32.67200000000001,1,1,16.06
westcoast_0233,crw_121,32.32500076293945,-117.2750015258789,1.6042612342327849,2004,91,91,1.0,True,0.4706428571428573,8.593000000000002,3,3,16.06
westcoast_0233,crw_121,32.32500076293945,-117.2750015258789,1.6042612342327849,2005,90,90,1.0,True,0.886,45.848,0,0,16.06
westcoast_0233,crw_121,32.32500076293945,-117.2750015258789,1.6042612342327849,2006,90,90,1.0,True,0.1289999999999998,1.2229999999999972,0,0,16.06
westcoast_0233,crw_121,32.32500076293945,-117.2750015258789,1.6042612342327849,2007,90,90,1.0,True,0.026142857142857374,1.0089999999999986,0,0,16.06
westcoast_0233,crw_121,32.32500076293945,-117.2750015258789,1.6042612342327849,2008,91,91,1.0,True,-0.13071428571428534,0.24049999999999727,0,0,16.06
westcoast_0233,crw_121,32.32500076293945,-117.2750015258789,1.6042612342327849,2009,90,90,1.0,True,0.09664285714285674,1.3404999999999951,0,0,16.06
westcoast_0233,crw_121,32.32500076293945,-117.2750015258789,1.6042612342327849,2010,90,90,1.0,True,0.868642857142858,37.87749999999999,2,2,16.06
westcoast_0233,crw_121,32.32500076293945,-117.2750015258789,1.6042612342327849,2011,90,90,1.0,True,-0.23949999999999935,0.0,0,0,16.06
westcoast_0233,crw_121,32.32500076293945,-117.2750015258789,1.6042612342327849,2012,91,91,1.0,True,0.39200000000000024,3.4814999999999987,0,0,16.06
westcoast_0233,crw_121,32.32500076293945,-117.2750015258789,1.6042612342327849,2013,90,90,1.0,True,0.47035714285714264,3.859,1,1,16.06
westcoast_0233,crw_121,32.32500076293945,-117.2750015258789,1.6042612342327849,2014,90,90,1.0,True,2.0192142857142854,93.57000000000001,35,26,16.06
westcoast_0233,crw_121,32.32500076293945,-117.2750015258789,1.6042612342327849,2015,90,90,1.0,True,3.244642857142858,193.58,90,90,16.06
westcoast_0233,crw_121,32.32500076293945,-117.2750015258789,1.6042612342327849,2016,91,91,1.0,True,2.1405000000000003,113.89650000000003,53,37,16.06
westcoast_0233,crw_121,32.32500076293945,-117.2750015258789,1.6042612342327849,2017,90,90,1.0,True,0.945785714285715,32.88300000000001,10,6,16.06
westcoast_0233,crw_121,32.32500076293945,-117.2750015258789,1.6042612342327849,2018,90,90,1.0,True,1.8242857142857143,77.06750000000001,32,22,16.06
westcoast_0233,crw_121,32.32500076293945,-117.2750015258789,1.6042612342327849,2019,90,90,1.0,True,0.8361428571428569,31.388499999999993,1,1,16.06
westcoast_0233,crw_121,32.32500076293945,-117.2750015258789,1.6042612342327849,2020,91,91,1.0,True,1.1592857142857145,67.73650000000002,16,7,16.06
westcoast_0233,crw_121,32.32500076293945,-117.2750015258789,1.6042612342327849,2021,90,90,1.0,True,0.7480714285714283,8.3125,1,1,16.06
westcoast_0233,crw_121,32.32500076293945,-117.2750015258789,1.6042612342327849,2022,90,90,1.0,True,0.8305000000000005,29.503500000000003,2,2,16.06
westcoast_0233,crw_121,32.32500076293945,-117.2750015258789,1.6042612342327849,2023,90,90,1.0,True,0.10735714285714312,1.4295000000000027,0,0,16.06
westcoast_0233,crw_121,32.32500076293945,-117.2750015258789,1.6042612342327849,2024,91,90,0.989010989010989,True,1.7747142857142861,53.5285,11,8,16.06
westcoast_0235,crw_122,32.224998474121094,-117.0749969482422,2.6385210050384997,1985,90,90,1.0,True,-0.0264285714285715,0.4330000000000016,0,0,15.966000000000003
westcoast_0235,crw_122,32.224998474121094,-117.0749969482422,2.6385210050384997,1986,90,90,1.0,True,1.1931428571428566,53.070499999999996,12,5,15.966000000000003
westcoast_0235,crw_122,32.224998474121094,-117.0749969482422,2.6385210050384997,1987,90,90,1.0,True,1.2137142857142853,47.21599999999999,11,7,15.966000000000003
westcoast_0235,crw_122,32.224998474121094,-117.0749969482422,2.6385210050384997,1988,91,91,1.0,True,0.923,15.090999999999996,7,7,15.966000000000003
westcoast_0235,crw_122,32.224998474121094,-117.0749969482422,2.6385210050384997,1989,90,90,1.0,True,0.42442857142857143,2.971,0,0,15.966000000000003
westcoast_0235,crw_122,32.224998474121094,-117.0749969482422,2.6385210050384997,1990,90,90,1.0,True,1.211928571428572,37.49749999999999,11,5,15.966000000000003
westcoast_0235,crw_122,32.224998474121094,-117.0749969482422,2.6385210050384997,1991,90,90,1.0,True,0.803214285714285,28.45299999999998,0,0,15.966000000000003
westcoast_0235,crw_122,32.224998474121094,-117.0749969482422,2.6385210050384997,1992,91,91,1.0,True,1.2060714285714293,62.314249999999994,20,11,15.966000000000003
westcoast_0235,crw_122,32.224998474121094,-117.0749969482422,2.6385210050384997,1993,90,90,1.0,True,1.7057857142857151,55.644499999999994,15,15,15.966000000000003
westcoast_0235,crw_122,32.224998474121094,-117.0749969482422,2.6385210050384997,1994,90,90,1.0,True,0.5670714285714278,22.95299999999998,0,0,15.966000000000003
westcoast_0235,crw_122,32.224998474121094,-117.0749969482422,2.6385210050384997,1995,90,90,1.0,True,1.7633571428571428,61.212999999999994,24,12,15.966000000000003
westcoast_0235,crw_122,32.224998474121094,-117.0749969482422,2.6385210050384997,1996,91,91,1.0,True,0.6768571428571428,18.17324999999999,3,3,15.966000000000003
westcoast_0235,crw_122,32.224998474121094,-117.0749969482422,2.6385210050384997,1997,90,90,1.0,True,0.26728571428571407,4.349999999999998,0,0,15.966000000000003
westcoast_0235,crw_122,32.224998474121094,-117.0749969482422,2.6385210050384997,1998,90,90,1.0,True,2.7740714285714287,156.524,75,53,15.966000000000003
westcoast_0235,crw_122,32.224998474121094,-117.0749969482422,2.6385210050384997,1999,90,90,1.0,True,-0.8500714285714286,0.0,0,0,15.966000000000003
westcoast_0235,crw_122,32.224998474121094,-117.0749969482422,2.6385210050384997,2000,91,91,1.0,True,-0.11821428571428504,0.0495000000000001,0,0,15.966000000000003
westcoast_0235,crw_122,32.224998474121094,-117.0749969482422,2.6385210050384997,2001,90,90,1.0,True,0.6372857142857143,12.683499999999995,1,1,15.966000000000003
westcoast_0235,crw_122,32.224998474121094,-117.0749969482422,2.6385210050384997,2002,90,90,1.0,True,0.2408571428571426,2.122499999999997,0,0,15.966000000000003
westcoast_0235,crw_122,32.224998474121094,-117.0749969482422,2.6385210050384997,2003,90,90,1.0,True,0.8228571428571421,28.532999999999987,0,0,15.966000000000003
westcoast_0235,crw_122,32.224998474121094,-117.0749969482422,2.6385210050384997,2004,91,91,1.0,True,0.5504999999999998,9.326999999999995,2,2,15.966000000000003
westcoast_0235,crw_122,32.224998474121094,-117.0749969482422,2.6385210050384997,2005,90,90,1.0,True,0.871071428571428,49.09599999999998,2,2,15.966000000000003
westcoast_0235,crw_122,32.224998474121094,-117.0749969482422,2.6385210050384997,2006,90,90,1.0,True,0.12028571428571334,1.7444999999999933,0,0,15.966000000000003
westcoast_0235,crw_122,32.224998474121094,-117.0749969482422,2.6385210050384997,2007,90,90,1.0,True,0.2768571428571424,2.2659999999999947,0,0,15.966000000000003
westcoast_0235,crw_122,32.224998474121094,-117.0749969482422,2.6385210050384997,2008,91,91,1.0,True,-0.41550000000000004,0.0,0,0,15.966000000000003
westcoast_0235,crw_122,32.224998474121094,-117.0749969482422,2.6385210050384997,2009,90,90,1.0,True,0.3479285714285716,3.4194999999999975,0,0,15.966000000000003
westcoast_0235,crw_122,32.224998474121094,-117.0749969482422,2.6385210050384997,2010,90,90,1.0,True,1.0559285714285707,43.84999999999999,10,6,15.966000000000003
westcoast_0235,crw_122,32.224998474121094,-117.0749969482422,2.6385210050384997,2011,90,90,1.0,True,-0.3224285714285724,0.0,0,0,15.966000000000003
westcoast_0235,crw_122,32.224998474121094,-117.0749969482422,2.6385210050384997,2012,91,91,1.0,True,0.19828571428571376,1.6339999999999968,0,0,15.966000000000003
westcoast_0235,crw_122,32.224998474121094,-117.0749969482422,2.6385210050384997,2013,90,90,1.0,True,0.37157142857142816,2.804499999999999,1,1,15.966000000000003
westcoast_0235,crw_122,32.224998474121094,-117.0749969482422,2.6385210050384997,2014,90,90,1.0,True,1.8879285714285718,94.83399999999999,39,29,15.966000000000003
westcoast_0235,crw_122,32.224998474121094,-117.0749969482422,2.6385210050384997,2015,90,90,1.0,True,3.1830000000000003,188.28400000000002,90,90,15.966000000000003
westcoast_0235,crw_122,32.224998474121094,-117.0749969482422,2.6385210050384997,2016,91,91,1.0,True,1.9950714285714282,113.77325,60,41,15.966000000000003
westcoast_0235,crw_122,32.224998474121094,-117.0749969482422,2.6385210050384997,2017,90,90,1.0,True,0.8614999999999997,28.15799999999998,10,6,15.966000000000003
westcoast_0235,crw_122,32.224998474121094,-117.0749969482422,2.6385210050384997,2018,90,90,1.0,True,1.8755000000000008,73.41099999999999,34,21,15.966000000000003
westcoast_0235,crw_122,32.224998474121094,-117.0749969482422,2.6385210050384997,2019,90,90,1.0,True,0.9877857142857144,32.68849999999999,1,1,15.966000000000003
westcoast_0235,crw_122,32.224998474121094,-117.0749969482422,2.6385210050384997,2020,91,91,1.0,True,1.2302142857142857,55.53324999999998,15,7,15.966000000000003
westcoast_0235,crw_122,32.224998474121094,-117.0749969482422,2.6385210050384997,2021,90,90,1.0,True,0.7978571428571423,9.65549999999999,0,0,15.966000000000003
westcoast_0235,crw_122,32.224998474121094,-117.0749969482422,2.6385210050384997,2022,90,90,1.0,True,0.6732857142857134,19.74199999999999,0,0,15.966000000000003
westcoast_0235,crw_122,32.224998474121094,-117.0749969482422,2.6385210050384997,2023,90,90,1.0,True,0.2197142857142855,3.060499999999994,0,0,15.966000000000003
westcoast_0235,crw_122,32.224998474121094,-117.0749969482422,2.6385210050384997,2024,91,90,0.989010989010989,True,1.866857142857143,56.435749999999985,11,8,15.966000000000003
westcoast_0236,crw_123,32.224998474121094,-116.9749984741211,2.7990651649236367,1985,90,90,1.0,True,-0.031928571428571875,0.17900000000000027,0,0,15.95
westcoast_0236,crw_123,32.224998474121094,-116.9749984741211,2.7990651649236367,1986,90,90,1.0,True,1.148142857142857,51.76950000000001,10,4,15.95
westcoast_0236,crw_123,32.224998474121094,-116.9749984741211,2.7990651649236367,1987,90,90,1.0,True,1.1990714285714283,45.62350000000001,8,6,15.95
westcoast_0236,crw_123,32.224998474121094,-116.9749984741211,2.7990651649236367,1988,91,91,1.0,True,0.9298571428571426,15.199999999999998,6,5,15.95
westcoast_0236,crw_123,32.224998474121094,-116.9749984741211,2.7990651649236367,1989,90,90,1.0,True,0.337,2.407499999999999,0,0,15.95
westcoast_0236,crw_123,32.224998474121094,-116.9749984741211,2.7990651649236367,1990,90,90,1.0,True,1.2216428571428577,34.557000000000016,10,5,15.95
westcoast_0236,crw_123,32.224998474121094,-116.9749984741211,2.7990651649236367,1991,90,90,1.0,True,0.7964285714285714,29.643499999999996,0,0,15.95
westcoast_0236,crw_123,32.224998474121094,-116.9749984741211,2.7990651649236367,1992,91,91,1.0,True,1.247571428571429,65.6165,23,13,15.95
westcoast_0236,crw_123,32.224998474121094,-116.9749984741211,2.7990651649236367,1993,90,90,1.0,True,1.511928571428571,53.83800000000001,15,15,15.95
westcoast_0236,crw_123,32.224998474121094,-116.9749984741211,2.7990651649236367,1994,90,90,1.0,True,0.5538571428571432,23.69449999999999,0,0,15.95
westcoast_0236,crw_123,32.224998474121094,-116.9749984741211,2.7990651649236367,1995,90,90,1.0,True,1.7204285714285719,61.0065,27,12,15.95
westcoast_0236,crw_123,32.224998474121094,-116.9749984741211,2.7990651649236367,1996,91,91,1.0,True,0.703071428571428,18.0435,2,2,15.95
westcoast_0236,crw_123,32.224998474121094,-116.9749984741211,2.7990651649236367,1997,90,90,1.0,True,0.2318571428571425,3.485999999999997,0,0,15.95
westcoast_0236,crw_123,32.224998474121094,-116.9749984741211,2.7990651649236367,1998,90,90,1.0,True,2.6694999999999993,152.33400000000006,75,53,15.95
westcoast_0236,crw_123,32.224998474121094,-116.9749984741211,2.7990651649236367,1999,90,90,1.0,True,-0.825642857142857,0.0,0,0,15.95
westcoast_0236,crw_123,32.224998474121094,-116.9749984741211,2.7990651649236367,2000,91,91,1.0,True,-0.09499999999999963,0.0470000000000006,0,0,15.95
westcoast_0236,crw_123,32.224998474121094,-116.9749984741211,2.7990651649236367,2001,90,90,1.0,True,0.6222857142857142,12.556499999999996,1,1,15.95
westcoast_0236,crw_123,32.224998474121094,-116.9749984741211,2.7990651649236367,2002,90,90,1.0,True,0.18399999999999953,1.4654999999999951,0,0,15.95
westcoast_0236,crw_123,32.224998474121094,-116.9749984741211,2.7990651649236367,2003,90,90,1.0,True,0.8843571428571428,29.54350000000001,0,0,15.95
westcoast_0236,crw_123,32.224998474121094,-116.9749984741211,2.7990651649236367,2004,91,91,1.0,True,0.5947142857142858,9.570499999999996,2,2,15.95
westcoast_0236,crw_123,32.224998474121094,-116.9749984741211,2.7990651649236367,2005,90,90,1.0,True,0.9234285714285713,51.287,5,4,15.95
westcoast_0236,crw_123,32.224998474121094,-116.9749984741211,2.7990651649236367,2006,90,90,1.0,True,0.17114285714285796,1.9310000000000098,0,0,15.95
westcoast_0236,crw_123,32.224998474121094,-116.9749984741211,2.7990651649236367,2007,90,90,1.0,True,0.38850000000000023,3.0229999999999997,0,0,15.95
westcoast_0236,crw_123,32.224998474121094,-116.9749984741211,2.7990651649236367,2008,91,91,1.0,True,-0.4732142857142865,0.0,0,0,15.95
westcoast_0236,crw_123,32.224998474121094,-116.9749984741211,2.7990651649236367,2009,90,90,1.0,True,0.40328571428571436,4.403499999999999,0,0,15.95
westcoast_0236,crw_123,32.224998474121094,-116.9749984741211,2.7990651649236367,2010,90,90,1.0,True,1.1304999999999998,46.27050000000001,13,9,15.95
westcoast_0236,crw_123,32.224998474121094,-116.9749984741211,2.7990651649236367,2011,90,90,1.0,True,-0.26757142857142846,0.0,0,0,15.95
westcoast_0236,crw_123,32.224998474121094,-116.9749984741211,2.7990651649236367,2012,91,91,1.0,True,0.16542857142857187,1.5935000000000024,0,0,15.95
westcoast_0236,crw_123,32.224998474121094,-116.9749984741211,2.7990651649236367,2013,90,90,1.0,True,0.33414285714285746,2.692000000000002,1,1,15.95
westcoast_0236,crw_123,32.224998474121094,-116.9749984741211,2.7990651649236367,2014,90,90,1.0,True,1.893500000000001,96.864,41,29,15.95
westcoast_0236,crw_123,32.224998474121094,-116.9749984741211,2.7990651649236367,2015,90,90,1.0,True,3.107,186.264,90,90,15.95
westcoast_0236,crw_123,32.224998474121094,-116.9749984741211,2.7990651649236367,2016,91,91,1.0,True,2.020928571428572,114.991,62,42,15.95
westcoast_0236,crw_123,32.224998474121094,-116.9749984741211,2.7990651649236367,2017,90,90,1.0,True,0.8695000000000002,26.634,7,3,15.95
westcoast_0236,crw_123,32.224998474121094,-116.9749984741211,2.7990651649236367,2018,90,90,1.0,True,1.8644999999999994,72.48950000000004,34,21,15.95
westcoast_0236,crw_123,32.224998474121094,-116.9749984741211,2.7990651649236367,2019,90,90,1.0,True,1.0267142857142855,32.586,0,0,15.95
westcoast_0236,crw_123,32.224998474121094,-116.9749984741211,2.7990651649236367,2020,91,91,1.0,True,1.2496428571428562,53.431,14,6,15.95
westcoast_0236,crw_123,32.224998474121094,-116.9749984741211,2.7990651649236367,2021,90,90,1.0,True,0.6907142857142858,8.553500000000003,0,0,15.95
westcoast_0236,crw_123,32.224998474121094,-116.9749984741211,2.7990651649236367,2022,90,90,1.0,True,0.6124285714285713,17.187000000000012,0,0,15.95
westcoast_0236,crw_123,32.224998474121094,-116.9749984741211,2.7990651649236367,2023,90,90,1.0,True,0.23992857142857155,3.096999999999996,0,0,15.95
westcoast_0236,crw_123,32.224998474121094,-116.9749984741211,2.7990651649236367,2024,91,90,0.989010989010989,True,1.8399285714285711,53.6845,11,8,15.95
westcoast_0237,crw_124,32.17499923706055,-116.9749984741211,2.7207821769427265,1985,90,90,1.0,True,-0.029428571428571613,0.17200000000000237,0,0,15.97
westcoast_0237,crw_124,32.17499923706055,-116.9749984741211,2.7207821769427265,1986,90,90,1.0,True,1.1252857142857138,50.72400000000002,7,2,15.97
westcoast_0237,crw_124,32.17499923706055,-116.9749984741211,2.7207821769427265,1987,90,90,1.0,True,1.201857142857143,45.10100000000002,9,7,15.97
westcoast_0237,crw_124,32.17499923706055,-116.9749984741211,2.7207821769427265,1988,91,91,1.0,True,0.9449285714285713,15.545499999999997,7,7,15.97
westcoast_0237,crw_124,32.17499923706055,-116.9749984741211,2.7207821769427265,1989,90,90,1.0,True,0.32207142857142784,2.3109999999999946,0,0,15.97
westcoast_0237,crw_124,32.17499923706055,-116.9749984741211,2.7207821769427265,1990,90,90,1.0,True,1.2589999999999997,34.346500000000006,10,5,15.97
westcoast_0237,crw_124,32.17499923706055,-116.9749984741211,2.7207821769427265,1991,90,90,1.0,True,0.8055000000000003,30.312000000000005,0,0,15.97
westcoast_0237,crw_124,32.17499923706055,-116.9749984741211,2.7207821769427265,1992,91,91,1.0,True,1.2705714285714282,67.48250000000002,25,19,15.97
westcoast_0237,crw_124,32.17499923706055,-116.9749984741211,2.7207821769427265,1993,90,90,1.0,True,1.4534285714285722,53.3535,15,15,15.97
westcoast_0237,crw_124,32.17499923706055,-116.9749984741211,2.7207821769427265,1994,90,90,1.0,True,0.5768571428571426,24.291999999999994,0,0,15.97
westcoast_0237,crw_124,32.17499923706055,-116.9749984741211,2.7207821769427265,1995,90,90,1.0,True,1.7301428571428574,61.39450000000001,27,12,15.97
westcoast_0237,crw_124,32.17499923706055,-116.9749984741211,2.7207821769427265,1996,91,91,1.0,True,0.7034285714285716,17.757500000000004,2,2,15.97
westcoast_0237,crw_124,32.17499923706055,-116.9749984741211,2.7207821769427265,1997,90,90,1.0,True,0.1812857142857143,3.040000000000001,0,0,15.97
westcoast_0237,crw_124,32.17499923706055,-116.9749984741211,2.7207821769427265,1998,90,90,1.0,True,2.6777142857142864,152.71050000000002,75,53,15.97
westcoast_0237,crw_124,32.17499923706055,-116.9749984741211,2.7207821769427265,1999,90,90,1.0,True,-0.8299999999999998,0.0,0,0,15.97
westcoast_0237,crw_124,32.17499923706055,-116.9749984741211,2.7207821769427265,2000,91,91,1.0,True,-0.08164285714285668,0.07599999999999874,0,0,15.97
westcoast_0237,crw_124,32.17499923706055,-116.9749984741211,2.7207821769427265,2001,90,90,1.0,True,0.6599285714285725,13.590000000000005,1,1,15.97
westcoast_0237,crw_124,32.17499923706055,-116.9749984741211,2.7207821769427265,2002,90,90,1.0,True,0.1725714285714291,1.3535000000000004,0,0,15.97
westcoast_0237,crw_124,32.17499923706055,-116.9749984741211,2.7207821769427265,2003,90,90,1.0,True,0.892214285714286,30.627000000000002,0,0,15.97
westcoast_0237,crw_124,32.17499923706055,-116.9749984741211,2.7207821769427265,2004,91,91,1.0,True,0.5772857142857141,9.542999999999992,2,2,15.97
westcoast_0237,crw_124,32.17499923706055,-116.9749984741211,2.7207821769427265,2005,90,90,1.0,True,0.9305714285714279,51.119,4,3,15.97
westcoast_0237,crw_124,32.17499923706055,-116.9749984741211,2.7207821769427265,2006,90,90,1.0,True,0.16071428571428573,1.7479999999999993,0,0,15.97
westcoast_0237,crw_124,32.17499923706055,-116.9749984741211,2.7207821769427265,2007,90,90,1.0,True,0.41300000000000026,3.221,0,0,15.97
westcoast_0237,crw_124,32.17499923706055,-116.9749984741211,2.7207821769427265,2008,91,91,1.0,True,-0.48600000000000015,0.0,0,0,15.97
westcoast_0237,crw_124,32.17499923706055,-116.9749984741211,2.7207821769427265,2009,90,90,1.0,True,0.40521428571428586,4.378000000000004,0,0,15.97
westcoast_0237,crw_124,32.17499923706055,-116.9749984741211,2.7207821769427265,2010,90,90,1.0,True,1.135642857142858,46.14800000000002,13,9,15.97
westcoast_0237,crw_124,32.17499923706055,-116.9749984741211,2.7207821769427265,2011,90,90,1.0,True,-0.26999999999999985,0.0,0,0,15.97
westcoast_0237,crw_124,32.17499923706055,-116.9749984741211,2.7207821769427265,2012,91,91,1.0,True,0.15442857142857136,1.5905000000000058,0,0,15.97
westcoast_0237,crw_124,32.17499923706055,-116.9749984741211,2.7207821769427265,2013,90,90,1.0,True,0.3106428571428564,2.5994999999999973,1,1,15.97
westcoast_0237,crw_124,32.17499923706055,-116.9749984741211,2.7207821769427265,2014,90,90,1.0,True,1.9031428571428575,97.18050000000002,42,29,15.97
westcoast_0237,crw_124,32.17499923706055,-116.9749984741211,2.7207821769427265,2015,90,90,1.0,True,3.0520714285714274,185.48050000000003,90,90,15.97
westcoast_0237,crw_124,32.17499923706055,-116.9749984741211,2.7207821769427265,2016,91,91,1.0,True,2.0200714285714283,114.86050000000003,62,42,15.97
westcoast_0237,crw_124,32.17499923706055,-116.9749984741211,2.7207821769427265,2017,90,90,1.0,True,0.8924285714285719,28.164500000000004,8,3,15.97
westcoast_0237,crw_124,32.17499923706055,-116.9749984741211,2.7207821769427265,2018,90,90,1.0,True,1.8620000000000005,74.05300000000003,35,21,15.97
westcoast_0237,crw_124,32.17499923706055,-116.9749984741211,2.7207821769427265,2019,90,90,1.0,True,1.0665,33.03850000000001,0,0,15.97
westcoast_0237,crw_124,32.17499923706055,-116.9749984741211,2.7207821769427265,2020,91,91,1.0,True,1.2297142857142855,53.62050000000001,13,6,15.97
westcoast_0237,crw_124,32.17499923706055,-116.9749984741211,2.7207821769427265,2021,90,90,1.0,True,0.6997142857142854,9.084500000000002,0,0,15.97
westcoast_0237,crw_124,32.17499923706055,-116.9749984741211,2.7207821769427265,2022,90,90,1.0,True,0.6128571428571432,17.760000000000005,0,0,15.97
westcoast_0237,crw_124,32.17499923706055,-116.9749984741211,2.7207821769427265,2023,90,90,1.0,True,0.24300000000000008,3.1729999999999983,0,0,15.97
westcoast_0237,crw_124,32.17499923706055,-116.9749984741211,2.7207821769427265,2024,91,90,0.989010989010989,True,1.8658571428571433,54.872000000000014,11,8,15.97
westcoast_0238,crw_125,32.125,-116.875,3.714669063100832,1985,90,90,1.0,True,0.0008571428571428896,0.3835000000000033,0,0,15.95
westcoast_0238,crw_125,32.125,-116.875,3.714669063100832,1986,90,90,1.0,True,1.044428571428572,47.18850000000001,6,2,15.95
westcoast_0238,crw_125,32.125,-116.875,3.714669063100832,1987,90,90,1.0,True,1.1835000000000002,43.151500000000006,8,6,15.95
westcoast_0238,crw_125,32.125,-116.875,3.714669063100832,1988,91,91,1.0,True,0.9595000000000008,16.3815,7,7,15.95
westcoast_0238,crw_125,32.125,-116.875,3.714669063100832,1989,90,90,1.0,True,0.26807142857142885,2.012500000000001,0,0,15.95
westcoast_0238,crw_125,32.125,-116.875,3.714669063100832,1990,90,90,1.0,True,1.2592857142857135,30.981,8,6,15.95
westcoast_0238,crw_125,32.125,-116.875,3.714669063100832,1991,90,90,1.0,True,0.8172142857142853,31.427500000000002,0,0,15.95
westcoast_0238,crw_125,32.125,-116.875,3.714669063100832,1992,91,91,1.0,True,1.3497142857142863,70.3845,27,19,15.95
westcoast_0238,crw_125,32.125,-116.875,3.714669063100832,1993,90,90,1.0,True,1.3595000000000013,50.4045,14,13,15.95
westcoast_0238,crw_125,32.125,-116.875,3.714669063100832,1994,90,90,1.0,True,0.5953571428571427,25.235,0,0,15.95
westcoast_0238,crw_125,32.125,-116.875,3.714669063100832,1995,90,90,1.0,True,1.7135714285714279,60.49250000000001,28,12,15.95
westcoast_0238,crw_125,32.125,-116.875,3.714669063100832,1996,91,91,1.0,True,0.7572142857142856,18.2765,3,3,15.95
westcoast_0238,crw_125,32.125,-116.875,3.714669063100832,1997,90,90,1.0,True,0.13828571428571454,2.154,0,0,15.95
westcoast_0238,crw_125,32.125,-116.875,3.714669063100832,1998,90,90,1.0,True,2.6252142857142866,150.38150000000005,75,53,15.95
westcoast_0238,crw_125,32.125,-116.875,3.714669063100832,1999,90,90,1.0,True,-0.8039285714285717,0.0,0,0,15.95
westcoast_0238,crw_125,32.125,-116.875,3.714669063100832,2000,91,91,1.0,True,-0.0970714285714287,0.026999999999999247,0,0,15.95
westcoast_0238,crw_125,32.125,-116.875,3.714669063100832,2001,90,90,1.0,True,0.6570714285714284,14.000500000000008,1,1,15.95
westcoast_0238,crw_125,32.125,-116.875,3.714669063100832,2002,90,90,1.0,True,0.0307142857142862,0.30950000000000344,0,0,15.95
westcoast_0238,crw_125,32.125,-116.875,3.714669063100832,2003,90,90,1.0,True,0.9185714285714285,31.786499999999993,0,0,15.95
westcoast_0238,crw_125,32.125,-116.875,3.714669063100832,2004,91,91,1.0,True,0.5778571428571423,9.63949999999999,2,2,15.95
westcoast_0238,crw_125,32.125,-116.875,3.714669063100832,2005,90,90,1.0,True,0.9902857142857133,51.713499999999996,7,4,15.95
westcoast_0238,crw_125,32.125,-116.875,3.714669063100832,2006,90,90,1.0,True,0.15907142857142859,1.5470000000000041,0,0,15.95
westcoast_0238,crw_125,32.125,-116.875,3.714669063100832,2007,90,90,1.0,True,0.47942857142857165,3.882999999999994,0,0,15.95
westcoast_0238,crw_125,32.125,-116.875,3.714669063100832,2008,91,91,1.0,True,-0.48692857142857243,0.0,0,0,15.95
westcoast_0238,crw_125,32.125,-116.875,3.714669063100832,2009,90,90,1.0,True,0.4164285714285708,4.687999999999992,0,0,15.95
westcoast_0238,crw_125,32.125,-116.875,3.714669063100832,2010,90,90,1.0,True,1.1663571428571433,47.23100000000001,15,14,15.95
westcoast_0238,crw_125,32.125,-116.875,3.714669063100832,2011,90,90,1.0,True,-0.2505000000000001,0.0,0,0,15.95
westcoast_0238,crw_125,32.125,-116.875,3.714669063100832,2012,91,91,1.0,True,0.15221428571428572,1.8389999999999986,0,0,15.95
westcoast_0238,crw_125,32.125,-116.875,3.714669063100832,2013,90,90,1.0,True,0.272357142857143,2.4959999999999987,0,0,15.95
westcoast_0238,crw_125,32.125,-116.875,3.714669063100832,2014,90,90,1.0,True,1.9369999999999996,98.9915,49,29,15.95
westcoast_0238,crw_125,32.125,-116.875,3.714669063100832,2015,90,90,1.0,True,2.916642857142857,184.19150000000005,90,90,15.95
westcoast_0238,crw_125,32.125,-116.875,3.714669063100832,2016,91,91,1.0,True,2.028071428571429,115.35400000000003,64,43,15.95
westcoast_0238,crw_125,32.125,-116.875,3.714669063100832,2017,90,90,1.0,True,0.9210714285714285,29.2925,8,3,15.95
westcoast_0238,crw_125,32.125,-116.875,3.714669063100832,2018,90,90,1.0,True,1.8500714285714295,75.79100000000001,35,21,15.95
westcoast_0238,crw_125,32.125,-116.875,3.714669063100832,2019,90,90,1.0,True,1.1122142857142858,32.777,2,2,15.95
westcoast_0238,crw_125,32.125,-116.875,3.714669063100832,2020,91,91,1.0,True,1.2239285714285717,51.78400000000001,14,7,15.95
westcoast_0238,crw_125,32.125,-116.875,3.714669063100832,2021,90,90,1.0,True,0.6004999999999997,8.644499999999999,0,0,15.95
westcoast_0238,crw_125,32.125,-116.875,3.714669063100832,2022,90,90,1.0,True,0.5431428571428568,16.000499999999988,0,0,15.95
westcoast_0238,crw_125,32.125,-116.875,3.714669063100832,2023,90,90,1.0,True,0.2380000000000003,3.142000000000005,0,0,15.95
westcoast_0238,crw_125,32.125,-116.875,3.714669063100832,2024,91,90,0.989010989010989,True,1.8879999999999997,55.028999999999996,12,8,15.95
westcoast_0239,crw_126,32.07500076293945,-116.875,2.2959220769810065,1985,90,90,1.0,True,0.028214285714285175,0.5324999999999989,0,0,15.97
westcoast_0239,crw_126,32.07500076293945,-116.875,2.2959220769810065,1986,90,90,1.0,True,1.0196428571428569,45.552499999999995,5,2,15.97
westcoast_0239,crw_126,32.07500076293945,-116.875,2.2959220769810065,1987,90,90,1.0,True,1.1914999999999996,42.17899999999999,9,8,15.97
westcoast_0239,crw_126,32.07500076293945,-116.875,2.2959220769810065,1988,91,91,1.0,True,0.9665000000000001,17.038999999999998,7,7,15.97
westcoast_0239,crw_126,32.07500076293945,-116.875,2.2959220769810065,1989,90,90,1.0,True,0.2593571428571429,1.959500000000002,0,0,15.97
westcoast_0239,crw_126,32.07500076293945,-116.875,2.2959220769810065,1990,90,90,1.0,True,1.2655,29.51299999999999,8,6,15.97
westcoast_0239,crw_126,32.07500076293945,-116.875,2.2959220769810065,1991,90,90,1.0,True,0.8382857142857135,32.05849999999998,0,0,15.97
westcoast_0239,crw_126,32.07500076293945,-116.875,2.2959220769810065,1992,91,91,1.0,True,1.390142857142857,72.08574999999999,29,19,15.97
westcoast_0239,crw_126,32.07500076293945,-116.875,2.2959220769810065,1993,90,90,1.0,True,1.340785714285714,49.505999999999986,13,13,15.97
westcoast_0239,crw_126,32.07500076293945,-116.875,2.2959220769810065,1994,90,90,1.0,True,0.6291428571428579,25.891,0,0,15.97
westcoast_0239,crw_126,32.07500076293945,-116.875,2.2959220769810065,1995,90,90,1.0,True,1.7257857142857147,60.503,27,12,15.97
westcoast_0239,crw_126,32.07500076293945,-116.875,2.2959220769810065,1996,91,91,1.0,True,0.7923571428571423,18.636499999999984,3,3,15.97
westcoast_0239,crw_126,32.07500076293945,-116.875,2.2959220769810065,1997,90,90,1.0,True,0.10014285714285671,1.7244999999999973,0,0,15.97
westcoast_0239,crw_126,32.07500076293945,-116.875,2.2959220769810065,1998,90,90,1.0,True,2.6559285714285714,151.53549999999998,75,53,15.97
westcoast_0239,crw_126,32.07500076293945,-116.875,2.2959220769810065,1999,90,90,1.0,True,-0.7960714285714285,0.0,0,0,15.97
westcoast_0239,crw_126,32.07500076293945,-116.875,2.2959220769810065,2000,91,91,1.0,True,-0.10457142857142873,0.0235000000000003,0,0,15.97
westcoast_0239,crw_126,32.07500076293945,-116.875,2.2959220769810065,2001,90,90,1.0,True,0.6807857142857137,14.683499999999986,1,1,15.97
westcoast_0239,crw_126,32.07500076293945,-116.875,2.2959220769810065,2002,90,90,1.0,True,-0.023357142857142982,0.23099999999999987,0,0,15.97
westcoast_0239,crw_126,32.07500076293945,-116.875,2.2959220769810065,2003,90,90,1.0,True,0.9391428571428566,32.78699999999999,0,0,15.97
westcoast_0239,crw_126,32.07500076293945,-116.875,2.2959220769810065,2004,91,91,1.0,True,0.5572142857142853,9.697,2,2,15.97
westcoast_0239,crw_126,32.07500076293945,-116.875,2.2959220769810065,2005,90,90,1.0,True,1.0048571428571424,51.641499999999986,7,3,15.97
westcoast_0239,crw_126,32.07500076293945,-116.875,2.2959220769810065,2006,90,90,1.0,True,0.15857142857142797,1.454499999999996,0,0,15.97
westcoast_0239,crw_126,32.07500076293945,-116.875,2.2959220769810065,2007,90,90,1.0,True,0.4767857142857138,4.022999999999991,0,0,15.97
westcoast_0239,crw_126,32.07500076293945,-116.875,2.2959220769810065,2008,91,91,1.0,True,-0.47928571428571437,0.0,0,0,15.97
westcoast_0239,crw_126,32.07500076293945,-116.875,2.2959220769810065,2009,90,90,1.0,True,0.4115714285714286,4.541000000000004,0,0,15.97
westcoast_0239,crw_126,32.07500076293945,-116.875,2.2959220769810065,2010,90,90,1.0,True,1.150071428571428,46.84899999999999,12,7,15.97
westcoast_0239,crw_126,32.07500076293945,-116.875,2.2959220769810065,2011,90,90,1.0,True,-0.27314285714285724,0.0,0,0,15.97
westcoast_0239,crw_126,32.07500076293945,-116.875,2.2959220769810065,2012,91,91,1.0,True,0.12700000000000042,1.829500000000003,0,0,15.97
westcoast_0239,crw_126,32.07500076293945,-116.875,2.2959220769810065,2013,90,90,1.0,True,0.2507857142857142,2.385500000000002,0,0,15.97
westcoast_0239,crw_126,32.07500076293945,-116.875,2.2959220769810065,2014,90,90,1.0,True,1.9534285714285713,99.9755,49,29,15.97
westcoast_0239,crw_126,32.07500076293945,-116.875,2.2959220769810065,2015,90,90,1.0,True,2.8293571428571433,183.3355,90,90,15.97
westcoast_0239,crw_126,32.07500076293945,-116.875,2.2959220769810065,2016,91,91,1.0,True,2.0297142857142862,115.43225,62,43,15.97
westcoast_0239,crw_126,32.07500076293945,-116.875,2.2959220769810065,2017,90,90,1.0,True,0.9463571428571426,31.52299999999999,9,3,15.97
westcoast_0239,crw_126,32.07500076293945,-116.875,2.2959220769810065,2018,90,90,1.0,True,1.9015714285714291,78.696,35,21,15.97
westcoast_0239,crw_126,32.07500076293945,-116.875,2.2959220769810065,2019,90,90,1.0,True,1.1605,33.63899999999999,3,3,15.97
westcoast_0239,crw_126,32.07500076293945,-116.875,2.2959220769810065,2020,91,91,1.0,True,1.2081428571428574,51.32224999999998,13,5,15.97
westcoast_0239,crw_126,32.07500076293945,-116.875,2.2959220769810065,2021,90,90,1.0,True,0.6153571428571425,9.408499999999993,0,0,15.97
westcoast_0239,crw_126,32.07500076293945,-116.875,2.2959220769810065,2022,90,90,1.0,True,0.5478571428571427,16.93199999999999,0,0,15.97
westcoast_0239,crw_126,32.07500076293945,-116.875,2.2959220769810065,2023,90,90,1.0,True,0.23392857142857107,3.223999999999993,0,0,15.97
westcoast_0239,crw_126,32.07500076293945,-116.875,2.2959220769810065,2024,91,90,0.989010989010989,True,1.931071428571428,57.257249999999985,12,8,15.97
westcoast_0240,crw_127,31.975000381469727,-116.875,1.877765796489522,1985,90,90,1.0,True,0.061642857142856604,0.7029999999999976,0,0,15.99
westcoast_0240,crw_127,31.975000381469727,-116.875,1.877765796489522,1986,90,90,1.0,True,0.9798571428571426,42.657499999999985,6,2,15.99
westcoast_0240,crw_127,31.975000381469727,-116.875,1.877765796489522,1987,90,90,1.0,True,1.1823571428571433,40.153499999999994,6,4,15.99
westcoast_0240,crw_127,31.975000381469727,-116.875,1.877765796489522,1988,91,91,1.0,True,0.9705714285714294,19.014500000000012,8,7,15.99
westcoast_0240,crw_127,31.975000381469727,-116.875,1.877765796489522,1989,90,90,1.0,True,0.27342857142857163,2.0505000000000013,0,0,15.99
westcoast_0240,crw_127,31.975000381469727,-116.875,1.877765796489522,1990,90,90,1.0,True,1.2249285714285718,24.866499999999988,7,5,15.99
westcoast_0240,crw_127,31.975000381469727,-116.875,1.877765796489522,1991,90,90,1.0,True,0.9047857142857144,34.149499999999996,0,0,15.99
westcoast_0240,crw_127,31.975000381469727,-116.875,1.877765796489522,1992,91,91,1.0,True,1.439785714285714,76.073,32,20,15.99
westcoast_0240,crw_127,31.975000381469727,-116.875,1.877765796489522,1993,90,90,1.0,True,1.3105714285714292,48.177499999999995,11,11,15.99
westcoast_0240,crw_127,31.975000381469727,-116.875,1.877765796489522,1994,90,90,1.0,True,0.7348571428571429,28.07099999999999,0,0,15.99
westcoast_0240,crw_127,31.975000381469727,-116.875,1.877765796489522,1995,90,90,1.0,True,1.7560714285714294,61.6935,28,12,15.99
westcoast_0240,crw_127,31.975000381469727,-116.875,1.877765796489522,1996,91,91,1.0,True,0.9256428571428559,20.833499999999987,4,4,15.99
westcoast_0240,crw_127,31.975000381469727,-116.875,1.877765796489522,1997,90,90,1.0,True,0.05521428571428518,1.5139999999999976,0,0,15.99
westcoast_0240,crw_127,31.975000381469727,-116.875,1.877765796489522,1998,90,90,1.0,True,2.749071428571427,155.25000000000003,74,54,15.99
westcoast_0240,crw_127,31.975000381469727,-116.875,1.877765796489522,1999,90,90,1.0,True,-0.7686428571428573,0.0,0,0,15.99
westcoast_0240,crw_127,31.975000381469727,-116.875,1.877765796489522,2000,91,91,1.0,True,-0.1480714285714286,0.0,0,0,15.99
westcoast_0240,crw_127,31.975000381469727,-116.875,1.877765796489522,2001,90,90,1.0,True,0.7294999999999993,15.60399999999999,1,1,15.99
westcoast_0240,crw_127,31.975000381469727,-116.875,1.877765796489522,2002,90,90,1.0,True,-0.01921428571428661,0.23499999999999588,0,0,15.99
westcoast_0240,crw_127,31.975000381469727,-116.875,1.877765796489522,2003,90,90,1.0,True,0.9310714285714283,31.86799999999999,0,0,15.99
westcoast_0240,crw_127,31.975000381469727,-116.875,1.877765796489522,2004,91,91,1.0,True,0.5236428571428579,9.377,2,2,15.99
westcoast_0240,crw_127,31.975000381469727,-116.875,1.877765796489522,2005,90,90,1.0,True,0.993214285714286,50.93049999999998,5,3,15.99
westcoast_0240,crw_127,31.975000381469727,-116.875,1.877765796489522,2006,90,90,1.0,True,0.2650714285714277,2.0184999999999924,0,0,15.99
westcoast_0240,crw_127,31.975000381469727,-116.875,1.877765796489522,2007,90,90,1.0,True,0.4173571428571426,4.002499999999998,0,0,15.99
westcoast_0240,crw_127,31.975000381469727,-116.875,1.877765796489522,2008,91,91,1.0,True,-0.43957142857142834,0.0,0,0,15.99
westcoast_0240,crw_127,31.975000381469727,-116.875,1.877765796489522,2009,90,90,1.0,True,0.358214285714286,3.8794999999999984,0,0,15.99
westcoast_0240,crw_127,31.975000381469727,-116.875,1.877765796489522,2010,90,90,1.0,True,1.0280714285714285,46.0265,8,2,15.99
westcoast_0240,crw_127,31.975000381469727,-116.875,1.877765796489522,2011,90,90,1.0,True,-0.4413571428571427,0.0,0,0,15.99
westcoast_0240,crw_127,31.975000381469727,-116.875,1.877765796489522,2012,91,91,1.0,True,0.26478571428571407,2.5439999999999934,0,0,15.99
westcoast_0240,crw_127,31.975000381469727,-116.875,1.877765796489522,2013,90,90,1.0,True,0.18200000000000013,1.5980000000000008,0,0,15.99
westcoast_0240,crw_127,31.975000381469727,-116.875,1.877765796489522,2014,90,90,1.0,True,1.9575714285714287,104.38,45,29,15.99
westcoast_0240,crw_127,31.975000381469727,-116.875,1.877765796489522,2015,90,90,1.0,True,2.5905714285714287,180.36000000000004,90,90,15.99
westcoast_0240,crw_127,31.975000381469727,-116.875,1.877765796489522,2016,91,91,1.0,True,2.0470000000000006,116.20900000000002,61,34,15.99
westcoast_0240,crw_127,31.975000381469727,-116.875,1.877765796489522,2017,90,90,1.0,True,0.9681428571428581,33.641999999999996,8,6,15.99
westcoast_0240,crw_127,31.975000381469727,-116.875,1.877765796489522,2018,90,90,1.0,True,1.9613571428571421,84.111,36,21,15.99
westcoast_0240,crw_127,31.975000381469727,-116.875,1.877765796489522,2019,90,90,1.0,True,1.2042142857142857,34.69749999999999,4,3,15.99
westcoast_0240,crw_127,31.975000381469727,-116.875,1.877765796489522,2020,91,91,1.0,True,1.1887142857142858,49.788999999999994,13,7,15.99
westcoast_0240,crw_127,31.975000381469727,-116.875,1.877765796489522,2021,90,90,1.0,True,0.6023571428571436,9.9555,0,0,15.99
westcoast_0240,crw_127,31.975000381469727,-116.875,1.877765796489522,2022,90,90,1.0,True,0.5589285714285711,17.86,0,0,15.99
westcoast_0240,crw_127,31.975000381469727,-116.875,1.877765796489522,2023,90,90,1.0,True,0.23735714285714213,3.3474999999999913,0,0,15.99
westcoast_0240,crw_127,31.975000381469727,-116.875,1.877765796489522,2024,91,90,0.989010989010989,True,1.9745000000000001,58.6695,13,9,15.99
westcoast_0241,crw_128,31.975000381469727,-116.7750015258789,2.208260400738992,1985,90,90,1.0,True,0.09992857142857149,0.9399999999999977,0,0,15.93
westcoast_0241,crw_128,31.975000381469727,-116.7750015258789,2.208260400738992,1986,90,90,1.0,True,0.9446428571428572,40.728000000000016,5,2,15.93
westcoast_0241,crw_128,31.975000381469727,-116.7750015258789,2.208260400738992,1987,90,90,1.0,True,1.1182857142857148,39.34200000000001,6,4,15.93
westcoast_0241,crw_128,31.975000381469727,-116.7750015258789,2.208260400738992,1988,91,91,1.0,True,0.9630000000000002,19.443000000000012,8,7,15.93
westcoast_0241,crw_128,31.975000381469727,-116.7750015258789,2.208260400738992,1989,90,90,1.0,True,0.2415714285714287,1.8675000000000015,0,0,15.93
westcoast_0241,crw_128,31.975000381469727,-116.7750015258789,2.208260400738992,1990,90,90,1.0,True,1.1208571428571428,23.047500000000007,6,3,15.93
westcoast_0241,crw_128,31.975000381469727,-116.7750015258789,2.208260400738992,1991,90,90,1.0,True,0.8737142857142864,34.58600000000001,0,0,15.93
westcoast_0241,crw_128,31.975000381469727,-116.7750015258789,2.208260400738992,1992,91,91,1.0,True,1.4565000000000006,77.04875000000003,33,20,15.93
westcoast_0241,crw_128,31.975000381469727,-116.7750015258789,2.208260400738992,1993,90,90,1.0,True,1.2630000000000003,46.900500000000015,10,5,15.93
westcoast_0241,crw_128,31.975000381469727,-116.7750015258789,2.208260400738992,1994,90,90,1.0,True,0.7246428571428574,28.916000000000004,0,0,15.93
westcoast_0241,crw_128,31.975000381469727,-116.7750015258789,2.208260400738992,1995,90,90,1.0,True,1.7339285714285724,63.192500000000024,28,12,15.93
westcoast_0241,crw_128,31.975000381469727,-116.7750015258789,2.208260400738992,1996,91,91,1.0,True,0.9245714285714287,22.578750000000007,4,4,15.93
westcoast_0241,crw_128,31.975000381469727,-116.7750015258789,2.208260400738992,1997,90,90,1.0,True,0.062214285714285875,1.4600000000000009,0,0,15.93
westcoast_0241,crw_128,31.975000381469727,-116.7750015258789,2.208260400738992,1998,90,90,1.0,True,2.6803571428571433,153.63350000000003,76,54,15.93
westcoast_0241,crw_128,31.975000381469727,-116.7750015258789,2.208260400738992,1999,90,90,1.0,True,-0.7219285714285709,0.0,0,0,15.93
westcoast_0241,crw_128,31.975000381469727,-116.7750015258789,2.208260400738992,2000,91,91,1.0,True,-0.17199999999999985,0.0,0,0,15.93
westcoast_0241,crw_128,31.975000381469727,-116.7750015258789,2.208260400738992,2001,90,90,1.0,True,0.6766428571428568,14.145000000000001,1,1,15.93
westcoast_0241,crw_128,31.975000381469727,-116.7750015258789,2.208260400738992,2002,90,90,1.0,True,-0.05964285714285695,0.11100000000000243,0,0,15.93
westcoast_0241,crw_128,31.975000381469727,-116.7750015258789,2.208260400738992,2003,90,90,1.0,True,0.9072142857142863,29.338000000000008,0,0,15.93
westcoast_0241,crw_128,31.975000381469727,-116.7750015258789,2.208260400738992,2004,91,91,1.0,True,0.5422142857142858,9.386000000000005,2,2,15.93
westcoast_0241,crw_128,31.975000381469727,-116.7750015258789,2.208260400738992,2005,90,90,1.0,True,0.9396428571428574,51.678500000000014,6,3,15.93
westcoast_0241,crw_128,31.975000381469727,-116.7750015258789,2.208260400738992,2006,90,90,1.0,True,0.3647857142857142,2.812999999999997,0,0,15.93
westcoast_0241,crw_128,31.975000381469727,-116.7750015258789,2.208260400738992,2007,90,90,1.0,True,0.3827857142857144,3.9370000000000047,0,0,15.93
westcoast_0241,crw_128,31.975000381469727,-116.7750015258789,2.208260400738992,2008,91,91,1.0,True,-0.40928571428571353,0.0,0,0,15.93
westcoast_0241,crw_128,31.975000381469727,-116.7750015258789,2.208260400738992,2009,90,90,1.0,True,0.3402142857142856,3.8035000000000014,0,0,15.93
westcoast_0241,crw_128,31.975000381469727,-116.7750015258789,2.208260400738992,2010,90,90,1.0,True,0.979928571428571,48.06100000000001,5,1,15.93
westcoast_0241,crw_128,31.975000381469727,-116.7750015258789,2.208260400738992,2011,90,90,1.0,True,-0.4577142857142853,0.0,0,0,15.93
westcoast_0241,crw_128,31.975000381469727,-116.7750015258789,2.208260400738992,2012,91,91,1.0,True,0.43964285714285695,3.785499999999999,0,0,15.93
westcoast_0241,crw_128,31.975000381469727,-116.7750015258789,2.208260400738992,2013,90,90,1.0,True,0.15014285714285766,1.323500000000001,0,0,15.93
westcoast_0241,crw_128,31.975000381469727,-116.7750015258789,2.208260400738992,2014,90,90,1.0,True,1.9621428571428587,108.97350000000004,52,29,15.93
westcoast_0241,crw_128,31.975000381469727,-116.7750015258789,2.208260400738992,2015,90,90,1.0,True,2.445857142857143,179.37350000000004,90,90,15.93
westcoast_0241,crw_128,31.975000381469727,-116.7750015258789,2.208260400738992,2016,91,91,1.0,True,2.135464285714286,117.97925000000004,64,34,15.93
westcoast_0241,crw_128,31.975000381469727,-116.7750015258789,2.208260400738992,2017,90,90,1.0,True,0.9484285714285708,30.084000000000014,7,7,15.93
westcoast_0241,crw_128,31.975000381469727,-116.7750015258789,2.208260400738992,2018,90,90,1.0,True,1.9574285714285709,83.01400000000002,36,21,15.93
westcoast_0241,crw_128,31.975000381469727,-116.7750015258789,2.208260400738992,2019,90,90,1.0,True,1.1811428571428573,33.0295,4,3,15.93
westcoast_0241,crw_128,31.975000381469727,-116.7750015258789,2.208260400738992,2020,91,91,1.0,True,1.1972142857142853,47.323750000000004,15,7,15.93
westcoast_0241,crw_128,31.975000381469727,-116.7750015258789,2.208260400738992,2021,90,90,1.0,True,0.5222857142857149,8.849000000000009,0,0,15.93
westcoast_0241,crw_128,31.975000381469727,-116.7750015258789,2.208260400738992,2022,90,90,1.0,True,0.573714285714286,16.348500000000012,0,0,15.93
westcoast_0241,crw_128,31.975000381469727,-116.7750015258789,2.208260400738992,2023,90,90,1.0,True,0.2599285714285716,3.6600000000000037,0,0,15.93
westcoast_0241,crw_128,31.975000381469727,-116.7750015258789,2.208260400738992,2024,91,90,0.989010989010989,True,1.972785714285715,55.10775000000001,9,8,15.93
westcoast_0243,crw_129,31.875,-116.7750015258789,2.1642469809178686,1985,90,90,1.0,True,0.1008571428571433,1.0229999999999997,0,0,15.95
westcoast_0243,crw_129,31.875,-116.7750015258789,2.1642469809178686,1986,90,90,1.0,True,0.9327857142857136,39.95399999999999,4,2,15.95
westcoast_0243,crw_129,31.875,-116.7750015258789,2.1642469809178686,1987,90,90,1.0,True,1.1079285714285716,37.818000000000005,5,4,15.95
westcoast_0243,crw_129,31.875,-116.7750015258789,2.1642469809178686,1988,91,91,1.0,True,0.910928571428571,20.276999999999997,8,7,15.95
westcoast_0243,crw_129,31.875,-116.7750015258789,2.1642469809178686,1989,90,90,1.0,True,0.24378571428571405,1.8909999999999982,0,0,15.95
westcoast_0243,crw_129,31.875,-116.7750015258789,2.1642469809178686,1990,90,90,1.0,True,1.0847142857142855,21.6325,6,3,15.95
westcoast_0243,crw_129,31.875,-116.7750015258789,2.1642469809178686,1991,90,90,1.0,True,0.8718571428571423,35.81400000000001,0,0,15.95
westcoast_0243,crw_129,31.875,-116.7750015258789,2.1642469809178686,1992,91,91,1.0,True,1.417785714285715,78.93925000000002,35,13,15.95
westcoast_0243,crw_129,31.875,-116.7750015258789,2.1642469809178686,1993,90,90,1.0,True,1.2895000000000005,46.191,8,5,15.95
westcoast_0243,crw_129,31.875,-116.7750015258789,2.1642469809178686,1994,90,90,1.0,True,0.750571428571429,29.640500000000003,0,0,15.95
westcoast_0243,crw_129,31.875,-116.7750015258789,2.1642469809178686,1995,90,90,1.0,True,1.7454285714285722,64.72800000000001,29,12,15.95
westcoast_0243,crw_129,31.875,-116.7750015258789,2.1642469809178686,1996,91,91,1.0,True,0.9754999999999993,23.958750000000006,4,4,15.95
westcoast_0243,crw_129,31.875,-116.7750015258789,2.1642469809178686,1997,90,90,1.0,True,0.06585714285714264,1.895999999999992,0,0,15.95
westcoast_0243,crw_129,31.875,-116.7750015258789,2.1642469809178686,1998,90,90,1.0,True,2.7104285714285723,155.356,75,54,15.95
westcoast_0243,crw_129,31.875,-116.7750015258789,2.1642469809178686,1999,90,90,1.0,True,-0.7122857142857139,0.0,0,0,15.95
westcoast_0243,crw_129,31.875,-116.7750015258789,2.1642469809178686,2000,91,91,1.0,True,-0.24528571428571513,0.0,0,0,15.95
westcoast_0243,crw_129,31.875,-116.7750015258789,2.1642469809178686,2001,90,90,1.0,True,0.7130000000000002,13.850500000000006,1,1,15.95
westcoast_0243,crw_129,31.875,-116.7750015258789,2.1642469809178686,2002,90,90,1.0,True,-0.04771428571428541,0.16350000000000264,0,0,15.95
westcoast_0243,crw_129,31.875,-116.7750015258789,2.1642469809178686,2003,90,90,1.0,True,0.9148571428571426,29.7175,0,0,15.95
westcoast_0243,crw_129,31.875,-116.7750015258789,2.1642469809178686,2004,91,91,1.0,True,0.5562142857142857,9.377499999999998,2,2,15.95
westcoast_0243,crw_129,31.875,-116.7750015258789,2.1642469809178686,2005,90,90,1.0,True,0.9897142857142855,51.6085,7,3,15.95
westcoast_0243,crw_129,31.875,-116.7750015258789,2.1642469809178686,2006,90,90,1.0,True,0.37535714285714256,2.9069999999999983,0,0,15.95
westcoast_0243,crw_129,31.875,-116.7750015258789,2.1642469809178686,2007,90,90,1.0,True,0.2637142857142865,3.3625000000000043,0,0,15.95
westcoast_0243,crw_129,31.875,-116.7750015258789,2.1642469809178686,2008,91,91,1.0,True,-0.3401428571428579,0.0,0,0,15.95
westcoast_0243,crw_129,31.875,-116.7750015258789,2.1642469809178686,2009,90,90,1.0,True,0.34642857142857103,3.715,0,0,15.95
westcoast_0243,crw_129,31.875,-116.7750015258789,2.1642469809178686,2010,90,90,1.0,True,0.9344285714285713,48.18099999999999,1,1,15.95
westcoast_0243,crw_129,31.875,-116.7750015258789,2.1642469809178686,2011,90,90,1.0,True,-0.41664285714285676,0.0,0,0,15.95
westcoast_0243,crw_129,31.875,-116.7750015258789,2.1642469809178686,2012,91,91,1.0,True,0.4959285714285723,4.144500000000006,0,0,15.95
westcoast_0243,crw_129,31.875,-116.7750015258789,2.1642469809178686,2013,90,90,1.0,True,0.1409285714285711,1.1844999999999999,0,0,15.95
westcoast_0243,crw_129,31.875,-116.7750015258789,2.1642469809178686,2014,90,90,1.0,True,2.0092857142857152,110.40600000000003,49,29,15.95
westcoast_0243,crw_129,31.875,-116.7750015258789,2.1642469809178686,2015,90,90,1.0,True,2.516428571428572,180.26600000000002,90,90,15.95
westcoast_0243,crw_129,31.875,-116.7750015258789,2.1642469809178686,2016,91,91,1.0,True,2.2098214285714297,120.90525000000001,65,34,15.95
westcoast_0243,crw_129,31.875,-116.7750015258789,2.1642469809178686,2017,90,90,1.0,True,1.0116428571428568,35.5155,12,6,15.95
westcoast_0243,crw_129,31.875,-116.7750015258789,2.1642469809178686,2018,90,90,1.0,True,1.9094999999999998,85.20299999999999,39,21,15.95
westcoast_0243,crw_129,31.875,-116.7750015258789,2.1642469809178686,2019,90,90,1.0,True,1.1297142857142857,31.811499999999995,2,1,15.95
westcoast_0243,crw_129,31.875,-116.7750015258789,2.1642469809178686,2020,91,91,1.0,True,1.2715714285714292,51.89525000000002,15,7,15.95
westcoast_0243,crw_129,31.875,-116.7750015258789,2.1642469809178686,2021,90,90,1.0,True,0.4435000000000005,9.308500000000008,0,0,15.95
westcoast_0243,crw_129,31.875,-116.7750015258789,2.1642469809178686,2022,90,90,1.0,True,0.6615714285714284,19.373500000000003,0,0,15.95
westcoast_0243,crw_129,31.875,-116.7750015258789,2.1642469809178686,2023,90,90,1.0,True,0.2627142857142858,3.5425000000000075,0,0,15.95
westcoast_0243,crw_129,31.875,-116.7750015258789,2.1642469809178686,2024,91,90,0.989010989010989,True,2.015142857142858,58.35674999999999,11,9,15.95
westcoast_0244,crw_130,31.875,-116.6750030517578,2.504772473522103,1985,90,90,1.0,True,0.13821428571428587,1.186,0,0,15.91
westcoast_0244,crw_130,31.875,-116.6750030517578,2.504772473522103,1986,90,90,1.0,True,0.8862142857142865,38.1555,4,2,15.91
westcoast_0244,crw_130,31.875,-116.6750030517578,2.504772473522103,1987,90,90,1.0,True,1.0639285714285716,35.53999999999999,3,2,15.91
westcoast_0244,crw_130,31.875,-116.6750030517578,2.504772473522103,1988,91,91,1.0,True,0.8517142857142854,18.94099999999999,10,7,15.91
westcoast_0244,crw_130,31.875,-116.6750030517578,2.504772473522103,1989,90,90,1.0,True,0.1759999999999999,1.4879999999999995,0,0,15.91
westcoast_0244,crw_130,31.875,-116.6750030517578,2.504772473522103,1990,90,90,1.0,True,1.0009999999999994,21.044499999999992,6,3,15.91
westcoast_0244,crw_130,31.875,-116.6750030517578,2.504772473522103,1991,90,90,1.0,True,0.7805714285714289,35.01649999999999,0,0,15.91
westcoast_0244,crw_130,31.875,-116.6750030517578,2.504772473522103,1992,91,91,1.0,True,1.3490714285714278,77.2245,32,13,15.91
westcoast_0244,crw_130,31.875,-116.6750030517578,2.504772473522103,1993,90,90,1.0,True,1.207428571428572,44.0945,10,5,15.91
westcoast_0244,crw_130,31.875,-116.6750030517578,2.504772473522103,1994,90,90,1.0,True,0.721071428571429,29.144999999999996,0,0,15.91
westcoast_0244,crw_130,31.875,-116.6750030517578,2.504772473522103,1995,90,90,1.0,True,1.695571428571429,65.038,29,12,15.91
westcoast_0244,crw_130,31.875,-116.6750030517578,2.504772473522103,1996,91,91,1.0,True,0.9399285714285716,25.254000000000005,3,3,15.91
westcoast_0244,crw_130,31.875,-116.6750030517578,2.504772473522103,1997,90,90,1.0,True,0.09842857142857168,2.444499999999996,0,0,15.91
westcoast_0244,crw_130,31.875,-116.6750030517578,2.504772473522103,1998,90,90,1.0,True,2.6222857142857143,151.39250000000004,78,61,15.91
westcoast_0244,crw_130,31.875,-116.6750030517578,2.504772473522103,1999,90,90,1.0,True,-0.6665714285714286,0.0,0,0,15.91
westcoast_0244,crw_130,31.875,-116.6750030517578,2.504772473522103,2000,91,91,1.0,True,-0.2751428571428569,0.0,0,0,15.91
westcoast_0244,crw_130,31.875,-116.6750030517578,2.504772473522103,2001,90,90,1.0,True,0.6727142857142849,11.835499999999993,1,1,15.91
westcoast_0244,crw_130,31.875,-116.6750030517578,2.504772473522103,2002,90,90,1.0,True,-0.03464285714285685,0.18900000000000183,0,0,15.91
westcoast_0244,crw_130,31.875,-116.6750030517578,2.504772473522103,2003,90,90,1.0,True,0.8964285714285715,29.98549999999999,0,0,15.91
westcoast_0244,crw_130,31.875,-116.6750030517578,2.504772473522103,2004,91,91,1.0,True,0.5355714285714284,9.000500000000004,2,2,15.91
westcoast_0244,crw_130,31.875,-116.6750030517578,2.504772473522103,2005,90,90,1.0,True,1.0641428571428573,51.0865,11,5,15.91
westcoast_0244,crw_130,31.875,-116.6750030517578,2.504772473522103,2006,90,90,1.0,True,0.3738571428571427,2.8755000000000006,0,0,15.91
westcoast_0244,crw_130,31.875,-116.6750030517578,2.504772473522103,2007,90,90,1.0,True,0.14414285714285693,2.639999999999997,0,0,15.91
westcoast_0244,crw_130,31.875,-116.6750030517578,2.504772473522103,2008,91,91,1.0,True,-0.2915000000000002,0.0,0,0,15.91
westcoast_0244,crw_130,31.875,-116.6750030517578,2.504772473522103,2009,90,90,1.0,True,0.38978571428571407,4.332999999999993,0,0,15.91
westcoast_0244,crw_130,31.875,-116.6750030517578,2.504772473522103,2010,90,90,1.0,True,0.9700714285714283,48.46800000000001,3,2,15.91
westcoast_0244,crw_130,31.875,-116.6750030517578,2.504772473522103,2011,90,90,1.0,True,-0.3825714285714287,0.0,0,0,15.91
westcoast_0244,crw_130,31.875,-116.6750030517578,2.504772473522103,2012,91,91,1.0,True,0.5295000000000003,4.3969999999999985,0,0,15.91
westcoast_0244,crw_130,31.875,-116.6750030517578,2.504772473522103,2013,90,90,1.0,True,0.143142857142857,1.2355,0,0,15.91
westcoast_0244,crw_130,31.875,-116.6750030517578,2.504772473522103,2014,90,90,1.0,True,2.0568571428571425,112.20250000000003,51,29,15.91
westcoast_0244,crw_130,31.875,-116.6750030517578,2.504772473522103,2015,90,90,1.0,True,2.6136428571428567,182.2825,90,90,15.91
westcoast_0244,crw_130,31.875,-116.6750030517578,2.504772473522103,2016,91,91,1.0,True,2.2600000000000002,124.56050000000002,67,52,15.91
westcoast_0244,crw_130,31.875,-116.6750030517578,2.504772473522103,2017,90,90,1.0,True,1.3012857142857146,40.8775,14,14,15.91
westcoast_0244,crw_130,31.875,-116.6750030517578,2.504772473522103,2018,90,90,1.0,True,1.8172857142857146,84.21450000000002,41,21,15.91
westcoast_0244,crw_130,31.875,-116.6750030517578,2.504772473522103,2019,90,90,1.0,True,1.0112857142857143,29.624999999999996,1,1,15.91
westcoast_0244,crw_130,31.875,-116.6750030517578,2.504772473522103,2020,91,91,1.0,True,1.3593571428571423,55.27049999999999,23,21,15.91
westcoast_0244,crw_130,31.875,-116.6750030517578,2.504772473522103,2021,90,90,1.0,True,0.3428571428571429,9.291500000000001,0,0,15.91
westcoast_0244,crw_130,31.875,-116.6750030517578,2.504772473522103,2022,90,90,1.0,True,0.7820714285714284,24.22749999999999,1,1,15.91
westcoast_0244,crw_130,31.875,-116.6750030517578,2.504772473522103,2023,90,90,1.0,True,0.26671428571428585,2.9915000000000003,0,0,15.91
westcoast_0244,crw_130,31.875,-116.6750030517578,2.504772473522103,2024,91,90,0.989010989010989,True,2.005357142857143,60.859999999999985,13,9,15.91
westcoast_0246,crw_131,31.774999618530277,-116.7750015258789,2.468809609736329,1985,90,90,1.0,True,0.05442857142857248,1.2100000000000026,0,0,15.99
westcoast_0246,crw_131,31.774999618530277,-116.7750015258789,2.468809609736329,1986,90,90,1.0,True,0.9275714285714282,40.7625,4,2,15.99
westcoast_0246,crw_131,31.774999618530277,-116.7750015258789,2.468809609736329,1987,90,90,1.0,True,1.0592857142857142,36.135000000000005,2,2,15.99
westcoast_0246,crw_131,31.774999618530277,-116.7750015258789,2.468809609736329,1988,91,91,1.0,True,0.8553571428571419,20.401,8,7,15.99
westcoast_0246,crw_131,31.774999618530277,-116.7750015258789,2.468809609736329,1989,90,90,1.0,True,0.27171428571428613,2.071500000000002,0,0,15.99
westcoast_0246,crw_131,31.774999618530277,-116.7750015258789,2.468809609736329,1990,90,90,1.0,True,1.078,21.183,6,3,15.99
westcoast_0246,crw_131,31.774999618530277,-116.7750015258789,2.468809609736329,1991,90,90,1.0,True,0.8909285714285708,38.146,2,2,15.99
westcoast_0246,crw_131,31.774999618530277,-116.7750015258789,2.468809609736329,1992,91,91,1.0,True,1.4275000000000002,79.79575,34,13,15.99
westcoast_0246,crw_131,31.774999618530277,-116.7750015258789,2.468809609736329,1993,90,90,1.0,True,1.3031428571428576,45.58049999999999,6,5,15.99
westcoast_0246,crw_131,31.774999618530277,-116.7750015258789,2.468809609736329,1994,90,90,1.0,True,0.8005714285714285,29.923499999999997,1,1,15.99
westcoast_0246,crw_131,31.774999618530277,-116.7750015258789,2.468809609736329,1995,90,90,1.0,True,1.756785714285714,64.57050000000001,28,11,15.99
westcoast_0246,crw_131,31.774999618530277,-116.7750015258789,2.468809609736329,1996,91,91,1.0,True,0.9675000000000006,24.79475,3,3,15.99
westcoast_0246,crw_131,31.774999618530277,-116.7750015258789,2.468809609736329,1997,90,90,1.0,True,0.12642857142857192,2.2995000000000108,0,0,15.99
westcoast_0246,crw_131,31.774999618530277,-116.7750015258789,2.468809609736329,1998,90,90,1.0,True,2.769285714285715,157.22500000000002,75,60,15.99
westcoast_0246,crw_131,31.774999618530277,-116.7750015258789,2.468809609736329,1999,90,90,1.0,True,-0.7284285714285714,0.0,0,0,15.99
westcoast_0246,crw_131,31.774999618530277,-116.7750015258789,2.468809609736329,2000,91,91,1.0,True,-0.35435714285714354,0.0,0,0,15.99
westcoast_0246,crw_131,31.774999618530277,-116.7750015258789,2.468809609736329,2001,90,90,1.0,True,0.7313571428571419,13.758500000000002,2,2,15.99
westcoast_0246,crw_131,31.774999618530277,-116.7750015258789,2.468809609736329,2002,90,90,1.0,True,-0.0741428571428564,0.12100000000000222,0,0,15.99
westcoast_0246,crw_131,31.774999618530277,-116.7750015258789,2.468809609736329,2003,90,90,1.0,True,0.9305000000000001,31.128999999999998,0,0,15.99
westcoast_0246,crw_131,31.774999618530277,-116.7750015258789,2.468809609736329,2004,91,91,1.0,True,0.5514285714285708,9.299999999999999,2,2,15.99
westcoast_0246,crw_131,31.774999618530277,-116.7750015258789,2.468809609736329,2005,90,90,1.0,True,0.9824999999999992,50.345,4,3,15.99
westcoast_0246,crw_131,31.774999618530277,-116.7750015258789,2.468809609736329,2006,90,90,1.0,True,0.3692142857142855,2.845499999999996,0,0,15.99
westcoast_0246,crw_131,31.774999618530277,-116.7750015258789,2.468809609736329,2007,90,90,1.0,True,0.1385714285714279,2.3904999999999976,0,0,15.99
westcoast_0246,crw_131,31.774999618530277,-116.7750015258789,2.468809609736329,2008,91,91,1.0,True,-0.292071428571429,0.0,0,0,15.99
westcoast_0246,crw_131,31.774999618530277,-116.7750015258789,2.468809609736329,2009,90,90,1.0,True,0.3802142857142857,3.968499999999997,0,0,15.99
westcoast_0246,crw_131,31.774999618530277,-116.7750015258789,2.468809609736329,2010,90,90,1.0,True,0.9090714285714283,46.3385,0,0,15.99
westcoast_0246,crw_131,31.774999618530277,-116.7750015258789,2.468809609736329,2011,90,90,1.0,True,-0.3694999999999999,0.0,0,0,15.99
westcoast_0246,crw_131,31.774999618530277,-116.7750015258789,2.468809609736329,2012,91,91,1.0,True,0.4825714285714281,4.124499999999998,0,0,15.99
westcoast_0246,crw_131,31.774999618530277,-116.7750015258789,2.468809609736329,2013,90,90,1.0,True,0.12028571428571462,0.9010000000000016,0,0,15.99
westcoast_0246,crw_131,31.774999618530277,-116.7750015258789,2.468809609736329,2014,90,90,1.0,True,2.0189999999999992,108.725,46,29,15.99
westcoast_0246,crw_131,31.774999618530277,-116.7750015258789,2.468809609736329,2015,90,90,1.0,True,2.5522142857142853,177.99500000000006,90,90,15.99
westcoast_0246,crw_131,31.774999618530277,-116.7750015258789,2.468809609736329,2016,91,91,1.0,True,2.2413214285714296,120.96025000000003,64,34,15.99
westcoast_0246,crw_131,31.774999618530277,-116.7750015258789,2.468809609736329,2017,90,90,1.0,True,1.0495000000000003,40.07900000000001,15,14,15.99
westcoast_0246,crw_131,31.774999618530277,-116.7750015258789,2.468809609736329,2018,90,90,1.0,True,1.8619285714285716,87.137,42,21,15.99
westcoast_0246,crw_131,31.774999618530277,-116.7750015258789,2.468809609736329,2019,90,90,1.0,True,1.1361428571428565,32.068,2,1,15.99
westcoast_0246,crw_131,31.774999618530277,-116.7750015258789,2.468809609736329,2020,91,91,1.0,True,1.3050714285714278,55.49025,15,7,15.99
westcoast_0246,crw_131,31.774999618530277,-116.7750015258789,2.468809609736329,2021,90,90,1.0,True,0.41949999999999904,9.075999999999993,0,0,15.99
westcoast_0246,crw_131,31.774999618530277,-116.7750015258789,2.468809609736329,2022,90,90,1.0,True,0.7276428571428573,21.668999999999993,0,0,15.99
westcoast_0246,crw_131,31.774999618530277,-116.7750015258789,2.468809609736329,2023,90,90,1.0,True,0.2676428571428571,3.146500000000005,0,0,15.99
westcoast_0246,crw_131,31.774999618530277,-116.7750015258789,2.468809609736329,2024,91,90,0.989010989010989,True,1.9901428571428579,59.28874999999999,11,9,15.99
westcoast_0247,crw_132,31.674999237060547,-116.7750015258789,3.0270964239969644,1985,90,90,1.0,True,0.0823571428571425,1.2869999999999973,0,0,16.03
westcoast_0247,crw_132,31.674999237060547,-116.7750015258789,3.0270964239969644,1986,90,90,1.0,True,1.0880714285714288,41.952,6,5,16.03
westcoast_0247,crw_132,31.674999237060547,-116.7750015258789,3.0270964239969644,1987,90,90,1.0,True,1.0531428571428572,34.92549999999999,4,3,16.03
westcoast_0247,crw_132,31.674999237060547,-116.7750015258789,3.0270964239969644,1988,91,91,1.0,True,0.8534999999999994,19.85199999999999,8,7,16.03
westcoast_0247,crw_132,31.674999237060547,-116.7750015258789,3.0270964239969644,1989,90,90,1.0,True,0.3542142857142859,2.6110000000000007,0,0,16.03
westcoast_0247,crw_132,31.674999237060547,-116.7750015258789,3.0270964239969644,1990,90,90,1.0,True,1.0678571428571428,20.726999999999997,7,3,16.03
westcoast_0247,crw_132,31.674999237060547,-116.7750015258789,3.0270964239969644,1991,90,90,1.0,True,0.910928571428571,42.547499999999985,5,3,16.03
westcoast_0247,crw_132,31.674999237060547,-116.7750015258789,3.0270964239969644,1992,91,91,1.0,True,1.4181428571428578,79.93374999999999,35,12,16.03
westcoast_0247,crw_132,31.674999237060547,-116.7750015258789,3.0270964239969644,1993,90,90,1.0,True,1.2456428571428564,44.23349999999999,6,5,16.03
westcoast_0247,crw_132,31.674999237060547,-116.7750015258789,3.0270964239969644,1994,90,90,1.0,True,0.8945714285714287,30.236999999999988,3,2,16.03
westcoast_0247,crw_132,31.674999237060547,-116.7750015258789,3.0270964239969644,1995,90,90,1.0,True,1.726357142857142,63.530499999999996,27,11,16.03
westcoast_0247,crw_132,31.674999237060547,-116.7750015258789,3.0270964239969644,1996,91,91,1.0,True,0.8817857142857145,24.776249999999997,3,3,16.03
westcoast_0247,crw_132,31.674999237060547,-116.7750015258789,3.0270964239969644,1997,90,90,1.0,True,0.23892857142857135,3.702499999999997,0,0,16.03
westcoast_0247,crw_132,31.674999237060547,-116.7750015258789,3.0270964239969644,1998,90,90,1.0,True,2.8476428571428563,157.50050000000002,72,58,16.03
westcoast_0247,crw_132,31.674999237060547,-116.7750015258789,3.0270964239969644,1999,90,90,1.0,True,-0.7787142857142852,0.0,0,0,16.03
westcoast_0247,crw_132,31.674999237060547,-116.7750015258789,3.0270964239969644,2000,91,91,1.0,True,-0.37764285714285756,0.0,0,0,16.03
westcoast_0247,crw_132,31.674999237060547,-116.7750015258789,3.0270964239969644,2001,90,90,1.0,True,0.6811428571428565,12.583499999999995,3,3,16.03
westcoast_0247,crw_132,31.674999237060547,-116.7750015258789,3.0270964239969644,2002,90,90,1.0,True,-0.12521428571428547,0.05799999999999983,0,0,16.03
westcoast_0247,crw_132,31.674999237060547,-116.7750015258789,3.0270964239969644,2003,90,90,1.0,True,0.939214285714286,32.9145,0,0,16.03
westcoast_0247,crw_132,31.674999237060547,-116.7750015258789,3.0270964239969644,2004,91,91,1.0,True,0.533357142857142,9.26249999999999,1,1,16.03
westcoast_0247,crw_132,31.674999237060547,-116.7750015258789,3.0270964239969644,2005,90,90,1.0,True,0.8834999999999992,47.16149999999999,1,1,16.03
westcoast_0247,crw_132,31.674999237060547,-116.7750015258789,3.0270964239969644,2006,90,90,1.0,True,0.363642857142857,2.8185000000000002,0,0,16.03
westcoast_0247,crw_132,31.674999237060547,-116.7750015258789,3.0270964239969644,2007,90,90,1.0,True,0.047642857142856244,1.4079999999999924,0,0,16.03
westcoast_0247,crw_132,31.674999237060547,-116.7750015258789,3.0270964239969644,2008,91,91,1.0,True,-0.26450000000000073,0.02200000000000024,0,0,16.03
westcoast_0247,crw_132,31.674999237060547,-116.7750015258789,3.0270964239969644,2009,90,90,1.0,True,0.46892857142857175,4.767999999999995,0,0,16.03
westcoast_0247,crw_132,31.674999237060547,-116.7750015258789,3.0270964239969644,2010,90,90,1.0,True,0.8488571428571429,42.574499999999986,0,0,16.03
westcoast_0247,crw_132,31.674999237060547,-116.7750015258789,3.0270964239969644,2011,90,90,1.0,True,-0.3508571428571428,0.0,0,0,16.03
westcoast_0247,crw_132,31.674999237060547,-116.7750015258789,3.0270964239969644,2012,91,91,1.0,True,0.4302857142857141,4.102499999999996,0,0,16.03
westcoast_0247,crw_132,31.674999237060547,-116.7750015258789,3.0270964239969644,2013,90,90,1.0,True,0.08278571428571421,0.7234999999999996,0,0,16.03
westcoast_0247,crw_132,31.674999237060547,-116.7750015258789,3.0270964239969644,2014,90,90,1.0,True,1.9464285714285712,105.18599999999999,46,36,16.03
westcoast_0247,crw_132,31.674999237060547,-116.7750015258789,3.0270964239969644,2015,90,90,1.0,True,2.484928571428571,172.72600000000003,90,90,16.03
westcoast_0247,crw_132,31.674999237060547,-116.7750015258789,3.0270964239969644,2016,91,91,1.0,True,2.2150357142857144,118.95424999999999,62,34,16.03
westcoast_0247,crw_132,31.674999237060547,-116.7750015258789,3.0270964239969644,2017,90,90,1.0,True,1.0175714285714288,40.6255,13,6,16.03
westcoast_0247,crw_132,31.674999237060547,-116.7750015258789,3.0270964239969644,2018,90,90,1.0,True,1.867500000000001,89.023,44,22,16.03
westcoast_0247,crw_132,31.674999237060547,-116.7750015258789,3.0270964239969644,2019,90,90,1.0,True,1.248214285714285,34.63149999999999,7,4,16.03
westcoast_0247,crw_132,31.674999237060547,-116.7750015258789,3.0270964239969644,2020,91,91,1.0,True,1.2559285714285713,56.18424999999999,14,7,16.03
westcoast_0247,crw_132,31.674999237060547,-116.7750015258789,3.0270964239969644,2021,90,90,1.0,True,0.5010714285714286,8.680499999999999,0,0,16.03
westcoast_0247,crw_132,31.674999237060547,-116.7750015258789,3.0270964239969644,2022,90,90,1.0,True,0.7572142857142856,22.583999999999982,0,0,16.03
westcoast_0247,crw_132,31.674999237060547,-116.7750015258789,3.0270964239969644,2023,90,90,1.0,True,0.22071428571428545,2.5444999999999958,0,0,16.03
westcoast_0247,crw_132,31.674999237060547,-116.7750015258789,3.0270964239969644,2024,91,90,0.989010989010989,True,1.9019285714285714,55.31524999999999,11,9,16.03
westcoast_0248,crw_133,31.674999237060547,-116.6750030517578,3.280220135487228,1985,90,90,1.0,True,0.04064285714285708,1.1645000000000003,0,0,15.96
westcoast_0248,crw_133,31.674999237060547,-116.6750030517578,3.280220135487228,1986,90,90,1.0,True,0.9690714285714286,40.38550000000001,5,2,15.96
westcoast_0248,crw_133,31.674999237060547,-116.6750030517578,3.280220135487228,1987,90,90,1.0,True,1.0282142857142855,34.232,3,2,15.96
westcoast_0248,crw_133,31.674999237060547,-116.6750030517578,3.280220135487228,1988,91,91,1.0,True,0.8325000000000004,18.898000000000014,9,7,15.96
westcoast_0248,crw_133,31.674999237060547,-116.6750030517578,3.280220135487228,1989,90,90,1.0,True,0.26178571428571423,2.0374999999999996,0,0,15.96
westcoast_0248,crw_133,31.674999237060547,-116.6750030517578,3.280220135487228,1990,90,90,1.0,True,1.0212857142857144,20.41399999999999,7,3,15.96
westcoast_0248,crw_133,31.674999237060547,-116.6750030517578,3.280220135487228,1991,90,90,1.0,True,0.8400000000000001,40.29900000000001,3,3,15.96
westcoast_0248,crw_133,31.674999237060547,-116.6750030517578,3.280220135487228,1992,91,91,1.0,True,1.3926428571428573,79.3485,35,12,15.96
westcoast_0248,crw_133,31.674999237060547,-116.6750030517578,3.280220135487228,1993,90,90,1.0,True,1.1760714285714293,43.426000000000016,6,5,15.96
westcoast_0248,crw_133,31.674999237060547,-116.6750030517578,3.280220135487228,1994,90,90,1.0,True,0.8115714285714285,29.53600000000001,1,1,15.96
westcoast_0248,crw_133,31.674999237060547,-116.6750030517578,3.280220135487228,1995,90,90,1.0,True,1.7079285714285724,64.3805,29,11,15.96
westcoast_0248,crw_133,31.674999237060547,-116.6750030517578,3.280220135487228,1996,91,91,1.0,True,0.8604285714285711,25.176499999999997,3,3,15.96
westcoast_0248,crw_133,31.674999237060547,-116.6750030517578,3.280220135487228,1997,90,90,1.0,True,0.22721428571428653,3.868499999999999,0,0,15.96
westcoast_0248,crw_133,31.674999237060547,-116.6750030517578,3.280220135487228,1998,90,90,1.0,True,2.7507857142857146,155.32850000000002,76,60,15.96
westcoast_0248,crw_133,31.674999237060547,-116.6750030517578,3.280220135487228,1999,90,90,1.0,True,-0.7307857142857139,0.0,0,0,15.96
westcoast_0248,crw_133,31.674999237060547,-116.6750030517578,3.280220135487228,2000,91,91,1.0,True,-0.4277142857142862,0.0,0,0,15.96
westcoast_0248,crw_133,31.674999237060547,-116.6750030517578,3.280220135487228,2001,90,90,1.0,True,0.6311428571428568,11.034499999999996,1,1,15.96
westcoast_0248,crw_133,31.674999237060547,-116.6750030517578,3.280220135487228,2002,90,90,1.0,True,-0.10207142857142897,0.07200000000000095,0,0,15.96
westcoast_0248,crw_133,31.674999237060547,-116.6750030517578,3.280220135487228,2003,90,90,1.0,True,0.9364285714285712,31.43650000000001,0,0,15.96
westcoast_0248,crw_133,31.674999237060547,-116.6750030517578,3.280220135487228,2004,91,91,1.0,True,0.5113571428571431,8.809000000000005,1,1,15.96
westcoast_0248,crw_133,31.674999237060547,-116.6750030517578,3.280220135487228,2005,90,90,1.0,True,0.9225000000000002,47.096,3,3,15.96
westcoast_0248,crw_133,31.674999237060547,-116.6750030517578,3.280220135487228,2006,90,90,1.0,True,0.34914285714285703,2.7364999999999995,0,0,15.96
westcoast_0248,crw_133,31.674999237060547,-116.6750030517578,3.280220135487228,2007,90,90,1.0,True,0.05271428571428619,1.5160000000000018,0,0,15.96
westcoast_0248,crw_133,31.674999237060547,-116.6750030517578,3.280220135487228,2008,91,91,1.0,True,-0.2661428571428563,0.0070000000000014495,0,0,15.96
westcoast_0248,crw_133,31.674999237060547,-116.6750030517578,3.280220135487228,2009,90,90,1.0,True,0.4913571428571432,5.109000000000005,0,0,15.96
westcoast_0248,crw_133,31.674999237060547,-116.6750030517578,3.280220135487228,2010,90,90,1.0,True,0.8860000000000005,43.3645,1,1,15.96
westcoast_0248,crw_133,31.674999237060547,-116.6750030517578,3.280220135487228,2011,90,90,1.0,True,-0.3470714285714284,0.0,0,0,15.96
westcoast_0248,crw_133,31.674999237060547,-116.6750030517578,3.280220135487228,2012,91,91,1.0,True,0.43785714285714256,3.853499999999997,0,0,15.96
westcoast_0248,crw_133,31.674999237060547,-116.6750030517578,3.280220135487228,2013,90,90,1.0,True,0.10749999999999993,0.7785000000000011,0,0,15.96
westcoast_0248,crw_133,31.674999237060547,-116.6750030517578,3.280220135487228,2014,90,90,1.0,True,1.9896428571428575,107.10600000000002,48,36,15.96
westcoast_0248,crw_133,31.674999237060547,-116.6750030517578,3.280220135487228,2015,90,90,1.0,True,2.5239285714285726,174.336,90,90,15.96
westcoast_0248,crw_133,31.674999237060547,-116.6750030517578,3.280220135487228,2016,91,91,1.0,True,2.2285000000000013,120.95300000000002,65,34,15.96
westcoast_0248,crw_133,31.674999237060547,-116.6750030517578,3.280220135487228,2017,90,90,1.0,True,1.207500000000001,41.44000000000001,14,14,15.96
westcoast_0248,crw_133,31.674999237060547,-116.6750030517578,3.280220135487228,2018,90,90,1.0,True,1.8182857142857147,86.18550000000002,44,22,15.96
westcoast_0248,crw_133,31.674999237060547,-116.6750030517578,3.280220135487228,2019,90,90,1.0,True,1.1401428571428578,31.133000000000003,3,3,15.96
westcoast_0248,crw_133,31.674999237060547,-116.6750030517578,3.280220135487228,2020,91,91,1.0,True,1.2882142857142862,56.73300000000001,19,8,15.96
westcoast_0248,crw_133,31.674999237060547,-116.6750030517578,3.280220135487228,2021,90,90,1.0,True,0.40307142857142836,7.671000000000003,0,0,15.96
westcoast_0248,crw_133,31.674999237060547,-116.6750030517578,3.280220135487228,2022,90,90,1.0,True,0.7919999999999996,23.811999999999998,1,1,15.96
westcoast_0248,crw_133,31.674999237060547,-116.6750030517578,3.280220135487228,2023,90,90,1.0,True,0.22278571428571375,2.455999999999994,0,0,15.96
westcoast_0248,crw_133,31.674999237060547,-116.6750030517578,3.280220135487228,2024,91,90,0.989010989010989,True,1.9079285714285719,55.254500000000014,11,9,15.96
westcoast_0250,crw_134,31.625,-116.6750030517578,3.5311053930686134,1985,90,90,1.0,True,0.06357142857142861,1.1759999999999984,0,0,16.006000000000004
westcoast_0250,crw_134,31.625,-116.6750030517578,3.5311053930686134,1986,90,90,1.0,True,1.0468571428571427,41.49350000000001,6,2,16.006000000000004
westcoast_0250,crw_134,31.625,-116.6750030517578,3.5311053930686134,1987,90,90,1.0,True,1.0557142857142854,34.73600000000002,4,2,16.006000000000004
westcoast_0250,crw_134,31.625,-116.6750030517578,3.5311053930686134,1988,91,91,1.0,True,0.8332142857142854,19.0255,8,7,16.006000000000004
westcoast_0250,crw_134,31.625,-116.6750030517578,3.5311053930686134,1989,90,90,1.0,True,0.32071428571428634,2.430500000000002,0,0,16.006000000000004
westcoast_0250,crw_134,31.625,-116.6750030517578,3.5311053930686134,1990,90,90,1.0,True,1.0125000000000004,20.055500000000002,7,3,16.006000000000004
westcoast_0250,crw_134,31.625,-116.6750030517578,3.5311053930686134,1991,90,90,1.0,True,0.8592857142857139,43.37100000000001,6,3,16.006000000000004
westcoast_0250,crw_134,31.625,-116.6750030517578,3.5311053930686134,1992,91,91,1.0,True,1.4,79.9925,34,12,16.006000000000004
westcoast_0250,crw_134,31.625,-116.6750030517578,3.5311053930686134,1993,90,90,1.0,True,1.145,43.04100000000001,7,5,16.006000000000004
westcoast_0250,crw_134,31.625,-116.6750030517578,3.5311053930686134,1994,90,90,1.0,True,0.859928571428572,29.76100000000001,3,3,16.006000000000004
westcoast_0250,crw_134,31.625,-116.6750030517578,3.5311053930686134,1995,90,90,1.0,True,1.6981428571428574,63.670500000000004,28,11,16.006000000000004
westcoast_0250,crw_134,31.625,-116.6750030517578,3.5311053930686134,1996,91,91,1.0,True,0.8229999999999996,24.868500000000004,3,3,16.006000000000004
westcoast_0250,crw_134,31.625,-116.6750030517578,3.5311053930686134,1997,90,90,1.0,True,0.26092857142857157,4.696499999999999,0,0,16.006000000000004
westcoast_0250,crw_134,31.625,-116.6750030517578,3.5311053930686134,1998,90,90,1.0,True,2.8056428571428564,156.31650000000005,73,59,16.006000000000004
westcoast_0250,crw_134,31.625,-116.6750030517578,3.5311053930686134,1999,90,90,1.0,True,-0.7627857142857142,0.0,0,0,16.006000000000004
westcoast_0250,crw_134,31.625,-116.6750030517578,3.5311053930686134,2000,91,91,1.0,True,-0.4532857142857153,0.0,0,0,16.006000000000004
westcoast_0250,crw_134,31.625,-116.6750030517578,3.5311053930686134,2001,90,90,1.0,True,0.6060714285714288,10.262,1,1,16.006000000000004
westcoast_0250,crw_134,31.625,-116.6750030517578,3.5311053930686134,2002,90,90,1.0,True,-0.1243571428571436,0.07399999999999807,0,0,16.006000000000004
westcoast_0250,crw_134,31.625,-116.6750030517578,3.5311053930686134,2003,90,90,1.0,True,0.9215714285714289,31.317500000000006,0,0,16.006000000000004
westcoast_0250,crw_134,31.625,-116.6750030517578,3.5311053930686134,2004,91,91,1.0,True,0.5130714285714285,9.027499999999998,1,1,16.006000000000004
westcoast_0250,crw_134,31.625,-116.6750030517578,3.5311053930686134,2005,90,90,1.0,True,0.8332142857142861,45.297500000000014,2,1,16.006000000000004
westcoast_0250,crw_134,31.625,-116.6750030517578,3.5311053930686134,2006,90,90,1.0,True,0.3321428571428576,2.610000000000003,0,0,16.006000000000004
westcoast_0250,crw_134,31.625,-116.6750030517578,3.5311053930686134,2007,90,90,1.0,True,-0.0077142857142857525,1.3249999999999993,0,0,16.006000000000004
westcoast_0250,crw_134,31.625,-116.6750030517578,3.5311053930686134,2008,91,91,1.0,True,-0.2727142857142858,0.028999999999999915,0,0,16.006000000000004
westcoast_0250,crw_134,31.625,-116.6750030517578,3.5311053930686134,2009,90,90,1.0,True,0.5252142857142861,5.559500000000005,0,0,16.006000000000004
westcoast_0250,crw_134,31.625,-116.6750030517578,3.5311053930686134,2010,90,90,1.0,True,0.8534999999999996,41.19050000000001,0,0,16.006000000000004
westcoast_0250,crw_134,31.625,-116.6750030517578,3.5311053930686134,2011,90,90,1.0,True,-0.35942857142857115,0.0,0,0,16.006000000000004
westcoast_0250,crw_134,31.625,-116.6750030517578,3.5311053930686134,2012,91,91,1.0,True,0.428428571428572,4.097000000000007,0,0,16.006000000000004
westcoast_0250,crw_134,31.625,-116.6750030517578,3.5311053930686134,2013,90,90,1.0,True,0.0850000000000006,0.7535000000000025,0,0,16.006000000000004
westcoast_0250,crw_134,31.625,-116.6750030517578,3.5311053930686134,2014,90,90,1.0,True,1.9417857142857156,105.64750000000004,48,36,16.006000000000004
westcoast_0250,crw_134,31.625,-116.6750030517578,3.5311053930686134,2015,90,90,1.0,True,2.473857142857144,171.26750000000004,90,90,16.006000000000004
westcoast_0250,crw_134,31.625,-116.6750030517578,3.5311053930686134,2016,91,91,1.0,True,2.205857142857144,119.58550000000002,64,34,16.006000000000004
westcoast_0250,crw_134,31.625,-116.6750030517578,3.5311053930686134,2017,90,90,1.0,True,1.0332142857142856,39.01750000000001,14,7,16.006000000000004
westcoast_0250,crw_134,31.625,-116.6750030517578,3.5311053930686134,2018,90,90,1.0,True,1.840285714285715,86.38450000000002,45,23,16.006000000000004
westcoast_0250,crw_134,31.625,-116.6750030517578,3.5311053930686134,2019,90,90,1.0,True,1.209714285714286,32.058500000000016,5,3,16.006000000000004
westcoast_0250,crw_134,31.625,-116.6750030517578,3.5311053930686134,2020,91,91,1.0,True,1.2482857142857147,55.50550000000001,16,7,16.006000000000004
westcoast_0250,crw_134,31.625,-116.6750030517578,3.5311053930686134,2021,90,90,1.0,True,0.4308571428571439,7.267000000000014,0,0,16.006000000000004
westcoast_0250,crw_134,31.625,-116.6750030517578,3.5311053930686134,2022,90,90,1.0,True,0.7743571428571437,22.84400000000002,0,0,16.006000000000004
westcoast_0250,crw_134,31.625,-116.6750030517578,3.5311053930686134,2023,90,90,1.0,True,0.18985714285714295,2.2994999999999965,0,0,16.006000000000004
westcoast_0250,crw_134,31.625,-116.6750030517578,3.5311053930686134,2024,91,90,0.989010989010989,True,1.8556428571428565,51.42150000000001,8,8,16.006000000000004
westcoast_0252,crw_135,31.524999618530277,-116.6750030517578,2.948692351688226,1985,90,90,1.0,True,0.10678571428571385,1.2459999999999987,0,0,16.080000000000002
westcoast_0252,crw_135,31.524999618530277,-116.6750030517578,2.948692351688226,1986,90,90,1.0,True,1.1442142857142865,43.02850000000001,6,3,16.080000000000002
westcoast_0252,crw_135,31.524999618530277,-116.6750030517578,2.948692351688226,1987,90,90,1.0,True,1.128785714285715,36.4375,5,3,16.080000000000002
westcoast_0252,crw_135,31.524999618530277,-116.6750030517578,2.948692351688226,1988,91,91,1.0,True,0.827428571428572,18.943999999999996,7,4,16.080000000000002
westcoast_0252,crw_135,31.524999618530277,-116.6750030517578,2.948692351688226,1989,90,90,1.0,True,0.4112142857142848,2.994499999999995,0,0,16.080000000000002
westcoast_0252,crw_135,31.524999618530277,-116.6750030517578,2.948692351688226,1990,90,90,1.0,True,1.0039285714285715,20.027,7,3,16.080000000000002
westcoast_0252,crw_135,31.524999618530277,-116.6750030517578,2.948692351688226,1991,90,90,1.0,True,1.1837142857142857,46.53399999999999,8,6,16.080000000000002
westcoast_0252,crw_135,31.524999618530277,-116.6750030517578,2.948692351688226,1992,91,91,1.0,True,1.4875000000000007,82.36125,33,12,16.080000000000002
westcoast_0252,crw_135,31.524999618530277,-116.6750030517578,2.948692351688226,1993,90,90,1.0,True,1.086928571428571,42.404999999999994,9,5,16.080000000000002
westcoast_0252,crw_135,31.524999618530277,-116.6750030517578,2.948692351688226,1994,90,90,1.0,True,0.9079285714285705,29.501499999999993,3,3,16.080000000000002
westcoast_0252,crw_135,31.524999618530277,-116.6750030517578,2.948692351688226,1995,90,90,1.0,True,1.6872142857142862,62.650000000000006,28,11,16.080000000000002
westcoast_0252,crw_135,31.524999618530277,-116.6750030517578,2.948692351688226,1996,91,91,1.0,True,0.7408571428571431,24.392250000000004,3,3,16.080000000000002
westcoast_0252,crw_135,31.524999618530277,-116.6750030517578,2.948692351688226,1997,90,90,1.0,True,0.30464285714285744,6.961499999999994,0,0,16.080000000000002
westcoast_0252,crw_135,31.524999618530277,-116.6750030517578,2.948692351688226,1998,90,90,1.0,True,2.875714285714285,157.61100000000002,70,51,16.080000000000002
westcoast_0252,crw_135,31.524999618530277,-116.6750030517578,2.948692351688226,1999,90,90,1.0,True,-0.7957857142857152,0.0,0,0,16.080000000000002
westcoast_0252,crw_135,31.524999618530277,-116.6750030517578,2.948692351688226,2000,91,91,1.0,True,-0.4174999999999994,0.0,0,0,16.080000000000002
westcoast_0252,crw_135,31.524999618530277,-116.6750030517578,2.948692351688226,2001,90,90,1.0,True,0.6085000000000002,8.419999999999993,1,1,16.080000000000002
westcoast_0252,crw_135,31.524999618530277,-116.6750030517578,2.948692351688226,2002,90,90,1.0,True,-0.04628571428571477,0.5320000000000018,0,0,16.080000000000002
westcoast_0252,crw_135,31.524999618530277,-116.6750030517578,2.948692351688226,2003,90,90,1.0,True,0.892,28.40499999999999,0,0,16.080000000000002
westcoast_0252,crw_135,31.524999618530277,-116.6750030517578,2.948692351688226,2004,91,91,1.0,True,0.48600000000000015,8.188500000000005,0,0,16.080000000000002
westcoast_0252,crw_135,31.524999618530277,-116.6750030517578,2.948692351688226,2005,90,90,1.0,True,0.7710714285714274,42.839499999999994,1,1,16.080000000000002
westcoast_0252,crw_135,31.524999618530277,-116.6750030517578,2.948692351688226,2006,90,90,1.0,True,0.23049999999999976,1.802999999999999,0,0,16.080000000000002
westcoast_0252,crw_135,31.524999618530277,-116.6750030517578,2.948692351688226,2007,90,90,1.0,True,-0.06414285714285713,1.0600000000000005,0,0,16.080000000000002
westcoast_0252,crw_135,31.524999618530277,-116.6750030517578,2.948692351688226,2008,91,91,1.0,True,-0.38428571428571423,0.0,0,0,16.080000000000002
westcoast_0252,crw_135,31.524999618530277,-116.6750030517578,2.948692351688226,2009,90,90,1.0,True,0.6757857142857134,8.212499999999995,0,0,16.080000000000002
westcoast_0252,crw_135,31.524999618530277,-116.6750030517578,2.948692351688226,2010,90,90,1.0,True,0.8195000000000002,37.559,0,0,16.080000000000002
westcoast_0252,crw_135,31.524999618530277,-116.6750030517578,2.948692351688226,2011,90,90,1.0,True,-0.3420714285714297,0.0,0,0,16.080000000000002
westcoast_0252,crw_135,31.524999618530277,-116.6750030517578,2.948692351688226,2012,91,91,1.0,True,0.4883571428571431,5.793000000000003,0,0,16.080000000000002
westcoast_0252,crw_135,31.524999618530277,-116.6750030517578,2.948692351688226,2013,90,90,1.0,True,-0.0816428571428577,0.2930000000000028,0,0,16.080000000000002
westcoast_0252,crw_135,31.524999618530277,-116.6750030517578,2.948692351688226,2014,90,90,1.0,True,1.7704285714285715,102.94850000000002,48,23,16.080000000000002
westcoast_0252,crw_135,31.524999618530277,-116.6750030517578,2.948692351688226,2015,90,90,1.0,True,2.346000000000001,164.82850000000002,90,90,16.080000000000002
westcoast_0252,crw_135,31.524999618530277,-116.6750030517578,2.948692351688226,2016,91,91,1.0,True,2.184857142857143,117.12925000000003,61,34,16.080000000000002
westcoast_0252,crw_135,31.524999618530277,-116.6750030517578,2.948692351688226,2017,90,90,1.0,True,0.9177142857142861,36.347500000000004,7,3,16.080000000000002
westcoast_0252,crw_135,31.524999618530277,-116.6750030517578,2.948692351688226,2018,90,90,1.0,True,1.8768571428571426,85.515,41,21,16.080000000000002
westcoast_0252,crw_135,31.524999618530277,-116.6750030517578,2.948692351688226,2019,90,90,1.0,True,1.371142857142857,37.066999999999986,8,5,16.080000000000002
westcoast_0252,crw_135,31.524999618530277,-116.6750030517578,2.948692351688226,2020,91,91,1.0,True,1.1950000000000007,54.15975000000001,14,7,16.080000000000002
westcoast_0252,crw_135,31.524999618530277,-116.6750030517578,2.948692351688226,2021,90,90,1.0,True,0.39649999999999885,6.187499999999993,0,0,16.080000000000002
westcoast_0252,crw_135,31.524999618530277,-116.6750030517578,2.948692351688226,2022,90,90,1.0,True,0.7381428571428569,23.24499999999999,0,0,16.080000000000002
westcoast_0252,crw_135,31.524999618530277,-116.6750030517578,2.948692351688226,2023,90,90,1.0,True,0.22050000000000022,3.4779999999999998,0,0,16.080000000000002
westcoast_0252,crw_135,31.524999618530277,-116.6750030517578,2.948692351688226,2024,91,90,0.989010989010989,True,1.7714285714285716,46.07025,8,8,16.080000000000002
westcoast_0254,crw_136,31.424999237060547,-116.625,2.338263365364535,1985,90,90,1.0,True,0.15950000000000003,1.6089999999999964,0,0,16.04
westcoast_0254,crw_136,31.424999237060547,-116.625,2.338263365364535,1986,90,90,1.0,True,1.145714285714286,45.333999999999996,8,5,16.04
westcoast_0254,crw_136,31.424999237060547,-116.625,2.338263365364535,1987,90,90,1.0,True,1.194214285714286,38.681,7,3,16.04
westcoast_0254,crw_136,31.424999237060547,-116.625,2.338263365364535,1988,91,91,1.0,True,0.8618571428571423,18.89299999999999,3,2,16.04
westcoast_0254,crw_136,31.424999237060547,-116.625,2.338263365364535,1989,90,90,1.0,True,0.3847142857142849,2.7839999999999954,0,0,16.04
westcoast_0254,crw_136,31.424999237060547,-116.625,2.338263365364535,1990,90,90,1.0,True,1.0570000000000008,22.805000000000003,9,5,16.04
westcoast_0254,crw_136,31.424999237060547,-116.625,2.338263365364535,1991,90,90,1.0,True,0.9157857142857146,41.8995,5,4,16.04
westcoast_0254,crw_136,31.424999237060547,-116.625,2.338263365364535,1992,91,91,1.0,True,1.6534999999999995,87.89625000000001,35,12,16.04
westcoast_0254,crw_136,31.424999237060547,-116.625,2.338263365364535,1993,90,90,1.0,True,1.1018571428571415,44.974999999999994,10,6,16.04
westcoast_0254,crw_136,31.424999237060547,-116.625,2.338263365364535,1994,90,90,1.0,True,0.9132857142857151,29.311999999999998,4,4,16.04
westcoast_0254,crw_136,31.424999237060547,-116.625,2.338263365364535,1995,90,90,1.0,True,1.7293571428571435,65.89100000000002,27,10,16.04
westcoast_0254,crw_136,31.424999237060547,-116.625,2.338263365364535,1996,91,91,1.0,True,0.7116428571428575,27.080750000000002,3,3,16.04
westcoast_0254,crw_136,31.424999237060547,-116.625,2.338263365364535,1997,90,90,1.0,True,0.35721428571428504,7.550499999999992,0,0,16.04
westcoast_0254,crw_136,31.424999237060547,-116.625,2.338263365364535,1998,90,90,1.0,True,2.8985714285714286,158.42300000000006,67,50,16.04
westcoast_0254,crw_136,31.424999237060547,-116.625,2.338263365364535,1999,90,90,1.0,True,-0.7489285714285714,0.0,0,0,16.04
westcoast_0254,crw_136,31.424999237060547,-116.625,2.338263365364535,2000,91,91,1.0,True,-0.26292857142857173,0.0,0,0,16.04
westcoast_0254,crw_136,31.424999237060547,-116.625,2.338263365364535,2001,90,90,1.0,True,0.7019999999999997,8.072499999999996,1,1,16.04
westcoast_0254,crw_136,31.424999237060547,-116.625,2.338263365364535,2002,90,90,1.0,True,0.0230714285714286,1.0449999999999982,0,0,16.04
westcoast_0254,crw_136,31.424999237060547,-116.625,2.338263365364535,2003,90,90,1.0,True,0.9494285714285718,19.924500000000002,0,0,16.04
westcoast_0254,crw_136,31.424999237060547,-116.625,2.338263365364535,2004,91,91,1.0,True,0.39392857142857174,5.498000000000003,0,0,16.04
westcoast_0254,crw_136,31.424999237060547,-116.625,2.338263365364535,2005,90,90,1.0,True,0.7912857142857147,39.59500000000001,2,1,16.04
westcoast_0254,crw_136,31.424999237060547,-116.625,2.338263365364535,2006,90,90,1.0,True,0.048071428571428446,1.2805,0,0,16.04
westcoast_0254,crw_136,31.424999237060547,-116.625,2.338263365364535,2007,90,90,1.0,True,-0.04157142857142837,0.7599999999999945,0,0,16.04
westcoast_0254,crw_136,31.424999237060547,-116.625,2.338263365364535,2008,91,91,1.0,True,-0.6670714285714284,0.0,0,0,16.04
westcoast_0254,crw_136,31.424999237060547,-116.625,2.338263365364535,2009,90,90,1.0,True,0.8704285714285724,11.557000000000007,5,5,16.04
westcoast_0254,crw_136,31.424999237060547,-116.625,2.338263365364535,2010,90,90,1.0,True,0.818714285714286,37.456,2,1,16.04
westcoast_0254,crw_136,31.424999237060547,-116.625,2.338263365364535,2011,90,90,1.0,True,-0.3429285714285708,0.0,0,0,16.04
westcoast_0254,crw_136,31.424999237060547,-116.625,2.338263365364535,2012,91,91,1.0,True,0.6087142857142859,8.577,0,0,16.04
westcoast_0254,crw_136,31.424999237060547,-116.625,2.338263365364535,2013,90,90,1.0,True,-0.4042857142857145,0.0,0,0,16.04
westcoast_0254,crw_136,31.424999237060547,-116.625,2.338263365364535,2014,90,90,1.0,True,1.5159285714285724,95.03300000000002,43,13,16.04
westcoast_0254,crw_136,31.424999237060547,-116.625,2.338263365364535,2015,90,90,1.0,True,2.2579285714285713,158.12300000000002,89,48,16.04
westcoast_0254,crw_136,31.424999237060547,-116.625,2.338263365364535,2016,91,91,1.0,True,2.2246428571428574,109.95925000000003,59,33,16.04
westcoast_0254,crw_136,31.424999237060547,-116.625,2.338263365364535,2017,90,90,1.0,True,0.9586428571428579,26.8105,5,3,16.04
westcoast_0254,crw_136,31.424999237060547,-116.625,2.338263365364535,2018,90,90,1.0,True,1.8625714285714285,75.96450000000002,39,21,16.04
westcoast_0254,crw_136,31.424999237060547,-116.625,2.338263365364535,2019,90,90,1.0,True,1.3750714285714285,37.68600000000001,13,7,16.04
westcoast_0254,crw_136,31.424999237060547,-116.625,2.338263365364535,2020,91,91,1.0,True,1.1917857142857144,48.63175,10,6,16.04
westcoast_0254,crw_136,31.424999237060547,-116.625,2.338263365364535,2021,90,90,1.0,True,0.3713571428571432,4.525500000000008,0,0,16.04
westcoast_0254,crw_136,31.424999237060547,-116.625,2.338263365364535,2022,90,90,1.0,True,0.7409285714285717,20.323500000000003,0,0,16.04
westcoast_0254,crw_136,31.424999237060547,-116.625,2.338263365364535,2023,90,90,1.0,True,0.3545000000000003,5.8255,0,0,16.04
westcoast_0254,crw_136,31.424999237060547,-116.625,2.338263365364535,2024,91,90,0.989010989010989,True,1.7371428571428573,40.67975000000001,10,9,16.04
westcoast_0255,crw_137,31.424999237060547,-116.5250015258789,2.007876097307788,1985,90,90,1.0,True,0.18728571428571428,1.9825000000000017,0,0,15.986000000000002
westcoast_0255,crw_137,31.424999237060547,-116.5250015258789,2.007876097307788,1986,90,90,1.0,True,1.1425000000000007,49.13250000000003,8,6,15.986000000000002
westcoast_0255,crw_137,31.424999237060547,-116.5250015258789,2.007876097307788,1987,90,90,1.0,True,1.1477857142857153,36.682000000000016,6,3,15.986000000000002
westcoast_0255,crw_137,31.424999237060547,-116.5250015258789,2.007876097307788,1988,91,91,1.0,True,0.8831428571428572,18.030000000000015,1,1,15.986000000000002
westcoast_0255,crw_137,31.424999237060547,-116.5250015258789,2.007876097307788,1989,90,90,1.0,True,0.36885714285714294,2.6685,0,0,15.986000000000002
westcoast_0255,crw_137,31.424999237060547,-116.5250015258789,2.007876097307788,1990,90,90,1.0,True,1.0665,24.17150000000001,9,5,15.986000000000002
westcoast_0255,crw_137,31.424999237060547,-116.5250015258789,2.007876097307788,1991,90,90,1.0,True,0.8310000000000001,39.11650000000003,0,0,15.986000000000002
westcoast_0255,crw_137,31.424999237060547,-116.5250015258789,2.007876097307788,1992,91,91,1.0,True,1.615142857142857,88.87350000000004,39,12,15.986000000000002
westcoast_0255,crw_137,31.424999237060547,-116.5250015258789,2.007876097307788,1993,90,90,1.0,True,1.147428571428571,47.533500000000004,12,6,15.986000000000002
westcoast_0255,crw_137,31.424999237060547,-116.5250015258789,2.007876097307788,1994,90,90,1.0,True,0.8474285714285715,28.577500000000036,4,4,15.986000000000002
westcoast_0255,crw_137,31.424999237060547,-116.5250015258789,2.007876097307788,1995,90,90,1.0,True,1.751928571428572,67.84100000000004,27,10,15.986000000000002
westcoast_0255,crw_137,31.424999237060547,-116.5250015258789,2.007876097307788,1996,91,91,1.0,True,0.7293571428571435,31.33800000000003,3,3,15.986000000000002
westcoast_0255,crw_137,31.424999237060547,-116.5250015258789,2.007876097307788,1997,90,90,1.0,True,0.4037142857142853,6.978999999999997,0,0,15.986000000000002
westcoast_0255,crw_137,31.424999237060547,-116.5250015258789,2.007876097307788,1998,90,90,1.0,True,2.8632142857142866,158.24300000000002,69,51,15.986000000000002
westcoast_0255,crw_137,31.424999237060547,-116.5250015258789,2.007876097307788,1999,90,90,1.0,True,-0.7092142857142854,0.0,0,0,15.986000000000002
westcoast_0255,crw_137,31.424999237060547,-116.5250015258789,2.007876097307788,2000,91,91,1.0,True,-0.20749999999999957,0.0,0,0,15.986000000000002
westcoast_0255,crw_137,31.424999237060547,-116.5250015258789,2.007876097307788,2001,90,90,1.0,True,0.7599285714285716,8.007500000000006,2,1,15.986000000000002
westcoast_0255,crw_137,31.424999237060547,-116.5250015258789,2.007876097307788,2002,90,90,1.0,True,0.016071428571428674,0.698500000000001,0,0,15.986000000000002
westcoast_0255,crw_137,31.424999237060547,-116.5250015258789,2.007876097307788,2003,90,90,1.0,True,1.0192857142857146,16.73450000000002,1,1,15.986000000000002
westcoast_0255,crw_137,31.424999237060547,-116.5250015258789,2.007876097307788,2004,91,91,1.0,True,0.3505,4.2290000000000045,0,0,15.986000000000002
westcoast_0255,crw_137,31.424999237060547,-116.5250015258789,2.007876097307788,2005,90,90,1.0,True,0.8007857142857142,37.060500000000026,3,1,15.986000000000002
westcoast_0255,crw_137,31.424999237060547,-116.5250015258789,2.007876097307788,2006,90,90,1.0,True,-0.06585714285714264,0.7220000000000013,0,0,15.986000000000002
westcoast_0255,crw_137,31.424999237060547,-116.5250015258789,2.007876097307788,2007,90,90,1.0,True,-0.004642857142857234,0.8239999999999998,0,0,15.986000000000002
westcoast_0255,crw_137,31.424999237060547,-116.5250015258789,2.007876097307788,2008,91,91,1.0,True,-0.7142142857142856,0.0,0,0,15.986000000000002
westcoast_0255,crw_137,31.424999237060547,-116.5250015258789,2.007876097307788,2009,90,90,1.0,True,0.9374285714285711,13.13850000000001,6,6,15.986000000000002
westcoast_0255,crw_137,31.424999237060547,-116.5250015258789,2.007876097307788,2010,90,90,1.0,True,0.8615000000000003,38.67300000000002,3,3,15.986000000000002
westcoast_0255,crw_137,31.424999237060547,-116.5250015258789,2.007876097307788,2011,90,90,1.0,True,-0.3562142857142861,0.0,0,0,15.986000000000002
westcoast_0255,crw_137,31.424999237060547,-116.5250015258789,2.007876097307788,2012,91,91,1.0,True,0.632928571428572,8.563000000000002,0,0,15.986000000000002
westcoast_0255,crw_137,31.424999237060547,-116.5250015258789,2.007876097307788,2013,90,90,1.0,True,-0.46257142857142824,0.0,0,0,15.986000000000002
westcoast_0255,crw_137,31.424999237060547,-116.5250015258789,2.007876097307788,2014,90,90,1.0,True,1.4960714285714292,88.74300000000005,39,13,15.986000000000002
westcoast_0255,crw_137,31.424999237060547,-116.5250015258789,2.007876097307788,2015,90,90,1.0,True,2.3184285714285724,156.3230000000001,86,41,15.986000000000002
westcoast_0255,crw_137,31.424999237060547,-116.5250015258789,2.007876097307788,2016,91,91,1.0,True,2.2337142857142864,104.74400000000003,56,33,15.986000000000002
westcoast_0255,crw_137,31.424999237060547,-116.5250015258789,2.007876097307788,2017,90,90,1.0,True,0.8502142857142859,16.754000000000012,4,2,15.986000000000002
westcoast_0255,crw_137,31.424999237060547,-116.5250015258789,2.007876097307788,2018,90,90,1.0,True,1.8616428571428583,70.68750000000003,33,21,15.986000000000002
westcoast_0255,crw_137,31.424999237060547,-116.5250015258789,2.007876097307788,2019,90,90,1.0,True,1.327214285714286,35.84250000000001,12,6,15.986000000000002
westcoast_0255,crw_137,31.424999237060547,-116.5250015258789,2.007876097307788,2020,91,91,1.0,True,1.1530714285714296,41.08450000000003,9,5,15.986000000000002
westcoast_0255,crw_137,31.424999237060547,-116.5250015258789,2.007876097307788,2021,90,90,1.0,True,0.283785714285714,2.824999999999994,0,0,15.986000000000002
westcoast_0255,crw_137,31.424999237060547,-116.5250015258789,2.007876097307788,2022,90,90,1.0,True,0.649928571428572,14.653500000000006,0,0,15.986000000000002
westcoast_0255,crw_137,31.424999237060547,-116.5250015258789,2.007876097307788,2023,90,90,1.0,True,0.4012857142857142,6.300500000000003,0,0,15.986000000000002
westcoast_0255,crw_137,31.424999237060547,-116.5250015258789,2.007876097307788,2024,91,90,0.989010989010989,True,1.7532142857142863,39.366000000000014,10,9,15.986000000000002
westcoast_0256,crw_138,31.325000762939453,-116.4749984741211,3.203979709206344,1985,90,90,1.0,True,0.1852857142857149,1.9950000000000045,0,0,15.96
westcoast_0256,crw_138,31.325000762939453,-116.4749984741211,3.203979709206344,1986,90,90,1.0,True,1.1724999999999999,51.18699999999999,8,5,15.96
westcoast_0256,crw_138,31.325000762939453,-116.4749984741211,3.203979709206344,1987,90,90,1.0,True,1.076785714285714,33.12200000000001,4,2,15.96
westcoast_0256,crw_138,31.325000762939453,-116.4749984741211,3.203979709206344,1988,91,91,1.0,True,0.8943571428571422,17.643499999999996,0,0,15.96
westcoast_0256,crw_138,31.325000762939453,-116.4749984741211,3.203979709206344,1989,90,90,1.0,True,0.32149999999999906,2.3464999999999936,0,0,15.96
westcoast_0256,crw_138,31.325000762939453,-116.4749984741211,3.203979709206344,1990,90,90,1.0,True,1.09507142857143,25.21700000000001,8,4,15.96
westcoast_0256,crw_138,31.325000762939453,-116.4749984741211,3.203979709206344,1991,90,90,1.0,True,0.7777142857142864,34.971999999999994,0,0,15.96
westcoast_0256,crw_138,31.325000762939453,-116.4749984741211,3.203979709206344,1992,91,91,1.0,True,1.607642857142857,90.10100000000001,43,12,15.96
westcoast_0256,crw_138,31.325000762939453,-116.4749984741211,3.203979709206344,1993,90,90,1.0,True,1.2029285714285705,48.880999999999986,13,7,15.96
westcoast_0256,crw_138,31.325000762939453,-116.4749984741211,3.203979709206344,1994,90,90,1.0,True,0.8182142857142871,29.116500000000002,4,4,15.96
westcoast_0256,crw_138,31.325000762939453,-116.4749984741211,3.203979709206344,1995,90,90,1.0,True,1.7884285714285717,69.566,25,10,15.96
westcoast_0256,crw_138,31.325000762939453,-116.4749984741211,3.203979709206344,1996,91,91,1.0,True,0.717785714285714,31.770999999999987,3,3,15.96
westcoast_0256,crw_138,31.325000762939453,-116.4749984741211,3.203979709206344,1997,90,90,1.0,True,0.5686428571428566,8.290499999999994,0,0,15.96
westcoast_0256,crw_138,31.325000762939453,-116.4749984741211,3.203979709206344,1998,90,90,1.0,True,2.8745714285714286,157.5755,65,51,15.96
westcoast_0256,crw_138,31.325000762939453,-116.4749984741211,3.203979709206344,1999,90,90,1.0,True,-0.670285714285715,0.0,0,0,15.96
westcoast_0256,crw_138,31.325000762939453,-116.4749984741211,3.203979709206344,2000,91,91,1.0,True,-0.16942857142857118,0.0,0,0,15.96
westcoast_0256,crw_138,31.325000762939453,-116.4749984741211,3.203979709206344,2001,90,90,1.0,True,0.9577142857142859,9.685,3,2,15.96
westcoast_0256,crw_138,31.325000762939453,-116.4749984741211,3.203979709206344,2002,90,90,1.0,True,0.07457142857142861,0.7855000000000025,0,0,15.96
westcoast_0256,crw_138,31.325000762939453,-116.4749984741211,3.203979709206344,2003,90,90,1.0,True,1.0577142857142854,17.953499999999995,1,1,15.96
westcoast_0256,crw_138,31.325000762939453,-116.4749984741211,3.203979709206344,2004,91,91,1.0,True,0.369214285714286,4.558,0,0,15.96
westcoast_0256,crw_138,31.325000762939453,-116.4749984741211,3.203979709206344,2005,90,90,1.0,True,0.8289285714285732,37.974999999999994,5,2,15.96
westcoast_0256,crw_138,31.325000762939453,-116.4749984741211,3.203979709206344,2006,90,90,1.0,True,-0.1904285714285712,0.09350000000000236,0,0,15.96
westcoast_0256,crw_138,31.325000762939453,-116.4749984741211,3.203979709206344,2007,90,90,1.0,True,0.029785714285714145,1.1390000000000011,0,0,15.96
westcoast_0256,crw_138,31.325000762939453,-116.4749984741211,3.203979709206344,2008,91,91,1.0,True,-0.6013571428571434,0.0,0,0,15.96
westcoast_0256,crw_138,31.325000762939453,-116.4749984741211,3.203979709206344,2009,90,90,1.0,True,0.9296428571428574,14.783999999999995,6,6,15.96
westcoast_0256,crw_138,31.325000762939453,-116.4749984741211,3.203979709206344,2010,90,90,1.0,True,0.9015714285714296,40.52349999999999,3,3,15.96
westcoast_0256,crw_138,31.325000762939453,-116.4749984741211,3.203979709206344,2011,90,90,1.0,True,-0.37814285714285667,0.0,0,0,15.96
westcoast_0256,crw_138,31.325000762939453,-116.4749984741211,3.203979709206344,2012,91,91,1.0,True,0.5201428571428574,7.340000000000002,0,0,15.96
westcoast_0256,crw_138,31.325000762939453,-116.4749984741211,3.203979709206344,2013,90,90,1.0,True,-0.4313571428571437,0.0,0,0,15.96
westcoast_0256,crw_138,31.325000762939453,-116.4749984741211,3.203979709206344,2014,90,90,1.0,True,1.41107142857143,84.73649999999999,38,13,15.96
westcoast_0256,crw_138,31.325000762939453,-116.4749984741211,3.203979709206344,2015,90,90,1.0,True,2.3397857142857146,158.87550000000002,88,41,15.96
westcoast_0256,crw_138,31.325000762939453,-116.4749984741211,3.203979709206344,2016,91,91,1.0,True,2.2070714285714286,102.88700000000001,52,29,15.96
westcoast_0256,crw_138,31.325000762939453,-116.4749984741211,3.203979709206344,2017,90,90,1.0,True,0.7165000000000001,13.898500000000002,2,1,15.96
westcoast_0256,crw_138,31.325000762939453,-116.4749984741211,3.203979709206344,2018,90,90,1.0,True,1.8261428571428573,71.7295,34,21,15.96
westcoast_0256,crw_138,31.325000762939453,-116.4749984741211,3.203979709206344,2019,90,90,1.0,True,1.3073571428571429,36.69550000000001,14,8,15.96
westcoast_0256,crw_138,31.325000762939453,-116.4749984741211,3.203979709206344,2020,91,91,1.0,True,1.1817142857142857,41.32049999999999,10,5,15.96
westcoast_0256,crw_138,31.325000762939453,-116.4749984741211,3.203979709206344,2021,90,90,1.0,True,0.24821428571428608,2.6065000000000005,0,0,15.96
westcoast_0256,crw_138,31.325000762939453,-116.4749984741211,3.203979709206344,2022,90,90,1.0,True,0.5782142857142853,13.6235,0,0,15.96
westcoast_0256,crw_138,31.325000762939453,-116.4749984741211,3.203979709206344,2023,90,90,1.0,True,0.4549285714285712,6.293000000000001,0,0,15.96
westcoast_0256,crw_138,31.325000762939453,-116.4749984741211,3.203979709206344,2024,91,90,0.989010989010989,True,1.7502857142857138,40.581999999999994,10,9,15.96
westcoast_0257,crw_139,31.225000381469727,-116.4250030517578,2.011153586524584,1985,90,90,1.0,True,0.15249999999999986,1.6154999999999973,0,0,15.966000000000003
westcoast_0257,crw_139,31.225000381469727,-116.4250030517578,2.011153586524584,1986,90,90,1.0,True,1.1580714285714289,53.9775,11,6,15.966000000000003
westcoast_0257,crw_139,31.225000381469727,-116.4250030517578,2.011153586524584,1987,90,90,1.0,True,0.9024285714285705,27.026999999999987,2,2,15.966000000000003
westcoast_0257,crw_139,31.225000381469727,-116.4250030517578,2.011153586524584,1988,91,91,1.0,True,0.9146428571428574,17.466500000000003,1,1,15.966000000000003
westcoast_0257,crw_139,31.225000381469727,-116.4250030517578,2.011153586524584,1989,90,90,1.0,True,0.26178571428571445,1.9905000000000008,0,0,15.966000000000003
westcoast_0257,crw_139,31.225000381469727,-116.4250030517578,2.011153586524584,1990,90,90,1.0,True,1.0687142857142862,24.092000000000006,8,4,15.966000000000003
westcoast_0257,crw_139,31.225000381469727,-116.4250030517578,2.011153586524584,1991,90,90,1.0,True,0.7773571428571433,33.417500000000004,0,0,15.966000000000003
westcoast_0257,crw_139,31.225000381469727,-116.4250030517578,2.011153586524584,1992,91,91,1.0,True,1.5596785714285715,89.97075000000001,43,11,15.966000000000003
westcoast_0257,crw_139,31.225000381469727,-116.4250030517578,2.011153586524584,1993,90,90,1.0,True,1.1846428571428576,49.99200000000002,12,7,15.966000000000003
westcoast_0257,crw_139,31.225000381469727,-116.4250030517578,2.011153586524584,1994,90,90,1.0,True,0.886571428571429,31.276000000000003,6,3,15.966000000000003
westcoast_0257,crw_139,31.225000381469727,-116.4250030517578,2.011153586524584,1995,90,90,1.0,True,1.798214285714287,71.5565,24,10,15.966000000000003
westcoast_0257,crw_139,31.225000381469727,-116.4250030517578,2.011153586524584,1996,91,91,1.0,True,0.731714285714286,32.570750000000004,3,3,15.966000000000003
westcoast_0257,crw_139,31.225000381469727,-116.4250030517578,2.011153586524584,1997,90,90,1.0,True,0.7660714285714292,10.390000000000004,1,1,15.966000000000003
westcoast_0257,crw_139,31.225000381469727,-116.4250030517578,2.011153586524584,1998,90,90,1.0,True,2.8910714285714283,157.897,66,54,15.966000000000003
westcoast_0257,crw_139,31.225000381469727,-116.4250030517578,2.011153586524584,1999,90,90,1.0,True,-0.6854285714285719,0.0,0,0,15.966000000000003
westcoast_0257,crw_139,31.225000381469727,-116.4250030517578,2.011153586524584,2000,91,91,1.0,True,-0.16792857142857112,0.0,0,0,15.966000000000003
westcoast_0257,crw_139,31.225000381469727,-116.4250030517578,2.011153586524584,2001,90,90,1.0,True,1.1199285714285718,11.3875,4,3,15.966000000000003
westcoast_0257,crw_139,31.225000381469727,-116.4250030517578,2.011153586524584,2002,90,90,1.0,True,0.07935714285714214,0.7394999999999996,0,0,15.966000000000003
westcoast_0257,crw_139,31.225000381469727,-116.4250030517578,2.011153586524584,2003,90,90,1.0,True,1.0292857142857144,20.131500000000006,0,0,15.966000000000003
westcoast_0257,crw_139,31.225000381469727,-116.4250030517578,2.011153586524584,2004,91,91,1.0,True,0.37292857142857194,5.271000000000003,0,0,15.966000000000003
westcoast_0257,crw_139,31.225000381469727,-116.4250030517578,2.011153586524584,2005,90,90,1.0,True,0.8777142857142852,38.8865,6,3,15.966000000000003
westcoast_0257,crw_139,31.225000381469727,-116.4250030517578,2.011153586524584,2006,90,90,1.0,True,-0.3324285714285722,0.0,0,0,15.966000000000003
westcoast_0257,crw_139,31.225000381469727,-116.4250030517578,2.011153586524584,2007,90,90,1.0,True,0.06614285714285652,1.6544999999999916,0,0,15.966000000000003
westcoast_0257,crw_139,31.225000381469727,-116.4250030517578,2.011153586524584,2008,91,91,1.0,True,-0.41714285714285765,0.0,0,0,15.966000000000003
westcoast_0257,crw_139,31.225000381469727,-116.4250030517578,2.011153586524584,2009,90,90,1.0,True,0.9294285714285729,16.942,6,6,15.966000000000003
westcoast_0257,crw_139,31.225000381469727,-116.4250030517578,2.011153586524584,2010,90,90,1.0,True,0.9568571428571436,42.402,6,6,15.966000000000003
westcoast_0257,crw_139,31.225000381469727,-116.4250030517578,2.011153586524584,2011,90,90,1.0,True,-0.4046428571428568,0.0,0,0,15.966000000000003
westcoast_0257,crw_139,31.225000381469727,-116.4250030517578,2.011153586524584,2012,91,91,1.0,True,0.39014285714285635,5.937999999999986,0,0,15.966000000000003
westcoast_0257,crw_139,31.225000381469727,-116.4250030517578,2.011153586524584,2013,90,90,1.0,True,-0.34249999999999986,0.0,0,0,15.966000000000003
westcoast_0257,crw_139,31.225000381469727,-116.4250030517578,2.011153586524584,2014,90,90,1.0,True,1.4410714285714283,80.0975,36,13,15.966000000000003
westcoast_0257,crw_139,31.225000381469727,-116.4250030517578,2.011153586524584,2015,90,90,1.0,True,2.3417142857142856,160.997,88,41,15.966000000000003
westcoast_0257,crw_139,31.225000381469727,-116.4250030517578,2.011153586524584,2016,91,91,1.0,True,2.176428571428572,100.60775000000001,51,29,15.966000000000003
westcoast_0257,crw_139,31.225000381469727,-116.4250030517578,2.011153586524584,2017,90,90,1.0,True,0.5897142857142857,11.99650000000001,1,1,15.966000000000003
westcoast_0257,crw_139,31.225000381469727,-116.4250030517578,2.011153586524584,2018,90,90,1.0,True,1.9377857142857144,73.57300000000001,38,21,15.966000000000003
westcoast_0257,crw_139,31.225000381469727,-116.4250030517578,2.011153586524584,2019,90,90,1.0,True,1.2317142857142858,37.31400000000001,13,5,15.966000000000003
westcoast_0257,crw_139,31.225000381469727,-116.4250030517578,2.011153586524584,2020,91,91,1.0,True,1.1715714285714287,41.19375000000001,9,5,15.966000000000003
westcoast_0257,crw_139,31.225000381469727,-116.4250030517578,2.011153586524584,2021,90,90,1.0,True,0.2467857142857152,2.710500000000005,0,0,15.966000000000003
westcoast_0257,crw_139,31.225000381469727,-116.4250030517578,2.011153586524584,2022,90,90,1.0,True,0.5252857142857137,12.312499999999998,0,0,15.966000000000003
westcoast_0257,crw_139,31.225000381469727,-116.4250030517578,2.011153586524584,2023,90,90,1.0,True,0.4634999999999998,5.598499999999991,0,0,15.966000000000003
westcoast_0257,crw_139,31.225000381469727,-116.4250030517578,2.011153586524584,2024,91,90,0.989010989010989,True,1.7350714285714282,41.286249999999995,11,9,15.966000000000003
westcoast_0258,crw_140,31.225000381469727,-116.375,3.758742415099845,1985,90,90,1.0,True,0.13685714285714262,1.4625000000000004,0,0,15.966000000000003
westcoast_0258,crw_140,31.225000381469727,-116.375,3.758742415099845,1986,90,90,1.0,True,1.1474285714285717,54.211000000000006,12,6,15.966000000000003
westcoast_0258,crw_140,31.225000381469727,-116.375,3.758742415099845,1987,90,90,1.0,True,0.8585714285714283,25.241500000000002,2,2,15.966000000000003
westcoast_0258,crw_140,31.225000381469727,-116.375,3.758742415099845,1988,91,91,1.0,True,0.9146428571428574,17.096500000000006,1,1,15.966000000000003
westcoast_0258,crw_140,31.225000381469727,-116.375,3.758742415099845,1989,90,90,1.0,True,0.2560714285714286,1.9674999999999994,0,0,15.966000000000003
westcoast_0258,crw_140,31.225000381469727,-116.375,3.758742415099845,1990,90,90,1.0,True,1.0280000000000005,23.4675,8,4,15.966000000000003
westcoast_0258,crw_140,31.225000381469727,-116.375,3.758742415099845,1991,90,90,1.0,True,0.7734285714285714,33.496999999999986,0,0,15.966000000000003
westcoast_0258,crw_140,31.225000381469727,-116.375,3.758742415099845,1992,91,91,1.0,True,1.5556428571428567,88.92000000000002,42,11,15.966000000000003
westcoast_0258,crw_140,31.225000381469727,-116.375,3.758742415099845,1993,90,90,1.0,True,1.1432142857142864,50.1725,12,7,15.966000000000003
westcoast_0258,crw_140,31.225000381469727,-116.375,3.758742415099845,1994,90,90,1.0,True,0.917000000000001,31.12100000000001,6,3,15.966000000000003
westcoast_0258,crw_140,31.225000381469727,-116.375,3.758742415099845,1995,90,90,1.0,True,1.7817857142857148,70.8075,25,10,15.966000000000003
westcoast_0258,crw_140,31.225000381469727,-116.375,3.758742415099845,1996,91,91,1.0,True,0.7460000000000002,33.661500000000004,3,3,15.966000000000003
westcoast_0258,crw_140,31.225000381469727,-116.375,3.758742415099845,1997,90,90,1.0,True,0.7460714285714288,10.282500000000004,0,0,15.966000000000003
westcoast_0258,crw_140,31.225000381469727,-116.375,3.758742415099845,1998,90,90,1.0,True,2.8581428571428567,157.27949999999998,66,54,15.966000000000003
westcoast_0258,crw_140,31.225000381469727,-116.375,3.758742415099845,1999,90,90,1.0,True,-0.6956428571428569,0.0,0,0,15.966000000000003
westcoast_0258,crw_140,31.225000381469727,-116.375,3.758742415099845,2000,91,91,1.0,True,-0.18392857142857214,0.0,0,0,15.966000000000003
westcoast_0258,crw_140,31.225000381469727,-116.375,3.758742415099845,2001,90,90,1.0,True,1.0992142857142857,11.118499999999996,4,3,15.966000000000003
westcoast_0258,crw_140,31.225000381469727,-116.375,3.758742415099845,2002,90,90,1.0,True,0.04900000000000025,0.553500000000005,0,0,15.966000000000003
westcoast_0258,crw_140,31.225000381469727,-116.375,3.758742415099845,2003,90,90,1.0,True,1.0414285714285716,20.827499999999983,0,0,15.966000000000003
westcoast_0258,crw_140,31.225000381469727,-116.375,3.758742415099845,2004,91,91,1.0,True,0.36128571428571477,5.498000000000001,0,0,15.966000000000003
westcoast_0258,crw_140,31.225000381469727,-116.375,3.758742415099845,2005,90,90,1.0,True,0.8957857142857131,39.36449999999999,6,3,15.966000000000003
westcoast_0258,crw_140,31.225000381469727,-116.375,3.758742415099845,2006,90,90,1.0,True,-0.3319285714285711,0.0,0,0,15.966000000000003
westcoast_0258,crw_140,31.225000381469727,-116.375,3.758742415099845,2007,90,90,1.0,True,0.096642857142857,1.9109999999999996,0,0,15.966000000000003
westcoast_0258,crw_140,31.225000381469727,-116.375,3.758742415099845,2008,91,91,1.0,True,-0.3868571428571429,0.0,0,0,15.966000000000003
westcoast_0258,crw_140,31.225000381469727,-116.375,3.758742415099845,2009,90,90,1.0,True,0.9442857142857147,17.908499999999997,6,6,15.966000000000003
westcoast_0258,crw_140,31.225000381469727,-116.375,3.758742415099845,2010,90,90,1.0,True,0.9802142857142859,43.50699999999999,6,6,15.966000000000003
westcoast_0258,crw_140,31.225000381469727,-116.375,3.758742415099845,2011,90,90,1.0,True,-0.4052857142857145,0.0,0,0,15.966000000000003
westcoast_0258,crw_140,31.225000381469727,-116.375,3.758742415099845,2012,91,91,1.0,True,0.3854999999999999,5.921999999999997,0,0,15.966000000000003
westcoast_0258,crw_140,31.225000381469727,-116.375,3.758742415099845,2013,90,90,1.0,True,-0.32250000000000006,0.0,0,0,15.966000000000003
westcoast_0258,crw_140,31.225000381469727,-116.375,3.758742415099845,2014,90,90,1.0,True,1.439142857142857,79.18999999999998,36,13,15.966000000000003
westcoast_0258,crw_140,31.225000381469727,-116.375,3.758742415099845,2015,90,90,1.0,True,2.3625,161.69950000000003,87,41,15.966000000000003
westcoast_0258,crw_140,31.225000381469727,-116.375,3.758742415099845,2016,91,91,1.0,True,2.1785714285714293,100.408,50,29,15.966000000000003
westcoast_0258,crw_140,31.225000381469727,-116.375,3.758742415099845,2017,90,90,1.0,True,0.5644999999999997,11.57699999999999,1,1,15.966000000000003
westcoast_0258,crw_140,31.225000381469727,-116.375,3.758742415099845,2018,90,90,1.0,True,1.9368571428571433,73.5355,37,21,15.966000000000003
westcoast_0258,crw_140,31.225000381469727,-116.375,3.758742415099845,2019,90,90,1.0,True,1.2039285714285715,36.935500000000005,12,5,15.966000000000003
westcoast_0258,crw_140,31.225000381469727,-116.375,3.758742415099845,2020,91,91,1.0,True,1.149571428571429,40.030499999999996,10,5,15.966000000000003
westcoast_0258,crw_140,31.225000381469727,-116.375,3.758742415099845,2021,90,90,1.0,True,0.23900000000000002,2.6374999999999993,0,0,15.966000000000003
westcoast_0258,crw_140,31.225000381469727,-116.375,3.758742415099845,2022,90,90,1.0,True,0.5249999999999996,11.8265,0,0,15.966000000000003
westcoast_0258,crw_140,31.225000381469727,-116.375,3.758742415099845,2023,90,90,1.0,True,0.44257142857142845,5.148999999999997,0,0,15.966000000000003
westcoast_0258,crw_140,31.225000381469727,-116.375,3.758742415099845,2024,91,90,0.989010989010989,True,1.7267142857142854,40.386999999999986,11,9,15.966000000000003
westcoast_0262,crw_141,30.924999237060547,-116.2750015258789,5.727398857947699,1985,90,90,1.0,True,-0.11550000000000006,0.09499999999999886,0,0,16.13
westcoast_0262,crw_141,30.924999237060547,-116.2750015258789,5.727398857947699,1986,90,90,1.0,True,1.3049285714285717,53.74149999999999,15,7,16.13
westcoast_0262,crw_141,30.924999237060547,-116.2750015258789,5.727398857947699,1987,90,90,1.0,True,0.5344999999999995,17.97499999999999,0,0,16.13
westcoast_0262,crw_141,30.924999237060547,-116.2750015258789,5.727398857947699,1988,91,91,1.0,True,1.0409285714285714,22.443749999999994,3,2,16.13
westcoast_0262,crw_141,30.924999237060547,-116.2750015258789,5.727398857947699,1989,90,90,1.0,True,0.0740714285714285,1.209999999999999,0,0,16.13
westcoast_0262,crw_141,30.924999237060547,-116.2750015258789,5.727398857947699,1990,90,90,1.0,True,0.9045,21.95199999999999,6,3,16.13
westcoast_0262,crw_141,30.924999237060547,-116.2750015258789,5.727398857947699,1991,90,90,1.0,True,0.9248571428571426,39.697,4,3,16.13
westcoast_0262,crw_141,30.924999237060547,-116.2750015258789,5.727398857947699,1992,91,91,1.0,True,1.586,88.47475,29,11,16.13
westcoast_0262,crw_141,30.924999237060547,-116.2750015258789,5.727398857947699,1993,90,90,1.0,True,1.2497142857142862,55.33049999999999,12,6,16.13
westcoast_0262,crw_141,30.924999237060547,-116.2750015258789,5.727398857947699,1994,90,90,1.0,True,0.6394285714285708,27.887999999999987,0,0,16.13
westcoast_0262,crw_141,30.924999237060547,-116.2750015258789,5.727398857947699,1995,90,90,1.0,True,1.773357142857144,78.75750000000001,30,10,16.13
westcoast_0262,crw_141,30.924999237060547,-116.2750015258789,5.727398857947699,1996,91,91,1.0,True,0.8519285714285711,39.41474999999999,5,5,16.13
westcoast_0262,crw_141,30.924999237060547,-116.2750015258789,5.727398857947699,1997,90,90,1.0,True,0.6883571428571429,13.027999999999995,3,3,16.13
westcoast_0262,crw_141,30.924999237060547,-116.2750015258789,5.727398857947699,1998,90,90,1.0,True,2.8477142857142854,160.72950000000003,66,58,16.13
westcoast_0262,crw_141,30.924999237060547,-116.2750015258789,5.727398857947699,1999,90,90,1.0,True,-0.756571428571429,0.0,0,0,16.13
westcoast_0262,crw_141,30.924999237060547,-116.2750015258789,5.727398857947699,2000,91,91,1.0,True,-0.26878571428571413,0.0,0,0,16.13
westcoast_0262,crw_141,30.924999237060547,-116.2750015258789,5.727398857947699,2001,90,90,1.0,True,0.9081428571428566,10.05,2,1,16.13
westcoast_0262,crw_141,30.924999237060547,-116.2750015258789,5.727398857947699,2002,90,90,1.0,True,0.23021428571428565,1.6590000000000007,0,0,16.13
westcoast_0262,crw_141,30.924999237060547,-116.2750015258789,5.727398857947699,2003,90,90,1.0,True,1.0780714285714286,24.754,2,1,16.13
westcoast_0262,crw_141,30.924999237060547,-116.2750015258789,5.727398857947699,2004,91,91,1.0,True,0.34478571428571364,4.394999999999991,0,0,16.13
westcoast_0262,crw_141,30.924999237060547,-116.2750015258789,5.727398857947699,2005,90,90,1.0,True,1.0584999999999998,38.76549999999998,6,5,16.13
westcoast_0262,crw_141,30.924999237060547,-116.2750015258789,5.727398857947699,2006,90,90,1.0,True,-0.5042857142857147,0.0,0,0,16.13
westcoast_0262,crw_141,30.924999237060547,-116.2750015258789,5.727398857947699,2007,90,90,1.0,True,0.12714285714285797,2.350000000000005,0,0,16.13
westcoast_0262,crw_141,30.924999237060547,-116.2750015258789,5.727398857947699,2008,91,91,1.0,True,-0.46921428571428664,0.0,0,0,16.13
westcoast_0262,crw_141,30.924999237060547,-116.2750015258789,5.727398857947699,2009,90,90,1.0,True,0.6640000000000005,16.744500000000002,1,1,16.13
westcoast_0262,crw_141,30.924999237060547,-116.2750015258789,5.727398857947699,2010,90,90,1.0,True,1.069142857142858,51.468,14,13,16.13
westcoast_0262,crw_141,30.924999237060547,-116.2750015258789,5.727398857947699,2011,90,90,1.0,True,-0.28028571428571397,0.0,0,0,16.13
westcoast_0262,crw_141,30.924999237060547,-116.2750015258789,5.727398857947699,2012,91,91,1.0,True,0.2580000000000001,3.615999999999998,0,0,16.13
westcoast_0262,crw_141,30.924999237060547,-116.2750015258789,5.727398857947699,2013,90,90,1.0,True,-0.31314285714285717,0.0,0,0,16.13
westcoast_0262,crw_141,30.924999237060547,-116.2750015258789,5.727398857947699,2014,90,90,1.0,True,1.5894999999999997,79.1665,28,10,16.13
westcoast_0262,crw_141,30.924999237060547,-116.2750015258789,5.727398857947699,2015,90,90,1.0,True,2.308785714285715,170.57950000000002,88,62,16.13
westcoast_0262,crw_141,30.924999237060547,-116.2750015258789,5.727398857947699,2016,91,91,1.0,True,1.997964285714286,101.42075000000003,47,28,16.13
westcoast_0262,crw_141,30.924999237060547,-116.2750015258789,5.727398857947699,2017,90,90,1.0,True,0.5491428571428573,13.658999999999999,3,2,16.13
westcoast_0262,crw_141,30.924999237060547,-116.2750015258789,5.727398857947699,2018,90,90,1.0,True,1.9479285714285717,76.21650000000001,40,22,16.13
westcoast_0262,crw_141,30.924999237060547,-116.2750015258789,5.727398857947699,2019,90,90,1.0,True,1.1128571428571423,38.309999999999995,9,5,16.13
westcoast_0262,crw_141,30.924999237060547,-116.2750015258789,5.727398857947699,2020,91,91,1.0,True,1.1350714285714285,36.58974999999999,5,3,16.13
westcoast_0262,crw_141,30.924999237060547,-116.2750015258789,5.727398857947699,2021,90,90,1.0,True,0.4252857142857143,4.754499999999997,0,0,16.13
westcoast_0262,crw_141,30.924999237060547,-116.2750015258789,5.727398857947699,2022,90,90,1.0,True,0.412071428571429,7.657999999999996,0,0,16.13
westcoast_0262,crw_141,30.924999237060547,-116.2750015258789,5.727398857947699,2023,90,90,1.0,True,0.46164285714285697,4.506499999999999,1,1,16.13
westcoast_0262,crw_141,30.924999237060547,-116.2750015258789,5.727398857947699,2024,91,90,0.989010989010989,True,1.6916428571428577,37.77675000000001,9,9,16.13
westcoast_0263,crw_142,30.875,-116.2249984741211,0.9465927550240198,1985,90,90,1.0,True,-0.03142857142857177,0.2649999999999988,0,0,16.11
westcoast_0263,crw_142,30.875,-116.2249984741211,0.9465927550240198,1986,90,90,1.0,True,1.3492142857142866,53.6015,17,7,16.11
westcoast_0263,crw_142,30.875,-116.2249984741211,0.9465927550240198,1987,90,90,1.0,True,0.5892857142857143,21.2195,0,0,16.11
westcoast_0263,crw_142,30.875,-116.2249984741211,0.9465927550240198,1988,91,91,1.0,True,1.069857142857144,23.52325000000001,2,2,16.11
westcoast_0263,crw_142,30.875,-116.2249984741211,0.9465927550240198,1989,90,90,1.0,True,0.07971428571428645,1.2625000000000028,0,0,16.11
westcoast_0263,crw_142,30.875,-116.2249984741211,0.9465927550240198,1990,90,90,1.0,True,0.9914285714285717,22.387000000000015,4,3,16.11
westcoast_0263,crw_142,30.875,-116.2249984741211,0.9465927550240198,1991,90,90,1.0,True,0.9247857142857144,39.90499999999999,3,3,16.11
westcoast_0263,crw_142,30.875,-116.2249984741211,0.9465927550240198,1992,91,91,1.0,True,1.562714285714286,87.88475000000001,29,11,16.11
westcoast_0263,crw_142,30.875,-116.2249984741211,0.9465927550240198,1993,90,90,1.0,True,1.250785714285714,55.660000000000004,14,6,16.11
westcoast_0263,crw_142,30.875,-116.2249984741211,0.9465927550240198,1994,90,90,1.0,True,0.5895714285714284,25.6745,0,0,16.11
westcoast_0263,crw_142,30.875,-116.2249984741211,0.9465927550240198,1995,90,90,1.0,True,1.7561428571428568,80.28999999999999,33,10,16.11
westcoast_0263,crw_142,30.875,-116.2249984741211,0.9465927550240198,1996,91,91,1.0,True,0.9397857142857143,41.86025,5,5,16.11
westcoast_0263,crw_142,30.875,-116.2249984741211,0.9465927550240198,1997,90,90,1.0,True,0.7325714285714293,13.094500000000002,2,2,16.11
westcoast_0263,crw_142,30.875,-116.2249984741211,0.9465927550240198,1998,90,90,1.0,True,2.864785714285714,161.63300000000004,66,58,16.11
westcoast_0263,crw_142,30.875,-116.2249984741211,0.9465927550240198,1999,90,90,1.0,True,-0.7171428571428576,0.0,0,0,16.11
westcoast_0263,crw_142,30.875,-116.2249984741211,0.9465927550240198,2000,91,91,1.0,True,-0.30928571428571444,0.0,0,0,16.11
westcoast_0263,crw_142,30.875,-116.2249984741211,0.9465927550240198,2001,90,90,1.0,True,0.8172142857142861,9.678000000000003,2,1,16.11
westcoast_0263,crw_142,30.875,-116.2249984741211,0.9465927550240198,2002,90,90,1.0,True,0.20857142857142844,1.532,0,0,16.11
westcoast_0263,crw_142,30.875,-116.2249984741211,0.9465927550240198,2003,90,90,1.0,True,1.1735714285714283,24.433999999999997,3,3,16.11
westcoast_0263,crw_142,30.875,-116.2249984741211,0.9465927550240198,2004,91,91,1.0,True,0.352642857142857,3.950000000000001,0,0,16.11
westcoast_0263,crw_142,30.875,-116.2249984741211,0.9465927550240198,2005,90,90,1.0,True,1.0801428571428568,38.59049999999999,6,5,16.11
westcoast_0263,crw_142,30.875,-116.2249984741211,0.9465927550240198,2006,90,90,1.0,True,-0.7026428571428573,0.0,0,0,16.11
westcoast_0263,crw_142,30.875,-116.2249984741211,0.9465927550240198,2007,90,90,1.0,True,0.19935714285714262,2.6500000000000004,0,0,16.11
westcoast_0263,crw_142,30.875,-116.2249984741211,0.9465927550240198,2008,91,91,1.0,True,-0.577928571428571,0.0,0,0,16.11
westcoast_0263,crw_142,30.875,-116.2249984741211,0.9465927550240198,2009,90,90,1.0,True,0.5083571428571432,12.351499999999996,1,1,16.11
westcoast_0263,crw_142,30.875,-116.2249984741211,0.9465927550240198,2010,90,90,1.0,True,1.070500000000001,52.82950000000001,12,4,16.11
westcoast_0263,crw_142,30.875,-116.2249984741211,0.9465927550240198,2011,90,90,1.0,True,-0.33114285714285707,0.0,0,0,16.11
westcoast_0263,crw_142,30.875,-116.2249984741211,0.9465927550240198,2012,91,91,1.0,True,0.19442857142857153,2.5249999999999986,0,0,16.11
westcoast_0263,crw_142,30.875,-116.2249984741211,0.9465927550240198,2013,90,90,1.0,True,-0.21092857142857088,0.0,0,0,16.11
westcoast_0263,crw_142,30.875,-116.2249984741211,0.9465927550240198,2014,90,90,1.0,True,1.4582857142857144,72.70800000000001,27,10,16.11
westcoast_0263,crw_142,30.875,-116.2249984741211,0.9465927550240198,2015,90,90,1.0,True,2.3583571428571433,174.11300000000006,88,62,16.11
westcoast_0263,crw_142,30.875,-116.2249984741211,0.9465927550240198,2016,91,91,1.0,True,2.042607142857143,99.03175000000003,49,28,16.11
westcoast_0263,crw_142,30.875,-116.2249984741211,0.9465927550240198,2017,90,90,1.0,True,0.4626428571428572,11.696500000000002,2,1,16.11
westcoast_0263,crw_142,30.875,-116.2249984741211,0.9465927550240198,2018,90,90,1.0,True,1.9490714285714288,74.40599999999999,38,21,16.11
westcoast_0263,crw_142,30.875,-116.2249984741211,0.9465927550240198,2019,90,90,1.0,True,1.0797857142857143,37.881,8,5,16.11
westcoast_0263,crw_142,30.875,-116.2249984741211,0.9465927550240198,2020,91,91,1.0,True,1.2441428571428574,37.81675,7,4,16.11
westcoast_0263,crw_142,30.875,-116.2249984741211,0.9465927550240198,2021,90,90,1.0,True,0.4085714285714285,4.545000000000002,0,0,16.11
westcoast_0263,crw_142,30.875,-116.2249984741211,0.9465927550240198,2022,90,90,1.0,True,0.48878571428571405,7.759499999999992,0,0,16.11
westcoast_0263,crw_142,30.875,-116.2249984741211,0.9465927550240198,2023,90,90,1.0,True,0.4228571428571427,4.491999999999999,1,1,16.11
westcoast_0263,crw_142,30.875,-116.2249984741211,0.9465927550240198,2024,91,90,0.989010989010989,True,1.6857142857142862,35.91225,8,8,16.11
westcoast_0268,crw_143,30.524999618530277,-116.125,1.923901923842454,1985,90,90,1.0,True,-0.19457142857142834,0.0,0,0,16.23
westcoast_0268,crw_143,30.524999618530277,-116.125,1.923901923842454,1986,90,90,1.0,True,1.2070000000000005,53.569500000000005,14,5,16.23
westcoast_0268,crw_143,30.524999618530277,-116.125,1.923901923842454,1987,90,90,1.0,True,0.743214285714286,23.819999999999986,2,2,16.23
westcoast_0268,crw_143,30.524999618530277,-116.125,1.923901923842454,1988,91,91,1.0,True,1.1573571428571428,22.9855,3,3,16.23
westcoast_0268,crw_143,30.524999618530277,-116.125,1.923901923842454,1989,90,90,1.0,True,0.040785714285713884,1.1544999999999987,0,0,16.23
westcoast_0268,crw_143,30.524999618530277,-116.125,1.923901923842454,1990,90,90,1.0,True,0.9240000000000003,18.276999999999994,6,6,16.23
westcoast_0268,crw_143,30.524999618530277,-116.125,1.923901923842454,1991,90,90,1.0,True,0.8277142857142861,38.063,3,2,16.23
westcoast_0268,crw_143,30.524999618530277,-116.125,1.923901923842454,1992,91,91,1.0,True,1.6287857142857138,86.9405,27,11,16.23
westcoast_0268,crw_143,30.524999618530277,-116.125,1.923901923842454,1993,90,90,1.0,True,1.4310000000000003,54.48699999999999,18,6,16.23
westcoast_0268,crw_143,30.524999618530277,-116.125,1.923901923842454,1994,90,90,1.0,True,0.6580714285714286,23.419999999999995,1,1,16.23
westcoast_0268,crw_143,30.524999618530277,-116.125,1.923901923842454,1995,90,90,1.0,True,1.7772142857142863,69.56,27,10,16.23
westcoast_0268,crw_143,30.524999618530277,-116.125,1.923901923842454,1996,91,91,1.0,True,1.273785714285715,37.0425,8,6,16.23
westcoast_0268,crw_143,30.524999618530277,-116.125,1.923901923842454,1997,90,90,1.0,True,0.7865,14.008999999999995,6,6,16.23
westcoast_0268,crw_143,30.524999618530277,-116.125,1.923901923842454,1998,90,90,1.0,True,3.006857142857143,163.1225,59,51,16.23
westcoast_0268,crw_143,30.524999618530277,-116.125,1.923901923842454,1999,90,90,1.0,True,-0.7003571428571426,0.0,0,0,16.23
westcoast_0268,crw_143,30.524999618530277,-116.125,1.923901923842454,2000,91,91,1.0,True,-0.18557142857142925,0.0,0,0,16.23
westcoast_0268,crw_143,30.524999618530277,-116.125,1.923901923842454,2001,90,90,1.0,True,0.7253571428571427,11.2725,4,3,16.23
westcoast_0268,crw_143,30.524999618530277,-116.125,1.923901923842454,2002,90,90,1.0,True,-0.2677857142857142,0.0,0,0,16.23
westcoast_0268,crw_143,30.524999618530277,-116.125,1.923901923842454,2003,90,90,1.0,True,1.0679999999999998,22.344000000000012,0,0,16.23
westcoast_0268,crw_143,30.524999618530277,-116.125,1.923901923842454,2004,91,91,1.0,True,0.36599999999999966,4.2879999999999985,0,0,16.23
westcoast_0268,crw_143,30.524999618530277,-116.125,1.923901923842454,2005,90,90,1.0,True,0.8203571428571431,32.18600000000001,0,0,16.23
westcoast_0268,crw_143,30.524999618530277,-116.125,1.923901923842454,2006,90,90,1.0,True,-0.8307142857142856,0.0,0,0,16.23
westcoast_0268,crw_143,30.524999618530277,-116.125,1.923901923842454,2007,90,90,1.0,True,0.15242857142857144,1.7230000000000008,0,0,16.23
westcoast_0268,crw_143,30.524999618530277,-116.125,1.923901923842454,2008,91,91,1.0,True,-0.6006428571428574,0.0,0,0,16.23
westcoast_0268,crw_143,30.524999618530277,-116.125,1.923901923842454,2009,90,90,1.0,True,0.6670000000000004,11.370499999999993,2,2,16.23
westcoast_0268,crw_143,30.524999618530277,-116.125,1.923901923842454,2010,90,90,1.0,True,1.1529999999999998,49.966499999999996,9,6,16.23
westcoast_0268,crw_143,30.524999618530277,-116.125,1.923901923842454,2011,90,90,1.0,True,-0.6219285714285719,0.0,0,0,16.23
westcoast_0268,crw_143,30.524999618530277,-116.125,1.923901923842454,2012,91,91,1.0,True,0.168214285714286,1.9049999999999976,0,0,16.23
westcoast_0268,crw_143,30.524999618530277,-116.125,1.923901923842454,2013,90,90,1.0,True,-0.23764285714285727,0.31150000000000055,0,0,16.23
westcoast_0268,crw_143,30.524999618530277,-116.125,1.923901923842454,2014,90,90,1.0,True,1.385642857142858,65.47800000000001,19,4,16.23
westcoast_0268,crw_143,30.524999618530277,-116.125,1.923901923842454,2015,90,90,1.0,True,2.6682142857142854,176.89250000000004,90,90,16.23
westcoast_0268,crw_143,30.524999618530277,-116.125,1.923901923842454,2016,91,91,1.0,True,2.0174999999999996,100.26250000000003,53,29,16.23
westcoast_0268,crw_143,30.524999618530277,-116.125,1.923901923842454,2017,90,90,1.0,True,0.8242142857142853,17.504500000000007,1,1,16.23
westcoast_0268,crw_143,30.524999618530277,-116.125,1.923901923842454,2018,90,90,1.0,True,1.9695000000000011,84.118,43,24,16.23
westcoast_0268,crw_143,30.524999618530277,-116.125,1.923901923842454,2019,90,90,1.0,True,1.1685,45.703999999999986,14,5,16.23
westcoast_0268,crw_143,30.524999618530277,-116.125,1.923901923842454,2020,91,91,1.0,True,1.2635714285714281,38.43149999999999,4,4,16.23
westcoast_0268,crw_143,30.524999618530277,-116.125,1.923901923842454,2021,90,90,1.0,True,0.3096428571428567,3.6314999999999955,0,0,16.23
westcoast_0268,crw_143,30.524999618530277,-116.125,1.923901923842454,2022,90,90,1.0,True,0.6646428571428571,9.832500000000003,0,0,16.23
westcoast_0268,crw_143,30.524999618530277,-116.125,1.923901923842454,2023,90,90,1.0,True,0.1226428571428568,1.9894999999999978,0,0,16.23
westcoast_0268,crw_143,30.524999618530277,-116.125,1.923901923842454,2024,91,90,0.989010989010989,True,1.6297142857142872,37.93850000000001,9,9,16.23
westcoast_0273,crw_144,30.225000381469727,-115.8249969482422,1.4038027710210212,1985,90,90,1.0,True,-0.016071428571427657,0.6964999999999986,0,0,16.27
westcoast_0273,crw_144,30.225000381469727,-115.8249969482422,1.4038027710210212,1986,90,90,1.0,True,1.1365000000000005,40.98050000000002,9,6,16.27
westcoast_0273,crw_144,30.225000381469727,-115.8249969482422,1.4038027710210212,1987,90,90,1.0,True,0.658928571428571,19.630500000000005,1,1,16.27
westcoast_0273,crw_144,30.225000381469727,-115.8249969482422,1.4038027710210212,1988,91,91,1.0,True,1.1249285714285713,22.68050000000001,5,4,16.27
westcoast_0273,crw_144,30.225000381469727,-115.8249969482422,1.4038027710210212,1989,90,90,1.0,True,0.002214285714285629,0.8925000000000001,0,0,16.27
westcoast_0273,crw_144,30.225000381469727,-115.8249969482422,1.4038027710210212,1990,90,90,1.0,True,0.9125000000000009,14.313500000000003,4,3,16.27
westcoast_0273,crw_144,30.225000381469727,-115.8249969482422,1.4038027710210212,1991,90,90,1.0,True,0.9322142857142863,32.3485,0,0,16.27
westcoast_0273,crw_144,30.225000381469727,-115.8249969482422,1.4038027710210212,1992,91,91,1.0,True,1.659285714285714,85.27150000000003,27,11,16.27
westcoast_0273,crw_144,30.225000381469727,-115.8249969482422,1.4038027710210212,1993,90,90,1.0,True,1.3357142857142867,58.582000000000015,18,6,16.27
westcoast_0273,crw_144,30.225000381469727,-115.8249969482422,1.4038027710210212,1994,90,90,1.0,True,0.5954999999999997,28.66550000000001,1,1,16.27
westcoast_0273,crw_144,30.225000381469727,-115.8249969482422,1.4038027710210212,1995,90,90,1.0,True,1.718857142857143,63.71750000000003,26,9,16.27
westcoast_0273,crw_144,30.225000381469727,-115.8249969482422,1.4038027710210212,1996,91,91,1.0,True,1.293785714285715,51.9525,14,6,16.27
westcoast_0273,crw_144,30.225000381469727,-115.8249969482422,1.4038027710210212,1997,90,90,1.0,True,0.4225000000000002,5.507500000000002,3,3,16.27
westcoast_0273,crw_144,30.225000381469727,-115.8249969482422,1.4038027710210212,1998,90,90,1.0,True,3.031071428571429,166.76650000000004,62,51,16.27
westcoast_0273,crw_144,30.225000381469727,-115.8249969482422,1.4038027710210212,1999,90,90,1.0,True,-0.7448571428571434,0.0,0,0,16.27
westcoast_0273,crw_144,30.225000381469727,-115.8249969482422,1.4038027710210212,2000,91,91,1.0,True,-0.14542857142857152,0.0,0,0,16.27
westcoast_0273,crw_144,30.225000381469727,-115.8249969482422,1.4038027710210212,2001,90,90,1.0,True,1.0882142857142856,13.734,7,3,16.27
westcoast_0273,crw_144,30.225000381469727,-115.8249969482422,1.4038027710210212,2002,90,90,1.0,True,-0.25678571428571473,0.0,0,0,16.27
westcoast_0273,crw_144,30.225000381469727,-115.8249969482422,1.4038027710210212,2003,90,90,1.0,True,1.0874285714285719,25.006,0,0,16.27
westcoast_0273,crw_144,30.225000381469727,-115.8249969482422,1.4038027710210212,2004,91,91,1.0,True,0.2616428571428574,4.734500000000001,0,0,16.27
westcoast_0273,crw_144,30.225000381469727,-115.8249969482422,1.4038027710210212,2005,90,90,1.0,True,0.8145714285714283,30.1755,1,1,16.27
westcoast_0273,crw_144,30.225000381469727,-115.8249969482422,1.4038027710210212,2006,90,90,1.0,True,-0.517785714285714,0.0,0,0,16.27
westcoast_0273,crw_144,30.225000381469727,-115.8249969482422,1.4038027710210212,2007,90,90,1.0,True,0.3614285714285718,5.334000000000003,0,0,16.27
westcoast_0273,crw_144,30.225000381469727,-115.8249969482422,1.4038027710210212,2008,91,91,1.0,True,-0.5595714285714285,0.0,0,0,16.27
westcoast_0273,crw_144,30.225000381469727,-115.8249969482422,1.4038027710210212,2009,90,90,1.0,True,0.5926428571428567,12.232000000000001,2,2,16.27
westcoast_0273,crw_144,30.225000381469727,-115.8249969482422,1.4038027710210212,2010,90,90,1.0,True,1.502285714285714,62.151000000000025,27,16,16.27
westcoast_0273,crw_144,30.225000381469727,-115.8249969482422,1.4038027710210212,2011,90,90,1.0,True,-0.6816428571428573,0.0,0,0,16.27
westcoast_0273,crw_144,30.225000381469727,-115.8249969482422,1.4038027710210212,2012,91,91,1.0,True,0.2151428571428569,2.227499999999999,0,0,16.27
westcoast_0273,crw_144,30.225000381469727,-115.8249969482422,1.4038027710210212,2013,90,90,1.0,True,0.07671428571428608,0.9174999999999986,0,0,16.27
westcoast_0273,crw_144,30.225000381469727,-115.8249969482422,1.4038027710210212,2014,90,90,1.0,True,1.4849285714285718,60.39100000000002,21,12,16.27
westcoast_0273,crw_144,30.225000381469727,-115.8249969482422,1.4038027710210212,2015,90,90,1.0,True,2.664928571428572,187.03650000000005,90,90,16.27
westcoast_0273,crw_144,30.225000381469727,-115.8249969482422,1.4038027710210212,2016,91,91,1.0,True,2.1285000000000016,110.04350000000004,62,32,16.27
westcoast_0273,crw_144,30.225000381469727,-115.8249969482422,1.4038027710210212,2017,90,90,1.0,True,0.4714285714285718,13.536500000000007,1,1,16.27
westcoast_0273,crw_144,30.225000381469727,-115.8249969482422,1.4038027710210212,2018,90,90,1.0,True,2.2065714285714284,85.83500000000004,45,23,16.27
westcoast_0273,crw_144,30.225000381469727,-115.8249969482422,1.4038027710210212,2019,90,90,1.0,True,1.3089285714285714,43.56950000000002,22,14,16.27
westcoast_0273,crw_144,30.225000381469727,-115.8249969482422,1.4038027710210212,2020,91,91,1.0,True,1.1952142857142853,38.811000000000014,2,1,16.27
westcoast_0273,crw_144,30.225000381469727,-115.8249969482422,1.4038027710210212,2021,90,90,1.0,True,0.3487142857142858,5.087,0,0,16.27
westcoast_0273,crw_144,30.225000381469727,-115.8249969482422,1.4038027710210212,2022,90,90,1.0,True,0.7645000000000005,10.462000000000003,0,0,16.27
westcoast_0273,crw_144,30.225000381469727,-115.8249969482422,1.4038027710210212,2023,90,90,1.0,True,0.17557142857142846,1.9339999999999957,0,0,16.27
westcoast_0273,crw_144,30.225000381469727,-115.8249969482422,1.4038027710210212,2024,91,90,0.989010989010989,True,1.8153571428571433,34.763000000000005,9,9,16.27
westcoast_0274,crw_145,30.125,-115.8249969482422,2.429767121196394,1985,90,90,1.0,True,0.0961428571428574,2.0020000000000024,0,0,16.346000000000004
westcoast_0274,crw_145,30.125,-115.8249969482422,2.429767121196394,1986,90,90,1.0,True,1.1095714285714295,39.969500000000004,7,3,16.346000000000004
westcoast_0274,crw_145,30.125,-115.8249969482422,2.429767121196394,1987,90,90,1.0,True,0.6607142857142859,19.726,2,2,16.346000000000004
westcoast_0274,crw_145,30.125,-115.8249969482422,2.429767121196394,1988,91,91,1.0,True,1.1682857142857153,24.3925,6,4,16.346000000000004
westcoast_0274,crw_145,30.125,-115.8249969482422,2.429767121196394,1989,90,90,1.0,True,-0.03185714285714271,0.753499999999999,0,0,16.346000000000004
westcoast_0274,crw_145,30.125,-115.8249969482422,2.429767121196394,1990,90,90,1.0,True,0.9018571428571432,13.234500000000008,4,3,16.346000000000004
westcoast_0274,crw_145,30.125,-115.8249969482422,2.429767121196394,1991,90,90,1.0,True,0.9265714285714294,32.306,1,1,16.346000000000004
westcoast_0274,crw_145,30.125,-115.8249969482422,2.429767121196394,1992,91,91,1.0,True,1.6168571428571428,82.65649999999997,25,11,16.346000000000004
westcoast_0274,crw_145,30.125,-115.8249969482422,2.429767121196394,1993,90,90,1.0,True,1.4412857142857134,61.385499999999986,23,6,16.346000000000004
westcoast_0274,crw_145,30.125,-115.8249969482422,2.429767121196394,1994,90,90,1.0,True,0.6586428571428566,30.799499999999988,1,1,16.346000000000004
westcoast_0274,crw_145,30.125,-115.8249969482422,2.429767121196394,1995,90,90,1.0,True,1.708714285714286,63.03,25,9,16.346000000000004
westcoast_0274,crw_145,30.125,-115.8249969482422,2.429767121196394,1996,91,91,1.0,True,1.2462142857142862,50.886999999999986,13,6,16.346000000000004
westcoast_0274,crw_145,30.125,-115.8249969482422,2.429767121196394,1997,90,90,1.0,True,0.45042857142857173,5.402499999999996,3,3,16.346000000000004
westcoast_0274,crw_145,30.125,-115.8249969482422,2.429767121196394,1998,90,90,1.0,True,3.079,168.08950000000002,63,51,16.346000000000004
westcoast_0274,crw_145,30.125,-115.8249969482422,2.429767121196394,1999,90,90,1.0,True,-0.7960000000000002,0.0,0,0,16.346000000000004
westcoast_0274,crw_145,30.125,-115.8249969482422,2.429767121196394,2000,91,91,1.0,True,-0.16721428571428554,0.0,0,0,16.346000000000004
westcoast_0274,crw_145,30.125,-115.8249969482422,2.429767121196394,2001,90,90,1.0,True,1.1427857142857152,15.057500000000003,8,3,16.346000000000004
westcoast_0274,crw_145,30.125,-115.8249969482422,2.429767121196394,2002,90,90,1.0,True,-0.1550000000000001,0.06350000000000122,0,0,16.346000000000004
westcoast_0274,crw_145,30.125,-115.8249969482422,2.429767121196394,2003,90,90,1.0,True,1.011,22.049499999999995,0,0,16.346000000000004
westcoast_0274,crw_145,30.125,-115.8249969482422,2.429767121196394,2004,91,91,1.0,True,0.2664285714285707,4.724999999999991,0,0,16.346000000000004
westcoast_0274,crw_145,30.125,-115.8249969482422,2.429767121196394,2005,90,90,1.0,True,0.7899285714285715,27.72099999999999,1,1,16.346000000000004
westcoast_0274,crw_145,30.125,-115.8249969482422,2.429767121196394,2006,90,90,1.0,True,-0.5805714285714283,0.0,0,0,16.346000000000004
westcoast_0274,crw_145,30.125,-115.8249969482422,2.429767121196394,2007,90,90,1.0,True,0.35128571428571426,4.414999999999994,0,0,16.346000000000004
westcoast_0274,crw_145,30.125,-115.8249969482422,2.429767121196394,2008,91,91,1.0,True,-0.5139285714285714,0.0,0,0,16.346000000000004
westcoast_0274,crw_145,30.125,-115.8249969482422,2.429767121196394,2009,90,90,1.0,True,0.5760714285714277,12.126500000000002,2,2,16.346000000000004
westcoast_0274,crw_145,30.125,-115.8249969482422,2.429767121196394,2010,90,90,1.0,True,1.4797142857142855,60.47950000000001,26,16,16.346000000000004
westcoast_0274,crw_145,30.125,-115.8249969482422,2.429767121196394,2011,90,90,1.0,True,-0.6639285714285721,0.0,0,0,16.346000000000004
westcoast_0274,crw_145,30.125,-115.8249969482422,2.429767121196394,2012,91,91,1.0,True,0.13685714285714287,1.5299999999999976,0,0,16.346000000000004
westcoast_0274,crw_145,30.125,-115.8249969482422,2.429767121196394,2013,90,90,1.0,True,0.1032857142857149,0.9900000000000091,0,0,16.346000000000004
westcoast_0274,crw_145,30.125,-115.8249969482422,2.429767121196394,2014,90,90,1.0,True,1.462214285714286,58.89250000000001,19,9,16.346000000000004
westcoast_0274,crw_145,30.125,-115.8249969482422,2.429767121196394,2015,90,90,1.0,True,2.701571428571428,185.81950000000003,90,90,16.346000000000004
westcoast_0274,crw_145,30.125,-115.8249969482422,2.429767121196394,2016,91,91,1.0,True,2.0648571428571434,107.54550000000003,60,31,16.346000000000004
westcoast_0274,crw_145,30.125,-115.8249969482422,2.429767121196394,2017,90,90,1.0,True,0.4508571428571432,14.010499999999993,1,1,16.346000000000004
westcoast_0274,crw_145,30.125,-115.8249969482422,2.429767121196394,2018,90,90,1.0,True,2.1519285714285714,85.80199999999999,45,23,16.346000000000004
westcoast_0274,crw_145,30.125,-115.8249969482422,2.429767121196394,2019,90,90,1.0,True,1.2487857142857148,42.3505,21,14,16.346000000000004
westcoast_0274,crw_145,30.125,-115.8249969482422,2.429767121196394,2020,91,91,1.0,True,1.1849285714285709,36.75649999999999,1,1,16.346000000000004
westcoast_0274,crw_145,30.125,-115.8249969482422,2.429767121196394,2021,90,90,1.0,True,0.3674999999999997,4.876999999999997,0,0,16.346000000000004
westcoast_0274,crw_145,30.125,-115.8249969482422,2.429767121196394,2022,90,90,1.0,True,0.6901428571428571,9.846500000000004,0,0,16.346000000000004
westcoast_0274,crw_145,30.125,-115.8249969482422,2.429767121196394,2023,90,90,1.0,True,0.18949999999999992,2.0200000000000014,0,0,16.346000000000004
westcoast_0274,crw_145,30.125,-115.8249969482422,2.429767121196394,2024,91,90,0.989010989010989,True,1.8404285714285724,34.418000000000006,9,9,16.346000000000004
westcoast_0275,crw_146,29.975000381469727,-115.8249969482422,1.1464262802619898,1985,90,90,1.0,True,0.2105714285714291,2.643500000000003,0,0,16.45
westcoast_0275,crw_146,29.975000381469727,-115.8249969482422,1.1464262802619898,1986,90,90,1.0,True,1.0037857142857136,40.207499999999996,5,4,16.45
westcoast_0275,crw_146,29.975000381469727,-115.8249969482422,1.1464262802619898,1987,90,90,1.0,True,0.5501428571428575,19.6815,0,0,16.45
westcoast_0275,crw_146,29.975000381469727,-115.8249969482422,1.1464262802619898,1988,91,91,1.0,True,1.2620714285714294,26.14400000000001,6,3,16.45
westcoast_0275,crw_146,29.975000381469727,-115.8249969482422,1.1464262802619898,1989,90,90,1.0,True,-0.09192857142857212,0.5299999999999976,0,0,16.45
westcoast_0275,crw_146,29.975000381469727,-115.8249969482422,1.1464262802619898,1990,90,90,1.0,True,0.8748571428571429,11.728500000000006,4,3,16.45
westcoast_0275,crw_146,29.975000381469727,-115.8249969482422,1.1464262802619898,1991,90,90,1.0,True,0.8297142857142854,30.666500000000003,2,2,16.45
westcoast_0275,crw_146,29.975000381469727,-115.8249969482422,1.1464262802619898,1992,91,91,1.0,True,1.6376428571428587,81.05700000000003,23,10,16.45
westcoast_0275,crw_146,29.975000381469727,-115.8249969482422,1.1464262802619898,1993,90,90,1.0,True,1.4469999999999998,62.90700000000001,24,6,16.45
westcoast_0275,crw_146,29.975000381469727,-115.8249969482422,1.1464262802619898,1994,90,90,1.0,True,0.7222142857142858,34.484999999999985,2,1,16.45
westcoast_0275,crw_146,29.975000381469727,-115.8249969482422,1.1464262802619898,1995,90,90,1.0,True,1.7470714285714288,65.22200000000001,25,9,16.45
westcoast_0275,crw_146,29.975000381469727,-115.8249969482422,1.1464262802619898,1996,91,91,1.0,True,1.2346428571428572,53.066,15,6,16.45
westcoast_0275,crw_146,29.975000381469727,-115.8249969482422,1.1464262802619898,1997,90,90,1.0,True,0.5234285714285719,5.834000000000007,3,3,16.45
westcoast_0275,crw_146,29.975000381469727,-115.8249969482422,1.1464262802619898,1998,90,90,1.0,True,3.190571428571429,170.193,62,51,16.45
westcoast_0275,crw_146,29.975000381469727,-115.8249969482422,1.1464262802619898,1999,90,90,1.0,True,-0.7649999999999996,0.0,0,0,16.45
westcoast_0275,crw_146,29.975000381469727,-115.8249969482422,1.1464262802619898,2000,91,91,1.0,True,-0.23085714285714307,0.0,0,0,16.45
westcoast_0275,crw_146,29.975000381469727,-115.8249969482422,1.1464262802619898,2001,90,90,1.0,True,1.2067857142857152,17.09350000000002,8,3,16.45
westcoast_0275,crw_146,29.975000381469727,-115.8249969482422,1.1464262802619898,2002,90,90,1.0,True,-0.044142857142857546,0.362999999999996,0,0,16.45
westcoast_0275,crw_146,29.975000381469727,-115.8249969482422,1.1464262802619898,2003,90,90,1.0,True,0.9460000000000007,18.023500000000006,0,0,16.45
westcoast_0275,crw_146,29.975000381469727,-115.8249969482422,1.1464262802619898,2004,91,91,1.0,True,0.32635714285714357,4.673000000000002,0,0,16.45
westcoast_0275,crw_146,29.975000381469727,-115.8249969482422,1.1464262802619898,2005,90,90,1.0,True,0.8399285714285715,23.983500000000003,1,1,16.45
westcoast_0275,crw_146,29.975000381469727,-115.8249969482422,1.1464262802619898,2006,90,90,1.0,True,-0.6943571428571431,0.0,0,0,16.45
westcoast_0275,crw_146,29.975000381469727,-115.8249969482422,1.1464262802619898,2007,90,90,1.0,True,0.26699999999999946,2.9025000000000016,0,0,16.45
westcoast_0275,crw_146,29.975000381469727,-115.8249969482422,1.1464262802619898,2008,91,91,1.0,True,-0.419571428571429,0.0,0,0,16.45
westcoast_0275,crw_146,29.975000381469727,-115.8249969482422,1.1464262802619898,2009,90,90,1.0,True,0.5654285714285715,10.265500000000005,2,2,16.45
westcoast_0275,crw_146,29.975000381469727,-115.8249969482422,1.1464262802619898,2010,90,90,1.0,True,1.403214285714286,56.2565,24,16,16.45
westcoast_0275,crw_146,29.975000381469727,-115.8249969482422,1.1464262802619898,2011,90,90,1.0,True,-0.8832142857142856,0.0,0,0,16.45
westcoast_0275,crw_146,29.975000381469727,-115.8249969482422,1.1464262802619898,2012,91,91,1.0,True,0.06021428571428596,1.0319999999999965,0,0,16.45
westcoast_0275,crw_146,29.975000381469727,-115.8249969482422,1.1464262802619898,2013,90,90,1.0,True,0.09014285714285693,0.9504999999999999,0,0,16.45
westcoast_0275,crw_146,29.975000381469727,-115.8249969482422,1.1464262802619898,2014,90,90,1.0,True,1.4242857142857146,57.919,17,8,16.45
westcoast_0275,crw_146,29.975000381469727,-115.8249969482422,1.1464262802619898,2015,90,90,1.0,True,2.7032142857142865,183.21300000000005,90,90,16.45
westcoast_0275,crw_146,29.975000381469727,-115.8249969482422,1.1464262802619898,2016,91,91,1.0,True,1.902714285714286,103.37950000000001,58,30,16.45
westcoast_0275,crw_146,29.975000381469727,-115.8249969482422,1.1464262802619898,2017,90,90,1.0,True,0.4577142857142863,12.3255,1,1,16.45
westcoast_0275,crw_146,29.975000381469727,-115.8249969482422,1.1464262802619898,2018,90,90,1.0,True,2.067357142857144,79.45150000000002,35,22,16.45
westcoast_0275,crw_146,29.975000381469727,-115.8249969482422,1.1464262802619898,2019,90,90,1.0,True,1.1132857142857138,36.59550000000001,15,7,16.45
westcoast_0275,crw_146,29.975000381469727,-115.8249969482422,1.1464262802619898,2020,91,91,1.0,True,1.1861428571428567,33.16149999999999,0,0,16.45
westcoast_0275,crw_146,29.975000381469727,-115.8249969482422,1.1464262802619898,2021,90,90,1.0,True,0.3520714285714285,3.8209999999999997,0,0,16.45
westcoast_0275,crw_146,29.975000381469727,-115.8249969482422,1.1464262802619898,2022,90,90,1.0,True,0.4942857142857144,5.466999999999988,0,0,16.45
westcoast_0275,crw_146,29.975000381469727,-115.8249969482422,1.1464262802619898,2023,90,90,1.0,True,0.11635714285714219,1.4639999999999969,0,0,16.45
westcoast_0275,crw_146,29.975000381469727,-115.8249969482422,1.1464262802619898,2024,91,90,0.989010989010989,True,1.8748571428571439,32.321,9,9,16.45
westcoast_0276,crw_147,29.924999237060547,-115.7249984741211,4.622580101667834,1985,90,90,1.0,True,0.3212142857142852,2.905499999999998,0,0,16.39
westcoast_0276,crw_147,29.924999237060547,-115.7249984741211,4.622580101667834,1986,90,90,1.0,True,1.0349285714285714,41.739000000000004,5,4,16.39
westcoast_0276,crw_147,29.924999237060547,-115.7249984741211,4.622580101667834,1987,90,90,1.0,True,0.4770000000000003,18.4115,0,0,16.39
westcoast_0276,crw_147,29.924999237060547,-115.7249984741211,4.622580101667834,1988,91,91,1.0,True,1.1736428571428568,25.077749999999995,4,2,16.39
westcoast_0276,crw_147,29.924999237060547,-115.7249984741211,4.622580101667834,1989,90,90,1.0,True,-0.08635714285714283,0.5705000000000009,0,0,16.39
westcoast_0276,crw_147,29.924999237060547,-115.7249984741211,4.622580101667834,1990,90,90,1.0,True,0.869785714285714,11.646000000000004,4,3,16.39
westcoast_0276,crw_147,29.924999237060547,-115.7249984741211,4.622580101667834,1991,90,90,1.0,True,0.7635714285714289,30.311999999999998,2,2,16.39
westcoast_0276,crw_147,29.924999237060547,-115.7249984741211,4.622580101667834,1992,91,91,1.0,True,1.6927857142857146,81.64325000000002,22,10,16.39
westcoast_0276,crw_147,29.924999237060547,-115.7249984741211,4.622580101667834,1993,90,90,1.0,True,1.3792857142857151,60.28350000000002,25,6,16.39
westcoast_0276,crw_147,29.924999237060547,-115.7249984741211,4.622580101667834,1994,90,90,1.0,True,0.7463571428571427,34.93799999999998,5,3,16.39
westcoast_0276,crw_147,29.924999237060547,-115.7249984741211,4.622580101667834,1995,90,90,1.0,True,1.825642857142857,67.66000000000003,24,9,16.39
westcoast_0276,crw_147,29.924999237060547,-115.7249984741211,4.622580101667834,1996,91,91,1.0,True,1.2132857142857145,56.47425,15,6,16.39
westcoast_0276,crw_147,29.924999237060547,-115.7249984741211,4.622580101667834,1997,90,90,1.0,True,0.5369285714285711,5.821499999999995,3,3,16.39
westcoast_0276,crw_147,29.924999237060547,-115.7249984741211,4.622580101667834,1998,90,90,1.0,True,3.1054999999999993,170.39199999999997,63,51,16.39
westcoast_0276,crw_147,29.924999237060547,-115.7249984741211,4.622580101667834,1999,90,90,1.0,True,-0.7153571428571429,0.0,0,0,16.39
westcoast_0276,crw_147,29.924999237060547,-115.7249984741211,4.622580101667834,2000,91,91,1.0,True,-0.24850000000000044,0.0,0,0,16.39
westcoast_0276,crw_147,29.924999237060547,-115.7249984741211,4.622580101667834,2001,90,90,1.0,True,1.1715714285714298,16.67050000000001,8,3,16.39
westcoast_0276,crw_147,29.924999237060547,-115.7249984741211,4.622580101667834,2002,90,90,1.0,True,-0.026857142857142437,0.22700000000000387,0,0,16.39
westcoast_0276,crw_147,29.924999237060547,-115.7249984741211,4.622580101667834,2003,90,90,1.0,True,0.970714285714285,16.580999999999996,0,0,16.39
westcoast_0276,crw_147,29.924999237060547,-115.7249984741211,4.622580101667834,2004,91,91,1.0,True,0.3993571428571419,5.353999999999992,0,0,16.39
westcoast_0276,crw_147,29.924999237060547,-115.7249984741211,4.622580101667834,2005,90,90,1.0,True,0.9094999999999998,22.0805,2,1,16.39
westcoast_0276,crw_147,29.924999237060547,-115.7249984741211,4.622580101667834,2006,90,90,1.0,True,-0.7207142857142858,0.0,0,0,16.39
westcoast_0276,crw_147,29.924999237060547,-115.7249984741211,4.622580101667834,2007,90,90,1.0,True,0.23099999999999987,2.4885,0,0,16.39
westcoast_0276,crw_147,29.924999237060547,-115.7249984741211,4.622580101667834,2008,91,91,1.0,True,-0.4731428571428581,0.008499999999997954,0,0,16.39
westcoast_0276,crw_147,29.924999237060547,-115.7249984741211,4.622580101667834,2009,90,90,1.0,True,0.4450000000000003,8.575999999999999,2,2,16.39
westcoast_0276,crw_147,29.924999237060547,-115.7249984741211,4.622580101667834,2010,90,90,1.0,True,1.3395000000000004,54.673,26,16,16.39
westcoast_0276,crw_147,29.924999237060547,-115.7249984741211,4.622580101667834,2011,90,90,1.0,True,-1.2113571428571426,0.0,0,0,16.39
westcoast_0276,crw_147,29.924999237060547,-115.7249984741211,4.622580101667834,2012,91,91,1.0,True,0.07842857142857186,0.9745000000000026,0,0,16.39
westcoast_0276,crw_147,29.924999237060547,-115.7249984741211,4.622580101667834,2013,90,90,1.0,True,0.07200000000000019,0.7359999999999989,0,0,16.39
westcoast_0276,crw_147,29.924999237060547,-115.7249984741211,4.622580101667834,2014,90,90,1.0,True,1.3809285714285717,57.316500000000005,19,8,16.39
westcoast_0276,crw_147,29.924999237060547,-115.7249984741211,4.622580101667834,2015,90,90,1.0,True,2.6452142857142853,180.71200000000005,90,90,16.39
westcoast_0276,crw_147,29.924999237060547,-115.7249984741211,4.622580101667834,2016,91,91,1.0,True,1.8602142857142858,101.43925000000003,59,30,16.39
westcoast_0276,crw_147,29.924999237060547,-115.7249984741211,4.622580101667834,2017,90,90,1.0,True,0.5340714285714286,8.691500000000003,1,1,16.39
westcoast_0276,crw_147,29.924999237060547,-115.7249984741211,4.622580101667834,2018,90,90,1.0,True,2.0982857142857134,67.98400000000001,25,21,16.39
westcoast_0276,crw_147,29.924999237060547,-115.7249984741211,4.622580101667834,2019,90,90,1.0,True,1.0256428571428573,25.740999999999993,8,4,16.39
westcoast_0276,crw_147,29.924999237060547,-115.7249984741211,4.622580101667834,2020,91,91,1.0,True,1.1849999999999998,29.24824999999999,1,1,16.39
westcoast_0276,crw_147,29.924999237060547,-115.7249984741211,4.622580101667834,2021,90,90,1.0,True,0.30292857142857194,3.0205000000000055,0,0,16.39
westcoast_0276,crw_147,29.924999237060547,-115.7249984741211,4.622580101667834,2022,90,90,1.0,True,0.2870714285714282,2.399499999999998,0,0,16.39
westcoast_0276,crw_147,29.924999237060547,-115.7249984741211,4.622580101667834,2023,90,90,1.0,True,-0.05164285714285758,0.7089999999999996,0,0,16.39
westcoast_0276,crw_147,29.924999237060547,-115.7249984741211,4.622580101667834,2024,91,90,0.989010989010989,True,1.8112142857142854,26.760249999999992,9,9,16.39
westcoast_0277,crw_148,29.875,-115.8249969482422,0.5282309843553437,1985,90,90,1.0,True,0.2132142857142854,2.2165000000000017,0,0,16.502000000000006
westcoast_0277,crw_148,29.875,-115.8249969482422,0.5282309843553437,1986,90,90,1.0,True,0.9986428571428567,41.104,5,4,16.502000000000006
westcoast_0277,crw_148,29.875,-115.8249969482422,0.5282309843553437,1987,90,90,1.0,True,0.5339285714285713,19.199499999999993,0,0,16.502000000000006
westcoast_0277,crw_148,29.875,-115.8249969482422,0.5282309843553437,1988,91,91,1.0,True,1.2677857142857145,26.159,5,2,16.502000000000006
westcoast_0277,crw_148,29.875,-115.8249969482422,0.5282309843553437,1989,90,90,1.0,True,-0.13585714285714293,0.3600000000000012,0,0,16.502000000000006
westcoast_0277,crw_148,29.875,-115.8249969482422,0.5282309843553437,1990,90,90,1.0,True,0.8103571428571436,11.436000000000002,4,3,16.502000000000006
westcoast_0277,crw_148,29.875,-115.8249969482422,0.5282309843553437,1991,90,90,1.0,True,0.7347857142857147,29.195000000000004,3,2,16.502000000000006
westcoast_0277,crw_148,29.875,-115.8249969482422,0.5282309843553437,1992,91,91,1.0,True,1.7342142857142862,81.039,21,10,16.502000000000006
westcoast_0277,crw_148,29.875,-115.8249969482422,0.5282309843553437,1993,90,90,1.0,True,1.3808571428571437,60.1035,25,6,16.502000000000006
westcoast_0277,crw_148,29.875,-115.8249969482422,0.5282309843553437,1994,90,90,1.0,True,0.7042142857142858,35.71149999999999,3,1,16.502000000000006
westcoast_0277,crw_148,29.875,-115.8249969482422,0.5282309843553437,1995,90,90,1.0,True,1.8176428571428576,68.5255,26,9,16.502000000000006
westcoast_0277,crw_148,29.875,-115.8249969482422,0.5282309843553437,1996,91,91,1.0,True,1.2629999999999995,53.756,15,6,16.502000000000006
westcoast_0277,crw_148,29.875,-115.8249969482422,0.5282309843553437,1997,90,90,1.0,True,0.5117857142857147,6.012000000000004,3,3,16.502000000000006
westcoast_0277,crw_148,29.875,-115.8249969482422,0.5282309843553437,1998,90,90,1.0,True,3.1860714285714287,170.8925,62,51,16.502000000000006
westcoast_0277,crw_148,29.875,-115.8249969482422,0.5282309843553437,1999,90,90,1.0,True,-0.761142857142857,0.0,0,0,16.502000000000006
westcoast_0277,crw_148,29.875,-115.8249969482422,0.5282309843553437,2000,91,91,1.0,True,-0.2842857142857143,0.0,0,0,16.502000000000006
westcoast_0277,crw_148,29.875,-115.8249969482422,0.5282309843553437,2001,90,90,1.0,True,1.2153571428571428,18.0435,9,4,16.502000000000006
westcoast_0277,crw_148,29.875,-115.8249969482422,0.5282309843553437,2002,90,90,1.0,True,0.0332142857142857,0.3739999999999988,0,0,16.502000000000006
westcoast_0277,crw_148,29.875,-115.8249969482422,0.5282309843553437,2003,90,90,1.0,True,0.932071428571428,16.536499999999997,0,0,16.502000000000006
westcoast_0277,crw_148,29.875,-115.8249969482422,0.5282309843553437,2004,91,91,1.0,True,0.3792142857142848,5.132,0,0,16.502000000000006
westcoast_0277,crw_148,29.875,-115.8249969482422,0.5282309843553437,2005,90,90,1.0,True,0.9198571428571426,23.199999999999992,1,1,16.502000000000006
westcoast_0277,crw_148,29.875,-115.8249969482422,0.5282309843553437,2006,90,90,1.0,True,-0.7900000000000007,0.0,0,0,16.502000000000006
westcoast_0277,crw_148,29.875,-115.8249969482422,0.5282309843553437,2007,90,90,1.0,True,0.1645714285714282,1.8329999999999984,0,0,16.502000000000006
westcoast_0277,crw_148,29.875,-115.8249969482422,0.5282309843553437,2008,91,91,1.0,True,-0.46500000000000014,0.0,0,0,16.502000000000006
westcoast_0277,crw_148,29.875,-115.8249969482422,0.5282309843553437,2009,90,90,1.0,True,0.4837142857142859,8.293999999999999,2,2,16.502000000000006
westcoast_0277,crw_148,29.875,-115.8249969482422,0.5282309843553437,2010,90,90,1.0,True,1.3130714285714293,52.3535,23,14,16.502000000000006
westcoast_0277,crw_148,29.875,-115.8249969482422,0.5282309843553437,2011,90,90,1.0,True,-1.215214285714286,0.0,0,0,16.502000000000006
westcoast_0277,crw_148,29.875,-115.8249969482422,0.5282309843553437,2012,91,91,1.0,True,0.05614285714285699,0.8414999999999981,0,0,16.502000000000006
westcoast_0277,crw_148,29.875,-115.8249969482422,0.5282309843553437,2013,90,90,1.0,True,0.03442857142857138,0.7044999999999995,0,0,16.502000000000006
westcoast_0277,crw_148,29.875,-115.8249969482422,0.5282309843553437,2014,90,90,1.0,True,1.3910000000000011,57.914,18,8,16.502000000000006
westcoast_0277,crw_148,29.875,-115.8249969482422,0.5282309843553437,2015,90,90,1.0,True,2.694357142857143,180.48250000000004,90,90,16.502000000000006
westcoast_0277,crw_148,29.875,-115.8249969482422,0.5282309843553437,2016,91,91,1.0,True,1.866428571428571,101.25000000000001,56,24,16.502000000000006
westcoast_0277,crw_148,29.875,-115.8249969482422,0.5282309843553437,2017,90,90,1.0,True,0.5860714285714292,11.203000000000003,4,2,16.502000000000006
westcoast_0277,crw_148,29.875,-115.8249969482422,0.5282309843553437,2018,90,90,1.0,True,2.168571428571428,73.13900000000001,27,22,16.502000000000006
westcoast_0277,crw_148,29.875,-115.8249969482422,0.5282309843553437,2019,90,90,1.0,True,1.0185000000000002,31.9305,10,4,16.502000000000006
westcoast_0277,crw_148,29.875,-115.8249969482422,0.5282309843553437,2020,91,91,1.0,True,1.2118571428571432,31.790999999999997,0,0,16.502000000000006
westcoast_0277,crw_148,29.875,-115.8249969482422,0.5282309843553437,2021,90,90,1.0,True,0.3390000000000007,3.3285000000000036,0,0,16.502000000000006
westcoast_0277,crw_148,29.875,-115.8249969482422,0.5282309843553437,2022,90,90,1.0,True,0.40885714285714236,3.8214999999999986,0,0,16.502000000000006
westcoast_0277,crw_148,29.875,-115.8249969482422,0.5282309843553437,2023,90,90,1.0,True,-0.019642857142857295,0.6020000000000039,0,0,16.502000000000006
westcoast_0277,crw_148,29.875,-115.8249969482422,0.5282309843553437,2024,91,90,0.989010989010989,True,1.9275000000000002,30.09599999999999,9,9,16.502000000000006
westcoast_0278,crw_149,29.875,-115.7249984741211,0.8773106700349411,1985,90,90,1.0,True,0.33021428571428607,2.8505000000000074,0,0,16.406000000000002
westcoast_0278,crw_149,29.875,-115.7249984741211,0.8773106700349411,1986,90,90,1.0,True,1.0448571428571434,42.327000000000005,5,4,16.406000000000002
westcoast_0278,crw_149,29.875,-115.7249984741211,0.8773106700349411,1987,90,90,1.0,True,0.4601428571428569,18.343999999999994,0,0,16.406000000000002
westcoast_0278,crw_149,29.875,-115.7249984741211,0.8773106700349411,1988,91,91,1.0,True,1.1630000000000003,24.852000000000004,4,2,16.406000000000002
westcoast_0278,crw_149,29.875,-115.7249984741211,0.8773106700349411,1989,90,90,1.0,True,-0.09507142857142803,0.5215000000000032,0,0,16.406000000000002
westcoast_0278,crw_149,29.875,-115.7249984741211,0.8773106700349411,1990,90,90,1.0,True,0.8459285714285719,11.604500000000002,4,3,16.406000000000002
westcoast_0278,crw_149,29.875,-115.7249984741211,0.8773106700349411,1991,90,90,1.0,True,0.7289285714285713,30.105999999999995,3,2,16.406000000000002
westcoast_0278,crw_149,29.875,-115.7249984741211,0.8773106700349411,1992,91,91,1.0,True,1.7360714285714298,82.1045,22,10,16.406000000000002
westcoast_0278,crw_149,29.875,-115.7249984741211,0.8773106700349411,1993,90,90,1.0,True,1.3804999999999994,58.87099999999999,24,6,16.406000000000002
westcoast_0278,crw_149,29.875,-115.7249984741211,0.8773106700349411,1994,90,90,1.0,True,0.7402857142857153,34.84799999999999,5,2,16.406000000000002
westcoast_0278,crw_149,29.875,-115.7249984741211,0.8773106700349411,1995,90,90,1.0,True,1.8691428571428563,69.24350000000001,25,10,16.406000000000002
westcoast_0278,crw_149,29.875,-115.7249984741211,0.8773106700349411,1996,91,91,1.0,True,1.2097142857142864,56.311499999999995,15,6,16.406000000000002
westcoast_0278,crw_149,29.875,-115.7249984741211,0.8773106700349411,1997,90,90,1.0,True,0.5130714285714288,5.787000000000008,3,3,16.406000000000002
westcoast_0278,crw_149,29.875,-115.7249984741211,0.8773106700349411,1998,90,90,1.0,True,3.088785714285715,170.828,63,51,16.406000000000002
westcoast_0278,crw_149,29.875,-115.7249984741211,0.8773106700349411,1999,90,90,1.0,True,-0.7274285714285718,0.0,0,0,16.406000000000002
westcoast_0278,crw_149,29.875,-115.7249984741211,0.8773106700349411,2000,91,91,1.0,True,-0.2723571428571425,0.0,0,0,16.406000000000002
westcoast_0278,crw_149,29.875,-115.7249984741211,0.8773106700349411,2001,90,90,1.0,True,1.1609285714285706,16.8035,8,3,16.406000000000002
westcoast_0278,crw_149,29.875,-115.7249984741211,0.8773106700349411,2002,90,90,1.0,True,-0.0153571428571431,0.19299999999999784,0,0,16.406000000000002
westcoast_0278,crw_149,29.875,-115.7249984741211,0.8773106700349411,2003,90,90,1.0,True,0.9782857142857131,16.427499999999984,0,0,16.406000000000002
westcoast_0278,crw_149,29.875,-115.7249984741211,0.8773106700349411,2004,91,91,1.0,True,0.42442857142857143,5.677499999999998,0,0,16.406000000000002
westcoast_0278,crw_149,29.875,-115.7249984741211,0.8773106700349411,2005,90,90,1.0,True,0.9553571428571436,21.952499999999993,2,1,16.406000000000002
westcoast_0278,crw_149,29.875,-115.7249984741211,0.8773106700349411,2006,90,90,1.0,True,-0.7535000000000002,0.0,0,0,16.406000000000002
westcoast_0278,crw_149,29.875,-115.7249984741211,0.8773106700349411,2007,90,90,1.0,True,0.18978571428571403,2.1465000000000014,0,0,16.406000000000002
westcoast_0278,crw_149,29.875,-115.7249984741211,0.8773106700349411,2008,91,91,1.0,True,-0.45364285714285707,0.037499999999999645,0,0,16.406000000000002
westcoast_0278,crw_149,29.875,-115.7249984741211,0.8773106700349411,2009,90,90,1.0,True,0.4130714285714289,7.653500000000006,2,2,16.406000000000002
westcoast_0278,crw_149,29.875,-115.7249984741211,0.8773106700349411,2010,90,90,1.0,True,1.2972142857142852,53.62849999999999,26,16,16.406000000000002
westcoast_0278,crw_149,29.875,-115.7249984741211,0.8773106700349411,2011,90,90,1.0,True,-1.3455,0.0,0,0,16.406000000000002
westcoast_0278,crw_149,29.875,-115.7249984741211,0.8773106700349411,2012,91,91,1.0,True,0.0952142857142856,0.9894999999999978,0,0,16.406000000000002
westcoast_0278,crw_149,29.875,-115.7249984741211,0.8773106700349411,2013,90,90,1.0,True,0.0447857142857137,0.625,0,0,16.406000000000002
westcoast_0278,crw_149,29.875,-115.7249984741211,0.8773106700349411,2014,90,90,1.0,True,1.377,57.877999999999986,19,8,16.406000000000002
westcoast_0278,crw_149,29.875,-115.7249984741211,0.8773106700349411,2015,90,90,1.0,True,2.6475,179.75800000000004,90,90,16.406000000000002
westcoast_0278,crw_149,29.875,-115.7249984741211,0.8773106700349411,2016,91,91,1.0,True,1.8552857142857138,101.30600000000001,59,30,16.406000000000002
westcoast_0278,crw_149,29.875,-115.7249984741211,0.8773106700349411,2017,90,90,1.0,True,0.5830714285714294,8.361000000000008,2,1,16.406000000000002
westcoast_0278,crw_149,29.875,-115.7249984741211,0.8773106700349411,2018,90,90,1.0,True,2.150642857142857,65.25099999999999,24,21,16.406000000000002
westcoast_0278,crw_149,29.875,-115.7249984741211,0.8773106700349411,2019,90,90,1.0,True,0.9952857142857136,24.07899999999998,6,4,16.406000000000002
westcoast_0278,crw_149,29.875,-115.7249984741211,0.8773106700349411,2020,91,91,1.0,True,1.2054999999999991,28.920999999999985,1,1,16.406000000000002
westcoast_0278,crw_149,29.875,-115.7249984741211,0.8773106700349411,2021,90,90,1.0,True,0.29735714285714315,2.980000000000002,0,0,16.406000000000002
westcoast_0278,crw_149,29.875,-115.7249984741211,0.8773106700349411,2022,90,90,1.0,True,0.22749999999999915,1.949499999999997,0,0,16.406000000000002
westcoast_0278,crw_149,29.875,-115.7249984741211,0.8773106700349411,2023,90,90,1.0,True,-0.058357142857142365,0.45000000000000107,0,0,16.406000000000002
westcoast_0278,crw_149,29.875,-115.7249984741211,0.8773106700349411,2024,91,90,0.989010989010989,True,1.855928571428572,26.7905,9,9,16.406000000000002
westcoast_0279,crw_150,29.774999618530277,-115.8249969482422,1.2919524562982814,1985,90,90,1.0,True,0.16142857142857178,1.8450000000000024,0,0,16.54
westcoast_0279,crw_150,29.774999618530277,-115.8249969482422,1.2919524562982814,1986,90,90,1.0,True,0.9852857142857149,41.53200000000001,4,4,16.54
westcoast_0279,crw_150,29.774999618530277,-115.8249969482422,1.2919524562982814,1987,90,90,1.0,True,0.48578571428571443,18.1745,0,0,16.54
westcoast_0279,crw_150,29.774999618530277,-115.8249969482422,1.2919524562982814,1988,91,91,1.0,True,1.2772142857142856,25.83150000000001,5,2,16.54
westcoast_0279,crw_150,29.774999618530277,-115.8249969482422,1.2919524562982814,1989,90,90,1.0,True,-0.19164285714285714,0.1319999999999979,0,0,16.54
westcoast_0279,crw_150,29.774999618530277,-115.8249969482422,1.2919524562982814,1990,90,90,1.0,True,0.7200000000000001,11.362999999999994,4,3,16.54
westcoast_0279,crw_150,29.774999618530277,-115.8249969482422,1.2919524562982814,1991,90,90,1.0,True,0.7442857142857147,27.874500000000015,4,3,16.54
westcoast_0279,crw_150,29.774999618530277,-115.8249969482422,1.2919524562982814,1992,91,91,1.0,True,1.8600714285714284,82.10000000000001,21,10,16.54
westcoast_0279,crw_150,29.774999618530277,-115.8249969482422,1.2919524562982814,1993,90,90,1.0,True,1.3552857142857146,55.501000000000005,23,7,16.54
westcoast_0279,crw_150,29.774999618530277,-115.8249969482422,1.2919524562982814,1994,90,90,1.0,True,0.8830714285714285,34.55750000000002,4,1,16.54
westcoast_0279,crw_150,29.774999618530277,-115.8249969482422,1.2919524562982814,1995,90,90,1.0,True,1.9159285714285714,73.525,24,10,16.54
westcoast_0279,crw_150,29.774999618530277,-115.8249969482422,1.2919524562982814,1996,91,91,1.0,True,1.2437857142857143,51.023500000000006,15,6,16.54
westcoast_0279,crw_150,29.774999618530277,-115.8249969482422,1.2919524562982814,1997,90,90,1.0,True,0.4657142857142862,7.333499999999994,3,3,16.54
westcoast_0279,crw_150,29.774999618530277,-115.8249969482422,1.2919524562982814,1998,90,90,1.0,True,3.152857142857143,170.4035,62,51,16.54
westcoast_0279,crw_150,29.774999618530277,-115.8249969482422,1.2919524562982814,1999,90,90,1.0,True,-0.8050714285714294,0.0,0,0,16.54
westcoast_0279,crw_150,29.774999618530277,-115.8249969482422,1.2919524562982814,2000,91,91,1.0,True,-0.3338571428571426,0.0,0,0,16.54
westcoast_0279,crw_150,29.774999618530277,-115.8249969482422,1.2919524562982814,2001,90,90,1.0,True,1.1791428571428568,19.71949999999999,11,5,16.54
westcoast_0279,crw_150,29.774999618530277,-115.8249969482422,1.2919524562982814,2002,90,90,1.0,True,-0.011642857142857923,0.1949999999999985,0,0,16.54
westcoast_0279,crw_150,29.774999618530277,-115.8249969482422,1.2919524562982814,2003,90,90,1.0,True,0.9115000000000008,16.3095,0,0,16.54
westcoast_0279,crw_150,29.774999618530277,-115.8249969482422,1.2919524562982814,2004,91,91,1.0,True,0.38007142857142817,5.455999999999991,0,0,16.54
westcoast_0279,crw_150,29.774999618530277,-115.8249969482422,1.2919524562982814,2005,90,90,1.0,True,0.9990714285714289,23.7695,2,1,16.54
westcoast_0279,crw_150,29.774999618530277,-115.8249969482422,1.2919524562982814,2006,90,90,1.0,True,-0.8810714285714282,0.0,0,0,16.54
westcoast_0279,crw_150,29.774999618530277,-115.8249969482422,1.2919524562982814,2007,90,90,1.0,True,0.05571428571428605,1.1590000000000042,0,0,16.54
westcoast_0279,crw_150,29.774999618530277,-115.8249969482422,1.2919524562982814,2008,91,91,1.0,True,-0.49935714285714233,0.0,0,0,16.54
westcoast_0279,crw_150,29.774999618530277,-115.8249969482422,1.2919524562982814,2009,90,90,1.0,True,0.40571428571428597,6.8705,2,2,16.54
westcoast_0279,crw_150,29.774999618530277,-115.8249969482422,1.2919524562982814,2010,90,90,1.0,True,1.2207857142857146,48.416500000000006,23,16,16.54
westcoast_0279,crw_150,29.774999618530277,-115.8249969482422,1.2919524562982814,2011,90,90,1.0,True,-1.4162142857142854,0.0,0,0,16.54
westcoast_0279,crw_150,29.774999618530277,-115.8249969482422,1.2919524562982814,2012,91,91,1.0,True,0.04699999999999908,0.7439999999999998,0,0,16.54
westcoast_0279,crw_150,29.774999618530277,-115.8249969482422,1.2919524562982814,2013,90,90,1.0,True,-0.03899999999999996,0.38200000000000145,0,0,16.54
westcoast_0279,crw_150,29.774999618530277,-115.8249969482422,1.2919524562982814,2014,90,90,1.0,True,1.397714285714286,58.224,16,3,16.54
westcoast_0279,crw_150,29.774999618530277,-115.8249969482422,1.2919524562982814,2015,90,90,1.0,True,2.716142857142857,177.1935,90,90,16.54
westcoast_0279,crw_150,29.774999618530277,-115.8249969482422,1.2919524562982814,2016,91,91,1.0,True,1.8467142857142862,100.6315,55,22,16.54
westcoast_0279,crw_150,29.774999618530277,-115.8249969482422,1.2919524562982814,2017,90,90,1.0,True,0.6828571428571433,11.212999999999997,4,3,16.54
westcoast_0279,crw_150,29.774999618530277,-115.8249969482422,1.2919524562982814,2018,90,90,1.0,True,2.2544999999999993,70.12299999999999,26,21,16.54
westcoast_0279,crw_150,29.774999618530277,-115.8249969482422,1.2919524562982814,2019,90,90,1.0,True,0.9875714285714275,31.862999999999982,11,5,16.54
westcoast_0279,crw_150,29.774999618530277,-115.8249969482422,1.2919524562982814,2020,91,91,1.0,True,1.1986428571428591,30.896500000000007,0,0,16.54
westcoast_0279,crw_150,29.774999618530277,-115.8249969482422,1.2919524562982814,2021,90,90,1.0,True,0.313285714285714,3.050999999999995,0,0,16.54
westcoast_0279,crw_150,29.774999618530277,-115.8249969482422,1.2919524562982814,2022,90,90,1.0,True,0.415142857142857,4.531499999999994,0,0,16.54
westcoast_0279,crw_150,29.774999618530277,-115.8249969482422,1.2919524562982814,2023,90,90,1.0,True,-0.03857142857142826,0.3685000000000027,0,0,16.54
westcoast_0279,crw_150,29.774999618530277,-115.8249969482422,1.2919524562982814,2024,91,90,0.989010989010989,True,1.9914285714285718,28.89800000000001,9,9,16.54
westcoast_0280,crw_151,29.774999618530277,-115.7249984741211,1.469939194587216,1985,90,90,1.0,True,0.29771428571428543,2.609999999999996,0,0,16.44
westcoast_0280,crw_151,29.774999618530277,-115.7249984741211,1.469939194587216,1986,90,90,1.0,True,1.038857142857143,43.436499999999995,5,4,16.44
westcoast_0280,crw_151,29.774999618530277,-115.7249984741211,1.469939194587216,1987,90,90,1.0,True,0.49678571428571444,18.371000000000002,0,0,16.44
westcoast_0280,crw_151,29.774999618530277,-115.7249984741211,1.469939194587216,1988,91,91,1.0,True,1.1589999999999996,24.569749999999985,3,2,16.44
westcoast_0280,crw_151,29.774999618530277,-115.7249984741211,1.469939194587216,1989,90,90,1.0,True,-0.12714285714285772,0.3764999999999965,0,0,16.44
westcoast_0280,crw_151,29.774999618530277,-115.7249984741211,1.469939194587216,1990,90,90,1.0,True,0.7862857142857139,11.716999999999999,4,3,16.44
westcoast_0280,crw_151,29.774999618530277,-115.7249984741211,1.469939194587216,1991,90,90,1.0,True,0.7667142857142851,30.043499999999987,4,3,16.44
westcoast_0280,crw_151,29.774999618530277,-115.7249984741211,1.469939194587216,1992,91,91,1.0,True,1.8666428571428566,84.30475,22,11,16.44
westcoast_0280,crw_151,29.774999618530277,-115.7249984741211,1.469939194587216,1993,90,90,1.0,True,1.4043571428571429,56.6565,23,7,16.44
westcoast_0280,crw_151,29.774999618530277,-115.7249984741211,1.469939194587216,1994,90,90,1.0,True,0.7447142857142859,33.801500000000004,5,2,16.44
westcoast_0280,crw_151,29.774999618530277,-115.7249984741211,1.469939194587216,1995,90,90,1.0,True,1.9752857142857145,74.073,26,10,16.44
westcoast_0280,crw_151,29.774999618530277,-115.7249984741211,1.469939194587216,1996,91,91,1.0,True,1.1598571428571436,52.36725,14,6,16.44
westcoast_0280,crw_151,29.774999618530277,-115.7249984741211,1.469939194587216,1997,90,90,1.0,True,0.4648571428571428,6.652999999999993,2,2,16.44
westcoast_0280,crw_151,29.774999618530277,-115.7249984741211,1.469939194587216,1998,90,90,1.0,True,3.0605714285714285,171.6025,62,51,16.44
westcoast_0280,crw_151,29.774999618530277,-115.7249984741211,1.469939194587216,1999,90,90,1.0,True,-0.8060000000000002,0.0,0,0,16.44
westcoast_0280,crw_151,29.774999618530277,-115.7249984741211,1.469939194587216,2000,91,91,1.0,True,-0.33885714285714336,0.0,0,0,16.44
westcoast_0280,crw_151,29.774999618530277,-115.7249984741211,1.469939194587216,2001,90,90,1.0,True,1.1457857142857135,17.546499999999995,10,4,16.44
westcoast_0280,crw_151,29.774999618530277,-115.7249984741211,1.469939194587216,2002,90,90,1.0,True,-0.03757142857142881,0.18149999999999977,0,0,16.44
westcoast_0280,crw_151,29.774999618530277,-115.7249984741211,1.469939194587216,2003,90,90,1.0,True,0.9688571428571441,16.006,0,0,16.44
westcoast_0280,crw_151,29.774999618530277,-115.7249984741211,1.469939194587216,2004,91,91,1.0,True,0.4204285714285711,5.742999999999997,0,0,16.44
westcoast_0280,crw_151,29.774999618530277,-115.7249984741211,1.469939194587216,2005,90,90,1.0,True,1.0145000000000004,22.434500000000014,3,2,16.44
westcoast_0280,crw_151,29.774999618530277,-115.7249984741211,1.469939194587216,2006,90,90,1.0,True,-0.8469285714285719,0.0,0,0,16.44
westcoast_0280,crw_151,29.774999618530277,-115.7249984741211,1.469939194587216,2007,90,90,1.0,True,0.09385714285714286,1.5849999999999937,0,0,16.44
westcoast_0280,crw_151,29.774999618530277,-115.7249984741211,1.469939194587216,2008,91,91,1.0,True,-0.48849999999999966,0.03249999999999886,0,0,16.44
westcoast_0280,crw_151,29.774999618530277,-115.7249984741211,1.469939194587216,2009,90,90,1.0,True,0.43628571428571433,6.435500000000001,2,2,16.44
westcoast_0280,crw_151,29.774999618530277,-115.7249984741211,1.469939194587216,2010,90,90,1.0,True,1.2178571428571423,50.88699999999999,26,16,16.44
westcoast_0280,crw_151,29.774999618530277,-115.7249984741211,1.469939194587216,2011,90,90,1.0,True,-1.483571428571428,0.0,0,0,16.44
westcoast_0280,crw_151,29.774999618530277,-115.7249984741211,1.469939194587216,2012,91,91,1.0,True,0.08271428571428555,0.9309999999999956,0,0,16.44
westcoast_0280,crw_151,29.774999618530277,-115.7249984741211,1.469939194587216,2013,90,90,1.0,True,-0.009928571428572144,0.31799999999999606,0,0,16.44
westcoast_0280,crw_151,29.774999618530277,-115.7249984741211,1.469939194587216,2014,90,90,1.0,True,1.4062857142857141,56.835999999999984,18,7,16.44
westcoast_0280,crw_151,29.774999618530277,-115.7249984741211,1.469939194587216,2015,90,90,1.0,True,2.6602142857142863,176.1825,90,90,16.44
westcoast_0280,crw_151,29.774999618530277,-115.7249984741211,1.469939194587216,2016,91,91,1.0,True,1.8234999999999995,101.32725000000002,58,24,16.44
westcoast_0280,crw_151,29.774999618530277,-115.7249984741211,1.469939194587216,2017,90,90,1.0,True,0.5819999999999997,7.268999999999995,4,2,16.44
westcoast_0280,crw_151,29.774999618530277,-115.7249984741211,1.469939194587216,2018,90,90,1.0,True,2.174357142857143,61.457499999999996,24,21,16.44
westcoast_0280,crw_151,29.774999618530277,-115.7249984741211,1.469939194587216,2019,90,90,1.0,True,0.963571428571428,24.443999999999996,7,4,16.44
westcoast_0280,crw_151,29.774999618530277,-115.7249984741211,1.469939194587216,2020,91,91,1.0,True,1.2066428571428578,27.524249999999995,0,0,16.44
westcoast_0280,crw_151,29.774999618530277,-115.7249984741211,1.469939194587216,2021,90,90,1.0,True,0.2823571428571428,2.685999999999998,0,0,16.44
westcoast_0280,crw_151,29.774999618530277,-115.7249984741211,1.469939194587216,2022,90,90,1.0,True,0.16857142857142904,1.684000000000001,0,0,16.44
westcoast_0280,crw_151,29.774999618530277,-115.7249984741211,1.469939194587216,2023,90,90,1.0,True,-0.07228571428571431,0.33000000000000007,0,0,16.44
westcoast_0280,crw_151,29.774999618530277,-115.7249984741211,1.469939194587216,2024,91,90,0.989010989010989,True,1.9219999999999995,27.209749999999982,9,9,16.44
westcoast_0281,crw_152,29.674999237060547,-115.8249969482422,2.354405284111033,1985,90,90,1.0,True,0.03750000000000066,1.3134999999999994,0,0,16.63
westcoast_0281,crw_152,29.674999237060547,-115.8249969482422,2.354405284111033,1986,90,90,1.0,True,0.9438571428571431,40.667500000000004,3,3,16.63
westcoast_0281,crw_152,29.674999237060547,-115.8249969482422,2.354405284111033,1987,90,90,1.0,True,0.45000000000000107,16.099000000000004,0,0,16.63
westcoast_0281,crw_152,29.674999237060547,-115.8249969482422,2.354405284111033,1988,91,91,1.0,True,1.327071428571429,26.239750000000008,5,2,16.63
westcoast_0281,crw_152,29.674999237060547,-115.8249969482422,2.354405284111033,1989,90,90,1.0,True,-0.239785714285714,0.0,0,0,16.63
westcoast_0281,crw_152,29.674999237060547,-115.8249969482422,2.354405284111033,1990,90,90,1.0,True,0.6275000000000013,11.45900000000001,4,3,16.63
westcoast_0281,crw_152,29.674999237060547,-115.8249969482422,2.354405284111033,1991,90,90,1.0,True,0.7500000000000002,26.234000000000023,5,5,16.63
westcoast_0281,crw_152,29.674999237060547,-115.8249969482422,2.354405284111033,1992,91,91,1.0,True,1.958714285714286,83.08925000000002,23,11,16.63
westcoast_0281,crw_152,29.674999237060547,-115.8249969482422,2.354405284111033,1993,90,90,1.0,True,1.3663571428571442,51.983500000000014,18,7,16.63
westcoast_0281,crw_152,29.674999237060547,-115.8249969482422,2.354405284111033,1994,90,90,1.0,True,0.9859999999999994,31.461000000000013,4,1,16.63
westcoast_0281,crw_152,29.674999237060547,-115.8249969482422,2.354405284111033,1995,90,90,1.0,True,2.012285714285716,78.01600000000002,27,10,16.63
westcoast_0281,crw_152,29.674999237060547,-115.8249969482422,2.354405284111033,1996,91,91,1.0,True,1.2279285714285708,44.49925000000001,13,6,16.63
westcoast_0281,crw_152,29.674999237060547,-115.8249969482422,2.354405284111033,1997,90,90,1.0,True,0.5789285714285712,9.284499999999998,3,3,16.63
westcoast_0281,crw_152,29.674999237060547,-115.8249969482422,2.354405284111033,1998,90,90,1.0,True,3.1360714285714293,169.15650000000002,60,51,16.63
westcoast_0281,crw_152,29.674999237060547,-115.8249969482422,2.354405284111033,1999,90,90,1.0,True,-0.8853571428571423,0.0,0,0,16.63
westcoast_0281,crw_152,29.674999237060547,-115.8249969482422,2.354405284111033,2000,91,91,1.0,True,-0.3982857142857146,0.0,0,0,16.63
westcoast_0281,crw_152,29.674999237060547,-115.8249969482422,2.354405284111033,2001,90,90,1.0,True,1.208928571428571,23.56450000000001,14,5,16.63
westcoast_0281,crw_152,29.674999237060547,-115.8249969482422,2.354405284111033,2002,90,90,1.0,True,-0.11142857142857185,0.4555000000000007,0,0,16.63
westcoast_0281,crw_152,29.674999237060547,-115.8249969482422,2.354405284111033,2003,90,90,1.0,True,0.9056428571428563,17.636000000000003,0,0,16.63
westcoast_0281,crw_152,29.674999237060547,-115.8249969482422,2.354405284111033,2004,91,91,1.0,True,0.3242142857142853,5.320999999999998,0,0,16.63
westcoast_0281,crw_152,29.674999237060547,-115.8249969482422,2.354405284111033,2005,90,90,1.0,True,1.0236428571428575,26.97949999999999,3,2,16.63
westcoast_0281,crw_152,29.674999237060547,-115.8249969482422,2.354405284111033,2006,90,90,1.0,True,-0.9028571428571427,0.0,0,0,16.63
westcoast_0281,crw_152,29.674999237060547,-115.8249969482422,2.354405284111033,2007,90,90,1.0,True,0.003357142857142646,0.8840000000000003,0,0,16.63
westcoast_0281,crw_152,29.674999237060547,-115.8249969482422,2.354405284111033,2008,91,91,1.0,True,-0.5021428571428567,0.0,0,0,16.63
westcoast_0281,crw_152,29.674999237060547,-115.8249969482422,2.354405284111033,2009,90,90,1.0,True,0.3987142857142868,6.463500000000003,2,2,16.63
westcoast_0281,crw_152,29.674999237060547,-115.8249969482422,2.354405284111033,2010,90,90,1.0,True,1.180000000000001,46.01700000000001,23,16,16.63
westcoast_0281,crw_152,29.674999237060547,-115.8249969482422,2.354405284111033,2011,90,90,1.0,True,-1.494142857142857,0.0,0,0,16.63
westcoast_0281,crw_152,29.674999237060547,-115.8249969482422,2.354405284111033,2012,91,91,1.0,True,0.05749999999999998,0.8535000000000039,0,0,16.63
westcoast_0281,crw_152,29.674999237060547,-115.8249969482422,2.354405284111033,2013,90,90,1.0,True,-0.08042857142857127,0.33449999999999847,0,0,16.63
westcoast_0281,crw_152,29.674999237060547,-115.8249969482422,2.354405284111033,2014,90,90,1.0,True,1.472785714285715,60.20600000000002,18,5,16.63
westcoast_0281,crw_152,29.674999237060547,-115.8249969482422,2.354405284111033,2015,90,90,1.0,True,2.7888571428571436,175.44650000000007,90,90,16.63
westcoast_0281,crw_152,29.674999237060547,-115.8249969482422,2.354405284111033,2016,91,91,1.0,True,1.8359642857142866,104.12325000000001,54,22,16.63
westcoast_0281,crw_152,29.674999237060547,-115.8249969482422,2.354405284111033,2017,90,90,1.0,True,0.7103571428571439,12.783000000000007,5,4,16.63
westcoast_0281,crw_152,29.674999237060547,-115.8249969482422,2.354405284111033,2018,90,90,1.0,True,2.254428571428573,70.32450000000003,26,21,16.63
westcoast_0281,crw_152,29.674999237060547,-115.8249969482422,2.354405284111033,2019,90,90,1.0,True,1.066714285714286,37.068500000000014,19,13,16.63
westcoast_0281,crw_152,29.674999237060547,-115.8249969482422,2.354405284111033,2020,91,91,1.0,True,1.159714285714286,31.615750000000006,2,2,16.63
westcoast_0281,crw_152,29.674999237060547,-115.8249969482422,2.354405284111033,2021,90,90,1.0,True,0.2895714285714285,2.7535000000000007,0,0,16.63
westcoast_0281,crw_152,29.674999237060547,-115.8249969482422,2.354405284111033,2022,90,90,1.0,True,0.5626428571428573,9.436999999999998,0,0,16.63
westcoast_0281,crw_152,29.674999237060547,-115.8249969482422,2.354405284111033,2023,90,90,1.0,True,-0.008571428571428135,0.6229999999999993,0,0,16.63
westcoast_0281,crw_152,29.674999237060547,-115.8249969482422,2.354405284111033,2024,91,90,0.989010989010989,True,2.0632142857142868,29.467250000000007,10,10,16.63
westcoast_0282,crw_153,29.674999237060547,-115.7249984741211,2.4567735270647613,1985,90,90,1.0,True,0.19271428571428498,1.912999999999995,0,0,16.526000000000003
westcoast_0282,crw_153,29.674999237060547,-115.7249984741211,2.4567735270647613,1986,90,90,1.0,True,1.0076428571428568,43.6015,4,4,16.526000000000003
westcoast_0282,crw_153,29.674999237060547,-115.7249984741211,2.4567735270647613,1987,90,90,1.0,True,0.5295714285714291,17.727499999999992,1,1,16.526000000000003
westcoast_0282,crw_153,29.674999237060547,-115.7249984741211,2.4567735270647613,1988,91,91,1.0,True,1.206642857142857,24.752249999999997,1,1,16.526000000000003
westcoast_0282,crw_153,29.674999237060547,-115.7249984741211,2.4567735270647613,1989,90,90,1.0,True,-0.1563571428571436,0.1624999999999961,0,0,16.526000000000003
westcoast_0282,crw_153,29.674999237060547,-115.7249984741211,2.4567735270647613,1990,90,90,1.0,True,0.7269999999999998,12.147999999999994,4,3,16.526000000000003
westcoast_0282,crw_153,29.674999237060547,-115.7249984741211,2.4567735270647613,1991,90,90,1.0,True,0.8272142857142855,30.016000000000002,5,5,16.526000000000003
westcoast_0282,crw_153,29.674999237060547,-115.7249984741211,2.4567735270647613,1992,91,91,1.0,True,2.0144285714285717,87.12825000000002,23,11,16.526000000000003
westcoast_0282,crw_153,29.674999237060547,-115.7249984741211,2.4567735270647613,1993,90,90,1.0,True,1.4550000000000003,56.72149999999999,20,7,16.526000000000003
westcoast_0282,crw_153,29.674999237060547,-115.7249984741211,2.4567735270647613,1994,90,90,1.0,True,0.8366428571428569,31.821999999999992,7,3,16.526000000000003
westcoast_0282,crw_153,29.674999237060547,-115.7249984741211,2.4567735270647613,1995,90,90,1.0,True,2.0939285714285716,79.312,28,10,16.526000000000003
westcoast_0282,crw_153,29.674999237060547,-115.7249984741211,2.4567735270647613,1996,91,91,1.0,True,1.0687857142857147,43.430250000000015,12,6,16.526000000000003
westcoast_0282,crw_153,29.674999237060547,-115.7249984741211,2.4567735270647613,1997,90,90,1.0,True,0.5150714285714274,8.497499999999995,2,2,16.526000000000003
westcoast_0282,crw_153,29.674999237060547,-115.7249984741211,2.4567735270647613,1998,90,90,1.0,True,3.045571428571428,172.80200000000002,62,51,16.526000000000003
westcoast_0282,crw_153,29.674999237060547,-115.7249984741211,2.4567735270647613,1999,90,90,1.0,True,-0.9362142857142864,0.0,0,0,16.526000000000003
westcoast_0282,crw_153,29.674999237060547,-115.7249984741211,2.4567735270647613,2000,91,91,1.0,True,-0.43221428571428533,0.0,0,0,16.526000000000003
westcoast_0282,crw_153,29.674999237060547,-115.7249984741211,2.4567735270647613,2001,90,90,1.0,True,1.1872857142857143,20.647999999999993,12,5,16.526000000000003
westcoast_0282,crw_153,29.674999237060547,-115.7249984741211,2.4567735270647613,2002,90,90,1.0,True,-0.0927857142857145,0.16349999999999554,0,0,16.526000000000003
westcoast_0282,crw_153,29.674999237060547,-115.7249984741211,2.4567735270647613,2003,90,90,1.0,True,0.9728571428571432,16.985500000000002,0,0,16.526000000000003
westcoast_0282,crw_153,29.674999237060547,-115.7249984741211,2.4567735270647613,2004,91,91,1.0,True,0.2880714285714289,3.6594999999999995,0,0,16.526000000000003
westcoast_0282,crw_153,29.674999237060547,-115.7249984741211,2.4567735270647613,2005,90,90,1.0,True,1.0535000000000003,25.289,4,3,16.526000000000003
westcoast_0282,crw_153,29.674999237060547,-115.7249984741211,2.4567735270647613,2006,90,90,1.0,True,-0.9513571428571428,0.0,0,0,16.526000000000003
westcoast_0282,crw_153,29.674999237060547,-115.7249984741211,2.4567735270647613,2007,90,90,1.0,True,0.07135714285714277,1.241999999999999,0,0,16.526000000000003
westcoast_0282,crw_153,29.674999237060547,-115.7249984741211,2.4567735270647613,2008,91,91,1.0,True,-0.6660000000000009,0.0,0,0,16.526000000000003
westcoast_0282,crw_153,29.674999237060547,-115.7249984741211,2.4567735270647613,2009,90,90,1.0,True,0.40557142857142736,6.326999999999991,2,2,16.526000000000003
westcoast_0282,crw_153,29.674999237060547,-115.7249984741211,2.4567735270647613,2010,90,90,1.0,True,1.1942142857142861,49.11000000000001,26,17,16.526000000000003
westcoast_0282,crw_153,29.674999237060547,-115.7249984741211,2.4567735270647613,2011,90,90,1.0,True,-1.5418571428571433,0.0,0,0,16.526000000000003
westcoast_0282,crw_153,29.674999237060547,-115.7249984741211,2.4567735270647613,2012,91,91,1.0,True,0.08707142857142866,1.0415000000000028,0,0,16.526000000000003
westcoast_0282,crw_153,29.674999237060547,-115.7249984741211,2.4567735270647613,2013,90,90,1.0,True,-0.05135714285714269,0.053500000000001435,0,0,16.526000000000003
westcoast_0282,crw_153,29.674999237060547,-115.7249984741211,2.4567735270647613,2014,90,90,1.0,True,1.527428571428573,53.804000000000016,14,5,16.526000000000003
westcoast_0282,crw_153,29.674999237060547,-115.7249984741211,2.4567735270647613,2015,90,90,1.0,True,2.7641428571428572,173.062,87,57,16.526000000000003
westcoast_0282,crw_153,29.674999237060547,-115.7249984741211,2.4567735270647613,2016,91,91,1.0,True,1.8014642857142866,106.16225,56,30,16.526000000000003
westcoast_0282,crw_153,29.674999237060547,-115.7249984741211,2.4567735270647613,2017,90,90,1.0,True,0.44699999999999945,6.593999999999994,2,1,16.526000000000003
westcoast_0282,crw_153,29.674999237060547,-115.7249984741211,2.4567735270647613,2018,90,90,1.0,True,2.048285714285714,59.587500000000006,23,20,16.526000000000003
westcoast_0282,crw_153,29.674999237060547,-115.7249984741211,2.4567735270647613,2019,90,90,1.0,True,1.011285714285714,30.248999999999995,15,9,16.526000000000003
westcoast_0282,crw_153,29.674999237060547,-115.7249984741211,2.4567735270647613,2020,91,91,1.0,True,1.1527142857142862,27.85625000000001,0,0,16.526000000000003
westcoast_0282,crw_153,29.674999237060547,-115.7249984741211,2.4567735270647613,2021,90,90,1.0,True,0.26421428571428507,2.297499999999994,0,0,16.526000000000003
westcoast_0282,crw_153,29.674999237060547,-115.7249984741211,2.4567735270647613,2022,90,90,1.0,True,0.2958571428571433,3.309499999999998,0,0,16.526000000000003
westcoast_0282,crw_153,29.674999237060547,-115.7249984741211,2.4567735270647613,2023,90,90,1.0,True,-0.02014285714285816,0.6159999999999979,0,0,16.526000000000003
westcoast_0282,crw_153,29.674999237060547,-115.7249984741211,2.4567735270647613,2024,91,90,0.989010989010989,True,2.0355714285714273,29.79525000000001,10,10,16.526000000000003
westcoast_0285,crw_154,29.625,-115.625,2.4688706401172604,1985,90,90,1.0,True,0.24607142857142886,2.2094999999999985,0,0,16.57
westcoast_0285,crw_154,29.625,-115.625,2.4688706401172604,1986,90,90,1.0,True,1.024071428571429,44.177000000000014,4,4,16.57
westcoast_0285,crw_154,29.625,-115.625,2.4688706401172604,1987,90,90,1.0,True,0.5638571428571435,19.67350000000001,0,0,16.57
westcoast_0285,crw_154,29.625,-115.625,2.4688706401172604,1988,91,91,1.0,True,1.116071428571429,23.19225,0,0,16.57
westcoast_0285,crw_154,29.625,-115.625,2.4688706401172604,1989,90,90,1.0,True,-0.10878571428571451,0.2989999999999977,0,0,16.57
westcoast_0285,crw_154,29.625,-115.625,2.4688706401172604,1990,90,90,1.0,True,0.8474999999999996,13.861499999999994,4,3,16.57
westcoast_0285,crw_154,29.625,-115.625,2.4688706401172604,1991,90,90,1.0,True,0.9354285714285717,34.425500000000014,5,5,16.57
westcoast_0285,crw_154,29.625,-115.625,2.4688706401172604,1992,91,91,1.0,True,2.102214285714287,90.98075000000003,22,11,16.57
westcoast_0285,crw_154,29.625,-115.625,2.4688706401172604,1993,90,90,1.0,True,1.5814285714285714,63.99450000000002,20,7,16.57
westcoast_0285,crw_154,29.625,-115.625,2.4688706401172604,1994,90,90,1.0,True,0.9305714285714287,36.99850000000002,8,4,16.57
westcoast_0285,crw_154,29.625,-115.625,2.4688706401172604,1995,90,90,1.0,True,2.2263571428571436,86.35850000000002,32,12,16.57
westcoast_0285,crw_154,29.625,-115.625,2.4688706401172604,1996,91,91,1.0,True,0.8902857142857145,38.62475000000002,10,5,16.57
westcoast_0285,crw_154,29.625,-115.625,2.4688706401172604,1997,90,90,1.0,True,0.518357142857143,7.871,1,1,16.57
westcoast_0285,crw_154,29.625,-115.625,2.4688706401172604,1998,90,90,1.0,True,3.041785714285713,178.89,62,51,16.57
westcoast_0285,crw_154,29.625,-115.625,2.4688706401172604,1999,90,90,1.0,True,-1.0164999999999995,0.0,0,0,16.57
westcoast_0285,crw_154,29.625,-115.625,2.4688706401172604,2000,91,91,1.0,True,-0.4306428571428569,0.0,0,0,16.57
westcoast_0285,crw_154,29.625,-115.625,2.4688706401172604,2001,90,90,1.0,True,1.2807142857142861,20.839000000000006,11,5,16.57
westcoast_0285,crw_154,29.625,-115.625,2.4688706401172604,2002,90,90,1.0,True,-0.053214285714285534,0.3659999999999979,0,0,16.57
westcoast_0285,crw_154,29.625,-115.625,2.4688706401172604,2003,90,90,1.0,True,1.065857142857143,23.098500000000016,1,1,16.57
westcoast_0285,crw_154,29.625,-115.625,2.4688706401172604,2004,91,91,1.0,True,0.0005714285714282548,0.650500000000001,0,0,16.57
westcoast_0285,crw_154,29.625,-115.625,2.4688706401172604,2005,90,90,1.0,True,1.1705000000000005,26.686999999999998,0,0,16.57
westcoast_0285,crw_154,29.625,-115.625,2.4688706401172604,2006,90,90,1.0,True,-0.773142857142857,0.0,0,0,16.57
westcoast_0285,crw_154,29.625,-115.625,2.4688706401172604,2007,90,90,1.0,True,0.19728571428571456,2.3275000000000006,0,0,16.57
westcoast_0285,crw_154,29.625,-115.625,2.4688706401172604,2008,91,91,1.0,True,-0.8375000000000001,0.0,0,0,16.57
westcoast_0285,crw_154,29.625,-115.625,2.4688706401172604,2009,90,90,1.0,True,0.5403571428571432,7.415999999999999,2,2,16.57
westcoast_0285,crw_154,29.625,-115.625,2.4688706401172604,2010,90,90,1.0,True,1.4110714285714288,54.20350000000001,29,25,16.57
westcoast_0285,crw_154,29.625,-115.625,2.4688706401172604,2011,90,90,1.0,True,-1.4550714285714288,0.0,0,0,16.57
westcoast_0285,crw_154,29.625,-115.625,2.4688706401172604,2012,91,91,1.0,True,0.08657142857142855,1.413000000000002,0,0,16.57
westcoast_0285,crw_154,29.625,-115.625,2.4688706401172604,2013,90,90,1.0,True,-0.10714285714285765,0.08549999999999969,0,0,16.57
westcoast_0285,crw_154,29.625,-115.625,2.4688706401172604,2014,90,90,1.0,True,1.7360000000000009,50.982500000000016,14,7,16.57
westcoast_0285,crw_154,29.625,-115.625,2.4688706401172604,2015,90,90,1.0,True,3.0528571428571425,180.16000000000003,83,56,16.57
westcoast_0285,crw_154,29.625,-115.625,2.4688706401172604,2016,91,91,1.0,True,1.951785714285715,120.48075000000001,56,30,16.57
westcoast_0285,crw_154,29.625,-115.625,2.4688706401172604,2017,90,90,1.0,True,0.5487857142857143,6.332499999999996,0,0,16.57
westcoast_0285,crw_154,29.625,-115.625,2.4688706401172604,2018,90,90,1.0,True,1.9181428571428578,57.11950000000002,23,20,16.57
westcoast_0285,crw_154,29.625,-115.625,2.4688706401172604,2019,90,90,1.0,True,1.0166428571428583,32.2195,9,2,16.57
westcoast_0285,crw_154,29.625,-115.625,2.4688706401172604,2020,91,91,1.0,True,1.0630000000000004,27.041250000000005,0,0,16.57
westcoast_0285,crw_154,29.625,-115.625,2.4688706401172604,2021,90,90,1.0,True,0.2948571428571424,2.3925,0,0,16.57
westcoast_0285,crw_154,29.625,-115.625,2.4688706401172604,2022,90,90,1.0,True,0.13114285714285703,2.525500000000001,0,0,16.57
westcoast_0285,crw_154,29.625,-115.625,2.4688706401172604,2023,90,90,1.0,True,0.11607142857142806,1.392999999999999,0,0,16.57
westcoast_0285,crw_154,29.625,-115.625,2.4688706401172604,2024,91,90,0.989010989010989,True,2.2675000000000005,38.899750000000004,11,11,16.57
westcoast_0298,crw_155,28.375,-115.3249969482422,3.1952184795766803,1985,90,90,1.0,True,-0.036499999999999436,0.4835000000000029,0,0,17.59
westcoast_0298,crw_155,28.375,-115.3249969482422,3.1952184795766803,1986,90,90,1.0,True,0.6325000000000003,17.62449999999999,2,2,17.59
westcoast_0298,crw_155,28.375,-115.3249969482422,3.1952184795766803,1987,90,90,1.0,True,0.601642857142857,17.0275,0,0,17.59
westcoast_0298,crw_155,28.375,-115.3249969482422,3.1952184795766803,1988,91,91,1.0,True,1.1953571428571432,26.210500000000003,1,1,17.59
westcoast_0298,crw_155,28.375,-115.3249969482422,3.1952184795766803,1989,90,90,1.0,True,-0.011642857142857415,0.2884999999999991,0,0,17.59
westcoast_0298,crw_155,28.375,-115.3249969482422,3.1952184795766803,1990,90,90,1.0,True,0.8653571428571435,10.855000000000004,4,3,17.59
westcoast_0298,crw_155,28.375,-115.3249969482422,3.1952184795766803,1991,90,90,1.0,True,1.1786428571428575,46.978500000000004,5,5,17.59
westcoast_0298,crw_155,28.375,-115.3249969482422,3.1952184795766803,1992,91,91,1.0,True,2.0542142857142855,81.74725000000002,14,9,17.59
westcoast_0298,crw_155,28.375,-115.3249969482422,3.1952184795766803,1993,90,90,1.0,True,1.8587857142857156,81.39500000000001,25,12,17.59
westcoast_0298,crw_155,28.375,-115.3249969482422,3.1952184795766803,1994,90,90,1.0,True,1.6551428571428564,67.10300000000001,24,12,17.59
westcoast_0298,crw_155,28.375,-115.3249969482422,3.1952184795766803,1995,90,90,1.0,True,2.0795000000000003,70.39750000000001,24,8,17.59
westcoast_0298,crw_155,28.375,-115.3249969482422,3.1952184795766803,1996,91,91,1.0,True,1.4605000000000001,51.24275000000002,12,6,17.59
westcoast_0298,crw_155,28.375,-115.3249969482422,3.1952184795766803,1997,90,90,1.0,True,0.042857142857142705,1.2890000000000015,0,0,17.59
westcoast_0298,crw_155,28.375,-115.3249969482422,3.1952184795766803,1998,90,90,1.0,True,3.5935714285714284,181.70550000000003,57,51,17.59
westcoast_0298,crw_155,28.375,-115.3249969482422,3.1952184795766803,1999,90,90,1.0,True,-0.9999285714285716,0.0,0,0,17.59
westcoast_0298,crw_155,28.375,-115.3249969482422,3.1952184795766803,2000,91,91,1.0,True,-0.3310000000000008,0.0,0,0,17.59
westcoast_0298,crw_155,28.375,-115.3249969482422,3.1952184795766803,2001,90,90,1.0,True,1.520571428571429,24.888500000000008,9,5,17.59
westcoast_0298,crw_155,28.375,-115.3249969482422,3.1952184795766803,2002,90,90,1.0,True,0.596785714285715,5.546500000000002,2,2,17.59
westcoast_0298,crw_155,28.375,-115.3249969482422,3.1952184795766803,2003,90,90,1.0,True,1.264571428571429,41.17700000000001,1,1,17.59
westcoast_0298,crw_155,28.375,-115.3249969482422,3.1952184795766803,2004,91,91,1.0,True,-0.16785714285714345,0.26499999999999524,0,0,17.59
westcoast_0298,crw_155,28.375,-115.3249969482422,3.1952184795766803,2005,90,90,1.0,True,0.8877857142857142,31.44500000000001,0,0,17.59
westcoast_0298,crw_155,28.375,-115.3249969482422,3.1952184795766803,2006,90,90,1.0,True,-0.472785714285713,0.0,0,0,17.59
westcoast_0298,crw_155,28.375,-115.3249969482422,3.1952184795766803,2007,90,90,1.0,True,0.613357142857143,11.917000000000018,1,1,17.59
westcoast_0298,crw_155,28.375,-115.3249969482422,3.1952184795766803,2008,91,91,1.0,True,-0.6335714285714287,0.0,0,0,17.59
westcoast_0298,crw_155,28.375,-115.3249969482422,3.1952184795766803,2009,90,90,1.0,True,1.9707142857142854,35.03050000000002,11,11,17.59
westcoast_0298,crw_155,28.375,-115.3249969482422,3.1952184795766803,2010,90,90,1.0,True,1.8014999999999997,79.54550000000003,28,26,17.59
westcoast_0298,crw_155,28.375,-115.3249969482422,3.1952184795766803,2011,90,90,1.0,True,-1.0792142857142861,0.0,0,0,17.59
westcoast_0298,crw_155,28.375,-115.3249969482422,3.1952184795766803,2012,91,91,1.0,True,0.11721428571428609,1.0885000000000034,0,0,17.59
westcoast_0298,crw_155,28.375,-115.3249969482422,3.1952184795766803,2013,90,90,1.0,True,0.20250000000000007,2.921499999999993,0,0,17.59
westcoast_0298,crw_155,28.375,-115.3249969482422,3.1952184795766803,2014,90,90,1.0,True,1.4638571428571427,89.63550000000002,11,2,17.59
westcoast_0298,crw_155,28.375,-115.3249969482422,3.1952184795766803,2015,90,90,1.0,True,3.450071428571428,225.47549999999998,90,90,17.59
westcoast_0298,crw_155,28.375,-115.3249969482422,3.1952184795766803,2016,91,91,1.0,True,2.8259999999999996,176.75975000000003,70,68,17.59
westcoast_0298,crw_155,28.375,-115.3249969482422,3.1952184795766803,2017,90,90,1.0,True,0.7895000000000003,29.645000000000003,1,1,17.59
westcoast_0298,crw_155,28.375,-115.3249969482422,3.1952184795766803,2018,90,90,1.0,True,2.0129285714285707,120.74549999999998,52,26,17.59
westcoast_0298,crw_155,28.375,-115.3249969482422,3.1952184795766803,2019,90,90,1.0,True,1.0700714285714288,52.27300000000002,6,3,17.59
westcoast_0298,crw_155,28.375,-115.3249969482422,3.1952184795766803,2020,91,91,1.0,True,1.0987857142857134,69.07975000000002,10,5,17.59
westcoast_0298,crw_155,28.375,-115.3249969482422,3.1952184795766803,2021,90,90,1.0,True,0.252285714285713,4.533000000000001,0,0,17.59
westcoast_0298,crw_155,28.375,-115.3249969482422,3.1952184795766803,2022,90,90,1.0,True,0.760999999999999,30.55250000000001,0,0,17.59
westcoast_0298,crw_155,28.375,-115.3249969482422,3.1952184795766803,2023,90,90,1.0,True,0.2872142857142868,3.4605000000000103,0,0,17.59
westcoast_0298,crw_155,28.375,-115.3249969482422,3.1952184795766803,2024,91,90,0.989010989010989,True,2.6782142857142857,91.23225000000001,32,29,17.59
westcoast_0299,crw_156,28.375,-115.1750030517578,3.13154001295538,1985,90,90,1.0,True,-0.08035714285714361,0.3819999999999979,0,0,17.63
westcoast_0299,crw_156,28.375,-115.1750030517578,3.13154001295538,1986,90,90,1.0,True,0.575214285714286,15.8875,1,1,17.63
westcoast_0299,crw_156,28.375,-115.1750030517578,3.13154001295538,1987,90,90,1.0,True,0.646,16.488500000000013,0,0,17.63
westcoast_0299,crw_156,28.375,-115.1750030517578,3.13154001295538,1988,91,91,1.0,True,1.1684285714285714,24.927999999999997,1,1,17.63
westcoast_0299,crw_156,28.375,-115.1750030517578,3.13154001295538,1989,90,90,1.0,True,-0.061499999999999284,0.17950000000000443,0,0,17.63
westcoast_0299,crw_156,28.375,-115.1750030517578,3.13154001295538,1990,90,90,1.0,True,0.920928571428572,11.687999999999999,4,3,17.63
westcoast_0299,crw_156,28.375,-115.1750030517578,3.13154001295538,1991,90,90,1.0,True,1.3196428571428567,50.84400000000001,10,5,17.63
westcoast_0299,crw_156,28.375,-115.1750030517578,3.13154001295538,1992,91,91,1.0,True,1.9574285714285709,74.87325000000001,11,6,17.63
westcoast_0299,crw_156,28.375,-115.1750030517578,3.13154001295538,1993,90,90,1.0,True,1.794,71.20500000000001,24,13,17.63
westcoast_0299,crw_156,28.375,-115.1750030517578,3.13154001295538,1994,90,90,1.0,True,1.4345714285714277,71.393,21,10,17.63
westcoast_0299,crw_156,28.375,-115.1750030517578,3.13154001295538,1995,90,90,1.0,True,2.304071428571428,81.69149999999999,25,10,17.63
westcoast_0299,crw_156,28.375,-115.1750030517578,3.13154001295538,1996,91,91,1.0,True,1.662500000000001,52.06575,12,4,17.63
westcoast_0299,crw_156,28.375,-115.1750030517578,3.13154001295538,1997,90,90,1.0,True,0.013142857142857218,1.5800000000000036,0,0,17.63
westcoast_0299,crw_156,28.375,-115.1750030517578,3.13154001295538,1998,90,90,1.0,True,3.4166428571428575,179.8375,60,51,17.63
westcoast_0299,crw_156,28.375,-115.1750030517578,3.13154001295538,1999,90,90,1.0,True,-0.9422857142857145,0.0,0,0,17.63
westcoast_0299,crw_156,28.375,-115.1750030517578,3.13154001295538,2000,91,91,1.0,True,-0.3000714285714289,0.0,0,0,17.63
westcoast_0299,crw_156,28.375,-115.1750030517578,3.13154001295538,2001,90,90,1.0,True,1.4559285714285717,23.396499999999993,9,5,17.63
westcoast_0299,crw_156,28.375,-115.1750030517578,3.13154001295538,2002,90,90,1.0,True,0.22950000000000056,2.3604999999999947,0,0,17.63
westcoast_0299,crw_156,28.375,-115.1750030517578,3.13154001295538,2003,90,90,1.0,True,1.2236428571428577,42.40900000000002,1,1,17.63
westcoast_0299,crw_156,28.375,-115.1750030517578,3.13154001295538,2004,91,91,1.0,True,-0.18257142857142888,0.0,0,0,17.63
westcoast_0299,crw_156,28.375,-115.1750030517578,3.13154001295538,2005,90,90,1.0,True,0.8070714285714286,26.457000000000008,0,0,17.63
westcoast_0299,crw_156,28.375,-115.1750030517578,3.13154001295538,2006,90,90,1.0,True,-0.28714285714285687,0.23300000000000054,0,0,17.63
westcoast_0299,crw_156,28.375,-115.1750030517578,3.13154001295538,2007,90,90,1.0,True,0.6623571428571431,10.421999999999997,1,1,17.63
westcoast_0299,crw_156,28.375,-115.1750030517578,3.13154001295538,2008,91,91,1.0,True,-0.6045,0.0,0,0,17.63
westcoast_0299,crw_156,28.375,-115.1750030517578,3.13154001295538,2009,90,90,1.0,True,2.481214285714286,45.7045,12,12,17.63
westcoast_0299,crw_156,28.375,-115.1750030517578,3.13154001295538,2010,90,90,1.0,True,1.4975714285714277,75.562,27,19,17.63
westcoast_0299,crw_156,28.375,-115.1750030517578,3.13154001295538,2011,90,90,1.0,True,-1.0098571428571432,0.0,0,0,17.63
westcoast_0299,crw_156,28.375,-115.1750030517578,3.13154001295538,2012,91,91,1.0,True,0.1210714285714286,1.8734999999999964,0,0,17.63
westcoast_0299,crw_156,28.375,-115.1750030517578,3.13154001295538,2013,90,90,1.0,True,0.48521428571428615,4.708000000000011,1,1,17.63
westcoast_0299,crw_156,28.375,-115.1750030517578,3.13154001295538,2014,90,90,1.0,True,1.4252857142857158,89.12750000000003,12,3,17.63
westcoast_0299,crw_156,28.375,-115.1750030517578,3.13154001295538,2015,90,90,1.0,True,3.6326428571428573,237.8975,90,90,17.63
westcoast_0299,crw_156,28.375,-115.1750030517578,3.13154001295538,2016,91,91,1.0,True,2.582214285714286,171.28875000000002,69,69,17.63
westcoast_0299,crw_156,28.375,-115.1750030517578,3.13154001295538,2017,90,90,1.0,True,0.9845714285714282,37.033000000000015,1,1,17.63
westcoast_0299,crw_156,28.375,-115.1750030517578,3.13154001295538,2018,90,90,1.0,True,2.0289999999999995,123.80750000000002,52,27,17.63
westcoast_0299,crw_156,28.375,-115.1750030517578,3.13154001295538,2019,90,90,1.0,True,1.1484285714285722,59.23250000000004,16,5,17.63
westcoast_0299,crw_156,28.375,-115.1750030517578,3.13154001295538,2020,91,91,1.0,True,1.2326428571428576,74.88875000000002,13,11,17.63
westcoast_0299,crw_156,28.375,-115.1750030517578,3.13154001295538,2021,90,90,1.0,True,0.2876428571428562,6.397999999999996,0,0,17.63
westcoast_0299,crw_156,28.375,-115.1750030517578,3.13154001295538,2022,90,90,1.0,True,0.7039285714285712,31.189500000000013,1,1,17.63
westcoast_0299,crw_156,28.375,-115.1750030517578,3.13154001295538,2023,90,90,1.0,True,0.5389285714285715,9.720000000000006,0,0,17.63
westcoast_0299,crw_156,28.375,-115.1750030517578,3.13154001295538,2024,91,90,0.989010989010989,True,2.7437857142857145,106.42375000000001,30,25,17.63
westcoast_0302,crw_157,28.274999618530277,-115.3249969482422,2.503984325202309,1985,90,90,1.0,True,-0.05850000000000044,0.4359999999999964,0,0,17.626
westcoast_0302,crw_157,28.274999618530277,-115.3249969482422,2.503984325202309,1986,90,90,1.0,True,0.6843571428571436,19.00150000000002,4,4,17.626
westcoast_0302,crw_157,28.274999618530277,-115.3249969482422,2.503984325202309,1987,90,90,1.0,True,0.6856428571428579,15.202999999999989,0,0,17.626
westcoast_0302,crw_157,28.274999618530277,-115.3249969482422,2.503984325202309,1988,91,91,1.0,True,1.115785714285714,24.5515,1,1,17.626
westcoast_0302,crw_157,28.274999618530277,-115.3249969482422,2.503984325202309,1989,90,90,1.0,True,0.04635714285714317,0.5934999999999988,0,0,17.626
westcoast_0302,crw_157,28.274999618530277,-115.3249969482422,2.503984325202309,1990,90,90,1.0,True,0.7900714285714291,9.684999999999999,4,3,17.626
westcoast_0302,crw_157,28.274999618530277,-115.3249969482422,2.503984325202309,1991,90,90,1.0,True,1.1736428571428574,49.230500000000006,5,5,17.626
westcoast_0302,crw_157,28.274999618530277,-115.3249969482422,2.503984325202309,1992,91,91,1.0,True,2.0373571428571444,84.84625000000003,13,9,17.626
westcoast_0302,crw_157,28.274999618530277,-115.3249969482422,2.503984325202309,1993,90,90,1.0,True,1.8719999999999999,83.13999999999997,26,12,17.626
westcoast_0302,crw_157,28.274999618530277,-115.3249969482422,2.503984325202309,1994,90,90,1.0,True,1.6710714285714279,65.6695,24,12,17.626
westcoast_0302,crw_157,28.274999618530277,-115.3249969482422,2.503984325202309,1995,90,90,1.0,True,2.1328571428571426,72.1405,23,7,17.626
westcoast_0302,crw_157,28.274999618530277,-115.3249969482422,2.503984325202309,1996,91,91,1.0,True,1.3856428571428567,52.204750000000026,10,5,17.626
westcoast_0302,crw_157,28.274999618530277,-115.3249969482422,2.503984325202309,1997,90,90,1.0,True,0.12221428571428687,2.062500000000009,0,0,17.626
westcoast_0302,crw_157,28.274999618530277,-115.3249969482422,2.503984325202309,1998,90,90,1.0,True,3.5586428571428583,183.43,60,51,17.626
westcoast_0302,crw_157,28.274999618530277,-115.3249969482422,2.503984325202309,1999,90,90,1.0,True,-0.9894285714285724,0.0,0,0,17.626
westcoast_0302,crw_157,28.274999618530277,-115.3249969482422,2.503984325202309,2000,91,91,1.0,True,-0.342785714285715,0.0,0,0,17.626
westcoast_0302,crw_157,28.274999618530277,-115.3249969482422,2.503984325202309,2001,90,90,1.0,True,1.491142857142858,24.74450000000001,9,5,17.626
westcoast_0302,crw_157,28.274999618530277,-115.3249969482422,2.503984325202309,2002,90,90,1.0,True,0.5957857142857154,6.446500000000011,2,2,17.626
westcoast_0302,crw_157,28.274999618530277,-115.3249969482422,2.503984325202309,2003,90,90,1.0,True,1.3397142857142854,40.41,0,0,17.626
westcoast_0302,crw_157,28.274999618530277,-115.3249969482422,2.503984325202309,2004,91,91,1.0,True,-0.1420000000000002,0.0,0,0,17.626
westcoast_0302,crw_157,28.274999618530277,-115.3249969482422,2.503984325202309,2005,90,90,1.0,True,0.901,30.849000000000007,0,0,17.626
westcoast_0302,crw_157,28.274999618530277,-115.3249969482422,2.503984325202309,2006,90,90,1.0,True,-0.5084999999999985,0.0,0,0,17.626
westcoast_0302,crw_157,28.274999618530277,-115.3249969482422,2.503984325202309,2007,90,90,1.0,True,0.4986428571428583,10.497000000000009,0,0,17.626
westcoast_0302,crw_157,28.274999618530277,-115.3249969482422,2.503984325202309,2008,91,91,1.0,True,-0.6385,0.0,0,0,17.626
westcoast_0302,crw_157,28.274999618530277,-115.3249969482422,2.503984325202309,2009,90,90,1.0,True,1.8215,32.69750000000001,10,10,17.626
westcoast_0302,crw_157,28.274999618530277,-115.3249969482422,2.503984325202309,2010,90,90,1.0,True,1.8264999999999998,80.04150000000001,28,26,17.626
westcoast_0302,crw_157,28.274999618530277,-115.3249969482422,2.503984325202309,2011,90,90,1.0,True,-1.061071428571429,0.0,0,0,17.626
westcoast_0302,crw_157,28.274999618530277,-115.3249969482422,2.503984325202309,2012,91,91,1.0,True,0.17507142857142913,1.3900000000000041,0,0,17.626
westcoast_0302,crw_157,28.274999618530277,-115.3249969482422,2.503984325202309,2013,90,90,1.0,True,0.14150000000000063,2.766000000000009,0,0,17.626
westcoast_0302,crw_157,28.274999618530277,-115.3249969482422,2.503984325202309,2014,90,90,1.0,True,1.488285714285714,89.83000000000004,11,2,17.626
westcoast_0302,crw_157,28.274999618530277,-115.3249969482422,2.503984325202309,2015,90,90,1.0,True,3.4942857142857155,225.57,90,90,17.626
westcoast_0302,crw_157,28.274999618530277,-115.3249969482422,2.503984325202309,2016,91,91,1.0,True,2.976857142857142,182.34824999999998,75,71,17.626
westcoast_0302,crw_157,28.274999618530277,-115.3249969482422,2.503984325202309,2017,90,90,1.0,True,0.842928571428572,26.487500000000022,0,0,17.626
westcoast_0302,crw_157,28.274999618530277,-115.3249969482422,2.503984325202309,2018,90,90,1.0,True,1.978071428571429,116.02000000000002,47,24,17.626
westcoast_0302,crw_157,28.274999618530277,-115.3249969482422,2.503984325202309,2019,90,90,1.0,True,0.9947142857142859,49.28900000000003,5,3,17.626
westcoast_0302,crw_157,28.274999618530277,-115.3249969482422,2.503984325202309,2020,91,91,1.0,True,1.0699285714285716,64.91825,6,2,17.626
westcoast_0302,crw_157,28.274999618530277,-115.3249969482422,2.503984325202309,2021,90,90,1.0,True,0.46250000000000063,7.086999999999996,0,0,17.626
westcoast_0302,crw_157,28.274999618530277,-115.3249969482422,2.503984325202309,2022,90,90,1.0,True,0.7355000000000008,28.91600000000001,1,1,17.626
westcoast_0302,crw_157,28.274999618530277,-115.3249969482422,2.503984325202309,2023,90,90,1.0,True,0.3600714285714294,4.193500000000011,0,0,17.626
westcoast_0302,crw_157,28.274999618530277,-115.3249969482422,2.503984325202309,2024,91,90,0.989010989010989,True,2.6486428571428573,88.13725000000001,31,22,17.626
westcoast_0305,crw_158,28.174999237060547,-115.3249969482422,2.335600757501194,1985,90,90,1.0,True,-0.06949999999999967,0.42550000000000665,0,0,17.7
westcoast_0305,crw_158,28.174999237060547,-115.3249969482422,2.335600757501194,1986,90,90,1.0,True,0.7005000000000001,20.681500000000018,4,4,17.7
westcoast_0305,crw_158,28.174999237060547,-115.3249969482422,2.335600757501194,1987,90,90,1.0,True,0.7255,13.501999999999997,0,0,17.7
westcoast_0305,crw_158,28.174999237060547,-115.3249969482422,2.335600757501194,1988,91,91,1.0,True,1.0725714285714283,23.616000000000014,1,1,17.7
westcoast_0305,crw_158,28.174999237060547,-115.3249969482422,2.335600757501194,1989,90,90,1.0,True,0.05864285714285674,0.6614999999999966,0,0,17.7
westcoast_0305,crw_158,28.174999237060547,-115.3249969482422,2.335600757501194,1990,90,90,1.0,True,0.7504999999999998,8.7805,4,3,17.7
westcoast_0305,crw_158,28.174999237060547,-115.3249969482422,2.335600757501194,1991,90,90,1.0,True,1.1654285714285726,50.30750000000003,7,5,17.7
westcoast_0305,crw_158,28.174999237060547,-115.3249969482422,2.335600757501194,1992,91,91,1.0,True,2.108857142857142,91.98100000000004,14,9,17.7
westcoast_0305,crw_158,28.174999237060547,-115.3249969482422,2.335600757501194,1993,90,90,1.0,True,1.8721428571428578,83.54200000000003,25,10,17.7
westcoast_0305,crw_158,28.174999237060547,-115.3249969482422,2.335600757501194,1994,90,90,1.0,True,1.6537142857142852,63.788499999999985,21,11,17.7
westcoast_0305,crw_158,28.174999237060547,-115.3249969482422,2.335600757501194,1995,90,90,1.0,True,2.1972857142857127,72.95700000000001,22,7,17.7
westcoast_0305,crw_158,28.174999237060547,-115.3249969482422,2.335600757501194,1996,91,91,1.0,True,1.3115000000000008,49.75950000000001,8,4,17.7
westcoast_0305,crw_158,28.174999237060547,-115.3249969482422,2.335600757501194,1997,90,90,1.0,True,0.14657142857142905,2.769500000000008,0,0,17.7
westcoast_0305,crw_158,28.174999237060547,-115.3249969482422,2.335600757501194,1998,90,90,1.0,True,3.521928571428572,187.96500000000003,60,51,17.7
westcoast_0305,crw_158,28.174999237060547,-115.3249969482422,2.335600757501194,1999,90,90,1.0,True,-0.9912142857142854,0.0,0,0,17.7
westcoast_0305,crw_158,28.174999237060547,-115.3249969482422,2.335600757501194,2000,91,91,1.0,True,-0.3625000000000007,0.0,0,0,17.7
westcoast_0305,crw_158,28.174999237060547,-115.3249969482422,2.335600757501194,2001,90,90,1.0,True,1.518785714285715,25.45800000000001,10,4,17.7
westcoast_0305,crw_158,28.174999237060547,-115.3249969482422,2.335600757501194,2002,90,90,1.0,True,0.5347857142857139,6.528000000000006,2,2,17.7
westcoast_0305,crw_158,28.174999237060547,-115.3249969482422,2.335600757501194,2003,90,90,1.0,True,1.4627142857142854,41.874000000000024,2,2,17.7
westcoast_0305,crw_158,28.174999237060547,-115.3249969482422,2.335600757501194,2004,91,91,1.0,True,-0.1439285714285717,0.0,0,0,17.7
westcoast_0305,crw_158,28.174999237060547,-115.3249969482422,2.335600757501194,2005,90,90,1.0,True,0.9422142857142853,29.19750000000001,0,0,17.7
westcoast_0305,crw_158,28.174999237060547,-115.3249969482422,2.335600757501194,2006,90,90,1.0,True,-0.5252142857142859,0.0,0,0,17.7
westcoast_0305,crw_158,28.174999237060547,-115.3249969482422,2.335600757501194,2007,90,90,1.0,True,0.4933571428571436,9.994499999999997,1,1,17.7
westcoast_0305,crw_158,28.174999237060547,-115.3249969482422,2.335600757501194,2008,91,91,1.0,True,-0.653142857142857,0.0,0,0,17.7
westcoast_0305,crw_158,28.174999237060547,-115.3249969482422,2.335600757501194,2009,90,90,1.0,True,1.6168571428571425,28.792500000000018,10,10,17.7
westcoast_0305,crw_158,28.174999237060547,-115.3249969482422,2.335600757501194,2010,90,90,1.0,True,1.9440000000000006,81.77600000000002,24,23,17.7
westcoast_0305,crw_158,28.174999237060547,-115.3249969482422,2.335600757501194,2011,90,90,1.0,True,-1.063928571428572,0.0,0,0,17.7
westcoast_0305,crw_158,28.174999237060547,-115.3249969482422,2.335600757501194,2012,91,91,1.0,True,0.17350000000000065,1.3725000000000058,0,0,17.7
westcoast_0305,crw_158,28.174999237060547,-115.3249969482422,2.335600757501194,2013,90,90,1.0,True,0.04192857142857166,2.3090000000000117,0,0,17.7
westcoast_0305,crw_158,28.174999237060547,-115.3249969482422,2.335600757501194,2014,90,90,1.0,True,1.5414999999999992,88.63500000000003,6,2,17.7
westcoast_0305,crw_158,28.174999237060547,-115.3249969482422,2.335600757501194,2015,90,90,1.0,True,3.4265000000000017,223.37500000000006,90,90,17.7
westcoast_0305,crw_158,28.174999237060547,-115.3249969482422,2.335600757501194,2016,91,91,1.0,True,3.2127142857142847,188.69699999999997,76,72,17.7
westcoast_0305,crw_158,28.174999237060547,-115.3249969482422,2.335600757501194,2017,90,90,1.0,True,0.945428571428571,23.3685,0,0,17.7
westcoast_0305,crw_158,28.174999237060547,-115.3249969482422,2.335600757501194,2018,90,90,1.0,True,1.981,111.73750000000003,44,24,17.7
westcoast_0305,crw_158,28.174999237060547,-115.3249969482422,2.335600757501194,2019,90,90,1.0,True,1.0365000000000006,47.044000000000025,3,2,17.7
westcoast_0305,crw_158,28.174999237060547,-115.3249969482422,2.335600757501194,2020,91,91,1.0,True,1.0752142857142861,60.98700000000001,4,2,17.7
westcoast_0305,crw_158,28.174999237060547,-115.3249969482422,2.335600757501194,2021,90,90,1.0,True,0.6094285714285722,8.233500000000006,0,0,17.7
westcoast_0305,crw_158,28.174999237060547,-115.3249969482422,2.335600757501194,2022,90,90,1.0,True,0.705285714285714,27.778500000000015,1,1,17.7
westcoast_0305,crw_158,28.174999237060547,-115.3249969482422,2.335600757501194,2023,90,90,1.0,True,0.4819285714285724,5.1895000000000095,0,0,17.7
westcoast_0305,crw_158,28.174999237060547,-115.3249969482422,2.335600757501194,2024,91,90,0.989010989010989,True,2.6533571428571427,88.385,28,22,17.7
westcoast_0306,crw_159,28.075000762939453,-115.4250030517578,2.5096072753335026,1985,90,90,1.0,True,-0.09135714285714311,0.35749999999999815,0,0,17.84
westcoast_0306,crw_159,28.075000762939453,-115.4250030517578,2.5096072753335026,1986,90,90,1.0,True,0.6884999999999997,20.456500000000002,3,3,17.84
westcoast_0306,crw_159,28.075000762939453,-115.4250030517578,2.5096072753335026,1987,90,90,1.0,True,0.7727142857142854,13.594500000000002,0,0,17.84
westcoast_0306,crw_159,28.075000762939453,-115.4250030517578,2.5096072753335026,1988,91,91,1.0,True,1.2170714285714292,25.044,2,2,17.84
westcoast_0306,crw_159,28.075000762939453,-115.4250030517578,2.5096072753335026,1989,90,90,1.0,True,0.0998571428571436,0.8665000000000056,0,0,17.84
westcoast_0306,crw_159,28.075000762939453,-115.4250030517578,2.5096072753335026,1990,90,90,1.0,True,0.6813571428571424,8.017500000000005,4,3,17.84
westcoast_0306,crw_159,28.075000762939453,-115.4250030517578,2.5096072753335026,1991,90,90,1.0,True,1.1001428571428578,48.902000000000015,8,5,17.84
westcoast_0306,crw_159,28.075000762939453,-115.4250030517578,2.5096072753335026,1992,91,91,1.0,True,2.440785714285716,107.79325000000004,17,9,17.84
westcoast_0306,crw_159,28.075000762939453,-115.4250030517578,2.5096072753335026,1993,90,90,1.0,True,1.8623571428571428,82.884,22,7,17.84
westcoast_0306,crw_159,28.075000762939453,-115.4250030517578,2.5096072753335026,1994,90,90,1.0,True,1.740357142857143,63.92400000000003,23,13,17.84
westcoast_0306,crw_159,28.075000762939453,-115.4250030517578,2.5096072753335026,1995,90,90,1.0,True,2.211642857142856,72.364,19,7,17.84
westcoast_0306,crw_159,28.075000762939453,-115.4250030517578,2.5096072753335026,1996,91,91,1.0,True,1.1741428571428578,43.53925000000002,6,3,17.84
westcoast_0306,crw_159,28.075000762939453,-115.4250030517578,2.5096072753335026,1997,90,90,1.0,True,0.10564285714285658,2.445000000000002,1,1,17.84
westcoast_0306,crw_159,28.075000762939453,-115.4250030517578,2.5096072753335026,1998,90,90,1.0,True,3.584642857142857,191.61499999999998,55,51,17.84
westcoast_0306,crw_159,28.075000762939453,-115.4250030517578,2.5096072753335026,1999,90,90,1.0,True,-1.0287857142857146,0.0,0,0,17.84
westcoast_0306,crw_159,28.075000762939453,-115.4250030517578,2.5096072753335026,2000,91,91,1.0,True,-0.41249999999999915,0.0,0,0,17.84
westcoast_0306,crw_159,28.075000762939453,-115.4250030517578,2.5096072753335026,2001,90,90,1.0,True,1.6799285714285708,27.039999999999996,11,4,17.84
westcoast_0306,crw_159,28.075000762939453,-115.4250030517578,2.5096072753335026,2002,90,90,1.0,True,0.6070714285714293,8.657500000000002,2,2,17.84
westcoast_0306,crw_159,28.075000762939453,-115.4250030517578,2.5096072753335026,2003,90,90,1.0,True,1.7141428571428565,50.61350000000002,5,3,17.84
westcoast_0306,crw_159,28.075000762939453,-115.4250030517578,2.5096072753335026,2004,91,91,1.0,True,-0.16935714285714226,0.0,0,0,17.84
westcoast_0306,crw_159,28.075000762939453,-115.4250030517578,2.5096072753335026,2005,90,90,1.0,True,1.0445000000000009,30.284000000000013,0,0,17.84
westcoast_0306,crw_159,28.075000762939453,-115.4250030517578,2.5096072753335026,2006,90,90,1.0,True,-0.6729285714285714,0.0,0,0,17.84
westcoast_0306,crw_159,28.075000762939453,-115.4250030517578,2.5096072753335026,2007,90,90,1.0,True,0.5785000000000008,12.088500000000012,3,2,17.84
westcoast_0306,crw_159,28.075000762939453,-115.4250030517578,2.5096072753335026,2008,91,91,1.0,True,-0.6310714285714282,0.0,0,0,17.84
westcoast_0306,crw_159,28.075000762939453,-115.4250030517578,2.5096072753335026,2009,90,90,1.0,True,1.3146428571428572,23.747000000000014,9,9,17.84
westcoast_0306,crw_159,28.075000762939453,-115.4250030517578,2.5096072753335026,2010,90,90,1.0,True,2.221142857142857,85.13900000000001,24,23,17.84
westcoast_0306,crw_159,28.075000762939453,-115.4250030517578,2.5096072753335026,2011,90,90,1.0,True,-1.119714285714285,0.0,0,0,17.84
westcoast_0306,crw_159,28.075000762939453,-115.4250030517578,2.5096072753335026,2012,91,91,1.0,True,0.14664285714285694,1.101499999999998,0,0,17.84
westcoast_0306,crw_159,28.075000762939453,-115.4250030517578,2.5096072753335026,2013,90,90,1.0,True,0.005928571428571823,1.2439999999999998,0,0,17.84
westcoast_0306,crw_159,28.075000762939453,-115.4250030517578,2.5096072753335026,2014,90,90,1.0,True,1.5915,85.19500000000001,2,1,17.84
westcoast_0306,crw_159,28.075000762939453,-115.4250030517578,2.5096072753335026,2015,90,90,1.0,True,3.3213571428571425,221.90499999999997,90,90,17.84
westcoast_0306,crw_159,28.075000762939453,-115.4250030517578,2.5096072753335026,2016,91,91,1.0,True,3.5930000000000004,197.52074999999996,71,36,17.84
westcoast_0306,crw_159,28.075000762939453,-115.4250030517578,2.5096072753335026,2017,90,90,1.0,True,0.8846428571428581,20.23450000000002,0,0,17.84
westcoast_0306,crw_159,28.075000762939453,-115.4250030517578,2.5096072753335026,2018,90,90,1.0,True,1.914714285714286,110.67100000000002,37,24,17.84
westcoast_0306,crw_159,28.075000762939453,-115.4250030517578,2.5096072753335026,2019,90,90,1.0,True,1.224071428571428,50.504500000000014,6,3,17.84
westcoast_0306,crw_159,28.075000762939453,-115.4250030517578,2.5096072753335026,2020,91,91,1.0,True,1.0897857142857141,57.000750000000025,2,1,17.84
westcoast_0306,crw_159,28.075000762939453,-115.4250030517578,2.5096072753335026,2021,90,90,1.0,True,0.8446428571428578,10.764499999999998,3,3,17.84
westcoast_0306,crw_159,28.075000762939453,-115.4250030517578,2.5096072753335026,2022,90,90,1.0,True,0.7142857142857147,26.980000000000004,0,0,17.84
westcoast_0306,crw_159,28.075000762939453,-115.4250030517578,2.5096072753335026,2023,90,90,1.0,True,0.5284999999999995,6.016999999999989,0,0,17.84
westcoast_0306,crw_159,28.075000762939453,-115.4250030517578,2.5096072753335026,2024,91,90,0.989010989010989,True,2.7156428571428566,90.58025,27,22,17.84
westcoast_0307,crw_160,28.075000762939453,-115.3249969482422,2.7972446638139377,1985,90,90,1.0,True,-0.11171428571428622,0.41550000000000153,0,0,17.830000000000002
westcoast_0307,crw_160,28.075000762939453,-115.3249969482422,2.7972446638139377,1986,90,90,1.0,True,0.696428571428572,20.52750000000001,3,3,17.830000000000002
westcoast_0307,crw_160,28.075000762939453,-115.3249969482422,2.7972446638139377,1987,90,90,1.0,True,0.7265714285714289,11.651000000000007,0,0,17.830000000000002
westcoast_0307,crw_160,28.075000762939453,-115.3249969482422,2.7972446638139377,1988,91,91,1.0,True,1.1354285714285717,23.586500000000015,1,1,17.830000000000002
westcoast_0307,crw_160,28.075000762939453,-115.3249969482422,2.7972446638139377,1989,90,90,1.0,True,-0.024428571428571594,0.32300000000000395,0,0,17.830000000000002
westcoast_0307,crw_160,28.075000762939453,-115.3249969482422,2.7972446638139377,1990,90,90,1.0,True,0.745000000000001,8.141000000000004,3,3,17.830000000000002
westcoast_0307,crw_160,28.075000762939453,-115.3249969482422,2.7972446638139377,1991,90,90,1.0,True,1.1722857142857142,50.576000000000015,7,5,17.830000000000002
westcoast_0307,crw_160,28.075000762939453,-115.3249969482422,2.7972446638139377,1992,91,91,1.0,True,2.2650714285714284,102.55475000000001,16,9,17.830000000000002
westcoast_0307,crw_160,28.075000762939453,-115.3249969482422,2.7972446638139377,1993,90,90,1.0,True,1.8427857142857127,82.519,26,8,17.830000000000002
westcoast_0307,crw_160,28.075000762939453,-115.3249969482422,2.7972446638139377,1994,90,90,1.0,True,1.6454285714285726,63.85700000000001,22,11,17.830000000000002
westcoast_0307,crw_160,28.075000762939453,-115.3249969482422,2.7972446638139377,1995,90,90,1.0,True,2.2019999999999995,74.55199999999999,19,7,17.830000000000002
westcoast_0307,crw_160,28.075000762939453,-115.3249969482422,2.7972446638139377,1996,91,91,1.0,True,1.3033571428571438,45.650250000000014,7,4,17.830000000000002
westcoast_0307,crw_160,28.075000762939453,-115.3249969482422,2.7972446638139377,1997,90,90,1.0,True,0.25785714285714334,3.678000000000006,1,1,17.830000000000002
westcoast_0307,crw_160,28.075000762939453,-115.3249969482422,2.7972446638139377,1998,90,90,1.0,True,3.4678571428571425,196.3965,58,51,17.830000000000002
westcoast_0307,crw_160,28.075000762939453,-115.3249969482422,2.7972446638139377,1999,90,90,1.0,True,-0.9957142857142863,0.0,0,0,17.830000000000002
westcoast_0307,crw_160,28.075000762939453,-115.3249969482422,2.7972446638139377,2000,91,91,1.0,True,-0.35557142857142815,0.0,0,0,17.830000000000002
westcoast_0307,crw_160,28.075000762939453,-115.3249969482422,2.7972446638139377,2001,90,90,1.0,True,1.6009999999999995,25.653000000000013,9,4,17.830000000000002
westcoast_0307,crw_160,28.075000762939453,-115.3249969482422,2.7972446638139377,2002,90,90,1.0,True,0.45785714285714313,6.754500000000007,1,1,17.830000000000002
westcoast_0307,crw_160,28.075000762939453,-115.3249969482422,2.7972446638139377,2003,90,90,1.0,True,1.664714285714286,52.275,5,3,17.830000000000002
westcoast_0307,crw_160,28.075000762939453,-115.3249969482422,2.7972446638139377,2004,91,91,1.0,True,-0.152571428571428,0.0,0,0,17.830000000000002
westcoast_0307,crw_160,28.075000762939453,-115.3249969482422,2.7972446638139377,2005,90,90,1.0,True,0.9556428571428575,27.22700000000003,0,0,17.830000000000002
westcoast_0307,crw_160,28.075000762939453,-115.3249969482422,2.7972446638139377,2006,90,90,1.0,True,-0.576428571428571,0.0,0,0,17.830000000000002
westcoast_0307,crw_160,28.075000762939453,-115.3249969482422,2.7972446638139377,2007,90,90,1.0,True,0.5878571428571426,10.642000000000019,1,1,17.830000000000002
westcoast_0307,crw_160,28.075000762939453,-115.3249969482422,2.7972446638139377,2008,91,91,1.0,True,-0.6927142857142857,0.0,0,0,17.830000000000002
westcoast_0307,crw_160,28.075000762939453,-115.3249969482422,2.7972446638139377,2009,90,90,1.0,True,1.5530000000000004,27.349499999999995,10,10,17.830000000000002
westcoast_0307,crw_160,28.075000762939453,-115.3249969482422,2.7972446638139377,2010,90,90,1.0,True,2.009,82.67400000000002,24,23,17.830000000000002
westcoast_0307,crw_160,28.075000762939453,-115.3249969482422,2.7972446638139377,2011,90,90,1.0,True,-1.1561428571428567,0.0,0,0,17.830000000000002
westcoast_0307,crw_160,28.075000762939453,-115.3249969482422,2.7972446638139377,2012,91,91,1.0,True,0.11328571428571468,0.8465000000000025,0,0,17.830000000000002
westcoast_0307,crw_160,28.075000762939453,-115.3249969482422,2.7972446638139377,2013,90,90,1.0,True,-0.01585714285714244,1.6964999999999968,0,0,17.830000000000002
westcoast_0307,crw_160,28.075000762939453,-115.3249969482422,2.7972446638139377,2014,90,90,1.0,True,1.504285714285715,85.74650000000004,2,1,17.830000000000002
westcoast_0307,crw_160,28.075000762939453,-115.3249969482422,2.7972446638139377,2015,90,90,1.0,True,3.4817142857142858,228.4765,90,90,17.830000000000002
westcoast_0307,crw_160,28.075000762939453,-115.3249969482422,2.7972446638139377,2016,91,91,1.0,True,3.5304285714285717,201.03875,75,36,17.830000000000002
westcoast_0307,crw_160,28.075000762939453,-115.3249969482422,2.7972446638139377,2017,90,90,1.0,True,0.9514285714285717,21.422500000000014,0,0,17.830000000000002
westcoast_0307,crw_160,28.075000762939453,-115.3249969482422,2.7972446638139377,2018,90,90,1.0,True,1.9105714285714284,109.32800000000002,37,24,17.830000000000002
westcoast_0307,crw_160,28.075000762939453,-115.3249969482422,2.7972446638139377,2019,90,90,1.0,True,1.1357142857142857,49.712000000000046,6,2,17.830000000000002
westcoast_0307,crw_160,28.075000762939453,-115.3249969482422,2.7972446638139377,2020,91,91,1.0,True,1.0622142857142864,58.44875000000002,1,1,17.830000000000002
westcoast_0307,crw_160,28.075000762939453,-115.3249969482422,2.7972446638139377,2021,90,90,1.0,True,0.7968571428571443,10.63100000000001,1,1,17.830000000000002
westcoast_0307,crw_160,28.075000762939453,-115.3249969482422,2.7972446638139377,2022,90,90,1.0,True,0.7087142857142855,25.16100000000002,1,1,17.830000000000002
westcoast_0307,crw_160,28.075000762939453,-115.3249969482422,2.7972446638139377,2023,90,90,1.0,True,0.5235714285714295,6.631000000000007,0,0,17.830000000000002
westcoast_0307,crw_160,28.075000762939453,-115.3249969482422,2.7972446638139377,2024,91,90,0.989010989010989,True,2.6835714285714287,95.16375000000002,26,22,17.830000000000002
westcoast_0320,crw_161,27.625,-114.875,2.7109702298797043,1985,90,90,1.0,True,-0.2718571428571427,0.13100000000000023,0,0,18.36
westcoast_0320,crw_161,27.625,-114.875,2.7109702298797043,1986,90,90,1.0,True,0.9776428571428569,23.774500000000003,1,1,18.36
westcoast_0320,crw_161,27.625,-114.875,2.7109702298797043,1987,90,90,1.0,True,1.014000000000001,13.038000000000002,0,0,18.36
westcoast_0320,crw_161,27.625,-114.875,2.7109702298797043,1988,91,91,1.0,True,0.9827857142857138,15.99749999999998,0,0,18.36
westcoast_0320,crw_161,27.625,-114.875,2.7109702298797043,1989,90,90,1.0,True,-0.12385714285714323,0.41050000000000075,0,0,18.36
westcoast_0320,crw_161,27.625,-114.875,2.7109702298797043,1990,90,90,1.0,True,0.8205714285714281,10.843999999999994,3,3,18.36
westcoast_0320,crw_161,27.625,-114.875,2.7109702298797043,1991,90,90,1.0,True,1.3382857142857152,56.94749999999999,6,4,18.36
westcoast_0320,crw_161,27.625,-114.875,2.7109702298797043,1992,91,91,1.0,True,3.127000000000001,149.57499999999996,31,13,18.36
westcoast_0320,crw_161,27.625,-114.875,2.7109702298797043,1993,90,90,1.0,True,2.1269285714285706,94.999,24,9,18.36
westcoast_0320,crw_161,27.625,-114.875,2.7109702298797043,1994,90,90,1.0,True,2.3462142857142845,80.91799999999998,25,13,18.36
westcoast_0320,crw_161,27.625,-114.875,2.7109702298797043,1995,90,90,1.0,True,2.4724999999999993,83.25999999999999,13,4,18.36
westcoast_0320,crw_161,27.625,-114.875,2.7109702298797043,1996,91,91,1.0,True,0.5737142857142865,18.3855,1,1,18.36
westcoast_0320,crw_161,27.625,-114.875,2.7109702298797043,1997,90,90,1.0,True,0.7791428571428572,9.032500000000004,2,2,18.36
westcoast_0320,crw_161,27.625,-114.875,2.7109702298797043,1998,90,90,1.0,True,3.4697857142857136,221.0045,49,49,18.36
westcoast_0320,crw_161,27.625,-114.875,2.7109702298797043,1999,90,90,1.0,True,-1.175214285714286,0.0,0,0,18.36
westcoast_0320,crw_161,27.625,-114.875,2.7109702298797043,2000,91,91,1.0,True,-0.573714285714286,0.0,0,0,18.36
westcoast_0320,crw_161,27.625,-114.875,2.7109702298797043,2001,90,90,1.0,True,0.996499999999999,16.718999999999987,3,2,18.36
westcoast_0320,crw_161,27.625,-114.875,2.7109702298797043,2002,90,90,1.0,True,0.8352857142857134,22.557499999999997,2,2,18.36
westcoast_0320,crw_161,27.625,-114.875,2.7109702298797043,2003,90,90,1.0,True,1.9275000000000009,75.23549999999999,15,4,18.36
westcoast_0320,crw_161,27.625,-114.875,2.7109702298797043,2004,91,91,1.0,True,-0.18592857142857103,0.2619999999999969,0,0,18.36
westcoast_0320,crw_161,27.625,-114.875,2.7109702298797043,2005,90,90,1.0,True,1.3755000000000004,33.696,2,2,18.36
westcoast_0320,crw_161,27.625,-114.875,2.7109702298797043,2006,90,90,1.0,True,-0.6851428571428558,0.0,0,0,18.36
westcoast_0320,crw_161,27.625,-114.875,2.7109702298797043,2007,90,90,1.0,True,1.1791428571428568,23.892499999999977,6,5,18.36
westcoast_0320,crw_161,27.625,-114.875,2.7109702298797043,2008,91,91,1.0,True,-0.7987857142857148,0.0,0,0,18.36
westcoast_0320,crw_161,27.625,-114.875,2.7109702298797043,2009,90,90,1.0,True,1.4769285714285718,25.592999999999993,8,8,18.36
westcoast_0320,crw_161,27.625,-114.875,2.7109702298797043,2010,90,90,1.0,True,1.6748571428571424,81.39649999999999,25,25,18.36
westcoast_0320,crw_161,27.625,-114.875,2.7109702298797043,2011,90,90,1.0,True,-0.9813571428571441,0.0,0,0,18.36
westcoast_0320,crw_161,27.625,-114.875,2.7109702298797043,2012,91,91,1.0,True,0.1038571428571424,0.9964999999999975,0,0,18.36
westcoast_0320,crw_161,27.625,-114.875,2.7109702298797043,2013,90,90,1.0,True,0.21292857142857052,3.626499999999993,0,0,18.36
westcoast_0320,crw_161,27.625,-114.875,2.7109702298797043,2014,90,90,1.0,True,1.3445714285714285,66.89999999999999,2,2,18.36
westcoast_0320,crw_161,27.625,-114.875,2.7109702298797043,2015,90,90,1.0,True,3.471214285714287,230.44449999999995,75,57,18.36
westcoast_0320,crw_161,27.625,-114.875,2.7109702298797043,2016,91,91,1.0,True,4.210857142857144,253.45899999999992,70,70,18.36
westcoast_0320,crw_161,27.625,-114.875,2.7109702298797043,2017,90,90,1.0,True,1.2937142857142845,30.042999999999985,0,0,18.36
westcoast_0320,crw_161,27.625,-114.875,2.7109702298797043,2018,90,90,1.0,True,2.177714285714285,106.31549999999999,33,21,18.36
westcoast_0320,crw_161,27.625,-114.875,2.7109702298797043,2019,90,90,1.0,True,1.7458571428571423,65.43299999999998,24,15,18.36
westcoast_0320,crw_161,27.625,-114.875,2.7109702298797043,2020,91,91,1.0,True,1.2392142857142852,47.62249999999999,6,5,18.36
westcoast_0320,crw_161,27.625,-114.875,2.7109702298797043,2021,90,90,1.0,True,1.134214285714285,16.40949999999999,2,2,18.36
westcoast_0320,crw_161,27.625,-114.875,2.7109702298797043,2022,90,90,1.0,True,1.2404999999999993,43.0305,8,8,18.36
westcoast_0320,crw_161,27.625,-114.875,2.7109702298797043,2023,90,90,1.0,True,0.8105714285714285,11.768000000000002,4,2,18.36
westcoast_0320,crw_161,27.625,-114.875,2.7109702298797043,2024,91,90,0.989010989010989,True,2.7848571428571427,82.81249999999999,19,11,18.36
westcoast_0321,crw_162,27.575000762939453,-114.7750015258789,1.9701781503428597,1985,90,90,1.0,True,-0.2994285714285712,0.1509999999999998,0,0,18.51
westcoast_0321,crw_162,27.575000762939453,-114.7750015258789,1.9701781503428597,1986,90,90,1.0,True,1.0133571428571428,22.659000000000006,1,1,18.51
westcoast_0321,crw_162,27.575000762939453,-114.7750015258789,1.9701781503428597,1987,90,90,1.0,True,1.0067857142857157,14.541500000000019,0,0,18.51
westcoast_0321,crw_162,27.575000762939453,-114.7750015258789,1.9701781503428597,1988,91,91,1.0,True,0.9117142857142861,14.880500000000003,0,0,18.51
westcoast_0321,crw_162,27.575000762939453,-114.7750015258789,1.9701781503428597,1989,90,90,1.0,True,0.01049999999999989,0.6834999999999987,0,0,18.51
westcoast_0321,crw_162,27.575000762939453,-114.7750015258789,1.9701781503428597,1990,90,90,1.0,True,0.9593571428571431,12.751,3,3,18.51
westcoast_0321,crw_162,27.575000762939453,-114.7750015258789,1.9701781503428597,1991,90,90,1.0,True,1.4583571428571436,60.502500000000026,6,4,18.51
westcoast_0321,crw_162,27.575000762939453,-114.7750015258789,1.9701781503428597,1992,91,91,1.0,True,3.176571428571428,159.0725,30,14,18.51
westcoast_0321,crw_162,27.575000762939453,-114.7750015258789,1.9701781503428597,1993,90,90,1.0,True,2.2175000000000002,97.67650000000002,25,9,18.51
westcoast_0321,crw_162,27.575000762939453,-114.7750015258789,1.9701781503428597,1994,90,90,1.0,True,2.4204999999999997,83.43650000000001,26,14,18.51
westcoast_0321,crw_162,27.575000762939453,-114.7750015258789,1.9701781503428597,1995,90,90,1.0,True,2.512214285714286,79.98349999999999,7,3,18.51
westcoast_0321,crw_162,27.575000762939453,-114.7750015258789,1.9701781503428597,1996,91,91,1.0,True,0.5730714285714283,15.36450000000002,0,0,18.51
westcoast_0321,crw_162,27.575000762939453,-114.7750015258789,1.9701781503428597,1997,90,90,1.0,True,0.8464999999999999,10.588000000000013,4,4,18.51
westcoast_0321,crw_162,27.575000762939453,-114.7750015258789,1.9701781503428597,1998,90,90,1.0,True,3.443857142857143,220.8045,49,49,18.51
westcoast_0321,crw_162,27.575000762939453,-114.7750015258789,1.9701781503428597,1999,90,90,1.0,True,-1.1166428571428568,0.0,0,0,18.51
westcoast_0321,crw_162,27.575000762939453,-114.7750015258789,1.9701781503428597,2000,91,91,1.0,True,-0.5760714285714285,0.0,0,0,18.51
westcoast_0321,crw_162,27.575000762939453,-114.7750015258789,1.9701781503428597,2001,90,90,1.0,True,0.9222857142857147,16.90150000000002,2,2,18.51
westcoast_0321,crw_162,27.575000762939453,-114.7750015258789,1.9701781503428597,2002,90,90,1.0,True,0.7589285714285714,24.019000000000013,1,1,18.51
westcoast_0321,crw_162,27.575000762939453,-114.7750015258789,1.9701781503428597,2003,90,90,1.0,True,2.1255714285714293,83.6785,26,5,18.51
westcoast_0321,crw_162,27.575000762939453,-114.7750015258789,1.9701781503428597,2004,91,91,1.0,True,0.06750000000000053,1.4045000000000059,0,0,18.51
westcoast_0321,crw_162,27.575000762939453,-114.7750015258789,1.9701781503428597,2005,90,90,1.0,True,1.540357142857142,40.30400000000003,3,3,18.51
westcoast_0321,crw_162,27.575000762939453,-114.7750015258789,1.9701781503428597,2006,90,90,1.0,True,-0.6401428571428569,0.0,0,0,18.51
westcoast_0321,crw_162,27.575000762939453,-114.7750015258789,1.9701781503428597,2007,90,90,1.0,True,1.462214285714286,37.06600000000002,9,5,18.51
westcoast_0321,crw_162,27.575000762939453,-114.7750015258789,1.9701781503428597,2008,91,91,1.0,True,-0.6704285714285712,0.0,0,0,18.51
westcoast_0321,crw_162,27.575000762939453,-114.7750015258789,1.9701781503428597,2009,90,90,1.0,True,1.5109999999999992,31.400499999999994,8,8,18.51
westcoast_0321,crw_162,27.575000762939453,-114.7750015258789,1.9701781503428597,2010,90,90,1.0,True,1.8472857142857144,84.37950000000002,25,25,18.51
westcoast_0321,crw_162,27.575000762939453,-114.7750015258789,1.9701781503428597,2011,90,90,1.0,True,-1.0955714285714286,0.0,0,0,18.51
westcoast_0321,crw_162,27.575000762939453,-114.7750015258789,1.9701781503428597,2012,91,91,1.0,True,0.23892857142857185,2.233500000000003,0,0,18.51
westcoast_0321,crw_162,27.575000762939453,-114.7750015258789,1.9701781503428597,2013,90,90,1.0,True,0.379642857142858,3.740500000000001,0,0,18.51
westcoast_0321,crw_162,27.575000762939453,-114.7750015258789,1.9701781503428597,2014,90,90,1.0,True,1.5553571428571433,65.28000000000002,10,7,18.51
westcoast_0321,crw_162,27.575000762939453,-114.7750015258789,1.9701781503428597,2015,90,90,1.0,True,3.6339285714285703,235.07449999999997,66,57,18.51
westcoast_0321,crw_162,27.575000762939453,-114.7750015258789,1.9701781503428597,2016,91,91,1.0,True,4.482357142857144,272.94100000000003,70,70,18.51
westcoast_0321,crw_162,27.575000762939453,-114.7750015258789,1.9701781503428597,2017,90,90,1.0,True,1.5739285714285711,32.87950000000001,0,0,18.51
westcoast_0321,crw_162,27.575000762939453,-114.7750015258789,1.9701781503428597,2018,90,90,1.0,True,2.3200714285714277,107.99550000000002,34,21,18.51
westcoast_0321,crw_162,27.575000762939453,-114.7750015258789,1.9701781503428597,2019,90,90,1.0,True,1.801428571428571,69.2305,27,15,18.51
westcoast_0321,crw_162,27.575000762939453,-114.7750015258789,1.9701781503428597,2020,91,91,1.0,True,1.211357142857143,42.65550000000002,5,4,18.51
westcoast_0321,crw_162,27.575000762939453,-114.7750015258789,1.9701781503428597,2021,90,90,1.0,True,1.1802142857142859,18.16250000000001,2,2,18.51
westcoast_0321,crw_162,27.575000762939453,-114.7750015258789,1.9701781503428597,2022,90,90,1.0,True,1.3478571428571422,51.80800000000001,6,5,18.51
westcoast_0321,crw_162,27.575000762939453,-114.7750015258789,1.9701781503428597,2023,90,90,1.0,True,0.8765000000000001,13.532999999999998,5,3,18.51
westcoast_0321,crw_162,27.575000762939453,-114.7750015258789,1.9701781503428597,2024,91,90,0.989010989010989,True,2.860785714285714,79.95150000000001,20,11,18.51
westcoast_0326,crw_163,27.225000381469727,-114.4749984741211,2.051641750538197,1985,90,90,1.0,True,-0.26728571428571385,0.36850000000000094,0,0,18.796000000000003
westcoast_0326,crw_163,27.225000381469727,-114.4749984741211,2.051641750538197,1986,90,90,1.0,True,1.2470000000000003,22.750500000000017,4,4,18.796000000000003
westcoast_0326,crw_163,27.225000381469727,-114.4749984741211,2.051641750538197,1987,90,90,1.0,True,1.2645000000000006,20.913500000000006,0,0,18.796000000000003
westcoast_0326,crw_163,27.225000381469727,-114.4749984741211,2.051641750538197,1988,91,91,1.0,True,0.7778571428571439,14.35825000000002,0,0,18.796000000000003
westcoast_0326,crw_163,27.225000381469727,-114.4749984741211,2.051641750538197,1989,90,90,1.0,True,0.24271428571428594,1.7635000000000005,0,0,18.796000000000003
westcoast_0326,crw_163,27.225000381469727,-114.4749984741211,2.051641750538197,1990,90,90,1.0,True,1.1333571428571432,20.56600000000001,4,3,18.796000000000003
westcoast_0326,crw_163,27.225000381469727,-114.4749984741211,2.051641750538197,1991,90,90,1.0,True,1.4245714285714288,60.030499999999996,8,4,18.796000000000003
westcoast_0326,crw_163,27.225000381469727,-114.4749984741211,2.051641750538197,1992,91,91,1.0,True,3.3028214285714292,178.18124999999998,41,15,18.796000000000003
westcoast_0326,crw_163,27.225000381469727,-114.4749984741211,2.051641750538197,1993,90,90,1.0,True,2.1440000000000006,111.188,28,14,18.796000000000003
westcoast_0326,crw_163,27.225000381469727,-114.4749984741211,2.051641750538197,1994,90,90,1.0,True,2.0200714285714283,75.87,22,11,18.796000000000003
westcoast_0326,crw_163,27.225000381469727,-114.4749984741211,2.051641750538197,1995,90,90,1.0,True,2.445857142857143,75.34750000000003,9,3,18.796000000000003
westcoast_0326,crw_163,27.225000381469727,-114.4749984741211,2.051641750538197,1996,91,91,1.0,True,1.0627857142857156,25.44850000000001,1,1,18.796000000000003
westcoast_0326,crw_163,27.225000381469727,-114.4749984741211,2.051641750538197,1997,90,90,1.0,True,1.0862142857142858,11.171499999999998,6,6,18.796000000000003
westcoast_0326,crw_163,27.225000381469727,-114.4749984741211,2.051641750538197,1998,90,90,1.0,True,3.287285714285713,206.19699999999997,48,48,18.796000000000003
westcoast_0326,crw_163,27.225000381469727,-114.4749984741211,2.051641750538197,1999,90,90,1.0,True,-1.105071428571429,0.0,0,0,18.796000000000003
westcoast_0326,crw_163,27.225000381469727,-114.4749984741211,2.051641750538197,2000,91,91,1.0,True,-0.49178571428571366,0.0,0,0,18.796000000000003
westcoast_0326,crw_163,27.225000381469727,-114.4749984741211,2.051641750538197,2001,90,90,1.0,True,0.5165000000000001,11.657000000000004,0,0,18.796000000000003
westcoast_0326,crw_163,27.225000381469727,-114.4749984741211,2.051641750538197,2002,90,90,1.0,True,1.219642857142858,35.42999999999999,2,2,18.796000000000003
westcoast_0326,crw_163,27.225000381469727,-114.4749984741211,2.051641750538197,2003,90,90,1.0,True,1.9626428571428565,70.83849999999998,8,3,18.796000000000003
westcoast_0326,crw_163,27.225000381469727,-114.4749984741211,2.051641750538197,2004,91,91,1.0,True,-0.07371428571428496,0.3625000000000025,0,0,18.796000000000003
westcoast_0326,crw_163,27.225000381469727,-114.4749984741211,2.051641750538197,2005,90,90,1.0,True,0.976142857142858,21.92650000000002,2,2,18.796000000000003
westcoast_0326,crw_163,27.225000381469727,-114.4749984741211,2.051641750538197,2006,90,90,1.0,True,-0.6445,0.0,0,0,18.796000000000003
westcoast_0326,crw_163,27.225000381469727,-114.4749984741211,2.051641750538197,2007,90,90,1.0,True,1.3619285714285714,37.695499999999996,14,14,18.796000000000003
westcoast_0326,crw_163,27.225000381469727,-114.4749984741211,2.051641750538197,2008,91,91,1.0,True,-0.7017857142857142,0.3085000000000022,0,0,18.796000000000003
westcoast_0326,crw_163,27.225000381469727,-114.4749984741211,2.051641750538197,2009,90,90,1.0,True,1.9240714285714289,52.1785,11,10,18.796000000000003
westcoast_0326,crw_163,27.225000381469727,-114.4749984741211,2.051641750538197,2010,90,90,1.0,True,1.9080714285714282,82.1605,23,23,18.796000000000003
westcoast_0326,crw_163,27.225000381469727,-114.4749984741211,2.051641750538197,2011,90,90,1.0,True,-0.7314285714285713,0.0,0,0,18.796000000000003
westcoast_0326,crw_163,27.225000381469727,-114.4749984741211,2.051641750538197,2012,91,91,1.0,True,0.08292857142857153,0.8710000000000022,0,0,18.796000000000003
westcoast_0326,crw_163,27.225000381469727,-114.4749984741211,2.051641750538197,2013,90,90,1.0,True,0.06628571428571409,1.9235000000000024,0,0,18.796000000000003
westcoast_0326,crw_163,27.225000381469727,-114.4749984741211,2.051641750538197,2014,90,90,1.0,True,1.7361428571428565,69.92600000000003,21,10,18.796000000000003
westcoast_0326,crw_163,27.225000381469727,-114.4749984741211,2.051641750538197,2015,90,90,1.0,True,3.7237142857142866,233.93699999999998,72,57,18.796000000000003
westcoast_0326,crw_163,27.225000381469727,-114.4749984741211,2.051641750538197,2016,91,91,1.0,True,4.138857142857143,270.35124999999994,71,71,18.796000000000003
westcoast_0326,crw_163,27.225000381469727,-114.4749984741211,2.051641750538197,2017,90,90,1.0,True,2.0257142857142867,53.75000000000003,0,0,18.796000000000003
westcoast_0326,crw_163,27.225000381469727,-114.4749984741211,2.051641750538197,2018,90,90,1.0,True,2.3483571428571417,109.23749999999998,42,21,18.796000000000003
westcoast_0326,crw_163,27.225000381469727,-114.4749984741211,2.051641750538197,2019,90,90,1.0,True,1.6189999999999998,61.69349999999999,23,18,18.796000000000003
westcoast_0326,crw_163,27.225000381469727,-114.4749984741211,2.051641750538197,2020,91,91,1.0,True,1.203857142857143,44.291750000000015,2,1,18.796000000000003
westcoast_0326,crw_163,27.225000381469727,-114.4749984741211,2.051641750538197,2021,90,90,1.0,True,1.0151428571428565,17.063499999999994,0,0,18.796000000000003
westcoast_0326,crw_163,27.225000381469727,-114.4749984741211,2.051641750538197,2022,90,90,1.0,True,1.5148571428571427,54.18399999999999,8,7,18.796000000000003
westcoast_0326,crw_163,27.225000381469727,-114.4749984741211,2.051641750538197,2023,90,90,1.0,True,0.6272142857142852,12.997499999999999,0,0,18.796000000000003
westcoast_0326,crw_163,27.225000381469727,-114.4749984741211,2.051641750538197,2024,91,90,0.989010989010989,True,2.8347857142857142,79.55475,27,12,18.796000000000003
